{
"type": "FeatureCollection",
"name": "communes",
"crs": { "type": "name", "properties": { "name": "urn:ogc:def:crs:OGC:1.3:CRS84" } },
"features": [
{ "type": "Feature", "properties": { "ID": "COMMUNE_0000000009727062", "NOM_COM": "Éperlecques", "NOM_COM_M": "EPERLECQUES", "INSEE_COM": "62297", "STATUT": "Commune simple", "INSEE_CAN": "37", "INSEE_ARR": "5", "INSEE_DEP": "62", "INSEE_REG": "32", "CODE_EPCI": "200069037", "POPULATION": 3640, "TYPE": "COM" }, "geometry": { "type": "MultiPolygon", "coordinates": [ [ [ [ 2.147319322824182, 50.840492025660957 ], [ 2.147136391845893, 50.837268760468682 ], [ 2.146641102294908, 50.83564271113837 ], [ 2.143775788746969, 50.834910605270856 ], [ 2.139960609363498, 50.833797388347392 ], [ 2.136209137518505, 50.832971143684937 ], [ 2.13252182988954, 50.83230888373766 ], [ 2.129482174895553, 50.83160664347502 ], [ 2.127028124578993, 50.830249387706459 ], [ 2.126293452794264, 50.829347061880036 ], [ 2.125282329577221, 50.829584406924596 ], [ 2.127754967118388, 50.838730843105175 ], [ 2.134203234112368, 50.838577499112361 ], [ 2.134618368053502, 50.83743285696778 ], [ 2.135881330105219, 50.83756722414337 ], [ 2.136113570830388, 50.8376567593373 ], [ 2.136662188726587, 50.838215030852659 ], [ 2.137063204803766, 50.838377508806197 ], [ 2.137582702977746, 50.839146416499808 ], [ 2.13789069736003, 50.839938083401528 ], [ 2.137777042654787, 50.840366159469369 ], [ 2.138541214990015, 50.840999480580273 ], [ 2.139357080656628, 50.84184130299036 ], [ 2.13939209245699, 50.842359227650604 ], [ 2.140236751889787, 50.843588829542384 ], [ 2.142874129433949, 50.843245414050095 ], [ 2.146694186995256, 50.842517068957825 ], [ 2.147898754170563, 50.842316518408694 ], [ 2.147319322824182, 50.840492025660957 ] ] ] ] } },
{ "type": "Feature", "properties": { "ID": "COMMUNE_0000000009727212", "NOM_COM": "Haut-Loquin", "NOM_COM_M": "HAUT LOQUIN", "INSEE_COM": "62419", "STATUT": "Commune simple", "INSEE_CAN": "33", "INSEE_ARR": "5", "INSEE_DEP": "62", "INSEE_REG": "32", "CODE_EPCI": "246201016", "POPULATION": 185, "TYPE": "COM" }, "geometry": { "type": "MultiPolygon", "coordinates": [ [ [ [ 1.972037408470618, 50.754205525586876 ], [ 1.97299515415392, 50.75468453549037 ], [ 1.973066768963994, 50.754158387404978 ], [ 1.972988025378355, 50.753583439211809 ], [ 1.97249597129607, 50.753159422070297 ], [ 1.972416487706131, 50.752896741840708 ], [ 1.972189360093392, 50.752797953451335 ], [ 1.971982459964886, 50.752265017470862 ], [ 1.97313117243266, 50.752051958744602 ], [ 1.972823740320146, 50.751592673744994 ], [ 1.973313682582753, 50.751498008318634 ], [ 1.974068802382468, 50.751646912733563 ], [ 1.974349891566948, 50.75159718342956 ], [ 1.974831586673048, 50.751974447049093 ], [ 1.97647458942178, 50.75166043864732 ], [ 1.976390996279345, 50.751528738965249 ], [ 1.977316550968956, 50.751297653964002 ], [ 1.978175241430513, 50.75157032052222 ], [ 1.979282923042616, 50.751425066411791 ], [ 1.979569527986935, 50.751312556520404 ], [ 1.981379145499026, 50.752123323229611 ], [ 1.984392861575845, 50.751037040692005 ], [ 1.984424743581434, 50.75092961960808 ], [ 1.984971649034611, 50.75074474149897 ], [ 1.984426758878024, 50.749783727129476 ], [ 1.983639983525608, 50.74847615247382 ], [ 1.983207215628893, 50.748613501017431 ], [ 1.979220351806459, 50.745541541033688 ], [ 1.979335202395121, 50.745319042416099 ], [ 1.979302476099376, 50.745120459159722 ], [ 1.9788397087903, 50.744510052176103 ], [ 1.97898396736587, 50.744371248728122 ], [ 1.980041947173749, 50.743950092235366 ], [ 1.979287133551122, 50.74288861422481 ], [ 1.978644827652453, 50.742275834118971 ], [ 1.97892109373506, 50.742112987759086 ], [ 1.978702678304172, 50.741449843251765 ], [ 1.978524117072449, 50.741259932502096 ], [ 1.977097798081633, 50.740675701207472 ], [ 1.975607700163021, 50.739131649482886 ], [ 1.976663551108428, 50.738949199627179 ], [ 1.977646179987387, 50.738404502553131 ], [ 1.974188593120865, 50.734677107805773 ], [ 1.97376318843713, 50.734873712543923 ], [ 1.969528528262269, 50.731762527969508 ], [ 1.969811484027481, 50.731616804962719 ], [ 1.967871932512018, 50.729814058309628 ], [ 1.966604780455158, 50.72838927436127 ], [ 1.965152421802944, 50.727310218871075 ], [ 1.965451772332227, 50.727191562651399 ], [ 1.964008543802386, 50.725058144515359 ], [ 1.963682958102853, 50.725146965405642 ], [ 1.963119730352237, 50.724695375549302 ], [ 1.963113703501046, 50.723756662629697 ], [ 1.96552556994893, 50.72272590759318 ], [ 1.966302518033548, 50.723096704840572 ], [ 1.966417196772567, 50.722951384186288 ], [ 1.965272233098399, 50.722328950998964 ], [ 1.963527828269109, 50.721778688028451 ], [ 1.9629676932971, 50.722409368477905 ], [ 1.961770585150374, 50.722054785857544 ], [ 1.960379059025439, 50.721532549951306 ], [ 1.960366062114324, 50.721341297836872 ], [ 1.960677664053943, 50.72103968757218 ], [ 1.956894825208793, 50.721716059812273 ], [ 1.955361340224437, 50.721767802070211 ], [ 1.952550015786406, 50.722016965070104 ], [ 1.947783542254514, 50.722670415480088 ], [ 1.947587602970294, 50.722778239074607 ], [ 1.947439908894757, 50.723012104813527 ], [ 1.94695902856095, 50.724301168259231 ], [ 1.944869558181592, 50.725172770593716 ], [ 1.945483770949797, 50.726351756816292 ], [ 1.945511824873414, 50.726631080634149 ], [ 1.946330220826332, 50.727245542946001 ], [ 1.946356453746605, 50.727409985935246 ], [ 1.946735795788759, 50.727792790511565 ], [ 1.946975838644344, 50.728211207179818 ], [ 1.94714439369698, 50.729273336252589 ], [ 1.946838877215802, 50.729817253601198 ], [ 1.946592420663699, 50.730779847580621 ], [ 1.947165161224391, 50.731851675816102 ], [ 1.947568412863425, 50.733184996270829 ], [ 1.947549508412405, 50.733479174724621 ], [ 1.947083971436473, 50.733898795656593 ], [ 1.946976015386848, 50.734258625593519 ], [ 1.946500907523055, 50.734796615963752 ], [ 1.946293300905839, 50.735187906401094 ], [ 1.946222564212572, 50.735660221535881 ], [ 1.94575456069343, 50.736195576160135 ], [ 1.9458750317802, 50.736384147066438 ], [ 1.946469359775168, 50.736767870561089 ], [ 1.946685068514982, 50.737202228357198 ], [ 1.946966762730561, 50.737323065284947 ], [ 1.947496585415915, 50.738422335837271 ], [ 1.948367835747871, 50.739156568609801 ], [ 1.94852759834278, 50.739562630274229 ], [ 1.94970458343318, 50.740825289951836 ], [ 1.951548017977604, 50.741736402964925 ], [ 1.95455597336276, 50.743909988281828 ], [ 1.95540490215623, 50.744706791452494 ], [ 1.957895393431299, 50.746275609341858 ], [ 1.95987384873086, 50.747444361867494 ], [ 1.96236254092282, 50.748635282238212 ], [ 1.963226237166398, 50.74927511169895 ], [ 1.964324835298449, 50.749774210956311 ], [ 1.967120661748724, 50.751309474331968 ], [ 1.96752080883949, 50.751660067102399 ], [ 1.967769264896055, 50.752027347302509 ], [ 1.967759133132983, 50.752381714329545 ], [ 1.967489982702364, 50.752743803519024 ], [ 1.967849822180313, 50.753678230152637 ], [ 1.96863262317748, 50.754269785968049 ], [ 1.968561874038349, 50.753927312509347 ], [ 1.970647114209831, 50.753092997045741 ], [ 1.971528136592868, 50.75393121885687 ], [ 1.972037408470618, 50.754205525586876 ] ] ] ] } },
{ "type": "Feature", "properties": { "ID": "COMMUNE_0000000009727140", "NOM_COM": "Sanghen", "NOM_COM_M": "SANGHEN", "INSEE_COM": "62775", "STATUT": "Commune simple", "INSEE_CAN": "19", "INSEE_ARR": "6", "INSEE_DEP": "62", "INSEE_REG": "32", "CODE_EPCI": "200072478", "POPULATION": 329, "TYPE": "COM" }, "geometry": { "type": "MultiPolygon", "coordinates": [ [ [ [ 1.867031373886517, 50.751265070150062 ], [ 1.863679888565029, 50.753407026113855 ], [ 1.862452386294203, 50.753952176014124 ], [ 1.861331346722897, 50.754915558906788 ], [ 1.861062346409764, 50.754800928077003 ], [ 1.860872174293333, 50.754827903239374 ], [ 1.860962424845023, 50.755027045156204 ], [ 1.85753382383303, 50.759348691309285 ], [ 1.858319857665507, 50.759932002490999 ], [ 1.858943551255877, 50.760189876600947 ], [ 1.859256468158006, 50.760054552494708 ], [ 1.85945390608542, 50.760144301980453 ], [ 1.86037407192083, 50.759932878426113 ], [ 1.860909936916241, 50.760009571075265 ], [ 1.863280909068945, 50.761201387601055 ], [ 1.863714324939921, 50.761741061262171 ], [ 1.864237078301472, 50.762085028980351 ], [ 1.864802880402559, 50.762714742968427 ], [ 1.86542340181416, 50.763178046120849 ], [ 1.865894223256166, 50.763879573114281 ], [ 1.867393929962895, 50.764882995848467 ], [ 1.868330976659565, 50.765304294566143 ], [ 1.86885553781394, 50.765633899371103 ], [ 1.869886828985798, 50.766457153100845 ], [ 1.870454982030565, 50.767489762691 ], [ 1.870924625380962, 50.767997429390405 ], [ 1.871533987188578, 50.768898496496533 ], [ 1.871846294672119, 50.769607530213591 ], [ 1.872093995797125, 50.769415949815034 ], [ 1.873344189993413, 50.769823891071553 ], [ 1.877919033786546, 50.771969449017881 ], [ 1.877371401057993, 50.772537010063267 ], [ 1.878933572028118, 50.772984495014946 ], [ 1.879515668429612, 50.772520430739448 ], [ 1.88346624174626, 50.773744878570668 ], [ 1.885119460072189, 50.774111443835686 ], [ 1.887041326746179, 50.77474420209456 ], [ 1.888216089271705, 50.775310140820039 ], [ 1.889155057432347, 50.775597588605351 ], [ 1.890318541364772, 50.776099695772331 ], [ 1.892118779644635, 50.776671167975039 ], [ 1.892360330195497, 50.776819580300184 ], [ 1.894247390253688, 50.777242837504787 ], [ 1.895815954685746, 50.777927054217557 ], [ 1.89626657392138, 50.778029754120894 ], [ 1.895964958485707, 50.778871458360435 ], [ 1.894315991029265, 50.781185368574782 ], [ 1.895244486034042, 50.781504976965593 ], [ 1.895253801231899, 50.782237268736473 ], [ 1.897314575974103, 50.782366798440357 ], [ 1.897855783289375, 50.783564118248286 ], [ 1.896511062492064, 50.783695781279455 ], [ 1.896516346813134, 50.784290745965755 ], [ 1.896818850419729, 50.784951154768812 ], [ 1.897370364617765, 50.784910275616113 ], [ 1.897565894156188, 50.785094160480732 ], [ 1.897986723554844, 50.786488714076803 ], [ 1.895935556204091, 50.786557588218088 ], [ 1.895892639425985, 50.787925601987176 ], [ 1.895398196503389, 50.787944548171708 ], [ 1.895399369526198, 50.788725215009705 ], [ 1.895331227247369, 50.788798189774226 ], [ 1.894479301140577, 50.788787042347316 ], [ 1.894488810881299, 50.789253725584516 ], [ 1.894873564589975, 50.789330718750975 ], [ 1.894352091054509, 50.790700761020176 ], [ 1.895481032064491, 50.790669500420321 ], [ 1.895652267304313, 50.792340000093027 ], [ 1.900684125263529, 50.793151697921338 ], [ 1.901156658154544, 50.792263054133208 ], [ 1.900270950968578, 50.792047064460768 ], [ 1.90048355960444, 50.791262008351289 ], [ 1.901435707920375, 50.79019185197312 ], [ 1.902019388239717, 50.789719633017611 ], [ 1.903489884274455, 50.78915203084474 ], [ 1.904957585515619, 50.788904724134994 ], [ 1.9075289888767, 50.788741561367878 ], [ 1.908528615478559, 50.788341154061605 ], [ 1.910010599028004, 50.787955728214669 ], [ 1.911779812260503, 50.78777020146908 ], [ 1.914127598614815, 50.78786247533408 ], [ 1.914928903301583, 50.787726786996984 ], [ 1.917679933443873, 50.787500373993879 ], [ 1.918684669651785, 50.787186070957084 ], [ 1.918068996425009, 50.78718251921709 ], [ 1.918807820005825, 50.785351253157764 ], [ 1.919930677892169, 50.785464185438514 ], [ 1.92133572425718, 50.783189124281193 ], [ 1.922125932381153, 50.783169943588156 ], [ 1.921998469412143, 50.782581999965039 ], [ 1.921769775586782, 50.782488494665856 ], [ 1.922053084832388, 50.781886159794858 ], [ 1.922394398589712, 50.781679142700526 ], [ 1.922209735601038, 50.781644344251873 ], [ 1.922593047704733, 50.780209269516526 ], [ 1.923168141411983, 50.779397688086448 ], [ 1.924164466063683, 50.778280169055435 ], [ 1.924894594308301, 50.777891655553638 ], [ 1.925037557449586, 50.777824693680152 ], [ 1.925157936653914, 50.777886750217945 ], [ 1.926221345152729, 50.777860928663138 ], [ 1.926417612465308, 50.777684054967608 ], [ 1.922240080044264, 50.776948063244028 ], [ 1.92189856146881, 50.777100342998629 ], [ 1.919008912843269, 50.775843274086334 ], [ 1.917773098007379, 50.77729965640394 ], [ 1.911415181325883, 50.774661752092292 ], [ 1.910420164446282, 50.775969420614935 ], [ 1.908408053035, 50.774787075028662 ], [ 1.908235318738664, 50.774596225568942 ], [ 1.907601159371882, 50.774214685434146 ], [ 1.907336120924909, 50.774168391183942 ], [ 1.907521510940118, 50.773000803976352 ], [ 1.906288728575587, 50.772686685860521 ], [ 1.904945284913028, 50.772192116765119 ], [ 1.90380481084554, 50.771282959442644 ], [ 1.903311988917048, 50.771687801371002 ], [ 1.900814562064884, 50.77000302863793 ], [ 1.900265965894077, 50.76972539586599 ], [ 1.896703267812405, 50.768489657399762 ], [ 1.894098298580445, 50.767847386151466 ], [ 1.894444576016866, 50.767352440651194 ], [ 1.89254988913351, 50.766842964667077 ], [ 1.891618769729729, 50.766463181557754 ], [ 1.891396187103761, 50.766419024972684 ], [ 1.891260992856212, 50.766645744607153 ], [ 1.88847536871949, 50.765544101005624 ], [ 1.886478434286018, 50.765248081272937 ], [ 1.885445295687577, 50.764941817090559 ], [ 1.884429078396869, 50.764448151537636 ], [ 1.883365617031563, 50.763789839886911 ], [ 1.881689237190211, 50.763145755467242 ], [ 1.881579450345181, 50.763056829598533 ], [ 1.882195354135784, 50.762783287570862 ], [ 1.880964102069276, 50.761722333380135 ], [ 1.880694903262471, 50.761866180456643 ], [ 1.880454330304427, 50.761488926945532 ], [ 1.879436039437891, 50.760650617313757 ], [ 1.877393969292667, 50.759412723079521 ], [ 1.877424249180401, 50.759134818008619 ], [ 1.876591208378517, 50.758556588536479 ], [ 1.876380807772802, 50.758160752774543 ], [ 1.87592217715157, 50.758487734349366 ], [ 1.875693806649209, 50.758199417137668 ], [ 1.874658803488553, 50.757607683693337 ], [ 1.873876361079557, 50.756669155840569 ], [ 1.873915858109825, 50.756548370505165 ], [ 1.872938646348596, 50.755402578543858 ], [ 1.871275762572589, 50.754177874591477 ], [ 1.869283069643856, 50.753342295318184 ], [ 1.86830547125609, 50.752596678785899 ], [ 1.867031373886517, 50.751265070150062 ] ] ] ] } },
{ "type": "Feature", "properties": { "ID": "COMMUNE_0000000009727064", "NOM_COM": "Zutkerque", "NOM_COM_M": "ZUTKERQUE", "INSEE_COM": "62906", "STATUT": "Commune simple", "INSEE_CAN": "34", "INSEE_ARR": "6", "INSEE_DEP": "62", "INSEE_REG": "32", "CODE_EPCI": "246200844", "POPULATION": 1753, "TYPE": "COM" }, "geometry": { "type": "MultiPolygon", "coordinates": [ [ [ [ 2.053933009421333, 50.833241545104606 ], [ 2.055956179474611, 50.833966018302732 ], [ 2.055900669116492, 50.83355276415098 ], [ 2.055236694341417, 50.83262628876534 ], [ 2.054589818702946, 50.831620982360192 ], [ 2.052926385452673, 50.832815753236872 ], [ 2.053933009421333, 50.833241545104606 ] ] ], [ [ [ 2.059843930024701, 50.835726480541787 ], [ 2.059837366130061, 50.835693665152569 ], [ 2.059743830201139, 50.835667762388198 ], [ 2.059843930024701, 50.835726480541787 ] ] ], [ [ [ 2.060995330633439, 50.838277587349303 ], [ 2.058829271074781, 50.840441855179925 ], [ 2.056074574765313, 50.842790633053717 ], [ 2.055569749564083, 50.845392611774308 ], [ 2.057808297950124, 50.847629176118616 ], [ 2.06210808004158, 50.849002756338351 ], [ 2.069053682483225, 50.850010290334815 ], [ 2.076288555337645, 50.851885771878862 ], [ 2.081760221809987, 50.854004958504376 ], [ 2.087487173774679, 50.854450138621935 ], [ 2.088747783318278, 50.853368718914311 ], [ 2.089244064342719, 50.85265728391046 ], [ 2.087757875449707, 50.852081193937877 ], [ 2.087931202302531, 50.851747809360134 ], [ 2.089860931576162, 50.849759372572024 ], [ 2.08971150293702, 50.849793272637598 ], [ 2.088502351708319, 50.849029004788044 ], [ 2.087860603808861, 50.848393585107154 ], [ 2.084946036855138, 50.847042590324534 ], [ 2.084382139143365, 50.846957704000985 ], [ 2.083510300946358, 50.846972833195522 ], [ 2.083297208621881, 50.846923715630147 ], [ 2.082728120554346, 50.846581287665288 ], [ 2.080731946813315, 50.846240009885648 ], [ 2.079079119048223, 50.846109385935634 ], [ 2.078933692408956, 50.846233919976406 ], [ 2.078260151314485, 50.846332121883528 ], [ 2.077337997388051, 50.846232891634727 ], [ 2.076935554107727, 50.846001127689227 ], [ 2.076051077251056, 50.846010727913992 ], [ 2.07565158911486, 50.845926122483036 ], [ 2.073814889306586, 50.845318548936575 ], [ 2.072511241742339, 50.844625192591899 ], [ 2.070824888889201, 50.843328741104585 ], [ 2.069438312912976, 50.842451701868612 ], [ 2.069573707566095, 50.842105493231578 ], [ 2.068682358037013, 50.84119445471373 ], [ 2.068525171283662, 50.841265057348579 ], [ 2.066937395643636, 50.839936981689263 ], [ 2.064778445879172, 50.840818018519045 ], [ 2.063482822473819, 50.839482218527095 ], [ 2.062480437112744, 50.838984808874883 ], [ 2.062510471081575, 50.838894416267607 ], [ 2.060937028302856, 50.837649945188119 ], [ 2.060995330633439, 50.838277587349303 ] ] ], [ [ [ 2.098716521022685, 50.859872207064669 ], [ 2.098778463983323, 50.859809795684171 ], [ 2.098657151830786, 50.859748341330771 ], [ 2.098716521022685, 50.859872207064669 ] ] ], [ [ [ 2.100706112574195, 50.864022833754206 ], [ 2.104394650393894, 50.870785849227133 ], [ 2.107410747138876, 50.875006287489896 ], [ 2.108631906360217, 50.876840996872794 ], [ 2.109801878694361, 50.878610495038735 ], [ 2.111060281737845, 50.880159240736489 ], [ 2.112407888103276, 50.881321553191619 ], [ 2.113928865560172, 50.882760307861147 ], [ 2.114968868773064, 50.884391438175136 ], [ 2.115747410105572, 50.885939231993234 ], [ 2.116408519110171, 50.886259361138009 ], [ 2.118411789064533, 50.885092035153257 ], [ 2.117856376680869, 50.882491781416931 ], [ 2.116864210459952, 50.880134243065818 ], [ 2.110861320471265, 50.868823340909792 ], [ 2.110258850627611, 50.867942516446718 ], [ 2.109481856052667, 50.86651406749057 ], [ 2.108670273949663, 50.865358102617634 ], [ 2.108708099485729, 50.864986047511323 ], [ 2.109125141783643, 50.865051827852376 ], [ 2.109554531267627, 50.864345231578852 ], [ 2.109694252393671, 50.863903026309274 ], [ 2.10964879675661, 50.8636694374119 ], [ 2.109147927353001, 50.863614723314825 ], [ 2.109037122095468, 50.862832495176576 ], [ 2.108923275727145, 50.862698003376416 ], [ 2.108215069100795, 50.862346634366972 ], [ 2.107482642067363, 50.862955063299594 ], [ 2.104518879626078, 50.860396615719203 ], [ 2.104261939118564, 50.8605751036595 ], [ 2.103257519337845, 50.860303220863798 ], [ 2.102797037593469, 50.860606744539851 ], [ 2.102490950822697, 50.860364099530628 ], [ 2.101246504697958, 50.85980337648158 ], [ 2.100333613260716, 50.860590798560153 ], [ 2.098792461063445, 50.860030644647225 ], [ 2.100706112574195, 50.864022833754206 ] ] ] ] } },
{ "type": "Feature", "properties": { "ID": "COMMUNE_0000000009727145", "NOM_COM": "Alembon", "NOM_COM_M": "ALEMBON", "INSEE_COM": "62020", "STATUT": "Commune simple", "INSEE_CAN": "19", "INSEE_ARR": "6", "INSEE_DEP": "62", "INSEE_REG": "32", "CODE_EPCI": "200072478", "POPULATION": 630, "TYPE": "COM" }, "geometry": { "type": "MultiPolygon", "coordinates": [ [ [ [ 1.887065073442837, 50.799272463109872 ], [ 1.88747510296136, 50.798847122544622 ], [ 1.888944567672641, 50.797835526426546 ], [ 1.890067669543459, 50.796351540912688 ], [ 1.891537699631683, 50.796075699840578 ], [ 1.892584381021973, 50.795992586836718 ], [ 1.894503093839384, 50.795400363624474 ], [ 1.895884847449913, 50.795208931130475 ], [ 1.895652267304313, 50.792340000093027 ], [ 1.895481032064491, 50.790669500420321 ], [ 1.894352091054509, 50.790700761020176 ], [ 1.894873564589975, 50.789330718750975 ], [ 1.894488810881299, 50.789253725584516 ], [ 1.894479301140577, 50.788787042347316 ], [ 1.895331227247369, 50.788798189774226 ], [ 1.895399369526198, 50.788725215009705 ], [ 1.895398196503389, 50.787944548171708 ], [ 1.895892639425985, 50.787925601987176 ], [ 1.895935556204091, 50.786557588218088 ], [ 1.897986723554844, 50.786488714076803 ], [ 1.897565894156188, 50.785094160480732 ], [ 1.897370364617765, 50.784910275616113 ], [ 1.896818850419729, 50.784951154768812 ], [ 1.896516346813134, 50.784290745965755 ], [ 1.896511062492064, 50.783695781279455 ], [ 1.897855783289375, 50.783564118248286 ], [ 1.897314575974103, 50.782366798440357 ], [ 1.895253801231899, 50.782237268736473 ], [ 1.895244486034042, 50.781504976965593 ], [ 1.894315991029265, 50.781185368574782 ], [ 1.895964958485707, 50.778871458360435 ], [ 1.89626657392138, 50.778029754120894 ], [ 1.895815954685746, 50.777927054217557 ], [ 1.894247390253688, 50.777242837504787 ], [ 1.892360330195497, 50.776819580300184 ], [ 1.892118779644635, 50.776671167975039 ], [ 1.890318541364772, 50.776099695772331 ], [ 1.889155057432347, 50.775597588605351 ], [ 1.888216089271705, 50.775310140820039 ], [ 1.887041326746179, 50.77474420209456 ], [ 1.885119460072189, 50.774111443835686 ], [ 1.88346624174626, 50.773744878570668 ], [ 1.879515668429612, 50.772520430739448 ], [ 1.878933572028118, 50.772984495014946 ], [ 1.877371401057993, 50.772537010063267 ], [ 1.877919033786546, 50.771969449017881 ], [ 1.873344189993413, 50.769823891071553 ], [ 1.872093995797125, 50.769415949815034 ], [ 1.871846294672119, 50.769607530213591 ], [ 1.871533987188578, 50.768898496496533 ], [ 1.870924625380962, 50.767997429390405 ], [ 1.870454982030565, 50.767489762691 ], [ 1.869886828985798, 50.766457153100845 ], [ 1.86885553781394, 50.765633899371103 ], [ 1.868330976659565, 50.765304294566143 ], [ 1.867393929962895, 50.764882995848467 ], [ 1.865894223256166, 50.763879573114281 ], [ 1.86542340181416, 50.763178046120849 ], [ 1.864802880402559, 50.762714742968427 ], [ 1.864237078301472, 50.762085028980351 ], [ 1.863714324939921, 50.761741061262171 ], [ 1.863280909068945, 50.761201387601055 ], [ 1.860909936916241, 50.760009571075265 ], [ 1.86037407192083, 50.759932878426113 ], [ 1.85945390608542, 50.760144301980453 ], [ 1.859256468158006, 50.760054552494708 ], [ 1.858943551255877, 50.760189876600947 ], [ 1.858319857665507, 50.759932002490999 ], [ 1.85753382383303, 50.759348691309285 ], [ 1.856540028337497, 50.759872593469836 ], [ 1.85453193160331, 50.761133753973333 ], [ 1.851860619366571, 50.762190451590634 ], [ 1.851216827725082, 50.762377442407896 ], [ 1.850683601984158, 50.762863370406841 ], [ 1.850244701403125, 50.763061221009337 ], [ 1.849451835762898, 50.763208239774805 ], [ 1.849478855191887, 50.764864991882469 ], [ 1.849350718281495, 50.765207491006301 ], [ 1.848883737712899, 50.765764014777481 ], [ 1.848626381232923, 50.76748004785189 ], [ 1.849317867828728, 50.769284711985776 ], [ 1.849782786270935, 50.770975106934124 ], [ 1.849972674120053, 50.771333103759964 ], [ 1.851470457911107, 50.772848170926686 ], [ 1.849792480119578, 50.773448253686198 ], [ 1.848881182612588, 50.773691983394457 ], [ 1.846778548388496, 50.774478333579125 ], [ 1.846694488399069, 50.774499991168902 ], [ 1.846793989148477, 50.774657783374828 ], [ 1.847188384277089, 50.775243345995094 ], [ 1.848058323196421, 50.776313246773917 ], [ 1.848687537413012, 50.777432927896292 ], [ 1.848635552628947, 50.778600582983557 ], [ 1.848702135732057, 50.779921055308698 ], [ 1.850085772359403, 50.78167853530028 ], [ 1.850640705178826, 50.782140736088301 ], [ 1.852171979193334, 50.78317300721217 ], [ 1.852807508275625, 50.783605089672299 ], [ 1.854469457149919, 50.78509846963717 ], [ 1.855456828563507, 50.785818878309293 ], [ 1.859833213100397, 50.788065172351352 ], [ 1.862543727111413, 50.789370829637974 ], [ 1.863072699617628, 50.789703973863489 ], [ 1.865147396858476, 50.790215583570081 ], [ 1.865541292026642, 50.790449779788815 ], [ 1.865867459904521, 50.790986647989037 ], [ 1.866218721017672, 50.791228529294443 ], [ 1.868420627648843, 50.791515948354551 ], [ 1.870652816744675, 50.792219054986504 ], [ 1.870947859759315, 50.79238144972944 ], [ 1.871193931510423, 50.792581086752172 ], [ 1.872022895888376, 50.793922891912636 ], [ 1.873746530416287, 50.794721172974832 ], [ 1.875975898948052, 50.796151579912539 ], [ 1.877765986940521, 50.797453305918943 ], [ 1.88060567034901, 50.798612859660984 ], [ 1.886347507303935, 50.799315194200439 ], [ 1.887065073442837, 50.799272463109872 ] ] ] ] } },
{ "type": "Feature", "properties": { "ID": "COMMUNE_0000000009727144", "NOM_COM": "Boursin", "NOM_COM_M": "BOURSIN", "INSEE_COM": "62167", "STATUT": "Commune simple", "INSEE_CAN": "19", "INSEE_ARR": "6", "INSEE_DEP": "62", "INSEE_REG": "32", "CODE_EPCI": "200072478", "POPULATION": 255, "TYPE": "COM" }, "geometry": { "type": "MultiPolygon", "coordinates": [ [ [ [ 1.843556419635229, 50.762483237943592 ], [ 1.843700276621599, 50.764057933478526 ], [ 1.843605793673744, 50.765453916867031 ], [ 1.843034861073216, 50.766467088800781 ], [ 1.842742292080215, 50.767659136703294 ], [ 1.843047323676043, 50.769132944807325 ], [ 1.843992148504511, 50.770685574183226 ], [ 1.845295794062915, 50.7723920117826 ], [ 1.846360609105122, 50.773970504113031 ], [ 1.846694488399069, 50.774499991168902 ], [ 1.846778548388496, 50.774478333579125 ], [ 1.848881182612588, 50.773691983394457 ], [ 1.849792480119578, 50.773448253686198 ], [ 1.851470457911107, 50.772848170926686 ], [ 1.849972674120053, 50.771333103759964 ], [ 1.849782786270935, 50.770975106934124 ], [ 1.849317867828728, 50.769284711985776 ], [ 1.848626381232923, 50.76748004785189 ], [ 1.848883737712899, 50.765764014777481 ], [ 1.849350718281495, 50.765207491006301 ], [ 1.849478855191887, 50.764864991882469 ], [ 1.849451835762898, 50.763208239774805 ], [ 1.843835962858115, 50.761297657617703 ], [ 1.843556419635229, 50.762483237943592 ] ] ], [ [ [ 1.851850702323325, 50.783148497402564 ], [ 1.852171979193334, 50.78317300721217 ], [ 1.850640705178826, 50.782140736088301 ], [ 1.851850702323325, 50.783148497402564 ] ] ] ] } },
{ "type": "Feature", "properties": { "ID": "COMMUNE_0000000009727218", "NOM_COM": "Brunembert", "NOM_COM_M": "BRUNEMBERT", "INSEE_COM": "62179", "STATUT": "Commune simple", "INSEE_CAN": "22", "INSEE_ARR": "3", "INSEE_DEP": "62", "INSEE_REG": "32", "CODE_EPCI": "200018083", "POPULATION": 418, "TYPE": "COM" }, "geometry": { "type": "MultiPolygon", "coordinates": [ [ [ [ 1.909078039962403, 50.718611614190721 ], [ 1.908674483155925, 50.7190163843457 ], [ 1.908587673567664, 50.71977774560856 ], [ 1.908497220094493, 50.720945319574703 ], [ 1.909083717004713, 50.722445395058642 ], [ 1.909792281384003, 50.723717404061794 ], [ 1.909719910871519, 50.724312974832834 ], [ 1.910634899942969, 50.723694010232236 ], [ 1.909130157576031, 50.722484598131459 ], [ 1.908731937320655, 50.720386584726207 ], [ 1.909107149336897, 50.719904384491649 ], [ 1.909391560752062, 50.719696887733953 ], [ 1.909454669198722, 50.719525140768255 ], [ 1.90963666626081, 50.718726675062875 ], [ 1.909078039962403, 50.718611614190721 ] ] ] ] } },
{ "type": "Feature", "properties": { "ID": "COMMUNE_0000000009727143", "NOM_COM": "Colembert", "NOM_COM_M": "COLEMBERT", "INSEE_COM": "62230", "STATUT": "Commune simple", "INSEE_CAN": "22", "INSEE_ARR": "3", "INSEE_DEP": "62", "INSEE_REG": "32", "CODE_EPCI": "200018083", "POPULATION": 942, "TYPE": "COM" }, "geometry": { "type": "MultiPolygon", "coordinates": [ [ [ [ 1.854431238514728, 50.751915439771103 ], [ 1.853500771620754, 50.752901817260152 ], [ 1.853089768752836, 50.753966471968994 ], [ 1.852198483293064, 50.755029164420769 ], [ 1.850828175173748, 50.755962945288395 ], [ 1.849299015149247, 50.756769113889888 ], [ 1.847291595960967, 50.757370180991138 ], [ 1.84532571857247, 50.757819053728547 ], [ 1.844360945568454, 50.758221274509097 ], [ 1.843997579431705, 50.75852443118437 ], [ 1.843993125168266, 50.758956021237481 ], [ 1.844308090420917, 50.759465103252694 ], [ 1.844260732113597, 50.760175790948452 ], [ 1.843849460847468, 50.761240409342726 ], [ 1.843835962858115, 50.761297657617703 ], [ 1.849451835762898, 50.763208239774805 ], [ 1.850244701403125, 50.763061221009337 ], [ 1.850683601984158, 50.762863370406841 ], [ 1.851216827725082, 50.762377442407896 ], [ 1.851860619366571, 50.762190451590634 ], [ 1.85453193160331, 50.761133753973333 ], [ 1.856540028337497, 50.759872593469836 ], [ 1.85753382383303, 50.759348691309285 ], [ 1.860962424845023, 50.755027045156204 ], [ 1.860872174293333, 50.754827903239374 ], [ 1.860621665846961, 50.754522303428544 ], [ 1.859022697825061, 50.753362626135647 ], [ 1.858770226595921, 50.752833560996699 ], [ 1.856683139081989, 50.751744751547363 ], [ 1.856167885004539, 50.751090008189074 ], [ 1.854431238514728, 50.751915439771103 ] ] ] ] } },
{ "type": "Feature", "properties": { "ID": "COMMUNE_0000000009727139", "NOM_COM": "Audrehem", "NOM_COM_M": "AUDREHEM", "INSEE_COM": "62055", "STATUT": "Commune simple", "INSEE_CAN": "33", "INSEE_ARR": "5", "INSEE_DEP": "62", "INSEE_REG": "32", "CODE_EPCI": "246201016", "POPULATION": 562, "TYPE": "COM" }, "geometry": { "type": "MultiPolygon", "coordinates": [ [ [ [ 1.978175241430513, 50.75157032052222 ], [ 1.977316550968956, 50.751297653964002 ], [ 1.976390996279345, 50.751528738965249 ], [ 1.97647458942178, 50.75166043864732 ], [ 1.974831586673048, 50.751974447049093 ], [ 1.974349891566948, 50.75159718342956 ], [ 1.974068802382468, 50.751646912733563 ], [ 1.973313682582753, 50.751498008318634 ], [ 1.972823740320146, 50.751592673744994 ], [ 1.97313117243266, 50.752051958744602 ], [ 1.971982459964886, 50.752265017470862 ], [ 1.972189360093392, 50.752797953451335 ], [ 1.972416487706131, 50.752896741840708 ], [ 1.97249597129607, 50.753159422070297 ], [ 1.972988025378355, 50.753583439211809 ], [ 1.973066768963994, 50.754158387404978 ], [ 1.97299515415392, 50.75468453549037 ], [ 1.972037408470618, 50.754205525586876 ], [ 1.969981956773877, 50.755241113817974 ], [ 1.971264152105553, 50.755902288480605 ], [ 1.971252597615472, 50.756189341369684 ], [ 1.970880822576677, 50.756589173100664 ], [ 1.971725533954417, 50.757200959426328 ], [ 1.97049687148746, 50.757787532739769 ], [ 1.971026609587678, 50.758237888816247 ], [ 1.969658973742755, 50.759114040903732 ], [ 1.969571788959584, 50.759500967754271 ], [ 1.969062524547121, 50.759293056299811 ], [ 1.96849270940969, 50.759758539149978 ], [ 1.96878903408735, 50.759933282317455 ], [ 1.967907093196985, 50.760441042820197 ], [ 1.967343828688463, 50.76168545839522 ], [ 1.967840693707247, 50.761878018547662 ], [ 1.966993315086785, 50.762902920270399 ], [ 1.966706049350135, 50.763111408815121 ], [ 1.966440170624312, 50.763174706813551 ], [ 1.965164966427438, 50.764839426202307 ], [ 1.964882600866277, 50.765357528685982 ], [ 1.964768255667904, 50.765344912690203 ], [ 1.964048107623118, 50.765958975206473 ], [ 1.9635256038012, 50.766525325755026 ], [ 1.962801864528283, 50.766491481480088 ], [ 1.962351515480349, 50.766579256147899 ], [ 1.961171916182296, 50.76737611482455 ], [ 1.960902079480771, 50.767628703296396 ], [ 1.960348430978243, 50.768533967884487 ], [ 1.959907341043676, 50.768924208807981 ], [ 1.959879261595243, 50.769254188964226 ], [ 1.958921597421628, 50.769376296974109 ], [ 1.958079824666346, 50.76923286269907 ], [ 1.956172706364342, 50.770100751534812 ], [ 1.95583715781426, 50.771738240350146 ], [ 1.956061584244988, 50.771833443359107 ], [ 1.95935184572397, 50.773320921424592 ], [ 1.961637880988202, 50.774655470100001 ], [ 1.961447874907556, 50.774810018318185 ], [ 1.962775552914074, 50.775548805782329 ], [ 1.965385366599707, 50.776496542736396 ], [ 1.967307712116996, 50.776883985933438 ], [ 1.972074559312324, 50.778311561942232 ], [ 1.974096552782895, 50.77902185400395 ], [ 1.975506526316155, 50.779626580559288 ], [ 1.974705776299998, 50.780993764806709 ], [ 1.973577182347307, 50.782609484598929 ], [ 1.974344607735214, 50.782802445625052 ], [ 1.974106694710229, 50.783223115145276 ], [ 1.97484237484571, 50.783722688147101 ], [ 1.975123510212402, 50.783264686608824 ], [ 1.976371597313373, 50.78362489781906 ], [ 1.979041392593098, 50.783885493197062 ], [ 1.979034213459415, 50.784376257017819 ], [ 1.978777105307367, 50.784768063292603 ], [ 1.977587689751042, 50.784651526824511 ], [ 1.976101387577993, 50.784656365927788 ], [ 1.974791618357653, 50.78502604654274 ], [ 1.975197453061248, 50.785183721700101 ], [ 1.97531171968644, 50.785340791706815 ], [ 1.975240557721794, 50.78556722262686 ], [ 1.975410443792823, 50.785842296005391 ], [ 1.975730744150367, 50.785822497961945 ], [ 1.975979000079314, 50.785934009506221 ], [ 1.976334904148119, 50.785972826931747 ], [ 1.976406771580305, 50.786057763479874 ], [ 1.97614767590507, 50.786130109609246 ], [ 1.97613446379943, 50.786222422578625 ], [ 1.976897617014401, 50.786419817638631 ], [ 1.976993936984876, 50.786624295019209 ], [ 1.978314660679185, 50.786898043005515 ], [ 1.977688521661982, 50.78796158372824 ], [ 1.977709038673462, 50.78862036570051 ], [ 1.97908136831505, 50.78900399747851 ], [ 1.980961262736314, 50.789905915038723 ], [ 1.983293232564718, 50.790438220522418 ], [ 1.984692432166538, 50.790618323286068 ], [ 1.986503364082585, 50.791018904675127 ], [ 1.988226895966276, 50.791262621301833 ], [ 1.988591706996571, 50.79051275873006 ], [ 1.988861222395, 50.790415347647198 ], [ 1.98922825989055, 50.790605859833178 ], [ 1.990840410481425, 50.788791151370823 ], [ 1.994544009218924, 50.789821579651083 ], [ 1.995162114798451, 50.789211923993967 ], [ 1.996159445420337, 50.789737701302897 ], [ 1.996224359337322, 50.789677208754846 ], [ 1.996858328846388, 50.790111219831751 ], [ 1.997456204106516, 50.789450244854734 ], [ 1.997986943750647, 50.789667172823698 ], [ 1.998882889467383, 50.788611088665753 ], [ 2.000182478103231, 50.787116769753943 ], [ 2.000443066658163, 50.787180774348002 ], [ 2.001058719205598, 50.786405068963042 ], [ 2.002187543693516, 50.785660390695149 ], [ 2.001126438978895, 50.785139530569303 ], [ 2.00260978583839, 50.784430889896647 ], [ 2.002168519991515, 50.784058566976626 ], [ 2.003948418581191, 50.783168339230201 ], [ 2.003767496689404, 50.782942567928494 ], [ 2.004696675105191, 50.782480710259406 ], [ 2.005172647045586, 50.782887399593946 ], [ 2.00597015552033, 50.782640729391254 ], [ 2.005883852217577, 50.782496472963174 ], [ 2.007429409393144, 50.781926453674373 ], [ 2.00719689040817, 50.781589908074594 ], [ 2.008599093880711, 50.781181142113233 ], [ 2.008970947343132, 50.781843616010072 ], [ 2.01014613617706, 50.78153442092637 ], [ 2.010088547956864, 50.780510145078964 ], [ 2.009762083807347, 50.779484627265248 ], [ 2.009343990307457, 50.778727568745168 ], [ 2.008267869796288, 50.777468163069429 ], [ 2.008087237988818, 50.779156345940109 ], [ 2.007398670557805, 50.779836398038569 ], [ 2.004859425427032, 50.776999498755821 ], [ 2.004610668862185, 50.776485149165048 ], [ 2.004923774831764, 50.776325239094 ], [ 2.004344355686351, 50.775146032883967 ], [ 2.007045766370731, 50.773796515682037 ], [ 2.007467470385252, 50.773368271794233 ], [ 2.007719078067972, 50.773311054600065 ], [ 2.00781675990649, 50.772952011620809 ], [ 2.007785830300434, 50.77258476513866 ], [ 2.007225085713698, 50.771818478250431 ], [ 2.00722631082556, 50.771471228196503 ], [ 2.006766234989683, 50.769982505265794 ], [ 2.005793792353, 50.768431361235081 ], [ 2.004787303262674, 50.767386021078146 ], [ 2.004548878316366, 50.766923790541391 ], [ 2.003568632920344, 50.765700080694053 ], [ 2.003347040460947, 50.765530507978106 ], [ 2.003018746594349, 50.765461477713522 ], [ 2.00263260166402, 50.765526581333539 ], [ 2.001635996538067, 50.766120695942625 ], [ 2.002231681438342, 50.766617202652007 ], [ 2.001708872649655, 50.767362273425746 ], [ 2.001285927753956, 50.767356189553254 ], [ 2.000269647944128, 50.767019614500022 ], [ 1.999721186321694, 50.767347217487441 ], [ 1.999247236888084, 50.767486082601913 ], [ 1.999181231399672, 50.767390436220509 ], [ 1.998934683929609, 50.766629321658463 ], [ 1.999553140566611, 50.766409962730862 ], [ 2.000607956344404, 50.765665582128165 ], [ 2.000982876541153, 50.765525019705258 ], [ 2.001063239100417, 50.765113793858028 ], [ 2.002308264736985, 50.764406816748462 ], [ 2.002297379566393, 50.763958965296162 ], [ 2.002556796622684, 50.763649672695756 ], [ 1.996926120194932, 50.761018338264655 ], [ 1.995944162648277, 50.760671231998892 ], [ 1.994868204757103, 50.760426551625315 ], [ 1.994734302405286, 50.760331250814389 ], [ 1.993842674913115, 50.760207394604073 ], [ 1.993291277445828, 50.760260365824429 ], [ 1.992701642732207, 50.760596581350256 ], [ 1.992341954282884, 50.7609651646532 ], [ 1.992224806653411, 50.760810773092281 ], [ 1.991561451186751, 50.760591836815358 ], [ 1.991343677639272, 50.760446499750039 ], [ 1.991181026681157, 50.760444284430811 ], [ 1.99089219547103, 50.759893674700741 ], [ 1.990580220422049, 50.759789746994251 ], [ 1.989777348605297, 50.759755416842417 ], [ 1.989172476708967, 50.759934459533795 ], [ 1.988920677892834, 50.759933311989492 ], [ 1.988569648431662, 50.757910565528178 ], [ 1.987585125042553, 50.757906151468156 ], [ 1.985612615238212, 50.756601520099096 ], [ 1.985386554838876, 50.756028971815859 ], [ 1.984966399663108, 50.755540984355719 ], [ 1.984876018313354, 50.754695852280392 ], [ 1.983991353241201, 50.754792725535196 ], [ 1.983374841527211, 50.75498959284031 ], [ 1.982872609866852, 50.75450451627524 ], [ 1.982559551685946, 50.754665273390536 ], [ 1.982318957250718, 50.754253222485481 ], [ 1.982358810611867, 50.754101897931641 ], [ 1.980442168399191, 50.752498816660832 ], [ 1.978694816651335, 50.75168675303938 ], [ 1.978175241430513, 50.75157032052222 ] ] ] ] } },
{ "type": "Feature", "properties": { "ID": "COMMUNE_0000000009727070", "NOM_COM": "Landrethun-lès-Ardres", "NOM_COM_M": "LANDRETHUN LES ARDRES", "INSEE_COM": "62488", "STATUT": "Commune simple", "INSEE_CAN": "19", "INSEE_ARR": "6", "INSEE_DEP": "62", "INSEE_REG": "32", "CODE_EPCI": "200072478", "POPULATION": 753, "TYPE": "COM" }, "geometry": { "type": "MultiPolygon", "coordinates": [ [ [ [ 1.981382942589694, 50.803356549280018 ], [ 1.983273126603748, 50.804658696312913 ], [ 1.983762911676358, 50.804256582077272 ], [ 1.983763500293702, 50.804157887070829 ], [ 1.983509849912023, 50.803888431265911 ], [ 1.983013278396893, 50.803797343983391 ], [ 1.981940035997486, 50.802889512751278 ], [ 1.981265528469553, 50.803155251994681 ], [ 1.981382942589694, 50.803356549280018 ] ] ] ] } },
{ "type": "Feature", "properties": { "ID": "COMMUNE_0000000009727208", "NOM_COM": "Alquines", "NOM_COM_M": "ALQUINES", "INSEE_COM": "62024", "STATUT": "Commune simple", "INSEE_CAN": "33", "INSEE_ARR": "5", "INSEE_DEP": "62", "INSEE_REG": "32", "CODE_EPCI": "246201016", "POPULATION": 999, "TYPE": "COM" }, "geometry": { "type": "MultiPolygon", "coordinates": [ [ [ [ 2.008232974379953, 50.746423048921343 ], [ 2.006693117145502, 50.744819750997657 ], [ 2.007606832658055, 50.743510271765643 ], [ 2.0090393938382, 50.741915215364891 ], [ 2.009440016684821, 50.740030291508091 ], [ 2.008162153417539, 50.737935720745561 ], [ 2.005396447361207, 50.736123989932139 ], [ 2.003213541592431, 50.734149830047464 ], [ 2.001743452918502, 50.731890637673281 ], [ 1.999949931418241, 50.729712507288227 ], [ 1.997123914721586, 50.727408390039479 ], [ 1.99365224495465, 50.725102334739461 ], [ 1.991722466514371, 50.723989704271645 ], [ 1.990437483873582, 50.723042931606692 ], [ 1.988969235613653, 50.720660566392198 ], [ 1.988081172126765, 50.718125757244813 ], [ 1.986490468322772, 50.717413680761659 ], [ 1.986263403195242, 50.71724850540177 ], [ 1.985263754391833, 50.717192791722283 ], [ 1.982132269107378, 50.716801067552076 ], [ 1.97975398984778, 50.716757629693937 ], [ 1.978402275962789, 50.71726698890766 ], [ 1.975688287476816, 50.717463758629599 ], [ 1.974141117075233, 50.717090023809661 ], [ 1.973567051684474, 50.716145236211524 ], [ 1.973244730544446, 50.715790510470661 ], [ 1.968016413289963, 50.714970717474742 ], [ 1.966045804844677, 50.719299522774428 ], [ 1.966430734001235, 50.719621295230311 ], [ 1.965393193888073, 50.719961753204451 ], [ 1.96490878264783, 50.720213478505123 ], [ 1.962503001833785, 50.720204202785247 ], [ 1.960677664053943, 50.72103968757218 ], [ 1.960366062114324, 50.721341297836872 ], [ 1.960379059025439, 50.721532549951306 ], [ 1.961770585150374, 50.722054785857544 ], [ 1.9629676932971, 50.722409368477905 ], [ 1.963527828269109, 50.721778688028451 ], [ 1.965272233098399, 50.722328950998964 ], [ 1.966417196772567, 50.722951384186288 ], [ 1.966302518033548, 50.723096704840572 ], [ 1.96552556994893, 50.72272590759318 ], [ 1.963113703501046, 50.723756662629697 ], [ 1.963119730352237, 50.724695375549302 ], [ 1.963682958102853, 50.725146965405642 ], [ 1.964008543802386, 50.725058144515359 ], [ 1.965451772332227, 50.727191562651399 ], [ 1.965152421802944, 50.727310218871075 ], [ 1.966604780455158, 50.72838927436127 ], [ 1.967871932512018, 50.729814058309628 ], [ 1.969811484027481, 50.731616804962719 ], [ 1.969528528262269, 50.731762527969508 ], [ 1.97376318843713, 50.734873712543923 ], [ 1.974188593120865, 50.734677107805773 ], [ 1.977646179987387, 50.738404502553131 ], [ 1.976663551108428, 50.738949199627179 ], [ 1.975607700163021, 50.739131649482886 ], [ 1.977097798081633, 50.740675701207472 ], [ 1.978524117072449, 50.741259932502096 ], [ 1.978702678304172, 50.741449843251765 ], [ 1.97892109373506, 50.742112987759086 ], [ 1.978644827652453, 50.742275834118971 ], [ 1.979287133551122, 50.74288861422481 ], [ 1.980041947173749, 50.743950092235366 ], [ 1.97898396736587, 50.744371248728122 ], [ 1.9788397087903, 50.744510052176103 ], [ 1.979302476099376, 50.745120459159722 ], [ 1.979335202395121, 50.745319042416099 ], [ 1.979220351806459, 50.745541541033688 ], [ 1.983207215628893, 50.748613501017431 ], [ 1.983639983525608, 50.74847615247382 ], [ 1.984426758878024, 50.749783727129476 ], [ 1.984946079439257, 50.7498427017361 ], [ 1.985802700696636, 50.749659448035892 ], [ 1.987459318802581, 50.749574228711175 ], [ 1.988573351795322, 50.749671226881972 ], [ 1.989371399896674, 50.749656173515369 ], [ 1.990644040547482, 50.749322818123055 ], [ 1.991817501853116, 50.749137605603181 ], [ 1.99185691293846, 50.749076905386005 ], [ 1.993126132007226, 50.748912197776853 ], [ 1.993884810703433, 50.749236890756848 ], [ 1.995871399560105, 50.748494678192266 ], [ 1.996880610935494, 50.749375932947331 ], [ 1.997036316872, 50.749370009080991 ], [ 1.997455882168113, 50.749749376531554 ], [ 1.997861934099763, 50.749531900221385 ], [ 2.001888998754124, 50.747961604532748 ], [ 2.002269849877016, 50.748297573329722 ], [ 2.002785579672548, 50.748395030616912 ], [ 2.003028332242176, 50.748350313563563 ], [ 2.002927499033972, 50.747660344804736 ], [ 2.002991532767623, 50.747356657619932 ], [ 2.003811678132958, 50.746726109468419 ], [ 2.004318401668311, 50.746493265083998 ], [ 2.004768460912835, 50.74640713036581 ], [ 2.005961446353523, 50.745801982248381 ], [ 2.006377678983291, 50.746137324745199 ], [ 2.007400060174385, 50.746503524751695 ], [ 2.00769684073683, 50.746586652662934 ], [ 2.008341600037287, 50.746524491026811 ], [ 2.008353320849397, 50.746520270538525 ], [ 2.008232974379953, 50.746423048921343 ] ] ] ] } },
{ "type": "Feature", "properties": { "ID": "COMMUNE_0000000009727068", "NOM_COM": "Louches", "NOM_COM_M": "LOUCHES", "INSEE_COM": "62531", "STATUT": "Commune simple", "INSEE_CAN": "19", "INSEE_ARR": "6", "INSEE_DEP": "62", "INSEE_REG": "32", "CODE_EPCI": "200072478", "POPULATION": 960, "TYPE": "COM" }, "geometry": { "type": "MultiPolygon", "coordinates": [ [ [ [ 1.987718806614778, 50.806350475776739 ], [ 1.991621577311165, 50.807725483999491 ], [ 1.9944516494132, 50.808663402711147 ], [ 1.99757838777148, 50.809168228751972 ], [ 2.004128562071255, 50.809744592755202 ], [ 2.007047073404167, 50.80975273004664 ], [ 2.002932200646423, 50.809457662112159 ], [ 2.001787395184823, 50.80927353133216 ], [ 1.999563598570858, 50.809156102357306 ], [ 1.998295205478799, 50.808850713861439 ], [ 1.99769236463443, 50.809112353512845 ], [ 1.996821060599764, 50.808778738910206 ], [ 1.993451153285822, 50.807771752807959 ], [ 1.992639492692835, 50.807432308761712 ], [ 1.992153857836688, 50.807006667134559 ], [ 1.991560404784847, 50.806731788804477 ], [ 1.989358134051953, 50.806256340787208 ], [ 1.988370858009458, 50.805920826873106 ], [ 1.987079544894695, 50.805635772590058 ], [ 1.985851148717811, 50.805600657525829 ], [ 1.985633850787317, 50.805665190572491 ], [ 1.987718806614778, 50.806350475776739 ] ] ], [ [ [ 2.010682710230507, 50.809762771198137 ], [ 2.014108199022014, 50.809524201624455 ], [ 2.015845730176246, 50.809499158998584 ], [ 2.016302197146258, 50.809440506803305 ], [ 2.016044280015302, 50.809377046301329 ], [ 2.015140204309554, 50.809263130774873 ], [ 2.014638837115385, 50.80933812627611 ], [ 2.012469819388779, 50.809313778770573 ], [ 2.011513779412838, 50.809536794761897 ], [ 2.009444012682209, 50.809759361990658 ], [ 2.010682710230507, 50.809762771198137 ] ] ] ] } },
{ "type": "Feature", "properties": { "ID": "COMMUNE_0000000009727059", "NOM_COM": "Polincove", "NOM_COM_M": "POLINCOVE", "INSEE_COM": "62662", "STATUT": "Commune simple", "INSEE_CAN": "34", "INSEE_ARR": "6", "INSEE_DEP": "62", "INSEE_REG": "32", "CODE_EPCI": "246200844", "POPULATION": 853, "TYPE": "COM" }, "geometry": { "type": "MultiPolygon", "coordinates": [ [ [ [ 2.088317890063505, 50.854514691182224 ], [ 2.094579426511421, 50.855519297076611 ], [ 2.09808922500898, 50.858563405697417 ], [ 2.098657151830786, 50.859748341330771 ], [ 2.098778463983323, 50.859809795684171 ], [ 2.098716521022685, 50.859872207064669 ], [ 2.098792461063445, 50.860030644647225 ], [ 2.100333613260716, 50.860590798560153 ], [ 2.101246504697958, 50.85980337648158 ], [ 2.102490950822697, 50.860364099530628 ], [ 2.102797037593469, 50.860606744539851 ], [ 2.103257519337845, 50.860303220863798 ], [ 2.104261939118564, 50.8605751036595 ], [ 2.104518879626078, 50.860396615719203 ], [ 2.107482642067363, 50.862955063299594 ], [ 2.108215069100795, 50.862346634366972 ], [ 2.108923275727145, 50.862698003376416 ], [ 2.109037122095468, 50.862832495176576 ], [ 2.109147927353001, 50.863614723314825 ], [ 2.10964879675661, 50.8636694374119 ], [ 2.109694252393671, 50.863903026309274 ], [ 2.109554531267627, 50.864345231578852 ], [ 2.109125141783643, 50.865051827852376 ], [ 2.108708099485729, 50.864986047511323 ], [ 2.108670273949663, 50.865358102617634 ], [ 2.109481856052667, 50.86651406749057 ], [ 2.110258850627611, 50.867942516446718 ], [ 2.110861320471265, 50.868823340909792 ], [ 2.116864210459952, 50.880134243065818 ], [ 2.117856376680869, 50.882491781416931 ], [ 2.118411789064533, 50.885092035153257 ], [ 2.118556132327805, 50.885672606946315 ], [ 2.118570002740953, 50.88657432951856 ], [ 2.11910985504227, 50.886723993677684 ], [ 2.119148801159751, 50.886718679399493 ], [ 2.119896076014736, 50.885587901717663 ], [ 2.121386517769665, 50.884209948167168 ], [ 2.122658498562713, 50.882859194917643 ], [ 2.123487959803597, 50.881471933670788 ], [ 2.123598233415941, 50.881217016787048 ], [ 2.123792285963381, 50.880987623815614 ], [ 2.124593024549283, 50.879742357907311 ], [ 2.125865285042736, 50.878281114158561 ], [ 2.126611414264285, 50.8773435809048 ], [ 2.127055900528321, 50.875521881150945 ], [ 2.127374730173524, 50.874150311286151 ], [ 2.12747114180011, 50.873667720145235 ], [ 2.127542541904397, 50.873428372029529 ], [ 2.127723172992454, 50.872651258416361 ], [ 2.127854366640903, 50.872383041749949 ], [ 2.127855186189369, 50.872380294316159 ], [ 2.128482778605255, 50.870785046257033 ], [ 2.129065262695278, 50.870392568657245 ], [ 2.127935325109536, 50.869901107778837 ], [ 2.127177008752743, 50.869320725679877 ], [ 2.126673801955874, 50.869152127084227 ], [ 2.126424492721669, 50.86897722971672 ], [ 2.126511803118744, 50.867145833778359 ], [ 2.126407302835147, 50.866797899443092 ], [ 2.119926582150851, 50.862870308706448 ], [ 2.119962137502079, 50.862702788468447 ], [ 2.119718225114908, 50.862224669512742 ], [ 2.119028606670894, 50.861297508125553 ], [ 2.118673477614633, 50.860615839161916 ], [ 2.116619963304095, 50.856095687947594 ], [ 2.114216292972352, 50.855360000499886 ], [ 2.113880666661883, 50.85542311112048 ], [ 2.112725147657895, 50.856000757377615 ], [ 2.112437988868346, 50.85596821038223 ], [ 2.109504658977302, 50.853142707525713 ], [ 2.109508553439354, 50.853003671471271 ], [ 2.108786257695346, 50.85209863436355 ], [ 2.108934221381655, 50.851987543004327 ], [ 2.1081554865521, 50.851625793807585 ], [ 2.110034638926065, 50.850123863201723 ], [ 2.109554553341854, 50.84986473748792 ], [ 2.108366985706269, 50.849144780980872 ], [ 2.106659683350646, 50.849119106362657 ], [ 2.106028225358363, 50.849321833338038 ], [ 2.105403353253917, 50.849314661451274 ], [ 2.103396926763703, 50.848582500115313 ], [ 2.10177776754981, 50.848148271758411 ], [ 2.100888604456115, 50.847707622976387 ], [ 2.100510326351015, 50.847386391197581 ], [ 2.100351359542772, 50.847163637361781 ], [ 2.100275668814819, 50.846723465379043 ], [ 2.100033442990064, 50.846481269099378 ], [ 2.099756432204218, 50.846360839930306 ], [ 2.098341776372453, 50.846065311932037 ], [ 2.097260130367887, 50.845536215419379 ], [ 2.096967721392185, 50.84556280886035 ], [ 2.096085761767186, 50.845982588812959 ], [ 2.095249007832558, 50.846252858346894 ], [ 2.094112993295719, 50.846223079358943 ], [ 2.09378715270653, 50.846061010981373 ], [ 2.093809032653956, 50.845713954266067 ], [ 2.092332246674913, 50.846033384203785 ], [ 2.092383745946122, 50.845772674275899 ], [ 2.092095001433811, 50.845207131681192 ], [ 2.087711271047575, 50.846403407417846 ], [ 2.085486914263063, 50.842963398043224 ], [ 2.080329355885587, 50.845476216231226 ], [ 2.079667144876194, 50.844497867841021 ], [ 2.077423638444881, 50.84589258914238 ], [ 2.076935554107727, 50.846001127689227 ], [ 2.077337997388051, 50.846232891634727 ], [ 2.078260151314485, 50.846332121883528 ], [ 2.078933692408956, 50.846233919976406 ], [ 2.079079119048223, 50.846109385935634 ], [ 2.080731946813315, 50.846240009885648 ], [ 2.082728120554346, 50.846581287665288 ], [ 2.083297208621881, 50.846923715630147 ], [ 2.083510300946358, 50.846972833195522 ], [ 2.084382139143365, 50.846957704000985 ], [ 2.084946036855138, 50.847042590324534 ], [ 2.087860603808861, 50.848393585107154 ], [ 2.088502351708319, 50.849029004788044 ], [ 2.08971150293702, 50.849793272637598 ], [ 2.089860931576162, 50.849759372572024 ], [ 2.087931202302531, 50.851747809360134 ], [ 2.087757875449707, 50.852081193937877 ], [ 2.089244064342719, 50.85265728391046 ], [ 2.088747783318278, 50.853368718914311 ], [ 2.087487173774679, 50.854450138621935 ], [ 2.088317890063505, 50.854514691182224 ] ] ] ] } },
{ "type": "Feature", "properties": { "ID": "COMMUNE_0000000009727065", "NOM_COM": "Zouafques", "NOM_COM_M": "ZOUAFQUES", "INSEE_COM": "62904", "STATUT": "Commune simple", "INSEE_CAN": "37", "INSEE_ARR": "5", "INSEE_DEP": "62", "INSEE_REG": "32", "CODE_EPCI": "200069037", "POPULATION": 609, "TYPE": "COM" }, "geometry": { "type": "MultiPolygon", "coordinates": [ [ [ [ 2.039073944312839, 50.821400094827922 ], [ 2.039812951813312, 50.823401208345409 ], [ 2.041503171695124, 50.825531620446938 ], [ 2.044294668870868, 50.827855127839328 ], [ 2.047137895307042, 50.829956552770433 ], [ 2.049934320311995, 50.83155004717716 ], [ 2.052926385452673, 50.832815753236872 ], [ 2.054589818702946, 50.831620982360192 ], [ 2.055236694341417, 50.83262628876534 ], [ 2.059335604207222, 50.831637139456902 ], [ 2.061613286633771, 50.830075190199686 ], [ 2.061071124089709, 50.829373067335084 ], [ 2.064614627422463, 50.825868216957474 ], [ 2.06411834496275, 50.825742468936426 ], [ 2.067035470412996, 50.82465804956589 ], [ 2.066725812766361, 50.824400020746118 ], [ 2.067969577538362, 50.823561441969488 ], [ 2.068317209913295, 50.823225783931264 ], [ 2.068450972175248, 50.82266062939901 ], [ 2.069930786086316, 50.8216165319323 ], [ 2.072117342473363, 50.822404448716853 ], [ 2.072974117970157, 50.821727131110627 ], [ 2.073717020914606, 50.82199644062036 ], [ 2.075611994564607, 50.820554295799859 ], [ 2.074390566430034, 50.8197377190521 ], [ 2.074942743144888, 50.819596465836618 ], [ 2.074832373038686, 50.819513998103027 ], [ 2.072895314023139, 50.818260519404085 ], [ 2.072291189888282, 50.818759375422609 ], [ 2.069287233418989, 50.817988683416985 ], [ 2.068779183608035, 50.817966046682166 ], [ 2.068620885939387, 50.817719917308729 ], [ 2.068144754315115, 50.817808774281197 ], [ 2.067716291841387, 50.81807563956108 ], [ 2.067454068138431, 50.818086239295674 ], [ 2.065457912947172, 50.817506924029331 ], [ 2.066367397504033, 50.816585992017295 ], [ 2.065292425170039, 50.816054842445965 ], [ 2.064923815446896, 50.816377776751303 ], [ 2.061513656435356, 50.814775687406808 ], [ 2.061334599440163, 50.814430693857958 ], [ 2.06092850472399, 50.81403374356681 ], [ 2.060979849885249, 50.813863653559125 ], [ 2.061238878503065, 50.81364488217563 ], [ 2.061234643564974, 50.813493215501488 ], [ 2.060788406957906, 50.813348985602609 ], [ 2.060542452781922, 50.8129469592917 ], [ 2.060658746308147, 50.812561121811825 ], [ 2.060541334479956, 50.812403218262311 ], [ 2.059994169574517, 50.812053651490167 ], [ 2.059664208628744, 50.812354432539202 ], [ 2.059407172070468, 50.812316602910094 ], [ 2.059233244423399, 50.812076621778381 ], [ 2.058437580011282, 50.812515648648841 ], [ 2.05684803994231, 50.812169852661533 ], [ 2.056730172364202, 50.811961695881195 ], [ 2.056304841125574, 50.811911818888404 ], [ 2.055865939088509, 50.811680593045793 ], [ 2.054851709626685, 50.812518114882728 ], [ 2.053081927404179, 50.81361547486685 ], [ 2.052697111099602, 50.81322045288055 ], [ 2.051515156011706, 50.813712127993739 ], [ 2.051367625448304, 50.813575520627978 ], [ 2.049545656511847, 50.814506441492348 ], [ 2.048459199955796, 50.81481398245689 ], [ 2.047432632595704, 50.816438231561804 ], [ 2.04635451169796, 50.816825672179334 ], [ 2.047471856246236, 50.817874121917832 ], [ 2.047224948460347, 50.817972725991758 ], [ 2.042819950364132, 50.819385330990549 ], [ 2.039344034468061, 50.82020020278236 ], [ 2.038454315413026, 50.820505582405197 ], [ 2.03843917774963, 50.820513552489636 ], [ 2.039073944312839, 50.821400094827922 ] ] ] ] } },
{ "type": "Feature", "properties": { "ID": "COMMUNE_0000000009727020", "NOM_COM": "Audruicq", "NOM_COM_M": "AUDRUICQ", "INSEE_COM": "62057", "STATUT": "Commune simple", "INSEE_CAN": "34", "INSEE_ARR": "6", "INSEE_DEP": "62", "INSEE_REG": "32", "CODE_EPCI": "246200844", "POPULATION": 5412, "TYPE": "COM" }, "geometry": { "type": "MultiPolygon", "coordinates": [ [ [ [ 2.11775099431572, 50.886909404687955 ], [ 2.118286580475629, 50.886836328075226 ], [ 2.118317976389019, 50.886710708939169 ], [ 2.118570002740953, 50.88657432951856 ], [ 2.118556132327805, 50.885672606946315 ], [ 2.118411789064533, 50.885092035153257 ], [ 2.116408519110171, 50.886259361138009 ], [ 2.11775099431572, 50.886909404687955 ] ] ] ] } },
{ "type": "Feature", "properties": { "ID": "COMMUNE_0000000009727205", "NOM_COM": "Coulomby", "NOM_COM_M": "COULOMBY", "INSEE_COM": "62245", "STATUT": "Commune simple", "INSEE_CAN": "33", "INSEE_ARR": "5", "INSEE_DEP": "62", "INSEE_REG": "32", "CODE_EPCI": "246201016", "POPULATION": 737, "TYPE": "COM" }, "geometry": { "type": "MultiPolygon", "coordinates": [ [ [ [ 1.988020194607308, 50.717951698463217 ], [ 1.986418854144283, 50.716142920534431 ], [ 1.983515464917722, 50.715765291024226 ], [ 1.980669060617738, 50.716412793966455 ], [ 1.97975398984778, 50.716757629693937 ], [ 1.982132269107378, 50.716801067552076 ], [ 1.985263754391833, 50.717192791722283 ], [ 1.986263403195242, 50.71724850540177 ], [ 1.986490468322772, 50.717413680761659 ], [ 1.988081172126765, 50.718125757244813 ], [ 1.988020194607308, 50.717951698463217 ] ] ], [ [ [ 1.97222212708672, 50.714665059421449 ], [ 1.970814279577923, 50.712979664731542 ], [ 1.969923121621321, 50.71129585191909 ], [ 1.969160223122778, 50.709735432989277 ], [ 1.968012804620641, 50.70780479824289 ], [ 1.9668007659859, 50.706847994518583 ], [ 1.966835269849045, 50.706990200461931 ], [ 1.966781955221032, 50.707382821071029 ], [ 1.966466724039743, 50.707729291883091 ], [ 1.965091130124658, 50.708643074585204 ], [ 1.964112548760392, 50.709081833326906 ], [ 1.963863751463232, 50.709973573649897 ], [ 1.96398000022098, 50.710366706846379 ], [ 1.964444152465303, 50.711022983590816 ], [ 1.965170633321557, 50.711843870422662 ], [ 1.965875470283907, 50.712413300260678 ], [ 1.967037688411325, 50.71314805700586 ], [ 1.96772224527609, 50.713468727588904 ], [ 1.968640559755447, 50.713763513713076 ], [ 1.968016413289963, 50.714970717474742 ], [ 1.973244730544446, 50.715790510470661 ], [ 1.97222212708672, 50.714665059421449 ] ] ] ] } },
{ "type": "Feature", "properties": { "ID": "COMMUNE_0000000009727072", "NOM_COM": "Bouquehault", "NOM_COM_M": "BOUQUEHAULT", "INSEE_COM": "62161", "STATUT": "Commune simple", "INSEE_CAN": "19", "INSEE_ARR": "6", "INSEE_DEP": "62", "INSEE_REG": "32", "CODE_EPCI": "200072478", "POPULATION": 765, "TYPE": "COM" }, "geometry": { "type": "MultiPolygon", "coordinates": [ [ [ [ 1.892219030301335, 50.798965421119647 ], [ 1.897400732208548, 50.7991706512246 ], [ 1.897714272847344, 50.799256657219509 ], [ 1.897949556937506, 50.799169921595343 ], [ 1.898465730716548, 50.798811980712522 ], [ 1.898966235876738, 50.798136257716557 ], [ 1.898731254800696, 50.796847462455467 ], [ 1.89831108207528, 50.796447143448276 ], [ 1.899053123532835, 50.795538462120348 ], [ 1.895884847449913, 50.795208931130475 ], [ 1.894503093839384, 50.795400363624474 ], [ 1.892584381021973, 50.795992586836718 ], [ 1.891537699631683, 50.796075699840578 ], [ 1.890067669543459, 50.796351540912688 ], [ 1.888944567672641, 50.797835526426546 ], [ 1.88747510296136, 50.798847122544622 ], [ 1.887065073442837, 50.799272463109872 ], [ 1.892219030301335, 50.798965421119647 ] ] ] ] } },
{ "type": "Feature", "properties": { "ID": "COMMUNE_0000000009727060", "NOM_COM": "Nordausques", "NOM_COM_M": "NORDAUSQUES", "INSEE_COM": "62618", "STATUT": "Commune simple", "INSEE_CAN": "37", "INSEE_ARR": "5", "INSEE_DEP": "62", "INSEE_REG": "32", "CODE_EPCI": "200069037", "POPULATION": 1273, "TYPE": "COM" }, "geometry": { "type": "MultiPolygon", "coordinates": [ [ [ [ 2.10094696582319, 50.815686952495319 ], [ 2.098819546921109, 50.814042756236276 ], [ 2.097533311614209, 50.812441217344343 ], [ 2.097799558859261, 50.810965795389279 ], [ 2.098259089878274, 50.809654755762899 ], [ 2.097356484175288, 50.808996956085224 ], [ 2.093414002110069, 50.808086961564094 ], [ 2.087210254945187, 50.806557117856563 ], [ 2.081782220069662, 50.80523361248931 ], [ 2.076871187292073, 50.804074987149235 ], [ 2.074470366916114, 50.803455389772999 ], [ 2.071485075197241, 50.803586273993027 ], [ 2.070905733192421, 50.803674373257564 ], [ 2.069887647932114, 50.804056188413 ], [ 2.069892208490826, 50.804191708568105 ], [ 2.068791705318925, 50.804968590278591 ], [ 2.067469477403496, 50.80654774437248 ], [ 2.066176343422082, 50.807170625777843 ], [ 2.064277193191279, 50.808469960332808 ], [ 2.063308821579873, 50.809138317094728 ], [ 2.061952498044056, 50.810330433098706 ], [ 2.061252487276732, 50.810429243202165 ], [ 2.061110174052486, 50.810692860253205 ], [ 2.060213409327837, 50.811464914559863 ], [ 2.059869816433085, 50.811737778841568 ], [ 2.059379009736889, 50.811856101373031 ], [ 2.059233244423399, 50.812076621778381 ], [ 2.059407172070468, 50.812316602910094 ], [ 2.059664208628744, 50.812354432539202 ], [ 2.059994169574517, 50.812053651490167 ], [ 2.060541334479956, 50.812403218262311 ], [ 2.060658746308147, 50.812561121811825 ], [ 2.060542452781922, 50.8129469592917 ], [ 2.060788406957906, 50.813348985602609 ], [ 2.061234643564974, 50.813493215501488 ], [ 2.061238878503065, 50.81364488217563 ], [ 2.060979849885249, 50.813863653559125 ], [ 2.06092850472399, 50.81403374356681 ], [ 2.061334599440163, 50.814430693857958 ], [ 2.061513656435356, 50.814775687406808 ], [ 2.064923815446896, 50.816377776751303 ], [ 2.065292425170039, 50.816054842445965 ], [ 2.066367397504033, 50.816585992017295 ], [ 2.065457912947172, 50.817506924029331 ], [ 2.067454068138431, 50.818086239295674 ], [ 2.067716291841387, 50.81807563956108 ], [ 2.068144754315115, 50.817808774281197 ], [ 2.068620885939387, 50.817719917308729 ], [ 2.068779183608035, 50.817966046682166 ], [ 2.069287233418989, 50.817988683416985 ], [ 2.072291189888282, 50.818759375422609 ], [ 2.072895314023139, 50.818260519404085 ], [ 2.074832373038686, 50.819513998103027 ], [ 2.074942743144888, 50.819596465836618 ], [ 2.074390566430034, 50.8197377190521 ], [ 2.075611994564607, 50.820554295799859 ], [ 2.073717020914606, 50.82199644062036 ], [ 2.075669844408766, 50.822559146085169 ], [ 2.075792918850077, 50.822107853133218 ], [ 2.076989650851186, 50.822501633212084 ], [ 2.077498060481985, 50.823121795295314 ], [ 2.078378804815577, 50.82383084208967 ], [ 2.079271775744664, 50.824261830760392 ], [ 2.078904312946902, 50.824908710395349 ], [ 2.079601188467419, 50.825374135898137 ], [ 2.080253681646269, 50.825634661685882 ], [ 2.081101807624371, 50.824808288175646 ], [ 2.084466211581016, 50.827123662967701 ], [ 2.086096546940469, 50.826978610838829 ], [ 2.08782812306309, 50.827884031043638 ], [ 2.087239546971846, 50.828231434880927 ], [ 2.088367271449052, 50.828227125216856 ], [ 2.090054862875065, 50.827661642181994 ], [ 2.09150174023305, 50.827010043027713 ], [ 2.092895190917721, 50.825787402396344 ], [ 2.096532195053902, 50.823711610793417 ], [ 2.098129426941454, 50.822644707346328 ], [ 2.100256002215873, 50.820573115728941 ], [ 2.102647033697309, 50.818514153515771 ], [ 2.103961746670597, 50.816947865500097 ], [ 2.10094696582319, 50.815686952495319 ] ] ] ] } },
{ "type": "Feature", "properties": { "ID": "COMMUNE_0000000009727019", "NOM_COM": "Sainte-Marie-Kerque", "NOM_COM_M": "SAINTE MARIE KERQUE", "INSEE_COM": "62756", "STATUT": "Commune simple", "INSEE_CAN": "34", "INSEE_ARR": "6", "INSEE_DEP": "62", "INSEE_REG": "32", "CODE_EPCI": "246200844", "POPULATION": 1648, "TYPE": "COM" }, "geometry": { "type": "MultiPolygon", "coordinates": [ [ [ [ 2.11910985504227, 50.886723993677684 ], [ 2.118570002740953, 50.88657432951856 ], [ 2.118317976389019, 50.886710708939169 ], [ 2.118286580475629, 50.886836328075226 ], [ 2.11910985504227, 50.886723993677684 ] ] ], [ [ [ 2.123582082598793, 50.88131450932886 ], [ 2.123792285963381, 50.880987623815614 ], [ 2.123598233415941, 50.881217016787048 ], [ 2.123487959803597, 50.881471933670788 ], [ 2.123582082598793, 50.88131450932886 ] ] ], [ [ [ 2.127542541904397, 50.873428372029529 ], [ 2.12747114180011, 50.873667720145235 ], [ 2.127374730173524, 50.874150311286151 ], [ 2.127542541904397, 50.873428372029529 ] ] ], [ [ [ 2.128559841629561, 50.870940691512963 ], [ 2.129086607952657, 50.870508687285984 ], [ 2.129354734477348, 50.870321633881353 ], [ 2.129065262695278, 50.870392568657245 ], [ 2.128482778605255, 50.870785046257033 ], [ 2.127855186189369, 50.872380294316159 ], [ 2.127854366640903, 50.872383041749949 ], [ 2.128559841629561, 50.870940691512963 ] ] ] ] } },
{ "type": "Feature", "properties": { "ID": "COMMUNE_0000000009727132", "NOM_COM": "Bonningues-lès-Ardres", "NOM_COM_M": "BONNINGUES LES ARDRES", "INSEE_COM": "62155", "STATUT": "Commune simple", "INSEE_CAN": "33", "INSEE_ARR": "5", "INSEE_DEP": "62", "INSEE_REG": "32", "CODE_EPCI": "246201016", "POPULATION": 656, "TYPE": "COM" }, "geometry": { "type": "MultiPolygon", "coordinates": [ [ [ [ 2.040084387547202, 50.758028112375726 ], [ 2.03589331081855, 50.7563775449593 ], [ 2.035029887381089, 50.75621641225024 ], [ 2.034894411675134, 50.756513300105816 ], [ 2.034807962998283, 50.756448022126186 ], [ 2.028389106942152, 50.755261740627738 ], [ 2.027369209273725, 50.755166605842007 ], [ 2.02407076310444, 50.755485957596456 ], [ 2.021547070016057, 50.7559302803162 ], [ 2.020126203635396, 50.755762494345937 ], [ 2.018903344814176, 50.754980217466631 ], [ 2.017179997876929, 50.753814687810667 ], [ 2.016978751270385, 50.75381749954871 ], [ 2.01682309760456, 50.753964330425823 ], [ 2.015605189280235, 50.754179038039581 ], [ 2.01567891899312, 50.754314221328535 ], [ 2.015555585677488, 50.754615647643554 ], [ 2.015421345489979, 50.754608304525817 ], [ 2.015263697991188, 50.755000089718678 ], [ 2.015172983235325, 50.755800690574688 ], [ 2.014512370136512, 50.757381944560386 ], [ 2.014556221932077, 50.757525864604155 ], [ 2.013586845250733, 50.759697799038634 ], [ 2.013565048536154, 50.760086169052663 ], [ 2.013894512820218, 50.760525777421265 ], [ 2.013589033453825, 50.760879595749628 ], [ 2.0137015784511, 50.760983679952666 ], [ 2.011019247467212, 50.759763570508987 ], [ 2.009794675265678, 50.759018923702385 ], [ 2.009111977104693, 50.759703537042974 ], [ 2.005824598179383, 50.762033707416386 ], [ 2.005623217226978, 50.761915446711789 ], [ 2.004925787534574, 50.762126129486447 ], [ 2.005384168121232, 50.762767790613673 ], [ 2.004150551262809, 50.763830230953019 ], [ 2.002556796622684, 50.763649672695756 ], [ 2.002297379566393, 50.763958965296162 ], [ 2.002308264736985, 50.764406816748462 ], [ 2.001063239100417, 50.765113793858028 ], [ 2.000982876541153, 50.765525019705258 ], [ 2.000607956344404, 50.765665582128165 ], [ 1.999553140566611, 50.766409962730862 ], [ 1.998934683929609, 50.766629321658463 ], [ 1.999181231399672, 50.767390436220509 ], [ 1.999247236888084, 50.767486082601913 ], [ 1.999721186321694, 50.767347217487441 ], [ 2.000269647944128, 50.767019614500022 ], [ 2.001285927753956, 50.767356189553254 ], [ 2.001708872649655, 50.767362273425746 ], [ 2.002231681438342, 50.766617202652007 ], [ 2.001635996538067, 50.766120695942625 ], [ 2.00263260166402, 50.765526581333539 ], [ 2.003018746594349, 50.765461477713522 ], [ 2.003347040460947, 50.765530507978106 ], [ 2.003568632920344, 50.765700080694053 ], [ 2.004548878316366, 50.766923790541391 ], [ 2.004787303262674, 50.767386021078146 ], [ 2.005793792353, 50.768431361235081 ], [ 2.006766234989683, 50.769982505265794 ], [ 2.00722631082556, 50.771471228196503 ], [ 2.007225085713698, 50.771818478250431 ], [ 2.007785830300434, 50.77258476513866 ], [ 2.00781675990649, 50.772952011620809 ], [ 2.007719078067972, 50.773311054600065 ], [ 2.007467470385252, 50.773368271794233 ], [ 2.007045766370731, 50.773796515682037 ], [ 2.004344355686351, 50.775146032883967 ], [ 2.004923774831764, 50.776325239094 ], [ 2.004610668862185, 50.776485149165048 ], [ 2.004859425427032, 50.776999498755821 ], [ 2.007398670557805, 50.779836398038569 ], [ 2.008087237988818, 50.779156345940109 ], [ 2.008267869796288, 50.777468163069429 ], [ 2.009343990307457, 50.778727568745168 ], [ 2.009762083807347, 50.779484627265248 ], [ 2.010088547956864, 50.780510145078964 ], [ 2.01014613617706, 50.78153442092637 ], [ 2.008970947343132, 50.781843616010072 ], [ 2.008599093880711, 50.781181142113233 ], [ 2.00719689040817, 50.781589908074594 ], [ 2.007429409393144, 50.781926453674373 ], [ 2.005883852217577, 50.782496472963174 ], [ 2.00597015552033, 50.782640729391254 ], [ 2.005172647045586, 50.782887399593946 ], [ 2.004696675105191, 50.782480710259406 ], [ 2.003767496689404, 50.782942567928494 ], [ 2.003948418581191, 50.783168339230201 ], [ 2.002168519991515, 50.784058566976626 ], [ 2.00260978583839, 50.784430889896647 ], [ 2.001126438978895, 50.785139530569303 ], [ 2.002187543693516, 50.785660390695149 ], [ 2.001058719205598, 50.786405068963042 ], [ 2.000443066658163, 50.787180774348002 ], [ 2.000182478103231, 50.787116769753943 ], [ 1.998882889467383, 50.788611088665753 ], [ 1.999572249527058, 50.788823901180557 ], [ 1.99941052039727, 50.789124988745954 ], [ 1.999580821697435, 50.789315684651513 ], [ 1.999687679229684, 50.789847737752247 ], [ 1.999595919579569, 50.790543296272389 ], [ 1.99941028509947, 50.790836115520932 ], [ 1.999512334066629, 50.790900642561432 ], [ 1.999856806366243, 50.791018261475635 ], [ 2.000701394066618, 50.791115665623252 ], [ 2.002852179797827, 50.791802275903862 ], [ 2.004425010616412, 50.792225812361849 ], [ 2.004928077668302, 50.792271106920857 ], [ 2.004194453832763, 50.794350530287872 ], [ 2.005901208384356, 50.79466475062042 ], [ 2.005518863015821, 50.795524882725495 ], [ 2.006469995489517, 50.795536958020712 ], [ 2.006210657450666, 50.796049030566358 ], [ 2.006397005357141, 50.796360975347639 ], [ 2.006719274614551, 50.796458656672336 ], [ 2.006901388863748, 50.796413450032077 ], [ 2.007295286390283, 50.796040629606189 ], [ 2.007536253439088, 50.795954616139937 ], [ 2.007984347171718, 50.796204039352553 ], [ 2.008560780567384, 50.796264259248495 ], [ 2.008848802509633, 50.796089787174211 ], [ 2.00918429415202, 50.796163340817593 ], [ 2.009460806479074, 50.796069530850488 ], [ 2.009678366340729, 50.7961645774011 ], [ 2.009654438030004, 50.796515222905079 ], [ 2.010032218117665, 50.796669865322293 ], [ 2.010159634593361, 50.796669980455377 ], [ 2.010392167279117, 50.796437638284772 ], [ 2.010725296859333, 50.796416057501702 ], [ 2.010736703258407, 50.796555226117569 ], [ 2.010563138410379, 50.79659781439711 ], [ 2.010504051059449, 50.796722066685028 ], [ 2.011623143313374, 50.796761457355657 ], [ 2.011977451544371, 50.796886297400839 ], [ 2.012095884686816, 50.796624334385491 ], [ 2.012269466030116, 50.796580846835475 ], [ 2.012568020292379, 50.796661276609775 ], [ 2.012907907979911, 50.79737371586981 ], [ 2.015800654958207, 50.799157951339275 ], [ 2.017301159800962, 50.798018593117099 ], [ 2.017514448153726, 50.797971822438761 ], [ 2.018007214700258, 50.798184772326529 ], [ 2.018155332143297, 50.798645343969206 ], [ 2.018852989618171, 50.799384809373208 ], [ 2.019356098626697, 50.799648979269527 ], [ 2.020301497431586, 50.798367035655971 ], [ 2.021185868025561, 50.798465508638564 ], [ 2.022021825815211, 50.797564032135959 ], [ 2.022735980046953, 50.798113384175004 ], [ 2.023450575244017, 50.79849584221104 ], [ 2.024914646258948, 50.796382563535715 ], [ 2.029481053764829, 50.797300240919057 ], [ 2.032654813644742, 50.798346917608718 ], [ 2.035137033426523, 50.79458594908823 ], [ 2.03515570252985, 50.793911341129885 ], [ 2.034271949891663, 50.792976707326112 ], [ 2.034108165822195, 50.792514235846852 ], [ 2.035192501967431, 50.79170880546684 ], [ 2.035929054594184, 50.792200833877033 ], [ 2.037323913259873, 50.791293703044659 ], [ 2.036528397837842, 50.790776102277491 ], [ 2.035991031142431, 50.790232678177901 ], [ 2.03431583201213, 50.788868393202364 ], [ 2.034589859974089, 50.788385086071806 ], [ 2.033505769799119, 50.785662384593479 ], [ 2.033589690431667, 50.784321586858042 ], [ 2.033816496308644, 50.783350682178636 ], [ 2.034076116701015, 50.78067875907589 ], [ 2.036102943322944, 50.779129576651144 ], [ 2.036302493252184, 50.778468017507272 ], [ 2.037375650727443, 50.777269449576103 ], [ 2.037878389078752, 50.776147221971065 ], [ 2.038407287975558, 50.775282718574267 ], [ 2.042338891790223, 50.769643836031065 ], [ 2.042401000345908, 50.769281800374237 ], [ 2.042264295530742, 50.76888324024285 ], [ 2.041942339120898, 50.768405188268851 ], [ 2.040925250204364, 50.767430952284805 ], [ 2.040771527732572, 50.767183006871967 ], [ 2.040759039985462, 50.766283801840039 ], [ 2.040925533024597, 50.765717083982828 ], [ 2.040917681405841, 50.765240548765426 ], [ 2.041202453719054, 50.764333760269423 ], [ 2.042013144834004, 50.762781359056959 ], [ 2.041393476560518, 50.761671987892541 ], [ 2.040771399404271, 50.759803457642704 ], [ 2.040896189107618, 50.758778185407365 ], [ 2.040084387547202, 50.758028112375726 ] ] ] ] } },
{ "type": "Feature", "properties": { "ID": "COMMUNE_0000000009727142", "NOM_COM": "Hardinghen", "NOM_COM_M": "HARDINGHEN", "INSEE_COM": "62412", "STATUT": "Commune simple", "INSEE_CAN": "19", "INSEE_ARR": "6", "INSEE_DEP": "62", "INSEE_REG": "32", "CODE_EPCI": "200072478", "POPULATION": 1210, "TYPE": "COM" }, "geometry": { "type": "MultiPolygon", "coordinates": [ [ [ [ 1.852230123647106, 50.783464492119883 ], [ 1.854469457149919, 50.78509846963717 ], [ 1.852807508275625, 50.783605089672299 ], [ 1.852171979193334, 50.78317300721217 ], [ 1.851850702323325, 50.783148497402564 ], [ 1.852230123647106, 50.783464492119883 ] ] ] ] } },
{ "type": "Feature", "properties": { "ID": "COMMUNE_0000000009727058", "NOM_COM": "Ruminghem", "NOM_COM_M": "RUMINGHEM", "INSEE_COM": "62730", "STATUT": "Commune simple", "INSEE_CAN": "34", "INSEE_ARR": "6", "INSEE_DEP": "62", "INSEE_REG": "32", "CODE_EPCI": "246200844", "POPULATION": 1650, "TYPE": "COM" }, "geometry": { "type": "MultiPolygon", "coordinates": [ [ [ [ 2.129428795761482, 50.870269966067632 ], [ 2.129718137505451, 50.870053265436347 ], [ 2.130494922736884, 50.869914288364228 ], [ 2.132377812624724, 50.869777703652709 ], [ 2.137699550673526, 50.86992706892017 ], [ 2.145018055679856, 50.869868944048093 ], [ 2.147995223512583, 50.867516251243138 ], [ 2.14771691732873, 50.863611114160861 ], [ 2.147729479708081, 50.86045018443987 ], [ 2.148723212802838, 50.856794969965343 ], [ 2.150501066065081, 50.852893053360873 ], [ 2.150709010203413, 50.849794389850629 ], [ 2.149643015113899, 50.847003618916702 ], [ 2.148382828178899, 50.843840645278711 ], [ 2.147898754170563, 50.842316518408694 ], [ 2.146694186995256, 50.842517068957825 ], [ 2.142874129433949, 50.843245414050095 ], [ 2.140236751889787, 50.843588829542384 ], [ 2.140471748602889, 50.844509176869487 ], [ 2.141495004771143, 50.846317788050435 ], [ 2.141615784803119, 50.846959213807011 ], [ 2.142001500739278, 50.847192445821669 ], [ 2.141163367219344, 50.849288790808671 ], [ 2.140367895719037, 50.850713426233604 ], [ 2.140052422895309, 50.851586006999746 ], [ 2.13932695755619, 50.852974329316261 ], [ 2.13989795100334, 50.85339725189975 ], [ 2.139570553737004, 50.853726054025095 ], [ 2.139941306858585, 50.854007634239927 ], [ 2.140317327060746, 50.854477657400324 ], [ 2.139982913669523, 50.854884466383027 ], [ 2.140357252776523, 50.85512300489227 ], [ 2.139619662391334, 50.85589577391579 ], [ 2.139926689333518, 50.856092578832467 ], [ 2.139141930265235, 50.856722367614168 ], [ 2.137812889355664, 50.856281646482586 ], [ 2.137236517436993, 50.856908377499487 ], [ 2.135482475522819, 50.859814746110494 ], [ 2.13515798931029, 50.860544590301281 ], [ 2.130732141448835, 50.867568264633981 ], [ 2.129689828218895, 50.86945580528905 ], [ 2.129431832230027, 50.869778777720825 ], [ 2.129123412633279, 50.869984766768106 ], [ 2.129065262695278, 50.870392568657245 ], [ 2.129354734477348, 50.870321633881353 ], [ 2.129428795761482, 50.870269966067632 ] ] ] ] } },
{ "type": "Feature", "properties": { "ID": "COMMUNE_0000000009727138", "NOM_COM": "Bainghen", "NOM_COM_M": "BAINGHEN", "INSEE_COM": "62076", "STATUT": "Commune simple", "INSEE_CAN": "19", "INSEE_ARR": "6", "INSEE_DEP": "62", "INSEE_REG": "32", "CODE_EPCI": "200072478", "POPULATION": 227, "TYPE": "COM" }, "geometry": { "type": "MultiPolygon", "coordinates": [ [ [ [ 1.893946097056036, 50.737445527178537 ], [ 1.891344903665618, 50.737511954051726 ], [ 1.889075986079255, 50.737503411532494 ], [ 1.888596789079006, 50.73884433763061 ], [ 1.887546281666268, 50.738261527063834 ], [ 1.885855805611598, 50.737651440969408 ], [ 1.884726835320636, 50.737419674432068 ], [ 1.88249838245925, 50.73709367382191 ], [ 1.88135081635384, 50.737196314564734 ], [ 1.880178213294726, 50.737951884173825 ], [ 1.878488141578915, 50.738960924489476 ], [ 1.878433580534876, 50.739004036985598 ], [ 1.878273268790997, 50.739545875942618 ], [ 1.877909516318487, 50.740254214630355 ], [ 1.877921155202502, 50.740807999481611 ], [ 1.877658077781645, 50.740923689747397 ], [ 1.877940470262686, 50.741827755855859 ], [ 1.877731142652815, 50.742791724170111 ], [ 1.876843302697896, 50.743575340821501 ], [ 1.875756593148744, 50.744231233575555 ], [ 1.874931055118998, 50.74454357768272 ], [ 1.874221421982796, 50.744905183761148 ], [ 1.872788091672277, 50.745372301187118 ], [ 1.878333702965996, 50.749037893196295 ], [ 1.877014208507493, 50.749849772620543 ], [ 1.878218007769828, 50.75054082847214 ], [ 1.880003438070838, 50.75153772231954 ], [ 1.881636022725606, 50.752667818703969 ], [ 1.8839910586246, 50.751660585777628 ], [ 1.88662843381113, 50.753347008021009 ], [ 1.888627459405289, 50.751869878344564 ], [ 1.889709855865364, 50.752431413050125 ], [ 1.890502594715105, 50.752723841374916 ], [ 1.892997992300343, 50.754958037617037 ], [ 1.893818777823621, 50.755584507348104 ], [ 1.894391930409679, 50.756215053052472 ], [ 1.895662549124605, 50.757101248229404 ], [ 1.896135611062007, 50.757204152629228 ], [ 1.898893008662939, 50.758482169008019 ], [ 1.900119723395535, 50.75931229067205 ], [ 1.900657786974226, 50.7589688736659 ], [ 1.903997506235115, 50.760928509341234 ], [ 1.904348790691351, 50.760715342089739 ], [ 1.905716733495148, 50.761628305455247 ], [ 1.907546541127821, 50.762579404872156 ], [ 1.906814347206174, 50.763066514085942 ], [ 1.907091714695857, 50.763258287865177 ], [ 1.909585100087843, 50.764732941019155 ], [ 1.911043774641505, 50.765321797837814 ], [ 1.910899218638391, 50.765527817773851 ], [ 1.912518773792041, 50.76613780484719 ], [ 1.912487877468963, 50.766192272337832 ], [ 1.913243875742525, 50.766107345620199 ], [ 1.91376773694865, 50.765765546343971 ], [ 1.915093480148038, 50.766550607524046 ], [ 1.916056271940305, 50.766063665666735 ], [ 1.916778784349034, 50.765106217307611 ], [ 1.917606841600112, 50.764108403830427 ], [ 1.918797362570616, 50.762900165845103 ], [ 1.918341020134118, 50.762673662006421 ], [ 1.918856379005137, 50.76206705148671 ], [ 1.919684996114169, 50.762285119390619 ], [ 1.921903535649636, 50.763462813739032 ], [ 1.926321754440137, 50.765524484471186 ], [ 1.928400531779512, 50.763263166582206 ], [ 1.927451128102065, 50.762670825122427 ], [ 1.92835867226014, 50.761979615457314 ], [ 1.927876391571197, 50.761773562029674 ], [ 1.927338747632056, 50.76131218561806 ], [ 1.928966129662043, 50.76023593098887 ], [ 1.92827938333709, 50.759933001094304 ], [ 1.928938394974442, 50.75928361458665 ], [ 1.92980592495865, 50.759534255117913 ], [ 1.93092276587041, 50.757715967515061 ], [ 1.930796770322494, 50.757653866050291 ], [ 1.931411740988318, 50.756943964429361 ], [ 1.931181433168838, 50.756665605237949 ], [ 1.931222548637807, 50.756595068099998 ], [ 1.930898166492126, 50.756349999516118 ], [ 1.930598457698069, 50.756208336587235 ], [ 1.930442320359617, 50.756233018056143 ], [ 1.929567057536875, 50.755817202225039 ], [ 1.928527508692127, 50.756535107523952 ], [ 1.928208772213558, 50.75655569441912 ], [ 1.926595467318502, 50.755527792275629 ], [ 1.92286765488208, 50.753436175131426 ], [ 1.923633430066694, 50.752886442866725 ], [ 1.922798148217982, 50.752195435301815 ], [ 1.923566861889646, 50.75157393984616 ], [ 1.922867563974463, 50.751335475631812 ], [ 1.923618802866107, 50.750473337238837 ], [ 1.921476659539967, 50.749910995869627 ], [ 1.921989112128308, 50.749497268290803 ], [ 1.921793726936531, 50.749571850938935 ], [ 1.92095625946728, 50.749642662774647 ], [ 1.920846316552505, 50.749559152848249 ], [ 1.918903817429393, 50.749121434564003 ], [ 1.919399544139321, 50.748631296433636 ], [ 1.91929192992693, 50.748505629413948 ], [ 1.919347918716859, 50.747680546787279 ], [ 1.919146972958745, 50.747488561829634 ], [ 1.917188675598886, 50.746608279163155 ], [ 1.914756448787747, 50.745867409671277 ], [ 1.910511986276547, 50.743656011883289 ], [ 1.909110848402846, 50.743116983435947 ], [ 1.906692262918872, 50.74234735373858 ], [ 1.904042996312638, 50.741200543789745 ], [ 1.90021315509848, 50.73875820845759 ], [ 1.898417152469754, 50.738180565052012 ], [ 1.89640980068953, 50.737890872593553 ], [ 1.894780485726483, 50.737452849494836 ], [ 1.894555694119224, 50.737343194979125 ], [ 1.893946097056036, 50.737445527178537 ] ] ] ] } },
{ "type": "Feature", "properties": { "ID": "COMMUNE_0000000009727141", "NOM_COM": "Herbinghen", "NOM_COM_M": "HERBINGHEN", "INSEE_COM": "62432", "STATUT": "Commune simple", "INSEE_CAN": "19", "INSEE_ARR": "6", "INSEE_DEP": "62", "INSEE_REG": "32", "CODE_EPCI": "200072478", "POPULATION": 378, "TYPE": "COM" }, "geometry": { "type": "MultiPolygon", "coordinates": [ [ [ [ 1.878218007769828, 50.75054082847214 ], [ 1.876821459724371, 50.75138072537024 ], [ 1.874896106760292, 50.750633781321582 ], [ 1.874629688179571, 50.750592786094387 ], [ 1.87457623370362, 50.750642554960969 ], [ 1.873454431544297, 50.750207056603784 ], [ 1.871883303592912, 50.74937443067531 ], [ 1.87244044393081, 50.749004381704161 ], [ 1.871290379264859, 50.748193507777266 ], [ 1.870119120315298, 50.748951023702261 ], [ 1.870357744850613, 50.749094973369672 ], [ 1.86886893212172, 50.750070345373629 ], [ 1.868518550372449, 50.749864356406874 ], [ 1.867031373886517, 50.751265070150062 ], [ 1.86830547125609, 50.752596678785899 ], [ 1.869283069643856, 50.753342295318184 ], [ 1.871275762572589, 50.754177874591477 ], [ 1.872938646348596, 50.755402578543858 ], [ 1.873915858109825, 50.756548370505165 ], [ 1.873876361079557, 50.756669155840569 ], [ 1.874658803488553, 50.757607683693337 ], [ 1.875693806649209, 50.758199417137668 ], [ 1.87592217715157, 50.758487734349366 ], [ 1.876380807772802, 50.758160752774543 ], [ 1.876591208378517, 50.758556588536479 ], [ 1.877424249180401, 50.759134818008619 ], [ 1.877393969292667, 50.759412723079521 ], [ 1.879436039437891, 50.760650617313757 ], [ 1.880454330304427, 50.761488926945532 ], [ 1.880694903262471, 50.761866180456643 ], [ 1.880964102069276, 50.761722333380135 ], [ 1.882195354135784, 50.762783287570862 ], [ 1.881579450345181, 50.763056829598533 ], [ 1.881689237190211, 50.763145755467242 ], [ 1.883365617031563, 50.763789839886911 ], [ 1.884429078396869, 50.764448151537636 ], [ 1.885445295687577, 50.764941817090559 ], [ 1.886478434286018, 50.765248081272937 ], [ 1.88847536871949, 50.765544101005624 ], [ 1.891260992856212, 50.766645744607153 ], [ 1.891396187103761, 50.766419024972684 ], [ 1.891618769729729, 50.766463181557754 ], [ 1.89254988913351, 50.766842964667077 ], [ 1.894444576016866, 50.767352440651194 ], [ 1.894098298580445, 50.767847386151466 ], [ 1.896703267812405, 50.768489657399762 ], [ 1.900265965894077, 50.76972539586599 ], [ 1.900814562064884, 50.77000302863793 ], [ 1.903311988917048, 50.771687801371002 ], [ 1.90380481084554, 50.771282959442644 ], [ 1.904945284913028, 50.772192116765119 ], [ 1.906288728575587, 50.772686685860521 ], [ 1.907521510940118, 50.773000803976352 ], [ 1.907336120924909, 50.774168391183942 ], [ 1.907601159371882, 50.774214685434146 ], [ 1.908235318738664, 50.774596225568942 ], [ 1.908408053035, 50.774787075028662 ], [ 1.910420164446282, 50.775969420614935 ], [ 1.911415181325883, 50.774661752092292 ], [ 1.917773098007379, 50.77729965640394 ], [ 1.919008912843269, 50.775843274086334 ], [ 1.92189856146881, 50.777100342998629 ], [ 1.922240080044264, 50.776948063244028 ], [ 1.926417612465308, 50.777684054967608 ], [ 1.926526882705849, 50.777604238491811 ], [ 1.926419709435841, 50.7768603364729 ], [ 1.926940007049008, 50.776289640459758 ], [ 1.926502006748233, 50.776124348203425 ], [ 1.927565401184659, 50.775701003335534 ], [ 1.927406385233355, 50.775262639507069 ], [ 1.926820529687357, 50.774667155579735 ], [ 1.925713154697344, 50.773909241521672 ], [ 1.924237006925989, 50.772204147112021 ], [ 1.923764090871428, 50.771887791688115 ], [ 1.923102258301747, 50.771604796192108 ], [ 1.922776927104666, 50.771138064970401 ], [ 1.921974409395607, 50.770357624356073 ], [ 1.920745218548638, 50.769481952296999 ], [ 1.920438626887332, 50.769066523319843 ], [ 1.919834728835499, 50.768461869829956 ], [ 1.919738742361331, 50.768516671492272 ], [ 1.91749834559159, 50.766182097788203 ], [ 1.916778784349034, 50.765106217307611 ], [ 1.916056271940305, 50.766063665666735 ], [ 1.915093480148038, 50.766550607524046 ], [ 1.91376773694865, 50.765765546343971 ], [ 1.913243875742525, 50.766107345620199 ], [ 1.912487877468963, 50.766192272337832 ], [ 1.912518773792041, 50.76613780484719 ], [ 1.910899218638391, 50.765527817773851 ], [ 1.911043774641505, 50.765321797837814 ], [ 1.909585100087843, 50.764732941019155 ], [ 1.907091714695857, 50.763258287865177 ], [ 1.906814347206174, 50.763066514085942 ], [ 1.907546541127821, 50.762579404872156 ], [ 1.905716733495148, 50.761628305455247 ], [ 1.904348790691351, 50.760715342089739 ], [ 1.903997506235115, 50.760928509341234 ], [ 1.900657786974226, 50.7589688736659 ], [ 1.900119723395535, 50.75931229067205 ], [ 1.898893008662939, 50.758482169008019 ], [ 1.896135611062007, 50.757204152629228 ], [ 1.895662549124605, 50.757101248229404 ], [ 1.894391930409679, 50.756215053052472 ], [ 1.893818777823621, 50.755584507348104 ], [ 1.892997992300343, 50.754958037617037 ], [ 1.890502594715105, 50.752723841374916 ], [ 1.889709855865364, 50.752431413050125 ], [ 1.888627459405289, 50.751869878344564 ], [ 1.88662843381113, 50.753347008021009 ], [ 1.8839910586246, 50.751660585777628 ], [ 1.881636022725606, 50.752667818703969 ], [ 1.880003438070838, 50.75153772231954 ], [ 1.878218007769828, 50.75054082847214 ] ] ] ] } },
{ "type": "Feature", "properties": { "ID": "COMMUNE_0000000009727216", "NOM_COM": "Longueville", "NOM_COM_M": "LONGUEVILLE", "INSEE_COM": "62526", "STATUT": "Commune simple", "INSEE_CAN": "22", "INSEE_ARR": "3", "INSEE_DEP": "62", "INSEE_REG": "32", "CODE_EPCI": "200018083", "POPULATION": 138, "TYPE": "COM" }, "geometry": { "type": "MultiPolygon", "coordinates": [ [ [ [ 1.888544380113979, 50.737501404042874 ], [ 1.886305398768885, 50.737340588232364 ], [ 1.884109567451117, 50.736849838328929 ], [ 1.881627446048418, 50.73701806249538 ], [ 1.88135081635384, 50.737196314564734 ], [ 1.88249838245925, 50.73709367382191 ], [ 1.884726835320636, 50.737419674432068 ], [ 1.885855805611598, 50.737651440969408 ], [ 1.887546281666268, 50.738261527063834 ], [ 1.888596789079006, 50.73884433763061 ], [ 1.889075986079255, 50.737503411532494 ], [ 1.888544380113979, 50.737501404042874 ] ] ] ] } },
{ "type": "Feature", "properties": { "ID": "COMMUNE_0000000009727061", "NOM_COM": "Muncq-Nieurlet", "NOM_COM_M": "MUNCQ NIEURLET", "INSEE_COM": "62598", "STATUT": "Commune simple", "INSEE_CAN": "34", "INSEE_ARR": "6", "INSEE_DEP": "62", "INSEE_REG": "32", "CODE_EPCI": "246200844", "POPULATION": 734, "TYPE": "COM" }, "geometry": { "type": "MultiPolygon", "coordinates": [ [ [ [ 2.126127652502788, 50.829143420248315 ], [ 2.126001434571708, 50.828197650222769 ], [ 2.125489577996486, 50.826843792362851 ], [ 2.124005535979476, 50.825775181805795 ], [ 2.121549903091719, 50.82486878824097 ], [ 2.118966035064282, 50.823716116995278 ], [ 2.116189826349559, 50.82219404433102 ], [ 2.112832065495113, 50.820506815039415 ], [ 2.109344319564818, 50.818983234494212 ], [ 2.104886626896588, 50.817334662952511 ], [ 2.103961746670597, 50.816947865500097 ], [ 2.102647033697309, 50.818514153515771 ], [ 2.100256002215873, 50.820573115728941 ], [ 2.098129426941454, 50.822644707346328 ], [ 2.096532195053902, 50.823711610793417 ], [ 2.092895190917721, 50.825787402396344 ], [ 2.09150174023305, 50.827010043027713 ], [ 2.092251707850848, 50.827368115252362 ], [ 2.093090177600141, 50.828080332469227 ], [ 2.090986728319658, 50.829469165953832 ], [ 2.091493152676821, 50.830913793031911 ], [ 2.091639347195036, 50.830976766372309 ], [ 2.091760073979359, 50.831271933692769 ], [ 2.091368406786185, 50.831385718327368 ], [ 2.092810406655014, 50.832569779609251 ], [ 2.095527879485023, 50.833502888138909 ], [ 2.096329765919873, 50.834444497118263 ], [ 2.096289544882171, 50.834631723247107 ], [ 2.094658718119772, 50.835261400074131 ], [ 2.094404216651228, 50.835857992606584 ], [ 2.094491260377882, 50.836449887186845 ], [ 2.09429367313948, 50.836876421756727 ], [ 2.095228043885634, 50.837780414909346 ], [ 2.094412069245552, 50.838005971609974 ], [ 2.095920060107813, 50.83900294581688 ], [ 2.095474454244973, 50.839354111194574 ], [ 2.095865465964389, 50.839592912228824 ], [ 2.096248899083661, 50.839702459283153 ], [ 2.096762641257417, 50.83957967539655 ], [ 2.097173020011535, 50.839609563400614 ], [ 2.097949990497685, 50.839975863075793 ], [ 2.097001578657571, 50.840550388160047 ], [ 2.099980599245861, 50.841466436786618 ], [ 2.100305570491825, 50.841754989578256 ], [ 2.101056671755021, 50.841750536919115 ], [ 2.100871859290645, 50.843359681946318 ], [ 2.101939430167053, 50.844513995650949 ], [ 2.102198371322695, 50.844535598392383 ], [ 2.10284572612782, 50.845023846974946 ], [ 2.103310861904472, 50.844689845539257 ], [ 2.104257105705967, 50.84463204711534 ], [ 2.104149003594149, 50.845287122468527 ], [ 2.105073970260203, 50.845547670068925 ], [ 2.105435282916546, 50.845392355498369 ], [ 2.10659896683166, 50.845459014779976 ], [ 2.106472369345732, 50.8458026314458 ], [ 2.108560157150117, 50.846259889459148 ], [ 2.108892702201524, 50.845810079128611 ], [ 2.109407370708194, 50.845875661928794 ], [ 2.109373079998978, 50.84652767835523 ], [ 2.109623991216897, 50.846603039883142 ], [ 2.108598549864616, 50.847683114764514 ], [ 2.108851093945807, 50.84790562908973 ], [ 2.109441141294998, 50.848196048223627 ], [ 2.110696746022057, 50.848676033294296 ], [ 2.109554553341854, 50.84986473748792 ], [ 2.110034638926065, 50.850123863201723 ], [ 2.1081554865521, 50.851625793807585 ], [ 2.108934221381655, 50.851987543004327 ], [ 2.108786257695346, 50.85209863436355 ], [ 2.109508553439354, 50.853003671471271 ], [ 2.109504658977302, 50.853142707525713 ], [ 2.112437988868346, 50.85596821038223 ], [ 2.112725147657895, 50.856000757377615 ], [ 2.113880666661883, 50.85542311112048 ], [ 2.114216292972352, 50.855360000499886 ], [ 2.116619963304095, 50.856095687947594 ], [ 2.118673477614633, 50.860615839161916 ], [ 2.119028606670894, 50.861297508125553 ], [ 2.119718225114908, 50.862224669512742 ], [ 2.119962137502079, 50.862702788468447 ], [ 2.119926582150851, 50.862870308706448 ], [ 2.126407302835147, 50.866797899443092 ], [ 2.126511803118744, 50.867145833778359 ], [ 2.126424492721669, 50.86897722971672 ], [ 2.126673801955874, 50.869152127084227 ], [ 2.127177008752743, 50.869320725679877 ], [ 2.127935325109536, 50.869901107778837 ], [ 2.129065262695278, 50.870392568657245 ], [ 2.129123412633279, 50.869984766768106 ], [ 2.129431832230027, 50.869778777720825 ], [ 2.129689828218895, 50.86945580528905 ], [ 2.130732141448835, 50.867568264633981 ], [ 2.13515798931029, 50.860544590301281 ], [ 2.135482475522819, 50.859814746110494 ], [ 2.137236517436993, 50.856908377499487 ], [ 2.137812889355664, 50.856281646482586 ], [ 2.139141930265235, 50.856722367614168 ], [ 2.139926689333518, 50.856092578832467 ], [ 2.139619662391334, 50.85589577391579 ], [ 2.140357252776523, 50.85512300489227 ], [ 2.139982913669523, 50.854884466383027 ], [ 2.140317327060746, 50.854477657400324 ], [ 2.139941306858585, 50.854007634239927 ], [ 2.139570553737004, 50.853726054025095 ], [ 2.13989795100334, 50.85339725189975 ], [ 2.13932695755619, 50.852974329316261 ], [ 2.140052422895309, 50.851586006999746 ], [ 2.140367895719037, 50.850713426233604 ], [ 2.141163367219344, 50.849288790808671 ], [ 2.142001500739278, 50.847192445821669 ], [ 2.141615784803119, 50.846959213807011 ], [ 2.141495004771143, 50.846317788050435 ], [ 2.140471748602889, 50.844509176869487 ], [ 2.140236751889787, 50.843588829542384 ], [ 2.13939209245699, 50.842359227650604 ], [ 2.139357080656628, 50.84184130299036 ], [ 2.138541214990015, 50.840999480580273 ], [ 2.137777042654787, 50.840366159469369 ], [ 2.13789069736003, 50.839938083401528 ], [ 2.137582702977746, 50.839146416499808 ], [ 2.137063204803766, 50.838377508806197 ], [ 2.136662188726587, 50.838215030852659 ], [ 2.136113570830388, 50.8376567593373 ], [ 2.135881330105219, 50.83756722414337 ], [ 2.134618368053502, 50.83743285696778 ], [ 2.134203234112368, 50.838577499112361 ], [ 2.127754967118388, 50.838730843105175 ], [ 2.125282329577221, 50.829584406924596 ], [ 2.126293452794264, 50.829347061880036 ], [ 2.126127652502788, 50.829143420248315 ] ] ] ] } },
{ "type": "Feature", "properties": { "ID": "COMMUNE_0000000009727131", "NOM_COM": "Journy", "NOM_COM_M": "JOURNY", "INSEE_COM": "62478", "STATUT": "Commune simple", "INSEE_CAN": "33", "INSEE_ARR": "5", "INSEE_DEP": "62", "INSEE_REG": "32", "CODE_EPCI": "246201016", "POPULATION": 287, "TYPE": "COM" }, "geometry": { "type": "MultiPolygon", "coordinates": [ [ [ [ 2.016651364907383, 50.753457148027451 ], [ 2.013759066561542, 50.751071283363146 ], [ 2.010932241129944, 50.748603523246963 ], [ 2.008353320849397, 50.746520270538525 ], [ 2.008341600037287, 50.746524491026811 ], [ 2.00769684073683, 50.746586652662934 ], [ 2.007400060174385, 50.746503524751695 ], [ 2.006377678983291, 50.746137324745199 ], [ 2.005961446353523, 50.745801982248381 ], [ 2.004768460912835, 50.74640713036581 ], [ 2.004318401668311, 50.746493265083998 ], [ 2.003811678132958, 50.746726109468419 ], [ 2.002991532767623, 50.747356657619932 ], [ 2.002927499033972, 50.747660344804736 ], [ 2.003028332242176, 50.748350313563563 ], [ 2.002785579672548, 50.748395030616912 ], [ 2.002269849877016, 50.748297573329722 ], [ 2.001888998754124, 50.747961604532748 ], [ 1.997861934099763, 50.749531900221385 ], [ 1.997455882168113, 50.749749376531554 ], [ 1.997036316872, 50.749370009080991 ], [ 1.996880610935494, 50.749375932947331 ], [ 1.995871399560105, 50.748494678192266 ], [ 1.993884810703433, 50.749236890756848 ], [ 1.993126132007226, 50.748912197776853 ], [ 1.99185691293846, 50.749076905386005 ], [ 1.991817501853116, 50.749137605603181 ], [ 1.990644040547482, 50.749322818123055 ], [ 1.989371399896674, 50.749656173515369 ], [ 1.988573351795322, 50.749671226881972 ], [ 1.987459318802581, 50.749574228711175 ], [ 1.985802700696636, 50.749659448035892 ], [ 1.984946079439257, 50.7498427017361 ], [ 1.984426758878024, 50.749783727129476 ], [ 1.984971649034611, 50.75074474149897 ], [ 1.984424743581434, 50.75092961960808 ], [ 1.984392861575845, 50.751037040692005 ], [ 1.981379145499026, 50.752123323229611 ], [ 1.979569527986935, 50.751312556520404 ], [ 1.979282923042616, 50.751425066411791 ], [ 1.978175241430513, 50.75157032052222 ], [ 1.978694816651335, 50.75168675303938 ], [ 1.980442168399191, 50.752498816660832 ], [ 1.982358810611867, 50.754101897931641 ], [ 1.982318957250718, 50.754253222485481 ], [ 1.982559551685946, 50.754665273390536 ], [ 1.982872609866852, 50.75450451627524 ], [ 1.983374841527211, 50.75498959284031 ], [ 1.983991353241201, 50.754792725535196 ], [ 1.984876018313354, 50.754695852280392 ], [ 1.984966399663108, 50.755540984355719 ], [ 1.985386554838876, 50.756028971815859 ], [ 1.985612615238212, 50.756601520099096 ], [ 1.987585125042553, 50.757906151468156 ], [ 1.988569648431662, 50.757910565528178 ], [ 1.988920677892834, 50.759933311989492 ], [ 1.989172476708967, 50.759934459533795 ], [ 1.989777348605297, 50.759755416842417 ], [ 1.990580220422049, 50.759789746994251 ], [ 1.99089219547103, 50.759893674700741 ], [ 1.991181026681157, 50.760444284430811 ], [ 1.991343677639272, 50.760446499750039 ], [ 1.991561451186751, 50.760591836815358 ], [ 1.992224806653411, 50.760810773092281 ], [ 1.992341954282884, 50.7609651646532 ], [ 1.992701642732207, 50.760596581350256 ], [ 1.993291277445828, 50.760260365824429 ], [ 1.993842674913115, 50.760207394604073 ], [ 1.994734302405286, 50.760331250814389 ], [ 1.994868204757103, 50.760426551625315 ], [ 1.995944162648277, 50.760671231998892 ], [ 1.996926120194932, 50.761018338264655 ], [ 2.002556796622684, 50.763649672695756 ], [ 2.004150551262809, 50.763830230953019 ], [ 2.005384168121232, 50.762767790613673 ], [ 2.004925787534574, 50.762126129486447 ], [ 2.005623217226978, 50.761915446711789 ], [ 2.005824598179383, 50.762033707416386 ], [ 2.009111977104693, 50.759703537042974 ], [ 2.009794675265678, 50.759018923702385 ], [ 2.011019247467212, 50.759763570508987 ], [ 2.0137015784511, 50.760983679952666 ], [ 2.013589033453825, 50.760879595749628 ], [ 2.013894512820218, 50.760525777421265 ], [ 2.013565048536154, 50.760086169052663 ], [ 2.013586845250733, 50.759697799038634 ], [ 2.014556221932077, 50.757525864604155 ], [ 2.014512370136512, 50.757381944560386 ], [ 2.015172983235325, 50.755800690574688 ], [ 2.015263697991188, 50.755000089718678 ], [ 2.015421345489979, 50.754608304525817 ], [ 2.015555585677488, 50.754615647643554 ], [ 2.01567891899312, 50.754314221328535 ], [ 2.015605189280235, 50.754179038039581 ], [ 2.01682309760456, 50.753964330425823 ], [ 2.016978751270385, 50.75381749954871 ], [ 2.017179997876929, 50.753814687810667 ], [ 2.016651364907383, 50.753457148027451 ] ] ] ] } },
{ "type": "Feature", "properties": { "ID": "COMMUNE_0000000009727215", "NOM_COM": "Nabringhen", "NOM_COM_M": "NABRINGHEN", "INSEE_COM": "62599", "STATUT": "Commune simple", "INSEE_CAN": "22", "INSEE_ARR": "3", "INSEE_DEP": "62", "INSEE_REG": "32", "CODE_EPCI": "200018083", "POPULATION": 212, "TYPE": "COM" }, "geometry": { "type": "MultiPolygon", "coordinates": [ [ [ [ 1.877560864030502, 50.73969361760394 ], [ 1.877591110415272, 50.740709291845185 ], [ 1.877658077781645, 50.740923689747397 ], [ 1.877921155202502, 50.740807999481611 ], [ 1.877909516318487, 50.740254214630355 ], [ 1.878273268790997, 50.739545875942618 ], [ 1.878433580534876, 50.739004036985598 ], [ 1.877560864030502, 50.73969361760394 ] ] ], [ [ [ 1.874029636110489, 50.744884620652414 ], [ 1.871784178324147, 50.745358229397489 ], [ 1.870138395662626, 50.745884933660278 ], [ 1.869369673627241, 50.746745128817366 ], [ 1.868601421700675, 50.747554542864165 ], [ 1.866955778123793, 50.748055814523518 ], [ 1.864951706028185, 50.748377916681541 ], [ 1.863027892299024, 50.748674916722926 ], [ 1.861503719160424, 50.749024264840195 ], [ 1.860339679575166, 50.749375040071314 ], [ 1.858893467246326, 50.74992777840189 ], [ 1.856602754285533, 50.750883305728138 ], [ 1.856167885004539, 50.751090008189074 ], [ 1.856683139081989, 50.751744751547363 ], [ 1.858770226595921, 50.752833560996699 ], [ 1.859022697825061, 50.753362626135647 ], [ 1.860621665846961, 50.754522303428544 ], [ 1.860872174293333, 50.754827903239374 ], [ 1.861062346409764, 50.754800928077003 ], [ 1.861331346722897, 50.754915558906788 ], [ 1.862452386294203, 50.753952176014124 ], [ 1.863679888565029, 50.753407026113855 ], [ 1.867031373886517, 50.751265070150062 ], [ 1.868518550372449, 50.749864356406874 ], [ 1.86886893212172, 50.750070345373629 ], [ 1.870357744850613, 50.749094973369672 ], [ 1.870119120315298, 50.748951023702261 ], [ 1.871290379264859, 50.748193507777266 ], [ 1.87244044393081, 50.749004381704161 ], [ 1.871883303592912, 50.74937443067531 ], [ 1.873454431544297, 50.750207056603784 ], [ 1.87457623370362, 50.750642554960969 ], [ 1.874629688179571, 50.750592786094387 ], [ 1.874896106760292, 50.750633781321582 ], [ 1.876821459724371, 50.75138072537024 ], [ 1.878218007769828, 50.75054082847214 ], [ 1.877014208507493, 50.749849772620543 ], [ 1.878333702965996, 50.749037893196295 ], [ 1.872788091672277, 50.745372301187118 ], [ 1.874221421982796, 50.744905183761148 ], [ 1.874931055118998, 50.74454357768272 ], [ 1.874029636110489, 50.744884620652414 ] ] ] ] } },
{ "type": "Feature", "properties": { "ID": "COMMUNE_0000000009727137", "NOM_COM": "Clerques", "NOM_COM_M": "CLERQUES", "INSEE_COM": "62228", "STATUT": "Commune simple", "INSEE_CAN": "33", "INSEE_ARR": "5", "INSEE_DEP": "62", "INSEE_REG": "32", "CODE_EPCI": "246201016", "POPULATION": 327, "TYPE": "COM" }, "geometry": { "type": "MultiPolygon", "coordinates": [ [ [ [ 1.968631589039395, 50.795321997464043 ], [ 1.971959406913303, 50.79496037499856 ], [ 1.974886601103443, 50.795837085717807 ], [ 1.976834069508131, 50.79695868667028 ], [ 1.978387638628379, 50.798450959730545 ], [ 1.97993434798595, 50.800872922270408 ], [ 1.981265528469553, 50.803155251994681 ], [ 1.981940035997486, 50.802889512751278 ], [ 1.983013278396893, 50.803797343983391 ], [ 1.983509849912023, 50.803888431265911 ], [ 1.983763500293702, 50.804157887070829 ], [ 1.983762911676358, 50.804256582077272 ], [ 1.983273126603748, 50.804658696312913 ], [ 1.983913156546909, 50.805099590246201 ], [ 1.985633850787317, 50.805665190572491 ], [ 1.985851148717811, 50.805600657525829 ], [ 1.987079544894695, 50.805635772590058 ], [ 1.988370858009458, 50.805920826873106 ], [ 1.989358134051953, 50.806256340787208 ], [ 1.991560404784847, 50.806731788804477 ], [ 1.992153857836688, 50.807006667134559 ], [ 1.992639492692835, 50.807432308761712 ], [ 1.993451153285822, 50.807771752807959 ], [ 1.996821060599764, 50.808778738910206 ], [ 1.99769236463443, 50.809112353512845 ], [ 1.998295205478799, 50.808850713861439 ], [ 1.999563598570858, 50.809156102357306 ], [ 2.001787395184823, 50.80927353133216 ], [ 2.003036495443911, 50.806995510552042 ], [ 2.004080687367587, 50.805331357724732 ], [ 2.005738814948168, 50.804406058087316 ], [ 2.006836714501781, 50.805022263465531 ], [ 2.006263381744067, 50.805513880691649 ], [ 2.007177147050311, 50.805706001278509 ], [ 2.008254792615609, 50.804846029377181 ], [ 2.008505381158185, 50.804490911402731 ], [ 2.008557777169468, 50.804347765576622 ], [ 2.006230828994986, 50.803089204042287 ], [ 2.007285357625828, 50.801465475553101 ], [ 2.006381849954132, 50.80083197785661 ], [ 2.007153495188513, 50.80019029830229 ], [ 2.009908101327745, 50.801368801939759 ], [ 2.01033565962215, 50.800583497032633 ], [ 2.01130836254233, 50.800870271021857 ], [ 2.012083045081399, 50.801003828433423 ], [ 2.014072197649088, 50.8019464647939 ], [ 2.014339329772311, 50.801611204802704 ], [ 2.014123312142649, 50.801508104211301 ], [ 2.014540714606485, 50.801163265271846 ], [ 2.014603469735562, 50.800780626893435 ], [ 2.015800654958207, 50.799157951339275 ], [ 2.012907907979911, 50.79737371586981 ], [ 2.012568020292379, 50.796661276609775 ], [ 2.012269466030116, 50.796580846835475 ], [ 2.012095884686816, 50.796624334385491 ], [ 2.011977451544371, 50.796886297400839 ], [ 2.011623143313374, 50.796761457355657 ], [ 2.010504051059449, 50.796722066685028 ], [ 2.010563138410379, 50.79659781439711 ], [ 2.010736703258407, 50.796555226117569 ], [ 2.010725296859333, 50.796416057501702 ], [ 2.010392167279117, 50.796437638284772 ], [ 2.010159634593361, 50.796669980455377 ], [ 2.010032218117665, 50.796669865322293 ], [ 2.009654438030004, 50.796515222905079 ], [ 2.009678366340729, 50.7961645774011 ], [ 2.009460806479074, 50.796069530850488 ], [ 2.00918429415202, 50.796163340817593 ], [ 2.008848802509633, 50.796089787174211 ], [ 2.008560780567384, 50.796264259248495 ], [ 2.007984347171718, 50.796204039352553 ], [ 2.007536253439088, 50.795954616139937 ], [ 2.007295286390283, 50.796040629606189 ], [ 2.006901388863748, 50.796413450032077 ], [ 2.006719274614551, 50.796458656672336 ], [ 2.006397005357141, 50.796360975347639 ], [ 2.006210657450666, 50.796049030566358 ], [ 2.006469995489517, 50.795536958020712 ], [ 2.005518863015821, 50.795524882725495 ], [ 2.005901208384356, 50.79466475062042 ], [ 2.004194453832763, 50.794350530287872 ], [ 2.004928077668302, 50.792271106920857 ], [ 2.004425010616412, 50.792225812361849 ], [ 2.002852179797827, 50.791802275903862 ], [ 2.000701394066618, 50.791115665623252 ], [ 1.999856806366243, 50.791018261475635 ], [ 1.999512334066629, 50.790900642561432 ], [ 1.99941028509947, 50.790836115520932 ], [ 1.999595919579569, 50.790543296272389 ], [ 1.999687679229684, 50.789847737752247 ], [ 1.999580821697435, 50.789315684651513 ], [ 1.99941052039727, 50.789124988745954 ], [ 1.999572249527058, 50.788823901180557 ], [ 1.998882889467383, 50.788611088665753 ], [ 1.997986943750647, 50.789667172823698 ], [ 1.997456204106516, 50.789450244854734 ], [ 1.996858328846388, 50.790111219831751 ], [ 1.996224359337322, 50.789677208754846 ], [ 1.996159445420337, 50.789737701302897 ], [ 1.995162114798451, 50.789211923993967 ], [ 1.994544009218924, 50.789821579651083 ], [ 1.990840410481425, 50.788791151370823 ], [ 1.98922825989055, 50.790605859833178 ], [ 1.988861222395, 50.790415347647198 ], [ 1.988591706996571, 50.79051275873006 ], [ 1.988226895966276, 50.791262621301833 ], [ 1.986503364082585, 50.791018904675127 ], [ 1.984692432166538, 50.790618323286068 ], [ 1.983293232564718, 50.790438220522418 ], [ 1.980961262736314, 50.789905915038723 ], [ 1.97908136831505, 50.78900399747851 ], [ 1.977709038673462, 50.78862036570051 ], [ 1.977688521661982, 50.78796158372824 ], [ 1.978314660679185, 50.786898043005515 ], [ 1.976993936984876, 50.786624295019209 ], [ 1.976897617014401, 50.786419817638631 ], [ 1.97613446379943, 50.786222422578625 ], [ 1.97614767590507, 50.786130109609246 ], [ 1.976406771580305, 50.786057763479874 ], [ 1.976334904148119, 50.785972826931747 ], [ 1.975979000079314, 50.785934009506221 ], [ 1.975730744150367, 50.785822497961945 ], [ 1.975410443792823, 50.785842296005391 ], [ 1.975240557721794, 50.78556722262686 ], [ 1.97531171968644, 50.785340791706815 ], [ 1.975197453061248, 50.785183721700101 ], [ 1.974791618357653, 50.78502604654274 ], [ 1.976101387577993, 50.784656365927788 ], [ 1.977587689751042, 50.784651526824511 ], [ 1.978777105307367, 50.784768063292603 ], [ 1.979034213459415, 50.784376257017819 ], [ 1.979041392593098, 50.783885493197062 ], [ 1.976371597313373, 50.78362489781906 ], [ 1.975123510212402, 50.783264686608824 ], [ 1.97484237484571, 50.783722688147101 ], [ 1.974106694710229, 50.783223115145276 ], [ 1.974344607735214, 50.782802445625052 ], [ 1.973577182347307, 50.782609484598929 ], [ 1.974705776299998, 50.780993764806709 ], [ 1.975506526316155, 50.779626580559288 ], [ 1.974096552782895, 50.77902185400395 ], [ 1.972074559312324, 50.778311561942232 ], [ 1.967307712116996, 50.776883985933438 ], [ 1.965385366599707, 50.776496542736396 ], [ 1.962775552914074, 50.775548805782329 ], [ 1.961447874907556, 50.774810018318185 ], [ 1.961637880988202, 50.774655470100001 ], [ 1.95935184572397, 50.773320921424592 ], [ 1.956061584244988, 50.771833443359107 ], [ 1.955617445688719, 50.773316575695063 ], [ 1.956762194136377, 50.774746623440898 ], [ 1.956924473140431, 50.774836817083525 ], [ 1.956858927065499, 50.774994195482485 ], [ 1.957049606582276, 50.775215634781283 ], [ 1.956830245947612, 50.775555674174548 ], [ 1.956959350541931, 50.775879788667268 ], [ 1.956864417277259, 50.77656454085281 ], [ 1.957424851502711, 50.779146311346487 ], [ 1.959326794793008, 50.779496018078177 ], [ 1.960645220312555, 50.780071434942855 ], [ 1.960347140599231, 50.780385696409283 ], [ 1.961331881943641, 50.780742068109198 ], [ 1.961669695254221, 50.780763728447219 ], [ 1.962417663630669, 50.783052705412807 ], [ 1.963354267076369, 50.783071272241038 ], [ 1.963077359461396, 50.784823192214411 ], [ 1.963910724496496, 50.786822131467424 ], [ 1.964773972249545, 50.788337664718043 ], [ 1.964551659523702, 50.788341200652695 ], [ 1.964948296871554, 50.789559434195681 ], [ 1.965175777584405, 50.790743956403624 ], [ 1.965365720335531, 50.790800268998233 ], [ 1.965569853503637, 50.791676823499884 ], [ 1.966271845880533, 50.793260983403691 ], [ 1.966258338342514, 50.793572230382793 ], [ 1.96555299472482, 50.794752589366801 ], [ 1.965474604497266, 50.795188916879098 ], [ 1.965097087067824, 50.795987057361899 ], [ 1.965232741711391, 50.796385869383826 ], [ 1.968631589039395, 50.795321997464043 ] ] ] ] } },
{ "type": "Feature", "properties": { "ID": "COMMUNE_0000000009727066", "NOM_COM": "Recques-sur-Hem", "NOM_COM_M": "RECQUES SUR HEM", "INSEE_COM": "62699", "STATUT": "Commune simple", "INSEE_CAN": "34", "INSEE_ARR": "6", "INSEE_DEP": "62", "INSEE_REG": "32", "CODE_EPCI": "246200844", "POPULATION": 631, "TYPE": "COM" }, "geometry": { "type": "MultiPolygon", "coordinates": [ [ [ [ 2.058231981030268, 50.834780890560047 ], [ 2.059743830201139, 50.835667762388198 ], [ 2.059837366130061, 50.835693665152569 ], [ 2.059843930024701, 50.835726480541787 ], [ 2.060811058144266, 50.836293782488575 ], [ 2.060937028302856, 50.837649945188119 ], [ 2.062510471081575, 50.838894416267607 ], [ 2.062480437112744, 50.838984808874883 ], [ 2.063482822473819, 50.839482218527095 ], [ 2.064778445879172, 50.840818018519045 ], [ 2.066937395643636, 50.839936981689263 ], [ 2.068525171283662, 50.841265057348579 ], [ 2.068682358037013, 50.84119445471373 ], [ 2.069573707566095, 50.842105493231578 ], [ 2.069438312912976, 50.842451701868612 ], [ 2.070824888889201, 50.843328741104585 ], [ 2.072511241742339, 50.844625192591899 ], [ 2.073814889306586, 50.845318548936575 ], [ 2.07565158911486, 50.845926122483036 ], [ 2.076051077251056, 50.846010727913992 ], [ 2.076935554107727, 50.846001127689227 ], [ 2.077423638444881, 50.84589258914238 ], [ 2.079667144876194, 50.844497867841021 ], [ 2.080329355885587, 50.845476216231226 ], [ 2.085486914263063, 50.842963398043224 ], [ 2.087711271047575, 50.846403407417846 ], [ 2.092095001433811, 50.845207131681192 ], [ 2.092383745946122, 50.845772674275899 ], [ 2.092332246674913, 50.846033384203785 ], [ 2.093809032653956, 50.845713954266067 ], [ 2.09378715270653, 50.846061010981373 ], [ 2.094112993295719, 50.846223079358943 ], [ 2.095249007832558, 50.846252858346894 ], [ 2.096085761767186, 50.845982588812959 ], [ 2.096967721392185, 50.84556280886035 ], [ 2.097260130367887, 50.845536215419379 ], [ 2.098341776372453, 50.846065311932037 ], [ 2.099756432204218, 50.846360839930306 ], [ 2.100033442990064, 50.846481269099378 ], [ 2.100275668814819, 50.846723465379043 ], [ 2.100351359542772, 50.847163637361781 ], [ 2.100510326351015, 50.847386391197581 ], [ 2.100888604456115, 50.847707622976387 ], [ 2.10177776754981, 50.848148271758411 ], [ 2.103396926763703, 50.848582500115313 ], [ 2.105403353253917, 50.849314661451274 ], [ 2.106028225358363, 50.849321833338038 ], [ 2.106659683350646, 50.849119106362657 ], [ 2.108366985706269, 50.849144780980872 ], [ 2.109554553341854, 50.84986473748792 ], [ 2.110696746022057, 50.848676033294296 ], [ 2.109441141294998, 50.848196048223627 ], [ 2.108851093945807, 50.84790562908973 ], [ 2.108598549864616, 50.847683114764514 ], [ 2.109623991216897, 50.846603039883142 ], [ 2.109373079998978, 50.84652767835523 ], [ 2.109407370708194, 50.845875661928794 ], [ 2.108892702201524, 50.845810079128611 ], [ 2.108560157150117, 50.846259889459148 ], [ 2.106472369345732, 50.8458026314458 ], [ 2.10659896683166, 50.845459014779976 ], [ 2.105435282916546, 50.845392355498369 ], [ 2.105073970260203, 50.845547670068925 ], [ 2.104149003594149, 50.845287122468527 ], [ 2.104257105705967, 50.84463204711534 ], [ 2.103310861904472, 50.844689845539257 ], [ 2.10284572612782, 50.845023846974946 ], [ 2.102198371322695, 50.844535598392383 ], [ 2.101939430167053, 50.844513995650949 ], [ 2.100871859290645, 50.843359681946318 ], [ 2.101056671755021, 50.841750536919115 ], [ 2.100305570491825, 50.841754989578256 ], [ 2.099980599245861, 50.841466436786618 ], [ 2.097001578657571, 50.840550388160047 ], [ 2.097949990497685, 50.839975863075793 ], [ 2.097173020011535, 50.839609563400614 ], [ 2.096762641257417, 50.83957967539655 ], [ 2.096248899083661, 50.839702459283153 ], [ 2.095865465964389, 50.839592912228824 ], [ 2.095474454244973, 50.839354111194574 ], [ 2.095920060107813, 50.83900294581688 ], [ 2.094412069245552, 50.838005971609974 ], [ 2.095228043885634, 50.837780414909346 ], [ 2.09429367313948, 50.836876421756727 ], [ 2.094491260377882, 50.836449887186845 ], [ 2.094404216651228, 50.835857992606584 ], [ 2.094658718119772, 50.835261400074131 ], [ 2.096289544882171, 50.834631723247107 ], [ 2.096329765919873, 50.834444497118263 ], [ 2.095527879485023, 50.833502888138909 ], [ 2.092810406655014, 50.832569779609251 ], [ 2.091368406786185, 50.831385718327368 ], [ 2.091760073979359, 50.831271933692769 ], [ 2.091639347195036, 50.830976766372309 ], [ 2.091493152676821, 50.830913793031911 ], [ 2.090986728319658, 50.829469165953832 ], [ 2.093090177600141, 50.828080332469227 ], [ 2.092251707850848, 50.827368115252362 ], [ 2.09150174023305, 50.827010043027713 ], [ 2.090054862875065, 50.827661642181994 ], [ 2.088367271449052, 50.828227125216856 ], [ 2.087239546971846, 50.828231434880927 ], [ 2.08782812306309, 50.827884031043638 ], [ 2.086096546940469, 50.826978610838829 ], [ 2.084466211581016, 50.827123662967701 ], [ 2.081101807624371, 50.824808288175646 ], [ 2.080253681646269, 50.825634661685882 ], [ 2.079601188467419, 50.825374135898137 ], [ 2.078904312946902, 50.824908710395349 ], [ 2.079271775744664, 50.824261830760392 ], [ 2.078378804815577, 50.82383084208967 ], [ 2.077498060481985, 50.823121795295314 ], [ 2.076989650851186, 50.822501633212084 ], [ 2.075792918850077, 50.822107853133218 ], [ 2.075669844408766, 50.822559146085169 ], [ 2.073717020914606, 50.82199644062036 ], [ 2.072974117970157, 50.821727131110627 ], [ 2.072117342473363, 50.822404448716853 ], [ 2.069930786086316, 50.8216165319323 ], [ 2.068450972175248, 50.82266062939901 ], [ 2.068317209913295, 50.823225783931264 ], [ 2.067969577538362, 50.823561441969488 ], [ 2.066725812766361, 50.824400020746118 ], [ 2.067035470412996, 50.82465804956589 ], [ 2.06411834496275, 50.825742468936426 ], [ 2.064614627422463, 50.825868216957474 ], [ 2.061071124089709, 50.829373067335084 ], [ 2.061613286633771, 50.830075190199686 ], [ 2.059335604207222, 50.831637139456902 ], [ 2.055236694341417, 50.83262628876534 ], [ 2.055900669116492, 50.83355276415098 ], [ 2.055956179474611, 50.833966018302732 ], [ 2.058231981030268, 50.834780890560047 ] ] ] ] } },
{ "type": "Feature", "properties": { "ID": "COMMUNE_0000000009727134", "NOM_COM": "Rebergues", "NOM_COM_M": "REBERGUES", "INSEE_COM": "62692", "STATUT": "Commune simple", "INSEE_CAN": "33", "INSEE_ARR": "5", "INSEE_DEP": "62", "INSEE_REG": "32", "CODE_EPCI": "246201016", "POPULATION": 375, "TYPE": "COM" }, "geometry": { "type": "MultiPolygon", "coordinates": [ [ [ [ 1.94412800773197, 50.770033292229819 ], [ 1.944712758122418, 50.770486911250551 ], [ 1.944914376151298, 50.770454521591866 ], [ 1.946017780837795, 50.771074943194755 ], [ 1.946984452570862, 50.77052767960916 ], [ 1.947596059253062, 50.770984203566748 ], [ 1.948273591134988, 50.770660611100809 ], [ 1.949076291600957, 50.770777759282566 ], [ 1.949032251898988, 50.770988258192887 ], [ 1.949269551369005, 50.771211001982529 ], [ 1.949763141472874, 50.770683951822747 ], [ 1.950945795733726, 50.770699305494922 ], [ 1.953200369450355, 50.769732123402903 ], [ 1.954238256628659, 50.771054523824176 ], [ 1.95583715781426, 50.771738240350146 ], [ 1.956172706364342, 50.770100751534812 ], [ 1.958079824666346, 50.76923286269907 ], [ 1.958921597421628, 50.769376296974109 ], [ 1.959879261595243, 50.769254188964226 ], [ 1.959907341043676, 50.768924208807981 ], [ 1.960348430978243, 50.768533967884487 ], [ 1.960902079480771, 50.767628703296396 ], [ 1.961171916182296, 50.76737611482455 ], [ 1.962351515480349, 50.766579256147899 ], [ 1.962801864528283, 50.766491481480088 ], [ 1.9635256038012, 50.766525325755026 ], [ 1.964048107623118, 50.765958975206473 ], [ 1.964768255667904, 50.765344912690203 ], [ 1.964882600866277, 50.765357528685982 ], [ 1.965164966427438, 50.764839426202307 ], [ 1.966440170624312, 50.763174706813551 ], [ 1.966706049350135, 50.763111408815121 ], [ 1.966993315086785, 50.762902920270399 ], [ 1.967840693707247, 50.761878018547662 ], [ 1.967343828688463, 50.76168545839522 ], [ 1.967907093196985, 50.760441042820197 ], [ 1.96878903408735, 50.759933282317455 ], [ 1.96849270940969, 50.759758539149978 ], [ 1.969062524547121, 50.759293056299811 ], [ 1.969571788959584, 50.759500967754271 ], [ 1.969658973742755, 50.759114040903732 ], [ 1.971026609587678, 50.758237888816247 ], [ 1.97049687148746, 50.757787532739769 ], [ 1.971725533954417, 50.757200959426328 ], [ 1.970880822576677, 50.756589173100664 ], [ 1.971252597615472, 50.756189341369684 ], [ 1.971264152105553, 50.755902288480605 ], [ 1.969981956773877, 50.755241113817974 ], [ 1.972037408470618, 50.754205525586876 ], [ 1.971528136592868, 50.75393121885687 ], [ 1.970647114209831, 50.753092997045741 ], [ 1.968561874038349, 50.753927312509347 ], [ 1.96863262317748, 50.754269785968049 ], [ 1.967849822180313, 50.753678230152637 ], [ 1.967489982702364, 50.752743803519024 ], [ 1.967759133132983, 50.752381714329545 ], [ 1.967769264896055, 50.752027347302509 ], [ 1.96752080883949, 50.751660067102399 ], [ 1.967120661748724, 50.751309474331968 ], [ 1.964324835298449, 50.749774210956311 ], [ 1.963226237166398, 50.74927511169895 ], [ 1.96236254092282, 50.748635282238212 ], [ 1.95987384873086, 50.747444361867494 ], [ 1.957895393431299, 50.746275609341858 ], [ 1.95540490215623, 50.744706791452494 ], [ 1.95455597336276, 50.743909988281828 ], [ 1.951548017977604, 50.741736402964925 ], [ 1.94970458343318, 50.740825289951836 ], [ 1.94852759834278, 50.739562630274229 ], [ 1.948367835747871, 50.739156568609801 ], [ 1.947496585415915, 50.738422335837271 ], [ 1.946966762730561, 50.737323065284947 ], [ 1.946685068514982, 50.737202228357198 ], [ 1.946469359775168, 50.736767870561089 ], [ 1.9458750317802, 50.736384147066438 ], [ 1.94575456069343, 50.736195576160135 ], [ 1.946222564212572, 50.735660221535881 ], [ 1.946293300905839, 50.735187906401094 ], [ 1.946500907523055, 50.734796615963752 ], [ 1.946976015386848, 50.734258625593519 ], [ 1.947083971436473, 50.733898795656593 ], [ 1.947549508412405, 50.733479174724621 ], [ 1.94507808259744, 50.734744178409493 ], [ 1.94493048922292, 50.734635242296058 ], [ 1.944584924827173, 50.734996644233441 ], [ 1.941776469810981, 50.73621026339336 ], [ 1.94090410322987, 50.73533508315456 ], [ 1.938701442928127, 50.733712708615499 ], [ 1.938366337443783, 50.733979061734964 ], [ 1.93815139997387, 50.7353807183745 ], [ 1.937225669932568, 50.736491836125516 ], [ 1.933462479786756, 50.739297116171379 ], [ 1.934336197527955, 50.740105950361716 ], [ 1.934060408474884, 50.740239987739542 ], [ 1.934122622851689, 50.740306925743766 ], [ 1.934507701155722, 50.740686219789687 ], [ 1.935555660260512, 50.741416669822136 ], [ 1.936366346258954, 50.741533977704073 ], [ 1.936425128813739, 50.741363083663515 ], [ 1.936891365749101, 50.741517824931357 ], [ 1.937353717717376, 50.7417891884377 ], [ 1.937538585804664, 50.742007928862058 ], [ 1.938109797089958, 50.742214711238262 ], [ 1.937946460663026, 50.742581235817717 ], [ 1.937513072676931, 50.742810850287583 ], [ 1.937684997473393, 50.742906541077112 ], [ 1.938028600840863, 50.742909473885703 ], [ 1.938418139355017, 50.743080604199704 ], [ 1.938603621857495, 50.7430705206989 ], [ 1.939271234257231, 50.743601169305052 ], [ 1.940183309954872, 50.745278925804918 ], [ 1.940168694778042, 50.746237178991429 ], [ 1.940987397983287, 50.746581554569524 ], [ 1.941395312894738, 50.746821927053269 ], [ 1.94170257510372, 50.747140409457664 ], [ 1.941921795413375, 50.747207780389708 ], [ 1.942354043629824, 50.74763590341108 ], [ 1.942727509996764, 50.747833802610515 ], [ 1.943255211605102, 50.748565140917364 ], [ 1.943594270422603, 50.748852480258513 ], [ 1.944086876090739, 50.748834226830255 ], [ 1.94455816350611, 50.749022181717336 ], [ 1.946007905825721, 50.749024596902473 ], [ 1.947016874015048, 50.7496074425298 ], [ 1.947681641490998, 50.749675879658078 ], [ 1.948618338459562, 50.749929670201581 ], [ 1.950649071049143, 50.751705612416252 ], [ 1.948786848694873, 50.751538246176708 ], [ 1.948683640817635, 50.752007584730194 ], [ 1.94874806088405, 50.752173240785936 ], [ 1.948612516974642, 50.752161327708194 ], [ 1.948393925188051, 50.752871077110179 ], [ 1.948006736521017, 50.753256356090027 ], [ 1.947768087313988, 50.754112201029834 ], [ 1.947885574869164, 50.754445211687802 ], [ 1.947575535105953, 50.754591549770218 ], [ 1.947169392755094, 50.755541094032488 ], [ 1.946974055098165, 50.756421529256173 ], [ 1.94639558768212, 50.756483037539816 ], [ 1.946258071479134, 50.757438439196605 ], [ 1.946106420672545, 50.757720714897076 ], [ 1.946538228308466, 50.758243032409617 ], [ 1.946431200514346, 50.758354294018396 ], [ 1.946629051202953, 50.758498645339472 ], [ 1.946492564936762, 50.758597992270964 ], [ 1.94650674524559, 50.758730918429315 ], [ 1.946955673288141, 50.758910595278032 ], [ 1.947044349902234, 50.759066584927467 ], [ 1.947882362317713, 50.759716164326314 ], [ 1.947996636963659, 50.759933388328044 ], [ 1.94835469405346, 50.760062040848453 ], [ 1.948394759807848, 50.760377344405434 ], [ 1.947714921049676, 50.761221376513227 ], [ 1.948907492404055, 50.761629868087695 ], [ 1.948282504599421, 50.762152222096454 ], [ 1.947912356432125, 50.763002458442401 ], [ 1.947780582116266, 50.763685111943225 ], [ 1.947223533551071, 50.764608243097896 ], [ 1.947430709605669, 50.764646785406327 ], [ 1.94744647962939, 50.7650408467264 ], [ 1.947775848432574, 50.765459094530321 ], [ 1.947935428143918, 50.766012300464908 ], [ 1.947708955666457, 50.766555064773925 ], [ 1.947919104233012, 50.76678924864391 ], [ 1.947903167530682, 50.766941659640963 ], [ 1.945216289866093, 50.768616667589299 ], [ 1.945263537732509, 50.768724746893078 ], [ 1.945133643779306, 50.768778383308316 ], [ 1.945304370937389, 50.768868664827366 ], [ 1.944914576936933, 50.768967657386497 ], [ 1.945163860271055, 50.769291909153779 ], [ 1.94412800773197, 50.770033292229819 ] ] ] ] } },
{ "type": "Feature", "properties": { "ID": "COMMUNE_0000000009727136", "NOM_COM": "Hocquinghen", "NOM_COM_M": "HOCQUINGHEN", "INSEE_COM": "62455", "STATUT": "Commune simple", "INSEE_CAN": "19", "INSEE_ARR": "6", "INSEE_DEP": "62", "INSEE_REG": "32", "CODE_EPCI": "200072478", "POPULATION": 112, "TYPE": "COM" }, "geometry": { "type": "MultiPolygon", "coordinates": [ [ [ [ 1.94412800773197, 50.770033292229819 ], [ 1.945163860271055, 50.769291909153779 ], [ 1.944914576936933, 50.768967657386497 ], [ 1.945304370937389, 50.768868664827366 ], [ 1.945133643779306, 50.768778383308316 ], [ 1.945263537732509, 50.768724746893078 ], [ 1.945216289866093, 50.768616667589299 ], [ 1.947903167530682, 50.766941659640963 ], [ 1.947919104233012, 50.76678924864391 ], [ 1.947708955666457, 50.766555064773925 ], [ 1.947935428143918, 50.766012300464908 ], [ 1.947775848432574, 50.765459094530321 ], [ 1.94744647962939, 50.7650408467264 ], [ 1.947430709605669, 50.764646785406327 ], [ 1.947223533551071, 50.764608243097896 ], [ 1.947780582116266, 50.763685111943225 ], [ 1.947912356432125, 50.763002458442401 ], [ 1.948282504599421, 50.762152222096454 ], [ 1.948907492404055, 50.761629868087695 ], [ 1.947714921049676, 50.761221376513227 ], [ 1.948394759807848, 50.760377344405434 ], [ 1.94835469405346, 50.760062040848453 ], [ 1.947996636963659, 50.759933388328044 ], [ 1.947882362317713, 50.759716164326314 ], [ 1.947044349902234, 50.759066584927467 ], [ 1.946955673288141, 50.758910595278032 ], [ 1.94650674524559, 50.758730918429315 ], [ 1.946492564936762, 50.758597992270964 ], [ 1.946629051202953, 50.758498645339472 ], [ 1.946431200514346, 50.758354294018396 ], [ 1.946188785980029, 50.758243663985844 ], [ 1.944778431253577, 50.758373496017541 ], [ 1.944766123753029, 50.758219049273841 ], [ 1.944528841885591, 50.758133584976449 ], [ 1.94472932059573, 50.758018630495776 ], [ 1.9445379065795, 50.757904840131346 ], [ 1.944644959997056, 50.757725382397147 ], [ 1.944018808931589, 50.757632132817108 ], [ 1.943644025111817, 50.757358853269672 ], [ 1.943850703760784, 50.757016925335186 ], [ 1.943464457562786, 50.757019031600684 ], [ 1.942362707762072, 50.75821211209783 ], [ 1.94254202585056, 50.75856359806361 ], [ 1.94229724287664, 50.758833412256372 ], [ 1.941950035386306, 50.759062872440708 ], [ 1.940398417988281, 50.759114283061763 ], [ 1.94048406517588, 50.760749961957345 ], [ 1.938712950613037, 50.761275969388002 ], [ 1.942035925776419, 50.762296706846712 ], [ 1.941996380621835, 50.76296309002803 ], [ 1.940423067976506, 50.763967285149228 ], [ 1.939710768038292, 50.764598326625524 ], [ 1.939331686086738, 50.764727005336098 ], [ 1.939330619682678, 50.764910949217956 ], [ 1.93907132694169, 50.765262288385927 ], [ 1.938817064818466, 50.765175772285993 ], [ 1.938569576722202, 50.76496996832811 ], [ 1.937956883759306, 50.764905519311604 ], [ 1.937725659031862, 50.764800353457474 ], [ 1.9376474180902, 50.764420114369074 ], [ 1.937394127805437, 50.764221436915285 ], [ 1.93652234450643, 50.763899029078054 ], [ 1.93589615033831, 50.763471931549418 ], [ 1.935943777042536, 50.763294666489806 ], [ 1.934658735998235, 50.763578002110513 ], [ 1.932228309068161, 50.763100437018444 ], [ 1.931911173627592, 50.763243084814206 ], [ 1.9318405357653, 50.763437200390037 ], [ 1.931436385996199, 50.763413990759645 ], [ 1.931194533001862, 50.763343717194026 ], [ 1.931291571507117, 50.763172261951361 ], [ 1.931218635751087, 50.762877309857146 ], [ 1.930460268531385, 50.762613261519242 ], [ 1.929651475092413, 50.762458249874328 ], [ 1.929618781194492, 50.762266836124923 ], [ 1.928906075359828, 50.762051626712683 ], [ 1.92835867226014, 50.761979615457314 ], [ 1.927451128102065, 50.762670825122427 ], [ 1.928400531779512, 50.763263166582206 ], [ 1.926321754440137, 50.765524484471186 ], [ 1.921903535649636, 50.763462813739032 ], [ 1.919684996114169, 50.762285119390619 ], [ 1.918856379005137, 50.76206705148671 ], [ 1.918341020134118, 50.762673662006421 ], [ 1.918797362570616, 50.762900165845103 ], [ 1.917606841600112, 50.764108403830427 ], [ 1.916778784349034, 50.765106217307611 ], [ 1.91749834559159, 50.766182097788203 ], [ 1.919738742361331, 50.768516671492272 ], [ 1.919834728835499, 50.768461869829956 ], [ 1.920438626887332, 50.769066523319843 ], [ 1.920745218548638, 50.769481952296999 ], [ 1.921974409395607, 50.770357624356073 ], [ 1.922776927104666, 50.771138064970401 ], [ 1.923102258301747, 50.771604796192108 ], [ 1.923764090871428, 50.771887791688115 ], [ 1.924237006925989, 50.772204147112021 ], [ 1.925713154697344, 50.773909241521672 ], [ 1.926820529687357, 50.774667155579735 ], [ 1.926852654558754, 50.774488865727747 ], [ 1.926504242836915, 50.773776081855182 ], [ 1.926787121639434, 50.77332088622871 ], [ 1.92769077333638, 50.773019095259379 ], [ 1.929213983928767, 50.772199487947731 ], [ 1.929544491005781, 50.77150062276403 ], [ 1.929767737203625, 50.771317693056886 ], [ 1.930358247996003, 50.771297642148134 ], [ 1.933670638245557, 50.773038144150043 ], [ 1.935319240969082, 50.771175053063459 ], [ 1.935335150818331, 50.770826130173198 ], [ 1.936706565400876, 50.770082301994407 ], [ 1.939920071411526, 50.771085990956067 ], [ 1.940398631466677, 50.770270808104947 ], [ 1.940389173892683, 50.770182789867697 ], [ 1.940265357154916, 50.770149432444406 ], [ 1.941010045313265, 50.769796838635926 ], [ 1.941260661671487, 50.769521696607207 ], [ 1.942052352509509, 50.769421644368322 ], [ 1.942297951392827, 50.769450650695873 ], [ 1.94412800773197, 50.770033292229819 ] ] ] ] } },
{ "type": "Feature", "properties": { "ID": "COMMUNE_0000000009727213", "NOM_COM": "Esc½uilles", "NOM_COM_M": "ESCOEUILLES", "INSEE_COM": "62308", "STATUT": "Commune simple", "INSEE_CAN": "33", "INSEE_ARR": "5", "INSEE_DEP": "62", "INSEE_REG": "32", "CODE_EPCI": "246201016", "POPULATION": 479, "TYPE": "COM" }, "geometry": { "type": "MultiPolygon", "coordinates": [ [ [ [ 1.936311147500885, 50.713626913809968 ], [ 1.936070272063336, 50.713719766810641 ], [ 1.936063225253266, 50.713710594287456 ], [ 1.935983127778398, 50.713737629188365 ], [ 1.934610343684144, 50.713907116392498 ], [ 1.932628011190927, 50.71458119092015 ], [ 1.931303868769583, 50.715109841841297 ], [ 1.928335361123825, 50.716191385508132 ], [ 1.927129573674714, 50.716898121539664 ], [ 1.925887252876835, 50.71719849209682 ], [ 1.923998044377765, 50.718309051859968 ], [ 1.923034070778288, 50.718788085313896 ], [ 1.92199185644133, 50.719063724081501 ], [ 1.920593015859396, 50.718957265247226 ], [ 1.91947346005722, 50.718927940706529 ], [ 1.918870470833175, 50.719281264738925 ], [ 1.916862822464359, 50.720188179939726 ], [ 1.915423743544188, 50.720106906938312 ], [ 1.913506778527649, 50.719795409077093 ], [ 1.911712752054861, 50.719154261942073 ], [ 1.90963666626081, 50.718726675062875 ], [ 1.909454669198722, 50.719525140768255 ], [ 1.909391560752062, 50.719696887733953 ], [ 1.909107149336897, 50.719904384491649 ], [ 1.908731937320655, 50.720386584726207 ], [ 1.909130157576031, 50.722484598131459 ], [ 1.910634899942969, 50.723694010232236 ], [ 1.910928879512733, 50.723567360085575 ], [ 1.911150918694297, 50.723628531814683 ], [ 1.917369237041769, 50.727520041518581 ], [ 1.918968068433977, 50.728381974423883 ], [ 1.919862310911493, 50.729071753651255 ], [ 1.920755808967491, 50.729468972456793 ], [ 1.924444930051851, 50.731826931872583 ], [ 1.923838465620964, 50.732611380167448 ], [ 1.923787195566653, 50.732891815829852 ], [ 1.92409178719769, 50.733259682739337 ], [ 1.925251692517425, 50.73403068294283 ], [ 1.925994086178004, 50.734160931619066 ], [ 1.926814322969435, 50.734552085975416 ], [ 1.928346129505918, 50.734268258537789 ], [ 1.929838898844889, 50.735016954206053 ], [ 1.932218743139387, 50.736807916082995 ], [ 1.932783128576763, 50.737065816759738 ], [ 1.933275971880039, 50.738093941649637 ], [ 1.933157459312993, 50.73940936432728 ], [ 1.933462479786756, 50.739297116171379 ], [ 1.937225669932568, 50.736491836125516 ], [ 1.93815139997387, 50.7353807183745 ], [ 1.938366337443783, 50.733979061734964 ], [ 1.938701442928127, 50.733712708615499 ], [ 1.94090410322987, 50.73533508315456 ], [ 1.941776469810981, 50.73621026339336 ], [ 1.944584924827173, 50.734996644233441 ], [ 1.94493048922292, 50.734635242296058 ], [ 1.94507808259744, 50.734744178409493 ], [ 1.947549508412405, 50.733479174724621 ], [ 1.947568412863425, 50.733184996270829 ], [ 1.947165161224391, 50.731851675816102 ], [ 1.946592420663699, 50.730779847580621 ], [ 1.946838877215802, 50.729817253601198 ], [ 1.94714439369698, 50.729273336252589 ], [ 1.946975838644344, 50.728211207179818 ], [ 1.946735795788759, 50.727792790511565 ], [ 1.946356453746605, 50.727409985935246 ], [ 1.946330220826332, 50.727245542946001 ], [ 1.945511824873414, 50.726631080634149 ], [ 1.945483770949797, 50.726351756816292 ], [ 1.944869558181592, 50.725172770593716 ], [ 1.94695902856095, 50.724301168259231 ], [ 1.947439908894757, 50.723012104813527 ], [ 1.947587602970294, 50.722778239074607 ], [ 1.947783542254514, 50.722670415480088 ], [ 1.952550015786406, 50.722016965070104 ], [ 1.955361340224437, 50.721767802070211 ], [ 1.956894825208793, 50.721716059812273 ], [ 1.960677664053943, 50.72103968757218 ], [ 1.962503001833785, 50.720204202785247 ], [ 1.96490878264783, 50.720213478505123 ], [ 1.965393193888073, 50.719961753204451 ], [ 1.966430734001235, 50.719621295230311 ], [ 1.966045804844677, 50.719299522774428 ], [ 1.965831438113356, 50.719069803612236 ], [ 1.962874571443243, 50.717140020595849 ], [ 1.963215164369644, 50.716938254783706 ], [ 1.963618911391549, 50.716484846776055 ], [ 1.964582901697887, 50.715870084857066 ], [ 1.965034696317607, 50.715416174319294 ], [ 1.964501085835856, 50.714835604824437 ], [ 1.964303123796967, 50.714839340744419 ], [ 1.963920084737417, 50.714496934608192 ], [ 1.963384066955013, 50.714854118413584 ], [ 1.962083161374101, 50.714879164000969 ], [ 1.96030524128936, 50.714595991701884 ], [ 1.958840812065249, 50.714736297715781 ], [ 1.958222814851717, 50.714955471509199 ], [ 1.955551669288303, 50.715008448512194 ], [ 1.955269040529592, 50.714869670290966 ], [ 1.954986920469004, 50.714842172890691 ], [ 1.951173060260737, 50.714790324418367 ], [ 1.950668026275744, 50.714405567459735 ], [ 1.950916753226108, 50.71393473688876 ], [ 1.950299186765016, 50.713592103665825 ], [ 1.94938929310401, 50.713305328845934 ], [ 1.948904610027923, 50.713232133438211 ], [ 1.948686101210143, 50.713407074192141 ], [ 1.948527543199438, 50.713419194676973 ], [ 1.946966926339459, 50.713293814789111 ], [ 1.946486074594017, 50.713038470056212 ], [ 1.946382484363005, 50.7127890124112 ], [ 1.946230976023049, 50.712734782016 ], [ 1.944747320830604, 50.713318972851489 ], [ 1.942819443009436, 50.711909831384745 ], [ 1.942300342624236, 50.71219617576886 ], [ 1.941477860588088, 50.712324685334131 ], [ 1.939184600630774, 50.712960247809612 ], [ 1.938613473725487, 50.713299079505894 ], [ 1.937816318863241, 50.713364962931671 ], [ 1.937362716650407, 50.713271972007433 ], [ 1.936311147500885, 50.713626913809968 ] ] ] ] } },
{ "type": "Feature", "properties": { "ID": "COMMUNE_0000000009727135", "NOM_COM": "Licques", "NOM_COM_M": "LICQUES", "INSEE_COM": "62506", "STATUT": "Commune simple", "INSEE_CAN": "19", "INSEE_ARR": "6", "INSEE_DEP": "62", "INSEE_REG": "32", "CODE_EPCI": "200072478", "POPULATION": 1631, "TYPE": "COM" }, "geometry": { "type": "MultiPolygon", "coordinates": [ [ [ [ 1.902668998303543, 50.800615621325576 ], [ 1.906663860647627, 50.802303680580316 ], [ 1.910081013574744, 50.802997811865524 ], [ 1.913402656542597, 50.803443574697987 ], [ 1.916324377091879, 50.804879545528557 ], [ 1.919344631388255, 50.806253806909403 ], [ 1.923157819131185, 50.806453093129171 ], [ 1.926588836594469, 50.805597241201326 ], [ 1.929436033347118, 50.804367396278302 ], [ 1.932575985360506, 50.803200461741028 ], [ 1.935226227876241, 50.802093771535787 ], [ 1.937286923515126, 50.801294951693322 ], [ 1.939829862711264, 50.801303478492791 ], [ 1.942859782146125, 50.801561496173683 ], [ 1.945899894072628, 50.800579825213873 ], [ 1.948547159665421, 50.79978273957407 ], [ 1.950304085810215, 50.800222346231699 ], [ 1.952359952218366, 50.799981090085517 ], [ 1.955791466350491, 50.798938450409615 ], [ 1.960495678516587, 50.797713804454446 ], [ 1.965102336719929, 50.796426684618531 ], [ 1.965232741711391, 50.796385869383826 ], [ 1.965097087067824, 50.795987057361899 ], [ 1.965474604497266, 50.795188916879098 ], [ 1.96555299472482, 50.794752589366801 ], [ 1.966258338342514, 50.793572230382793 ], [ 1.966271845880533, 50.793260983403691 ], [ 1.965569853503637, 50.791676823499884 ], [ 1.965365720335531, 50.790800268998233 ], [ 1.965175777584405, 50.790743956403624 ], [ 1.964948296871554, 50.789559434195681 ], [ 1.964551659523702, 50.788341200652695 ], [ 1.964773972249545, 50.788337664718043 ], [ 1.963910724496496, 50.786822131467424 ], [ 1.963077359461396, 50.784823192214411 ], [ 1.963354267076369, 50.783071272241038 ], [ 1.962417663630669, 50.783052705412807 ], [ 1.961669695254221, 50.780763728447219 ], [ 1.961331881943641, 50.780742068109198 ], [ 1.960347140599231, 50.780385696409283 ], [ 1.960645220312555, 50.780071434942855 ], [ 1.959326794793008, 50.779496018078177 ], [ 1.957424851502711, 50.779146311346487 ], [ 1.956864417277259, 50.77656454085281 ], [ 1.956959350541931, 50.775879788667268 ], [ 1.956830245947612, 50.775555674174548 ], [ 1.957049606582276, 50.775215634781283 ], [ 1.956858927065499, 50.774994195482485 ], [ 1.956924473140431, 50.774836817083525 ], [ 1.956762194136377, 50.774746623440898 ], [ 1.955617445688719, 50.773316575695063 ], [ 1.956061584244988, 50.771833443359107 ], [ 1.95583715781426, 50.771738240350146 ], [ 1.954238256628659, 50.771054523824176 ], [ 1.953200369450355, 50.769732123402903 ], [ 1.950945795733726, 50.770699305494922 ], [ 1.949763141472874, 50.770683951822747 ], [ 1.949269551369005, 50.771211001982529 ], [ 1.949032251898988, 50.770988258192887 ], [ 1.949076291600957, 50.770777759282566 ], [ 1.948273591134988, 50.770660611100809 ], [ 1.947596059253062, 50.770984203566748 ], [ 1.946984452570862, 50.77052767960916 ], [ 1.946017780837795, 50.771074943194755 ], [ 1.944914376151298, 50.770454521591866 ], [ 1.944712758122418, 50.770486911250551 ], [ 1.94412800773197, 50.770033292229819 ], [ 1.942297951392827, 50.769450650695873 ], [ 1.942052352509509, 50.769421644368322 ], [ 1.941260661671487, 50.769521696607207 ], [ 1.941010045313265, 50.769796838635926 ], [ 1.940265357154916, 50.770149432444406 ], [ 1.940389173892683, 50.770182789867697 ], [ 1.940398631466677, 50.770270808104947 ], [ 1.939920071411526, 50.771085990956067 ], [ 1.936706565400876, 50.770082301994407 ], [ 1.935335150818331, 50.770826130173198 ], [ 1.935319240969082, 50.771175053063459 ], [ 1.933670638245557, 50.773038144150043 ], [ 1.930358247996003, 50.771297642148134 ], [ 1.929767737203625, 50.771317693056886 ], [ 1.929544491005781, 50.77150062276403 ], [ 1.929213983928767, 50.772199487947731 ], [ 1.92769077333638, 50.773019095259379 ], [ 1.926787121639434, 50.77332088622871 ], [ 1.926504242836915, 50.773776081855182 ], [ 1.926852654558754, 50.774488865727747 ], [ 1.926820529687357, 50.774667155579735 ], [ 1.927406385233355, 50.775262639507069 ], [ 1.927565401184659, 50.775701003335534 ], [ 1.926502006748233, 50.776124348203425 ], [ 1.926940007049008, 50.776289640459758 ], [ 1.926419709435841, 50.7768603364729 ], [ 1.926526882705849, 50.777604238491811 ], [ 1.926417612465308, 50.777684054967608 ], [ 1.926221345152729, 50.777860928663138 ], [ 1.925157936653914, 50.777886750217945 ], [ 1.925037557449586, 50.777824693680152 ], [ 1.924894594308301, 50.777891655553638 ], [ 1.924164466063683, 50.778280169055435 ], [ 1.923168141411983, 50.779397688086448 ], [ 1.922593047704733, 50.780209269516526 ], [ 1.922209735601038, 50.781644344251873 ], [ 1.922394398589712, 50.781679142700526 ], [ 1.922053084832388, 50.781886159794858 ], [ 1.921769775586782, 50.782488494665856 ], [ 1.921998469412143, 50.782581999965039 ], [ 1.922125932381153, 50.783169943588156 ], [ 1.92133572425718, 50.783189124281193 ], [ 1.919930677892169, 50.785464185438514 ], [ 1.918807820005825, 50.785351253157764 ], [ 1.918068996425009, 50.78718251921709 ], [ 1.918684669651785, 50.787186070957084 ], [ 1.917679933443873, 50.787500373993879 ], [ 1.914928903301583, 50.787726786996984 ], [ 1.914127598614815, 50.78786247533408 ], [ 1.911779812260503, 50.78777020146908 ], [ 1.910010599028004, 50.787955728214669 ], [ 1.908528615478559, 50.788341154061605 ], [ 1.9075289888767, 50.788741561367878 ], [ 1.904957585515619, 50.788904724134994 ], [ 1.903489884274455, 50.78915203084474 ], [ 1.902019388239717, 50.789719633017611 ], [ 1.901435707920375, 50.79019185197312 ], [ 1.90048355960444, 50.791262008351289 ], [ 1.900270950968578, 50.792047064460768 ], [ 1.901156658154544, 50.792263054133208 ], [ 1.900684125263529, 50.793151697921338 ], [ 1.895652267304313, 50.792340000093027 ], [ 1.895884847449913, 50.795208931130475 ], [ 1.899053123532835, 50.795538462120348 ], [ 1.89831108207528, 50.796447143448276 ], [ 1.898731254800696, 50.796847462455467 ], [ 1.898966235876738, 50.798136257716557 ], [ 1.898465730716548, 50.798811980712522 ], [ 1.897949556937506, 50.799169921595343 ], [ 1.897714272847344, 50.799256657219509 ], [ 1.902668998303543, 50.800615621325576 ] ] ] ] } },
{ "type": "Feature", "properties": { "ID": "COMMUNE_0000000009727130", "NOM_COM": "Quercamps", "NOM_COM_M": "QUERCAMPS", "INSEE_COM": "62675", "STATUT": "Commune simple", "INSEE_CAN": "33", "INSEE_ARR": "5", "INSEE_DEP": "62", "INSEE_REG": "32", "CODE_EPCI": "246201016", "POPULATION": 269, "TYPE": "COM" }, "geometry": { "type": "MultiPolygon", "coordinates": [ [ [ [ 2.031438746451312, 50.755546155120172 ], [ 2.028389106942152, 50.755261740627738 ], [ 2.034807962998283, 50.756448022126186 ], [ 2.034894411675134, 50.756513300105816 ], [ 2.035029887381089, 50.75621641225024 ], [ 2.031438746451312, 50.755546155120172 ] ] ] ] } },
{ "type": "Feature", "properties": { "ID": "COMMUNE_0000000009727133", "NOM_COM": "Surques", "NOM_COM_M": "SURQUES", "INSEE_COM": "62803", "STATUT": "Commune simple", "INSEE_CAN": "33", "INSEE_ARR": "5", "INSEE_DEP": "62", "INSEE_REG": "32", "CODE_EPCI": "246201016", "POPULATION": 640, "TYPE": "COM" }, "geometry": { "type": "MultiPolygon", "coordinates": [ [ [ [ 1.909662760771776, 50.724783279305328 ], [ 1.909011671904514, 50.726024996872724 ], [ 1.90815577092906, 50.727799139973214 ], [ 1.90774095639411, 50.729447926925609 ], [ 1.90776955724559, 50.730717480940328 ], [ 1.907316983376239, 50.732112237486405 ], [ 1.90618660057541, 50.733250642683394 ], [ 1.904417923714465, 50.73418359974341 ], [ 1.90228982098231, 50.735039047206193 ], [ 1.899842754009397, 50.735766337061328 ], [ 1.897716365957475, 50.736418597157559 ], [ 1.896912493395901, 50.736821841716619 ], [ 1.895869501119789, 50.737122636421446 ], [ 1.894555694119224, 50.737343194979125 ], [ 1.894780485726483, 50.737452849494836 ], [ 1.89640980068953, 50.737890872593553 ], [ 1.898417152469754, 50.738180565052012 ], [ 1.90021315509848, 50.73875820845759 ], [ 1.904042996312638, 50.741200543789745 ], [ 1.906692262918872, 50.74234735373858 ], [ 1.909110848402846, 50.743116983435947 ], [ 1.910511986276547, 50.743656011883289 ], [ 1.914756448787747, 50.745867409671277 ], [ 1.917188675598886, 50.746608279163155 ], [ 1.919146972958745, 50.747488561829634 ], [ 1.919347918716859, 50.747680546787279 ], [ 1.91929192992693, 50.748505629413948 ], [ 1.919399544139321, 50.748631296433636 ], [ 1.918903817429393, 50.749121434564003 ], [ 1.920846316552505, 50.749559152848249 ], [ 1.92095625946728, 50.749642662774647 ], [ 1.921793726936531, 50.749571850938935 ], [ 1.921989112128308, 50.749497268290803 ], [ 1.921476659539967, 50.749910995869627 ], [ 1.923618802866107, 50.750473337238837 ], [ 1.922867563974463, 50.751335475631812 ], [ 1.923566861889646, 50.75157393984616 ], [ 1.922798148217982, 50.752195435301815 ], [ 1.923633430066694, 50.752886442866725 ], [ 1.92286765488208, 50.753436175131426 ], [ 1.926595467318502, 50.755527792275629 ], [ 1.928208772213558, 50.75655569441912 ], [ 1.928527508692127, 50.756535107523952 ], [ 1.929567057536875, 50.755817202225039 ], [ 1.930442320359617, 50.756233018056143 ], [ 1.930598457698069, 50.756208336587235 ], [ 1.930898166492126, 50.756349999516118 ], [ 1.931222548637807, 50.756595068099998 ], [ 1.931181433168838, 50.756665605237949 ], [ 1.931411740988318, 50.756943964429361 ], [ 1.930796770322494, 50.757653866050291 ], [ 1.93092276587041, 50.757715967515061 ], [ 1.92980592495865, 50.759534255117913 ], [ 1.928938394974442, 50.75928361458665 ], [ 1.92827938333709, 50.759933001094304 ], [ 1.928966129662043, 50.76023593098887 ], [ 1.927338747632056, 50.76131218561806 ], [ 1.927876391571197, 50.761773562029674 ], [ 1.92835867226014, 50.761979615457314 ], [ 1.928906075359828, 50.762051626712683 ], [ 1.929618781194492, 50.762266836124923 ], [ 1.929651475092413, 50.762458249874328 ], [ 1.930460268531385, 50.762613261519242 ], [ 1.931218635751087, 50.762877309857146 ], [ 1.931291571507117, 50.763172261951361 ], [ 1.931194533001862, 50.763343717194026 ], [ 1.931436385996199, 50.763413990759645 ], [ 1.9318405357653, 50.763437200390037 ], [ 1.931911173627592, 50.763243084814206 ], [ 1.932228309068161, 50.763100437018444 ], [ 1.934658735998235, 50.763578002110513 ], [ 1.935943777042536, 50.763294666489806 ], [ 1.93589615033831, 50.763471931549418 ], [ 1.93652234450643, 50.763899029078054 ], [ 1.937394127805437, 50.764221436915285 ], [ 1.9376474180902, 50.764420114369074 ], [ 1.937725659031862, 50.764800353457474 ], [ 1.937956883759306, 50.764905519311604 ], [ 1.938569576722202, 50.76496996832811 ], [ 1.938817064818466, 50.765175772285993 ], [ 1.93907132694169, 50.765262288385927 ], [ 1.939330619682678, 50.764910949217956 ], [ 1.939331686086738, 50.764727005336098 ], [ 1.939710768038292, 50.764598326625524 ], [ 1.940423067976506, 50.763967285149228 ], [ 1.941996380621835, 50.76296309002803 ], [ 1.942035925776419, 50.762296706846712 ], [ 1.938712950613037, 50.761275969388002 ], [ 1.94048406517588, 50.760749961957345 ], [ 1.940398417988281, 50.759114283061763 ], [ 1.941950035386306, 50.759062872440708 ], [ 1.94229724287664, 50.758833412256372 ], [ 1.94254202585056, 50.75856359806361 ], [ 1.942362707762072, 50.75821211209783 ], [ 1.943464457562786, 50.757019031600684 ], [ 1.943850703760784, 50.757016925335186 ], [ 1.943644025111817, 50.757358853269672 ], [ 1.944018808931589, 50.757632132817108 ], [ 1.944644959997056, 50.757725382397147 ], [ 1.9445379065795, 50.757904840131346 ], [ 1.94472932059573, 50.758018630495776 ], [ 1.944528841885591, 50.758133584976449 ], [ 1.944766123753029, 50.758219049273841 ], [ 1.944778431253577, 50.758373496017541 ], [ 1.946188785980029, 50.758243663985844 ], [ 1.946431200514346, 50.758354294018396 ], [ 1.946538228308466, 50.758243032409617 ], [ 1.946106420672545, 50.757720714897076 ], [ 1.946258071479134, 50.757438439196605 ], [ 1.94639558768212, 50.756483037539816 ], [ 1.946974055098165, 50.756421529256173 ], [ 1.947169392755094, 50.755541094032488 ], [ 1.947575535105953, 50.754591549770218 ], [ 1.947885574869164, 50.754445211687802 ], [ 1.947768087313988, 50.754112201029834 ], [ 1.948006736521017, 50.753256356090027 ], [ 1.948393925188051, 50.752871077110179 ], [ 1.948612516974642, 50.752161327708194 ], [ 1.94874806088405, 50.752173240785936 ], [ 1.948683640817635, 50.752007584730194 ], [ 1.948786848694873, 50.751538246176708 ], [ 1.950649071049143, 50.751705612416252 ], [ 1.948618338459562, 50.749929670201581 ], [ 1.947681641490998, 50.749675879658078 ], [ 1.947016874015048, 50.7496074425298 ], [ 1.946007905825721, 50.749024596902473 ], [ 1.94455816350611, 50.749022181717336 ], [ 1.944086876090739, 50.748834226830255 ], [ 1.943594270422603, 50.748852480258513 ], [ 1.943255211605102, 50.748565140917364 ], [ 1.942727509996764, 50.747833802610515 ], [ 1.942354043629824, 50.74763590341108 ], [ 1.941921795413375, 50.747207780389708 ], [ 1.94170257510372, 50.747140409457664 ], [ 1.941395312894738, 50.746821927053269 ], [ 1.940987397983287, 50.746581554569524 ], [ 1.940168694778042, 50.746237178991429 ], [ 1.940183309954872, 50.745278925804918 ], [ 1.939271234257231, 50.743601169305052 ], [ 1.938603621857495, 50.7430705206989 ], [ 1.938418139355017, 50.743080604199704 ], [ 1.938028600840863, 50.742909473885703 ], [ 1.937684997473393, 50.742906541077112 ], [ 1.937513072676931, 50.742810850287583 ], [ 1.937946460663026, 50.742581235817717 ], [ 1.938109797089958, 50.742214711238262 ], [ 1.937538585804664, 50.742007928862058 ], [ 1.937353717717376, 50.7417891884377 ], [ 1.936891365749101, 50.741517824931357 ], [ 1.936425128813739, 50.741363083663515 ], [ 1.936366346258954, 50.741533977704073 ], [ 1.935555660260512, 50.741416669822136 ], [ 1.934507701155722, 50.740686219789687 ], [ 1.934122622851689, 50.740306925743766 ], [ 1.934060408474884, 50.740239987739542 ], [ 1.934336197527955, 50.740105950361716 ], [ 1.933462479786756, 50.739297116171379 ], [ 1.933157459312993, 50.73940936432728 ], [ 1.933275971880039, 50.738093941649637 ], [ 1.932783128576763, 50.737065816759738 ], [ 1.932218743139387, 50.736807916082995 ], [ 1.929838898844889, 50.735016954206053 ], [ 1.928346129505918, 50.734268258537789 ], [ 1.926814322969435, 50.734552085975416 ], [ 1.925994086178004, 50.734160931619066 ], [ 1.925251692517425, 50.73403068294283 ], [ 1.92409178719769, 50.733259682739337 ], [ 1.923787195566653, 50.732891815829852 ], [ 1.923838465620964, 50.732611380167448 ], [ 1.924444930051851, 50.731826931872583 ], [ 1.920755808967491, 50.729468972456793 ], [ 1.919862310911493, 50.729071753651255 ], [ 1.918968068433977, 50.728381974423883 ], [ 1.917369237041769, 50.727520041518581 ], [ 1.911150918694297, 50.723628531814683 ], [ 1.910928879512733, 50.723567360085575 ], [ 1.910634899942969, 50.723694010232236 ], [ 1.909719910871519, 50.724312974832834 ], [ 1.909662760771776, 50.724783279305328 ] ] ] ] } },
{ "type": "Feature", "properties": { "ID": "COMMUNE_0000000009727211", "NOM_COM": "Quesques", "NOM_COM_M": "QUESQUES", "INSEE_COM": "62678", "STATUT": "Commune simple", "INSEE_CAN": "22", "INSEE_ARR": "3", "INSEE_DEP": "62", "INSEE_REG": "32", "CODE_EPCI": "200018083", "POPULATION": 676, "TYPE": "COM" }, "geometry": { "type": "MultiPolygon", "coordinates": [ [ [ [ 1.965509901561644, 50.705828909728567 ], [ 1.961907049080251, 50.704177504128083 ], [ 1.958075724725511, 50.702762781812105 ], [ 1.955932801679746, 50.702200455519424 ], [ 1.954850947663546, 50.703699980915736 ], [ 1.9534603618202, 50.706133413715158 ], [ 1.95070197975442, 50.708127037202345 ], [ 1.947466605599952, 50.709371590025988 ], [ 1.945337344416345, 50.710199084915189 ], [ 1.939558690061323, 50.712530707777645 ], [ 1.937362716650407, 50.713271972007433 ], [ 1.937816318863241, 50.713364962931671 ], [ 1.938613473725487, 50.713299079505894 ], [ 1.939184600630774, 50.712960247809612 ], [ 1.941477860588088, 50.712324685334131 ], [ 1.942300342624236, 50.71219617576886 ], [ 1.942819443009436, 50.711909831384745 ], [ 1.944747320830604, 50.713318972851489 ], [ 1.946230976023049, 50.712734782016 ], [ 1.946382484363005, 50.7127890124112 ], [ 1.946486074594017, 50.713038470056212 ], [ 1.946966926339459, 50.713293814789111 ], [ 1.948527543199438, 50.713419194676973 ], [ 1.948686101210143, 50.713407074192141 ], [ 1.948904610027923, 50.713232133438211 ], [ 1.94938929310401, 50.713305328845934 ], [ 1.950299186765016, 50.713592103665825 ], [ 1.950916753226108, 50.71393473688876 ], [ 1.950668026275744, 50.714405567459735 ], [ 1.951173060260737, 50.714790324418367 ], [ 1.954986920469004, 50.714842172890691 ], [ 1.955269040529592, 50.714869670290966 ], [ 1.955551669288303, 50.715008448512194 ], [ 1.958222814851717, 50.714955471509199 ], [ 1.958840812065249, 50.714736297715781 ], [ 1.96030524128936, 50.714595991701884 ], [ 1.962083161374101, 50.714879164000969 ], [ 1.963384066955013, 50.714854118413584 ], [ 1.963920084737417, 50.714496934608192 ], [ 1.964303123796967, 50.714839340744419 ], [ 1.964501085835856, 50.714835604824437 ], [ 1.965034696317607, 50.715416174319294 ], [ 1.964582901697887, 50.715870084857066 ], [ 1.963618911391549, 50.716484846776055 ], [ 1.963215164369644, 50.716938254783706 ], [ 1.962874571443243, 50.717140020595849 ], [ 1.965831438113356, 50.719069803612236 ], [ 1.966045804844677, 50.719299522774428 ], [ 1.968016413289963, 50.714970717474742 ], [ 1.968640559755447, 50.713763513713076 ], [ 1.96772224527609, 50.713468727588904 ], [ 1.967037688411325, 50.71314805700586 ], [ 1.965875470283907, 50.712413300260678 ], [ 1.965170633321557, 50.711843870422662 ], [ 1.964444152465303, 50.711022983590816 ], [ 1.96398000022098, 50.710366706846379 ], [ 1.963863751463232, 50.709973573649897 ], [ 1.964112548760392, 50.709081833326906 ], [ 1.965091130124658, 50.708643074585204 ], [ 1.966466724039743, 50.707729291883091 ], [ 1.966781955221032, 50.707382821071029 ], [ 1.966835269849045, 50.706990200461931 ], [ 1.9668007659859, 50.706847994518583 ], [ 1.965509901561644, 50.705828909728567 ] ] ], [ [ [ 1.936063225253266, 50.713710594287456 ], [ 1.936070272063336, 50.713719766810641 ], [ 1.936311147500885, 50.713626913809968 ], [ 1.936063225253266, 50.713710594287456 ] ] ] ] } },
{ "type": "Feature", "properties": { "ID": "COMMUNE_0000000009727129", "NOM_COM": "Tournehem-sur-la-Hem", "NOM_COM_M": "TOURNEHEM SUR LA HEM", "INSEE_COM": "62827", "STATUT": "Commune simple", "INSEE_CAN": "37", "INSEE_ARR": "5", "INSEE_DEP": "62", "INSEE_REG": "32", "CODE_EPCI": "200069037", "POPULATION": 1436, "TYPE": "COM" }, "geometry": { "type": "MultiPolygon", "coordinates": [ [ [ [ 2.009444012682209, 50.809759361990658 ], [ 2.011513779412838, 50.809536794761897 ], [ 2.012469819388779, 50.809313778770573 ], [ 2.014638837115385, 50.80933812627611 ], [ 2.015140204309554, 50.809263130774873 ], [ 2.016044280015302, 50.809377046301329 ], [ 2.016302197146258, 50.809440506803305 ], [ 2.017512527297002, 50.809284980697058 ], [ 2.018664481635389, 50.809288072280836 ], [ 2.019310725651356, 50.81001969775653 ], [ 2.020857284885399, 50.810944125473526 ], [ 2.022907706308608, 50.811425581336437 ], [ 2.025061457407157, 50.811431254469689 ], [ 2.027066596760705, 50.811182624572538 ], [ 2.03217547069673, 50.811195839640895 ], [ 2.034975923419843, 50.811901150436334 ], [ 2.036972048674703, 50.81308038453809 ], [ 2.036508852744984, 50.815046753042154 ], [ 2.0355989918387, 50.816345562173794 ], [ 2.03613779766392, 50.818282728215799 ], [ 2.037981344838396, 50.819874101049756 ], [ 2.03843917774963, 50.820513552489636 ], [ 2.038454315413026, 50.820505582405197 ], [ 2.039344034468061, 50.82020020278236 ], [ 2.042819950364132, 50.819385330990549 ], [ 2.047224948460347, 50.817972725991758 ], [ 2.047471856246236, 50.817874121917832 ], [ 2.04635451169796, 50.816825672179334 ], [ 2.047432632595704, 50.816438231561804 ], [ 2.048459199955796, 50.81481398245689 ], [ 2.049545656511847, 50.814506441492348 ], [ 2.051367625448304, 50.813575520627978 ], [ 2.051515156011706, 50.813712127993739 ], [ 2.052697111099602, 50.81322045288055 ], [ 2.053081927404179, 50.81361547486685 ], [ 2.054851709626685, 50.812518114882728 ], [ 2.055865939088509, 50.811680593045793 ], [ 2.056304841125574, 50.811911818888404 ], [ 2.056730172364202, 50.811961695881195 ], [ 2.05684803994231, 50.812169852661533 ], [ 2.058437580011282, 50.812515648648841 ], [ 2.059233244423399, 50.812076621778381 ], [ 2.059379009736889, 50.811856101373031 ], [ 2.059869816433085, 50.811737778841568 ], [ 2.060213409327837, 50.811464914559863 ], [ 2.061110174052486, 50.810692860253205 ], [ 2.061252487276732, 50.810429243202165 ], [ 2.061952498044056, 50.810330433098706 ], [ 2.063308821579873, 50.809138317094728 ], [ 2.064277193191279, 50.808469960332808 ], [ 2.066176343422082, 50.807170625777843 ], [ 2.067469477403496, 50.80654774437248 ], [ 2.068791705318925, 50.804968590278591 ], [ 2.069892208490826, 50.804191708568105 ], [ 2.069887647932114, 50.804056188413 ], [ 2.070905733192421, 50.803674373257564 ], [ 2.071485075197241, 50.803586273993027 ], [ 2.074470366916114, 50.803455389772999 ], [ 2.07286548485007, 50.803041171370438 ], [ 2.069181598683111, 50.802335938561562 ], [ 2.065176208649856, 50.801301862717438 ], [ 2.062081675754133, 50.799408779467214 ], [ 2.05976701198189, 50.796943446194078 ], [ 2.057780818521841, 50.79365884980335 ], [ 2.055733842043391, 50.789759078066041 ], [ 2.053810467558198, 50.78688454440767 ], [ 2.051751853759198, 50.785034638768728 ], [ 2.04910863761068, 50.783634274921781 ], [ 2.046590675556287, 50.782931150759424 ], [ 2.044071277891005, 50.782473967047949 ], [ 2.041355885260726, 50.781354592319957 ], [ 2.040002943426493, 50.780531222836416 ], [ 2.039360101820165, 50.779914617940754 ], [ 2.038665370033484, 50.778237541169759 ], [ 2.039130558092799, 50.776229720651848 ], [ 2.040695420906527, 50.774142645851285 ], [ 2.0428400316849, 50.772384985094455 ], [ 2.044915064496471, 50.771406111106238 ], [ 2.046018203247159, 50.770752821669731 ], [ 2.045698433407218, 50.77017803883323 ], [ 2.04434648716078, 50.769231715641794 ], [ 2.043061769708215, 50.767875543248877 ], [ 2.042878931215884, 50.766071090774787 ], [ 2.043476139006116, 50.763571566484373 ], [ 2.042976653803848, 50.760700323154644 ], [ 2.040896189107618, 50.758778185407365 ], [ 2.040771399404271, 50.759803457642704 ], [ 2.041393476560518, 50.761671987892541 ], [ 2.042013144834004, 50.762781359056959 ], [ 2.041202453719054, 50.764333760269423 ], [ 2.040917681405841, 50.765240548765426 ], [ 2.040925533024597, 50.765717083982828 ], [ 2.040759039985462, 50.766283801840039 ], [ 2.040771527732572, 50.767183006871967 ], [ 2.040925250204364, 50.767430952284805 ], [ 2.041942339120898, 50.768405188268851 ], [ 2.042264295530742, 50.76888324024285 ], [ 2.042401000345908, 50.769281800374237 ], [ 2.042338891790223, 50.769643836031065 ], [ 2.038407287975558, 50.775282718574267 ], [ 2.037878389078752, 50.776147221971065 ], [ 2.037375650727443, 50.777269449576103 ], [ 2.036302493252184, 50.778468017507272 ], [ 2.036102943322944, 50.779129576651144 ], [ 2.034076116701015, 50.78067875907589 ], [ 2.033816496308644, 50.783350682178636 ], [ 2.033589690431667, 50.784321586858042 ], [ 2.033505769799119, 50.785662384593479 ], [ 2.034589859974089, 50.788385086071806 ], [ 2.03431583201213, 50.788868393202364 ], [ 2.035991031142431, 50.790232678177901 ], [ 2.036528397837842, 50.790776102277491 ], [ 2.037323913259873, 50.791293703044659 ], [ 2.035929054594184, 50.792200833877033 ], [ 2.035192501967431, 50.79170880546684 ], [ 2.034108165822195, 50.792514235846852 ], [ 2.034271949891663, 50.792976707326112 ], [ 2.03515570252985, 50.793911341129885 ], [ 2.035137033426523, 50.79458594908823 ], [ 2.032654813644742, 50.798346917608718 ], [ 2.029481053764829, 50.797300240919057 ], [ 2.024914646258948, 50.796382563535715 ], [ 2.023450575244017, 50.79849584221104 ], [ 2.022735980046953, 50.798113384175004 ], [ 2.022021825815211, 50.797564032135959 ], [ 2.021185868025561, 50.798465508638564 ], [ 2.020301497431586, 50.798367035655971 ], [ 2.019356098626697, 50.799648979269527 ], [ 2.018852989618171, 50.799384809373208 ], [ 2.018155332143297, 50.798645343969206 ], [ 2.018007214700258, 50.798184772326529 ], [ 2.017514448153726, 50.797971822438761 ], [ 2.017301159800962, 50.798018593117099 ], [ 2.015800654958207, 50.799157951339275 ], [ 2.014603469735562, 50.800780626893435 ], [ 2.014540714606485, 50.801163265271846 ], [ 2.014123312142649, 50.801508104211301 ], [ 2.014339329772311, 50.801611204802704 ], [ 2.014072197649088, 50.8019464647939 ], [ 2.012083045081399, 50.801003828433423 ], [ 2.01130836254233, 50.800870271021857 ], [ 2.01033565962215, 50.800583497032633 ], [ 2.009908101327745, 50.801368801939759 ], [ 2.007153495188513, 50.80019029830229 ], [ 2.006381849954132, 50.80083197785661 ], [ 2.007285357625828, 50.801465475553101 ], [ 2.006230828994986, 50.803089204042287 ], [ 2.008557777169468, 50.804347765576622 ], [ 2.008505381158185, 50.804490911402731 ], [ 2.008254792615609, 50.804846029377181 ], [ 2.007177147050311, 50.805706001278509 ], [ 2.006263381744067, 50.805513880691649 ], [ 2.006836714501781, 50.805022263465531 ], [ 2.005738814948168, 50.804406058087316 ], [ 2.004080687367587, 50.805331357724732 ], [ 2.003036495443911, 50.806995510552042 ], [ 2.001787395184823, 50.80927353133216 ], [ 2.002932200646423, 50.809457662112159 ], [ 2.007047073404167, 50.80975273004664 ], [ 2.009444012682209, 50.809759361990658 ] ] ] ] } },
{ "type": "Feature", "properties": { "ID": "COMMUNE_0000000009727075", "NOM_COM": "Hermelinghen", "NOM_COM_M": "HERMELINGHEN", "INSEE_COM": "62439", "STATUT": "Commune simple", "INSEE_CAN": "19", "INSEE_ARR": "6", "INSEE_DEP": "62", "INSEE_REG": "32", "CODE_EPCI": "200072478", "POPULATION": 422, "TYPE": "COM" }, "geometry": { "type": "MultiPolygon", "coordinates": [ [ [ [ 1.864653359080001, 50.790699424428823 ], [ 1.866844214783294, 50.791926748896437 ], [ 1.868959804779195, 50.792671359532704 ], [ 1.871314052485486, 50.793594584833336 ], [ 1.872022895888376, 50.793922891912636 ], [ 1.871193931510423, 50.792581086752172 ], [ 1.870947859759315, 50.79238144972944 ], [ 1.870652816744675, 50.792219054986504 ], [ 1.868420627648843, 50.791515948354551 ], [ 1.866218721017672, 50.791228529294443 ], [ 1.865867459904521, 50.790986647989037 ], [ 1.865541292026642, 50.790449779788815 ], [ 1.865147396858476, 50.790215583570081 ], [ 1.863072699617628, 50.789703973863489 ], [ 1.864653359080001, 50.790699424428823 ] ] ] ] } }
]
}
