{
"type": "FeatureCollection",
"name": "Crues_AZI",
"crs": { "type": "name", "properties": { "name": "urn:ogc:def:crs:OGC:1.3:CRS84" } },
"features": [
{ "type": "Feature", "properties": { "fid": 1, "CODE_AZI": "AZI15", "VALLEE": "Hem", "ANNEE": "2003", "CODE_CRUE": "2", "NATURE": "Crue centennale" }, "geometry": { "type": "MultiPolygon", "coordinates": [ [ [ [ 1.946571988445486, 50.763492813746574 ], [ 1.946575073655026, 50.763514404515043 ], [ 1.946578128359165, 50.763535995024554 ], [ 1.946581192088297, 50.763558606776968 ], [ 1.946585881774705, 50.763582253457997 ], [ 1.946588924024645, 50.763605886194171 ], [ 1.946591974878853, 50.76363056019246 ], [ 1.946596621184963, 50.763656268860657 ], [ 1.946599638098085, 50.763684006071138 ], [ 1.946604293435932, 50.763710735980531 ], [ 1.946607309935287, 50.763738493207875 ], [ 1.946610335461157, 50.763767271677516 ], [ 1.946613360990448, 50.7637960501458 ], [ 1.946614747676968, 50.76382585593192 ], [ 1.946617730242215, 50.76385667636773 ], [ 1.946619104050043, 50.763888544398725 ], [ 1.946622117130001, 50.763919365089734 ], [ 1.946623469457326, 50.763952254102598 ], [ 1.9466264606375, 50.763984115794756 ], [ 1.946627834454384, 50.764015983819554 ], [ 1.946630825641246, 50.764047845508514 ], [ 1.946632212766421, 50.764077631263767 ], [ 1.94663520395973, 50.76410949294965 ], [ 1.94663820761792, 50.764139312406371 ], [ 1.94664282907307, 50.764169105507946 ], [ 1.946647437230518, 50.764200980874087 ], [ 1.946650403098273, 50.764236947027413 ], [ 1.94665495155848, 50.764276010094484 ], [ 1.946661079179466, 50.764321233544116 ], [ 1.946667193930256, 50.764368519236442 ], [ 1.946671644487471, 50.764420936716782 ], [ 1.946679273547764, 50.764477465756663 ], [ 1.946685290410223, 50.764538105856282 ], [ 1.946799571186258, 50.764839515910133 ], [ 1.946868792517996, 50.765102781370693 ], [ 1.946862626836311, 50.765063704678326 ], [ 1.946858043788488, 50.765027724892903 ], [ 1.946853434999828, 50.764995869593811 ], [ 1.946850422133984, 50.764965028939343 ], [ 1.946845775155194, 50.76493934035085 ], [ 1.946844328618329, 50.764916722315157 ], [ 1.946842869208819, 50.764896166523293 ], [ 1.946843001447069, 50.764879728882867 ], [ 1.946841503837841, 50.764865339804366 ], [ 1.946843240596443, 50.764850958070959 ], [ 1.946843372834445, 50.764834520429474 ], [ 1.946845100563484, 50.764819117453527 ], [ 1.946848476192948, 50.764803708398311 ], [ 1.946850225400006, 50.764787284437837 ], [ 1.946851944518232, 50.764770840199525 ], [ 1.946855319721085, 50.764755451162287 ], [ 1.946858708216517, 50.764737979860321 ], [ 1.946862052906271, 50.764722590563991 ], [ 1.946865428524035, 50.764707181506068 ], [ 1.946872007566435, 50.764691799553404 ], [ 1.946875404659118, 50.764675369510599 ], [ 1.946880375756313, 50.764660995116934 ], [ 1.94688534685052, 50.764646620722814 ], [ 1.946891913428015, 50.764633280993749 ], [ 1.94689850148174, 50.764618920280178 ], [ 1.946903502654243, 50.764604566161836 ], [ 1.946910091121964, 50.764590185427615 ], [ 1.946915040300181, 50.764576852034054 ], [ 1.946918347191369, 50.764567609430607 ], [ 1.946920011376131, 50.764562477636694 ], [ 1.946926608442033, 50.764549138162309 ], [ 1.946931579090888, 50.764534783783141 ], [ 1.94693657163676, 50.764519388400032 ], [ 1.94694152122214, 50.764506034984691 ], [ 1.946948109244805, 50.764491674265663 ], [ 1.946953080302873, 50.764477299865113 ], [ 1.946956433976391, 50.76446293180252 ], [ 1.946959787648123, 50.764448563739457 ], [ 1.946966397557381, 50.764433162014626 ], [ 1.946969751224146, 50.76441879395076 ], [ 1.946971478899989, 50.764403390963317 ], [ 1.946974854462479, 50.764387981894892 ], [ 1.946976637960141, 50.764368474691814 ], [ 1.946980029803608, 50.764347939906713 ], [ 1.946981839034224, 50.764324308209659 ], [ 1.946982043755191, 50.764298620604052 ], [ 1.946985473774829, 50.764271919096544 ], [ 1.946985703808638, 50.764242127015109 ], [ 1.946985968187914, 50.764209251701033 ], [ 1.946986254465713, 50.764175335381331 ], [ 1.94698325401451, 50.764142452464128 ], [ 1.946981879968164, 50.764110584449327 ], [ 1.946978910032129, 50.764077701786881 ], [ 1.946974301253957, 50.764045846446322 ], [ 1.946969671424887, 50.764014992069782 ], [ 1.946961806869257, 50.763984150368614 ], [ 1.946953972831667, 50.763953308923682 ], [ 1.946949245170628, 50.763935808973763 ], [ 1.946944469873922, 50.76392347452272 ], [ 1.946936592899388, 50.763894675044121 ], [ 1.946927098571504, 50.76386588190185 ], [ 1.946917626154606, 50.763836047752996 ], [ 1.946906493009119, 50.763808281929812 ], [ 1.946896986264524, 50.763781531010075 ], [ 1.94688423620509, 50.763753751500957 ], [ 1.946873112124855, 50.763727006914756 ], [ 1.946860349640625, 50.763701269629856 ], [ 1.946845991293638, 50.763674517694241 ], [ 1.946831602875015, 50.763647745478345 ], [ 1.946815618598253, 50.763619958610903 ], [ 1.94679964336618, 50.76359319298404 ], [ 1.946780403358893, 50.763566419748805 ], [ 1.94676118485415, 50.763538625523957 ], [ 1.946740340836674, 50.763509776348116 ], [ 1.946571988445486, 50.763492813746574 ] ] ] ] } },
{ "type": "Feature", "properties": { "fid": 2, "CODE_AZI": "AZI15", "VALLEE": "Hem", "ANNEE": "2003", "CODE_CRUE": "1", "NATURE": "Crue décennale" }, "geometry": { "type": "MultiPolygon", "coordinates": [ [ [ [ 1.946868792517996, 50.765102781370693 ], [ 1.946799571186258, 50.764839515910133 ], [ 1.946685290410223, 50.764538105856282 ], [ 1.946679273547764, 50.764477465756663 ], [ 1.946671644487471, 50.764420936716782 ], [ 1.946667193930256, 50.764368519236442 ], [ 1.946661079179466, 50.764321233544116 ], [ 1.94665495155848, 50.764276010094484 ], [ 1.946650403098273, 50.764236947027413 ], [ 1.946647437230518, 50.764200980874087 ], [ 1.94664282907307, 50.764169105507946 ], [ 1.94663820761792, 50.764139312406371 ], [ 1.94663520395973, 50.76410949294965 ], [ 1.946632212766421, 50.764077631263767 ], [ 1.946630825641246, 50.764047845508514 ], [ 1.946627834454384, 50.764015983819554 ], [ 1.9466264606375, 50.763984115794756 ], [ 1.946623469457326, 50.763952254102598 ], [ 1.946622117130001, 50.763919365089734 ], [ 1.946619104050043, 50.763888544398725 ], [ 1.946617730242215, 50.76385667636773 ], [ 1.946614747676968, 50.76382585593192 ], [ 1.946613360990448, 50.7637960501458 ], [ 1.946610335461157, 50.763767271677516 ], [ 1.946607309935287, 50.763738493207875 ], [ 1.946604293435932, 50.763710735980531 ], [ 1.946599638098085, 50.763684006071138 ], [ 1.946596621184963, 50.763656268860657 ], [ 1.946591974878853, 50.76363056019246 ], [ 1.946588924024645, 50.763605886194171 ], [ 1.946585881774705, 50.763582253457997 ], [ 1.946581192088297, 50.763558606776968 ], [ 1.946578128359165, 50.763535995024554 ], [ 1.946575073655026, 50.763514404515043 ], [ 1.946571988445486, 50.763492813746574 ], [ 1.94586546004156, 50.763719717866181 ], [ 1.94579239710572, 50.763943475468807 ], [ 1.945791230475394, 50.764094498164646 ], [ 1.945828589057358, 50.764286753864766 ], [ 1.945911776853104, 50.764422652840608 ], [ 1.946058245369984, 50.764544350782309 ], [ 1.946690471282454, 50.76511556869972 ], [ 1.946817780378236, 50.765205367243276 ], [ 1.946868792517996, 50.765102781370693 ] ] ] ] } },
{ "type": "Feature", "properties": { "fid": 3, "CODE_AZI": "AZI15", "VALLEE": "Hem", "ANNEE": "2003", "CODE_CRUE": "1", "NATURE": "Crue décennale" }, "geometry": { "type": "MultiPolygon", "coordinates": [ [ [ [ 1.947676505077841, 50.768923392489192 ], [ 1.947790051919536, 50.768906271874116 ], [ 1.947830626181868, 50.768898185289835 ], [ 1.94786795339092, 50.768892133586405 ], [ 1.94792958678933, 50.768881021339681 ], [ 1.94803022017492, 50.768859766789809 ], [ 1.94802372946413, 50.768860773138208 ], [ 1.948070815818391, 50.768850659149059 ], [ 1.948059753677264, 50.768813623732278 ], [ 1.948048703957209, 50.768774546099216 ], [ 1.948042885357781, 50.768691302486687 ], [ 1.948043017212379, 50.768674864939562 ], [ 1.948049677806398, 50.76865125436278 ], [ 1.948056278881747, 50.768634831442604 ], [ 1.948072695263081, 50.76861022208427 ], [ 1.948093992326178, 50.768578445785664 ], [ 1.948120290998972, 50.768532295381121 ], [ 1.94813352734577, 50.768496366314828 ], [ 1.948145192841147, 50.768455318172883 ], [ 1.948152371995298, 50.768364916110038 ], [ 1.94815277121403, 50.768312519972312 ], [ 1.948149813081545, 50.768277575313036 ], [ 1.948146688856722, 50.768262151422547 ], [ 1.948121266464826, 50.768198364373887 ], [ 1.948094035294889, 50.768158208890675 ], [ 1.948039377944813, 50.768104606595905 ], [ 1.948025191396555, 50.768052167255235 ], [ 1.947986715719339, 50.767999642757047 ], [ 1.94790149938576, 50.767916148424419 ], [ 1.947886045968003, 50.768027063985471 ], [ 1.947845047214794, 50.768091671226756 ], [ 1.947771595232744, 50.768161310133102 ], [ 1.947725918399269, 50.768200208617465 ], [ 1.947587423858437, 50.768299431749256 ], [ 1.947481470756487, 50.76837924753481 ], [ 1.947422663448598, 50.768441741791484 ], [ 1.947370158800125, 50.768523771439746 ], [ 1.947340407845364, 50.7685976440074 ], [ 1.947338522343494, 50.768633608915536 ], [ 1.947341633909141, 50.768651075031194 ], [ 1.947382780995746, 50.768772460417445 ], [ 1.947433659288738, 50.768896931464703 ], [ 1.947454408218922, 50.768939134620361 ], [ 1.947507917278952, 50.768934160926356 ], [ 1.947535484878782, 50.768932191524989 ], [ 1.947551679500376, 50.768931207183513 ], [ 1.947566287107116, 50.768930229444223 ], [ 1.947592215709433, 50.768929287354041 ], [ 1.947593833235099, 50.768929281007388 ], [ 1.947614901056785, 50.768927296678548 ], [ 1.947626252564039, 50.768927332584305 ], [ 1.947632743291446, 50.768926326256789 ], [ 1.947647320383632, 50.768925348249979 ], [ 1.947652172118571, 50.768925369246205 ], [ 1.947658671890445, 50.768925384152674 ], [ 1.947663523625392, 50.768925405148536 ], [ 1.947668375781269, 50.768925406124971 ], [ 1.947669992885869, 50.768925419796474 ], [ 1.947676505077841, 50.768923392489192 ] ] ] ] } },
{ "type": "Feature", "properties": { "fid": 4, "CODE_AZI": "AZI15", "VALLEE": "Hem", "ANNEE": "2003", "CODE_CRUE": "2", "NATURE": "Crue centennale" }, "geometry": { "type": "MultiPolygon", "coordinates": [ [ [ [ 1.947454408218922, 50.768939134620361 ], [ 1.947433659288738, 50.768896931464703 ], [ 1.947382780995746, 50.768772460417445 ], [ 1.947341633909141, 50.768651075031194 ], [ 1.947338522343494, 50.768633608915536 ], [ 1.947340407845364, 50.7685976440074 ], [ 1.947370158800125, 50.768523771439746 ], [ 1.947422663448598, 50.768441741791484 ], [ 1.947481470756487, 50.76837924753481 ], [ 1.947587423858437, 50.768299431749256 ], [ 1.947725918399269, 50.768200208617465 ], [ 1.947771595232744, 50.768161310133102 ], [ 1.947845047214794, 50.768091671226756 ], [ 1.947886045968003, 50.768027063985471 ], [ 1.94790149938576, 50.767916148424419 ], [ 1.947986715719339, 50.767999642757047 ], [ 1.948025191396555, 50.768052167255235 ], [ 1.948039377944813, 50.768104606595905 ], [ 1.948094035294889, 50.768158208890675 ], [ 1.948121266464826, 50.768198364373887 ], [ 1.948146688856722, 50.768262151422547 ], [ 1.948149813081545, 50.768277575313036 ], [ 1.94815277121403, 50.768312519972312 ], [ 1.948152371995298, 50.768364916110038 ], [ 1.948145192841147, 50.768455318172883 ], [ 1.94813352734577, 50.768496366314828 ], [ 1.948120290998972, 50.768532295381121 ], [ 1.948093992326178, 50.768578445785664 ], [ 1.948072695263081, 50.76861022208427 ], [ 1.948056278881747, 50.768634831442604 ], [ 1.948049677806398, 50.76865125436278 ], [ 1.948043017212379, 50.768674864939562 ], [ 1.948042885357781, 50.768691302486687 ], [ 1.948048703957209, 50.768774546099216 ], [ 1.948059753677264, 50.768813623732278 ], [ 1.948070815818391, 50.768850659149059 ], [ 1.94802372946413, 50.768860773138208 ], [ 1.94803022017492, 50.768859766789809 ], [ 1.948098365662234, 50.768846627132646 ], [ 1.948127622617698, 50.768835421378142 ], [ 1.948226842827324, 50.768788465569614 ], [ 1.948314740349544, 50.768734285922243 ], [ 1.948350968234514, 50.768661448985007 ], [ 1.94836286324561, 50.768590588926052 ], [ 1.948352280879237, 50.768492948759615 ], [ 1.948321993607144, 50.76843120303888 ], [ 1.948260993009176, 50.768357043987677 ], [ 1.948214358277341, 50.768313741198106 ], [ 1.948182279061897, 50.768270481296355 ], [ 1.948169778371065, 50.768211869205153 ], [ 1.948133038501438, 50.768144983103802 ], [ 1.948073724592575, 50.76806465114803 ], [ 1.947986843814561, 50.767986288664602 ], [ 1.947986195454294, 50.767858878404368 ], [ 1.947600065037418, 50.767304888085853 ], [ 1.947116441308276, 50.766784490540331 ], [ 1.947366831000345, 50.766052692619375 ], [ 1.947354030318443, 50.765825585697371 ], [ 1.947169119754882, 50.765233188062069 ], [ 1.946952854506445, 50.765127700243355 ], [ 1.946868792517996, 50.765102781370693 ], [ 1.946817780378236, 50.765205367243276 ], [ 1.946690471282454, 50.76511556869972 ], [ 1.946058245369984, 50.764544350782309 ], [ 1.945911776853104, 50.764422652840608 ], [ 1.945828589057358, 50.764286753864766 ], [ 1.945791230475394, 50.764094498164646 ], [ 1.94579239710572, 50.763943475468807 ], [ 1.94586546004156, 50.763719717866181 ], [ 1.946571988445486, 50.763492813746574 ], [ 1.946510463210398, 50.763487487481413 ], [ 1.946393924736421, 50.763474787583142 ], [ 1.946117120148507, 50.763445132747961 ], [ 1.946049117457087, 50.763438770281915 ], [ 1.946002198799668, 50.763432446174093 ], [ 1.94598579600701, 50.763454993204057 ], [ 1.945972691972071, 50.763474484642295 ], [ 1.94595960473752, 50.763488830337089 ], [ 1.945948190753841, 50.763499065484936 ], [ 1.945940036446176, 50.763505203522179 ], [ 1.945922153893336, 50.76351542392969 ], [ 1.945904240825127, 50.763525644076005 ], [ 1.945883093889203, 50.763535836830059 ], [ 1.945863606875798, 50.763544001304524 ], [ 1.945850600915224, 50.763550138288892 ], [ 1.945832722657868, 50.763557255171072 ], [ 1.945811566265723, 50.763566446687967 ], [ 1.945792079228758, 50.763574611150837 ], [ 1.945780682020227, 50.763579700541172 ], [ 1.945772570683246, 50.76358379659591 ], [ 1.945766068114305, 50.763586845063983 ], [ 1.945757917682762, 50.763589899596305 ], [ 1.945753031622469, 50.763592981779425 ], [ 1.945748133486043, 50.763598086172117 ], [ 1.945743247424281, 50.763601168354903 ], [ 1.945736744851222, 50.763604216821371 ], [ 1.945733463222971, 50.763609354929464 ], [ 1.945730203518627, 50.763613452032786 ], [ 1.945728552163175, 50.763616521569659 ], [ 1.945726887887831, 50.763621653354974 ], [ 1.945726883973167, 50.763624736847028 ], [ 1.94572684955026, 50.763627820080764 ], [ 1.945728441065649, 50.763631938254953 ], [ 1.945730023576345, 50.763635035185381 ], [ 1.945733253950348, 50.763638126051596 ], [ 1.94573645381674, 50.763641216659352 ], [ 1.945742927485929, 50.763645336143071 ], [ 1.94574774428717, 50.763648440447071 ], [ 1.945752591597067, 50.76365154500926 ], [ 1.945757408821127, 50.763654629293598 ], [ 1.945765499428031, 50.763658762472438 ], [ 1.945771933166176, 50.763661880471801 ], [ 1.945780015190851, 50.763664972386671 ], [ 1.945789701233892, 50.763670140245239 ], [ 1.9458042255881, 50.76367739141952 ], [ 1.94581062142533, 50.763686656122658 ], [ 1.945810570181628, 50.763694885096079 ], [ 1.945810536185502, 50.763697948310089 ], [ 1.945810510352868, 50.763702072806417 ], [ 1.945812080376156, 50.763707211964288 ], [ 1.945812054965194, 50.763711316441139 ], [ 1.945812016638084, 50.763717483166161 ], [ 1.945813608163346, 50.763721601338716 ], [ 1.94581513085386, 50.763731885977649 ], [ 1.945818279910488, 50.763743185536271 ], [ 1.945813330101042, 50.763756538922323 ], [ 1.945809976146953, 50.763770906969441 ], [ 1.945803366391097, 50.763786288628964 ], [ 1.945791870552698, 50.763804752471309 ], [ 1.945783664927898, 50.763819119467357 ], [ 1.945775485134003, 50.763829361967041 ], [ 1.945768922276816, 50.763839618162265 ], [ 1.945762368422627, 50.763850895600385 ], [ 1.945752571256912, 50.763861144420908 ], [ 1.945742731081344, 50.763873435210485 ], [ 1.945731304046123, 50.76388573258 ], [ 1.945718216634885, 50.763900078240397 ], [ 1.945705150719952, 50.76391340291417 ], [ 1.945690476859576, 50.763927735132356 ], [ 1.945674133613236, 50.763943094396673 ], [ 1.945656203921331, 50.763958440219213 ], [ 1.945636613420596, 50.763975854348978 ], [ 1.945618661778399, 50.763992241169319 ], [ 1.945600719126856, 50.76400964922987 ], [ 1.945586014700096, 50.7640239811752 ], [ 1.945571340773249, 50.764038313376879 ], [ 1.945558274783128, 50.764051638032541 ], [ 1.945545200206391, 50.764063921424125 ], [ 1.945537007396092, 50.764076226151182 ], [ 1.945528805580706, 50.764087509634471 ], [ 1.945520625690845, 50.764097752113166 ], [ 1.945514049817713, 50.764110070537562 ], [ 1.945505856992175, 50.764122375261728 ], [ 1.945500898483307, 50.764134687365448 ], [ 1.945494332022524, 50.764148007011755 ], [ 1.945490968950397, 50.764161353798791 ], [ 1.945484358623313, 50.764176755451537 ], [ 1.945481013125121, 50.764192164742767 ], [ 1.945477637538079, 50.764207553755774 ], [ 1.945475909409671, 50.764222956726847 ], [ 1.945474172280301, 50.764237338454869 ], [ 1.945474061103121, 50.764252755125305 ], [ 1.945475558301394, 50.76426714423345 ], [ 1.945477055500459, 50.764281533341261 ], [ 1.945480200163629, 50.764295936407287 ], [ 1.945484953627008, 50.764309291891628 ], [ 1.945491323626583, 50.764322681094669 ], [ 1.94549443820964, 50.764337063881605 ], [ 1.945499212767025, 50.764349418399682 ], [ 1.945503987748442, 50.764361752898083 ], [ 1.945510370688756, 50.76437307985303 ], [ 1.945515149181202, 50.764382350881327 ], [ 1.94551993667647, 50.764392643151822 ], [ 1.945524715594401, 50.764401894160088 ], [ 1.945531141981142, 50.764411159125927 ], [ 1.945537537861518, 50.764420423832853 ], [ 1.945547198170956, 50.764429716196112 ], [ 1.945556837398586, 50.764440009523248 ], [ 1.945568093168277, 50.76445033656762 ], [ 1.945579349364253, 50.764460643591534 ], [ 1.945592222946877, 50.764470944293542 ], [ 1.94560835196208, 50.764480251406837 ], [ 1.945624468480765, 50.764491600744265 ], [ 1.94563895904198, 50.764501915139121 ], [ 1.945655075152936, 50.764513284491521 ], [ 1.945671191692827, 50.764524633822376 ], [ 1.945688925202409, 50.76453599684821 ], [ 1.94570665914179, 50.764547339852051 ], [ 1.945724392667541, 50.764558702872499 ], [ 1.94574212620127, 50.76457006589024 ], [ 1.94575985974309, 50.764581428905188 ], [ 1.945777593714564, 50.76459277189818 ], [ 1.945795318265887, 50.764603113665544 ], [ 1.945809817479784, 50.764614469300184 ], [ 1.945827542467099, 50.764624791043353 ], [ 1.945843680583071, 50.764635119366176 ], [ 1.945859788197012, 50.764645447428386 ], [ 1.945875926326242, 50.76465577574676 ], [ 1.945892042962058, 50.764667125046586 ], [ 1.94590975507232, 50.764679509022308 ], [ 1.945929071668847, 50.764693948915195 ], [ 1.945948396864711, 50.764709430066105 ], [ 1.945970922444239, 50.76472798179104 ], [ 1.945993456629564, 50.764747574772649 ], [ 1.946017573396657, 50.764770264671078 ], [ 1.946044933560664, 50.764793983172034 ], [ 1.946070685369587, 50.764818729234989 ], [ 1.946096398103875, 50.764842433772237 ], [ 1.946123767357832, 50.76486717349507 ], [ 1.946147871338919, 50.764891925608659 ], [ 1.946171966750916, 50.764915636455612 ], [ 1.946197719106628, 50.764940362468522 ], [ 1.946221814565497, 50.7649640733041 ], [ 1.946244323578997, 50.764987770702398 ], [ 1.9462668016833, 50.765011487856825 ], [ 1.946289310739385, 50.76503518524526 ], [ 1.946311810799546, 50.765057861387348 ], [ 1.946334323775238, 50.765078475280731 ], [ 1.946355228385337, 50.765100116741408 ], [ 1.946374485101463, 50.765121764270553 ], [ 1.946395411237048, 50.765142384740052 ], [ 1.946414681299985, 50.765161949998685 ], [ 1.946433959554945, 50.765182576533533 ], [ 1.946453225778324, 50.765205225269739 ], [ 1.946474117603249, 50.765228928949846 ], [ 1.946494987959764, 50.765253653608426 ], [ 1.946517462857224, 50.765280434173228 ], [ 1.946541532857799, 50.765308269421212 ], [ 1.946563973432027, 50.765338133201347 ], [ 1.946588040045642, 50.765369031902623 ], [ 1.946610467791128, 50.765400957914537 ], [ 1.946632930354767, 50.765429780676136 ], [ 1.946653775109226, 50.76545862978616 ], [ 1.946669750858289, 50.765485395356293 ], [ 1.946685770014402, 50.765510098938847 ], [ 1.946700163166146, 50.76553376759361 ], [ 1.946711312893515, 50.765556407656426 ], [ 1.946720879576226, 50.76557597082806 ], [ 1.946730433808673, 50.765597576221403 ], [ 1.946738358173208, 50.765621230171902 ], [ 1.946744630763751, 50.765647973681226 ], [ 1.946752495446794, 50.765678815318338 ], [ 1.946758721234795, 50.765710684271575 ], [ 1.946764912670153, 50.7657456364471 ], [ 1.946768070672887, 50.765757977206938 ], [ 1.946771100263611, 50.765783672102479 ], [ 1.946775645108037, 50.765825818555427 ], [ 1.946780181354262, 50.765866923746053 ], [ 1.94678310017975, 50.765908035270179 ], [ 1.946786031886785, 50.765947084550398 ], [ 1.946784115577129, 50.765983049336576 ], [ 1.946783847206108, 50.766019008042718 ], [ 1.946781965672836, 50.766051869583016 ], [ 1.946778457676311, 50.766083716217878 ], [ 1.946773354144393, 50.766114528186314 ], [ 1.946768272510531, 50.766144299152216 ], [ 1.94675994739155, 50.76617304152942 ], [ 1.946753226401329, 50.766203859828671 ], [ 1.946746505824077, 50.766234658106818 ], [ 1.946736550780213, 50.766265449035181 ], [ 1.946724956799433, 50.766297267277992 ], [ 1.946714971220057, 50.766328057943504 ], [ 1.946703407720869, 50.766359876439502 ], [ 1.946693422115801, 50.766390667100296 ], [ 1.946680232539854, 50.766421450667565 ], [ 1.946670281275014, 50.766449158102859 ], [ 1.946658734459244, 50.766475830870533 ], [ 1.94665044359026, 50.766501490005368 ], [ 1.946638900189325, 50.766525099309668 ], [ 1.946630643671334, 50.76654767522102 ], [ 1.946619113555482, 50.766569202263305 ], [ 1.946612486934375, 50.766589729617962 ], [ 1.946602607780423, 50.766608207141928 ], [ 1.946597602460279, 50.76662564468262 ], [ 1.946589405627663, 50.766641032909121 ], [ 1.946586051281713, 50.766655420933553 ], [ 1.946582688332122, 50.766668767699343 ], [ 1.946579368776123, 50.766680052484062 ], [ 1.946577657649279, 50.766690309696116 ], [ 1.94657595512341, 50.766701608166194 ], [ 1.946575920750623, 50.766704691385705 ], [ 1.946575869629708, 50.766712920321751 ], [ 1.946574145615317, 50.766725239772008 ], [ 1.946572430201682, 50.76673860048011 ], [ 1.946569054778304, 50.766753989463361 ], [ 1.946568943932535, 50.766769406076087 ], [ 1.946567172655327, 50.766786870982877 ], [ 1.946565431886986, 50.766804336147487 ], [ 1.946565265178965, 50.766823856958482 ], [ 1.946565141867152, 50.766841315788803 ], [ 1.946564975159005, 50.766860836598759 ], [ 1.946568073458882, 50.766880365018828 ], [ 1.946571162738395, 50.766898872199747 ], [ 1.946575869059624, 50.766917393065725 ], [ 1.946578989275821, 50.766935880484326 ], [ 1.946585291157256, 50.76695543601501 ], [ 1.946593253901383, 50.766972923231343 ], [ 1.946597982146049, 50.766990403094923 ], [ 1.946604349344353, 50.767006855643906 ], [ 1.946612346052764, 50.767021279658884 ], [ 1.946618717119967, 50.767034648730103 ], [ 1.94662508776916, 50.767048037820025 ], [ 1.946634706236115, 50.767059352003194 ], [ 1.946641111261694, 50.767069657873904 ], [ 1.946650751222156, 50.767079951075303 ], [ 1.946658773720137, 50.76709025061038 ], [ 1.946670030312428, 50.767100577513901 ], [ 1.946679691769999, 50.76710984973252 ], [ 1.946692565838387, 50.767120170298966 ], [ 1.946705440333417, 50.767130470844627 ], [ 1.946718323438328, 50.767141812646166 ], [ 1.946734432038436, 50.76715214055632 ], [ 1.946750549250651, 50.767163509721613 ], [ 1.946766666891367, 50.767174858865332 ], [ 1.946786006180108, 50.767188277591075 ], [ 1.946805336872793, 50.767200655056229 ], [ 1.946824684788689, 50.767215115032698 ], [ 1.946847237147364, 50.767229562073858 ], [ 1.94686982002932, 50.767244009368731 ], [ 1.946892368149449, 50.767261559895466 ], [ 1.946918163680902, 50.76727705552404 ], [ 1.946939107651755, 50.767292530123008 ], [ 1.946960030156061, 50.767309025697962 ], [ 1.946977739626527, 50.767324492947409 ], [ 1.946995440076294, 50.767338938956037 ], [ 1.947011553992969, 50.767353371539876 ], [ 1.947024380979507, 50.767368837521545 ], [ 1.947037229873104, 50.767383262502598 ], [ 1.947048452686252, 50.767396652564621 ], [ 1.947058067061457, 50.767411070202769 ], [ 1.947067703340919, 50.767424446841041 ], [ 1.947074052682391, 50.767438856879828 ], [ 1.947080411060787, 50.767454288155506 ], [ 1.947086790920189, 50.767468698451061 ], [ 1.947089906156895, 50.767483081129676 ], [ 1.947093051484699, 50.767497484085197 ], [ 1.947094536801655, 50.767513915320457 ], [ 1.947096043175329, 50.767529345594895 ], [ 1.947097528494079, 50.767545776829323 ], [ 1.947097383467935, 50.767564276639668 ], [ 1.947097238441683, 50.767582776449544 ], [ 1.947095463489139, 50.76760332481598 ], [ 1.947093658445543, 50.767623852904471 ], [ 1.947091883490056, 50.767644401269564 ], [ 1.947090095668423, 50.767667011869911 ], [ 1.947086660691084, 50.767689588513029 ], [ 1.947080012214919, 50.76771115685608 ], [ 1.947078335497945, 50.767718330844012 ], [ 1.947074990253421, 50.767733740095352 ], [ 1.947069980731873, 50.767754281117419 ], [ 1.947063302150376, 50.767775829180131 ], [ 1.947056654073883, 50.767797377499882 ], [ 1.94705000557057, 50.767818945837796 ], [ 1.947040144400696, 50.767839465836168 ], [ 1.947033487273327, 50.767859992915554 ], [ 1.947025234548209, 50.767879485335072 ], [ 1.947017003295398, 50.767897956774561 ], [ 1.947010359018878, 50.767916421615709 ], [ 1.947002118722681, 50.76793387181619 ], [ 1.946993878841896, 50.767951301996412 ], [ 1.946985681914127, 50.767966690218081 ], [ 1.946977454470507, 50.767982078180673 ], [ 1.946969214152124, 50.767999528377217 ], [ 1.94695773967755, 50.768016951211187 ], [ 1.946946265195069, 50.768034374043623 ], [ 1.946934747322638, 50.768053858851083 ], [ 1.946921620973163, 50.768074371231606 ], [ 1.946906877535339, 50.768094869928625 ], [ 1.94689214269385, 50.768116409879219 ], [ 1.946875769278961, 50.768138957123938 ], [ 1.946857747837472, 50.768161510444784 ], [ 1.946839756890591, 50.768184064020382 ], [ 1.946820148846349, 50.768206603909952 ], [ 1.946798914674682, 50.76822810887635 ], [ 1.946777658579904, 50.768250654835896 ], [ 1.946753198810254, 50.768273173682438 ], [ 1.946730304106987, 50.768296726927126 ], [ 1.946705843872182, 50.768319265781955 ], [ 1.946681362551061, 50.768342805590102 ], [ 1.946653615680499, 50.768366357803387 ], [ 1.946629112403718, 50.768390938596873 ], [ 1.946604639613839, 50.768415519642815 ], [ 1.946578510177035, 50.768439065502918 ], [ 1.946552398339621, 50.768464673848158 ], [ 1.946527894965063, 50.768489254618096 ], [ 1.946500156962974, 50.768513828027999 ], [ 1.946477292541847, 50.768537381475738 ], [ 1.946454440568922, 50.768558892704633 ], [ 1.946433240473771, 50.768577314386278 ], [ 1.94641362694555, 50.768595749493464 ], [ 1.946394056807613, 50.768612122622486 ], [ 1.946376116646019, 50.76862644720353 ], [ 1.946359815061679, 50.768639764492626 ], [ 1.9463435263642, 50.768651019546638 ], [ 1.946328855176766, 50.768662268268031 ], [ 1.946312587958418, 50.768672502339939 ], [ 1.946299546751683, 50.768681702514073 ], [ 1.946283261907979, 50.768689874091017 ], [ 1.946268625088551, 50.768698039594597 ], [ 1.94625397924776, 50.768705183860504 ], [ 1.94624099391123, 50.768710279840505 ], [ 1.94622636955805, 50.768716403125524 ], [ 1.946213353704601, 50.768721498844265 ], [ 1.946203602977013, 50.768726602181928 ], [ 1.946192213232061, 50.768732732824695 ], [ 1.946182431988877, 50.768737835902336 ], [ 1.946172659337141, 50.768743980234106 ], [ 1.946166143219624, 50.768749090931415 ], [ 1.946157988084034, 50.768755228933792 ], [ 1.946151471963644, 50.768760339630205 ], [ 1.946146581955493, 50.768766485253387 ], [ 1.946143300030964, 50.76877162333188 ], [ 1.946138401006364, 50.768776747718945 ], [ 1.946136736601585, 50.768781879469437 ], [ 1.94613506360361, 50.76878596996508 ], [ 1.94613504680943, 50.768791115665273 ], [ 1.946136638522399, 50.768795233802031 ], [ 1.946138199724438, 50.768799351680443 ], [ 1.946143035074523, 50.768804498416465 ], [ 1.946149487526251, 50.768809658843487 ], [ 1.946157526990146, 50.768814812683907 ], [ 1.946168831168669, 50.768819994164183 ], [ 1.946181739969806, 50.768827231547206 ], [ 1.946196279199278, 50.768832400368218 ], [ 1.946212422632031, 50.768839645110099 ], [ 1.946230204666342, 50.768845882562715 ], [ 1.946247987126585, 50.768852099993602 ], [ 1.946264143472227, 50.768857282496462 ], [ 1.946278660803235, 50.768863492304021 ], [ 1.946294847667074, 50.768868675061171 ], [ 1.94630614285423, 50.768872835293003 ], [ 1.946320682109772, 50.768878004099122 ], [ 1.946330360198278, 50.76888215063962 ], [ 1.946343281934513, 50.768887325773257 ], [ 1.946354608062686, 50.768891466239623 ], [ 1.946365903259974, 50.768895626465891 ], [ 1.946377216497633, 50.768901829162111 ], [ 1.946386895016762, 50.768905955678896 ], [ 1.946398186346226, 50.7689131993695 ], [ 1.946409490993277, 50.768918360807959 ], [ 1.946419134713101, 50.768925590550388 ], [ 1.946430447964077, 50.768931793241528 ], [ 1.946438496496995, 50.768937968298324 ], [ 1.946448161715333, 50.76894417706108 ], [ 1.946454592725863, 50.768950358448379 ], [ 1.946461045228524, 50.768955518858185 ], [ 1.946469093347511, 50.768961713931908 ], [ 1.946473920147578, 50.76896581939922 ], [ 1.946478733636743, 50.768972007117256 ], [ 1.946481942489852, 50.768976138935471 ], [ 1.946488386398377, 50.768980258089044 ], [ 1.946491582784422, 50.768986432119597 ], [ 1.946496409167276, 50.768990557604944 ], [ 1.946499618023045, 50.768994689422684 ], [ 1.946502805810957, 50.768999822198175 ], [ 1.946507662707468, 50.769003947941378 ], [ 1.946510850075451, 50.769009100735779 ], [ 1.946520550115697, 50.769012206264406 ], [ 1.946543231256905, 50.76901331927057 ], [ 1.946577255323505, 50.769013427019473 ], [ 1.946624260907687, 50.769011522209794 ], [ 1.946684226516453, 50.769008625803835 ], [ 1.946757195534149, 50.769002675809581 ], [ 1.946841497578196, 50.768994739298165 ], [ 1.946937173439032, 50.768985777682616 ], [ 1.947036074445325, 50.768975822117547 ], [ 1.947128515181169, 50.76896687303342 ], [ 1.947209582894914, 50.768958908915238 ], [ 1.94728578598876, 50.768952985965733 ], [ 1.947350637552979, 50.768947027039715 ], [ 1.947352276551618, 50.768945999718831 ], [ 1.947410646405707, 50.768942068309727 ], [ 1.947454408218922, 50.768939134620361 ] ] ] ] } },
{ "type": "Feature", "properties": { "fid": 5, "CODE_AZI": "AZI15", "VALLEE": "Hem", "ANNEE": "2003", "CODE_CRUE": "1", "NATURE": "Crue décennale" }, "geometry": { "type": "MultiPolygon", "coordinates": [ [ [ [ 1.947716535312184, 50.768986181782402 ], [ 1.947705170951899, 50.768988208116774 ], [ 1.947645145854633, 50.768998292667909 ], [ 1.947609001964268, 50.769059817246266 ], [ 1.947567618397856, 50.769171694687401 ], [ 1.947551811159203, 50.769329860615393 ], [ 1.947565881787309, 50.769393611760535 ], [ 1.947646188293207, 50.769484292807391 ], [ 1.947717263579688, 50.769513285885331 ], [ 1.947830280253013, 50.769564998816357 ], [ 1.947913822189773, 50.769655686987008 ], [ 1.947948813435149, 50.769739016871952 ], [ 1.947993445142371, 50.769832659810547 ], [ 1.948075540584378, 50.769900729984549 ], [ 1.948227477953995, 50.769950528881715 ], [ 1.948303337538498, 50.769985708987882 ], [ 1.948377440836925, 50.770043479822071 ], [ 1.94839970248164, 50.770097989445809 ], [ 1.948398823193883, 50.77021101007012 ], [ 1.94836212295915, 50.770345492698176 ], [ 1.948237512895894, 50.770533133565237 ], [ 1.948062999838854, 50.77067746399193 ], [ 1.94794520631674, 50.770820932026439 ], [ 1.947904328628977, 50.770868060268704 ], [ 1.94776661443622, 50.771072088453124 ], [ 1.947774395369618, 50.771114241853162 ], [ 1.94793465234865, 50.771134277557721 ], [ 1.948135328855459, 50.771166748297553 ], [ 1.948338942183644, 50.771235204205482 ], [ 1.948484091409929, 50.771325050669518 ], [ 1.948664590215948, 50.771447892490627 ], [ 1.948920737887166, 50.771640831341387 ], [ 1.948989052703868, 50.771608170581281 ], [ 1.948743179148673, 50.771347441860975 ], [ 1.948605590357571, 50.771119943763445 ], [ 1.948567544775056, 50.77101194056408 ], [ 1.948559614953232, 50.770991370380791 ], [ 1.94855201587234, 50.770924550646157 ], [ 1.948549719519019, 50.770804335207771 ], [ 1.948560251910893, 50.77069956547399 ], [ 1.948575139928254, 50.770660566937515 ], [ 1.948601329022072, 50.770629833101729 ], [ 1.948674664618397, 50.770574569241717 ], [ 1.948746285089172, 50.770532665994864 ], [ 1.948772308150899, 50.770521452821868 ], [ 1.948808022604632, 50.770512323753799 ], [ 1.948926437338713, 50.770493160868654 ], [ 1.948999416905218, 50.77048825082656 ], [ 1.949043214199567, 50.770482233383575 ], [ 1.949070832885709, 50.770472054776192 ], [ 1.949088861578728, 50.770443334293439 ], [ 1.949089193051682, 50.770404292877906 ], [ 1.949063581188329, 50.770361047913717 ], [ 1.94903305399237, 50.770328073119032 ], [ 1.9490153857034, 50.77031056428082 ], [ 1.948983138740286, 50.770286825427902 ], [ 1.948965458115526, 50.770271358790311 ], [ 1.94895742556177, 50.770260038220023 ], [ 1.948947831533299, 50.770244599814852 ], [ 1.948941510172285, 50.770223002034363 ], [ 1.948928860030524, 50.770185973393417 ], [ 1.948912936034923, 50.770147895947375 ], [ 1.948903376273503, 50.770129374332008 ], [ 1.948888852900137, 50.770119060146712 ], [ 1.948821113492243, 50.770080825444616 ], [ 1.948759677308721, 50.770062146032373 ], [ 1.948740345449346, 50.770049748904739 ], [ 1.948733930543293, 50.770038421954688 ], [ 1.948729235508228, 50.770017859048032 ], [ 1.948722922916802, 50.769997302501842 ], [ 1.948718202714029, 50.769980844032034 ], [ 1.948716635927245, 50.76997262149704 ], [ 1.948713477178753, 50.76996028086527 ], [ 1.948702287590196, 50.769943807800125 ], [ 1.948639489161105, 50.769891198379042 ], [ 1.948573358322293, 50.769851955954159 ], [ 1.94852983772423, 50.769823035971022 ], [ 1.948517000160947, 50.769806568986873 ], [ 1.948502533086733, 50.76979213055052 ], [ 1.948473551476519, 50.76976841912618 ], [ 1.948441322821541, 50.769746742600944 ], [ 1.948394520635229, 50.7697229606975 ], [ 1.948339635757307, 50.769696067036307 ], [ 1.948313838540475, 50.769680571758563 ], [ 1.948307407206731, 50.769674390473938 ], [ 1.948296196362226, 50.769658938341664 ], [ 1.9482866911021, 50.769629124319977 ], [ 1.948256237165789, 50.769586899421185 ], [ 1.948217722031938, 50.769540541787613 ], [ 1.948174324667451, 50.76949416290531 ], [ 1.948145309107017, 50.769473534601097 ], [ 1.948125956170032, 50.769462158343849 ], [ 1.948075941193747, 50.769437348021789 ], [ 1.948025845290436, 50.769420746304547 ], [ 1.947991918529952, 50.769407284629921 ], [ 1.947977417434019, 50.769395929331246 ], [ 1.947975897483359, 50.769382581360851 ], [ 1.947980843495829, 50.769372311468132 ], [ 1.947989023743848, 50.769362068909857 ], [ 1.948005308527895, 50.769353897118222 ], [ 1.948018328137443, 50.769345717751634 ], [ 1.948021647545883, 50.769334432974148 ], [ 1.948023435006562, 50.769311822417514 ], [ 1.948022030729404, 50.769287162591432 ], [ 1.94801887219525, 50.769274821929393 ], [ 1.948004490172909, 50.769249091329833 ], [ 1.94795640724945, 50.769183190645286 ], [ 1.947940339592473, 50.769163612783835 ], [ 1.947911487150948, 50.769126527117855 ], [ 1.947876257819578, 50.769071967776114 ], [ 1.947849341123346, 50.76899070830715 ], [ 1.947847736429389, 50.768988652425243 ], [ 1.94783332932926, 50.768967026239544 ], [ 1.947716535312184, 50.768986181782402 ] ] ] ] } },
{ "type": "Feature", "properties": { "fid": 6, "CODE_AZI": "AZI15", "VALLEE": "Hem", "ANNEE": "2003", "CODE_CRUE": "1", "NATURE": "Crue décennale" }, "geometry": { "type": "MultiPolygon", "coordinates": [ [ [ [ 1.952392085183255, 50.777021159227601 ], [ 1.9524471983828, 50.777017218050759 ], [ 1.952474757592183, 50.777017309788825 ], [ 1.952494164595304, 50.777020456431025 ], [ 1.952502261415858, 50.777021505659448 ], [ 1.952695749573346, 50.776937857870308 ], [ 1.952840460606405, 50.776877686301511 ], [ 1.952988363292172, 50.776819583696067 ], [ 1.952981927414585, 50.776816466131208 ], [ 1.952935128673649, 50.776790643997941 ], [ 1.952893220361544, 50.776758656013996 ], [ 1.952880577857139, 50.776719585951554 ], [ 1.952873127271804, 50.776632225308227 ], [ 1.952846517837875, 50.776510905561416 ], [ 1.952785842382854, 50.776395626332715 ], [ 1.952676434840512, 50.776291530104622 ], [ 1.952539487292371, 50.776189384494145 ], [ 1.95236038072874, 50.776089166498473 ], [ 1.952263547529674, 50.776040557881579 ], [ 1.952062065042701, 50.77590122736882 ], [ 1.951949704446478, 50.775971781821404 ], [ 1.951994268850856, 50.776073630989188 ], [ 1.952022990693087, 50.776133319553828 ], [ 1.952061206603584, 50.77621769566359 ], [ 1.95206279945908, 50.776221793659452 ], [ 1.952069160489496, 50.776237224475445 ], [ 1.952085008498128, 50.776283509710169 ], [ 1.952096037702333, 50.77632671095958 ], [ 1.952097524922238, 50.776343141915348 ], [ 1.952094193306735, 50.776356488890706 ], [ 1.952084209022593, 50.776387279516634 ], [ 1.952070842871364, 50.776439645930694 ], [ 1.952065741539949, 50.776470457632072 ], [ 1.952067106917211, 50.776504367183549 ], [ 1.952082917443476, 50.776556819006728 ], [ 1.952106887212245, 50.776600049073927 ], [ 1.952127659871718, 50.776637085300521 ], [ 1.952154662730688, 50.776706009693392 ], [ 1.952168889669818, 50.776755384721156 ], [ 1.952184598697847, 50.776817066013983 ], [ 1.95219720271369, 50.776862322764117 ], [ 1.952200350099182, 50.776876725386145 ], [ 1.952219269040778, 50.776942538284281 ], [ 1.95223350918515, 50.776989831060767 ], [ 1.952241487732488, 50.777005275462237 ], [ 1.952249537860023, 50.777011470087238 ], [ 1.952270525090908, 50.777020776960022 ], [ 1.952302899703895, 50.777027036135784 ], [ 1.952328819757382, 50.777028155279432 ], [ 1.95235638248025, 50.77702516361402 ], [ 1.952392085183255, 50.777021159227601 ] ] ] ] } },
{ "type": "Feature", "properties": { "fid": 7, "CODE_AZI": "AZI15", "VALLEE": "Hem", "ANNEE": "2003", "CODE_CRUE": "4", "NATURE": "non inondé" }, "geometry": { "type": "MultiPolygon", "coordinates": [ [ [ [ 1.962110275338362, 50.779841560896067 ], [ 1.961950115064748, 50.779802022986154 ], [ 1.961758988943797, 50.779791178952166 ], [ 1.961635816451168, 50.779788750155689 ], [ 1.961485101464132, 50.77978829395316 ], [ 1.961329509539568, 50.779791921485362 ], [ 1.961206300622027, 50.779795658843717 ], [ 1.960956702508787, 50.779799002071663 ], [ 1.960797868850888, 50.779798517325972 ], [ 1.960760602092829, 50.779798406478022 ], [ 1.960577473120963, 50.779797858804919 ], [ 1.960394356473171, 50.779795248663042 ], [ 1.960316624599097, 50.779788833120847 ], [ 1.96021469178224, 50.779769000660146 ], [ 1.960099780933512, 50.779745035221616 ], [ 1.95997359306062, 50.779715869770826 ], [ 1.959834290104497, 50.779708258807275 ], [ 1.959707858300845, 50.779709925476162 ], [ 1.959605578260775, 50.779733237790005 ], [ 1.95951134652604, 50.779765827566237 ], [ 1.959478581781064, 50.779811965555325 ], [ 1.959437496852687, 50.779886846159755 ], [ 1.959456679647393, 50.779922866518618 ], [ 1.959493433574844, 50.779988746890467 ], [ 1.959559220204447, 50.780079357200904 ], [ 1.959610844677368, 50.780108280408832 ], [ 1.959707781660765, 50.780149675715386 ], [ 1.959851588191013, 50.780203535996847 ], [ 1.959932282038787, 50.78025104238484 ], [ 1.959961079634504, 50.780297374377518 ], [ 1.960046440832454, 50.780368526006257 ], [ 1.960112828762129, 50.780375928161916 ], [ 1.960201891809822, 50.78038646294285 ], [ 1.960316867565451, 50.780397093919206 ], [ 1.960370305188396, 50.780403426719083 ], [ 1.960420437795837, 50.780418982217036 ], [ 1.96051748263227, 50.780444960568765 ], [ 1.960622612807019, 50.780474049736291 ], [ 1.960850689117264, 50.780531255249564 ], [ 1.96099467098174, 50.780563551579114 ], [ 1.961217941018087, 50.780615590580467 ], [ 1.961512477062527, 50.780670946668216 ], [ 1.96174554489374, 50.780712754936665 ], [ 1.961972182002936, 50.780745278859037 ], [ 1.962117895223287, 50.780766275694873 ], [ 1.962240948715601, 50.780778974448047 ], [ 1.962389921606832, 50.780795873536007 ], [ 1.962561557808098, 50.780817966871041 ], [ 1.962739688996944, 50.780835969460313 ], [ 1.962904845325143, 50.780857027239776 ], [ 1.963134833971362, 50.780875180905127 ], [ 1.963486356196091, 50.780899872155437 ], [ 1.963672724220793, 50.780900442479307 ], [ 1.963959700748573, 50.78088178741929 ], [ 1.964050693497547, 50.78085227084653 ], [ 1.964091666837379, 50.7807928051297 ], [ 1.964098740614891, 50.780710612331596 ], [ 1.964096403709805, 50.780593482371664 ], [ 1.964079160232527, 50.780512268535283 ], [ 1.964035965231132, 50.780440209195078 ], [ 1.96397139018991, 50.780407135583587 ], [ 1.963843815558956, 50.780343043641906 ], [ 1.963725766266907, 50.780309825182272 ], [ 1.963625506222037, 50.780282801433479 ], [ 1.963525249105539, 50.780252694187823 ], [ 1.963403910379885, 50.780223572630355 ], [ 1.963195263019101, 50.780168475743807 ], [ 1.963030259398502, 50.780126896690355 ], [ 1.962832954676027, 50.780073895888563 ], [ 1.962687349084081, 50.780037483550615 ], [ 1.962464307460462, 50.779959760370097 ], [ 1.962343073603087, 50.779918284844534 ], [ 1.962110275338362, 50.779841560896067 ] ] ] ] } },
{ "type": "Feature", "properties": { "fid": 8, "CODE_AZI": "AZI15", "VALLEE": "Hem", "ANNEE": "2003", "CODE_CRUE": "2", "NATURE": "Crue centennale" }, "geometry": { "type": "MultiPolygon", "coordinates": [ [ [ [ 1.963912404594512, 50.780923761040661 ], [ 1.964068241348079, 50.780889297946466 ], [ 1.964112356789331, 50.780843193227625 ], [ 1.964142463898674, 50.780715881583149 ], [ 1.964126173159504, 50.780513440569557 ], [ 1.964097503772505, 50.780444505454199 ], [ 1.964016917343679, 50.780385710116803 ], [ 1.963781051612048, 50.780287379791488 ], [ 1.963470531108106, 50.780199119407435 ], [ 1.963096959119055, 50.780094215141801 ], [ 1.962823635860499, 50.780018376406211 ], [ 1.962467927140308, 50.779907372045407 ], [ 1.962167527088524, 50.779772880976296 ], [ 1.961949601122497, 50.779656115842187 ], [ 1.961702691992556, 50.779516663526657 ], [ 1.961512359280005, 50.779399987527306 ], [ 1.96130260036864, 50.779278123523575 ], [ 1.961204128108252, 50.779225423975412 ], [ 1.961021663928044, 50.7791385660529 ], [ 1.960830768794191, 50.779091742287427 ], [ 1.960574995645379, 50.779056029600177 ], [ 1.96035632465072, 50.779043031254986 ], [ 1.960127628019946, 50.779065969039941 ], [ 1.959861335727235, 50.779134003058807 ], [ 1.959623663152364, 50.779272994688839 ], [ 1.959466796748245, 50.779445137509796 ], [ 1.959412286025846, 50.77957853141374 ], [ 1.9593822042443, 50.779699675551328 ], [ 1.959381212122981, 50.779828110675126 ], [ 1.959398401792875, 50.779914470603991 ], [ 1.959462378027901, 50.780024607658547 ], [ 1.95960738978609, 50.78013498136837 ], [ 1.959827152733068, 50.780221952624942 ], [ 1.959898167801513, 50.780262250216893 ], [ 1.959952851111762, 50.780315846324122 ], [ 1.960007659876754, 50.780356068529436 ], [ 1.960033386768122, 50.780379789652415 ], [ 1.960125694064145, 50.780391372726207 ], [ 1.96022770752293, 50.780402976725298 ], [ 1.96034590637402, 50.780415676869808 ], [ 1.960434820096539, 50.780443689732024 ], [ 1.960654750094094, 50.780508055650195 ], [ 1.96134723975239, 50.780661198963728 ], [ 1.961886210817216, 50.780756335175141 ], [ 1.962496622994433, 50.780833183334956 ], [ 1.962961289203235, 50.780892135997348 ], [ 1.963409943305902, 50.780928408480641 ], [ 1.963912404594512, 50.780923761040661 ] ], [ [ 1.962110275338362, 50.779841560896067 ], [ 1.962343073603087, 50.779918284844534 ], [ 1.962464307460462, 50.779959760370097 ], [ 1.962687349084081, 50.780037483550615 ], [ 1.962832954676027, 50.780073895888563 ], [ 1.963030259398502, 50.780126896690355 ], [ 1.963195263019101, 50.780168475743807 ], [ 1.963403910379885, 50.780223572630355 ], [ 1.963525249105539, 50.780252694187823 ], [ 1.963625506222037, 50.780282801433479 ], [ 1.963725766266907, 50.780309825182272 ], [ 1.963843815558956, 50.780343043641906 ], [ 1.96397139018991, 50.780407135583587 ], [ 1.964035965231132, 50.780440209195078 ], [ 1.964079160232527, 50.780512268535283 ], [ 1.964096403709805, 50.780593482371664 ], [ 1.964098740614891, 50.780710612331596 ], [ 1.964091666837379, 50.7807928051297 ], [ 1.964050693497547, 50.78085227084653 ], [ 1.963959700748573, 50.78088178741929 ], [ 1.963672724220793, 50.780900442479307 ], [ 1.963486356196091, 50.780899872155437 ], [ 1.963134833971362, 50.780875180905127 ], [ 1.962904845325143, 50.780857027239776 ], [ 1.962739688996944, 50.780835969460313 ], [ 1.962561557808098, 50.780817966871041 ], [ 1.962389921606832, 50.780795873536007 ], [ 1.962240948715601, 50.780778974448047 ], [ 1.962117895223287, 50.780766275694873 ], [ 1.961972182002936, 50.780745278859037 ], [ 1.96174554489374, 50.780712754936665 ], [ 1.961512477062527, 50.780670946668216 ], [ 1.961217941018087, 50.780615590580467 ], [ 1.96099467098174, 50.780563551579114 ], [ 1.960850689117264, 50.780531255249564 ], [ 1.960622612807019, 50.780474049736291 ], [ 1.96051748263227, 50.780444960568765 ], [ 1.960420437795837, 50.780418982217036 ], [ 1.960370305188396, 50.780403426719083 ], [ 1.960316867565451, 50.780397093919206 ], [ 1.960201891809822, 50.78038646294285 ], [ 1.960112828762129, 50.780375928161916 ], [ 1.960046440832454, 50.780368526006257 ], [ 1.959961079634504, 50.780297374377518 ], [ 1.959932282038787, 50.78025104238484 ], [ 1.959851588191013, 50.780203535996847 ], [ 1.959707781660765, 50.780149675715386 ], [ 1.959610844677368, 50.780108280408832 ], [ 1.959559220204447, 50.780079357200904 ], [ 1.959493433574844, 50.779988746890467 ], [ 1.959456679647393, 50.779922866518618 ], [ 1.959437496852687, 50.779886846159755 ], [ 1.959478581781064, 50.779811965555325 ], [ 1.95951134652604, 50.779765827566237 ], [ 1.959605578260775, 50.779733237790005 ], [ 1.959707858300845, 50.779709925476162 ], [ 1.959834290104497, 50.779708258807275 ], [ 1.95997359306062, 50.779715869770826 ], [ 1.960099780933512, 50.779745035221616 ], [ 1.96021469178224, 50.779769000660146 ], [ 1.960316624599097, 50.779788833120847 ], [ 1.960394356473171, 50.779795248663042 ], [ 1.960577473120963, 50.779797858804919 ], [ 1.960760602092829, 50.779798406478022 ], [ 1.960797868850888, 50.779798517325972 ], [ 1.960956702508787, 50.779799002071663 ], [ 1.961206300622027, 50.779795658843717 ], [ 1.961329509539568, 50.779791921485362 ], [ 1.961485101464132, 50.77978829395316 ], [ 1.961635816451168, 50.779788750155689 ], [ 1.961758988943797, 50.779791178952166 ], [ 1.961950115064748, 50.779802022986154 ], [ 1.962110275338362, 50.779841560896067 ] ] ] ] } },
{ "type": "Feature", "properties": { "fid": 9, "CODE_AZI": "AZI15", "VALLEE": "Hem", "ANNEE": "2003", "CODE_CRUE": "2", "NATURE": "Crue centennale" }, "geometry": { "type": "MultiPolygon", "coordinates": [ [ [ [ 2.058436023791673, 50.814559934983542 ], [ 2.058402028287952, 50.814548566385668 ], [ 2.058379219995406, 50.814565972423168 ], [ 2.058310786360591, 50.814620272625511 ], [ 2.058177241838063, 50.814722711541904 ], [ 2.058020841091547, 50.814846680230609 ], [ 2.057828650094807, 50.814707542509211 ], [ 2.057757662780499, 50.814639574912263 ], [ 2.057586852114579, 50.814447062319154 ], [ 2.057480745192403, 50.814278323408338 ], [ 2.057402301220759, 50.814100423838717 ], [ 2.057318751884843, 50.813958443279624 ], [ 2.057225292890748, 50.81385446761491 ], [ 2.057092969616812, 50.813734981724998 ], [ 2.056908658864325, 50.813631839686224 ], [ 2.056698366487093, 50.813537870459683 ], [ 2.056466932284426, 50.813457194865755 ], [ 2.056301749045799, 50.813413679240291 ], [ 2.056029414201339, 50.813391474731255 ], [ 2.055748960793346, 50.813375434630402 ], [ 2.055421619037118, 50.813330508392561 ], [ 2.055227148070886, 50.813309513151424 ], [ 2.055071604332477, 50.813284508361377 ], [ 2.054917696170792, 50.813255391448251 ], [ 2.054723388900388, 50.813201522098133 ], [ 2.05460681211904, 50.813170425684611 ], [ 2.054496956703415, 50.81309723586326 ], [ 2.054411385509136, 50.813027173364539 ], [ 2.054311439984985, 50.812924207185915 ], [ 2.054133887573715, 50.812775864556073 ], [ 2.053956205998134, 50.812652166583831 ], [ 2.053776834234566, 50.81253874632003 ], [ 2.053518216658734, 50.812389166265149 ], [ 2.053254833107945, 50.812225214311731 ], [ 2.053107607452092, 50.812161169037537 ], [ 2.052764428917684, 50.812051487207725 ], [ 2.052547640073781, 50.811962626682302 ], [ 2.052269590726421, 50.811808911859558 ], [ 2.0520060637906, 50.811670623029677 ], [ 2.051818516977406, 50.811571572719906 ], [ 2.051640809296304, 50.811452996347448 ], [ 2.051526226685088, 50.811354100596766 ], [ 2.051355235502967, 50.811195492627085 ], [ 2.051222829268478, 50.811097581995647 ], [ 2.051184346018974, 50.811023531060421 ], [ 2.051131175280406, 50.810963803458364 ], [ 2.051011674436296, 50.810873118385956 ], [ 2.050848695329393, 50.810735072259817 ], [ 2.050764782300221, 50.810665019568283 ], [ 2.050693703902408, 50.810615526226982 ], [ 2.050586911496995, 50.810576251720292 ], [ 2.050437906696343, 50.810542000988022 ], [ 2.050337698787151, 50.810487320130783 ], [ 2.050252058930546, 50.810432670176276 ], [ 2.05019081364215, 50.8103688162483 ], [ 2.050158528922675, 50.810339979874676 ], [ 2.050096996973159, 50.810323393639933 ], [ 2.050027453078742, 50.810294473307842 ], [ 2.049911167643474, 50.810209958075454 ], [ 2.049849942457005, 50.810145083027081 ], [ 2.04976441909799, 50.810069891880623 ], [ 2.04967089067019, 50.809977201161459 ], [ 2.049601488878595, 50.809921553402042 ], [ 2.049523895230029, 50.809882340531587 ], [ 2.049446144522046, 50.809862647047815 ], [ 2.049337513786115, 50.809862378631045 ], [ 2.049245122456133, 50.809852924227457 ], [ 2.049151295601432, 50.809817771638926 ], [ 2.049096399897144, 50.809773466184609 ], [ 2.049065954333002, 50.80971381093017 ], [ 2.049011138140343, 50.8096540897333 ], [ 2.048949762333578, 50.809614900191335 ], [ 2.048872049027324, 50.809590061179868 ], [ 2.04876351487768, 50.809570292369614 ], [ 2.048624160268908, 50.809555573662266 ], [ 2.048374472142648, 50.809549862356292 ], [ 2.048163745994948, 50.809534978259869 ], [ 2.048032546876629, 50.809508989218443 ], [ 2.047870677565793, 50.809459300780453 ], [ 2.047799413813479, 50.809440636868906 ], [ 2.047653852302406, 50.809376597483713 ], [ 2.047435454191265, 50.809286714179969 ], [ 2.047116665580799, 50.809172938068215 ], [ 2.046822053655116, 50.809083892106202 ], [ 2.046478721922111, 50.809008086905379 ], [ 2.046182331004341, 50.808946775163449 ], [ 2.045877748146969, 50.80890187740993 ], [ 2.045691488853585, 50.808861369164092 ], [ 2.045643147778354, 50.808809884652256 ], [ 2.045557732881542, 50.808718253814433 ], [ 2.045501244865129, 50.808675996652319 ], [ 2.045554241582695, 50.808760371714484 ], [ 2.045645924788057, 50.808890030805628 ], [ 2.046245287896943, 50.808994186930548 ], [ 2.046731148908252, 50.809099093283194 ], [ 2.04734129490621, 50.809306015275439 ], [ 2.047768422741591, 50.809475497094638 ], [ 2.048041972281875, 50.809559354455622 ], [ 2.04822498767889, 50.80959883326571 ], [ 2.048479409598916, 50.80963024817769 ], [ 2.04871274593786, 50.809657497304258 ], [ 2.048834132689173, 50.809696824877498 ], [ 2.048905002116212, 50.809781234698896 ], [ 2.048935074359053, 50.809908698830014 ], [ 2.048996257949198, 50.80998692816113 ], [ 2.049065802901503, 50.810018952378421 ], [ 2.049179193922186, 50.810038737955381 ], [ 2.049291189438347, 50.810019471513435 ], [ 2.049341636278839, 50.809987742581377 ], [ 2.049403443979324, 50.809956040263422 ], [ 2.049495889140932, 50.809956245180125 ], [ 2.049565282599077, 50.810013935090645 ], [ 2.049605338312135, 50.810098289537557 ], [ 2.049787489986833, 50.81028467463463 ], [ 2.049949062471881, 50.810388815746407 ], [ 2.050042966760002, 50.810416760668829 ], [ 2.050125473104939, 50.810449844123355 ], [ 2.050206102672441, 50.810527079853927 ], [ 2.05039818870183, 50.810682667059936 ], [ 2.050530505145685, 50.810798036394935 ], [ 2.050792332169954, 50.810946586481819 ], [ 2.051036487368155, 50.811070435430828 ], [ 2.051240256043622, 50.811167488334192 ], [ 2.051372611834024, 50.811277731558633 ], [ 2.05158394641624, 50.811470342175568 ], [ 2.051878049876537, 50.811651829974842 ], [ 2.052314472740618, 50.811898387234287 ], [ 2.052506846686228, 50.812008765342171 ], [ 2.052668734293304, 50.812053322206559 ], [ 2.052943885584947, 50.812150534550881 ], [ 2.053176629471224, 50.812285644190105 ], [ 2.053308903642185, 50.812410259626255 ], [ 2.053420232286477, 50.812507106678268 ], [ 2.053672014545902, 50.812719320939877 ], [ 2.053930545626126, 50.812883275047206 ], [ 2.054101778322409, 50.813000777575517 ], [ 2.054264881642319, 50.813123423598192 ], [ 2.054447047947045, 50.813316988469893 ], [ 2.054589048664478, 50.813439573923198 ], [ 2.054690725295644, 50.813530219962999 ], [ 2.054747340264999, 50.813551911903481 ], [ 2.054791021596543, 50.813569481455644 ], [ 2.054842838411308, 50.81358809374732 ], [ 2.054923898010121, 50.813588268264517 ], [ 2.05522791772047, 50.813744115609637 ], [ 2.05546075499666, 50.813866908327988 ], [ 2.055593301476377, 50.813945274468459 ], [ 2.055825991631653, 50.814093752301936 ], [ 2.056089376675825, 50.814261822552403 ], [ 2.056545467024184, 50.81448168455286 ], [ 2.056747721148543, 50.814566403372339 ], [ 2.056933988407757, 50.814604832407298 ], [ 2.05708648341727, 50.814599019415837 ], [ 2.057249703999442, 50.814703142605346 ], [ 2.057482446410255, 50.814844429970222 ], [ 2.057715102556869, 50.815000091273177 ], [ 2.057826648866197, 50.815065062141947 ], [ 2.058436023791673, 50.814559934983542 ] ] ] ] } },
{ "type": "Feature", "properties": { "fid": 10, "CODE_AZI": "AZI15", "VALLEE": "Hem", "ANNEE": "2003", "CODE_CRUE": "2", "NATURE": "Crue centennale" }, "geometry": { "type": "MultiPolygon", "coordinates": [ [ [ [ 2.13030680640904, 50.867384897553023 ], [ 2.130303761498377, 50.867331485182952 ], [ 2.130329843622298, 50.867306863389182 ], [ 2.135903166704479, 50.866533282246586 ], [ 2.137979123199179, 50.866239759934729 ], [ 2.140503647123568, 50.865820573329771 ], [ 2.143442153931885, 50.865379377174406 ], [ 2.143777008003711, 50.86526894952793 ], [ 2.142892839890324, 50.864702535379493 ], [ 2.14168996629297, 50.864274295198079 ], [ 2.139988149548964, 50.86399318648467 ], [ 2.139284420630171, 50.863787616175351 ], [ 2.138580432161086, 50.863248158552885 ], [ 2.137500448387777, 50.862150279282332 ], [ 2.13700127140378, 50.861145757520958 ], [ 2.136917739231467, 50.860123450868834 ], [ 2.137040390450021, 50.858693613551033 ], [ 2.137102878292792, 50.857690011237345 ], [ 2.136860971028459, 50.857299237975042 ], [ 2.136503728092499, 50.856934971552022 ], [ 2.136328865862264, 50.856823732893901 ], [ 2.135875544810705, 50.857739384360876 ], [ 2.135067188255915, 50.858941049660089 ], [ 2.134654410396546, 50.859855714038254 ], [ 2.133473327092791, 50.861675216913575 ], [ 2.13312376959983, 50.862199595090928 ], [ 2.133416620837936, 50.862441502883222 ], [ 2.133949654874848, 50.862688942598453 ], [ 2.134096398615571, 50.862927531136641 ], [ 2.134153955246204, 50.863150545517534 ], [ 2.133976240223349, 50.863335170036883 ], [ 2.133335050697426, 50.86332795101228 ], [ 2.132754283630405, 50.863230421659104 ], [ 2.132631631442768, 50.863055560540538 ], [ 2.132314413986294, 50.863605685046799 ], [ 2.13034307912978, 50.866861028517285 ], [ 2.129969235745626, 50.867355576215331 ], [ 2.130144678223984, 50.867331216039091 ], [ 2.130025574676912, 50.867468677326066 ], [ 2.129984789674392, 50.8675158581364 ], [ 2.130356852322342, 50.867453812339065 ], [ 2.130337584746648, 50.867401387858486 ], [ 2.13030680640904, 50.867384897553023 ] ] ] ] } },
{ "type": "Feature", "properties": { "fid": 11, "CODE_AZI": "AZI15", "VALLEE": "Hem", "ANNEE": "2003", "CODE_CRUE": "2", "NATURE": "Crue centennale" }, "geometry": { "type": "MultiPolygon", "coordinates": [ [ [ [ 2.087446447068719, 50.824514635509459 ], [ 2.087338890666634, 50.824616132993171 ], [ 2.08719405644465, 50.824706245859225 ], [ 2.087062476629236, 50.825067614524478 ], [ 2.086814961817018, 50.825580810156652 ], [ 2.086691358509244, 50.825966841705025 ], [ 2.086545619595794, 50.826559342684526 ], [ 2.086329984999966, 50.827176356158553 ], [ 2.086123653613488, 50.82756326116511 ], [ 2.085748137408774, 50.828036113734719 ], [ 2.085303123303131, 50.828464649944642 ], [ 2.085019831002648, 50.828665437733214 ], [ 2.084689096259577, 50.828944196464619 ], [ 2.084540289814474, 50.829180205793982 ], [ 2.084470470014793, 50.829510871327351 ], [ 2.08449165876354, 50.830127336424304 ], [ 2.084533250047964, 50.830564047309018 ], [ 2.084597549039472, 50.831314163941904 ], [ 2.084651409459354, 50.831888564200099 ], [ 2.084693905201117, 50.832147539610929 ], [ 2.084841030133801, 50.832247500716925 ], [ 2.085033629080396, 50.832340367944809 ], [ 2.08513392331478, 50.8323981022317 ], [ 2.085271275028137, 50.832506259443186 ], [ 2.085280601527921, 50.832584347242687 ], [ 2.085272326338489, 50.832614116838428 ], [ 2.085286515175791, 50.832695323447894 ], [ 2.085217526947368, 50.832863668731378 ], [ 2.085217383717081, 50.832896541095003 ], [ 2.085233427290362, 50.832931494265829 ], [ 2.085257607183941, 50.832959299827763 ], [ 2.085312595831751, 50.832993297571754 ], [ 2.085395094906138, 50.833041751672312 ], [ 2.085482464041893, 50.833091242467823 ], [ 2.085577810415119, 50.833162333615775 ], [ 2.085616596006713, 50.833190146160462 ], [ 2.085678026978985, 50.833234461428354 ], [ 2.085731408501736, 50.833269488235672 ], [ 2.085847791368336, 50.833349862748655 ], [ 2.085927031635576, 50.833404478841246 ], [ 2.085951266558839, 50.833420953140084 ], [ 2.085931971983676, 50.833384955211599 ], [ 2.085833748622594, 50.833238887123692 ], [ 2.085777473375167, 50.833143217543309 ], [ 2.085743949166647, 50.833033220097541 ], [ 2.085734596029952, 50.832958215330507 ], [ 2.085659793683732, 50.832669373495378 ], [ 2.085542466837938, 50.832450290725781 ], [ 2.085379636947546, 50.832251674985507 ], [ 2.085122954448734, 50.831997394054582 ], [ 2.084950501020638, 50.831777185029935 ], [ 2.0847997589848, 50.831427583157179 ], [ 2.084800690740069, 50.831249848898388 ], [ 2.084844969754461, 50.831154396462772 ], [ 2.084910167876633, 50.831092892056716 ], [ 2.084942836427818, 50.831050828819428 ], [ 2.084920869145885, 50.83090387787275 ], [ 2.08488053599182, 50.83054011101779 ], [ 2.084818404397684, 50.829998542516854 ], [ 2.084782412903729, 50.829736490862636 ], [ 2.084755777085529, 50.829552547537666 ], [ 2.08474709475039, 50.829340887556135 ], [ 2.084801694832661, 50.829135518236328 ], [ 2.084986136730739, 50.82890885955193 ], [ 2.085225685457248, 50.828697700514674 ], [ 2.085310341207136, 50.828636238426618 ], [ 2.085811861271415, 50.828270480679087 ], [ 2.086129266408922, 50.82805846944418 ], [ 2.086409728520316, 50.827771369889781 ], [ 2.086640755385128, 50.827313632786307 ], [ 2.087102307385406, 50.825857737972285 ], [ 2.087338420658448, 50.825030155392511 ], [ 2.087446447068719, 50.824514635509459 ] ] ] ] } },
{ "type": "Feature", "properties": { "fid": 12, "CODE_AZI": "AZI15", "VALLEE": "Hem", "ANNEE": "2003", "CODE_CRUE": "2", "NATURE": "Crue centennale" }, "geometry": { "type": "MultiPolygon", "coordinates": [ [ [ [ 2.125333232556093, 50.873280395331236 ], [ 2.125156389270256, 50.873247224238803 ], [ 2.124744108635937, 50.873217745337008 ], [ 2.124289211805423, 50.873276549822215 ], [ 2.124174896727089, 50.873430433620527 ], [ 2.124352570135992, 50.87364648541039 ], [ 2.124789837673834, 50.873913305866004 ], [ 2.125072960595439, 50.874150075573581 ], [ 2.12527354869012, 50.874324026543036 ], [ 2.125345841786052, 50.874509068522059 ], [ 2.125005619090848, 50.87470881268333 ], [ 2.124786224578838, 50.874754657629794 ], [ 2.124534210837927, 50.8748312825035 ], [ 2.124364768515538, 50.874963498874322 ], [ 2.124183565396408, 50.875194325764255 ], [ 2.124175773639285, 50.875497377740984 ], [ 2.12430464250313, 50.875732844700394 ], [ 2.124539145247504, 50.875954119090366 ], [ 2.124773411867114, 50.876230863688569 ], [ 2.124813115156504, 50.876441541067614 ], [ 2.124788050895563, 50.876604839450813 ], [ 2.124671942857459, 50.87679262235811 ], [ 2.124942862413482, 50.876473601154544 ], [ 2.124877325056627, 50.876231052577623 ], [ 2.12455010361254, 50.875672669954426 ], [ 2.124497045984447, 50.875170222554914 ], [ 2.124923738864286, 50.874872013059253 ], [ 2.125309399023925, 50.874674409669232 ], [ 2.125570278607568, 50.874423159969254 ], [ 2.125440553166198, 50.874000710644445 ], [ 2.125117472308272, 50.873614920269574 ], [ 2.125333232556093, 50.873280395331236 ] ] ] ] } },
{ "type": "Feature", "properties": { "fid": 13, "CODE_AZI": "AZI15", "VALLEE": "Hem", "ANNEE": "2003", "CODE_CRUE": "1", "NATURE": "Crue décennale" }, "geometry": { "type": "MultiPolygon", "coordinates": [ [ [ [ 1.957946407367385, 50.780752534827549 ], [ 1.958104447690055, 50.780855771137169 ], [ 1.958275849547503, 50.780906640510167 ], [ 1.958430038979936, 50.78087525409353 ], [ 1.958502977845247, 50.780874442681558 ], [ 1.958564608108593, 50.780868470985418 ], [ 1.958621550639004, 50.780839874865997 ], [ 1.958628651109844, 50.780759764857969 ], [ 1.958655069139709, 50.780693051175298 ], [ 1.958686204926599, 50.780648982152094 ], [ 1.958772399732134, 50.780608136678644 ], [ 1.958842255509522, 50.780586776395488 ], [ 1.958928214695589, 50.780577784374437 ], [ 1.958988235921395, 50.780572840176063 ], [ 1.959074182682882, 50.780565910250999 ], [ 1.959169832482114, 50.780562084756241 ], [ 1.959236373070178, 50.78054894573868 ], [ 1.959285193009914, 50.780523404891603 ], [ 1.959311750175901, 50.780438211600668 ], [ 1.959337163152186, 50.780296485665666 ], [ 1.959425138690393, 50.780233069410883 ], [ 1.959610836395903, 50.780323019956533 ], [ 1.959744934151928, 50.780379942719442 ], [ 1.959882234025162, 50.780439955499133 ], [ 1.960030998134284, 50.780481503179175 ], [ 1.960110184439692, 50.780510516222677 ], [ 1.960132834929556, 50.780517773289581 ], [ 1.960265295101941, 50.780575702927777 ], [ 1.960391287401494, 50.780630555038805 ], [ 1.960520643575329, 50.780668956727425 ], [ 1.960612836067697, 50.780694914500245 ], [ 1.960701844654082, 50.780709573057081 ], [ 1.96084298391179, 50.780693572000935 ], [ 1.960940053679189, 50.780715445638485 ], [ 1.960944870500683, 50.780721612668806 ], [ 1.961167293079474, 50.78088360724238 ], [ 1.961351672832082, 50.780931437136331 ], [ 1.961494224158989, 50.78094007457058 ], [ 1.961713191982934, 50.780917113212517 ], [ 1.961839569218642, 50.780922632042689 ], [ 1.961930251098068, 50.780933179066814 ], [ 1.962040027122628, 50.780990016615632 ], [ 1.962080402486934, 50.781006591305058 ], [ 1.962198388613301, 50.7810531856599 ], [ 1.962220996887253, 50.781062504282524 ], [ 1.962326117522287, 50.781093634162332 ], [ 1.962604801194773, 50.781099620624808 ], [ 1.962713239025486, 50.781119465211468 ], [ 1.962974059097604, 50.781134632409199 ], [ 1.963029055117567, 50.78115124847379 ], [ 1.963417469319908, 50.781222278422618 ], [ 1.963528840791549, 50.781283252492102 ], [ 1.963620516686481, 50.781377019204506 ], [ 1.963742841754773, 50.781488360213331 ], [ 1.963926276625917, 50.781664601291865 ], [ 1.964059484285939, 50.781838642156401 ], [ 1.964128251693102, 50.781964193361404 ], [ 1.964147266586228, 50.782021795463592 ], [ 1.964153354955883, 50.78207420435708 ], [ 1.964130389955932, 50.78211009342477 ], [ 1.964194919056396, 50.782151395619799 ], [ 1.96431982320739, 50.782135335658211 ], [ 1.964353961631462, 50.782120022280822 ], [ 1.964435425075021, 50.782065798809114 ], [ 1.964520366976982, 50.781977706504065 ], [ 1.964563006389743, 50.781910025432644 ], [ 1.964625179430507, 50.781832115220858 ], [ 1.96467407889016, 50.781795280420219 ], [ 1.964722908999652, 50.781767695314855 ], [ 1.96480401891298, 50.781755595516088 ], [ 1.964891560566385, 50.781752779407242 ], [ 1.964998439875799, 50.781765441033635 ], [ 1.965098644238282, 50.781802714529235 ], [ 1.965213257232304, 50.781860610503578 ], [ 1.965327808437428, 50.781931840684528 ], [ 1.965481029496223, 50.782029901547631 ], [ 1.965634200459423, 50.782139274365903 ], [ 1.965767805635207, 50.782261939405863 ], [ 1.965878906432269, 50.78235989009675 ], [ 1.966012551317273, 50.782473304872745 ], [ 1.966065727837982, 50.782514571846441 ], [ 1.966112550369505, 50.782538346651933 ], [ 1.966180557378501, 50.782548822367673 ], [ 1.966320004520724, 50.782541010194883 ], [ 1.966425579572873, 50.782510511789276 ], [ 1.966574972650438, 50.782471907585894 ], [ 1.966714649544947, 50.782432261500205 ], [ 1.966802344739313, 50.782405799037619 ], [ 1.966956575599816, 50.782372360217387 ], [ 1.967138335301263, 50.782342092850179 ], [ 1.967303752584264, 50.782327166871497 ], [ 1.96754368300358, 50.782316582727994 ], [ 1.967807892736364, 50.782314288397622 ], [ 1.967914743461741, 50.782326947258362 ], [ 1.968091055888572, 50.782375761282594 ], [ 1.968236549888329, 50.782425500980445 ], [ 1.968390052148329, 50.782486579379437 ], [ 1.968537265923088, 50.78252399926037 ], [ 1.968744516620724, 50.782551344503588 ], [ 1.969008489483717, 50.782579859883789 ], [ 1.969191559853848, 50.782589664888491 ], [ 1.96936330906711, 50.782596332529977 ], [ 1.969471755270841, 50.782613087785144 ], [ 1.969563771850717, 50.782665767019274 ], [ 1.96964400558383, 50.782771828055381 ], [ 1.969690316530175, 50.782866495974091 ], [ 1.969696377843061, 50.782921987681327 ], [ 1.969728793432986, 50.78292209573884 ], [ 1.969801527636531, 50.782952110226041 ], [ 1.969930329871706, 50.783065500566273 ], [ 1.970021759733752, 50.78319419892712 ], [ 1.970113314714764, 50.783306459989269 ], [ 1.970201963550212, 50.783374547949684 ], [ 1.970361700234085, 50.783472616327806 ], [ 1.970500683707175, 50.783527485166687 ], [ 1.970657403890651, 50.783592691779241 ], [ 1.970788336905835, 50.783638283514257 ], [ 1.970922548154188, 50.783681819892571 ], [ 1.97107625909654, 50.783718249206537 ], [ 1.971249390995444, 50.78375882320956 ], [ 1.971383729125719, 50.783782858507315 ], [ 1.971440374500723, 50.783792276381341 ], [ 1.971430227434852, 50.78385079752011 ], [ 1.971454341606146, 50.783877586195516 ], [ 1.971497855216899, 50.783909560683419 ], [ 1.971656486569126, 50.783939823025413 ], [ 1.971802058527462, 50.783977245374018 ], [ 1.97195561225845, 50.784036257302262 ], [ 1.972066900054918, 50.784109536296071 ], [ 1.97227309753676, 50.784280706179509 ], [ 1.972642420281709, 50.784309542619326 ], [ 1.972444060211016, 50.784174357838502 ], [ 1.972267438765175, 50.783949852968966 ], [ 1.972259567331686, 50.783916951607608 ], [ 1.972240609869138, 50.783850121234011 ], [ 1.972197449048418, 50.783766772971632 ], [ 1.972152261453581, 50.783741972872583 ], [ 1.972090889115895, 50.783713014680011 ], [ 1.972050442213227, 50.783702629615476 ], [ 1.971966301438334, 50.783683894923335 ], [ 1.971862832048197, 50.783647621301093 ], [ 1.971787070761418, 50.783593976895659 ], [ 1.971746954395545, 50.783536322041854 ], [ 1.971615319310871, 50.783367428770894 ], [ 1.971538398218389, 50.783246980512381 ], [ 1.971439883650921, 50.783198413749382 ], [ 1.971316972217549, 50.783162079135188 ], [ 1.971106732622923, 50.783098793672721 ], [ 1.970963032818043, 50.783025405981725 ], [ 1.970742186601484, 50.782863442788241 ], [ 1.970390864888798, 50.782595283530867 ], [ 1.970193018578575, 50.782391262495167 ], [ 1.970071293589464, 50.78219361716318 ], [ 1.969906673159619, 50.782101694655061 ], [ 1.969619730485118, 50.781890207874405 ], [ 1.969410408353931, 50.781705672132553 ], [ 1.968919844094714, 50.781200773335215 ], [ 1.968569208013459, 50.780841151935228 ], [ 1.968485430347847, 50.780771040558584 ], [ 1.968424153412333, 50.780731809734164 ], [ 1.968252923727364, 50.780657329502795 ], [ 1.968120352807807, 50.78061172124039 ], [ 1.967968304102157, 50.780572218357449 ], [ 1.967663657543725, 50.780567209913634 ], [ 1.967576210503919, 50.780556673864673 ], [ 1.967453293749682, 50.780525480906888 ], [ 1.96739684026772, 50.780486269534272 ], [ 1.967358299035538, 50.780439918581457 ], [ 1.967337800743477, 50.780363823957089 ], [ 1.967277364658349, 50.780208490097834 ], [ 1.967245384349797, 50.780151882015545 ], [ 1.967130179417327, 50.779951203646704 ], [ 1.966937162251748, 50.779755405626879 ], [ 1.966877391580968, 50.779730562495509 ], [ 1.966717431582936, 50.779666384903351 ], [ 1.966068973238277, 50.779475394236897 ], [ 1.965532106642228, 50.779318624543507 ], [ 1.965354039596722, 50.779290354937991 ], [ 1.965208314475789, 50.779274507463306 ], [ 1.965104777760524, 50.779249539942597 ], [ 1.964865417830633, 50.779183058021871 ], [ 1.964666635601346, 50.779111567112395 ], [ 1.964600540349622, 50.77906204274953 ], [ 1.964381265357774, 50.778914476146518 ], [ 1.964153852457604, 50.778767882568239 ], [ 1.963960079376132, 50.778672765695191 ], [ 1.963850248994047, 50.778623117195991 ], [ 1.963733776080612, 50.778595037473096 ], [ 1.963308487649122, 50.778473544951041 ], [ 1.962913848326562, 50.778369605599771 ], [ 1.962438632874054, 50.778203764986991 ], [ 1.962180118572123, 50.77810023683903 ], [ 1.961931468831496, 50.777980291923306 ], [ 1.961792264328068, 50.777959328971107 ], [ 1.961555767425784, 50.777942179535664 ], [ 1.961446848618164, 50.777987042186901 ], [ 1.96139130386694, 50.778048528129503 ], [ 1.961345686211158, 50.77808024346399 ], [ 1.961287316126467, 50.778085202567489 ], [ 1.961219328487805, 50.778072661906442 ], [ 1.961161146582039, 50.778050912636054 ], [ 1.961052925862873, 50.778003317306919 ], [ 1.960876830356466, 50.777931889330226 ], [ 1.960663540059144, 50.777851100451009 ], [ 1.960221979881866, 50.777737770599401 ], [ 1.959908033566689, 50.777680286704232 ], [ 1.959506494527571, 50.777632842021752 ], [ 1.959119325548377, 50.777612125982706 ], [ 1.958693087594744, 50.777614928666175 ], [ 1.958365679405131, 50.777622160867288 ], [ 1.958163221307578, 50.77760921414967 ], [ 1.957959268456485, 50.777575711580091 ], [ 1.957784606686167, 50.777530981037103 ], [ 1.95763740637259, 50.777492526949842 ], [ 1.957469307008625, 50.777437559369218 ], [ 1.957238286847143, 50.777342320008493 ], [ 1.957060689368396, 50.777255456642628 ], [ 1.95691051037703, 50.777187183321118 ], [ 1.956708198740541, 50.777152671267245 ], [ 1.956447506293418, 50.777125137895247 ], [ 1.956201122128237, 50.777131581899461 ], [ 1.955868664406873, 50.777164453981669 ], [ 1.955437080637631, 50.777231973275491 ], [ 1.955209967305465, 50.77726414567762 ], [ 1.95509644458569, 50.777272022805697 ], [ 1.954931228933897, 50.77726328776523 ], [ 1.954714330210704, 50.777228710082277 ], [ 1.954614034754364, 50.777206824336368 ], [ 1.954565558845545, 50.777188176817177 ], [ 1.954489779821926, 50.77713964673557 ], [ 1.954420424381838, 50.777096296301181 ], [ 1.954344615121466, 50.777047765868311 ], [ 1.954234726626926, 50.777007358548872 ], [ 1.954158709795945, 50.776990681980969 ], [ 1.954069617156096, 50.776986289411468 ], [ 1.953933468645622, 50.776985866290467 ], [ 1.953732597693201, 50.776976009122912 ], [ 1.953483310709235, 50.776940296095503 ], [ 1.953290654811724, 50.776917092220003 ], [ 1.953188743237948, 50.776895191717841 ], [ 1.953090141361178, 50.776860985125182 ], [ 1.952912910091647, 50.776936460941705 ], [ 1.95278935934538, 50.776987460098205 ], [ 1.9525796151248, 50.777079280578739 ], [ 1.952581207631027, 50.777083398581574 ], [ 1.952572803785835, 50.777120349403262 ], [ 1.952534895753205, 50.777203464038685 ], [ 1.952495361492478, 50.777285523802163 ], [ 1.952467201478335, 50.777366618061087 ], [ 1.952458856392528, 50.777396381294928 ], [ 1.952448691526489, 50.777451838039624 ], [ 1.952441754818326, 50.777513468833767 ], [ 1.952436216050063, 50.777598717847638 ], [ 1.952434035471845, 50.7776737235952 ], [ 1.952435156407576, 50.77773536210227 ], [ 1.952439210234765, 50.777839152491836 ], [ 1.952444878392743, 50.777946019880957 ], [ 1.952453974202128, 50.778026206170217 ], [ 1.952466466628239, 50.778089942569444 ], [ 1.952499655487496, 50.778195860152707 ], [ 1.952518710960917, 50.778249360223889 ], [ 1.95254582076294, 50.778305951438995 ], [ 1.952580959643218, 50.778369758197833 ], [ 1.952648365182122, 50.778455240358497 ], [ 1.95272235567907, 50.77852944517597 ], [ 1.952809333210905, 50.778598573373742 ], [ 1.952891567646871, 50.778652244352536 ], [ 1.952919000949342, 50.778665689873876 ], [ 1.952991734988425, 50.778690568741219 ], [ 1.953109722864285, 50.778732046260082 ], [ 1.953237413702042, 50.778776608605668 ], [ 1.953289147277913, 50.778794242812076 ], [ 1.953361835115011, 50.77882426682504 ], [ 1.953395710939616, 50.778844914395599 ], [ 1.953437612572056, 50.778875860871196 ], [ 1.953516519745775, 50.778939814972006 ], [ 1.953585793024865, 50.778994477738635 ], [ 1.95359866240311, 50.77900377618667 ], [ 1.953626080478413, 50.779022347147766 ], [ 1.95374229744743, 50.779084352129686 ], [ 1.953813300251874, 50.779120548619318 ], [ 1.953852050952852, 50.779140175831046 ], [ 1.953897271850113, 50.779159837373605 ], [ 1.953955417962304, 50.779184673163066 ], [ 1.954008778827464, 50.779203341868659 ], [ 1.954060516518527, 50.779217892324006 ], [ 1.954112288575393, 50.779229339575508 ], [ 1.954194822058826, 50.779243988500063 ], [ 1.954267625387303, 50.779262700275119 ], [ 1.954303190522077, 50.779274111426055 ], [ 1.954328997919847, 50.779286521820104 ], [ 1.95437255184186, 50.779314398382958 ], [ 1.954433741479821, 50.779365969362878 ], [ 1.954475492668161, 50.779414393733092 ], [ 1.954526754772689, 50.77949263118812 ], [ 1.954586005907445, 50.779587334022089 ], [ 1.954624484850245, 50.779641917760571 ], [ 1.954654941498139, 50.779683099223249 ], [ 1.954709581320652, 50.779742864255411 ], [ 1.954748295197168, 50.779768677766462 ], [ 1.954770880179123, 50.77977901872076 ], [ 1.954816132532026, 50.779798680167097 ], [ 1.954938943875943, 50.779843239742945 ], [ 1.954971265460376, 50.779853602321133 ], [ 1.95506188167755, 50.779874445335629 ], [ 1.955228532491563, 50.779909881955469 ], [ 1.955406491187935, 50.77995049890562 ], [ 1.955442090488803, 50.779958846578495 ], [ 1.955461499236171, 50.779961972725822 ], [ 1.955633024743203, 50.779996408530039 ], [ 1.95573011548998, 50.780014181872389 ], [ 1.955882223754748, 50.780044449989241 ], [ 1.956060254335366, 50.780075816262524 ], [ 1.956220518738491, 50.780099945418769 ], [ 1.956324157390933, 50.780112587397475 ], [ 1.956461784732201, 50.780127396280541 ], [ 1.956547610796598, 50.780137946601279 ], [ 1.956618826612834, 50.780149455628994 ], [ 1.956706190646756, 50.780168227893064 ], [ 1.956782176577444, 50.780191049382914 ], [ 1.956835518284811, 50.780210737811089 ], [ 1.956903378751261, 50.780239718093846 ], [ 1.956953442631455, 50.780261441308916 ], [ 1.957082641384561, 50.780320408250262 ], [ 1.957106862635842, 50.780332824774661 ], [ 1.957163314311391, 50.780365873988856 ], [ 1.957193899159165, 50.780393700935242 ], [ 1.957513364129756, 50.780579620773132 ], [ 1.957569755003595, 50.780622940735597 ], [ 1.957883515134475, 50.780709180652394 ], [ 1.957946407367385, 50.780752534827549 ] ], [ [ 1.963912404594512, 50.780923761040661 ], [ 1.963409943305902, 50.780928408480641 ], [ 1.962961289203235, 50.780892135997348 ], [ 1.962496622994433, 50.780833183334956 ], [ 1.961886210817216, 50.780756335175141 ], [ 1.96134723975239, 50.780661198963728 ], [ 1.960654750094094, 50.780508055650195 ], [ 1.960434820096539, 50.780443689732024 ], [ 1.96034590637402, 50.780415676869808 ], [ 1.96022770752293, 50.780402976725298 ], [ 1.960125694064145, 50.780391372726207 ], [ 1.960033386768122, 50.780379789652415 ], [ 1.960007659876754, 50.780356068529436 ], [ 1.959952851111762, 50.780315846324122 ], [ 1.959898167801513, 50.780262250216893 ], [ 1.959827152733068, 50.780221952624942 ], [ 1.95960738978609, 50.78013498136837 ], [ 1.959462378027901, 50.780024607658547 ], [ 1.959398401792875, 50.779914470603991 ], [ 1.959381212122981, 50.779828110675126 ], [ 1.9593822042443, 50.779699675551328 ], [ 1.959412286025846, 50.77957853141374 ], [ 1.959466796748245, 50.779445137509796 ], [ 1.959623663152364, 50.779272994688839 ], [ 1.959861335727235, 50.779134003058807 ], [ 1.960127628019946, 50.779065969039941 ], [ 1.96035632465072, 50.779043031254986 ], [ 1.960574995645379, 50.779056029600177 ], [ 1.960830768794191, 50.779091742287427 ], [ 1.961021663928044, 50.7791385660529 ], [ 1.961204128108252, 50.779225423975412 ], [ 1.96130260036864, 50.779278123523575 ], [ 1.961512359280005, 50.779399987527306 ], [ 1.961702691992556, 50.779516663526657 ], [ 1.961949601122497, 50.779656115842187 ], [ 1.962167527088524, 50.779772880976296 ], [ 1.962467927140308, 50.779907372045407 ], [ 1.962823635860499, 50.780018376406211 ], [ 1.963096959119055, 50.780094215141801 ], [ 1.963470531108106, 50.780199119407435 ], [ 1.963781051612048, 50.780287379791488 ], [ 1.964016917343679, 50.780385710116803 ], [ 1.964097503772505, 50.780444505454199 ], [ 1.964126173159504, 50.780513440569557 ], [ 1.964142463898674, 50.780715881583149 ], [ 1.964112356789331, 50.780843193227625 ], [ 1.964068241348079, 50.780889297946466 ], [ 1.963912404594512, 50.780923761040661 ] ] ] ] } },
{ "type": "Feature", "properties": { "fid": 14, "CODE_AZI": "AZI15", "VALLEE": "Hem", "ANNEE": "2003", "CODE_CRUE": "4", "NATURE": "non inondé" }, "geometry": { "type": "MultiPolygon", "coordinates": [ [ [ [ 2.096909514880443, 50.847700343014303 ], [ 2.096907889773784, 50.847697248183529 ], [ 2.096843184285978, 50.847655018001575 ], [ 2.096746149441839, 50.84758700820057 ], [ 2.096509937028517, 50.847435527886368 ], [ 2.096409733129396, 50.847355202626268 ], [ 2.096322303095959, 50.847308803455952 ], [ 2.096283455607295, 50.847290243702943 ], [ 2.096157215704219, 50.847223222868543 ], [ 2.096147486170966, 50.847217026244387 ], [ 2.096037513734452, 50.847142856006862 ], [ 2.095916218713833, 50.847054269313233 ], [ 2.09578372061975, 50.846937913726805 ], [ 2.095736854074094, 50.846894671164165 ], [ 2.095646371224909, 50.846814375680275 ], [ 2.095486513935741, 50.846652756464728 ], [ 2.095421876081856, 50.846595110629096 ], [ 2.095420256422122, 50.846595098876342 ], [ 2.09532460760898, 50.84657230281725 ], [ 2.095238604549679, 50.846572139115885 ], [ 2.095107128277914, 50.846580113699297 ], [ 2.095076265472302, 50.846583132891986 ], [ 2.09493500030357, 50.846603388512918 ], [ 2.094993120896456, 50.846663089380094 ], [ 2.095127236090053, 50.846779457612499 ], [ 2.095195138794815, 50.846834024198792 ], [ 2.095253303699882, 50.84688962116379 ], [ 2.095380955661294, 50.846996712999527 ], [ 2.095587776287062, 50.847186140253527 ], [ 2.095679917398062, 50.847259280643264 ], [ 2.095684737387628, 50.847271607811365 ], [ 2.09577514406168, 50.847366296939789 ], [ 2.095891419723412, 50.847485697939291 ], [ 2.095948000831677, 50.847525867729914 ], [ 2.096067663889325, 50.847618566577957 ], [ 2.096169641001355, 50.847670136396026 ], [ 2.096210030500045, 50.84770822671495 ], [ 2.096448596258065, 50.847702528668627 ], [ 2.096649829845423, 50.847706009026965 ], [ 2.096669298928997, 50.847706029984209 ], [ 2.096784496026223, 50.847714472206938 ], [ 2.096862427933521, 50.84770640825402 ], [ 2.096904630281247, 50.847703410707325 ], [ 2.096909514880443, 50.847700343014303 ] ] ] ] } },
{ "type": "Feature", "properties": { "fid": 15, "CODE_AZI": "AZI15", "VALLEE": "Hem", "ANNEE": "2003", "CODE_CRUE": "2", "NATURE": "Crue centennale" }, "geometry": { "type": "MultiPolygon", "coordinates": [ [ [ [ 1.98140288828808, 50.789270847885604 ], [ 1.981433690242279, 50.789270939664057 ], [ 1.981467539298092, 50.789299807944722 ], [ 1.981564425180663, 50.789351456243153 ], [ 1.981708225236111, 50.789415561369466 ], [ 1.981818229257384, 50.789446694080816 ], [ 1.981916976831377, 50.789462397819165 ], [ 1.981933121054049, 50.789471679858742 ], [ 1.982018891379755, 50.789493504255177 ], [ 1.981896011090271, 50.789450012992461 ], [ 1.98186401979103, 50.789391347282432 ], [ 1.981770127801251, 50.789372579794481 ], [ 1.981682826547135, 50.789340491440221 ], [ 1.981590762460751, 50.789291926011934 ], [ 1.981550439730966, 50.78926612824992 ], [ 1.98140288828808, 50.789270847885604 ] ] ] ] } },
{ "type": "Feature", "properties": { "fid": 16, "CODE_AZI": "AZI15", "VALLEE": "Hem", "ANNEE": "2003", "CODE_CRUE": "2", "NATURE": "Crue centennale" }, "geometry": { "type": "MultiPolygon", "coordinates": [ [ [ [ 2.096909514880443, 50.847700343014303 ], [ 2.096904630281247, 50.847703410707325 ], [ 2.096862427933521, 50.84770640825402 ], [ 2.096784496026223, 50.847714472206938 ], [ 2.096669298928997, 50.847706029984209 ], [ 2.096649829845423, 50.847706009026965 ], [ 2.096448596258065, 50.847702528668627 ], [ 2.096210030500045, 50.84770822671495 ], [ 2.096211643829164, 50.847710280436935 ], [ 2.096213257158421, 50.847712334158956 ], [ 2.096224506087701, 50.847730854001185 ], [ 2.096694752002936, 50.847812940275546 ], [ 2.096766109687894, 50.847820264055002 ], [ 2.096835922794111, 50.847818347450307 ], [ 2.096886274761259, 50.847809202796277 ], [ 2.096912337969107, 50.847787670061429 ], [ 2.096930346463552, 50.847756889858424 ], [ 2.096925641039056, 50.847722982174126 ], [ 2.096909514880443, 50.847700343014303 ] ] ] ] } },
{ "type": "Feature", "properties": { "fid": 17, "CODE_AZI": "AZI15", "VALLEE": "Hem", "ANNEE": "2003", "CODE_CRUE": "2", "NATURE": "Crue centennale" }, "geometry": { "type": "MultiPolygon", "coordinates": [ [ [ [ 2.067307069902237, 50.816952899228092 ], [ 2.066848201952473, 50.817233399330512 ], [ 2.066436682560263, 50.817451326847326 ], [ 2.066260945391251, 50.817554719051941 ], [ 2.065912764648616, 50.817758404123005 ], [ 2.065747610003424, 50.817705632021756 ], [ 2.065632105012776, 50.817773197155503 ], [ 2.065813460318896, 50.817827011843264 ], [ 2.065009517170626, 50.818323524753353 ], [ 2.065179806919866, 50.81832390167839 ], [ 2.065866870321265, 50.81784254809817 ], [ 2.066016381207081, 50.817792535727072 ], [ 2.067307069902237, 50.816952899228092 ] ] ] ] } },
{ "type": "Feature", "properties": { "fid": 18, "CODE_AZI": "AZI15", "VALLEE": "Hem", "ANNEE": "2003", "CODE_CRUE": "2", "NATURE": "Crue centennale" }, "geometry": { "type": "MultiPolygon", "coordinates": [ [ [ [ 2.093932926616717, 50.841796520366763 ], [ 2.094075551732981, 50.841828648158703 ], [ 2.094232089835804, 50.842008744932201 ], [ 2.094354926857013, 50.842102470398288 ], [ 2.094467999272794, 50.84221057925626 ], [ 2.094671764881251, 50.84235480219882 ], [ 2.094750636583584, 50.842483383073713 ], [ 2.094772574042923, 50.842640599471515 ], [ 2.094713919783912, 50.843020613853597 ], [ 2.094724447349165, 50.843195284787605 ], [ 2.094803417844626, 50.843303305629121 ], [ 2.09507320920805, 50.843553472402519 ], [ 2.095444714447722, 50.843906578612831 ], [ 2.095705021336936, 50.844100238613393 ], [ 2.095840835045947, 50.844200142463791 ], [ 2.095919936609457, 50.844287622866887 ], [ 2.095976184222277, 50.844401784237967 ], [ 2.096088881939953, 50.844581780131811 ], [ 2.09622600796853, 50.844749500568639 ], [ 2.096338667390316, 50.844941848156537 ], [ 2.09648528282368, 50.845157865024483 ], [ 2.096700128765989, 50.845359641401416 ], [ 2.09698306362463, 50.845582110685335 ], [ 2.09721939109163, 50.84570482280057 ], [ 2.097546542677144, 50.845834898649265 ], [ 2.097625790378073, 50.845892589138494 ], [ 2.097695071256955, 50.845999556506506 ], [ 2.097736863569294, 50.846081820498341 ], [ 2.097738458115474, 50.846084915104782 ], [ 2.09787136531883, 50.846458086961917 ], [ 2.097971607449314, 50.846868199014438 ], [ 2.098026377029577, 50.847291575206306 ], [ 2.0980477334977, 50.847573108902978 ], [ 2.098046464364784, 50.847838162598777 ], [ 2.098079822131433, 50.847988212464017 ], [ 2.098192725875322, 50.848132251202678 ], [ 2.098440323730059, 50.848276563263106 ], [ 2.098803363934609, 50.848376924998981 ], [ 2.099654361506089, 50.848588136935497 ], [ 2.100547544552954, 50.848804553568563 ], [ 2.101080465067115, 50.849014142305677 ], [ 2.101531965298594, 50.849288266105027 ], [ 2.101906874019642, 50.849626980584176 ], [ 2.102040468493206, 50.849855307903056 ], [ 2.102141860958946, 50.850035275467491 ], [ 2.102264681168394, 50.850150573244363 ], [ 2.102502475973119, 50.850309240919401 ], [ 2.10263863861937, 50.850345456204316 ], [ 2.103036007232849, 50.850402710481148 ], [ 2.103623302336795, 50.85044697551109 ], [ 2.104077562395759, 50.850476607974223 ], [ 2.104507486882431, 50.850513371128983 ], [ 2.105203003162331, 50.850667754123954 ], [ 2.105995515954157, 50.850905530551543 ], [ 2.106876568541378, 50.851301671758243 ], [ 2.107622821513879, 50.85171914324021 ], [ 2.108164900189341, 50.852071486407098 ], [ 2.108935128489535, 50.85257016063423 ], [ 2.109275176681241, 50.852742338217702 ], [ 2.109749648149408, 50.852980538992881 ], [ 2.110564488730747, 50.853311816349326 ], [ 2.111254895414666, 50.853534975687793 ], [ 2.112023150888503, 50.853772679494135 ], [ 2.112861216411418, 50.854004328950147 ], [ 2.113574592450984, 50.854171023114517 ], [ 2.113986430135912, 50.854266281996637 ], [ 2.114493988659927, 50.854367885166184 ], [ 2.114721155108331, 50.854382671849173 ], [ 2.114958184667783, 50.854368719941796 ], [ 2.115242145422725, 50.854383608672812 ], [ 2.115503323389485, 50.854412849288138 ], [ 2.115740022934811, 50.85447799101015 ], [ 2.115866313119424, 50.854542949683029 ], [ 2.115955045635567, 50.854664317304632 ], [ 2.116079044971806, 50.854886453325385 ], [ 2.116201589726277, 50.855066457623217 ], [ 2.116427911978263, 50.855274384079145 ], [ 2.116568799634314, 50.855345511359282 ], [ 2.116594593486545, 50.855385633235336 ], [ 2.116589567520639, 50.855417468770803 ], [ 2.116550447510383, 50.855458491860198 ], [ 2.116446111255666, 50.855558991217997 ], [ 2.116343366104307, 50.855669751773156 ], [ 2.116229036957068, 50.855828777327424 ], [ 2.11615901324213, 50.855880031346267 ], [ 2.116077701027887, 50.85591274723339 ], [ 2.115985154217737, 50.85592388237874 ], [ 2.115891026747613, 50.855915507193963 ], [ 2.115724019989913, 50.855876165144721 ], [ 2.11373529274022, 50.855253084230547 ], [ 2.11358447951737, 50.855223023372901 ], [ 2.11342223568669, 50.855208356160873 ], [ 2.113313439278861, 50.855215349805349 ], [ 2.113162310140041, 50.855258217537063 ], [ 2.112952537109477, 50.855343109239733 ], [ 2.112676007490838, 50.855474090882524 ], [ 2.112610919462393, 50.855514047013564 ], [ 2.112610650062314, 50.855575685373388 ], [ 2.112639674747791, 50.855612728039205 ], [ 2.112698037231629, 50.855631321315336 ], [ 2.112772672601548, 50.855635576270821 ], [ 2.112840911691597, 50.855621307586553 ], [ 2.113201983327424, 50.855456573562236 ], [ 2.113353083981236, 50.855423955614327 ], [ 2.113518628332987, 50.855428376338857 ], [ 2.113669441345751, 50.855453312249956 ], [ 2.11385587026711, 50.855509111136968 ], [ 2.11489639773294, 50.855842823731685 ], [ 2.115526850292025, 50.856050457741979 ], [ 2.115761954707555, 50.856109441890325 ], [ 2.116053931990699, 50.856146947581713 ], [ 2.116180593571599, 50.856135874127681 ], [ 2.116279775846253, 50.856096998749841 ], [ 2.116377437931211, 50.856038633489412 ], [ 2.116679105110752, 50.855721720127192 ], [ 2.1168226318481, 50.855565823899532 ], [ 2.116894257120867, 50.855520746864521 ], [ 2.116999842083918, 50.855503477328824 ], [ 2.117220268228501, 50.855569621895128 ], [ 2.11781219982486, 50.855687784428206 ], [ 2.118266476206144, 50.855731738816992 ], [ 2.118594157982014, 50.85577443600188 ], [ 2.118821011083882, 50.855861143185308 ], [ 2.119204525170408, 50.856126870857643 ], [ 2.119485843281649, 50.856379062784526 ], [ 2.119869154795279, 50.85668794882384 ], [ 2.120118352125214, 50.856867141297847 ], [ 2.120422784344665, 50.857025882706267 ], [ 2.120740454304085, 50.857134307585198 ], [ 2.120999978336671, 50.857176877811533 ], [ 2.121274305100999, 50.857177370756048 ], [ 2.121624902029069, 50.85717798021355 ], [ 2.121895832071354, 50.857208236876438 ], [ 2.122213402354693, 50.857338238267857 ], [ 2.122472436077275, 50.857495874013004 ], [ 2.122647292040456, 50.857598904083048 ], [ 2.122794761053094, 50.857649510300405 ], [ 2.122908387400424, 50.857649709356203 ], [ 2.123088632285353, 50.857635642681608 ], [ 2.123507402127023, 50.857636366095143 ], [ 2.123950119451329, 50.857730607281155 ], [ 2.124324389717525, 50.857889469352273 ], [ 2.124730973990037, 50.858083310974152 ], [ 2.124933203061156, 50.858241863732616 ], [ 2.125091199971906, 50.858492795734264 ], [ 2.125270253572821, 50.858758169091807 ], [ 2.125643863849293, 50.859074194878225 ], [ 2.126038861187346, 50.859326567408111 ], [ 2.126365845891245, 50.859536701368597 ], [ 2.126885545020949, 50.859861194057054 ], [ 2.127282298244607, 50.860083765681516 ], [ 2.127588287965358, 50.860271267351983 ], [ 2.127779112807906, 50.860443148030228 ], [ 2.128039459190675, 50.860679877039189 ], [ 2.12823361102902, 50.860831220269475 ], [ 2.128415028295222, 50.86092399752102 ], [ 2.128606282140795, 50.860996223306245 ], [ 2.128789474860652, 50.861046871622847 ], [ 2.128969234829463, 50.861148885390847 ], [ 2.129091960199536, 50.861306274334353 ], [ 2.12919467089327, 50.861585881581121 ], [ 2.129171022698478, 50.861807750964161 ], [ 2.129031643587631, 50.862137276433366 ], [ 2.129021374722186, 50.862261564779025 ], [ 2.129064787257598, 50.8623633460954 ], [ 2.129120960092683, 50.862520610000828 ], [ 2.129110491617275, 50.862693183480836 ], [ 2.129018941041657, 50.862843029010371 ], [ 2.128891966542225, 50.862929105620054 ], [ 2.128677444163053, 50.862986262851415 ], [ 2.128279346469672, 50.863079091696761 ], [ 2.127951032690921, 50.863170986116565 ], [ 2.127690738230456, 50.863299991005746 ], [ 2.127553751275693, 50.863449737592504 ], [ 2.12750717597113, 50.863714707283044 ], [ 2.127482432275842, 50.864191353357711 ], [ 2.127515784343076, 50.864370158709185 ], [ 2.127628054989434, 50.864693955292744 ], [ 2.127659655386749, 50.864894328957789 ], [ 2.12763628896363, 50.865045310778179 ], [ 2.127578834617101, 50.865201359095316 ], [ 2.127557138195666, 50.865338979667264 ], [ 2.127577808702856, 50.865438659983297 ], [ 2.127679733940398, 50.865525135676336 ], [ 2.127827092858094, 50.865611688930656 ], [ 2.128133238112332, 50.865776566820742 ], [ 2.12832413539879, 50.865935092757482 ], [ 2.128380552229975, 50.866027655719705 ], [ 2.128402797378989, 50.866145844544107 ], [ 2.128392242447734, 50.866338956114113 ], [ 2.12840151996099, 50.86644684441768 ], [ 2.128457677485332, 50.866605128484338 ], [ 2.128513923583871, 50.86674083145423 ], [ 2.128502138544246, 50.866841485639306 ], [ 2.12843317046453, 50.867028343021495 ], [ 2.12833188720403, 50.867178159088226 ], [ 2.12822770662469, 50.8672416721258 ], [ 2.128079844226567, 50.86727122731611 ], [ 2.127977554071879, 50.867277218245654 ], [ 2.127876710047617, 50.867321215607483 ], [ 2.127786757485162, 50.867475154317852 ], [ 2.127714555319537, 50.867657904601479 ], [ 2.127670432540787, 50.867729744930237 ], [ 2.127611585780282, 50.867820039961458 ], [ 2.12796410190067, 50.867769275432032 ], [ 2.127954501633152, 50.867739459799012 ], [ 2.127949794274402, 50.867697346585807 ], [ 2.127945078680768, 50.867664462147765 ], [ 2.127951706597693, 50.867631597002358 ], [ 2.1279665722599, 50.867569981896608 ], [ 2.127996180936425, 50.867476539333204 ], [ 2.128046794343919, 50.867412932106596 ], [ 2.128069561454289, 50.867399618447294 ], [ 2.128193275916106, 50.867325872231611 ], [ 2.128336352930579, 50.867272680838333 ], [ 2.128342870616149, 50.867270644417289 ], [ 2.128500489247655, 50.867233930198921 ], [ 2.128640253947389, 50.867202315991001 ], [ 2.128778383029087, 50.867164544306966 ], [ 2.128848500025553, 50.867095828010903 ], [ 2.128881360202863, 50.867003428880253 ], [ 2.128889558338027, 50.866983927424606 ], [ 2.128891232794061, 50.866586357986399 ], [ 2.128830774097425, 50.866292433967303 ], [ 2.128784384992553, 50.866127992291986 ], [ 2.128763582340739, 50.86605501700641 ], [ 2.128695939449436, 50.865922377363297 ], [ 2.128626735445538, 50.865784601820735 ], [ 2.128599249082668, 50.865754761213886 ], [ 2.128458658891053, 50.865597348118705 ], [ 2.12822243928911, 50.865407915958137 ], [ 2.128167555004075, 50.865337965268345 ], [ 2.128144930337008, 50.865308138520611 ], [ 2.128140274927006, 50.865257797611093 ], [ 2.12813412397656, 50.865182782530802 ], [ 2.12814125205213, 50.865026642234909 ], [ 2.128146571532173, 50.86491981668766 ], [ 2.128116761845149, 50.864676294170025 ], [ 2.128103997219947, 50.864622853562565 ], [ 2.128038757316014, 50.864312478982058 ], [ 2.128001246041742, 50.86396724442946 ], [ 2.128001274702682, 50.863962099674787 ], [ 2.12801416534558, 50.863598459432339 ], [ 2.128211651644209, 50.863349159139467 ], [ 2.128371206749092, 50.863232301190941 ], [ 2.128641150329155, 50.863124903104882 ], [ 2.12876797006969, 50.863075801350128 ], [ 2.129015129318238, 50.862982737168338 ], [ 2.129044432408636, 50.862959158977411 ], [ 2.1291242546264, 50.862894573845836 ], [ 2.12916206108257, 50.862779566770548 ], [ 2.129170281583717, 50.862756982355059 ], [ 2.129214669954807, 50.862620420377112 ], [ 2.129215253149931, 50.862481730588833 ], [ 2.129136800286325, 50.862225795934407 ], [ 2.129141777632705, 50.862198083913555 ], [ 2.129156712713777, 50.862120032775373 ], [ 2.12923692231547, 50.861962980877131 ], [ 2.129297939558118, 50.861737068415245 ], [ 2.129269855651273, 50.861462727241523 ], [ 2.12923121067, 50.861385622988166 ], [ 2.129141054891224, 50.861211845687791 ], [ 2.129027926203366, 50.861091459560939 ], [ 2.128945512190415, 50.861005020589886 ], [ 2.128809545545561, 50.860909258607911 ], [ 2.128570023022857, 50.860740362429446 ], [ 2.128293143761241, 50.860571424703316 ], [ 2.128027579032663, 50.860419942292097 ], [ 2.12773122972253, 50.860250967104761 ], [ 2.127553101054074, 50.860146900798668 ], [ 2.127117532673633, 50.859890365586367 ], [ 2.12674342451987, 50.859689392807113 ], [ 2.126032751574297, 50.859237177850964 ], [ 2.125726761312208, 50.859048651001075 ], [ 2.125382244514286, 50.858759375394591 ], [ 2.125306384287946, 50.858660627636738 ], [ 2.125225672935456, 50.858552616800701 ], [ 2.12517406226848, 50.858474458963151 ], [ 2.125056353630549, 50.858288312594581 ], [ 2.125054769340523, 50.858286259487983 ], [ 2.124907615582678, 50.858149354307542 ], [ 2.124671377420432, 50.857979451839064 ], [ 2.124324816321649, 50.857791877389118 ], [ 2.124016913415347, 50.857673200405635 ], [ 2.123900258444855, 50.857627797091666 ], [ 2.123877543926087, 50.85762261253695 ], [ 2.12359375461041, 50.857558436860877 ], [ 2.123228622867847, 50.857539312777035 ], [ 2.123048478165617, 50.857538986344579 ], [ 2.122944665365801, 50.857521359434571 ], [ 2.122860332935979, 50.857506812395627 ], [ 2.122810141248329, 50.857476950433167 ], [ 2.122763166802478, 50.857450154055606 ], [ 2.122674276561375, 50.857362663803116 ], [ 2.122554559996965, 50.857274115644678 ], [ 2.122470357857618, 50.857222593230823 ], [ 2.122368373853161, 50.857161816653175 ], [ 2.122276054733253, 50.857116442988762 ], [ 2.122240412377375, 50.857098915151148 ], [ 2.122198260058259, 50.857086526507224 ], [ 2.122110715820466, 50.857061706338072 ], [ 2.121933944653173, 50.857029551008466 ], [ 2.121666278288183, 50.856991069375233 ], [ 2.121593282173957, 50.856978623318199 ], [ 2.121594920478992, 50.856977593849805 ], [ 2.121410029685415, 50.856941316584454 ], [ 2.121330599067645, 50.856917554027902 ], [ 2.121084207316138, 50.856846228948264 ], [ 2.120977266566344, 50.856804955280943 ], [ 2.120797393753024, 50.856733738378551 ], [ 2.120517329468909, 50.856567862631707 ], [ 2.120323158996569, 50.85642677605594 ], [ 2.120124146202693, 50.856279508958835 ], [ 2.119826472821966, 50.856060175139994 ], [ 2.119753670713247, 50.856005588204653 ], [ 2.119619360998577, 50.855907764976784 ], [ 2.119423611996424, 50.855764603663417 ], [ 2.119339485566404, 50.85569870547635 ], [ 2.119088788692819, 50.855501022417798 ], [ 2.118939894231637, 50.855400072327804 ], [ 2.118909145042386, 50.855382558048895 ], [ 2.118802254546826, 50.855324846684269 ], [ 2.118640068093538, 50.855299896617474 ], [ 2.118343039329581, 50.85529937736738 ], [ 2.118315430773637, 50.855301384217199 ], [ 2.118174178626924, 50.855311395667734 ], [ 2.117997152185449, 50.855335748068448 ], [ 2.117659442470068, 50.855360824606045 ], [ 2.117323534882662, 50.855347895826426 ], [ 2.117210031346225, 50.855322007410905 ], [ 2.117153218072052, 50.855322926282938 ], [ 2.117117496474328, 50.855323894440353 ], [ 2.117018404608837, 50.855342211057305 ], [ 2.116990790102988, 50.855346279588147 ], [ 2.116893183452467, 50.855396437747764 ], [ 2.116754512116605, 50.855554390477984 ], [ 2.116640232061347, 50.855707270770608 ], [ 2.11634341873721, 50.856021095409496 ], [ 2.116312510747222, 50.856038513499904 ], [ 2.116252296972922, 50.856074361994679 ], [ 2.116175850335088, 50.856105050423245 ], [ 2.116164497989225, 50.856109133988035 ], [ 2.116055694447537, 50.856118171967019 ], [ 2.115982707591641, 50.85610880567183 ], [ 2.11577505228704, 50.856082748648625 ], [ 2.115549693508878, 50.856025835634803 ], [ 2.115546440717137, 50.856024811574542 ], [ 2.115408692839285, 50.855978329557168 ], [ 2.114915988400074, 50.855817177655396 ], [ 2.114564267514363, 50.855704571870881 ], [ 2.113875461337061, 50.855483465211307 ], [ 2.113685810694883, 50.855426622442195 ], [ 2.113526872383366, 50.855399626800605 ], [ 2.113345096274331, 50.855395190713331 ], [ 2.113221629036456, 50.855422700076979 ], [ 2.113181011224651, 50.855430839320299 ], [ 2.112821559662942, 50.855595584821621 ], [ 2.112766305863427, 50.855606782840191 ], [ 2.112753332698516, 50.855605729549644 ], [ 2.112709534493422, 50.855603595975921 ], [ 2.112673878770959, 50.855592231272794 ], [ 2.112672227892962, 50.855592239539234 ], [ 2.11265450230113, 50.85556961134067 ], [ 2.112654688035636, 50.85552645045513 ], [ 2.112669323113909, 50.855518266543136 ], [ 2.112703502189699, 50.855495727591354 ], [ 2.112978406222688, 50.855366776319983 ], [ 2.11308083539319, 50.85532586452431 ], [ 2.113183282516066, 50.855283931771865 ], [ 2.113197905732843, 50.855279851726003 ], [ 2.113324685303457, 50.855243096878347 ], [ 2.113420490216903, 50.855236090889761 ], [ 2.113483748142871, 50.855242366549504 ], [ 2.113574603129785, 50.855250740314261 ], [ 2.113718923474403, 50.855279774052178 ], [ 2.113889113513075, 50.855332474515194 ], [ 2.115704429714194, 50.855901811346158 ], [ 2.115881182067104, 50.855943224506532 ], [ 2.115985012051229, 50.855952649473998 ], [ 2.116093827066122, 50.85593948760895 ], [ 2.116188129993365, 50.855901658746411 ], [ 2.116202801074276, 50.85589141266815 ], [ 2.116266302170082, 50.855844256426387 ], [ 2.116285892135101, 50.855818610134016 ], [ 2.116382244583154, 50.855682159266692 ], [ 2.116484996646285, 50.8555744617248 ], [ 2.116711831195726, 50.85530058017747 ], [ 2.116717026782235, 50.855224562627789 ], [ 2.116717291119012, 50.855162924219002 ], [ 2.116707888490206, 50.855093049305481 ], [ 2.116703092377007, 50.855075578259324 ], [ 2.11659493876425, 50.854940800621584 ], [ 2.116583620260319, 50.854927427390429 ], [ 2.116577198380123, 50.854912006828677 ], [ 2.116504914083748, 50.854745451967744 ], [ 2.116447635982053, 50.854487473792709 ], [ 2.116427097633788, 50.854361084574379 ], [ 2.116416009336736, 50.854298404657115 ], [ 2.116399907606848, 50.854268581406025 ], [ 2.116367746212566, 50.854204831171323 ], [ 2.116288392803907, 50.854161526672002 ], [ 2.116207283835648, 50.854150080892659 ], [ 2.116109985843051, 50.854134496307346 ], [ 2.115873193844944, 50.854097101776418 ], [ 2.115681825368533, 50.854059768842383 ], [ 2.115516421852977, 50.854028645784389 ], [ 2.115260295626471, 50.853959361750817 ], [ 2.115210035319627, 50.853945912122235 ], [ 2.11514360267714, 50.853917032644802 ], [ 2.114942722751436, 50.853833445757857 ], [ 2.114787212512083, 50.853763313659215 ], [ 2.114686787906876, 50.853718957554342 ], [ 2.114411645233255, 50.853549979010552 ], [ 2.114094244434725, 50.853392210726454 ], [ 2.113841368756713, 50.853315739715207 ], [ 2.113739254103812, 50.85328576491461 ], [ 2.113710062370213, 50.853280572435658 ], [ 2.113502468252447, 50.853248345825207 ], [ 2.11330459439549, 50.853216147982486 ], [ 2.11329001365482, 50.853210979275467 ], [ 2.113186369848219, 50.853165578004933 ], [ 2.113118438832286, 50.853111021547249 ], [ 2.113116824987906, 50.85310894803893 ], [ 2.113107169979854, 50.853091482255564 ], [ 2.113037930771881, 50.852971151871593 ], [ 2.112960273846324, 50.852913483103976 ], [ 2.112861604309178, 50.852839328670228 ], [ 2.11262022391035, 50.852737191628499 ], [ 2.112333435410818, 50.852635991930136 ], [ 2.112146983529844, 50.852592502381576 ], [ 2.111879450589464, 50.852529336020623 ], [ 2.111759433982287, 50.852512685195457 ], [ 2.111553452327064, 50.852484570802929 ], [ 2.111305084192764, 50.85249026735719 ], [ 2.111176756429594, 50.852514697136208 ], [ 2.111092230276987, 50.852544344020068 ], [ 2.111067857429758, 50.852553539388623 ], [ 2.1109768812452, 50.852572890115454 ], [ 2.110879382382048, 50.852596338314882 ], [ 2.110691039948819, 50.852614493685522 ], [ 2.110582285385379, 50.852614278162271 ], [ 2.1104250747213, 50.85256981354383 ], [ 2.110266316498738, 50.85250069345291 ], [ 2.11018864582937, 50.852454313895791 ], [ 2.110049450026159, 50.852369817926693 ], [ 2.109934633836855, 50.85227920972153 ], [ 2.109802022253854, 50.85217520123561 ], [ 2.109418874113901, 50.851848825539612 ], [ 2.109233066184838, 50.851666639651377 ], [ 2.10874836630129, 50.851187005483922 ], [ 2.108324464807123, 50.850904738158825 ], [ 2.107731965326352, 50.850577979588323 ], [ 2.106952900442887, 50.850237489005615 ], [ 2.106242817919391, 50.850073842149065 ], [ 2.105355590586901, 50.849964314335203 ], [ 2.105031166976095, 50.849931855225101 ], [ 2.104744180799902, 50.849875840681584 ], [ 2.104398563138369, 50.849862867061226 ], [ 2.103932690283448, 50.84987943792666 ], [ 2.103447321790919, 50.849904215048838 ], [ 2.102902242857096, 50.849860032792371 ], [ 2.10259597854105, 50.84975772892065 ], [ 2.10238704971529, 50.849664874018686 ], [ 2.102170329207629, 50.849507278682871 ], [ 2.102003968429962, 50.849343619454693 ], [ 2.101836046390137, 50.849161450410158 ], [ 2.101500080009704, 50.848822816023727 ], [ 2.101225348996813, 50.848578815429235 ], [ 2.101008422731437, 50.84846540002863 ], [ 2.10083176547809, 50.848415737628471 ], [ 2.100682461592446, 50.848415461080457 ], [ 2.100544458621651, 50.848427518051494 ], [ 2.100455181313524, 50.848432479214985 ], [ 2.100356285829936, 50.848414828557601 ], [ 2.100272089971782, 50.848368435376429 ], [ 2.100076160041742, 50.848280735209379 ], [ 2.099858915019993, 50.848236143981218 ], [ 2.099600955441871, 50.848217164173953 ], [ 2.099255351391038, 50.848204157151464 ], [ 2.098900104692041, 50.848171640209394 ], [ 2.098632732183256, 50.848089948274236 ], [ 2.098483831260284, 50.848001324813794 ], [ 2.098406280745045, 50.847932336150073 ], [ 2.098338843989111, 50.847782220066314 ], [ 2.098308834157189, 50.847607509959495 ], [ 2.098241522794237, 50.847099879856223 ], [ 2.098116434471398, 50.846452412802314 ], [ 2.09801896675277, 50.84613579361595 ], [ 2.098258927121954, 50.846179411259321 ], [ 2.098458351516143, 50.846216769355969 ], [ 2.098579936403406, 50.846238589411577 ], [ 2.098730712218697, 50.846273813507352 ], [ 2.098871708497625, 50.846309006764713 ], [ 2.099082389090332, 50.84636796660115 ], [ 2.099143955515939, 50.846392755713502 ], [ 2.09928962043237, 50.846474188131054 ], [ 2.099336496933299, 50.846510242299473 ], [ 2.099438304433279, 50.846596722980472 ], [ 2.099476986041214, 50.846658443437072 ], [ 2.099512252473013, 50.846746865746454 ], [ 2.099542254186707, 50.846920534676812 ], [ 2.099549896809655, 50.847017125709357 ], [ 2.099560841970331, 50.847103450368508 ], [ 2.099609173906757, 50.847177512614209 ], [ 2.099641371508254, 50.847236123088855 ], [ 2.099667154151981, 50.847274186879993 ], [ 2.099718771150004, 50.847333878506262 ], [ 2.099852835772163, 50.84746563634846 ], [ 2.100001541875715, 50.847592274540666 ], [ 2.100067812284785, 50.847647887794302 ], [ 2.100138985992646, 50.847699392304179 ], [ 2.100234438547374, 50.847757098039011 ], [ 2.100339665756832, 50.847811751164024 ], [ 2.100386563067668, 50.847846764086086 ], [ 2.100538731990707, 50.847927201105698 ], [ 2.100703846888214, 50.848016900434651 ], [ 2.10082689943072, 50.84807466470636 ], [ 2.100961359495384, 50.848125263966367 ], [ 2.101107190331256, 50.848170739937096 ], [ 2.10130175250533, 50.848212202841303 ], [ 2.101411998858276, 50.84823091557292 ], [ 2.101580607258637, 50.848269247977576 ], [ 2.101789679854641, 50.848328191926022 ], [ 2.10212189538302, 50.848426420818782 ], [ 2.102436250286425, 50.848528724329874 ], [ 2.103131457613326, 50.848742716299057 ], [ 2.103230292044131, 50.848775779551033 ], [ 2.103515425458226, 50.848885217251905 ], [ 2.103868506944827, 50.84903382114323 ], [ 2.104250791147056, 50.849188639829158 ], [ 2.104375526191556, 50.849238184413601 ], [ 2.104492168189533, 50.849280543668904 ], [ 2.104581285853333, 50.84930843094326 ], [ 2.104693186163458, 50.849327152605468 ], [ 2.104904090920478, 50.849343982722061 ], [ 2.105119936265142, 50.84933924660811 ], [ 2.105259640664346, 50.849315885619568 ], [ 2.105388006431689, 50.849282212968944 ], [ 2.10568221007799, 50.849184145546815 ], [ 2.105774888772356, 50.849141167447485 ], [ 2.105869112513638, 50.849122864746221 ], [ 2.105966557770605, 50.84911071114081 ], [ 2.106344679009878, 50.849112442202895 ], [ 2.106591276176717, 50.84912626218911 ], [ 2.106909430713711, 50.849112486727961 ], [ 2.107044218963107, 50.849092191577633 ], [ 2.107232567825097, 50.849078145786827 ], [ 2.107399618776781, 50.849097980810811 ], [ 2.107526166240558, 50.849104392573842 ], [ 2.107625102437616, 50.849119975758491 ], [ 2.107702832930445, 50.849154025434849 ], [ 2.107808034447855, 50.849221004079645 ], [ 2.107935749963556, 50.849328083249404 ], [ 2.108231796601836, 50.849528958366911 ], [ 2.108458347238876, 50.849671158116479 ], [ 2.108853311629772, 50.849895842033881 ], [ 2.109366432502095, 50.85018649331662 ], [ 2.109656179880349, 50.850350383278482 ], [ 2.109861745665116, 50.850475073218306 ], [ 2.109917024553855, 50.850453606478759 ], [ 2.109956176599449, 50.850407440298454 ], [ 2.109891432510991, 50.850368279732209 ], [ 2.109763570626428, 50.850293053148214 ], [ 2.109609814070093, 50.850199283309024 ], [ 2.109541830604347, 50.850160119421346 ], [ 2.10922935075588, 50.849999269817026 ], [ 2.108873183248951, 50.849806495791398 ], [ 2.108400506004251, 50.849546741856422 ], [ 2.108301758429649, 50.849493123082738 ], [ 2.108070526254365, 50.849311890965261 ], [ 2.107924967147425, 50.849202722266917 ], [ 2.107797147994622, 50.849115161614293 ], [ 2.107735622458282, 50.849084230986925 ], [ 2.107599520699572, 50.849037751480537 ], [ 2.107513550471602, 50.849025244078007 ], [ 2.107375675757647, 50.849014727189932 ], [ 2.10718578121405, 50.84901436789302 ], [ 2.107049440670231, 50.849022339902803 ], [ 2.106937398838292, 50.849035470821924 ], [ 2.10680586870608, 50.849049623113721 ], [ 2.10663869546784, 50.849050326720992 ], [ 2.10649426785791, 50.849049031047578 ], [ 2.106343422285552, 50.849032313983599 ], [ 2.106041571287664, 50.849031750661119 ], [ 2.105942555646034, 50.849037726962948 ], [ 2.105846748894892, 50.849048851276947 ], [ 2.105687495648842, 50.849093754078915 ], [ 2.105508655597981, 50.849162239544867 ], [ 2.105355850417132, 50.849212293247085 ], [ 2.105287623863923, 50.849229641077393 ], [ 2.105162560109067, 50.849247902079178 ], [ 2.105019708685259, 50.849255845142515 ], [ 2.104870420914772, 50.849254532709104 ], [ 2.10478767172805, 50.849248212661365 ], [ 2.104692000559499, 50.849234672680815 ], [ 2.104649846812401, 50.849226381940056 ], [ 2.104583389450421, 50.849204683483904 ], [ 2.104521785213975, 50.84919018694913 ], [ 2.104316032517232, 50.849117878316306 ], [ 2.103945100169419, 50.848964102383746 ], [ 2.103731275014527, 50.848878441558611 ], [ 2.103263125200349, 50.848698779385053 ], [ 2.103235581723585, 50.848690513205533 ], [ 2.102935808941477, 50.848591319689064 ], [ 2.102281143226292, 50.848383584519382 ], [ 2.102052651253472, 50.848313290379757 ], [ 2.101918152110346, 50.84826987915676 ], [ 2.101741499993125, 50.848223321141788 ], [ 2.101511333554284, 50.848161242065849 ], [ 2.101287615375839, 50.84810943919301 ], [ 2.101110870021601, 50.848083419945112 ], [ 2.101034678004051, 50.848062730396975 ], [ 2.100979618266471, 50.848037969066397 ], [ 2.100922901262482, 50.848020382875468 ], [ 2.100715645793181, 50.847923432868932 ], [ 2.100691362209092, 50.847909003505592 ], [ 2.100590986783672, 50.847861552809057 ], [ 2.100466309705765, 50.847800693498542 ], [ 2.100369156093835, 50.847754266860903 ], [ 2.100251052865742, 50.84767801947455 ], [ 2.100131387008428, 50.84758842746011 ], [ 2.10002794465349, 50.84750089440459 ], [ 2.099924559880703, 50.847400008609675 ], [ 2.099864774739507, 50.847347505288532 ], [ 2.099788811463164, 50.847283673986745 ], [ 2.099691988256402, 50.847171504166568 ], [ 2.099656810613399, 50.847059459165514 ], [ 2.099639348088195, 50.846980314613212 ], [ 2.099623607886179, 50.846873434940491 ], [ 2.099622265976924, 50.846818991203484 ], [ 2.09960979611166, 50.846712115102129 ], [ 2.099603386756083, 50.846694651512543 ], [ 2.099582514791237, 50.846645291887327 ], [ 2.099547071069321, 50.846593845032096 ], [ 2.099497037545359, 50.846536226746281 ], [ 2.099413009587887, 50.846462086683601 ], [ 2.0992803465821, 50.846376564196618 ], [ 2.099192858281064, 50.846343519823449 ], [ 2.098880137182146, 50.846243282312301 ], [ 2.098846111330943, 50.846231905285066 ], [ 2.098760185048334, 50.8462173502555 ], [ 2.098434317161257, 50.846153032352653 ], [ 2.098123040488301, 50.846089760085327 ], [ 2.097994977682486, 50.846062807646923 ], [ 2.097990188977573, 50.846045335658921 ], [ 2.097853219372404, 50.84584472598219 ], [ 2.097743254931219, 50.845763369996057 ], [ 2.097359423033812, 50.845605436933965 ], [ 2.097082406702057, 50.845505253071586 ], [ 2.096766911294335, 50.845310455853685 ], [ 2.096600442144077, 50.845171452343592 ], [ 2.096471411498245, 50.845008876187244 ], [ 2.096382986872754, 50.844840227860352 ], [ 2.096288130443808, 50.844657158467584 ], [ 2.096227035421334, 50.844538898093603 ], [ 2.096090186557152, 50.844313642231036 ], [ 2.095941847128482, 50.844117131556352 ], [ 2.095715672891938, 50.84391018617147 ], [ 2.095301953237486, 50.84356420182791 ], [ 2.095036779596385, 50.843369504462274 ], [ 2.094897809086048, 50.843250057157128 ], [ 2.094859425465334, 50.843131840605842 ], [ 2.094801613618423, 50.843006395853834 ], [ 2.094791134871651, 50.842830704210961 ], [ 2.094822959661072, 50.842624268669596 ], [ 2.094783195255772, 50.84246083673095 ], [ 2.094725255303596, 50.842361076574939 ], [ 2.094655726437709, 50.84231060160343 ], [ 2.094557103543367, 50.842241576904847 ], [ 2.094429416419643, 50.842135504104739 ], [ 2.094380986632751, 50.842086083141716 ], [ 2.094280682375386, 50.842022191129608 ], [ 2.094114483022625, 50.84183387605021 ], [ 2.093939449196084, 50.841792423628824 ], [ 2.093932926616717, 50.841796520366763 ] ] ] ] } },
{ "type": "Feature", "properties": { "fid": 19, "CODE_AZI": "AZI15", "VALLEE": "Hem", "ANNEE": "2003", "CODE_CRUE": "2", "NATURE": "Crue centennale" }, "geometry": { "type": "MultiPolygon", "coordinates": [ [ [ [ 2.083749645121608, 50.832480546738751 ], [ 2.083747995370405, 50.832480534609523 ], [ 2.083963172058457, 50.832600156500106 ], [ 2.084288534534397, 50.832744652127033 ], [ 2.084476413239398, 50.832806674129628 ], [ 2.084584917562556, 50.832844909242795 ], [ 2.084691757883857, 50.832887256229178 ], [ 2.084772547393717, 50.832957280136021 ], [ 2.084811036055861, 50.833044671317452 ], [ 2.084878755724318, 50.833125970711507 ], [ 2.085064622172388, 50.833262993213459 ], [ 2.085300866944609, 50.833388813412363 ], [ 2.085438458814263, 50.833445599844488 ], [ 2.08553898098817, 50.833464295715508 ], [ 2.085696264107268, 50.833476941368644 ], [ 2.085806542345479, 50.833488481256403 ], [ 2.085699889659471, 50.833404013879033 ], [ 2.08552696905539, 50.833269069377806 ], [ 2.085321720070923, 50.833112505609208 ], [ 2.085302329911998, 50.833100130865844 ], [ 2.085132553626819, 50.832988832826764 ], [ 2.084910991227568, 50.832845582195858 ], [ 2.08473780416255, 50.832767131942141 ], [ 2.084548291659703, 50.832709222523249 ], [ 2.084302052806126, 50.832638863778108 ], [ 2.083969951542921, 50.832543668825622 ], [ 2.083749645121608, 50.832480546738751 ] ] ] ] } },
{ "type": "Feature", "properties": { "fid": 20, "CODE_AZI": "AZI15", "VALLEE": "Hem", "ANNEE": "2003", "CODE_CRUE": "2", "NATURE": "Crue centennale" }, "geometry": { "type": "MultiPolygon", "coordinates": [ [ [ [ 2.11496141068039, 50.877206968047574 ], [ 2.116334340371259, 50.877754933678212 ], [ 2.11710163003444, 50.877932991980401 ], [ 2.118440015516052, 50.878220964337068 ], [ 2.118864765436936, 50.878377871661705 ], [ 2.118622170425019, 50.878522294674823 ], [ 2.116125959378237, 50.878970863650011 ], [ 2.115937887578855, 50.879265368710307 ], [ 2.116206966499923, 50.87901107516231 ], [ 2.117742491295028, 50.878789871139489 ], [ 2.119036159857744, 50.878545619576073 ], [ 2.119158660021859, 50.878383531587112 ], [ 2.119014887284391, 50.878213756872086 ], [ 2.117221914889129, 50.877903414973055 ], [ 2.116370508156989, 50.877655335823583 ], [ 2.11496141068039, 50.877206968047574 ] ] ] ] } },
{ "type": "Feature", "properties": { "fid": 21, "CODE_AZI": "AZI15", "VALLEE": "Hem", "ANNEE": "2003", "CODE_CRUE": "1", "NATURE": "Crue décennale" }, "geometry": { "type": "MultiPolygon", "coordinates": [ [ [ [ 2.085951266558839, 50.833420953140084 ], [ 2.085927031635576, 50.833404478841246 ], [ 2.085847791368336, 50.833349862748655 ], [ 2.085731408501736, 50.833269488235672 ], [ 2.085678026978985, 50.833234461428354 ], [ 2.085616596006713, 50.833190146160462 ], [ 2.085577810415119, 50.833162333615775 ], [ 2.085482464041893, 50.833091242467823 ], [ 2.085395094906138, 50.833041751672312 ], [ 2.085312595831751, 50.832993297571754 ], [ 2.085257607183941, 50.832959299827763 ], [ 2.085233427290362, 50.832931494265829 ], [ 2.085217383717081, 50.832896541095003 ], [ 2.085217526947368, 50.832863668731378 ], [ 2.085286515175791, 50.832695323447894 ], [ 2.085272326338489, 50.832614116838428 ], [ 2.085280601527921, 50.832584347242687 ], [ 2.085271275028137, 50.832506259443186 ], [ 2.08513392331478, 50.8323981022317 ], [ 2.085033629080396, 50.832340367944809 ], [ 2.084841030133801, 50.832247500716925 ], [ 2.084693905201117, 50.832147539610929 ], [ 2.084651409459354, 50.831888564200099 ], [ 2.084597549039472, 50.831314163941904 ], [ 2.084533250047964, 50.830564047309018 ], [ 2.08449165876354, 50.830127336424304 ], [ 2.084470470014793, 50.829510871327351 ], [ 2.084540289814474, 50.829180205793982 ], [ 2.084689096259577, 50.828944196464619 ], [ 2.085019831002648, 50.828665437733214 ], [ 2.085303123303131, 50.828464649944642 ], [ 2.085748137408774, 50.828036113734719 ], [ 2.086123653613488, 50.82756326116511 ], [ 2.086329984999966, 50.827176356158553 ], [ 2.086545619595794, 50.826559342684526 ], [ 2.086691358509244, 50.825966841705025 ], [ 2.086814961817018, 50.825580810156652 ], [ 2.087062476629236, 50.825067614524478 ], [ 2.08719405644465, 50.824706245859225 ], [ 2.087338890666634, 50.824616132993171 ], [ 2.087446447068719, 50.824514635509459 ], [ 2.0875002344225, 50.824463376269662 ], [ 2.087526620182988, 50.824380203704045 ], [ 2.087501216869335, 50.824272286784968 ], [ 2.087443387076994, 50.824155043002811 ], [ 2.087395046474881, 50.824095367878492 ], [ 2.087303094845392, 50.823991408012709 ], [ 2.0872044528796, 50.823932645650089 ], [ 2.086948814277722, 50.823803701747046 ], [ 2.086658921210827, 50.823713746629707 ], [ 2.086553600737212, 50.823687848677814 ], [ 2.086302611811867, 50.823607207213037 ], [ 2.086030615460359, 50.823505970064581 ], [ 2.08582175483191, 50.82342539636376 ], [ 2.085745536293394, 50.823425257562747 ], [ 2.085303498171347, 50.823269215749043 ], [ 2.085146550268139, 50.823194928050775 ], [ 2.085054193685099, 50.823175210260523 ], [ 2.084937482845542, 50.823157515814977 ], [ 2.084832056215762, 50.82315421890678 ], [ 2.084647390285243, 50.823105553611477 ], [ 2.084456274302027, 50.823053797502304 ], [ 2.084321839763037, 50.823011386873205 ], [ 2.084227918644506, 50.822980385332272 ], [ 2.084189061743813, 50.822966946163312 ], [ 2.083810155692442, 50.822838771181111 ], [ 2.083149234194245, 50.82266996030615 ], [ 2.08305044597484, 50.822637900982677 ], [ 2.08255655531831, 50.822476622511658 ], [ 2.082235914585532, 50.822378362067383 ], [ 2.081132990085112, 50.822053485832356 ], [ 2.080235759147891, 50.821788598662373 ], [ 2.079673854191095, 50.821610729694648 ], [ 2.079328933859211, 50.82150111065355 ], [ 2.079085988456854, 50.821432786358933 ], [ 2.078687574153339, 50.821316883998946 ], [ 2.078537103361258, 50.821246719761994 ], [ 2.078096410639099, 50.820841002907756 ], [ 2.077998167934996, 50.820705175956029 ], [ 2.077439250855631, 50.819959149369708 ], [ 2.077107346151649, 50.819534152726483 ], [ 2.076597919634612, 50.818946431573089 ], [ 2.076542724279064, 50.818954551334386 ], [ 2.076355916941112, 50.819006542023374 ], [ 2.076371886136648, 50.819054870504331 ], [ 2.076492872885303, 50.81917943585502 ], [ 2.076463536779802, 50.819208148450947 ], [ 2.076485298789963, 50.819391059572503 ], [ 2.07652078211117, 50.819428120800431 ], [ 2.076732247829221, 50.819620686349985 ], [ 2.076895196577154, 50.819782320285078 ], [ 2.077064608119479, 50.819956314609108 ], [ 2.077193492336028, 50.820119938035226 ], [ 2.077298323472795, 50.820236254276026 ], [ 2.07739173619929, 50.82036383762091 ], [ 2.077462601205077, 50.820458519980789 ], [ 2.077544762915724, 50.820563476486605 ], [ 2.077610812612488, 50.820650955649171 ], [ 2.077659064809677, 50.820731175626392 ], [ 2.077678221182861, 50.820785673761328 ], [ 2.077677778681772, 50.820870938832307 ], [ 2.077656321711224, 50.820942814617958 ], [ 2.077594477031168, 50.82098173757079 ], [ 2.077521348165155, 50.82101136740495 ], [ 2.077454780105765, 50.821021505534652 ], [ 2.077284444305119, 50.821031415746994 ], [ 2.07717582563124, 50.821020921251844 ], [ 2.077057373204851, 50.821026830885678 ], [ 2.076942009777373, 50.82106563734559 ], [ 2.076762506883749, 50.821275866473087 ], [ 2.076677848924429, 50.821334240228609 ], [ 2.076570669139843, 50.82135662991849 ], [ 2.07644737781797, 50.821361502076108 ], [ 2.07623695631152, 50.821275774992579 ], [ 2.076084870243719, 50.821205595788669 ], [ 2.075932750614094, 50.821140561469619 ], [ 2.075772559193334, 50.821069320711956 ], [ 2.075678598226216, 50.821047561858499 ], [ 2.075603203966921, 50.821196357234115 ], [ 2.075509909159104, 50.821353348338029 ], [ 2.075336987471351, 50.821541000782062 ], [ 2.075258424274345, 50.821674396415368 ], [ 2.07521864333932, 50.821836629380506 ], [ 2.075149763622226, 50.821978265215471 ], [ 2.075054178524497, 50.82226881698255 ], [ 2.07457535470983, 50.824173592617875 ], [ 2.074568113898436, 50.824312261908759 ], [ 2.074573713262613, 50.824481798259981 ], [ 2.074666344078597, 50.824757329485841 ], [ 2.074759333112811, 50.824964032273186 ], [ 2.074820082656995, 50.825131615505725 ], [ 2.074864505434261, 50.825319718697997 ], [ 2.074918917953327, 50.825461628356095 ], [ 2.074987839666012, 50.825616899307235 ], [ 2.075095209260733, 50.825868834727395 ], [ 2.075296121558281, 50.826218564004243 ], [ 2.075511722242092, 50.826553946870305 ], [ 2.075806750541172, 50.826899768404203 ], [ 2.075929407857923, 50.827019199776153 ], [ 2.076139471245471, 50.827176837620392 ], [ 2.076325486374071, 50.827276877874645 ], [ 2.076589465700702, 50.827360658319797 ], [ 2.076992784909408, 50.827479665459585 ], [ 2.077397624658266, 50.827614058287992 ], [ 2.077661387895851, 50.827737895877426 ], [ 2.07790252306743, 50.827846289773305 ], [ 2.078189018831242, 50.827970174273524 ], [ 2.078405748533913, 50.828094943568857 ], [ 2.0784769015149, 50.82813823359804 ], [ 2.078615709285981, 50.828272076108064 ], [ 2.078662339270978, 50.828351281670741 ], [ 2.07871535423683, 50.82845207647523 ], [ 2.078863697609526, 50.828623968020835 ], [ 2.079034886402883, 50.828768159649869 ], [ 2.079175684079829, 50.828837269819097 ], [ 2.079334381986628, 50.828890015184989 ], [ 2.079345665832125, 50.828904413201407 ], [ 2.079497071021713, 50.829114305326087 ], [ 2.079522836057885, 50.829150332307613 ], [ 2.079542083724324, 50.82919351851487 ], [ 2.079546790088687, 50.829223323731803 ], [ 2.079553053386876, 50.829266474085863 ], [ 2.079547751633268, 50.829348659024873 ], [ 2.079584709417193, 50.829420645341663 ], [ 2.079828663922212, 50.829612241009052 ], [ 2.080001741121636, 50.829712259828725 ], [ 2.080118173277145, 50.829782370126949 ], [ 2.080165061283029, 50.829811225365724 ], [ 2.080265455127953, 50.829846361510889 ], [ 2.080362603135277, 50.829883555746406 ], [ 2.080437161110886, 50.829898100239056 ], [ 2.080531155136234, 50.82991575112127 ], [ 2.080646069181241, 50.829970453965991 ], [ 2.080803050788287, 50.830043705632804 ], [ 2.080890420075918, 50.830086012606806 ], [ 2.081194241874704, 50.830310620135002 ], [ 2.081342875901098, 50.830434200965321 ], [ 2.081491370002543, 50.830580403646891 ], [ 2.081720447427414, 50.83082744220053 ], [ 2.081831774572891, 50.830947864481644 ], [ 2.081851160203321, 50.830965385032698 ], [ 2.082020996011382, 50.831064355853883 ], [ 2.082096550243388, 50.831201151291957 ], [ 2.082133755958612, 50.831216640840474 ], [ 2.082219758635947, 50.831213730632413 ], [ 2.082263491063538, 50.831228207126252 ], [ 2.082300727400761, 50.831243696849327 ], [ 2.082368454781825, 50.831320893753862 ], [ 2.08239745237367, 50.831364091082513 ], [ 2.082441089890235, 50.831397065664198 ], [ 2.082491233663254, 50.83142181970382 ], [ 2.082646657413935, 50.831483785876934 ], [ 2.082794025168318, 50.831538545273872 ], [ 2.082954220273906, 50.831616942868116 ], [ 2.08311914789239, 50.831727207485933 ], [ 2.08324039270888, 50.831808621471247 ], [ 2.08331943394605, 50.831897132440005 ], [ 2.083367618269289, 50.831993804928189 ], [ 2.083381919986828, 50.832050347577258 ], [ 2.083518878991215, 50.832239666528864 ], [ 2.083589382613376, 50.832407275019342 ], [ 2.083660579409177, 50.832445416811829 ], [ 2.083683252344429, 50.83245369176931 ], [ 2.083749645121608, 50.832480546738751 ], [ 2.083969951542921, 50.832543668825622 ], [ 2.084302052806126, 50.832638863778108 ], [ 2.084548291659703, 50.832709222523249 ], [ 2.08473780416255, 50.832767131942141 ], [ 2.084910991227568, 50.832845582195858 ], [ 2.085132553626819, 50.832988832826764 ], [ 2.085302329911998, 50.833100130865844 ], [ 2.085321720070923, 50.833112505609208 ], [ 2.08552696905539, 50.833269069377806 ], [ 2.085699889659471, 50.833404013879033 ], [ 2.085806542345479, 50.833488481256403 ], [ 2.085825925990739, 50.833502897937819 ], [ 2.085975513016512, 50.833438468575487 ], [ 2.085951266558839, 50.833420953140084 ] ], [ [ 2.084998639673548, 50.824848706647259 ], [ 2.084956289144694, 50.824882510745049 ], [ 2.084903995487335, 50.824960487320894 ], [ 2.084822691598064, 50.824999370806196 ], [ 2.084728578333633, 50.825005346394065 ], [ 2.084511219875662, 50.825004890780221 ], [ 2.084305164149085, 50.825017831545878 ], [ 2.084139574276032, 50.825043181869283 ], [ 2.083912368850263, 50.825063254027519 ], [ 2.083570133443942, 50.825055371923156 ], [ 2.08331104963392, 50.824969559831331 ], [ 2.083136479148939, 50.824844888452851 ], [ 2.082952370345163, 50.824687312802091 ], [ 2.08286845793502, 50.824601867870875 ], [ 2.082684763392856, 50.824365193338103 ], [ 2.082572114627985, 50.824189283624222 ], [ 2.082448099749215, 50.824018495420638 ], [ 2.082408276693394, 50.823874574135615 ], [ 2.082408711164303, 50.823789309441828 ], [ 2.082449776336902, 50.823690749930698 ], [ 2.082648509418888, 50.823528844784974 ], [ 2.082803172096841, 50.823416145976537 ], [ 2.082897325513279, 50.823397839423919 ], [ 2.083207620334873, 50.823306025882147 ], [ 2.08339288187951, 50.823235514748241 ], [ 2.083495285756713, 50.823198729312267 ], [ 2.083641507238065, 50.823149733124858 ], [ 2.083821790026978, 50.823100787016664 ], [ 2.084177171962464, 50.823070685897797 ], [ 2.084271125985103, 50.823096562426002 ], [ 2.084588534956927, 50.823199939027397 ], [ 2.085155444685007, 50.823358301766305 ], [ 2.086358688439146, 50.823744979957006 ], [ 2.086874941983061, 50.823976158595841 ], [ 2.087030180283571, 50.824074075813158 ], [ 2.087070424678171, 50.82413375182702 ], [ 2.087081422844075, 50.824205686387423 ], [ 2.087048520740225, 50.824296018560467 ], [ 2.086924616312187, 50.82442112035919 ], [ 2.086810790452929, 50.824479447086205 ], [ 2.086656588865907, 50.824498657805727 ], [ 2.086397156325951, 50.824478617207376 ], [ 2.086230144485199, 50.824464919700354 ], [ 2.086087328021676, 50.824477986801242 ], [ 2.085983349329365, 50.824510638502652 ], [ 2.085879370135383, 50.824543310133542 ], [ 2.085858056941121, 50.824589501470484 ], [ 2.085857902275205, 50.824621353115255 ], [ 2.085919285616505, 50.824667710676451 ], [ 2.085971046005686, 50.824700683915289 ], [ 2.08600324344614, 50.824745946423882 ], [ 2.085950932531706, 50.824824964386558 ], [ 2.085815934422426, 50.824896588709144 ], [ 2.085648705642563, 50.824928095351773 ], [ 2.085484902480801, 50.824922628854758 ], [ 2.085350332545784, 50.82490900812298 ], [ 2.085164094536494, 50.824849040619128 ], [ 2.085071694658659, 50.824836530012242 ], [ 2.084998639673548, 50.824848706647259 ] ] ] ] } },
{ "type": "Feature", "properties": { "fid": 22, "CODE_AZI": "AZI15", "VALLEE": "Hem", "ANNEE": "2003", "CODE_CRUE": "2", "NATURE": "Crue centennale" }, "geometry": { "type": "MultiPolygon", "coordinates": [ [ [ [ 2.122838688306376, 50.878670440306628 ], [ 2.122607474684269, 50.878816932873221 ], [ 2.122420250179003, 50.878924477677934 ], [ 2.122312934408244, 50.87895921569929 ], [ 2.121911857155302, 50.878954409965068 ], [ 2.121246250955111, 50.878912145431229 ], [ 2.120450471967876, 50.878931297811526 ], [ 2.119631650073528, 50.879022310188603 ], [ 2.119298062312971, 50.879180945853065 ], [ 2.119282745880432, 50.879340147481749 ], [ 2.119671781716311, 50.879499041559846 ], [ 2.120368049820922, 50.879587594015739 ], [ 2.120886002680877, 50.879598773970024 ], [ 2.121662855010039, 50.879825116203527 ], [ 2.122043637018336, 50.880020959316525 ], [ 2.122350771046171, 50.880344082765141 ], [ 2.12241498539656, 50.88051881824444 ], [ 2.122382411112961, 50.880912218114538 ], [ 2.122516147410739, 50.880408045601961 ], [ 2.122345549049566, 50.880051291234764 ], [ 2.122070923292479, 50.879717966711809 ], [ 2.121959942738918, 50.879472255126487 ], [ 2.122023767847876, 50.879359358031451 ], [ 2.122194978366089, 50.879197350046269 ], [ 2.122570952028739, 50.879001789977131 ], [ 2.122789455450383, 50.878788485331377 ], [ 2.122838670375091, 50.878671461141145 ], [ 2.122838688306376, 50.878670440306628 ] ] ] ] } },
{ "type": "Feature", "properties": { "fid": 23, "CODE_AZI": "AZI15", "VALLEE": "Hem", "ANNEE": "2003", "CODE_CRUE": "2", "NATURE": "Crue centennale" }, "geometry": { "type": "MultiPolygon", "coordinates": [ [ [ [ 1.983581858614408, 50.789669570912963 ], [ 1.983504143332176, 50.789653940085223 ], [ 1.983500939472807, 50.789650850569402 ], [ 1.983377794951383, 50.789644319209138 ], [ 1.983270850263108, 50.78963683881085 ], [ 1.983100834800633, 50.78961270556816 ], [ 1.982934143371176, 50.789575244578508 ], [ 1.982773999436963, 50.789529587790149 ], [ 1.982664028447774, 50.789492289431081 ], [ 1.982534368914361, 50.789490889699785 ], [ 1.982704141395243, 50.789550961202508 ], [ 1.982920883285914, 50.789616301469536 ], [ 1.983100516716734, 50.78965689148081 ], [ 1.983311084369832, 50.789679073312776 ], [ 1.983536430500383, 50.789675607135834 ], [ 1.983581858614408, 50.789669570912963 ] ] ] ] } },
{ "type": "Feature", "properties": { "fid": 24, "CODE_AZI": "AZI15", "VALLEE": "Hem", "ANNEE": "2003", "CODE_CRUE": "2", "NATURE": "Crue centennale" }, "geometry": { "type": "MultiPolygon", "coordinates": [ [ [ [ 2.11008566508067, 50.850485761323291 ], [ 2.110040354310568, 50.850453826594645 ], [ 2.109966964766645, 50.850532800879122 ], [ 2.110004218291123, 50.85055032393926 ], [ 2.110132153776161, 50.850611176596345 ], [ 2.110208262344688, 50.850647275061164 ], [ 2.110315156804335, 50.850696786259988 ], [ 2.110872148946811, 50.85097929574971 ], [ 2.111330435042722, 50.851198957604851 ], [ 2.11170792296058, 50.851350675491922 ], [ 2.112347822213825, 50.851607643208872 ], [ 2.113109339564961, 50.851889496658821 ], [ 2.113232475954104, 50.851936978705098 ], [ 2.113384702472374, 50.852014296711275 ], [ 2.113467259437853, 50.852057606004117 ], [ 2.113548220827973, 50.852097820858724 ], [ 2.113707018085225, 50.852159750009797 ], [ 2.113880389333665, 50.85221861946436 ], [ 2.114342434256578, 50.852334514442546 ], [ 2.114762305100578, 50.852443141278101 ], [ 2.115386418063943, 50.852612755013652 ], [ 2.1154917658521, 50.85263964839784 ], [ 2.115770555679718, 50.85272336694716 ], [ 2.115798103449165, 50.852731630312967 ], [ 2.11591149465667, 50.852784225578212 ], [ 2.116092960620365, 50.852857503385493 ], [ 2.116198245063869, 50.852901852844056 ], [ 2.116301916074474, 50.852949293815172 ], [ 2.11645902183439, 50.853022518452903 ], [ 2.116567535275769, 50.853070994502922 ], [ 2.116739240929705, 50.853148366226179 ], [ 2.116850989152192, 50.853198906945352 ], [ 2.116956275759446, 50.853248400795096 ], [ 2.117186237121473, 50.853360798566484 ], [ 2.117412931166835, 50.853483442820867 ], [ 2.117694641009178, 50.853641130090004 ], [ 2.117892161925925, 50.853752435968786 ], [ 2.117979592782152, 50.85379881959782 ], [ 2.118021629624258, 50.853834852103603 ], [ 2.118115472556877, 50.853905905132905 ], [ 2.118139617332481, 50.853951160148021 ], [ 2.11829437616837, 50.853819925420822 ], [ 2.118222977371566, 50.853817738643912 ], [ 2.118010820554352, 50.853709492832252 ], [ 2.117845703194272, 50.853613671448407 ], [ 2.117334129836916, 50.853318923967592 ], [ 2.117102559483441, 50.853202431057682 ], [ 2.116487052658356, 50.852923960245874 ], [ 2.116237599466745, 50.852809460946446 ], [ 2.115840752072603, 50.852631033803775 ], [ 2.115558722569234, 50.852547312426175 ], [ 2.115262054308379, 50.852473836643213 ], [ 2.114657367363389, 50.852320696289787 ], [ 2.11436877765167, 50.852250318720174 ], [ 2.114187233510954, 50.852200680992027 ], [ 2.113966753925562, 50.852143779325125 ], [ 2.113874403935446, 50.852109709894279 ], [ 2.113650786335368, 50.852028141114843 ], [ 2.113581183036717, 50.851986926044127 ], [ 2.11342733120496, 50.85191678378154 ], [ 2.113273449241833, 50.851846641104736 ], [ 2.113195680594516, 50.851817739876708 ], [ 2.113045010185687, 50.851763014900058 ], [ 2.112729047132491, 50.851647374293059 ], [ 2.112508673121401, 50.851565826477476 ], [ 2.11225106394609, 50.851470840064508 ], [ 2.111893002126306, 50.851333536350765 ], [ 2.11160139884583, 50.851220008280123 ], [ 2.111534984103534, 50.851187002792621 ], [ 2.111384352967413, 50.851119963889431 ], [ 2.111275867296814, 50.851070442303545 ], [ 2.111068560958713, 50.850974530789557 ], [ 2.110869355505338, 50.85087861664811 ], [ 2.110657209027841, 50.850776523824571 ], [ 2.110548712432098, 50.850725980487262 ], [ 2.110352809588534, 50.85062494397129 ], [ 2.11008566508067, 50.850485761323291 ] ] ] ] } },
{ "type": "Feature", "properties": { "fid": 25, "CODE_AZI": "AZI15", "VALLEE": "Hem", "ANNEE": "2003", "CODE_CRUE": "2", "NATURE": "Crue centennale" }, "geometry": { "type": "MultiPolygon", "coordinates": [ [ [ [ 2.06815811849662, 50.816430776046602 ], [ 2.068844585032277, 50.816049064735836 ], [ 2.0693180114676, 50.815777835285374 ], [ 2.069551391509929, 50.815808128387332 ], [ 2.06982214208297, 50.815826187007112 ], [ 2.070130302022171, 50.815821700419569 ], [ 2.070355791050277, 50.815809869158066 ], [ 2.070504515532209, 50.815898550383231 ], [ 2.070671009743254, 50.816005743171068 ], [ 2.0707563453287, 50.816117916212349 ], [ 2.070877345142971, 50.816237362478667 ], [ 2.071063186939206, 50.81636207710676 ], [ 2.07123949591189, 50.816450802870797 ], [ 2.071435330613915, 50.816529303081587 ], [ 2.071650698413643, 50.816587306988296 ], [ 2.072015367092285, 50.816637393294677 ], [ 2.072258530097338, 50.816654360142635 ], [ 2.072472481729763, 50.816678456700956 ], [ 2.072548564721324, 50.816708413785769 ], [ 2.072679393782062, 50.816810393032725 ], [ 2.072818245585065, 50.8169278078649 ], [ 2.072929819166291, 50.816987639703839 ], [ 2.073143515628979, 50.817065148876836 ], [ 2.073313646204259, 50.81709530459564 ], [ 2.073584329354533, 50.817125687299615 ], [ 2.073864798173677, 50.817148894603633 ], [ 2.074098300406443, 50.817156576409808 ], [ 2.074117493343215, 50.81720386819034 ], [ 2.074246617351205, 50.817322290157982 ], [ 2.074274123491069, 50.817334687251716 ], [ 2.074424776262522, 50.817370963226104 ], [ 2.074667898715026, 50.817400257869295 ], [ 2.07490943683158, 50.817424394910354 ], [ 2.075115226894216, 50.817455653795015 ], [ 2.075283726097098, 50.81748991897291 ], [ 2.075461830580989, 50.817549881890201 ], [ 2.075581477570984, 50.817621022893846 ], [ 2.075704212274355, 50.817716832340928 ], [ 2.075805789905302, 50.81783518833813 ], [ 2.075861819509502, 50.817971945876458 ], [ 2.07591638064988, 50.818084046821546 ], [ 2.076074274461539, 50.818285746490787 ], [ 2.076298351941608, 50.818541011791098 ], [ 2.076419423625711, 50.818654286212649 ], [ 2.076564339547046, 50.818855948911306 ], [ 2.076793447642118, 50.818771176967338 ], [ 2.076964228277213, 50.818682148501274 ], [ 2.076792728561341, 50.818601655423734 ], [ 2.076540762946937, 50.818400781129554 ], [ 2.07647774668864, 50.818354406278225 ], [ 2.076312033530013, 50.818101315772289 ], [ 2.076165594968512, 50.817878078789143 ], [ 2.07602868487645, 50.817697997074397 ], [ 2.075873477218366, 50.817607252603061 ], [ 2.075645275436941, 50.817514304629839 ], [ 2.075277412247792, 50.817458038951052 ], [ 2.075196383526819, 50.817447607249761 ], [ 2.075049050733321, 50.817396941850028 ], [ 2.074893601145453, 50.817352442485287 ], [ 2.074603537785612, 50.81730456061068 ], [ 2.074360475350912, 50.817258849172227 ], [ 2.074255288562849, 50.817218546416463 ], [ 2.074211698576549, 50.817177359916862 ], [ 2.074173048747541, 50.817130023663161 ], [ 2.073918550053389, 50.817104827828096 ], [ 2.073192623159295, 50.816979985038202 ], [ 2.072962670350219, 50.816912705766178 ], [ 2.072828633071946, 50.816802494401166 ], [ 2.072655747458837, 50.816678839979339 ], [ 2.072526409058058, 50.816603559626827 ], [ 2.072367628022843, 50.816577531523542 ], [ 2.072083924990414, 50.816554336753768 ], [ 2.071749878549886, 50.816541277208472 ], [ 2.071581388434121, 50.81651011046813 ], [ 2.071350152470421, 50.81638221531913 ], [ 2.071094475030522, 50.816272756908035 ], [ 2.070965071406949, 50.816207745101394 ], [ 2.070727691531556, 50.816016136401039 ], [ 2.070622773667591, 50.815925499888387 ], [ 2.070438453747955, 50.815819295184895 ], [ 2.070153784298758, 50.815675863105305 ], [ 2.070089066534455, 50.815645929261244 ], [ 2.070022473263636, 50.815664291875244 ], [ 2.069856918646899, 50.815690644743526 ], [ 2.06962497776163, 50.815696300515299 ], [ 2.069386657636173, 50.815680365686134 ], [ 2.069258092981574, 50.815759208645837 ], [ 2.068903385002715, 50.815975206586707 ], [ 2.068631633039002, 50.816142091728359 ], [ 2.06815811849662, 50.816430776046602 ] ] ] ] } },
{ "type": "Feature", "properties": { "fid": 26, "CODE_AZI": "AZI15", "VALLEE": "Hem", "ANNEE": "2003", "CODE_CRUE": "4", "NATURE": "non inondé" }, "geometry": { "type": "MultiPolygon", "coordinates": [ [ [ [ 2.117142012188909, 50.862608709392561 ], [ 2.116635784791874, 50.862551290927343 ], [ 2.116539947904365, 50.862559340163564 ], [ 2.116482997733986, 50.862595191563244 ], [ 2.116469680247678, 50.862667086747287 ], [ 2.116487476037426, 50.862682527682821 ], [ 2.116521528927432, 50.862689775810892 ], [ 2.116636781002779, 50.862692054026347 ], [ 2.117410720286105, 50.862776632678873 ], [ 2.117449682083327, 50.86277772933196 ], [ 2.118840737640682, 50.862811033070685 ], [ 2.118972126049735, 50.862837966899306 ], [ 2.119233011958785, 50.862940147445599 ], [ 2.121818608241699, 50.864526762115261 ], [ 2.12439165299271, 50.86604856811477 ], [ 2.125408657472371, 50.866642050195068 ], [ 2.125552717279157, 50.866738872712006 ], [ 2.125620663822883, 50.866799607105747 ], [ 2.125680335846853, 50.86689113300239 ], [ 2.125692967363947, 50.866971278351471 ], [ 2.125676320409662, 50.867069876228939 ], [ 2.125674643757767, 50.867464362502382 ], [ 2.125668504666414, 50.86775918184361 ], [ 2.125662920697154, 50.867929705971797 ], [ 2.12568375883635, 50.867993452999094 ], [ 2.125719381618566, 50.868016104273927 ], [ 2.125732376145152, 50.86801613534864 ], [ 2.125815157355635, 50.86801729642751 ], [ 2.12585093256596, 50.868005035317658 ], [ 2.12588515378188, 50.867973244619137 ], [ 2.125898417904736, 50.86790545264526 ], [ 2.125941438125273, 50.866953221776846 ], [ 2.125936921252439, 50.86687411429029 ], [ 2.125903162270684, 50.866793920910958 ], [ 2.125841840749864, 50.866707528476439 ], [ 2.125762584837688, 50.866639588046922 ], [ 2.121939508681542, 50.864352324970348 ], [ 2.119314950327684, 50.862766658259801 ], [ 2.119177232371401, 50.862706828326985 ], [ 2.118937132954827, 50.862672519980755 ], [ 2.11803628126611, 50.86265037408144 ], [ 2.117499005319782, 50.862637082297624 ], [ 2.117142012188909, 50.862608709392561 ] ] ] ] } },
{ "type": "Feature", "properties": { "fid": 27, "CODE_AZI": "AZI15", "VALLEE": "Hem", "ANNEE": "2003", "CODE_CRUE": "1", "NATURE": "Crue décennale" }, "geometry": { "type": "MultiPolygon", "coordinates": [ [ [ [ 2.052946428437282, 50.809437170693315 ], [ 2.052948539895985, 50.809349854405674 ], [ 2.052913326349154, 50.809267579951459 ], [ 2.052819768439258, 50.809181057812822 ], [ 2.052713030820985, 50.809132515642141 ], [ 2.052664531706585, 50.8091067199042 ], [ 2.052528464490485, 50.809079697505531 ], [ 2.052398715363729, 50.809083515597273 ], [ 2.052335576593805, 50.809067959307271 ], [ 2.052292064825432, 50.809017515245124 ], [ 2.05231658063584, 50.808985727936786 ], [ 2.052368590249677, 50.808963239407866 ], [ 2.052524261324693, 50.808964623822028 ], [ 2.052552067249604, 50.80892359168346 ], [ 2.052599706117534, 50.808815819598358 ], [ 2.052590460185396, 50.808731560172646 ], [ 2.052506545404019, 50.808658425154675 ], [ 2.052390070048948, 50.808612931892114 ], [ 2.052350878323914, 50.808660103983478 ], [ 2.052287589351887, 50.808670233704177 ], [ 2.052203278497328, 50.808667990509186 ], [ 2.052141834440694, 50.808633947417789 ], [ 2.052104995764016, 50.808553722447726 ], [ 2.052062893573764, 50.808543351406257 ], [ 2.051882886828211, 50.808544984563831 ], [ 2.051748202297897, 50.808561117484018 ], [ 2.051627930944151, 50.808611175801055 ], [ 2.051551282048691, 50.80868805420468 ], [ 2.051481107000044, 50.808764961830335 ], [ 2.051461466168135, 50.808795724988286 ], [ 2.051423841205613, 50.808855241767183 ], [ 2.051351977646173, 50.808945470556665 ], [ 2.051303532310908, 50.808910444916364 ], [ 2.051085281430201, 50.808794861888479 ], [ 2.050899304450561, 50.808707093555306 ], [ 2.050444668550609, 50.808527281872102 ], [ 2.050229408012271, 50.808453844665586 ], [ 2.049962329526865, 50.808375126688574 ], [ 2.049555900953445, 50.8082704184947 ], [ 2.049264842542389, 50.808131051926374 ], [ 2.0489349392025, 50.807977192996212 ], [ 2.0483720816544, 50.807725191401353 ], [ 2.048266950413813, 50.807677678613317 ], [ 2.048239709854111, 50.807626256144744 ], [ 2.048230319029515, 50.807567662306816 ], [ 2.048228977795058, 50.807519380847062 ], [ 2.048230602469225, 50.80751424780243 ], [ 2.048274762788892, 50.807451678486771 ], [ 2.04839585223777, 50.807263943449698 ], [ 2.048384670371151, 50.807232064277464 ], [ 2.048370146174476, 50.807221762496084 ], [ 2.048321642833218, 50.807198007096453 ], [ 2.048282751191384, 50.807190742544428 ], [ 2.048120727918943, 50.807168782457829 ], [ 2.048034866388678, 50.807158295831385 ], [ 2.047592631927749, 50.807082278029576 ], [ 2.047191051165643, 50.806986808645334 ], [ 2.047022688798311, 50.806940172471016 ], [ 2.047019159571331, 50.806984352415995 ], [ 2.046759816518921, 50.806968333017245 ], [ 2.046732214648071, 50.806974428473559 ], [ 2.046733463327932, 50.807037104579358 ], [ 2.046718356034266, 50.807129527219651 ], [ 2.04682531943486, 50.80714005611209 ], [ 2.04694669627175, 50.807176302384562 ], [ 2.047012791742794, 50.807243238620181 ], [ 2.047028521742261, 50.807326487208428 ], [ 2.046995623258909, 50.807408602925285 ], [ 2.046945012960085, 50.807464995950632 ], [ 2.046879952501217, 50.807500796645193 ], [ 2.046741798408738, 50.807558021260704 ], [ 2.046634453241866, 50.807609134799783 ], [ 2.046421299027471, 50.807738081688818 ], [ 2.046317084214315, 50.807810781784902 ], [ 2.04611002075738, 50.808001400106626 ], [ 2.045955106456395, 50.808151033598634 ], [ 2.045855685275598, 50.808238125210266 ], [ 2.045757979700682, 50.808305709182605 ], [ 2.045569309536323, 50.808402868191671 ], [ 2.045437645745247, 50.808459059898027 ], [ 2.045398684543557, 50.808468211332702 ], [ 2.045369469467251, 50.808469168685221 ], [ 2.04536624330642, 50.808470185063449 ], [ 2.045327251164773, 50.808479356260001 ], [ 2.045250893078959, 50.808506900821065 ], [ 2.045233003661518, 50.808516113609066 ], [ 2.045216721988515, 50.808524297614625 ], [ 2.045312129791515, 50.808570757359107 ], [ 2.045449538744506, 50.808644026968615 ], [ 2.045477024556458, 50.808658472681067 ], [ 2.045501244865129, 50.808675996652319 ], [ 2.045557732881542, 50.808718253814433 ], [ 2.045643147778354, 50.808809884652256 ], [ 2.045691488853585, 50.808861369164092 ], [ 2.045877748146969, 50.80890187740993 ], [ 2.046182331004341, 50.808946775163449 ], [ 2.046478721922111, 50.809008086905379 ], [ 2.046822053655116, 50.809083892106202 ], [ 2.047116665580799, 50.809172938068215 ], [ 2.047435454191265, 50.809286714179969 ], [ 2.047653852302406, 50.809376597483713 ], [ 2.047799413813479, 50.809440636868906 ], [ 2.047870677565793, 50.809459300780453 ], [ 2.048032546876629, 50.809508989218443 ], [ 2.048163745994948, 50.809534978259869 ], [ 2.048374472142648, 50.809549862356292 ], [ 2.048624160268908, 50.809555573662266 ], [ 2.04876351487768, 50.809570292369614 ], [ 2.048872049027324, 50.809590061179868 ], [ 2.048949762333578, 50.809614900191335 ], [ 2.049011138140343, 50.8096540897333 ], [ 2.049065954333002, 50.80971381093017 ], [ 2.049096399897144, 50.809773466184609 ], [ 2.049151295601432, 50.809817771638926 ], [ 2.049245122456133, 50.809852924227457 ], [ 2.049337513786115, 50.809862378631045 ], [ 2.049446144522046, 50.809862647047815 ], [ 2.049523895230029, 50.809882340531587 ], [ 2.049601488878595, 50.809921553402042 ], [ 2.04967089067019, 50.809977201161459 ], [ 2.04976441909799, 50.810069891880623 ], [ 2.049849942457005, 50.810145083027081 ], [ 2.049911167643474, 50.810209958075454 ], [ 2.050027453078742, 50.810294473307842 ], [ 2.050096996973159, 50.810323393639933 ], [ 2.050158528922675, 50.810339979874676 ], [ 2.05019081364215, 50.8103688162483 ], [ 2.050252058930546, 50.810432670176276 ], [ 2.050337698787151, 50.810487320130783 ], [ 2.050437906696343, 50.810542000988022 ], [ 2.050586911496995, 50.810576251720292 ], [ 2.050693703902408, 50.810615526226982 ], [ 2.050764782300221, 50.810665019568283 ], [ 2.050848695329393, 50.810735072259817 ], [ 2.051011674436296, 50.810873118385956 ], [ 2.051131175280406, 50.810963803458364 ], [ 2.051184346018974, 50.811023531060421 ], [ 2.051222829268478, 50.811097581995647 ], [ 2.051355235502967, 50.811195492627085 ], [ 2.051526226685088, 50.811354100596766 ], [ 2.051640809296304, 50.811452996347448 ], [ 2.051818516977406, 50.811571572719906 ], [ 2.0520060637906, 50.811670623029677 ], [ 2.052269590726421, 50.811808911859558 ], [ 2.052547640073781, 50.811962626682302 ], [ 2.052764428917684, 50.812051487207725 ], [ 2.053107607452092, 50.812161169037537 ], [ 2.053254833107945, 50.812225214311731 ], [ 2.053518216658734, 50.812389166265149 ], [ 2.053776834234566, 50.81253874632003 ], [ 2.053956205998134, 50.812652166583831 ], [ 2.054133887573715, 50.812775864556073 ], [ 2.054311439984985, 50.812924207185915 ], [ 2.054411385509136, 50.813027173364539 ], [ 2.054496956703415, 50.81309723586326 ], [ 2.05460681211904, 50.813170425684611 ], [ 2.054723388900388, 50.813201522098133 ], [ 2.054917696170792, 50.813255391448251 ], [ 2.055071604332477, 50.813284508361377 ], [ 2.055227148070886, 50.813309513151424 ], [ 2.055421619037118, 50.813330508392561 ], [ 2.055748960793346, 50.813375434630402 ], [ 2.056029414201339, 50.813391474731255 ], [ 2.056301749045799, 50.813413679240291 ], [ 2.056466932284426, 50.813457194865755 ], [ 2.056698366487093, 50.813537870459683 ], [ 2.056908658864325, 50.813631839686224 ], [ 2.057092969616812, 50.813734981724998 ], [ 2.057225292890748, 50.81385446761491 ], [ 2.057318751884843, 50.813958443279624 ], [ 2.057402301220759, 50.814100423838717 ], [ 2.057480745192403, 50.814278323408338 ], [ 2.057586852114579, 50.814447062319154 ], [ 2.057757662780499, 50.814639574912263 ], [ 2.057828650094807, 50.814707542509211 ], [ 2.058020841091547, 50.814846680230609 ], [ 2.058177241838063, 50.814722711541904 ], [ 2.058310786360591, 50.814620272625511 ], [ 2.058379219995406, 50.814565972423168 ], [ 2.058402028287952, 50.814548566385668 ], [ 2.058436023791673, 50.814559934983542 ], [ 2.058440860791122, 50.814560972591657 ], [ 2.058447410226911, 50.814553794513628 ], [ 2.058501164610397, 50.814511796311017 ], [ 2.058536786624332, 50.814521135033054 ], [ 2.058481405367631, 50.814565183117139 ], [ 2.05847323732017, 50.814572348963644 ], [ 2.058492679988438, 50.814579583337597 ], [ 2.058504014468772, 50.814582692168962 ], [ 2.058575182603002, 50.814616765167607 ], [ 2.058659208757745, 50.814670375664392 ], [ 2.05876922904258, 50.814715833745289 ], [ 2.058876123937623, 50.814740726580922 ], [ 2.058979478388242, 50.814819048610737 ], [ 2.059046940562109, 50.814933237320105 ], [ 2.059228677275494, 50.815211039484772 ], [ 2.059399047625623, 50.815482649039147 ], [ 2.059614980155566, 50.815733820414636 ], [ 2.059737647525257, 50.815837854207643 ], [ 2.059886353283138, 50.815926548098652 ], [ 2.060182175109281, 50.816100840082903 ], [ 2.060366319478875, 50.816234807758619 ], [ 2.060590928941815, 50.81638223401341 ], [ 2.06080093494906, 50.816534755169336 ], [ 2.061000945974094, 50.81672836360498 ], [ 2.061141178768222, 50.816887906061233 ], [ 2.061295863016985, 50.817070100745909 ], [ 2.061427585681568, 50.817297449518151 ], [ 2.06153334152516, 50.817529887979539 ], [ 2.061665477075995, 50.817683262254278 ], [ 2.061873502744517, 50.817899472764068 ], [ 2.062051218004889, 50.818028283761834 ], [ 2.0622547848787, 50.818166418575792 ], [ 2.062524380563839, 50.818398166927061 ], [ 2.062733972379414, 50.81862569928159 ], [ 2.062988041319181, 50.819022821935192 ], [ 2.064995859888433, 50.817559125531133 ], [ 2.064984972771205, 50.817474856008232 ], [ 2.068728987775835, 50.81493613787282 ], [ 2.068672419449733, 50.814900057670819 ], [ 2.068465268165149, 50.814816382899529 ], [ 2.066822349948032, 50.814230286015146 ], [ 2.066513116669808, 50.814134050785604 ], [ 2.066429913980722, 50.814227365735796 ], [ 2.06635820144888, 50.814290915455793 ], [ 2.066294714472035, 50.814335967335488 ], [ 2.066257258976069, 50.814362594791021 ], [ 2.066205331614945, 50.814367631249979 ], [ 2.066059487802688, 50.81434777829476 ], [ 2.066033623013434, 50.814334370539427 ], [ 2.06601917168211, 50.814303509971545 ], [ 2.066019520793349, 50.814243930152728 ], [ 2.066034606081845, 50.814152527341207 ], [ 2.066064162611288, 50.814082735545632 ], [ 2.066110007067239, 50.814002694969851 ], [ 2.066149318117198, 50.813933937272722 ], [ 2.066027693777008, 50.813930602940133 ], [ 2.065907649309334, 50.813937531082267 ], [ 2.065818391057609, 50.813952738415509 ], [ 2.065740429024028, 50.81397311573383 ], [ 2.065561854261882, 50.814006632913532 ], [ 2.065394707785437, 50.814026801493121 ], [ 2.065114033816892, 50.814046738573388 ], [ 2.065063760742626, 50.81404662155704 ], [ 2.064992417281665, 50.814041341129368 ], [ 2.064846606216128, 50.81401327837353 ], [ 2.064725137977972, 50.813985258059489 ], [ 2.064663553560116, 50.813975886343378 ], [ 2.064751611061937, 50.813887714316202 ], [ 2.064763292949283, 50.813828159469324 ], [ 2.064697293791329, 50.813739651655311 ], [ 2.064603425919986, 50.813702468596858 ], [ 2.064506289268305, 50.813673489549728 ], [ 2.064454381918571, 50.813677484338605 ], [ 2.064348784926435, 50.813712168482674 ], [ 2.064257494110042, 50.81379519058904 ], [ 2.064232916923851, 50.813840333517312 ], [ 2.064278036364442, 50.813893868223616 ], [ 2.064434900424514, 50.813974349544026 ], [ 2.064374914717949, 50.813974219369399 ], [ 2.064235485583022, 50.813962601018297 ], [ 2.064094589025498, 50.813931471036099 ], [ 2.06393923934202, 50.813866396804244 ], [ 2.063851951839596, 50.813813826438334 ], [ 2.063756700331268, 50.813739633532215 ], [ 2.063650142664336, 50.813651040542311 ], [ 2.063478866221303, 50.813534572179194 ], [ 2.063339775031552, 50.813467477124007 ], [ 2.063082334201649, 50.813391903887002 ], [ 2.062815095459639, 50.813330691547264 ], [ 2.062554143450729, 50.813302380428382 ], [ 2.062286633703198, 50.813291517769947 ], [ 2.061993179445048, 50.813276474999462 ], [ 2.061712745590667, 50.813251198758522 ], [ 2.061445425993873, 50.813207441176893 ], [ 2.061246319612163, 50.813137148663522 ], [ 2.061095930523728, 50.813058714073293 ], [ 2.060950622764299, 50.812942297646153 ], [ 2.060845748210017, 50.812850631547427 ], [ 2.060606773879624, 50.812658990151732 ], [ 2.060456354442833, 50.812588803156984 ], [ 2.060195685008154, 50.81251321945863 ], [ 2.060024007888599, 50.812470700806891 ], [ 2.059972275278617, 50.812445944814947 ], [ 2.059848184802463, 50.812305922069832 ], [ 2.059744866330656, 50.812219392065742 ], [ 2.05957521765496, 50.812108055655749 ], [ 2.05949772933342, 50.812043162976948 ], [ 2.059400953104318, 50.811951496580548 ], [ 2.059265511593387, 50.81180942535233 ], [ 2.059176658011669, 50.81174963206702 ], [ 2.058980450154832, 50.811748150030347 ], [ 2.058873398067268, 50.811753047300243 ], [ 2.058779434447332, 50.811734358435835 ], [ 2.058732600494854, 50.811699308026363 ], [ 2.058719975370629, 50.811636606704347 ], [ 2.058720505034676, 50.811545174414221 ], [ 2.058720660385783, 50.811517446383696 ], [ 2.05862819651519, 50.811521332492532 ], [ 2.058597568745604, 50.811485303328716 ], [ 2.058720868022709, 50.811480448983545 ], [ 2.058721478854401, 50.811368475645601 ], [ 2.058674620852247, 50.811339591506538 ], [ 2.058605258720966, 50.811274719543313 ], [ 2.05844993269212, 50.811207576093437 ], [ 2.058301090562451, 50.811149711183539 ], [ 2.057957787641231, 50.811062626381485 ], [ 2.057510789883409, 50.810954775024726 ], [ 2.056822514120865, 50.810795002565797 ], [ 2.056556868507073, 50.81073789279192 ], [ 2.056252463640565, 50.810655001912124 ], [ 2.055753791973894, 50.810518262561956 ], [ 2.055404028686646, 50.81042601621462 ], [ 2.054494140250548, 50.810170170294512 ], [ 2.054124971581118, 50.810070705510569 ], [ 2.053857820031217, 50.809995078891617 ], [ 2.053825799875152, 50.809923099897382 ], [ 2.053792064184685, 50.809867545221152 ], [ 2.053704855992128, 50.809803635921455 ], [ 2.053604651730955, 50.809743812235624 ], [ 2.053494666378314, 50.809697328316481 ], [ 2.053373158962019, 50.809675482866083 ], [ 2.05327108082279, 50.809659831356953 ], [ 2.053141411012181, 50.809651317797318 ], [ 2.053039343822957, 50.809636707280518 ], [ 2.052945420373046, 50.809609765496489 ], [ 2.052830596833294, 50.809559159872492 ], [ 2.052772399359669, 50.809526162916242 ], [ 2.052891017349112, 50.809481216404329 ], [ 2.052946428437282, 50.809437170693315 ] ] ] ] } },
{ "type": "Feature", "properties": { "fid": 28, "CODE_AZI": "AZI15", "VALLEE": "Hem", "ANNEE": "2003", "CODE_CRUE": "1", "NATURE": "Crue décennale" }, "geometry": { "type": "MultiPolygon", "coordinates": [ [ [ [ 2.11569879075617, 50.869531243513926 ], [ 2.117377010965348, 50.86929077510905 ], [ 2.118033340553119, 50.869196405448982 ], [ 2.118290003922958, 50.869161946298725 ], [ 2.118566180781827, 50.86912544250324 ], [ 2.118772503580407, 50.869094990597603 ], [ 2.119011303796162, 50.869062545741642 ], [ 2.119412551301038, 50.869009827512812 ], [ 2.119714744150081, 50.868963115004298 ], [ 2.120330454309961, 50.868870708600092 ], [ 2.120512430739616, 50.868842264108046 ], [ 2.120575863161725, 50.868813603755733 ], [ 2.120606766113008, 50.86880030882601 ], [ 2.120882979402599, 50.868754571333476 ], [ 2.121084396119986, 50.868728204952383 ], [ 2.12157344473537, 50.868644828852105 ], [ 2.12165792224799, 50.86862956891251 ], [ 2.121783034136654, 50.868609230044747 ], [ 2.121942243546806, 50.868586909091981 ], [ 2.122323966708132, 50.868543412946657 ], [ 2.122528628217855, 50.868515005106687 ], [ 2.122687849637555, 50.868493704264367 ], [ 2.122959156370229, 50.868452051591163 ], [ 2.123223956910599, 50.868413475557333 ], [ 2.123755153984797, 50.868339395952603 ], [ 2.123844509690749, 50.868323127824347 ], [ 2.124019958548172, 50.868298776304194 ], [ 2.124465017099611, 50.86824919239502 ], [ 2.124874350907224, 50.868203680257579 ], [ 2.12526091769966, 50.868159148120128 ], [ 2.125337287186101, 50.868151055712104 ], [ 2.125693007776914, 50.86810440398942 ], [ 2.126027660867202, 50.868057723671953 ], [ 2.12662711951568, 50.867968355311135 ], [ 2.127151842870106, 50.867893214939343 ], [ 2.127501111609024, 50.867839366049019 ], [ 2.127611585780282, 50.867820039961458 ], [ 2.127670432540787, 50.867729744930237 ], [ 2.127714555319537, 50.867657904601479 ], [ 2.127786757485162, 50.867475154317852 ], [ 2.127876710047617, 50.867321215607483 ], [ 2.127977554071879, 50.867277218245654 ], [ 2.128079844226567, 50.86727122731611 ], [ 2.12822770662469, 50.8672416721258 ], [ 2.12833188720403, 50.867178159088226 ], [ 2.12843317046453, 50.867028343021495 ], [ 2.128502138544246, 50.866841485639306 ], [ 2.128513923583871, 50.86674083145423 ], [ 2.128457677485332, 50.866605128484338 ], [ 2.12840151996099, 50.86644684441768 ], [ 2.128392242447734, 50.866338956114113 ], [ 2.128402797378989, 50.866145844544107 ], [ 2.128380552229975, 50.866027655719705 ], [ 2.12832413539879, 50.865935092757482 ], [ 2.128133238112332, 50.865776566820742 ], [ 2.127827092858094, 50.865611688930656 ], [ 2.127679733940398, 50.865525135676336 ], [ 2.127577808702856, 50.865438659983297 ], [ 2.127557138195666, 50.865338979667264 ], [ 2.127578834617101, 50.865201359095316 ], [ 2.12763628896363, 50.865045310778179 ], [ 2.127659655386749, 50.864894328957789 ], [ 2.127628054989434, 50.864693955292744 ], [ 2.127515784343076, 50.864370158709185 ], [ 2.127482432275842, 50.864191353357711 ], [ 2.12750717597113, 50.863714707283044 ], [ 2.127553751275693, 50.863449737592504 ], [ 2.127690738230456, 50.863299991005746 ], [ 2.127951032690921, 50.863170986116565 ], [ 2.128279346469672, 50.863079091696761 ], [ 2.128677444163053, 50.862986262851415 ], [ 2.128891966542225, 50.862929105620054 ], [ 2.129018941041657, 50.862843029010371 ], [ 2.129110491617275, 50.862693183480836 ], [ 2.129120960092683, 50.862520610000828 ], [ 2.129064787257598, 50.8623633460954 ], [ 2.129021374722186, 50.862261564779025 ], [ 2.129031643587631, 50.862137276433366 ], [ 2.129171022698478, 50.861807750964161 ], [ 2.12919467089327, 50.861585881581121 ], [ 2.129091960199536, 50.861306274334353 ], [ 2.128969234829463, 50.861148885390847 ], [ 2.128789474860652, 50.861046871622847 ], [ 2.128606282140795, 50.860996223306245 ], [ 2.128415028295222, 50.86092399752102 ], [ 2.12823361102902, 50.860831220269475 ], [ 2.128039459190675, 50.860679877039189 ], [ 2.127779112807906, 50.860443148030228 ], [ 2.127588287965358, 50.860271267351983 ], [ 2.127282298244607, 50.860083765681516 ], [ 2.126885545020949, 50.859861194057054 ], [ 2.126365845891245, 50.859536701368597 ], [ 2.126038861187346, 50.859326567408111 ], [ 2.125643863849293, 50.859074194878225 ], [ 2.125270253572821, 50.858758169091807 ], [ 2.125091199971906, 50.858492795734264 ], [ 2.124933203061156, 50.858241863732616 ], [ 2.124730973990037, 50.858083310974152 ], [ 2.124324389717525, 50.857889469352273 ], [ 2.123950119451329, 50.857730607281155 ], [ 2.123507402127023, 50.857636366095143 ], [ 2.123088632285353, 50.857635642681608 ], [ 2.122908387400424, 50.857649709356203 ], [ 2.122794761053094, 50.857649510300405 ], [ 2.122647292040456, 50.857598904083048 ], [ 2.122472436077275, 50.857495874013004 ], [ 2.122213402354693, 50.857338238267857 ], [ 2.121895832071354, 50.857208236876438 ], [ 2.121624902029069, 50.85717798021355 ], [ 2.121274305100999, 50.857177370756048 ], [ 2.120999978336671, 50.857176877811533 ], [ 2.120740454304085, 50.857134307585198 ], [ 2.120422784344665, 50.857025882706267 ], [ 2.120118352125214, 50.856867141297847 ], [ 2.119869154795279, 50.85668794882384 ], [ 2.119485843281649, 50.856379062784526 ], [ 2.119204525170408, 50.856126870857643 ], [ 2.118821011083882, 50.855861143185308 ], [ 2.118594157982014, 50.85577443600188 ], [ 2.118266476206144, 50.855731738816992 ], [ 2.11781219982486, 50.855687784428206 ], [ 2.117220268228501, 50.855569621895128 ], [ 2.116999842083918, 50.855503477328824 ], [ 2.116894257120867, 50.855520746864521 ], [ 2.1168226318481, 50.855565823899532 ], [ 2.116679105110752, 50.855721720127192 ], [ 2.116377437931211, 50.856038633489412 ], [ 2.116279775846253, 50.856096998749841 ], [ 2.116180593571599, 50.856135874127681 ], [ 2.116053931990699, 50.856146947581713 ], [ 2.115761954707555, 50.856109441890325 ], [ 2.115526850292025, 50.856050457741979 ], [ 2.11489639773294, 50.855842823731685 ], [ 2.11385587026711, 50.855509111136968 ], [ 2.113669441345751, 50.855453312249956 ], [ 2.113518628332987, 50.855428376338857 ], [ 2.113353083981236, 50.855423955614327 ], [ 2.113201983327424, 50.855456573562236 ], [ 2.112840911691597, 50.855621307586553 ], [ 2.112772672601548, 50.855635576270821 ], [ 2.112698037231629, 50.855631321315336 ], [ 2.112639674747791, 50.855612728039205 ], [ 2.112610650062314, 50.855575685373388 ], [ 2.112610919462393, 50.855514047013564 ], [ 2.112676007490838, 50.855474090882524 ], [ 2.112952537109477, 50.855343109239733 ], [ 2.113162310140041, 50.855258217537063 ], [ 2.113313439278861, 50.855215349805349 ], [ 2.11342223568669, 50.855208356160873 ], [ 2.11358447951737, 50.855223023372901 ], [ 2.11373529274022, 50.855253084230547 ], [ 2.115724019989913, 50.855876165144721 ], [ 2.115891026747613, 50.855915507193963 ], [ 2.115985154217737, 50.85592388237874 ], [ 2.116077701027887, 50.85591274723339 ], [ 2.11615901324213, 50.855880031346267 ], [ 2.116229036957068, 50.855828777327424 ], [ 2.116343366104307, 50.855669751773156 ], [ 2.116446111255666, 50.855558991217997 ], [ 2.116550447510383, 50.855458491860198 ], [ 2.116589567520639, 50.855417468770803 ], [ 2.116594593486545, 50.855385633235336 ], [ 2.116568799634314, 50.855345511359282 ], [ 2.116427911978263, 50.855274384079145 ], [ 2.116201589726277, 50.855066457623217 ], [ 2.116079044971806, 50.854886453325385 ], [ 2.115955045635567, 50.854664317304632 ], [ 2.115866313119424, 50.854542949683029 ], [ 2.115740022934811, 50.85447799101015 ], [ 2.115503323389485, 50.854412849288138 ], [ 2.115242145422725, 50.854383608672812 ], [ 2.114958184667783, 50.854368719941796 ], [ 2.114721155108331, 50.854382671849173 ], [ 2.114493988659927, 50.854367885166184 ], [ 2.113986430135912, 50.854266281996637 ], [ 2.113574592450984, 50.854171023114517 ], [ 2.112861216411418, 50.854004328950147 ], [ 2.112023150888503, 50.853772679494135 ], [ 2.111254895414666, 50.853534975687793 ], [ 2.110564488730747, 50.853311816349326 ], [ 2.109749648149408, 50.852980538992881 ], [ 2.109275176681241, 50.852742338217702 ], [ 2.108935128489535, 50.85257016063423 ], [ 2.108164900189341, 50.852071486407098 ], [ 2.107622821513879, 50.85171914324021 ], [ 2.106876568541378, 50.851301671758243 ], [ 2.105995515954157, 50.850905530551543 ], [ 2.105203003162331, 50.850667754123954 ], [ 2.104507486882431, 50.850513371128983 ], [ 2.104077562395759, 50.850476607974223 ], [ 2.103623302336795, 50.85044697551109 ], [ 2.103036007232849, 50.850402710481148 ], [ 2.10263863861937, 50.850345456204316 ], [ 2.102502475973119, 50.850309240919401 ], [ 2.102264681168394, 50.850150573244363 ], [ 2.102141860958946, 50.850035275467491 ], [ 2.102040468493206, 50.849855307903056 ], [ 2.101906874019642, 50.849626980584176 ], [ 2.101531965298594, 50.849288266105027 ], [ 2.101080465067115, 50.849014142305677 ], [ 2.100547544552954, 50.848804553568563 ], [ 2.099654361506089, 50.848588136935497 ], [ 2.098803363934609, 50.848376924998981 ], [ 2.098440323730059, 50.848276563263106 ], [ 2.098192725875322, 50.848132251202678 ], [ 2.098079822131433, 50.847988212464017 ], [ 2.098046464364784, 50.847838162598777 ], [ 2.0980477334977, 50.847573108902978 ], [ 2.098026377029577, 50.847291575206306 ], [ 2.097971607449314, 50.846868199014438 ], [ 2.09787136531883, 50.846458086961917 ], [ 2.097738458115474, 50.846084915104782 ], [ 2.097736863569294, 50.846081820498341 ], [ 2.097695071256955, 50.845999556506506 ], [ 2.097625790378073, 50.845892589138494 ], [ 2.097546542677144, 50.845834898649265 ], [ 2.09721939109163, 50.84570482280057 ], [ 2.09698306362463, 50.845582110685335 ], [ 2.096700128765989, 50.845359641401416 ], [ 2.09648528282368, 50.845157865024483 ], [ 2.096338667390316, 50.844941848156537 ], [ 2.09622600796853, 50.844749500568639 ], [ 2.096088881939953, 50.844581780131811 ], [ 2.095976184222277, 50.844401784237967 ], [ 2.095919936609457, 50.844287622866887 ], [ 2.095840835045947, 50.844200142463791 ], [ 2.095705021336936, 50.844100238613393 ], [ 2.095444714447722, 50.843906578612831 ], [ 2.09507320920805, 50.843553472402519 ], [ 2.094803417844626, 50.843303305629121 ], [ 2.094724447349165, 50.843195284787605 ], [ 2.094713919783912, 50.843020613853597 ], [ 2.094772574042923, 50.842640599471515 ], [ 2.094750636583584, 50.842483383073713 ], [ 2.094671764881251, 50.84235480219882 ], [ 2.094467999272794, 50.84221057925626 ], [ 2.094354926857013, 50.842102470398288 ], [ 2.094232089835804, 50.842008744932201 ], [ 2.094075551732981, 50.841828648158703 ], [ 2.093932926616717, 50.841796520366763 ], [ 2.093895658719832, 50.841787200399366 ], [ 2.092620106960455, 50.84148470776433 ], [ 2.092498544482322, 50.841455694595275 ], [ 2.092428855179931, 50.841441173155559 ], [ 2.092256966496943, 50.841415156678565 ], [ 2.0920803935733, 50.841359336001879 ], [ 2.091793590372792, 50.841276565742376 ], [ 2.091691546019729, 50.84124142769911 ], [ 2.091682963008918, 50.841244370433891 ], [ 2.09151275370686, 50.841302727472538 ], [ 2.091385881748049, 50.841364105168537 ], [ 2.091249089160497, 50.841463488575258 ], [ 2.091162401396591, 50.841598932930985 ], [ 2.091142239618833, 50.841739647078626 ], [ 2.091169272583512, 50.841849614158761 ], [ 2.091187617104496, 50.842077736265843 ], [ 2.091147970057739, 50.84221942936685 ], [ 2.09104814652104, 50.84238977275055 ], [ 2.091048972188066, 50.842551060190331 ], [ 2.091126075981893, 50.842712503382288 ], [ 2.091251942691352, 50.842854522204476 ], [ 2.091513742547697, 50.843070784890145 ], [ 2.091764175791389, 50.843287044199492 ], [ 2.091881843976616, 50.843446499984807 ], [ 2.09198653604729, 50.843606982213174 ], [ 2.092122007178089, 50.843775736519817 ], [ 2.092305804187823, 50.844016494064292 ], [ 2.09244082589386, 50.844280799987175 ], [ 2.092614145585014, 50.844674613310239 ], [ 2.09266015581002, 50.844884276927196 ], [ 2.092639084510461, 50.845209908246702 ], [ 2.09257999156077, 50.845345393519203 ], [ 2.092493502022139, 50.845442821587824 ], [ 2.092481799688152, 50.845511645028566 ], [ 2.092500880648076, 50.845596948751407 ], [ 2.092558828164568, 50.845689522346831 ], [ 2.092628104443512, 50.845794450577941 ], [ 2.092781548763526, 50.845941652782422 ], [ 2.092983771862156, 50.846065345932907 ], [ 2.093296233741143, 50.846212863484915 ], [ 2.093686658331933, 50.846352318457171 ], [ 2.093996025544346, 50.846475187181156 ], [ 2.094413795074287, 50.846660924329825 ], [ 2.094627272082821, 50.846808259792944 ], [ 2.094858261110633, 50.847031657427763 ], [ 2.094927391311106, 50.84716020651458 ], [ 2.094965262337968, 50.84738116056581 ], [ 2.094983335477235, 50.847670899202221 ], [ 2.095029487313974, 50.847854876431754 ], [ 2.095155518615595, 50.847972246765003 ], [ 2.095396904766438, 50.848059022874942 ], [ 2.095631865488293, 50.848129335612001 ], [ 2.095795455646135, 50.84819642758243 ], [ 2.095950709528192, 50.848308723740679 ], [ 2.096095841451551, 50.848499063696323 ], [ 2.096219167466142, 50.848832146866961 ], [ 2.096247924953153, 50.849261640312776 ], [ 2.096196646873859, 50.849458784011979 ], [ 2.096207412435001, 50.849585167001472 ], [ 2.096265140017894, 50.849726024379947 ], [ 2.096361779536551, 50.849880316750955 ], [ 2.096456659574967, 50.850059260632044 ], [ 2.096475660438741, 50.850157915700677 ], [ 2.096493641289075, 50.850465129398408 ], [ 2.096541952147453, 50.850545358394342 ], [ 2.096657782981866, 50.850754123037696 ], [ 2.096811273757497, 50.850895173229532 ], [ 2.096968228485989, 50.850995127707414 ], [ 2.097045391723042, 50.851143212156501 ], [ 2.097083454193055, 50.851327189032048 ], [ 2.097043496112881, 50.851535665516145 ], [ 2.097043073310784, 50.851625030564207 ], [ 2.09708155796443, 50.851724767325805 ], [ 2.097186470985864, 50.851841060947862 ], [ 2.097302876429538, 50.85193373431138 ], [ 2.09741923082696, 50.852037718323707 ], [ 2.097496695909817, 50.852130329778049 ], [ 2.097545208383755, 50.852167417123418 ], [ 2.097603402973352, 50.85221170154508 ], [ 2.097720166423329, 50.852235549266524 ], [ 2.097810911602807, 50.852261410774048 ], [ 2.098042463720375, 50.852372814166124 ], [ 2.09829490954868, 50.852527410580365 ], [ 2.098508136613205, 50.852736356625293 ], [ 2.098641773788581, 50.852958520425531 ], [ 2.098730326800357, 50.853112791669993 ], [ 2.098844819322145, 50.85326608915711 ], [ 2.098922339723772, 50.853347408818905 ], [ 2.099085654207058, 50.853469968301873 ], [ 2.099299344547601, 50.853587486161096 ], [ 2.099425458599305, 50.853686353388696 ], [ 2.09960015813413, 50.853809975314419 ], [ 2.099706890595628, 50.853890324200464 ], [ 2.099755406775141, 50.853927390568096 ], [ 2.099930392369181, 50.8539944985557 ], [ 2.100045453227997, 50.854031704956974 ], [ 2.100201096047197, 50.854062838175558 ], [ 2.100397401911981, 50.854081692365497 ], [ 2.100660271378347, 50.854094540206297 ], [ 2.100884267921729, 50.85409495514152 ], [ 2.10112932504874, 50.854095421467925 ], [ 2.10132254761267, 50.854083481761997 ], [ 2.101431324874082, 50.854077519431158 ], [ 2.10163411124531, 50.854096398373706 ], [ 2.101857882193471, 50.854139972292181 ], [ 2.101994105248226, 50.854164877343827 ], [ 2.102225851092, 50.854239298263451 ], [ 2.102410592816965, 50.854301288374977 ], [ 2.102635753885316, 50.85439520025308 ], [ 2.102886265931885, 50.854272401448071 ], [ 2.102888022990071, 50.854247749899308 ], [ 2.102835425896225, 50.854041148952824 ], [ 2.102843957289065, 50.853950761595719 ], [ 2.102713231689037, 50.853798471954342 ], [ 2.10244342813629, 50.853531869350107 ], [ 2.102246443073763, 50.853317821707805 ], [ 2.102080459472376, 50.853062716453174 ], [ 2.10203254424428, 50.852900311917189 ], [ 2.101950171274808, 50.852820020029817 ], [ 2.101699407996744, 50.852645923421605 ], [ 2.101454968287118, 50.852512932242924 ], [ 2.101199033505961, 50.852405602987659 ], [ 2.10116505266998, 50.852388060901468 ], [ 2.101121421674379, 50.852347927040192 ], [ 2.100925821843794, 50.852183175374883 ], [ 2.100790033385065, 50.852069905177089 ], [ 2.100621829551921, 50.851942186891655 ], [ 2.100358070384925, 50.851782447752925 ], [ 2.100231757062793, 50.851723658872608 ], [ 2.100053633949818, 50.851635987659257 ], [ 2.099865905278759, 50.851526725942712 ], [ 2.099705772452427, 50.851414440160589 ], [ 2.099592458762317, 50.851348477628477 ], [ 2.099569837430239, 50.851329936133666 ], [ 2.099516502284788, 50.851285647633233 ], [ 2.099443741864298, 50.851226964737158 ], [ 2.099032979850602, 50.85091899614396 ], [ 2.098876097412886, 50.850804650598306 ], [ 2.098855058477554, 50.850793307484757 ], [ 2.098741714912529, 50.850737614018641 ], [ 2.098668732983498, 50.850730279692179 ], [ 2.098517910972382, 50.850705345684666 ], [ 2.098428794680223, 50.850677434355134 ], [ 2.098383427063673, 50.850660910282187 ], [ 2.098360819410834, 50.850638264590273 ], [ 2.098338206279226, 50.850612535810079 ], [ 2.098322134958951, 50.85058168923841 ], [ 2.098290089439688, 50.850494291404871 ], [ 2.098264484383505, 50.850419252292632 ], [ 2.098127596266266, 50.849861151702342 ], [ 2.098103676164341, 50.849770689410136 ], [ 2.098103694590044, 50.849769668534115 ], [ 2.098069889533396, 50.849712067270829 ], [ 2.09803603321895, 50.849665776805715 ], [ 2.09796323921362, 50.849614259713384 ], [ 2.097938974063551, 50.849598809037779 ], [ 2.09788591640012, 50.849497004822801 ], [ 2.097868296958278, 50.849448669646016 ], [ 2.097873456236884, 50.849388066998095 ], [ 2.097912796967482, 50.84930492914323 ], [ 2.097994722183113, 50.849146884958728 ], [ 2.097999869144017, 50.849085261179248 ], [ 2.097992019062976, 50.849030790529653 ], [ 2.097933865870814, 50.848979319232974 ], [ 2.097865811722642, 50.848951439681976 ], [ 2.097653367696029, 50.84892021280006 ], [ 2.097504177190781, 50.848898352294825 ], [ 2.09730622883075, 50.84888871101996 ], [ 2.097147275503577, 50.848870943516687 ], [ 2.097007899647278, 50.848833698188521 ], [ 2.096930236244993, 50.848781144149129 ], [ 2.096849459887848, 50.848708047181503 ], [ 2.09673664184589, 50.848547571674821 ], [ 2.097088886938277, 50.848529763174604 ], [ 2.09748806576277, 50.848539780690423 ], [ 2.097904934871285, 50.848580655373738 ], [ 2.098153005418681, 50.848629416692518 ], [ 2.098537066420576, 50.848747268363255 ], [ 2.098983855641682, 50.848983388799837 ], [ 2.09920047462212, 50.849159486887707 ], [ 2.099368343436633, 50.84934576278372 ], [ 2.099521881279833, 50.84948268618502 ], [ 2.099738625247, 50.849630015637558 ], [ 2.099970257152902, 50.849728063340194 ], [ 2.100386823134897, 50.849835694356507 ], [ 2.100725720477699, 50.849895937348684 ], [ 2.100926654778257, 50.849964133033112 ], [ 2.101109464442382, 50.850081586438797 ], [ 2.101294934851047, 50.850326464534653 ], [ 2.101369841278798, 50.850619393277093 ], [ 2.101430365608958, 50.850858865515264 ], [ 2.10156872596526, 50.851112892567485 ], [ 2.101798033527889, 50.851357845261397 ], [ 2.102014779587614, 50.851514399911515 ], [ 2.102323956046389, 50.851681429592446 ], [ 2.102584793233028, 50.851779522839287 ], [ 2.103077536874147, 50.851917081915651 ], [ 2.103602924720226, 50.852015675211753 ], [ 2.104142925220212, 50.852114291227757 ], [ 2.104683150787122, 50.85216463900008 ], [ 2.105182638002818, 50.852243640418344 ], [ 2.105459850152318, 50.852311975703167 ], [ 2.105829136583113, 50.8524790874865 ], [ 2.106105796462254, 50.852665553486567 ], [ 2.106352848884597, 50.852940313492923 ], [ 2.106598259522391, 50.853213019102903 ], [ 2.106904459702239, 50.853683093029083 ], [ 2.107165138751492, 50.854167454071103 ], [ 2.107381337246745, 50.854450378518131 ], [ 2.107655977695518, 50.854725172514236 ], [ 2.107932436641364, 50.854959919556556 ], [ 2.108009687351903, 50.855106975905798 ], [ 2.107994513528323, 50.85522406204543 ], [ 2.107930779357206, 50.85532154175803 ], [ 2.107759328995208, 50.855545174563751 ], [ 2.107527344900402, 50.855868351410621 ], [ 2.107418824083827, 50.856171211183501 ], [ 2.107369221317968, 50.85636220297139 ], [ 2.107417352946286, 50.856489691905438 ], [ 2.107572873685647, 50.856550583945527 ], [ 2.107879550757813, 50.856572738896944 ], [ 2.108126185358944, 50.856591680746575 ], [ 2.108435755635256, 50.856689849250486 ], [ 2.108772443162904, 50.856885666017135 ], [ 2.109019750216553, 50.857112133441284 ], [ 2.109204018083203, 50.857278911973737 ], [ 2.109572989248262, 50.857523063999238 ], [ 2.11004099030479, 50.857763297438503 ], [ 2.110611486730019, 50.857949266823553 ], [ 2.111059061309724, 50.858047692489258 ], [ 2.111660668311344, 50.858176182638019 ], [ 2.112108174689174, 50.858283832982309 ], [ 2.112401512300178, 50.858382996739778 ], [ 2.112848687228902, 50.858569759014308 ], [ 2.113094795191052, 50.858706842136712 ], [ 2.113586782321683, 50.859030313136159 ], [ 2.113740287352374, 50.85918673572214 ], [ 2.11384812033342, 50.85939138056299 ], [ 2.113830600117939, 50.859675912572975 ], [ 2.113876755365228, 50.85988146001597 ], [ 2.113953673434676, 50.860105563855491 ], [ 2.114044001192286, 50.860232088094243 ], [ 2.114246335776207, 50.860360869639614 ], [ 2.114542794242691, 50.860491860983956 ], [ 2.114836138619247, 50.860600267593497 ], [ 2.114989996028679, 50.860678615009526 ], [ 2.115096643770137, 50.860786676213607 ], [ 2.115066285763717, 50.861040366806257 ], [ 2.114910333538722, 50.861430478562291 ], [ 2.114845381797943, 50.861791967808671 ], [ 2.114874188890574, 50.862252257555355 ], [ 2.114981760082232, 50.862515455138876 ], [ 2.115181786918625, 50.862799348193114 ], [ 2.115319275744686, 50.862911571548729 ], [ 2.115456764214795, 50.863018669776523 ], [ 2.115534078467668, 50.863155449964346 ], [ 2.115518719434527, 50.863321841768311 ], [ 2.115392779061715, 50.863536316004755 ], [ 2.115362704055296, 50.863722222193445 ], [ 2.115422997866832, 50.864034631030165 ], [ 2.115653840399327, 50.864327830040622 ], [ 2.115899795199418, 50.864504963717103 ], [ 2.116238085872361, 50.864730557559149 ], [ 2.116313914142668, 50.864837537649684 ], [ 2.116345782763917, 50.864975255964133 ], [ 2.11629638279286, 50.865130295377391 ], [ 2.1160795726653, 50.865329191129135 ], [ 2.115815889634661, 50.86548487274171 ], [ 2.115383243766682, 50.865670044391429 ], [ 2.115059478102457, 50.865825618275963 ], [ 2.114826852767477, 50.865933051580527 ], [ 2.114717552693084, 50.86604996858285 ], [ 2.114747956942295, 50.866147618163197 ], [ 2.114809211047306, 50.866245326630377 ], [ 2.114932175986509, 50.866333904008336 ], [ 2.115149513857588, 50.866383613165191 ], [ 2.115410814372662, 50.866402564053246 ], [ 2.11568972124282, 50.866471907580362 ], [ 2.115798122486437, 50.866559419826721 ], [ 2.115904170270731, 50.866804106212022 ], [ 2.115996147897333, 50.866931660306996 ], [ 2.11608832583343, 50.867009908405322 ], [ 2.116088054062967, 50.867068462675455 ], [ 2.116024232272842, 50.867186483817051 ], [ 2.115839451168869, 50.867478935202847 ], [ 2.115637055039, 50.86772307504036 ], [ 2.115311242801674, 50.867976228172758 ], [ 2.114458205509092, 50.868492451967889 ], [ 2.11343822107626, 50.868943661413311 ], [ 2.113127554715463, 50.869069454226839 ], [ 2.113003843569667, 50.869138060579012 ], [ 2.112909321300194, 50.869215963201015 ], [ 2.112863393690343, 50.86932271882425 ], [ 2.112846474588089, 50.869469599022494 ], [ 2.112878600067021, 50.86954772211557 ], [ 2.112970940016463, 50.869596184871902 ], [ 2.113141315431004, 50.869617035777786 ], [ 2.113357594186107, 50.869539358411998 ], [ 2.11351205612919, 50.869490308908212 ], [ 2.113650048173477, 50.869490569379884 ], [ 2.113758667000362, 50.869529798352303 ], [ 2.113881250944858, 50.869705697043067 ], [ 2.113928017238365, 50.869775635969724 ], [ 2.113939338393416, 50.869789009137833 ], [ 2.114707790652164, 50.869673292632164 ], [ 2.115130205281931, 50.869610348547852 ], [ 2.115430755393229, 50.869568779670949 ], [ 2.115534726108552, 50.869554583070105 ], [ 2.11569879075617, 50.869531243513926 ] ], [ [ 2.116539947904365, 50.862559340163564 ], [ 2.116635784791874, 50.862551290927343 ], [ 2.117142012188909, 50.862608709392561 ], [ 2.117499005319782, 50.862637082297624 ], [ 2.11803628126611, 50.86265037408144 ], [ 2.118937132954827, 50.862672519980755 ], [ 2.119177232371401, 50.862706828326985 ], [ 2.119314950327684, 50.862766658259801 ], [ 2.121939508681542, 50.864352324970348 ], [ 2.125762584837688, 50.866639588046922 ], [ 2.125841840749864, 50.866707528476439 ], [ 2.125903162270684, 50.866793920910958 ], [ 2.125936921252439, 50.86687411429029 ], [ 2.125941438125273, 50.866953221776846 ], [ 2.125898417904736, 50.86790545264526 ], [ 2.12588515378188, 50.867973244619137 ], [ 2.12585093256596, 50.868005035317658 ], [ 2.125815157355635, 50.86801729642751 ], [ 2.125732376145152, 50.86801613534864 ], [ 2.125719381618566, 50.868016104273927 ], [ 2.12568375883635, 50.867993452999094 ], [ 2.125662920697154, 50.867929705971797 ], [ 2.125668504666414, 50.86775918184361 ], [ 2.125674643757767, 50.867464362502382 ], [ 2.125676320409662, 50.867069876228939 ], [ 2.125692967363947, 50.866971278351471 ], [ 2.125680335846853, 50.86689113300239 ], [ 2.125620663822883, 50.866799607105747 ], [ 2.125552717279157, 50.866738872712006 ], [ 2.125408657472371, 50.866642050195068 ], [ 2.12439165299271, 50.86604856811477 ], [ 2.121818608241699, 50.864526762115261 ], [ 2.119233011958785, 50.862940147445599 ], [ 2.118972126049735, 50.862837966899306 ], [ 2.118840737640682, 50.862811033070685 ], [ 2.117449682083327, 50.86277772933196 ], [ 2.117410720286105, 50.862776632678873 ], [ 2.116636781002779, 50.862692054026347 ], [ 2.116521528927432, 50.862689775810892 ], [ 2.116487476037426, 50.862682527682821 ], [ 2.116469680247678, 50.862667086747287 ], [ 2.116482997733986, 50.862595191563244 ], [ 2.116539947904365, 50.862559340163564 ] ], [ [ 2.125465813285928, 50.86275581120541 ], [ 2.125390416557741, 50.862548162247123 ], [ 2.12528285676889, 50.862265475208446 ], [ 2.125217466450002, 50.861991051597428 ], [ 2.125218456672844, 50.861759915109076 ], [ 2.125270891442462, 50.861648034548146 ], [ 2.125475778628047, 50.861563108671149 ], [ 2.125815177384165, 50.861538002826109 ], [ 2.126045575398321, 50.861564082102333 ], [ 2.126261043136112, 50.861658962923833 ], [ 2.126369192394754, 50.861805041451909 ], [ 2.126381673511865, 50.861925245025986 ], [ 2.126299159133973, 50.862241532848181 ], [ 2.126189049671725, 50.862558788146835 ], [ 2.126147628710235, 50.862755948383665 ], [ 2.126161082429659, 50.863030267320326 ], [ 2.126267584135714, 50.863562606517213 ], [ 2.126347257988071, 50.863914083115233 ], [ 2.126323026428618, 50.864266412777745 ], [ 2.126184860125627, 50.864689432419915 ], [ 2.126049797679232, 50.865146365994597 ], [ 2.125913062277341, 50.865616640212401 ], [ 2.125798322538564, 50.865871200919592 ], [ 2.125645314066168, 50.86596956329948 ], [ 2.125482929540789, 50.865976471952919 ], [ 2.125374332638872, 50.865934170170952 ], [ 2.125322822004496, 50.865832391345386 ], [ 2.125373683701617, 50.86570406459672 ], [ 2.125375002732559, 50.865399981632791 ], [ 2.125346600075946, 50.865207817805668 ], [ 2.125260217380665, 50.864909745588093 ], [ 2.125134949719731, 50.86458695674159 ], [ 2.124988187880729, 50.864363772778574 ], [ 2.124870500252191, 50.864170441232858 ], [ 2.124793301563344, 50.864002838310718 ], [ 2.124774290048365, 50.863890837042149 ], [ 2.124794145912134, 50.863804573190606 ], [ 2.124852985899007, 50.863711195904891 ], [ 2.124971822628389, 50.863636397257117 ], [ 2.125108562179216, 50.86354314623344 ], [ 2.125256863200644, 50.863412940470262 ], [ 2.125395250748131, 50.863314555709529 ], [ 2.125463858125007, 50.86321502060045 ], [ 2.125483888869554, 50.8630907411085 ], [ 2.125465813285928, 50.86275581120541 ] ], [ [ 2.121228204007905, 50.857697112262912 ], [ 2.121543151034014, 50.857684297750986 ], [ 2.121835148796636, 50.857724872888781 ], [ 2.121964817590115, 50.857767226754085 ], [ 2.122145879650485, 50.857938087169259 ], [ 2.122232874462394, 50.858088225334917 ], [ 2.12228707800846, 50.858314326596776 ], [ 2.122317119942716, 50.858499297797934 ], [ 2.122369910149032, 50.858677122012637 ], [ 2.122478167746467, 50.858793396486355 ], [ 2.122607703196429, 50.858869641587255 ], [ 2.122703330032742, 50.85890268614385 ], [ 2.12286722128247, 50.858918373702934 ], [ 2.123115577160447, 50.858911612913175 ], [ 2.123255191046508, 50.85891185432466 ], [ 2.123579729956371, 50.858932975029553 ], [ 2.123764618850598, 50.858973352889542 ], [ 2.123913513949538, 50.859070192565561 ], [ 2.124000767682359, 50.859165878142704 ], [ 2.124042478286071, 50.859282043780539 ], [ 2.124064634505764, 50.859411525022935 ], [ 2.124064190984932, 50.859515282608442 ], [ 2.123998953177862, 50.859590157235388 ], [ 2.123868906406989, 50.859630002746577 ], [ 2.123662769125644, 50.859629634675073 ], [ 2.123555836752543, 50.859582197517412 ], [ 2.123489654864903, 50.859494767740557 ], [ 2.123459174082623, 50.859409450791006 ], [ 2.123324942435124, 50.859299280718396 ], [ 2.123232565819551, 50.859262135523842 ], [ 2.122861042781472, 50.859216299633843 ], [ 2.122422947188753, 50.859178542232357 ], [ 2.121824131471147, 50.859139490879969 ], [ 2.121606658731586, 50.859131912612412 ], [ 2.12122212350384, 50.859094268169137 ], [ 2.120909070806204, 50.859042352357591 ], [ 2.120597800896843, 50.8589534523827 ], [ 2.120396880155517, 50.858873998817927 ], [ 2.120273922766563, 50.858780280804353 ], [ 2.120155791160497, 50.858693783705306 ], [ 2.120048003611862, 50.858474770577118 ], [ 2.120102269595413, 50.858316659517875 ], [ 2.120146296862807, 50.858269484122992 ], [ 2.120242331783528, 50.858208021549139 ], [ 2.12046981191381, 50.8581539728184 ], [ 2.120643803510298, 50.858085432582676 ], [ 2.120752881317559, 50.858010628549899 ], [ 2.120850829394633, 50.857880331978038 ], [ 2.121033173348324, 50.85775225207464 ], [ 2.121228204007905, 50.857697112262912 ] ], [ [ 2.095048898696517, 50.846539931489154 ], [ 2.095238810222723, 50.846532080791249 ], [ 2.095344209967455, 50.846549742506788 ], [ 2.095477003234774, 50.846602397479181 ], [ 2.095624235910174, 50.846698239868807 ], [ 2.095924806473905, 50.846954632577521 ], [ 2.096086413555291, 50.847095683390286 ], [ 2.096312744091773, 50.84727796361863 ], [ 2.096409733129396, 50.847355202626268 ], [ 2.096509937028517, 50.847435527886368 ], [ 2.096746149441839, 50.84758700820057 ], [ 2.096843184285978, 50.847655018001575 ], [ 2.096907889773784, 50.847697248183529 ], [ 2.096909514880443, 50.847700343014303 ], [ 2.096925641039056, 50.847722982174126 ], [ 2.096930346463552, 50.847756889858424 ], [ 2.096912337969107, 50.847787670061429 ], [ 2.096886274761259, 50.847809202796277 ], [ 2.096835922794111, 50.847818347450307 ], [ 2.096766109687894, 50.847820264055002 ], [ 2.096694752002936, 50.847812940275546 ], [ 2.096224506087701, 50.847730854001185 ], [ 2.096213257158421, 50.847712334158956 ], [ 2.096211643829164, 50.847710280436935 ], [ 2.096210030500045, 50.84770822671495 ], [ 2.096169641001355, 50.847670136396026 ], [ 2.096067663889325, 50.847618566577957 ], [ 2.095948000831677, 50.847525867729914 ], [ 2.095891419723412, 50.847485697939291 ], [ 2.09577514406168, 50.847366296939789 ], [ 2.095684737387628, 50.847271607811365 ], [ 2.095679917398062, 50.847259280643264 ], [ 2.095587776287062, 50.847186140253527 ], [ 2.095380955661294, 50.846996712999527 ], [ 2.095253303699882, 50.84688962116379 ], [ 2.095195138794815, 50.846834024198792 ], [ 2.095127236090053, 50.846779457612499 ], [ 2.094993120896456, 50.846663089380094 ], [ 2.09493500030357, 50.846603388512918 ], [ 2.094920468300252, 50.846588988799759 ], [ 2.094892980576596, 50.846564284871341 ], [ 2.095048898696517, 50.846539931489154 ] ], [ [ 2.09480239269436, 50.846172678405033 ], [ 2.094868971843301, 50.846163572301435 ], [ 2.094890001507826, 50.846176958152931 ], [ 2.094902945066048, 50.846186241269599 ], [ 2.094970866698153, 50.846234642040976 ], [ 2.095035722593117, 50.846248125815485 ], [ 2.095121641071439, 50.846264745411517 ], [ 2.0951232543094, 50.846266799152147 ], [ 2.095142657663137, 50.846282235203653 ], [ 2.095150621000065, 50.846310000556926 ], [ 2.095142373199277, 50.846341832400242 ], [ 2.095127725883718, 50.846348993306684 ], [ 2.095048002011874, 50.846391977904581 ], [ 2.094939247626566, 50.846395873033352 ], [ 2.094874344804462, 50.846396783183785 ], [ 2.094780200430574, 50.846395579076756 ], [ 2.09470563104682, 50.846385147739198 ], [ 2.094670212174817, 50.846327553508395 ], [ 2.094642808899128, 50.846286393761446 ], [ 2.094628303885116, 50.84626376601922 ], [ 2.094615417369798, 50.846246275126177 ], [ 2.09471786766645, 50.846202314700129 ], [ 2.09480239269436, 50.846172678405033 ] ] ] ] } },
{ "type": "Feature", "properties": { "fid": 29, "CODE_AZI": "AZI15", "VALLEE": "Hem", "ANNEE": "2003", "CODE_CRUE": "2", "NATURE": "Crue centennale" }, "geometry": { "type": "MultiPolygon", "coordinates": [ [ [ [ 2.09382566090978, 50.841498377041944 ], [ 2.093801363181478, 50.841488055927435 ], [ 2.093715550393075, 50.841450915442536 ], [ 2.093542208586459, 50.841397142370539 ], [ 2.093318542521984, 50.841341221217469 ], [ 2.093141916605263, 50.841296692976613 ], [ 2.093093287663126, 50.841285308115161 ], [ 2.092821038077214, 50.841213877366215 ], [ 2.092642776036097, 50.8411652524007 ], [ 2.092461326218237, 50.841110437781317 ], [ 2.092108119927858, 50.841003921384079 ], [ 2.091831061756275, 50.840918098997705 ], [ 2.091592923149107, 50.84083646354194 ], [ 2.091451961256145, 50.84079713772099 ], [ 2.091522132904081, 50.840716127383409 ], [ 2.091553720444204, 50.840562082774298 ], [ 2.091535203310539, 50.840371977109889 ], [ 2.091428033816029, 50.840057400830851 ], [ 2.091350812476704, 50.839927808288124 ], [ 2.091207395762436, 50.839726161116211 ], [ 2.091015930239995, 50.83939907753787 ], [ 2.091004726036627, 50.839368224884204 ], [ 2.091024670924152, 50.839269651054437 ], [ 2.090986107491662, 50.839195595611365 ], [ 2.0908809477987, 50.839133747189543 ], [ 2.090861718991066, 50.839085418455277 ], [ 2.090831292790364, 50.839004195021253 ], [ 2.090735954910289, 50.838924900468562 ], [ 2.090697340751066, 50.838857030747967 ], [ 2.090697781731202, 50.83876560193503 ], [ 2.090640207025506, 50.838601096699158 ], [ 2.090533778771937, 50.838466305213423 ], [ 2.090380219119758, 50.838348887495357 ], [ 2.090223257510191, 50.838262275791514 ], [ 2.089951464182109, 50.838101451548539 ], [ 2.089603452581257, 50.837934324170291 ], [ 2.089283161140341, 50.83774363434916 ], [ 2.088954711732305, 50.83755804921077 ], [ 2.088935915887154, 50.837422395106003 ], [ 2.088859038413992, 50.837220870335479 ], [ 2.08879158464732, 50.837084099648841 ], [ 2.088704719785817, 50.836935995668192 ], [ 2.088685699899081, 50.836844524372815 ], [ 2.088706103121635, 50.83666066770985 ], [ 2.088756125456847, 50.836387477061436 ], [ 2.088766461249792, 50.836271415255936 ], [ 2.088757443499135, 50.836122418777776 ], [ 2.08870959269309, 50.835963088168661 ], [ 2.088632294035456, 50.835846845967204 ], [ 2.088362767118058, 50.835562749363497 ], [ 2.088004115566945, 50.835254856457674 ], [ 2.08747257488787, 50.834809959078491 ], [ 2.086832620602583, 50.834310390120834 ], [ 2.086504817587286, 50.83400253801836 ], [ 2.086399903303628, 50.833891376965191 ], [ 2.086164219746221, 50.833657693605325 ], [ 2.086162619170655, 50.83365666083251 ], [ 2.085929480974069, 50.833559614319071 ], [ 2.085872565471508, 50.833584142188556 ], [ 2.08601976968174, 50.833671769696402 ], [ 2.086176503522987, 50.833796404380635 ], [ 2.086195697948057, 50.833852942357545 ], [ 2.08620490626565, 50.833952630966344 ], [ 2.086124531904006, 50.834127119246311 ], [ 2.086026521365491, 50.834258414421555 ], [ 2.085977617823018, 50.834307626048549 ], [ 2.086025711087155, 50.834419712059187 ], [ 2.086143232128244, 50.834601797581023 ], [ 2.086270335366703, 50.834814704349661 ], [ 2.086358934837106, 50.834939199372535 ], [ 2.08649580787496, 50.835145971121563 ], [ 2.086701994199415, 50.835439197603677 ], [ 2.086808172342884, 50.835620218063724 ], [ 2.086983750833705, 50.835871257120637 ], [ 2.087002869705172, 50.835937043582447 ], [ 2.087052131793416, 50.836142611976399 ], [ 2.087149235756194, 50.836517801783607 ], [ 2.087265455966015, 50.836955694467299 ], [ 2.087303238791501, 50.837185903320233 ], [ 2.08733386566862, 50.837223965791125 ], [ 2.087450230419929, 50.837317691577468 ], [ 2.087882458956765, 50.837512729083528 ], [ 2.088266052760844, 50.83770048226463 ], [ 2.088562175957764, 50.837857243975314 ], [ 2.088856712183518, 50.838013993330115 ], [ 2.089181846501549, 50.838213948856627 ], [ 2.089692678727489, 50.838588934759279 ], [ 2.089802607325591, 50.838672360770211 ], [ 2.090673878473452, 50.839333679311018 ], [ 2.09067873554309, 50.839338819880112 ], [ 2.090761139667266, 50.839406788778263 ], [ 2.090856471556788, 50.839488145275382 ], [ 2.09101297408295, 50.839664122473316 ], [ 2.091238722180557, 50.839951215441005 ], [ 2.091306074603594, 50.840112628137895 ], [ 2.091335539199282, 50.840388019280873 ], [ 2.091303893184828, 50.840550291713377 ], [ 2.091145643072012, 50.84072565509323 ], [ 2.091401635401856, 50.840800134259069 ], [ 2.091411358392555, 50.840803228166976 ], [ 2.091412977863972, 50.840803239971919 ], [ 2.091696557691074, 50.840884946658456 ], [ 2.091711120586138, 50.840889096835163 ], [ 2.091712740424104, 50.840889088618724 ], [ 2.091900690901518, 50.840945973746194 ], [ 2.092211790824674, 50.841036988858654 ], [ 2.092594134308028, 50.841157951342311 ], [ 2.092593886004558, 50.841210342063896 ], [ 2.092571063698691, 50.841231877677096 ], [ 2.092765515362176, 50.841282602561613 ], [ 2.092796532208375, 50.841245671062801 ], [ 2.092858285111723, 50.841229363697387 ], [ 2.092902024205407, 50.841240753107449 ], [ 2.093099732784266, 50.841295585262785 ], [ 2.093127258447833, 50.841302832592802 ], [ 2.093256917788611, 50.841336989153191 ], [ 2.093371978020341, 50.841363932266553 ], [ 2.093584269321382, 50.841421892732377 ], [ 2.093702542673365, 50.841457047104605 ], [ 2.093742990873843, 50.841479723619031 ], [ 2.093776999039976, 50.841495206137559 ], [ 2.093799703085751, 50.841500396234906 ], [ 2.09382566090978, 50.841498377041944 ] ] ] ] } },
{ "type": "Feature", "properties": { "fid": 30, "CODE_AZI": "AZI15", "VALLEE": "Hem", "ANNEE": "2003", "CODE_CRUE": "1", "NATURE": "Crue décennale" }, "geometry": { "type": "MultiPolygon", "coordinates": [ [ [ [ 2.120222133430306, 50.88361329617085 ], [ 2.120882288709453, 50.883056627797544 ], [ 2.121186410068957, 50.882583587374334 ], [ 2.121535434860897, 50.882242105035857 ], [ 2.121927674166328, 50.882046582199393 ], [ 2.121993352131248, 50.881877205724514 ], [ 2.12210987327386, 50.881601066837582 ], [ 2.12223841033962, 50.881166744024107 ], [ 2.122382411112961, 50.880912218114538 ], [ 2.12241498539656, 50.88051881824444 ], [ 2.122350771046171, 50.880344082765141 ], [ 2.122043637018336, 50.880020959316525 ], [ 2.121662855010039, 50.879825116203527 ], [ 2.120886002680877, 50.879598773970024 ], [ 2.120368049820922, 50.879587594015739 ], [ 2.119671781716311, 50.879499041559846 ], [ 2.119282745880432, 50.879340147481749 ], [ 2.119298062312971, 50.879180945853065 ], [ 2.119631650073528, 50.879022310188603 ], [ 2.120450471967876, 50.878931297811526 ], [ 2.121246250955111, 50.878912145431229 ], [ 2.121911857155302, 50.878954409965068 ], [ 2.122312934408244, 50.87895921569929 ], [ 2.122420250179003, 50.878924477677934 ], [ 2.122607474684269, 50.878816932873221 ], [ 2.122838688306376, 50.878670440306628 ], [ 2.123050385348565, 50.878531096880216 ], [ 2.123261648511451, 50.878496528638252 ], [ 2.123607570709267, 50.878482745272578 ], [ 2.12388878972832, 50.878419540242717 ], [ 2.124030685890704, 50.878271857254767 ], [ 2.124119657088658, 50.877975122289307 ], [ 2.123982773951937, 50.87770983163162 ], [ 2.123923267856815, 50.87757516702451 ], [ 2.123912005685602, 50.877549463741047 ], [ 2.124008806944406, 50.877315402587087 ], [ 2.12430527735741, 50.877097097327756 ], [ 2.124670311092408, 50.876796734793672 ], [ 2.124671942857459, 50.87679262235811 ], [ 2.124788050895563, 50.876604839450813 ], [ 2.124813115156504, 50.876441541067614 ], [ 2.124773411867114, 50.876230863688569 ], [ 2.124539145247504, 50.875954119090366 ], [ 2.12430464250313, 50.875732844700394 ], [ 2.124175773639285, 50.875497377740984 ], [ 2.124183565396408, 50.875194325764255 ], [ 2.124364768515538, 50.874963498874322 ], [ 2.124534210837927, 50.8748312825035 ], [ 2.124786224578838, 50.874754657629794 ], [ 2.125005619090848, 50.87470881268333 ], [ 2.125345841786052, 50.874509068522059 ], [ 2.12527354869012, 50.874324026543036 ], [ 2.125072960595439, 50.874150075573581 ], [ 2.124789837673834, 50.873913305866004 ], [ 2.124352570135992, 50.87364648541039 ], [ 2.124174896727089, 50.873430433620527 ], [ 2.124289211805423, 50.873276549822215 ], [ 2.124744108635937, 50.873217745337008 ], [ 2.125156389270256, 50.873247224238803 ], [ 2.125333232556093, 50.873280395331236 ], [ 2.125837960826676, 50.872951499749902 ], [ 2.126633059823595, 50.87230463242814 ], [ 2.127022033067629, 50.87132113874911 ], [ 2.127107317040553, 50.871119923786409 ], [ 2.126909880123469, 50.870965495501466 ], [ 2.126788731710028, 50.87081838769295 ], [ 2.126830146585169, 50.870625313533388 ], [ 2.127033666753142, 50.87049108953763 ], [ 2.127209132222895, 50.870462629785941 ], [ 2.127315176951806, 50.87034363802033 ], [ 2.127242900428198, 50.870157575135202 ], [ 2.126989008703755, 50.86991983238886 ], [ 2.126749611835427, 50.869711898910573 ], [ 2.126539592943612, 50.869466014303526 ], [ 2.126519028411299, 50.869337567707198 ], [ 2.126501520691731, 50.869256387624546 ], [ 2.126501526174268, 50.869254325693575 ], [ 2.126386528517042, 50.869189418653754 ], [ 2.125913286536985, 50.868988272417369 ], [ 2.125710949948998, 50.868847180083733 ], [ 2.125718733038077, 50.868549269800873 ], [ 2.125769968082773, 50.868331580558596 ], [ 2.125715049956485, 50.868268815744401 ], [ 2.125557508744258, 50.868279842386656 ], [ 2.123755869441248, 50.868553085403633 ], [ 2.121317524796532, 50.868880652571789 ], [ 2.121106348260996, 50.868909052529119 ], [ 2.120488947550357, 50.869010699667157 ], [ 2.1203507876524, 50.869044357990944 ], [ 2.120248434373486, 50.869060611967974 ], [ 2.120188382381019, 50.869060508479315 ], [ 2.118895191576987, 50.869250325467817 ], [ 2.118822167972456, 50.869247126772123 ], [ 2.118783119733922, 50.86926450764085 ], [ 2.118779668819769, 50.869312789424349 ], [ 2.118709716387033, 50.869343484750054 ], [ 2.118591079222242, 50.869371013139585 ], [ 2.11844312879705, 50.869416991968585 ], [ 2.118368255478485, 50.869457942136847 ], [ 2.117853227243611, 50.869538179005204 ], [ 2.117669708984612, 50.869553275958545 ], [ 2.117408250932137, 50.869568221267535 ], [ 2.117307551662225, 50.869577277653534 ], [ 2.117247486523611, 50.869576151684534 ], [ 2.117179317827191, 50.869569863423585 ], [ 2.117116017393871, 50.869566672529288 ], [ 2.115858610652292, 50.869739054586042 ], [ 2.115790235185969, 50.869778988270639 ], [ 2.115671619383988, 50.869803431087171 ], [ 2.115650490669819, 50.86980340132407 ], [ 2.115645676078179, 50.869792096401838 ], [ 2.115647367873678, 50.86977771464958 ], [ 2.114615549640691, 50.869971042721694 ], [ 2.114576535039814, 50.869981235639436 ], [ 2.114529398261158, 50.869987326993346 ], [ 2.114493691085356, 50.869990336491469 ], [ 2.11445959133882, 50.869987191506873 ], [ 2.114432004221621, 50.869984072755635 ], [ 2.114388163637865, 50.869987064486892 ], [ 2.114358872740536, 50.870002431287695 ], [ 2.114308471833299, 50.870016707210887 ], [ 2.114224031084089, 50.870022733613894 ], [ 2.114152579235379, 50.870025689232968 ], [ 2.113908867409209, 50.870062213817434 ], [ 2.113613162675931, 50.870107917392339 ], [ 2.113585534502712, 50.870119171893116 ], [ 2.113538410284432, 50.870126263918301 ], [ 2.113489676952418, 50.870129260582338 ], [ 2.113397066650936, 50.87014245523627 ], [ 2.113314132795794, 50.870172094285756 ], [ 2.113096248199427, 50.870243614222282 ], [ 2.112901267701008, 50.870277160331383 ], [ 2.112540603961861, 50.870331968260942 ], [ 2.112386342628256, 50.870336835753363 ], [ 2.112240274368014, 50.870321161723766 ], [ 2.112086127543177, 50.870302387079562 ], [ 2.111887995273044, 50.870315369542709 ], [ 2.111795191697328, 50.87036861989057 ], [ 2.111653353996388, 50.870501917550698 ], [ 2.111636328995136, 50.870673440109513 ], [ 2.111654536946042, 50.870952896435298 ], [ 2.111831426130203, 50.871333338418012 ], [ 2.111903863399883, 50.871471125322984 ], [ 2.112045942166343, 50.871646023077965 ], [ 2.112303060688118, 50.871872508146012 ], [ 2.112529466690535, 50.872072208673714 ], [ 2.112576107270655, 50.872169893373183 ], [ 2.112476428603132, 50.872310458325195 ], [ 2.112483452906197, 50.872551878058175 ], [ 2.112548143720463, 50.872609532976831 ], [ 2.112630680571704, 50.872666173790449 ], [ 2.112904929463514, 50.873063221206479 ], [ 2.112916608496857, 50.873350877648612 ], [ 2.113004845899848, 50.873584246563929 ], [ 2.113132629491037, 50.873698503257913 ], [ 2.113166186904561, 50.873816713988731 ], [ 2.113365047604082, 50.874364627014444 ], [ 2.11346630318243, 50.874591841866796 ], [ 2.113641640263866, 50.874963019178715 ], [ 2.113984538760384, 50.87562007643335 ], [ 2.114177890381604, 50.875950181392113 ], [ 2.114383908639666, 50.87635943058654 ], [ 2.114525909090731, 50.876558986814359 ], [ 2.114812585258775, 50.87708341590244 ], [ 2.11496141068039, 50.877206968047574 ], [ 2.116370508156989, 50.877655335823583 ], [ 2.117221914889129, 50.877903414973055 ], [ 2.119014887284391, 50.878213756872086 ], [ 2.119158660021859, 50.878383531587112 ], [ 2.119036159857744, 50.878545619576073 ], [ 2.117742491295028, 50.878789871139489 ], [ 2.116206966499923, 50.87901107516231 ], [ 2.115937887578855, 50.879265368710307 ], [ 2.116122978983947, 50.879638610681148 ], [ 2.116426972290299, 50.880292517602925 ], [ 2.116629767259385, 50.880702758236495 ], [ 2.116896612533998, 50.881313459428142 ], [ 2.117107344119044, 50.881764813259288 ], [ 2.11728542312009, 50.882257193871048 ], [ 2.117425944659767, 50.882799855282236 ], [ 2.117532425200846, 50.88332704092808 ], [ 2.117653638205413, 50.883825503374275 ], [ 2.117666548336392, 50.883840929037468 ], [ 2.117760792431813, 50.883831846746482 ], [ 2.11798014535513, 50.883806573428494 ], [ 2.118067810921201, 50.883814940706564 ], [ 2.118093725641876, 50.883828336318913 ], [ 2.118080651723088, 50.883849884054754 ], [ 2.117997696665258, 50.883874400766913 ], [ 2.117838473218292, 50.883894654423152 ], [ 2.117750719930563, 50.883906825535391 ], [ 2.117719741924389, 50.883932450482007 ], [ 2.11770646709713, 50.88399305320403 ], [ 2.117714292958017, 50.884065996590778 ], [ 2.117867459013153, 50.884684696183875 ], [ 2.117945093517789, 50.884753669121565 ], [ 2.118138126314825, 50.884807423188704 ], [ 2.118532736552359, 50.884817359837399 ], [ 2.118808974612168, 50.884778814426973 ], [ 2.119012382372406, 50.88469186926752 ], [ 2.119298644520791, 50.884594778958359 ], [ 2.119432233633346, 50.884498451695293 ], [ 2.119556989787123, 50.884193567485688 ], [ 2.119599750323053, 50.884070374196412 ], [ 2.119650443467926, 50.883993399944465 ], [ 2.119955159994502, 50.8837617726658 ], [ 2.120222133430306, 50.88361329617085 ] ] ] ] } },
{ "type": "Feature", "properties": { "fid": 31, "CODE_AZI": "AZI15", "VALLEE": "Hem", "ANNEE": "2003", "CODE_CRUE": "2", "NATURE": "Crue centennale" }, "geometry": { "type": "MultiPolygon", "coordinates": [ [ [ [ 1.985657633809615, 50.789991931975891 ], [ 1.985623682997268, 50.789978480968678 ], [ 1.9855911639224, 50.789993793152192 ], [ 1.985527918739583, 50.789997722803818 ], [ 1.985469658253529, 50.789983172720042 ], [ 1.985447184903776, 50.789950233692778 ], [ 1.985387447060095, 50.789918212379668 ], [ 1.98530365136679, 50.789847092321793 ], [ 1.985227855407278, 50.789795498743032 ], [ 1.985127566257944, 50.789765409312373 ], [ 1.985094927016695, 50.789797178450804 ], [ 1.985164436511301, 50.789823052716606 ], [ 1.985245107341955, 50.78987362489319 ], [ 1.985312812181495, 50.789928275950885 ], [ 1.98538707681294, 50.789969585721437 ], [ 1.985407943222517, 50.790000469425991 ], [ 1.985453132146006, 50.790027306634748 ], [ 1.985527711113129, 50.790027533812328 ], [ 1.985623442389539, 50.79001443845101 ], [ 1.985657633809615, 50.789991931975891 ] ] ] ] } },
{ "type": "Feature", "properties": { "fid": 32, "CODE_AZI": "AZI15", "VALLEE": "Hem", "ANNEE": "2003", "CODE_CRUE": "2", "NATURE": "Crue centennale" }, "geometry": { "type": "MultiPolygon", "coordinates": [ [ [ [ 2.11998091039966, 50.854147554575661 ], [ 2.120455341319395, 50.854037432471493 ], [ 2.121199308099883, 50.85389491580171 ], [ 2.121387744533197, 50.853859288159825 ], [ 2.121785735654784, 50.853777790654199 ], [ 2.122351058176588, 50.85366473826371 ], [ 2.122952067446727, 50.853550733267824 ], [ 2.124147614252731, 50.853316523072408 ], [ 2.124305210226917, 50.853278772413709 ], [ 2.124693233447356, 50.853252730003213 ], [ 2.124693500271821, 50.853192132483741 ], [ 2.12469514394433, 50.853189040986216 ], [ 2.124682152920319, 50.853189029825025 ], [ 2.124479282296982, 50.853188665870903 ], [ 2.12414961596315, 50.853230232554097 ], [ 2.123996909446724, 50.853262832304132 ], [ 2.12360541187701, 50.853342280487482 ], [ 2.123027130034235, 50.853457369472565 ], [ 2.122734738840745, 50.853515430609193 ], [ 2.122585294239301, 50.853544948546926 ], [ 2.122409837983986, 50.853579588344907 ], [ 2.122223052829104, 50.85361006410524 ], [ 2.122083392862662, 50.853632423272757 ], [ 2.121813721790548, 50.853686418149621 ], [ 2.121394611432449, 50.853772991989416 ], [ 2.121219166161177, 50.853808651187336 ], [ 2.120931618626338, 50.853865681203331 ], [ 2.120861776938425, 50.853880964020419 ], [ 2.120551447633975, 50.853952326653086 ], [ 2.12028988174712, 50.854014543420909 ], [ 2.120064029021103, 50.854072707571895 ], [ 2.11992602086751, 50.854082723886776 ], [ 2.11983187928765, 50.854080517574396 ], [ 2.119257414131913, 50.854063066197263 ], [ 2.119041617791127, 50.854043163037964 ], [ 2.118645921950288, 50.853966433030429 ], [ 2.118511417956208, 50.8539251022356 ], [ 2.118367186053059, 50.853875534475101 ], [ 2.118329524320209, 50.853948399706439 ], [ 2.118559562504083, 50.854046401232551 ], [ 2.118729851861707, 50.854074451751863 ], [ 2.119042958235696, 50.854105833885136 ], [ 2.119313987562333, 50.854115556989541 ], [ 2.119719638680728, 50.854140924801044 ], [ 2.119893291120022, 50.854141230286231 ], [ 2.11998091039966, 50.854147554575661 ] ] ] ] } },
{ "type": "Feature", "properties": { "fid": 33, "CODE_AZI": "AZI15", "VALLEE": "Hem", "ANNEE": "2003", "CODE_CRUE": "1", "NATURE": "Crue décennale" }, "geometry": { "type": "MultiPolygon", "coordinates": [ [ [ [ 1.981214079719295, 50.788477112478219 ], [ 1.981166835906586, 50.788510883507499 ], [ 1.981147083384872, 50.788549884962528 ], [ 1.981180810759044, 50.78859519043921 ], [ 1.981278749734031, 50.788726975747835 ], [ 1.981283327432018, 50.7887660361013 ], [ 1.981174205744634, 50.78883558076712 ], [ 1.98115276776197, 50.788886881950276 ], [ 1.981165387795977, 50.78893728049173 ], [ 1.98121346714827, 50.789012416012497 ], [ 1.981276181989182, 50.789082465517907 ], [ 1.981294942030333, 50.789182168382013 ], [ 1.981315642617013, 50.789231551801244 ], [ 1.98140288828808, 50.789270847885604 ], [ 1.981550439730966, 50.78926612824992 ], [ 1.981590762460751, 50.789291926011934 ], [ 1.981682826547135, 50.789340491440221 ], [ 1.981770127801251, 50.789372579794481 ], [ 1.98186401979103, 50.789391347282432 ], [ 1.981896011090271, 50.789450012992461 ], [ 1.982018891379755, 50.789493504255177 ], [ 1.982117705184632, 50.789499958215387 ], [ 1.982318937237787, 50.789470749074994 ], [ 1.982432266164024, 50.789488533723379 ], [ 1.982534368914361, 50.789490889699785 ], [ 1.982664028447774, 50.789492289431081 ], [ 1.982773999436963, 50.789529587790149 ], [ 1.982934143371176, 50.789575244578508 ], [ 1.983100834800633, 50.78961270556816 ], [ 1.983270850263108, 50.78963683881085 ], [ 1.983377794951383, 50.789644319209138 ], [ 1.983500939472807, 50.789650850569402 ], [ 1.983504143332176, 50.789653940085223 ], [ 1.983581858614408, 50.789669570912963 ], [ 1.983602900041477, 50.78967374705492 ], [ 1.983696937792523, 50.78966886837798 ], [ 1.983755384932498, 50.789654649246884 ], [ 1.983818727677922, 50.789638387753349 ], [ 1.983959842835014, 50.789624422648671 ], [ 1.984037647783231, 50.789623615880309 ], [ 1.984095776420413, 50.789656645857065 ], [ 1.984179035130549, 50.789800722452412 ], [ 1.984233500354071, 50.789895410157428 ], [ 1.984293138150125, 50.789942848129776 ], [ 1.984422450331692, 50.789991495026591 ], [ 1.984560034650998, 50.79002066780243 ], [ 1.984694385053985, 50.79004673067422 ], [ 1.984897303070963, 50.790005177582998 ], [ 1.985094927016695, 50.789797178450804 ], [ 1.985127566257944, 50.789765409312373 ], [ 1.985227855407278, 50.789795498743032 ], [ 1.98530365136679, 50.789847092321793 ], [ 1.985387447060095, 50.789918212379668 ], [ 1.985447184903776, 50.789950233692778 ], [ 1.985469658253529, 50.789983172720042 ], [ 1.985527918739583, 50.789997722803818 ], [ 1.9855911639224, 50.789993793152192 ], [ 1.985623682997268, 50.789978480968678 ], [ 1.985657633809615, 50.789991931975891 ], [ 1.985668946855299, 50.789997109705766 ], [ 1.98575174678317, 50.789978843355826 ], [ 1.985753364577999, 50.789978856532585 ], [ 1.985857348226888, 50.789944204487547 ], [ 1.985933720285161, 50.789917716706505 ], [ 1.986081610785618, 50.789864701483268 ], [ 1.986107691036735, 50.78984321002428 ], [ 1.986112772782443, 50.789812397552325 ], [ 1.986100059680399, 50.78977537353591 ], [ 1.986129820510627, 50.789694286616943 ], [ 1.986164055717315, 50.789663571344313 ], [ 1.986220807789543, 50.789660649674239 ], [ 1.986290424356014, 50.789675231795478 ], [ 1.986340641008193, 50.789678443656449 ], [ 1.986590318586809, 50.789671966503498 ], [ 1.986684529260765, 50.789643461058347 ], [ 1.986849942368156, 50.789632633637332 ], [ 1.98693604201496, 50.789605143195594 ], [ 1.986949038477395, 50.789601064335557 ], [ 1.987009514102265, 50.789530338164575 ], [ 1.987113365239449, 50.78951420430721 ], [ 1.987205751319618, 50.789515476317845 ], [ 1.987249419594181, 50.789529987011171 ], [ 1.987296258742778, 50.789553753604217 ], [ 1.987394616694591, 50.789628014070288 ], [ 1.987557880853674, 50.789693191639216 ], [ 1.987755226328592, 50.789753340211455 ], [ 1.988127531863994, 50.789824260541216 ], [ 1.988635731463671, 50.789935626657218 ], [ 1.988781288471158, 50.789984320845001 ], [ 1.988954285082082, 50.790045431014541 ], [ 1.989043230655227, 50.790076506422679 ], [ 1.989090308038697, 50.790067398206617 ], [ 1.989186027322717, 50.790056362278435 ], [ 1.989317219699909, 50.790071122152852 ], [ 1.989377067856755, 50.790088746668857 ], [ 1.989474017016978, 50.790133201313402 ], [ 1.989462574107832, 50.790146523156729 ], [ 1.989444616301925, 50.790164977812566 ], [ 1.9894313943744, 50.790199868870438 ], [ 1.989447281337666, 50.790246148374521 ], [ 1.989501801098983, 50.790332605056193 ], [ 1.989558047642385, 50.790401596562283 ], [ 1.989603076809602, 50.79045309795719 ], [ 1.98971790891933, 50.790490409495689 ], [ 1.989779547291386, 50.790484422445125 ], [ 1.989865690825309, 50.790448701356524 ], [ 1.990057367893094, 50.790390670778791 ], [ 1.990268285175658, 50.790365571826165 ], [ 1.990287710816904, 50.790366650348183 ], [ 1.990388196751818, 50.790372070135703 ], [ 1.990478847900397, 50.790389803690218 ], [ 1.99052729651869, 50.790415624304018 ], [ 1.990666279011794, 50.790475595345221 ], [ 1.990698581627081, 50.790492134995198 ], [ 1.990696201386274, 50.790601034994722 ], [ 1.990668344223786, 50.790644096611061 ], [ 1.990613047672197, 50.790671679097876 ], [ 1.990501095032007, 50.790686789125751 ], [ 1.990479924699992, 50.790698030000371 ], [ 1.990458720346989, 50.790718520724489 ], [ 1.990427510033706, 50.790774929741659 ], [ 1.990420833626149, 50.790804708278131 ], [ 1.990459425949222, 50.79084694705341 ], [ 1.990486820249262, 50.790873738222579 ], [ 1.990551308341953, 50.79092323460663 ], [ 1.990573969107826, 50.790927402659314 ], [ 1.990599928888294, 50.790925430698572 ], [ 1.990703063640221, 50.791009958256183 ], [ 1.990823105351182, 50.790997976956298 ], [ 1.990922072025385, 50.790987967111654 ], [ 1.991105318437637, 50.790974095057024 ], [ 1.991246445264735, 50.790961142925781 ], [ 1.991288541536676, 50.790967430433554 ], [ 1.991322483896039, 50.790982922026274 ], [ 1.991351464929693, 50.791012809222728 ], [ 1.991318690532433, 50.791062037918692 ], [ 1.991297252051229, 50.791112319478145 ], [ 1.991297175912298, 50.791126694592251 ], [ 1.991306390070327, 50.791199668995013 ], [ 1.991331976269562, 50.791248028927342 ], [ 1.991381936251091, 50.79129132050727 ], [ 1.991460997483234, 50.791341895463141 ], [ 1.991533639305732, 50.791388333910206 ], [ 1.991637075024037, 50.791433820351507 ], [ 1.991767939628531, 50.791496867741884 ], [ 1.991916505295103, 50.791578438378515 ], [ 1.991970120024509, 50.79156009185018 ], [ 1.992189989967295, 50.791643941176474 ], [ 1.992366200368898, 50.791711199083224 ], [ 1.992607454943313, 50.791755036751532 ], [ 1.992777631439173, 50.791759616792177 ], [ 1.992886436348861, 50.791728061327177 ], [ 1.992995154086028, 50.791712963052113 ], [ 1.993221562082813, 50.791790636583748 ], [ 1.993323648504063, 50.791797088022498 ], [ 1.993416198617164, 50.791773729799999 ], [ 1.99349439021131, 50.791717439589959 ], [ 1.993492909894053, 50.791699968542133 ], [ 1.993549601254699, 50.791703189755722 ], [ 1.993619244301593, 50.791713663425277 ], [ 1.993662810365804, 50.791742546678691 ], [ 1.993680137745293, 50.791817608583059 ], [ 1.993713677265262, 50.791889618003395 ], [ 1.993740777078304, 50.791955448676447 ], [ 1.993796818029808, 50.792056291177879 ], [ 1.993859543343025, 50.792128396193796 ], [ 1.993922344626355, 50.792186106059219 ], [ 1.994035374829662, 50.792251129191527 ], [ 1.994124328411252, 50.792279117509956 ], [ 1.994176122724676, 50.792290567905304 ], [ 1.994250631666987, 50.792298998232518 ], [ 1.994349108054033, 50.792126664439046 ], [ 1.994468511296881, 50.791971858469786 ], [ 1.994543689592438, 50.79188164625868 ], [ 1.994594312654004, 50.791825272937317 ], [ 1.994646031426891, 50.791851098245651 ], [ 1.99461000308085, 50.791901342591395 ], [ 1.994666639683687, 50.791917937463552 ], [ 1.994849314431212, 50.791990369582564 ], [ 1.995064337088241, 50.792074194625762 ], [ 1.995398854627735, 50.79222203216495 ], [ 1.995736544654263, 50.792385311171259 ], [ 1.99601437419643, 50.792529906755554 ], [ 1.996285786422169, 50.792664218789696 ], [ 1.996421472398461, 50.792732405533137 ], [ 1.996603687185043, 50.792876749690549 ], [ 1.996747126704512, 50.792995293373444 ], [ 1.996895587881387, 50.793096398254917 ], [ 1.997030938406795, 50.79321491644842 ], [ 1.997079361856824, 50.793243817514252 ], [ 1.997250687118179, 50.79331929792491 ], [ 1.997388036153564, 50.793382351306654 ], [ 1.997494516686737, 50.793460712992037 ], [ 1.997589693908561, 50.793525709127437 ], [ 1.997736698789798, 50.793602134303661 ], [ 1.997856282766334, 50.793655894187658 ], [ 1.998077663132503, 50.793761308349282 ], [ 1.998365225507698, 50.793906957647948 ], [ 1.998643008715185, 50.794057713251554 ], [ 1.998839954502683, 50.794180528649328 ], [ 1.998999551362232, 50.794311432635673 ], [ 1.999118812726249, 50.794416564533613 ], [ 1.999175181519164, 50.794471176472726 ], [ 1.999270415435297, 50.794528963806961 ], [ 1.999338320477595, 50.794554836999161 ], [ 1.999429034328119, 50.794568439862381 ], [ 1.999537526226369, 50.79458620985698 ], [ 1.999712284582986, 50.794633944041102 ], [ 1.999877334951353, 50.794678576724444 ], [ 2.00001334464165, 50.794703594933672 ], [ 2.000155952713746, 50.794710145906372 ], [ 2.000421688912897, 50.794729377834152 ], [ 2.000598224239946, 50.794752458304309 ], [ 2.000763391090842, 50.794780652959751 ], [ 2.000858867128767, 50.794806586403766 ], [ 2.000955825370408, 50.79485309401764 ], [ 2.00105916322956, 50.794911926068771 ], [ 2.001149701517639, 50.794951214230963 ], [ 2.001245272252309, 50.794958668042298 ], [ 2.001342595697507, 50.794951740189759 ], [ 2.001461141231866, 50.794923298866003 ], [ 2.001540759903314, 50.7948947455397 ], [ 2.001631943764389, 50.794837453543302 ], [ 2.001701926318729, 50.794797570624802 ], [ 2.001781575710206, 50.794762870705654 ], [ 2.001877457420443, 50.7947302429533 ], [ 2.002018676308456, 50.79470084158563 ], [ 2.002025595531001, 50.794637147727279 ], [ 2.002019310573304, 50.79460630387738 ], [ 2.002052554929335, 50.794484137163309 ], [ 2.002109830848466, 50.794406210905457 ], [ 2.002210836185154, 50.794332499212516 ], [ 2.002214622398275, 50.794251361257615 ], [ 2.002022572795825, 50.794124465904531 ], [ 2.001802269318985, 50.79409919457877 ], [ 2.001663616426628, 50.793987863120378 ], [ 2.001579780226117, 50.793918796530455 ], [ 2.00167623295641, 50.793797817301233 ], [ 2.001422575927065, 50.793673850716537 ], [ 2.001127627030972, 50.793657630062405 ], [ 2.0009961291681, 50.793685026169641 ], [ 2.00099910479548, 50.79372407253075 ], [ 2.001008354400865, 50.793796004971007 ], [ 2.000868880759811, 50.793803855747178 ], [ 2.000709938470953, 50.793815754714998 ], [ 2.000653182300427, 50.793818682930343 ], [ 2.000593169466889, 50.793822626116352 ], [ 2.000536381671601, 50.793831720738481 ], [ 2.000529899423748, 50.793830667620817 ], [ 2.000466670706071, 50.793833583844616 ], [ 2.000413140086124, 50.793838580064723 ], [ 2.000382324883995, 50.793840535100308 ], [ 2.000351530234831, 50.793838405846437 ], [ 2.000312656372817, 50.793831106166891 ], [ 2.000294857701035, 50.79382798003045 ], [ 2.000291611718111, 50.793826932859602 ], [ 2.000273834010725, 50.793819702419675 ], [ 2.000235022348914, 50.793806236500643 ], [ 2.000168725220765, 50.793782418856907 ], [ 2.000138003489091, 50.793772061175034 ], [ 2.000087834850654, 50.793755500748453 ], [ 1.999919655330332, 50.793696467423409 ], [ 1.999895395607346, 50.793688183793293 ], [ 1.99988084401988, 50.793683001415893 ], [ 1.99986628173776, 50.793679881196681 ], [ 1.999796686763778, 50.79366222363987 ], [ 1.999706036694181, 50.793642454809685 ], [ 1.999650993373971, 50.793629979568841 ], [ 1.999617015320324, 50.793620636749488 ], [ 1.999570092952408, 50.793608186663803 ], [ 1.999502157336897, 50.79358848002299 ], [ 1.999489213421228, 50.793585352738887 ], [ 1.999455245742149, 50.793573967733238 ], [ 1.999335545779299, 50.793533563004786 ], [ 1.999204540073226, 50.793489042917088 ], [ 1.999196460438439, 50.793486955783173 ], [ 1.999175426434099, 50.793480740156525 ], [ 1.999112303795978, 50.793466177538868 ], [ 1.999054045424778, 50.793452655076123 ], [ 1.999049171096535, 50.793450593695212 ], [ 1.999039493592266, 50.793447492617219 ], [ 1.998955359190317, 50.793419506589942 ], [ 1.998869657532182, 50.793390506813907 ], [ 1.998834072218008, 50.793379108629189 ], [ 1.998803330302676, 50.793369791598209 ], [ 1.998722452159705, 50.793343873812624 ], [ 1.998693328594149, 50.79333454974379 ], [ 1.998644809254588, 50.793321065347143 ], [ 1.998588179834454, 50.793305493512015 ], [ 1.998521822042697, 50.793287841234772 ], [ 1.99845547398263, 50.793271230134472 ], [ 1.998415003535437, 50.793262895920776 ], [ 1.998376161089952, 50.793255595900696 ], [ 1.998338906033064, 50.793248308636223 ], [ 1.998272537361611, 50.793235781722643 ], [ 1.998267682849795, 50.793235782717268 ], [ 1.998264436961089, 50.793234735494714 ], [ 1.998236910319091, 50.793229528635706 ], [ 1.998189978295267, 50.793219120165681 ], [ 1.998183495801903, 50.793218086947661 ], [ 1.998181867818964, 50.7932170527382 ], [ 1.998128484544068, 50.793202527916542 ], [ 1.998099371249878, 50.793194224901043 ], [ 1.998071875867102, 50.793185934895405 ], [ 1.998050801230963, 50.79318176097329 ], [ 1.998016791860083, 50.793178584176907 ], [ 1.997987626224597, 50.793177468549068 ], [ 1.997968178876403, 50.793177412180434 ], [ 1.997942217817576, 50.793179405688093 ], [ 1.997919523487154, 50.793181405454952 ], [ 1.997872465940337, 50.793186412659693 ], [ 1.997835167977807, 50.793190417207391 ], [ 1.997801096141605, 50.793193406571795 ], [ 1.997710268895652, 50.793199322839953 ], [ 1.997669725036417, 50.793202280100886 ], [ 1.99763080946299, 50.793203208228533 ], [ 1.997608125899867, 50.793203145777298 ], [ 1.997577342679739, 50.793198953693832 ], [ 1.997554680302871, 50.793194786928936 ], [ 1.997523959599562, 50.793184428612783 ], [ 1.997488396329138, 50.793168905717557 ], [ 1.997456110534922, 50.793148283608808 ], [ 1.997404493554211, 50.793111148025645 ], [ 1.997364223601768, 50.793073022596865 ], [ 1.997320738719599, 50.793030786813546 ], [ 1.997309465853027, 50.793020464892976 ], [ 1.99728855809231, 50.792998833145006 ], [ 1.997286930134962, 50.79299779892353 ], [ 1.997285322642039, 50.792995743753394 ], [ 1.997253131597432, 50.792962788897945 ], [ 1.997238654586646, 50.792946294466248 ], [ 1.997209668518338, 50.792916428744704 ], [ 1.997195201194005, 50.792900975520062 ], [ 1.997179169224822, 50.792875238491249 ], [ 1.997167959320826, 50.792855686994592 ], [ 1.99716321172938, 50.792835126378883 ], [ 1.997161698823245, 50.79282073851536 ], [ 1.997163369204601, 50.792813564126405 ], [ 1.997168276166617, 50.792806375757124 ], [ 1.997171543621327, 50.792803298684078 ], [ 1.997173181977003, 50.792802290763532 ], [ 1.997179665143961, 50.792800240677451 ], [ 1.997191054118609, 50.792794105596705 ], [ 1.997225178202192, 50.792783928979397 ], [ 1.997291693431517, 50.792776916330595 ], [ 1.997400339198059, 50.792770022603158 ], [ 1.997486374476465, 50.792754857940004 ], [ 1.997502628261389, 50.792746679722093 ], [ 1.997512389230637, 50.792739510392401 ], [ 1.99751730580055, 50.792733363222055 ], [ 1.997518965735183, 50.792728230971491 ], [ 1.997518986922107, 50.792724126664595 ], [ 1.997519060223386, 50.792715898278033 ], [ 1.997512631379563, 50.792704574229049 ], [ 1.997498153228083, 50.792691183197377 ], [ 1.997486859540094, 50.792681902255438 ], [ 1.997459416989127, 50.79266642468891 ], [ 1.997412591300276, 50.792638557720153 ], [ 1.997339910208226, 50.792598289257974 ], [ 1.997327008349643, 50.792590036487667 ], [ 1.997310840205438, 50.792581757416734 ], [ 1.997243075117398, 50.792538425089056 ], [ 1.99721239730529, 50.792519858069646 ], [ 1.997167200979913, 50.792489921848443 ], [ 1.997120374866877, 50.792465138121351 ], [ 1.997079989831783, 50.792443449570499 ], [ 1.997065470532749, 50.792432120401024 ], [ 1.997059040316504, 50.792426963041919 ], [ 1.997057412382474, 50.792425928816556 ], [ 1.997057432851234, 50.792424907867016 ], [ 1.997055815730368, 50.792421811477986 ], [ 1.997038176522818, 50.792394019237122 ], [ 1.997018961157279, 50.792361088703522 ], [ 1.997010934666087, 50.79234875066102 ], [ 1.99700931755047, 50.792345654271095 ], [ 1.997006101870412, 50.792344627278815 ], [ 1.997004473940107, 50.792343593052614 ], [ 1.997002876535809, 50.792342559072281 ], [ 1.996964130396007, 50.792319842542121 ], [ 1.996909215906609, 50.792288866891056 ], [ 1.996851096635472, 50.792254802053883 ], [ 1.996833330878922, 50.79224550895303 ], [ 1.996831702955507, 50.792244474724477 ], [ 1.996828477634534, 50.792242406513061 ], [ 1.996825251912401, 50.792240358320242 ], [ 1.996820440017647, 50.792235193961631 ], [ 1.996810753605204, 50.792227988149214 ], [ 1.996794669505186, 50.792209438468717 ], [ 1.9967721351586, 50.792183689018117 ], [ 1.996762511362851, 50.792170316972758 ], [ 1.996741615019471, 50.792146622940706 ], [ 1.996731950288325, 50.792135292792139 ], [ 1.996714269231634, 50.792112645772654 ], [ 1.996696609068391, 50.792088957781104 ], [ 1.996678917215446, 50.792068372919672 ], [ 1.996674105730219, 50.792060145211956 ], [ 1.996672519170592, 50.792057049062194 ], [ 1.996658032564005, 50.792039533344294 ], [ 1.996645204785469, 50.792019988759357 ], [ 1.996616303887037, 50.791979832297521 ], [ 1.996580942004013, 50.791934538211663 ], [ 1.996534349883359, 50.791873776823088 ], [ 1.99650701323968, 50.791843924172269 ], [ 1.996486075791429, 50.791822292005087 ], [ 1.996473195947401, 50.79180991480569 ], [ 1.996455451692691, 50.791796517332251 ], [ 1.996428000303276, 50.791779998302907 ], [ 1.996389264501387, 50.791758322789804 ], [ 1.996347252456187, 50.791735599743056 ], [ 1.996311711063308, 50.791719055527558 ], [ 1.996268069583273, 50.791701464941497 ], [ 1.996227673879461, 50.791684921617716 ], [ 1.996183980235446, 50.79167145508702 ], [ 1.996151642898498, 50.791661083367416 ], [ 1.996122500303046, 50.791652779624769 ], [ 1.996099859235061, 50.791647591635183 ], [ 1.99607881593642, 50.791643417615965 ], [ 1.996052888160443, 50.79163922423691 ], [ 1.996030215761185, 50.79163711935113 ], [ 1.995996207567766, 50.791633941996032 ], [ 1.995932993305832, 50.791631710440434 ], [ 1.995863295980685, 50.791631528874326 ], [ 1.995769266997568, 50.79163433453482 ], [ 1.995696281704244, 50.791638250867599 ], [ 1.995624934306094, 50.791644222599686 ], [ 1.995584361057493, 50.791647178943265 ], [ 1.995516270238215, 50.791652135741948 ], [ 1.995498400336237, 50.791654133938927 ], [ 1.995462741677916, 50.791657129885827 ], [ 1.995384881867473, 50.791662047853052 ], [ 1.995368680836927, 50.791663038378836 ], [ 1.995354067534137, 50.791664021689762 ], [ 1.995347595322898, 50.791664009518456 ], [ 1.995329766819349, 50.791663945771667 ], [ 1.995305435177072, 50.791663889621205 ], [ 1.995261688571758, 50.7916606735401 ], [ 1.995227659503203, 50.791658536944489 ], [ 1.995198515321777, 50.791656399711044 ], [ 1.995159633175046, 50.791651160590376 ], [ 1.995127263788448, 50.791646955083706 ], [ 1.995107797405681, 50.791644835856445 ], [ 1.995085145954554, 50.791641689829696 ], [ 1.995062474473597, 50.791636501405044 ], [ 1.995039833924986, 50.791631293203999 ], [ 1.995028487732687, 50.791629219472654 ], [ 1.995000994119878, 50.791620908751391 ], [ 1.994981600183371, 50.79161366448696 ], [ 1.994916937080022, 50.791587814921762 ], [ 1.994899130894169, 50.791580563436874 ], [ 1.994866878118413, 50.791559920835638 ], [ 1.995057360298419, 50.791438183408729 ], [ 1.99505251685618, 50.791436122111492 ], [ 1.995050888995824, 50.791435087858375 ], [ 1.995037976918371, 50.791428897003129 ], [ 1.995023405980353, 50.791424734991736 ], [ 1.994979712003635, 50.791414351397265 ], [ 1.994914995860021, 50.791398752600578 ], [ 1.994829216650466, 50.791376937143696 ], [ 1.994811409255923, 50.79137278902661 ], [ 1.994777433637251, 50.791363444856103 ], [ 1.994685235626786, 50.791334409646481 ], [ 1.994638348057878, 50.791318874543308 ], [ 1.994630238036078, 50.791316806878854 ], [ 1.994617305523069, 50.791311636929777 ], [ 1.994573654480721, 50.79129608788773 ], [ 1.994544573918083, 50.791284720918782 ], [ 1.994513834489367, 50.791275382781635 ], [ 1.994476623827173, 50.791262949055962 ], [ 1.994416783393415, 50.7912432648532 ], [ 1.994369875470076, 50.791228750597924 ], [ 1.994334282194293, 50.791219393239736 ], [ 1.994303552443176, 50.791211096266032 ], [ 1.99427926340145, 50.791205894629883 ], [ 1.994240434083483, 50.791196531131064 ], [ 1.994198358706863, 50.791186140306927 ], [ 1.994157869723795, 50.79117884565435 ], [ 1.99410770439679, 50.791168429498271 ], [ 1.99404780034706, 50.791157994717246 ], [ 1.994002447909511, 50.791149639608982 ], [ 1.993983032823843, 50.791146499500066 ], [ 1.993950632934611, 50.791142313456646 ], [ 1.99392635395594, 50.791138132948809 ], [ 1.993858307993081, 50.791131776829602 ], [ 1.993785428677856, 50.791124380523542 ], [ 1.993727069062278, 50.791122167045806 ], [ 1.993683301128167, 50.791123074742771 ], [ 1.993647633154874, 50.791125028956209 ], [ 1.993608677076126, 50.791131081098044 ], [ 1.993581109056589, 50.791134081826407 ], [ 1.993512945753619, 50.791144182573134 ], [ 1.993488623777308, 50.791148210611986 ], [ 1.993439917956933, 50.791156306218973 ], [ 1.993373392796746, 50.791168442342673 ], [ 1.993331189611102, 50.79117655042748 ], [ 1.993279268611452, 50.791183598863746 ], [ 1.993217577733145, 50.791193691708081 ], [ 1.99314620912816, 50.791203766340359 ], [ 1.99309590691066, 50.791207744415978 ], [ 1.99306186666604, 50.791210732740495 ], [ 1.993027795892193, 50.791213720808827 ], [ 1.992996972170685, 50.791214652847636 ], [ 1.992932128339907, 50.79121757223578 ], [ 1.992865657096184, 50.791219437289485 ], [ 1.992813778516564, 50.791221340246537 ], [ 1.992752151208169, 50.791222203278565 ], [ 1.992713247051001, 50.791224151071027 ], [ 1.99267108728204, 50.791224030282301 ], [ 1.992643550708001, 50.79122394768514 ], [ 1.992598165455849, 50.791221778567404 ], [ 1.992552801170878, 50.791218568463925 ], [ 1.992497719102025, 50.791214298648761 ], [ 1.992450768155459, 50.791208012319807 ], [ 1.992405414896841, 50.791202739995555 ], [ 1.992347108432265, 50.791193338438489 ], [ 1.99228721572893, 50.791180840644437 ], [ 1.992241884131001, 50.791171463944956 ], [ 1.992212761981791, 50.791165221695977 ], [ 1.992193348057782, 50.791158997943413 ], [ 1.992172325858041, 50.791153802310717 ], [ 1.99214644085793, 50.791144482849319 ], [ 1.992114115310823, 50.791132067925261 ], [ 1.992072084098551, 50.791113447731902 ], [ 1.992020386920208, 50.791089683741049 ], [ 1.991946104534961, 50.791050420141929 ], [ 1.991894408555282, 50.791023572731135 ], [ 1.991831440274054, 50.790989486215643 ], [ 1.991812048119592, 50.790979158085428 ], [ 1.991760394923298, 50.790947165329676 ], [ 1.991668380930489, 50.790892461244788 ], [ 1.991540829055257, 50.790818128122559 ], [ 1.991532781791995, 50.790812957364203 ], [ 1.991502096516846, 50.790796431040533 ], [ 1.991395533230405, 50.79073654336127 ], [ 1.99130188121515, 50.790682866854802 ], [ 1.991293792423404, 50.790679758001254 ], [ 1.991276039308036, 50.790668401917543 ], [ 1.991214690827563, 50.790631244809965 ], [ 1.991159813391112, 50.790597183426613 ], [ 1.991142069867815, 50.790586868539862 ], [ 1.991119473622995, 50.790573450980283 ], [ 1.991051643780044, 50.790535240178407 ], [ 1.99095799178234, 50.790484626746604 ], [ 1.990890151116334, 50.790448478020949 ], [ 1.99086591619247, 50.790436088272813 ], [ 1.990825566027955, 50.790414397876205 ], [ 1.990786792516381, 50.790394762480574 ], [ 1.990765803594698, 50.790383400115168 ], [ 1.990751243984552, 50.790377195446901 ], [ 1.990730244005227, 50.790367895244628 ], [ 1.990717332737172, 50.790361703931779 ], [ 1.99071408719281, 50.790360656508028 ], [ 1.990712459456973, 50.790359622196576 ], [ 1.990710863392534, 50.790355504763859 ], [ 1.990693162794571, 50.790340044518629 ], [ 1.990656104119829, 50.7903050261096 ], [ 1.990631976580406, 50.790278241410192 ], [ 1.990601408717376, 50.790248361165503 ], [ 1.990580474487817, 50.790226727954355 ], [ 1.990569182637878, 50.790217446350937 ], [ 1.990565978306565, 50.790214357019345 ], [ 1.990556293589261, 50.79020713068013 ], [ 1.990546607717934, 50.790202987709456 ], [ 1.990527205051618, 50.790194721536977 ], [ 1.990504576305159, 50.790187470349345 ], [ 1.990486770096043, 50.790183301588208 ], [ 1.990468952805896, 50.79018119499446 ], [ 1.990454381044493, 50.790180135829083 ], [ 1.990438150275311, 50.790181105449875 ], [ 1.990423557911417, 50.790181067232837 ], [ 1.990368423297248, 50.790184003931877 ], [ 1.990353840852466, 50.790184986906041 ], [ 1.990329499248931, 50.790186971935277 ], [ 1.990272746819978, 50.790189895474576 ], [ 1.990237079378288, 50.790191848714585 ], [ 1.990209501756938, 50.790193827501817 ], [ 1.990194909389445, 50.790193789257984 ], [ 1.99015600711276, 50.790192652885892 ], [ 1.990102544179748, 50.790188395125085 ], [ 1.990007017512701, 50.790174766285638 ], [ 1.98994709489365, 50.790165350469636 ], [ 1.98991961243519, 50.790158079827151 ], [ 1.989896942161305, 50.790152890451175 ], [ 1.989884031456026, 50.790146679031366 ], [ 1.989874335741909, 50.790141514808511 ], [ 1.989864651138393, 50.790134288414862 ], [ 1.989855007767322, 50.790125020116427 ], [ 1.989848590494991, 50.790114736846249 ], [ 1.989846984599764, 50.790109598201376 ], [ 1.989843823154002, 50.790101363558293 ], [ 1.989840641890281, 50.790091086515929 ], [ 1.989840685925079, 50.790082857853591 ], [ 1.989850468086726, 50.79007466814322 ], [ 1.989865134570304, 50.790066498031173 ], [ 1.98987170294054, 50.790054177750164 ], [ 1.989870106955012, 50.790050060304786 ], [ 1.989863636152468, 50.790046964478684 ], [ 1.989832918971786, 50.790036604217519 ], [ 1.989776306715544, 50.790018986149484 ], [ 1.989748825568074, 50.790008632097503 ], [ 1.989653439421812, 50.789974461600082 ], [ 1.989533787718377, 50.789930964115548 ], [ 1.989483647670254, 50.789913358384958 ], [ 1.989467480059656, 50.789908181652535 ], [ 1.989441606108372, 50.789899882811646 ], [ 1.989396286926621, 50.789888462906852 ], [ 1.989304051863495, 50.789864568945603 ], [ 1.989169742453148, 50.789833365742979 ], [ 1.989046747811431, 50.789804256447788 ], [ 1.989003056892997, 50.789793850713764 ], [ 1.988959354846769, 50.78978550713537 ], [ 1.988944805525483, 50.789780323450593 ], [ 1.988928606232877, 50.789778229770569 ], [ 1.98885575277291, 50.789763642871378 ], [ 1.988791008881739, 50.789751123979194 ], [ 1.988690662299534, 50.789731328251953 ], [ 1.98856276197832, 50.789706303153324 ], [ 1.988476987151867, 50.789687566640026 ], [ 1.988439798525901, 50.78967719350144 ], [ 1.988415542649784, 50.789668907586488 ], [ 1.988388041331429, 50.789659574181407 ], [ 1.988362167282574, 50.789651295131982 ], [ 1.988316923381164, 50.78963164641096 ], [ 1.988291060936847, 50.789621285156237 ], [ 1.98826197330099, 50.789608875473419 ], [ 1.988242550594615, 50.789601629890264 ], [ 1.988205395207064, 50.789585090184133 ], [ 1.988203798072553, 50.78958405608666 ], [ 1.988202170413758, 50.789583021741137 ], [ 1.988127827887654, 50.789553025416517 ], [ 1.988066407355576, 50.789527158471024 ], [ 1.988042141741218, 50.789517851281026 ], [ 1.988035680993175, 50.78951577655814 ], [ 1.987977528357629, 50.789486832718431 ], [ 1.987929081952953, 50.789461011077201 ], [ 1.9878967903824, 50.789445511902976 ], [ 1.987882231400545, 50.789439306890735 ], [ 1.987845065060692, 50.78942482924522 ], [ 1.987809496268231, 50.789411365672358 ], [ 1.987760984990137, 50.78939479358575 ], [ 1.987714039411915, 50.789382318690173 ], [ 1.9876590661462, 50.789366755195999 ], [ 1.987597517296838, 50.789356303885789 ], [ 1.987524663495764, 50.789344799572341 ], [ 1.987456652653937, 50.789335356815243 ], [ 1.987403200320358, 50.789332139110471 ], [ 1.987346472467833, 50.789327853602742 ], [ 1.987294627114307, 50.789326691161236 ], [ 1.987226530540805, 50.789327518854527 ], [ 1.98716328632797, 50.789331449340779 ], [ 1.987098423925368, 50.789335386654265 ], [ 1.98703680731918, 50.789340351436472 ], [ 1.986957310458351, 50.789349355320766 ], [ 1.9868599531786, 50.789361417357561 ], [ 1.986741498912453, 50.789379574531374 ], [ 1.986686331652045, 50.789388676102412 ], [ 1.98662300139589, 50.789402876888666 ], [ 1.986536987866339, 50.789420096548476 ], [ 1.986457436358458, 50.789436307581006 ], [ 1.986420108341914, 50.789443391859095 ], [ 1.986376287706501, 50.789451484441187 ], [ 1.986304900534123, 50.789459512779715 ], [ 1.986256237382184, 50.789465523657242 ], [ 1.986222167389848, 50.789468509872556 ], [ 1.986173535763826, 50.789471457612294 ], [ 1.986132984002704, 50.789473409954248 ], [ 1.986087578902601, 50.789475322765881 ], [ 1.986069750784687, 50.789475277712576 ], [ 1.986035712733202, 50.789475180752852 ], [ 1.985923901961702, 50.789472808655127 ], [ 1.985790975900712, 50.789471405734105 ], [ 1.985773147784525, 50.789471360638366 ], [ 1.985768294043255, 50.789471341127403 ], [ 1.985645095120188, 50.789472019474239 ], [ 1.98553648834749, 50.789472736490367 ], [ 1.985478120138617, 50.789472561296662 ], [ 1.985465176287477, 50.789472535927864 ], [ 1.985369534068255, 50.789472257215031 ], [ 1.985324139829639, 50.789472127595367 ], [ 1.98527065588743, 50.789471972081515 ], [ 1.985243110473695, 50.789470866647719 ], [ 1.985200983803194, 50.789467680226082 ], [ 1.985165371294852, 50.789462424548951 ], [ 1.985111943073078, 50.789451998145644 ], [ 1.985060164669488, 50.789438501781028 ], [ 1.985032694221066, 50.789429187899565 ], [ 1.984998723244691, 50.789416757662913 ], [ 1.984982567567859, 50.789409518172846 ], [ 1.984948628642852, 50.789394004797948 ], [ 1.984917956219612, 50.789378498018891 ], [ 1.984756411921444, 50.789300997403537 ], [ 1.984733786335729, 50.78929064176608 ], [ 1.984706328866494, 50.789276182264935 ], [ 1.984625582606254, 50.789236921489625 ], [ 1.984599732048835, 50.789224517308959 ], [ 1.984575499680272, 50.789212106296027 ], [ 1.984560950573188, 50.789206942113637 ], [ 1.984538313742439, 50.789198648611737 ], [ 1.984504320386657, 50.789190342581016 ], [ 1.984446059605041, 50.789178875375022 ], [ 1.984376422003054, 50.789168396538948 ], [ 1.9843278464299, 50.789161072734039 ], [ 1.984238763109081, 50.789150535320204 ], [ 1.98419665790824, 50.789146307586272 ], [ 1.984135097156621, 50.789141000108977 ], [ 1.984062211234848, 50.789135640247871 ], [ 1.983994168839639, 50.789129298741614 ], [ 1.98394717944642, 50.789125051093905 ], [ 1.983872686750187, 50.789117635767546 ], [ 1.983730153325202, 50.789100795371603 ], [ 1.983603839582579, 50.789085028236251 ], [ 1.9835115527264, 50.789071400785204 ], [ 1.983425716639888, 50.789058827027525 ], [ 1.98336744488218, 50.789049421487675 ], [ 1.983299446604699, 50.789037914284329 ], [ 1.983255715644887, 50.789029568446743 ], [ 1.983223339179056, 50.789024338629552 ], [ 1.983163451347849, 50.789011836409585 ], [ 1.98306958033536, 50.788992048937658 ], [ 1.982954668317016, 50.788968085142344 ], [ 1.98290128259515, 50.788955615878223 ], [ 1.982809031592181, 50.788932738028414 ], [ 1.982726496170588, 50.788914003946189 ], [ 1.982608423909746, 50.788881825008801 ], [ 1.982542100028428, 50.788860059777477 ], [ 1.982487109832331, 50.788842431566543 ], [ 1.982451584424734, 50.788826924547266 ], [ 1.982422500354635, 50.788811430111018 ], [ 1.982403143166511, 50.788798017356761 ], [ 1.982387052430329, 50.788784611270849 ], [ 1.982364493189919, 50.78876502558542 ], [ 1.982353246388281, 50.788750617935968 ], [ 1.982342043196924, 50.78873106498493 ], [ 1.982329223924154, 50.788708415434989 ], [ 1.982311571767178, 50.788684725284412 ], [ 1.982309955271825, 50.788681648705449 ], [ 1.98230192031787, 50.788674435179161 ], [ 1.982272966808197, 50.788643524820543 ], [ 1.98223595722428, 50.788606441894174 ], [ 1.982215017949136, 50.788583766003548 ], [ 1.982100788416858, 50.788466304151498 ], [ 1.981936676198659, 50.788296317019736 ], [ 1.981878716705543, 50.7882386201901 ], [ 1.981857796831188, 50.788218006651626 ], [ 1.981841717866224, 50.788202538308319 ], [ 1.981801463711963, 50.78816440756971 ], [ 1.981720923363982, 50.788091229176381 ], [ 1.981648457862439, 50.7880263057706 ], [ 1.981605000361282, 50.787985085387092 ], [ 1.981535729458704, 50.787922210255822 ], [ 1.981445569707028, 50.787838721710195 ], [ 1.981323212277531, 50.78772329481356 ], [ 1.981268476809705, 50.787670749657906 ], [ 1.981207304166249, 50.787612005036898 ], [ 1.981183182978977, 50.787585218399826 ], [ 1.981163881379572, 50.787564617960605 ], [ 1.9811558387731, 50.787553299762571 ], [ 1.981147859359236, 50.787538878663177 ], [ 1.981136603451547, 50.78752344967296 ], [ 1.981127085387263, 50.787494640148651 ], [ 1.981114354030727, 50.787461719830588 ], [ 1.981108048476037, 50.78743706113157 ], [ 1.981103372515019, 50.787410333471996 ], [ 1.981100280676767, 50.787389765544447 ], [ 1.981098982395134, 50.787345586266319 ], [ 1.981099345553175, 50.787296274911334 ], [ 1.98110160292633, 50.787207916013749 ], [ 1.981101880766924, 50.787165791870592 ], [ 1.981105644510347, 50.787094904521545 ], [ 1.981109090156187, 50.787065119862291 ], [ 1.981111048470755, 50.787019926062612 ], [ 1.981111093937351, 50.787011697365422 ], [ 1.981111126197642, 50.787008614231162 ], [ 1.981114759138644, 50.786953142787439 ], [ 1.981120316374367, 50.786858644047335 ], [ 1.981123951031167, 50.786800089205649 ], [ 1.98112397182254, 50.786799068250055 ], [ 1.981124204585596, 50.786765152762321 ], [ 1.981122872302688, 50.78672713996334 ], [ 1.980905312993226, 50.786549785961071 ], [ 1.980799493782046, 50.786616274128249 ], [ 1.980749049708021, 50.786643872110133 ], [ 1.980599433892593, 50.786714326359366 ], [ 1.980565255699441, 50.786731685993495 ], [ 1.98042707419778, 50.786787797727385 ], [ 1.980275938122716, 50.786845925555909 ], [ 1.980142685211629, 50.786893848259631 ], [ 1.980001333453121, 50.786940703373595 ], [ 1.979881122462928, 50.786976298921743 ], [ 1.979733334609693, 50.787013890848804 ], [ 1.979595360303827, 50.78704329390586 ], [ 1.97951747191661, 50.787054368510262 ], [ 1.97944449018913, 50.787061358735002 ], [ 1.979347221522831, 50.787066207702836 ], [ 1.979274241605071, 50.787070114443893 ], [ 1.979241802479663, 50.787071029825178 ], [ 1.979198048963772, 50.787069890279888 ], [ 1.979118696833096, 50.78706143111669 ], [ 1.979052318065688, 50.787053018208105 ], [ 1.978955184152693, 50.78703630420322 ], [ 1.978856455321419, 50.787015472517027 ], [ 1.978778810441378, 50.78699367241277 ], [ 1.978697964123703, 50.786965699223352 ], [ 1.978617205866582, 50.786927435354485 ], [ 1.978525158459566, 50.786879908708684 ], [ 1.978467048297834, 50.786844813815911 ], [ 1.97838798603538, 50.786795271248387 ], [ 1.97834928506421, 50.786769465607016 ], [ 1.978294443372302, 50.786731294020292 ], [ 1.978233185810909, 50.786685901852636 ], [ 1.97818643162511, 50.786650839933714 ], [ 1.978109066034643, 50.786589998613138 ], [ 1.978033263082545, 50.786536357993192 ], [ 1.977997754216361, 50.786515704083889 ], [ 1.977968670935761, 50.78650329194047 ], [ 1.97785547287566, 50.786469045998672 ], [ 1.977679113708437, 50.7864243504348 ], [ 1.977582025155154, 50.786402510045818 ], [ 1.977460618106869, 50.786381591114036 ], [ 1.977345659025, 50.786364829549889 ], [ 1.97720638104242, 50.786349009382086 ], [ 1.977104340313563, 50.786339461550895 ], [ 1.97700225746399, 50.78633197556605 ], [ 1.976790010305429, 50.786321081510366 ], [ 1.976692767721137, 50.786318740681615 ], [ 1.976613361360066, 50.786317487410997 ], [ 1.97654859244548, 50.786308045229589 ], [ 1.976496852145236, 50.786291462106625 ], [ 1.976459703093995, 50.786274918816147 ], [ 1.976438719150556, 50.786263553967359 ], [ 1.976390283843373, 50.786234644327827 ], [ 1.976335442198959, 50.786199555235889 ], [ 1.976232131322746, 50.786141702918783 ], [ 1.976196623069571, 50.786121068502709 ], [ 1.976128755142597, 50.786090036804168 ], [ 1.976007550648529, 50.786041387476267 ], [ 1.975933243639862, 50.786007279372519 ], [ 1.97586539692856, 50.785975226569256 ], [ 1.9758508500701, 50.785970041326038 ], [ 1.9757620081247, 50.785928685689399 ], [ 1.975681174831811, 50.785901731705025 ], [ 1.975669852051822, 50.785898615218407 ], [ 1.975575474995084, 50.785948694962904 ], [ 1.975594683415492, 50.785982650326154 ], [ 1.975570218326984, 50.786004153018737 ], [ 1.975487601829458, 50.785995704697712 ], [ 1.975424272689421, 50.786009899864652 ], [ 1.975350932716874, 50.78606722034182 ], [ 1.975319750103235, 50.786121584057142 ], [ 1.975327523952647, 50.786166817913049 ], [ 1.975328840114778, 50.786206892985859 ], [ 1.975404751296812, 50.786246140300449 ], [ 1.975497053728453, 50.786255669470357 ], [ 1.975843904562675, 50.786255659670438 ], [ 1.975895575330184, 50.786284576112415 ], [ 1.975940452727363, 50.786354562061064 ], [ 1.976027723790795, 50.786387695556606 ], [ 1.976092458094558, 50.786403304530168 ], [ 1.976203421794462, 50.786522807832782 ], [ 1.976301556311941, 50.786624806339091 ], [ 1.976320999057398, 50.78662794947509 ], [ 1.976330560443655, 50.786648530703864 ], [ 1.976338592180716, 50.786658828022716 ], [ 1.976364351344016, 50.786681504574283 ], [ 1.976388534619814, 50.786702125911582 ], [ 1.976432065496753, 50.786732036360711 ], [ 1.976459497885392, 50.786747538713875 ], [ 1.976496689468169, 50.786762020064231 ], [ 1.976546855944199, 50.786773484603238 ], [ 1.976603526966334, 50.786781859114349 ], [ 1.97667154394387, 50.786789245652187 ], [ 1.976708783408149, 50.786792434874108 ], [ 1.976737954491011, 50.786794576698462 ], [ 1.976752522561292, 50.786798740876868 ], [ 1.97677191199517, 50.786805988030494 ], [ 1.97679288500464, 50.786819394974216 ], [ 1.976804106480864, 50.786837927525589 ], [ 1.976815295440693, 50.786859543209246 ], [ 1.976821600401099, 50.786881138780736 ], [ 1.97683111628103, 50.786909928641357 ], [ 1.97683903535652, 50.786937684252699 ], [ 1.976850212709683, 50.786961362108606 ], [ 1.976864658805374, 50.786981943376489 ], [ 1.976877523325029, 50.786993281467794 ], [ 1.976903380462628, 50.787006708497337 ], [ 1.976943798114337, 50.787020195086754 ], [ 1.976984283217704, 50.78702441199421 ], [ 1.97703939186448, 50.787025605560594 ], [ 1.977115575188655, 50.787024789820883 ], [ 1.977229041900746, 50.787022037807048 ], [ 1.977256627530927, 50.787021103107342 ], [ 1.977302021498671, 50.787018152282606 ], [ 1.977375012707689, 50.787012204536779 ], [ 1.977451197969057, 50.787008305207912 ], [ 1.977514428392936, 50.787006441816288 ], [ 1.977561447730941, 50.787007608769947 ], [ 1.977590598112155, 50.787010771348598 ], [ 1.977608372005767, 50.78701492170309 ], [ 1.977655303595055, 50.787026359226239 ], [ 1.977718389064759, 50.787045037191284 ], [ 1.977747483796079, 50.7870554072232 ], [ 1.977778185450284, 50.787067812669605 ], [ 1.977831466208406, 50.787095720348638 ], [ 1.977881498086838, 50.78712874700738 ], [ 1.977908908758484, 50.787148333351311 ], [ 1.977945957705466, 50.787180292352211 ], [ 1.977994251489505, 50.78722667943638 ], [ 1.978045749142444, 50.787276136147256 ], [ 1.978108501005873, 50.78734106213976 ], [ 1.978205112860234, 50.787429691764281 ], [ 1.978274392397165, 50.787487423234268 ], [ 1.978330831766749, 50.787526629013293 ], [ 1.978406682039484, 50.787572060701464 ], [ 1.978510040477979, 50.787627849164366 ], [ 1.978600484582777, 50.787670236959229 ], [ 1.978721650087417, 50.787727092314164 ], [ 1.978970455096319, 50.787837752316982 ], [ 1.97926618104933, 50.787964974241497 ], [ 1.9793825397681, 50.788013600498914 ], [ 1.97945041599881, 50.78803846357706 ], [ 1.979591116076316, 50.788085106724232 ], [ 1.979751240963415, 50.788132829877476 ], [ 1.979862891022284, 50.788160894501139 ], [ 1.979961592007452, 50.78818172510411 ], [ 1.980032855166002, 50.788193220858673 ], [ 1.980159144314676, 50.788210032607033 ], [ 1.980280610453065, 50.788226824752122 ], [ 1.980366413800142, 50.788239400442158 ], [ 1.980499194381488, 50.788258267200455 ], [ 1.98059310637793, 50.788272931345986 ], [ 1.980709667865913, 50.78829072406176 ], [ 1.980810038520761, 50.788310546527569 ], [ 1.980911919513575, 50.78834165367298 ], [ 1.980952328254816, 50.788357181091165 ], [ 1.981105872200853, 50.788422347858415 ], [ 1.981143003180916, 50.788439930681967 ], [ 1.981214079719295, 50.788477112478219 ] ] ] ] } },
{ "type": "Feature", "properties": { "fid": 34, "CODE_AZI": "AZI15", "VALLEE": "Hem", "ANNEE": "2003", "CODE_CRUE": "2", "NATURE": "Crue centennale" }, "geometry": { "type": "MultiPolygon", "coordinates": [ [ [ [ 2.101994105248226, 50.854164877343827 ], [ 2.101857882193471, 50.854139972292181 ], [ 2.10163411124531, 50.854096398373706 ], [ 2.101431324874082, 50.854077519431158 ], [ 2.10132254761267, 50.854083481761997 ], [ 2.10112932504874, 50.854095421467925 ], [ 2.100884267921729, 50.85409495514152 ], [ 2.100660271378347, 50.854094540206297 ], [ 2.100397401911981, 50.854081692365497 ], [ 2.100201096047197, 50.854062838175558 ], [ 2.100045453227997, 50.854031704956974 ], [ 2.099930392369181, 50.8539944985557 ], [ 2.099755406775141, 50.853927390568096 ], [ 2.099706890595628, 50.853890324200464 ], [ 2.09960015813413, 50.853809975314419 ], [ 2.099425458599305, 50.853686353388696 ], [ 2.099299344547601, 50.853587486161096 ], [ 2.099085654207058, 50.853469968301873 ], [ 2.098922339723772, 50.853347408818905 ], [ 2.098844819322145, 50.85326608915711 ], [ 2.098730326800357, 50.853112791669993 ], [ 2.098641773788581, 50.852958520425531 ], [ 2.098508136613205, 50.852736356625293 ], [ 2.09829490954868, 50.852527410580365 ], [ 2.098042463720375, 50.852372814166124 ], [ 2.097810911602807, 50.852261410774048 ], [ 2.097720166423329, 50.852235549266524 ], [ 2.097603402973352, 50.85221170154508 ], [ 2.097545208383755, 50.852167417123418 ], [ 2.097496695909817, 50.852130329778049 ], [ 2.09741923082696, 50.852037718323707 ], [ 2.097302876429538, 50.85193373431138 ], [ 2.097186470985864, 50.851841060947862 ], [ 2.09708155796443, 50.851724767325805 ], [ 2.097043073310784, 50.851625030564207 ], [ 2.097043496112881, 50.851535665516145 ], [ 2.097083454193055, 50.851327189032048 ], [ 2.097045391723042, 50.851143212156501 ], [ 2.096968228485989, 50.850995127707414 ], [ 2.096811273757497, 50.850895173229532 ], [ 2.096657782981866, 50.850754123037696 ], [ 2.096541952147453, 50.850545358394342 ], [ 2.096493641289075, 50.850465129398408 ], [ 2.096475660438741, 50.850157915700677 ], [ 2.096456659574967, 50.850059260632044 ], [ 2.096361779536551, 50.849880316750955 ], [ 2.096265140017894, 50.849726024379947 ], [ 2.096207412435001, 50.849585167001472 ], [ 2.096196646873859, 50.849458784011979 ], [ 2.096247924953153, 50.849261640312776 ], [ 2.096219167466142, 50.848832146866961 ], [ 2.096095841451551, 50.848499063696323 ], [ 2.095950709528192, 50.848308723740679 ], [ 2.095795455646135, 50.84819642758243 ], [ 2.095631865488293, 50.848129335612001 ], [ 2.095396904766438, 50.848059022874942 ], [ 2.095155518615595, 50.847972246765003 ], [ 2.095029487313974, 50.847854876431754 ], [ 2.094983335477235, 50.847670899202221 ], [ 2.094965262337968, 50.84738116056581 ], [ 2.094927391311106, 50.84716020651458 ], [ 2.094858261110633, 50.847031657427763 ], [ 2.094627272082821, 50.846808259792944 ], [ 2.094413795074287, 50.846660924329825 ], [ 2.093996025544346, 50.846475187181156 ], [ 2.093686658331933, 50.846352318457171 ], [ 2.093296233741143, 50.846212863484915 ], [ 2.092983771862156, 50.846065345932907 ], [ 2.092781548763526, 50.845941652782422 ], [ 2.092628104443512, 50.845794450577941 ], [ 2.092558828164568, 50.845689522346831 ], [ 2.092500880648076, 50.845596948751407 ], [ 2.092481799688152, 50.845511645028566 ], [ 2.092493502022139, 50.845442821587824 ], [ 2.09257999156077, 50.845345393519203 ], [ 2.092639084510461, 50.845209908246702 ], [ 2.09266015581002, 50.844884276927196 ], [ 2.092614145585014, 50.844674613310239 ], [ 2.09244082589386, 50.844280799987175 ], [ 2.092305804187823, 50.844016494064292 ], [ 2.092122007178089, 50.843775736519817 ], [ 2.09198653604729, 50.843606982213174 ], [ 2.091881843976616, 50.843446499984807 ], [ 2.091764175791389, 50.843287044199492 ], [ 2.091513742547697, 50.843070784890145 ], [ 2.091251942691352, 50.842854522204476 ], [ 2.091126075981893, 50.842712503382288 ], [ 2.091048972188066, 50.842551060190331 ], [ 2.09104814652104, 50.84238977275055 ], [ 2.091147970057739, 50.84221942936685 ], [ 2.091187617104496, 50.842077736265843 ], [ 2.091169272583512, 50.841849614158761 ], [ 2.091142239618833, 50.841739647078626 ], [ 2.091162401396591, 50.841598932930985 ], [ 2.091249089160497, 50.841463488575258 ], [ 2.091385881748049, 50.841364105168537 ], [ 2.09151275370686, 50.841302727472538 ], [ 2.091683422032045, 50.841244511650487 ], [ 2.091682963008918, 50.841244370433891 ], [ 2.09136748338678, 50.841147313815497 ], [ 2.091173022037808, 50.841095545611637 ], [ 2.091143865299034, 50.841087264928142 ], [ 2.091129259481724, 50.84108211336958 ], [ 2.091035293655765, 50.841053159822202 ], [ 2.090955108662802, 50.841190653546278 ], [ 2.090925283283064, 50.841314900834504 ], [ 2.090924612753352, 50.841452573972731 ], [ 2.090952771114098, 50.841665292328457 ], [ 2.09105023832514, 50.84197060827929 ], [ 2.091069147050659, 50.842083659247642 ], [ 2.091079743516311, 50.84223366664493 ], [ 2.091036980655403, 50.842351733332158 ], [ 2.09099712201645, 50.842538630028031 ], [ 2.091007566918084, 50.842720488089519 ], [ 2.091034441747271, 50.842864367800836 ], [ 2.091074435668881, 50.842982597387802 ], [ 2.091134141855543, 50.843045375076116 ], [ 2.091260073552374, 50.843177144037256 ], [ 2.091486487886562, 50.843332708284024 ], [ 2.091662714110448, 50.843458396879349 ], [ 2.091929584830792, 50.843639740488889 ], [ 2.092105589864696, 50.843814736014899 ], [ 2.092242432848393, 50.844035892424685 ], [ 2.092330874052503, 50.844199419015041 ], [ 2.092418544901455, 50.844523199765518 ], [ 2.092416615006418, 50.844910511952314 ], [ 2.092395711220076, 50.845203271693855 ], [ 2.09237344300834, 50.845441567128773 ], [ 2.092372927355053, 50.845547368756172 ], [ 2.092411166055997, 50.845685124062207 ], [ 2.092491589830493, 50.845834237436485 ], [ 2.092675603902317, 50.846034935319707 ], [ 2.092932803187927, 50.846197767198291 ], [ 2.093434883472961, 50.846399096082301 ], [ 2.093946815095511, 50.846579873955626 ], [ 2.094165491244921, 50.846664545709181 ], [ 2.09436303595283, 50.846753287748015 ], [ 2.094568497977037, 50.846884168772078 ], [ 2.09465727010187, 50.846977825901909 ], [ 2.094735934673539, 50.847153671253608 ], [ 2.094792717605409, 50.847489716805633 ], [ 2.094831975561575, 50.847758948748556 ], [ 2.094889682464525, 50.8479090562289 ], [ 2.094988218597486, 50.848003764819545 ], [ 2.095174348465726, 50.84810379374921 ], [ 2.095362375515122, 50.848151404164916 ], [ 2.095500109331727, 50.848189700532139 ], [ 2.095618263585177, 50.848257724315438 ], [ 2.095715240313186, 50.848339067718527 ], [ 2.095745621879813, 50.848433641600479 ], [ 2.095764441367224, 50.848564167302435 ], [ 2.09584300300521, 50.848764635121356 ], [ 2.095920351489405, 50.848876766565347 ], [ 2.095980010865965, 50.84895805926292 ], [ 2.096007271187942, 50.849020778837605 ], [ 2.096007051624882, 50.849070086060614 ], [ 2.095986657053959, 50.849258044362934 ], [ 2.095977580442043, 50.849457335811195 ], [ 2.096004223050851, 50.849650519911101 ], [ 2.096073255241691, 50.849806814521585 ], [ 2.096089286257111, 50.849844868265734 ], [ 2.0961405793986, 50.849976449869921 ], [ 2.096259234339271, 50.850275644898844 ], [ 2.096376144009205, 50.850595367301182 ], [ 2.096453328720173, 50.850745514416865 ], [ 2.096521071473936, 50.850832971208582 ], [ 2.096580734520934, 50.85091424335581 ], [ 2.096679626772791, 50.850933958671568 ], [ 2.096836818566152, 50.850983585360389 ], [ 2.096915663616969, 50.851126537002401 ], [ 2.096944181047757, 50.851265280238479 ], [ 2.096943872628157, 50.851333084887337 ], [ 2.096924006846392, 50.851409056060987 ], [ 2.096883029596185, 50.851496305569952 ], [ 2.096874411109011, 50.851601086514428 ], [ 2.096898439392559, 50.851666885266134 ], [ 2.097006527644422, 50.851798577207809 ], [ 2.097163345635138, 50.851923194590839 ], [ 2.097221500199037, 50.851979811072788 ], [ 2.097250195771838, 50.852091849028163 ], [ 2.097309958711373, 50.8521474360724 ], [ 2.09744764635855, 50.85220420782656 ], [ 2.097565775503397, 50.852274291103441 ], [ 2.097773353824739, 50.852311688769483 ], [ 2.097959525259772, 50.852405526929957 ], [ 2.098126187262594, 50.852511675928085 ], [ 2.098215223203888, 50.852561148012555 ], [ 2.098342817719418, 50.852692899581868 ], [ 2.09848970670744, 50.852856521719048 ], [ 2.098616819340651, 50.853087927460834 ], [ 2.09874427633123, 50.853249466786941 ], [ 2.098863654605208, 50.853399676469216 ], [ 2.099088519298921, 50.853550107732815 ], [ 2.099274658910038, 50.853656275584541 ], [ 2.09938457339236, 50.853749980855753 ], [ 2.099630575351398, 50.853901464602757 ], [ 2.099806877653036, 50.854026118765191 ], [ 2.099973852690995, 50.854069585692521 ], [ 2.100179752314146, 50.854114154606222 ], [ 2.100466914981257, 50.854139370205601 ], [ 2.100791469648992, 50.854152322621083 ], [ 2.101216721744606, 50.854147982712455 ], [ 2.101492689491922, 50.854141324016304 ], [ 2.101630563285392, 50.854161116337032 ], [ 2.101906337179768, 50.854192452614029 ], [ 2.10216403469349, 50.854266920507435 ], [ 2.10242976996928, 50.85436194584944 ], [ 2.102575539101252, 50.854423855227004 ], [ 2.102625971838866, 50.854400314908389 ], [ 2.102635753885316, 50.85439520025308 ], [ 2.102410592816965, 50.854301288374977 ], [ 2.102225851092, 50.854239298263451 ], [ 2.101994105248226, 50.854164877343827 ] ] ] ] } },
{ "type": "Feature", "properties": { "fid": 35, "CODE_AZI": "AZI15", "VALLEE": "Hem", "ANNEE": "2003", "CODE_CRUE": "2", "NATURE": "Crue centennale" }, "geometry": { "type": "MultiPolygon", "coordinates": [ [ [ [ 2.052946428437282, 50.809437170693315 ], [ 2.052891017349112, 50.809481216404329 ], [ 2.052772399359669, 50.809526162916242 ], [ 2.052830596833294, 50.809559159872492 ], [ 2.052945420373046, 50.809609765496489 ], [ 2.053039343822957, 50.809636707280518 ], [ 2.053141411012181, 50.809651317797318 ], [ 2.05327108082279, 50.809659831356953 ], [ 2.053373158962019, 50.809675482866083 ], [ 2.053494666378314, 50.809697328316481 ], [ 2.053604651730955, 50.809743812235624 ], [ 2.053704855992128, 50.809803635921455 ], [ 2.053792064184685, 50.809867545221152 ], [ 2.053825799875152, 50.809923099897382 ], [ 2.053857820031217, 50.809995078891617 ], [ 2.054124971581118, 50.810070705510569 ], [ 2.054494140250548, 50.810170170294512 ], [ 2.055404028686646, 50.81042601621462 ], [ 2.055753791973894, 50.810518262561956 ], [ 2.056252463640565, 50.810655001912124 ], [ 2.056556868507073, 50.81073789279192 ], [ 2.056822514120865, 50.810795002565797 ], [ 2.057510789883409, 50.810954775024726 ], [ 2.057957787641231, 50.811062626381485 ], [ 2.058301090562451, 50.811149711183539 ], [ 2.05844993269212, 50.811207576093437 ], [ 2.058605258720966, 50.811274719543313 ], [ 2.058674620852247, 50.811339591506538 ], [ 2.058721478854401, 50.811368475645601 ], [ 2.058720868022709, 50.811480448983545 ], [ 2.058597568745604, 50.811485303328716 ], [ 2.05862819651519, 50.811521332492532 ], [ 2.058720660385783, 50.811517446383696 ], [ 2.058720505034676, 50.811545174414221 ], [ 2.058719975370629, 50.811636606704347 ], [ 2.058732600494854, 50.811699308026363 ], [ 2.058779434447332, 50.811734358435835 ], [ 2.058873398067268, 50.811753047300243 ], [ 2.058980450154832, 50.811748150030347 ], [ 2.059176658011669, 50.81174963206702 ], [ 2.059265511593387, 50.81180942535233 ], [ 2.059400953104318, 50.811951496580548 ], [ 2.05949772933342, 50.812043162976948 ], [ 2.05957521765496, 50.812108055655749 ], [ 2.059744866330656, 50.812219392065742 ], [ 2.059848184802463, 50.812305922069832 ], [ 2.059972275278617, 50.812445944814947 ], [ 2.060024007888599, 50.812470700806891 ], [ 2.060195685008154, 50.81251321945863 ], [ 2.060456354442833, 50.812588803156984 ], [ 2.060606773879624, 50.812658990151732 ], [ 2.060845748210017, 50.812850631547427 ], [ 2.060950622764299, 50.812942297646153 ], [ 2.061095930523728, 50.813058714073293 ], [ 2.061246319612163, 50.813137148663522 ], [ 2.061445425993873, 50.813207441176893 ], [ 2.061712745590667, 50.813251198758522 ], [ 2.061993179445048, 50.813276474999462 ], [ 2.062286633703198, 50.813291517769947 ], [ 2.062554143450729, 50.813302380428382 ], [ 2.062815095459639, 50.813330691547264 ], [ 2.063082334201649, 50.813391903887002 ], [ 2.063339775031552, 50.813467477124007 ], [ 2.063478866221303, 50.813534572179194 ], [ 2.063650142664336, 50.813651040542311 ], [ 2.063756700331268, 50.813739633532215 ], [ 2.063851951839596, 50.813813826438334 ], [ 2.06393923934202, 50.813866396804244 ], [ 2.064094589025498, 50.813931471036099 ], [ 2.064235485583022, 50.813962601018297 ], [ 2.064374914717949, 50.813974219369399 ], [ 2.064434900424514, 50.813974349544026 ], [ 2.064278036364442, 50.813893868223616 ], [ 2.064232916923851, 50.813840333517312 ], [ 2.064257494110042, 50.81379519058904 ], [ 2.064348784926435, 50.813712168482674 ], [ 2.064454381918571, 50.813677484338605 ], [ 2.064506289268305, 50.813673489549728 ], [ 2.064603425919986, 50.813702468596858 ], [ 2.064697293791329, 50.813739651655311 ], [ 2.064763292949283, 50.813828159469324 ], [ 2.064751611061937, 50.813887714316202 ], [ 2.064663553560116, 50.813975886343378 ], [ 2.064725137977972, 50.813985258059489 ], [ 2.064846606216128, 50.81401327837353 ], [ 2.064992417281665, 50.814041341129368 ], [ 2.065063760742626, 50.81404662155704 ], [ 2.065114033816892, 50.814046738573388 ], [ 2.065394707785437, 50.814026801493121 ], [ 2.065561854261882, 50.814006632913532 ], [ 2.065740429024028, 50.81397311573383 ], [ 2.065818391057609, 50.813952738415509 ], [ 2.065907649309334, 50.813937531082267 ], [ 2.066027693777008, 50.813930602940133 ], [ 2.066149318117198, 50.813933937272722 ], [ 2.066110007067239, 50.814002694969851 ], [ 2.066064162611288, 50.814082735545632 ], [ 2.066034606081845, 50.814152527341207 ], [ 2.066019520793349, 50.814243930152728 ], [ 2.06601917168211, 50.814303509971545 ], [ 2.066033623013434, 50.814334370539427 ], [ 2.066059487802688, 50.81434777829476 ], [ 2.066205331614945, 50.814367631249979 ], [ 2.066257258976069, 50.814362594791021 ], [ 2.066294714472035, 50.814335967335488 ], [ 2.06635820144888, 50.814290915455793 ], [ 2.066429913980722, 50.814227365735796 ], [ 2.066513116669808, 50.814134050785604 ], [ 2.066822349948032, 50.814230286015146 ], [ 2.068465268165149, 50.814816382899529 ], [ 2.068672419449733, 50.814900057670819 ], [ 2.068728987775835, 50.81493613787282 ], [ 2.064984972771205, 50.817474856008232 ], [ 2.064995859888433, 50.817559125531133 ], [ 2.062988041319181, 50.819022821935192 ], [ 2.062733972379414, 50.81862569928159 ], [ 2.062524380563839, 50.818398166927061 ], [ 2.0622547848787, 50.818166418575792 ], [ 2.062051218004889, 50.818028283761834 ], [ 2.061873502744517, 50.817899472764068 ], [ 2.061665477075995, 50.817683262254278 ], [ 2.06153334152516, 50.817529887979539 ], [ 2.061427585681568, 50.817297449518151 ], [ 2.061295863016985, 50.817070100745909 ], [ 2.061141178768222, 50.816887906061233 ], [ 2.061000945974094, 50.81672836360498 ], [ 2.06080093494906, 50.816534755169336 ], [ 2.060590928941815, 50.81638223401341 ], [ 2.060366319478875, 50.816234807758619 ], [ 2.060182175109281, 50.816100840082903 ], [ 2.059886353283138, 50.815926548098652 ], [ 2.059737647525257, 50.815837854207643 ], [ 2.059614980155566, 50.815733820414636 ], [ 2.059399047625623, 50.815482649039147 ], [ 2.059228677275494, 50.815211039484772 ], [ 2.059046940562109, 50.814933237320105 ], [ 2.058979478388242, 50.814819048610737 ], [ 2.058876123937623, 50.814740726580922 ], [ 2.05876922904258, 50.814715833745289 ], [ 2.058659208757745, 50.814670375664392 ], [ 2.058575182603002, 50.814616765167607 ], [ 2.058504014468772, 50.814582692168962 ], [ 2.058492679988438, 50.814579583337597 ], [ 2.058463324938321, 50.814607270743494 ], [ 2.058547386727759, 50.814655736192243 ], [ 2.058658482575143, 50.814799825886162 ], [ 2.058813055812958, 50.814998460738899 ], [ 2.058898254538276, 50.815134266003056 ], [ 2.058906045823326, 50.815187700777919 ], [ 2.058843901926229, 50.815281069610378 ], [ 2.058708423919076, 50.815435889261671 ], [ 2.058618726134983, 50.81552610667638 ], [ 2.058616979182351, 50.815550759302667 ], [ 2.058650732326306, 50.815604250091816 ], [ 2.058739556368651, 50.815669188514768 ], [ 2.058849502994929, 50.815730041997462 ], [ 2.05889794368396, 50.815769188529593 ], [ 2.058929982752741, 50.815839123497199 ], [ 2.058944036886286, 50.815934709579693 ], [ 2.058979452907621, 50.815981025284096 ], [ 2.059126574795784, 50.816064562722161 ], [ 2.059402965405523, 50.816235746682111 ], [ 2.05971978379393, 50.816422410972251 ], [ 2.060041328655985, 50.816638881163207 ], [ 2.060380361245923, 50.816918067713324 ], [ 2.060641290154476, 50.81724125087527 ], [ 2.060854691535302, 50.8176588339293 ], [ 2.060991218793419, 50.817895448805963 ], [ 2.061146122479801, 50.81804168753154 ], [ 2.06143657983736, 50.818307390759777 ], [ 2.061714396619432, 50.818517600257557 ], [ 2.061922887141543, 50.818650607200901 ], [ 2.062045819328894, 50.818705328793953 ], [ 2.062068245877095, 50.81875879314515 ], [ 2.062098143719957, 50.81892531141299 ], [ 2.062136719617429, 50.818989087914915 ], [ 2.062220681653349, 50.819058111134275 ], [ 2.062351815503904, 50.819097438024279 ], [ 2.062468288138539, 50.819156254851002 ], [ 2.062592572745376, 50.819264401620778 ], [ 2.062676468472441, 50.819346797914207 ], [ 2.062977754534938, 50.819123489445097 ], [ 2.063980928224672, 50.818378806867074 ], [ 2.064265943827106, 50.81816572358737 ], [ 2.064435309532163, 50.818040763965364 ], [ 2.064655045339066, 50.817899464838341 ], [ 2.064847189951597, 50.817760160499105 ], [ 2.065084917674749, 50.81758604125114 ], [ 2.065235502748059, 50.817630536414519 ], [ 2.065287737057356, 50.817570044823576 ], [ 2.065177645857539, 50.817535904054267 ], [ 2.065117726808027, 50.817517275474636 ], [ 2.065536175594966, 50.817218199533343 ], [ 2.06562900740393, 50.817152646671083 ], [ 2.066123996096379, 50.816793118954571 ], [ 2.066543946526272, 50.816517675319275 ], [ 2.066799469280057, 50.816351794361331 ], [ 2.066849938389471, 50.816316975632944 ], [ 2.066967126487957, 50.816239151132841 ], [ 2.06738704859404, 50.815964725348273 ], [ 2.068109501949514, 50.815528630062261 ], [ 2.068678989426288, 50.815183643456862 ], [ 2.068888884426132, 50.815057719035281 ], [ 2.069089011784923, 50.814937947770623 ], [ 2.068929284226277, 50.814779389403157 ], [ 2.068743699741713, 50.814613570097869 ], [ 2.068399282897617, 50.814421736790678 ], [ 2.067672558614387, 50.814154045355032 ], [ 2.067117169876381, 50.813995645909763 ], [ 2.06667992342805, 50.813881674765106 ], [ 2.066571314542132, 50.813873233016324 ], [ 2.066525855272479, 50.813880320172309 ], [ 2.066504715138494, 50.813893615866803 ], [ 2.066339013805737, 50.814240518993309 ], [ 2.066181741954697, 50.814234014602427 ], [ 2.066092666020173, 50.814213265813379 ], [ 2.066049053872035, 50.814180304656844 ], [ 2.06604266872689, 50.814160756349317 ], [ 2.066091552172537, 50.814120800563842 ], [ 2.06618097779099, 50.814073740904597 ], [ 2.06625935912516, 50.813975284607011 ], [ 2.066303619174768, 50.813890106700477 ], [ 2.066295614999254, 50.813870566283988 ], [ 2.066182274622292, 50.813837442890396 ], [ 2.065931018674875, 50.813816339053695 ], [ 2.06559363316092, 50.813831006888798 ], [ 2.06530796812384, 50.813874551760627 ], [ 2.065169907494316, 50.813912276450523 ], [ 2.065015316899841, 50.814007477318043 ], [ 2.064984448702094, 50.814016655501952 ], [ 2.064950452080458, 50.814005288680804 ], [ 2.064935970211102, 50.813982636343503 ], [ 2.064913440439375, 50.813955879354097 ], [ 2.064872930561031, 50.813946545803482 ], [ 2.064759414880011, 50.813947335362428 ], [ 2.06472532514668, 50.81395238499384 ], [ 2.064725356481921, 50.813944176621696 ], [ 2.064725403063384, 50.813940052646608 ], [ 2.064775945659623, 50.813889819022094 ], [ 2.064776460861105, 50.813795303763541 ], [ 2.064734578155974, 50.81374179353341 ], [ 2.064666663720055, 50.813706707365832 ], [ 2.064670373882056, 50.81361938358765 ], [ 2.064635047880664, 50.813556632790018 ], [ 2.06459308296853, 50.813520600212463 ], [ 2.064582021589886, 50.813470224381163 ], [ 2.064556162262273, 50.813451670936338 ], [ 2.064528593765077, 50.813452645156332 ], [ 2.064497640192264, 50.813476197669182 ], [ 2.064444893000955, 50.813631224621446 ], [ 2.064438187729064, 50.813671276335057 ], [ 2.064358610386894, 50.813694723902152 ], [ 2.064244517111944, 50.813798236408559 ], [ 2.064228033251683, 50.813843420108356 ], [ 2.064039148786401, 50.813686838352552 ], [ 2.063976212036609, 50.813632248698958 ], [ 2.063788810929806, 50.813499302439602 ], [ 2.063400563321049, 50.813326866102081 ], [ 2.06303769489253, 50.813254143878154 ], [ 2.062518930480256, 50.813219088260119 ], [ 2.062254588302982, 50.813218500129921 ], [ 2.062045405373449, 50.813218026449505 ], [ 2.06178440304172, 50.813198963041479 ], [ 2.061556026405828, 50.813147070130306 ], [ 2.061407108907513, 50.813094354009756 ], [ 2.06126804583046, 50.813021090300794 ], [ 2.06114514120348, 50.812959180007233 ], [ 2.061078911753535, 50.812915875868676 ], [ 2.061023969783027, 50.812879804282765 ], [ 2.060931898863569, 50.812813841666923 ], [ 2.060733301970362, 50.812653117057913 ], [ 2.060615326050991, 50.812580932517683 ], [ 2.060505257200253, 50.812544725253311 ], [ 2.060166875560523, 50.812445350970648 ], [ 2.059997122208725, 50.812352493832712 ], [ 2.059733885765501, 50.812153620076437 ], [ 2.059478612188465, 50.811984557119423 ], [ 2.059215614463073, 50.81174560173114 ], [ 2.059056816960509, 50.8117216183553 ], [ 2.058972852377071, 50.811653613157361 ], [ 2.058937641332847, 50.811575465145928 ], [ 2.058924944901174, 50.811523034112973 ], [ 2.058987506365983, 50.811353647815821 ], [ 2.058975055428458, 50.811262197514246 ], [ 2.058879553912864, 50.811231144071265 ], [ 2.058744992645056, 50.811222619466278 ], [ 2.058565211352609, 50.811184201829491 ], [ 2.058382528869911, 50.811084137052795 ], [ 2.058236833739154, 50.811037587742305 ], [ 2.057912977794875, 50.810952611886847 ], [ 2.057717013956512, 50.810905922019394 ], [ 2.057524222068874, 50.810875693168242 ], [ 2.057258534341759, 50.810828855418343 ], [ 2.057174351595994, 50.810805033832999 ], [ 2.05709045422799, 50.810728819091501 ], [ 2.056957938939671, 50.810644267820152 ], [ 2.056847764136919, 50.810628618053791 ], [ 2.056727770242177, 50.810628350139702 ], [ 2.056521989182461, 50.810597060338267 ], [ 2.056015177275723, 50.810464404740969 ], [ 2.05535001064186, 50.810226576490436 ], [ 2.055133338288009, 50.810117179382253 ], [ 2.055010459620087, 50.810056283926777 ], [ 2.054877905431777, 50.809978917612476 ], [ 2.054793716817918, 50.809957156502094 ], [ 2.054733539426374, 50.809986811660679 ], [ 2.05463616081983, 50.810002009491512 ], [ 2.054454724344527, 50.809970760826147 ], [ 2.054322015865778, 50.80992422530111 ], [ 2.054178068749012, 50.80985506047849 ], [ 2.054105416362501, 50.809801472771937 ], [ 2.053961728128466, 50.809691206212854 ], [ 2.053755069849396, 50.809527385029526 ], [ 2.05363878538979, 50.809449039736933 ], [ 2.053486686616756, 50.809391144096814 ], [ 2.053326411396406, 50.809342495967044 ], [ 2.0533196812056, 50.809386651559194 ], [ 2.053325813237491, 50.809448323316239 ], [ 2.053325540608784, 50.8094966122963 ], [ 2.053291221788371, 50.809539677270813 ], [ 2.053242443876779, 50.80956729612587 ], [ 2.053110994318927, 50.809583435077826 ], [ 2.052999112596494, 50.809579080838894 ], [ 2.052890632901174, 50.809553129508856 ], [ 2.052824286696071, 50.809526277179657 ], [ 2.052915329595674, 50.809484364391032 ], [ 2.052946428437282, 50.809437170693315 ] ] ] ] } },
{ "type": "Feature", "properties": { "fid": 36, "CODE_AZI": "AZI15", "VALLEE": "Hem", "ANNEE": "2003", "CODE_CRUE": "2", "NATURE": "Crue centennale" }, "geometry": { "type": "MultiPolygon", "coordinates": [ [ [ [ 2.113928017238365, 50.869775635969724 ], [ 2.113881250944858, 50.869705697043067 ], [ 2.113758667000362, 50.869529798352303 ], [ 2.113650048173477, 50.869490569379884 ], [ 2.11351205612919, 50.869490308908212 ], [ 2.113357594186107, 50.869539358411998 ], [ 2.113141315431004, 50.869617035777786 ], [ 2.112970940016463, 50.869596184871902 ], [ 2.112878600067021, 50.86954772211557 ], [ 2.112846474588089, 50.869469599022494 ], [ 2.112863393690343, 50.86932271882425 ], [ 2.112909321300194, 50.869215963201015 ], [ 2.113003843569667, 50.869138060579012 ], [ 2.113127554715463, 50.869069454226839 ], [ 2.11343822107626, 50.868943661413311 ], [ 2.114458205509092, 50.868492451967889 ], [ 2.115311242801674, 50.867976228172758 ], [ 2.115637055039, 50.86772307504036 ], [ 2.115839451168869, 50.867478935202847 ], [ 2.116024232272842, 50.867186483817051 ], [ 2.116088054062967, 50.867068462675455 ], [ 2.11608832583343, 50.867009908405322 ], [ 2.115996147897333, 50.866931660306996 ], [ 2.115904170270731, 50.866804106212022 ], [ 2.115798122486437, 50.866559419826721 ], [ 2.11568972124282, 50.866471907580362 ], [ 2.115410814372662, 50.866402564053246 ], [ 2.115149513857588, 50.866383613165191 ], [ 2.114932175986509, 50.866333904008336 ], [ 2.114809211047306, 50.866245326630377 ], [ 2.114747956942295, 50.866147618163197 ], [ 2.114717552693084, 50.86604996858285 ], [ 2.114826852767477, 50.865933051580527 ], [ 2.115059478102457, 50.865825618275963 ], [ 2.115383243766682, 50.865670044391429 ], [ 2.115815889634661, 50.86548487274171 ], [ 2.1160795726653, 50.865329191129135 ], [ 2.11629638279286, 50.865130295377391 ], [ 2.116345782763917, 50.864975255964133 ], [ 2.116313914142668, 50.864837537649684 ], [ 2.116238085872361, 50.864730557559149 ], [ 2.115899795199418, 50.864504963717103 ], [ 2.115653840399327, 50.864327830040622 ], [ 2.115422997866832, 50.864034631030165 ], [ 2.115362704055296, 50.863722222193445 ], [ 2.115392779061715, 50.863536316004755 ], [ 2.115518719434527, 50.863321841768311 ], [ 2.115534078467668, 50.863155449964346 ], [ 2.115456764214795, 50.863018669776523 ], [ 2.115319275744686, 50.862911571548729 ], [ 2.115181786918625, 50.862799348193114 ], [ 2.114981760082232, 50.862515455138876 ], [ 2.114874188890574, 50.862252257555355 ], [ 2.114845381797943, 50.861791967808671 ], [ 2.114910333538722, 50.861430478562291 ], [ 2.115066285763717, 50.861040366806257 ], [ 2.115096643770137, 50.860786676213607 ], [ 2.114989996028679, 50.860678615009526 ], [ 2.114836138619247, 50.860600267593497 ], [ 2.114542794242691, 50.860491860983956 ], [ 2.114246335776207, 50.860360869639614 ], [ 2.114044001192286, 50.860232088094243 ], [ 2.113953673434676, 50.860105563855491 ], [ 2.113876755365228, 50.85988146001597 ], [ 2.113830600117939, 50.859675912572975 ], [ 2.11384812033342, 50.85939138056299 ], [ 2.113740287352374, 50.85918673572214 ], [ 2.113586782321683, 50.859030313136159 ], [ 2.113094795191052, 50.858706842136712 ], [ 2.112848687228902, 50.858569759014308 ], [ 2.112401512300178, 50.858382996739778 ], [ 2.112108174689174, 50.858283832982309 ], [ 2.111660668311344, 50.858176182638019 ], [ 2.111059061309724, 50.858047692489258 ], [ 2.110611486730019, 50.857949266823553 ], [ 2.11004099030479, 50.857763297438503 ], [ 2.109572989248262, 50.857523063999238 ], [ 2.109204018083203, 50.857278911973737 ], [ 2.109019750216553, 50.857112133441284 ], [ 2.108772443162904, 50.856885666017135 ], [ 2.108435755635256, 50.856689849250486 ], [ 2.108126185358944, 50.856591680746575 ], [ 2.107879550757813, 50.856572738896944 ], [ 2.107572873685647, 50.856550583945527 ], [ 2.107417352946286, 50.856489691905438 ], [ 2.107369221317968, 50.85636220297139 ], [ 2.107418824083827, 50.856171211183501 ], [ 2.107527344900402, 50.855868351410621 ], [ 2.107759328995208, 50.855545174563751 ], [ 2.107930779357206, 50.85532154175803 ], [ 2.107994513528323, 50.85522406204543 ], [ 2.108009687351903, 50.855106975905798 ], [ 2.107932436641364, 50.854959919556556 ], [ 2.107655977695518, 50.854725172514236 ], [ 2.107381337246745, 50.854450378518131 ], [ 2.107165138751492, 50.854167454071103 ], [ 2.106904459702239, 50.853683093029083 ], [ 2.106598259522391, 50.853213019102903 ], [ 2.106352848884597, 50.852940313492923 ], [ 2.106105796462254, 50.852665553486567 ], [ 2.105829136583113, 50.8524790874865 ], [ 2.105459850152318, 50.852311975703167 ], [ 2.105182638002818, 50.852243640418344 ], [ 2.104683150787122, 50.85216463900008 ], [ 2.104142925220212, 50.852114291227757 ], [ 2.103602924720226, 50.852015675211753 ], [ 2.103077536874147, 50.851917081915651 ], [ 2.102584793233028, 50.851779522839287 ], [ 2.102323956046389, 50.851681429592446 ], [ 2.102014779587614, 50.851514399911515 ], [ 2.101798033527889, 50.851357845261397 ], [ 2.10156872596526, 50.851112892567485 ], [ 2.101430365608958, 50.850858865515264 ], [ 2.101369841278798, 50.850619393277093 ], [ 2.101294934851047, 50.850326464534653 ], [ 2.101109464442382, 50.850081586438797 ], [ 2.100926654778257, 50.849964133033112 ], [ 2.100725720477699, 50.849895937348684 ], [ 2.100386823134897, 50.849835694356507 ], [ 2.099970257152902, 50.849728063340194 ], [ 2.099738625247, 50.849630015637558 ], [ 2.099521881279833, 50.84948268618502 ], [ 2.099368343436633, 50.84934576278372 ], [ 2.09920047462212, 50.849159486887707 ], [ 2.098983855641682, 50.848983388799837 ], [ 2.098537066420576, 50.848747268363255 ], [ 2.098153005418681, 50.848629416692518 ], [ 2.097904934871285, 50.848580655373738 ], [ 2.09748806576277, 50.848539780690423 ], [ 2.097088886938277, 50.848529763174604 ], [ 2.09673664184589, 50.848547571674821 ], [ 2.096849459887848, 50.848708047181503 ], [ 2.096930236244993, 50.848781144149129 ], [ 2.097007899647278, 50.848833698188521 ], [ 2.097147275503577, 50.848870943516687 ], [ 2.09730622883075, 50.84888871101996 ], [ 2.097504177190781, 50.848898352294825 ], [ 2.097653367696029, 50.84892021280006 ], [ 2.097865811722642, 50.848951439681976 ], [ 2.097933865870814, 50.848979319232974 ], [ 2.097992019062976, 50.849030790529653 ], [ 2.097999869144017, 50.849085261179248 ], [ 2.097994722183113, 50.849146884958728 ], [ 2.097912796967482, 50.84930492914323 ], [ 2.097873456236884, 50.849388066998095 ], [ 2.097868296958278, 50.849448669646016 ], [ 2.09788591640012, 50.849497004822801 ], [ 2.097938974063551, 50.849598809037779 ], [ 2.09796323921362, 50.849614259713384 ], [ 2.09803603321895, 50.849665776805715 ], [ 2.098069889533396, 50.849712067270829 ], [ 2.098103694590044, 50.849769668534115 ], [ 2.098103676164341, 50.849770689410136 ], [ 2.098549959304261, 50.849777720906296 ], [ 2.098736515650857, 50.849795545984705 ], [ 2.098968326191724, 50.849846330110047 ], [ 2.099136735375917, 50.849924723413295 ], [ 2.099261307605179, 50.850010247121638 ], [ 2.099413399202676, 50.850107100482383 ], [ 2.099554291955749, 50.850169018328806 ], [ 2.099724437279822, 50.850220716948805 ], [ 2.099938582792286, 50.850242703340818 ], [ 2.100152711267666, 50.850260565564504 ], [ 2.100366838683306, 50.850283592671502 ], [ 2.100545135318242, 50.850329123290784 ], [ 2.100697198210999, 50.850436265361985 ], [ 2.10080190929901, 50.850594676523869 ], [ 2.100907968726278, 50.850820884161735 ], [ 2.100989744435587, 50.851027537343128 ], [ 2.101052428235953, 50.851157096816316 ], [ 2.101132993748021, 50.851281560049941 ], [ 2.1012557710866, 50.851400982349411 ], [ 2.101425627579048, 50.851513276593629 ], [ 2.10166525914622, 50.851632900271277 ], [ 2.101932429949369, 50.851762871905684 ], [ 2.102227253730028, 50.851881570839069 ], [ 2.102609742543661, 50.85199529478497 ], [ 2.102859348189628, 50.852068722324397 ], [ 2.103180300854548, 50.85215561552355 ], [ 2.103742937830222, 50.852268670177651 ], [ 2.104365751563437, 50.852360253177586 ], [ 2.104704614954874, 50.852433837886998 ], [ 2.105185888864517, 50.852592947310882 ], [ 2.105540621354463, 50.852741557289292 ], [ 2.105807691061371, 50.852900267835523 ], [ 2.106006697782948, 50.853036247705617 ], [ 2.106218468798695, 50.853217443085711 ], [ 2.106367109721627, 50.853361549435384 ], [ 2.106423680776645, 50.853415087218359 ], [ 2.106706459486023, 50.853678611035946 ], [ 2.106737172311917, 50.853711543267728 ], [ 2.106850193876457, 50.853839137671038 ], [ 2.106906612578102, 50.853918359297126 ], [ 2.106974304504227, 50.854020183754869 ], [ 2.107133805434345, 50.854280400578965 ], [ 2.1073368967246, 50.854581789340301 ], [ 2.107503347643991, 50.854737212511431 ], [ 2.107605155202918, 50.854833975579787 ], [ 2.107749060922652, 50.85495444285116 ], [ 2.107786133095458, 50.855007940372133 ], [ 2.107826451667377, 50.85506452411493 ], [ 2.107825937868977, 50.855175469067909 ], [ 2.107730981039138, 50.85535404478258 ], [ 2.107683606588883, 50.855418669202656 ], [ 2.107601933885021, 50.855534618492499 ], [ 2.107410727561629, 50.855816766679361 ], [ 2.107346549873637, 50.856005692264432 ], [ 2.107331595121225, 50.856079617542768 ], [ 2.10729672029035, 50.856247011643752 ], [ 2.107281151868658, 50.856454503021013 ], [ 2.107281157919843, 50.856457586076758 ], [ 2.107344165092797, 50.856517295243087 ], [ 2.107426693994564, 50.856570858031482 ], [ 2.107472020812211, 50.856598689490689 ], [ 2.107629315182619, 50.856628764034419 ], [ 2.107802945281326, 50.856639376189136 ], [ 2.107945732001694, 50.856649907494024 ], [ 2.108135551681569, 50.856669783989233 ], [ 2.10837375020394, 50.856760635261999 ], [ 2.108432008797, 50.856793603794742 ], [ 2.108705589679649, 50.856952333518421 ], [ 2.109053116529834, 50.857267323149124 ], [ 2.109417037569544, 50.857549496659459 ], [ 2.109842924978202, 50.85777013110831 ], [ 2.109980660649213, 50.857820723056413 ], [ 2.110254512795063, 50.857921894921262 ], [ 2.110434483978656, 50.857971546628832 ], [ 2.11083975703906, 50.858083244391118 ], [ 2.111274335007925, 50.858178553596062 ], [ 2.111490007443386, 50.858225175104181 ], [ 2.112077041294866, 50.858346452386812 ], [ 2.112326627300023, 50.858437296831646 ], [ 2.112519456012067, 50.858508537964141 ], [ 2.112668472029844, 50.858576624127565 ], [ 2.112875812952463, 50.858672531901 ], [ 2.11297623986031, 50.858718951098083 ], [ 2.112979492774769, 50.858719975221355 ], [ 2.113302987283145, 50.858975343096787 ], [ 2.113304600927318, 50.85897227157772 ], [ 2.113315901351116, 50.858986665886739 ], [ 2.113443468536069, 50.8591368984981 ], [ 2.113574038481971, 50.859338482184867 ], [ 2.113599831990934, 50.859378604431654 ], [ 2.11366212918088, 50.859599581724844 ], [ 2.113693330816733, 50.859881136847022 ], [ 2.113696369194661, 50.859930446311573 ], [ 2.113708800913194, 50.860051692338956 ], [ 2.113769819305095, 50.860201791468867 ], [ 2.113832529254811, 50.860332383617951 ], [ 2.113955306110136, 50.86046512437234 ], [ 2.113990828269169, 50.860503193559538 ], [ 2.114057232907605, 50.860539280101719 ], [ 2.11427422304666, 50.860653691660858 ], [ 2.114376335476523, 50.860689831556705 ], [ 2.114559471547596, 50.860754894433754 ], [ 2.114690709322384, 50.860810599722541 ], [ 2.114703690387815, 50.860814735840258 ], [ 2.114747125155613, 50.860898024766939 ], [ 2.11475034225925, 50.860906255571273 ], [ 2.11474986185332, 50.861016178708624 ], [ 2.11471693138051, 50.861114740577676 ], [ 2.114646227889236, 50.861315973865914 ], [ 2.114621584467498, 50.861386807612256 ], [ 2.114525754210355, 50.861758527513764 ], [ 2.114530086877704, 50.861879755607404 ], [ 2.114537446427915, 50.862049271885184 ], [ 2.114568731290361, 50.862309245401356 ], [ 2.114647460418852, 50.86249019906284 ], [ 2.114661961124323, 50.862513844818423 ], [ 2.114758629069647, 50.862681472753387 ], [ 2.11491503905581, 50.862912906018572 ], [ 2.11492313569897, 50.862920110413434 ], [ 2.115058795774552, 50.863073420754226 ], [ 2.11510559367915, 50.863141318237133 ], [ 2.115150740349047, 50.863204059004694 ], [ 2.115214770485638, 50.863405527603554 ], [ 2.115184649315586, 50.863612994271868 ], [ 2.115164551235876, 50.863746520604259 ], [ 2.115183297981649, 50.863911953151828 ], [ 2.115211477635723, 50.864147259926085 ], [ 2.11530647574668, 50.864317958103392 ], [ 2.115605462559207, 50.864618467253919 ], [ 2.115687753600243, 50.864731619504646 ], [ 2.115778112173931, 50.864857120743039 ], [ 2.115826290177096, 50.864973294021759 ], [ 2.115872866206999, 50.865088434914853 ], [ 2.115867767498762, 50.865134663292245 ], [ 2.115866147892408, 50.865139796758193 ], [ 2.11585600535934, 50.865229150904398 ], [ 2.115844566441045, 50.86524146170013 ], [ 2.115776062028534, 50.865318390311785 ], [ 2.115650726088476, 50.865393154021177 ], [ 2.115522118292189, 50.865467914402913 ], [ 2.115380600431039, 50.865534435192771 ], [ 2.115108917599269, 50.865658247911369 ], [ 2.114791681135252, 50.865807661487004 ], [ 2.114648279186595, 50.865928620407132 ], [ 2.114582769096866, 50.866058980916037 ], [ 2.114587410046632, 50.866104197317043 ], [ 2.114598403812051, 50.866189477302939 ], [ 2.114688750162256, 50.866313937960051 ], [ 2.114693611972507, 50.866319097412521 ], [ 2.114819824731314, 50.866410740880106 ], [ 2.115088919216677, 50.866500615868013 ], [ 2.115372871876178, 50.866531939354658 ], [ 2.115504166832796, 50.866578414738051 ], [ 2.115517149817524, 50.866582530719569 ], [ 2.115596326260271, 50.866662809021811 ], [ 2.1156573583873, 50.866812905709295 ], [ 2.115654010510165, 50.866834482698387 ], [ 2.115640756147336, 50.866894045944349 ], [ 2.115586432212399, 50.867064464501986 ], [ 2.115561762295952, 50.867133255664307 ], [ 2.115491563103123, 50.867224565698521 ], [ 2.115210702383375, 50.867584639919222 ], [ 2.114765230812962, 50.868085180278214 ], [ 2.114745683381289, 50.868104660270554 ], [ 2.114726087268478, 50.868125160891893 ], [ 2.114556487289498, 50.868295400658418 ], [ 2.114414787327563, 50.868395811284827 ], [ 2.114309073266429, 50.868437741155233 ], [ 2.114239143404743, 50.868465351233112 ], [ 2.113938425907942, 50.868545973492552 ], [ 2.113476796152327, 50.86866532902917 ], [ 2.113315849166681, 50.868716394387164 ], [ 2.113127255456375, 50.868774609893485 ], [ 2.112920696997479, 50.868854358018069 ], [ 2.112730122580366, 50.868994757498541 ], [ 2.11261723410353, 50.869185637431691 ], [ 2.112616496944034, 50.869345885493047 ], [ 2.112648519499748, 50.869443546617049 ], [ 2.112675938242408, 50.869483659949495 ], [ 2.112700127604273, 50.869519666383482 ], [ 2.112777779793679, 50.86958247856802 ], [ 2.112891181867846, 50.869638158028039 ], [ 2.112991714683784, 50.869666079366475 ], [ 2.113019271329666, 50.869674343140822 ], [ 2.11312476215334, 50.869684802918762 ], [ 2.113186496057494, 50.86967977684801 ], [ 2.113249832239039, 50.869675783119654 ], [ 2.113295353386679, 50.869662513904395 ], [ 2.113352230161245, 50.869645161454471 ], [ 2.11339942030917, 50.869625718157245 ], [ 2.113441712235238, 50.869608321999294 ], [ 2.1134969624673, 50.869593019886928 ], [ 2.113529476513359, 50.869583842092354 ], [ 2.113623682810815, 50.869578866529579 ], [ 2.113688538309257, 50.869599526941315 ], [ 2.113714324744672, 50.869638627468973 ], [ 2.113743370872374, 50.869676690147614 ], [ 2.113770772953314, 50.869722968994253 ], [ 2.113812683506211, 50.869790831493439 ], [ 2.113928017238365, 50.869775635969724 ] ] ] ] } },
{ "type": "Feature", "properties": { "fid": 37, "CODE_AZI": "AZI15", "VALLEE": "Hem", "ANNEE": "2003", "CODE_CRUE": "4", "NATURE": "non inondé" }, "geometry": { "type": "MultiPolygon", "coordinates": [ [ [ [ 2.094992975570855, 50.841034249898215 ], [ 2.094984768123152, 50.841053769935087 ], [ 2.094950151327795, 50.84116977512226 ], [ 2.094919794734393, 50.841399845479103 ], [ 2.094902146423137, 50.841692610726184 ], [ 2.095121229346899, 50.841687895027015 ], [ 2.095513076176674, 50.841860228713031 ], [ 2.095534129074157, 50.841870551658864 ], [ 2.095679897837278, 50.841923240975767 ], [ 2.095728554255396, 50.841926416791537 ], [ 2.095743219023669, 50.841918214860378 ], [ 2.09563318990711, 50.841851230354422 ], [ 2.095566848681884, 50.841812050265077 ], [ 2.095471349348823, 50.841764610492369 ], [ 2.095421375822101, 50.841700824333309 ], [ 2.09538790824985, 50.841574395077188 ], [ 2.095341658827657, 50.841407872946363 ], [ 2.095341864759224, 50.841367794285006 ], [ 2.09537149998637, 50.841275396569316 ], [ 2.095460855213096, 50.841251940880611 ], [ 2.095550395854217, 50.841194592506874 ], [ 2.095636646874607, 50.841143386377624 ], [ 2.09567093386926, 50.841096187584689 ], [ 2.095675984839585, 50.841060248170528 ], [ 2.09564700747595, 50.841014992780536 ], [ 2.095516494145059, 50.840823654908505 ], [ 2.09547285827033, 50.840789664493315 ], [ 2.095450205922013, 50.840773183745831 ], [ 2.095403138476373, 50.84077514447884 ], [ 2.095216144312392, 50.840861074788457 ], [ 2.095113705025546, 50.840905056002732 ], [ 2.095050140807309, 50.840957327404851 ], [ 2.094992975570855, 50.841034249898215 ] ] ] ] } },
{ "type": "Feature", "properties": { "fid": 38, "CODE_AZI": "AZI15", "VALLEE": "Hem", "ANNEE": "2003", "CODE_CRUE": "2", "NATURE": "Crue centennale" }, "geometry": { "type": "MultiPolygon", "coordinates": [ [ [ [ 2.120222133430306, 50.88361329617085 ], [ 2.119955159994502, 50.8837617726658 ], [ 2.119650443467926, 50.883993399944465 ], [ 2.119599750323053, 50.884070374196412 ], [ 2.119556989787123, 50.884193567485688 ], [ 2.119432233633346, 50.884498451695293 ], [ 2.119298644520791, 50.884594778958359 ], [ 2.119012382372406, 50.88469186926752 ], [ 2.118808974612168, 50.884778814426973 ], [ 2.118532736552359, 50.884817359837399 ], [ 2.118138126314825, 50.884807423188704 ], [ 2.117945093517789, 50.884753669121565 ], [ 2.117867459013153, 50.884684696183875 ], [ 2.117943243949805, 50.884802961990346 ], [ 2.118178521632382, 50.884854752688796 ], [ 2.118358503563546, 50.884921846628572 ], [ 2.118483147825706, 50.885008347570938 ], [ 2.11861615152049, 50.885052768209398 ], [ 2.118731420536959, 50.885062210909524 ], [ 2.118827425984076, 50.885014103904766 ], [ 2.119068716050028, 50.884804972270857 ], [ 2.119314571215238, 50.884664656464309 ], [ 2.119498772531693, 50.884509871749387 ], [ 2.119582388605888, 50.88432819219382 ], [ 2.119626893633963, 50.884182390139053 ], [ 2.119676086333218, 50.884072554652214 ], [ 2.119754309739297, 50.884011048958918 ], [ 2.120222133430306, 50.88361329617085 ] ] ] ] } },
{ "type": "Feature", "properties": { "fid": 39, "CODE_AZI": "AZI15", "VALLEE": "Hem", "ANNEE": "2003", "CODE_CRUE": "2", "NATURE": "Crue centennale" }, "geometry": { "type": "MultiPolygon", "coordinates": [ [ [ [ 2.094992975570855, 50.841034249898215 ], [ 2.095050140807309, 50.840957327404851 ], [ 2.095113705025546, 50.840905056002732 ], [ 2.095216144312392, 50.840861074788457 ], [ 2.095403138476373, 50.84077514447884 ], [ 2.095450205922013, 50.840773183745831 ], [ 2.09547285827033, 50.840789664493315 ], [ 2.095516494145059, 50.840823654908505 ], [ 2.09564700747595, 50.841014992780536 ], [ 2.095675984839585, 50.841060248170528 ], [ 2.09567093386926, 50.841096187584689 ], [ 2.095636646874607, 50.841143386377624 ], [ 2.095550395854217, 50.841194592506874 ], [ 2.095460855213096, 50.841251940880611 ], [ 2.09537149998637, 50.841275396569316 ], [ 2.095341864759224, 50.841367794285006 ], [ 2.095341658827657, 50.841407872946363 ], [ 2.09538790824985, 50.841574395077188 ], [ 2.095421375822101, 50.841700824333309 ], [ 2.095471349348823, 50.841764610492369 ], [ 2.095566848681884, 50.841812050265077 ], [ 2.09563318990711, 50.841851230354422 ], [ 2.095743219023669, 50.841918214860378 ], [ 2.095728554255396, 50.841926416791537 ], [ 2.095679897837278, 50.841923240975767 ], [ 2.095534129074157, 50.841870551658864 ], [ 2.095653927745543, 50.841926255767966 ], [ 2.095796579551687, 50.84195529868223 ], [ 2.095864650674826, 50.841969826498882 ], [ 2.095840415091798, 50.841951292329192 ], [ 2.095719036411169, 50.841883244595451 ], [ 2.095651107183372, 50.841838927902273 ], [ 2.095558885467532, 50.841784304763053 ], [ 2.09547145919716, 50.841739966612515 ], [ 2.095449044262142, 50.841678262326681 ], [ 2.095409181483013, 50.841535390239642 ], [ 2.095393321856682, 50.841459339076174 ], [ 2.095375784458988, 50.841396629103635 ], [ 2.09539386984508, 50.841346329829598 ], [ 2.095410321103608, 50.84130526795802 ], [ 2.095480263122544, 50.841265334999342 ], [ 2.095566500827321, 50.84121825295901 ], [ 2.095659319341842, 50.841153701046345 ], [ 2.095699980214514, 50.841134256260254 ], [ 2.095711497735015, 50.84109730269752 ], [ 2.095702006334889, 50.841045922408021 ], [ 2.09564398840315, 50.84096566144536 ], [ 2.095539211577939, 50.840824720657189 ], [ 2.095497253816486, 50.840777369016642 ], [ 2.095469774321457, 50.840755748124089 ], [ 2.095416229727652, 50.840752556738686 ], [ 2.095258464471598, 50.840829309816158 ], [ 2.095141384875146, 50.840883535165545 ], [ 2.095087703395539, 50.840913215608012 ], [ 2.095020848176736, 50.840976774443156 ], [ 2.094992975570855, 50.841034249898215 ] ] ] ] } },
{ "type": "Feature", "properties": { "fid": 40, "CODE_AZI": "AZI15", "VALLEE": "Hem", "ANNEE": "2003", "CODE_CRUE": "2", "NATURE": "Crue centennale" }, "geometry": { "type": "MultiPolygon", "coordinates": [ [ [ [ 2.033521360184838, 50.801979276002641 ], [ 2.03349443737347, 50.801874414911794 ], [ 2.033491190169581, 50.801873368617763 ], [ 2.033360328806221, 50.801794970064485 ], [ 2.033247311247709, 50.801717630860075 ], [ 2.033175126970364, 50.801594178748829 ], [ 2.033143452590553, 50.801469779711667 ], [ 2.033119663662596, 50.801381360389783 ], [ 2.033047309177973, 50.801282553255191 ], [ 2.032835409501943, 50.8012008619921 ], [ 2.032582961762373, 50.801122158935392 ], [ 2.032314178119095, 50.801063970578241 ], [ 2.032077558072921, 50.80104795660791 ], [ 2.031775997629516, 50.801047214272678 ], [ 2.031490623215694, 50.801052683614074 ], [ 2.031221698479829, 50.801016054932866 ], [ 2.03108262827452, 50.800958172082424 ], [ 2.030945402933587, 50.800860240405463 ], [ 2.030869559811349, 50.8008014877894 ], [ 2.030871111908799, 50.800812791993792 ], [ 2.030850817333119, 50.800952464215015 ], [ 2.030803100926588, 50.801065354486624 ], [ 2.030760373123049, 50.801158742571346 ], [ 2.030750546117479, 50.801171059395557 ], [ 2.030750489053852, 50.801180308879822 ], [ 2.03080219825392, 50.801211244067233 ], [ 2.030837805641661, 50.801220590896065 ], [ 2.030876699141262, 50.801225818837317 ], [ 2.030935107952061, 50.801216723080913 ], [ 2.030959462809876, 50.801212668028541 ], [ 2.031100522929567, 50.801211983599593 ], [ 2.031450763067771, 50.801204637058134 ], [ 2.031681024342257, 50.801202122939493 ], [ 2.032110488890316, 50.801231949722833 ], [ 2.032251492262041, 50.801240513475022 ], [ 2.032342149276477, 50.801261299434593 ], [ 2.032497596927639, 50.80129352039603 ], [ 2.032696434963804, 50.801390587378357 ], [ 2.032901538892461, 50.801520557916533 ], [ 2.033008102062288, 50.801596846278258 ], [ 2.033130349107792, 50.801754343235181 ], [ 2.03307075187652, 50.801957618946552 ], [ 2.033093260715531, 50.801987465498733 ], [ 2.033149722881207, 50.802034874171561 ], [ 2.033490295312052, 50.802019258037014 ], [ 2.033509991774747, 50.801981310056206 ], [ 2.033521360184838, 50.801979276002641 ] ] ] ] } },
{ "type": "Feature", "properties": { "fid": 41, "CODE_AZI": "AZI15", "VALLEE": "Hem", "ANNEE": "2003", "CODE_CRUE": "4", "NATURE": "non inondé" }, "geometry": { "type": "MultiPolygon", "coordinates": [ [ [ [ 2.121695361904356, 50.857772915654564 ], [ 2.121547742052388, 50.857750054091227 ], [ 2.121471429429521, 50.85775404062877 ], [ 2.121352919988489, 50.857762053871795 ], [ 2.121265173023709, 50.857783476728962 ], [ 2.12121803216458, 50.857795716607967 ], [ 2.121087747192819, 50.857896156620598 ], [ 2.120965401979096, 50.8580387534492 ], [ 2.120911571114535, 50.858094128045337 ], [ 2.120896919846304, 50.858108478773481 ], [ 2.120830149238533, 50.858155634156205 ], [ 2.120761776779826, 50.858201737188026 ], [ 2.120688420698401, 50.858270447047417 ], [ 2.120650535822267, 50.858402888855004 ], [ 2.120645182700585, 50.858510756023122 ], [ 2.120669019755607, 50.85862585593987 ], [ 2.120712504213205, 50.858705039387026 ], [ 2.120731925682948, 50.85871842927645 ], [ 2.120814479090358, 50.858775086111436 ], [ 2.120979745878811, 50.858841114774904 ], [ 2.121482447423942, 50.858958089189009 ], [ 2.121824747746208, 50.859001821487318 ], [ 2.122387859565251, 50.859033634681708 ], [ 2.122611830912836, 50.859040196305031 ], [ 2.122865045828306, 50.859045762154651 ], [ 2.123158758393275, 50.85906578615662 ], [ 2.12317820804804, 50.859068905876953 ], [ 2.123342036456124, 50.8590969243389 ], [ 2.123542935106455, 50.859186662937866 ], [ 2.123591279939971, 50.859267901423948 ], [ 2.12360404397639, 50.859319280965572 ], [ 2.123599125161343, 50.859329556389056 ], [ 2.123576131939426, 50.859394237661284 ], [ 2.123580883845941, 50.859417873984569 ], [ 2.123588872481897, 50.859448700021552 ], [ 2.123622724408265, 50.859502189724466 ], [ 2.123726535963491, 50.859521877983731 ], [ 2.123773625243385, 50.85951786480635 ], [ 2.123819152606041, 50.859503550645577 ], [ 2.123824000904351, 50.85950252369674 ], [ 2.123866361600375, 50.85947179134601 ], [ 2.123872938886952, 50.859447133601691 ], [ 2.123891054382749, 50.859388624021101 ], [ 2.123862370969593, 50.859265282865927 ], [ 2.123854347869846, 50.859241643574066 ], [ 2.123806095145269, 50.85914292886563 ], [ 2.123775476343892, 50.859086378916857 ], [ 2.123767409613379, 50.859079175267816 ], [ 2.123739889900182, 50.859058581991221 ], [ 2.123660632522736, 50.858996805314895 ], [ 2.12344165263021, 50.858958409718412 ], [ 2.12326962000218, 50.858951954674438 ], [ 2.123194973171858, 50.858949767976434 ], [ 2.123084602276597, 50.858948551091117 ], [ 2.122873569322188, 50.858945104299941 ], [ 2.122798946078616, 50.858939834535761 ], [ 2.122519823400881, 50.858922915308291 ], [ 2.122294484350105, 50.858856765997494 ], [ 2.122164925813037, 50.858783603400475 ], [ 2.122097209135315, 50.858682808969292 ], [ 2.122081085966065, 50.858659152523593 ], [ 2.122019953020519, 50.858531658399684 ], [ 2.121987928842245, 50.858424749089842 ], [ 2.121936748966952, 50.858251059990309 ], [ 2.121916396562571, 50.858078428819375 ], [ 2.121908623170538, 50.858002380116403 ], [ 2.121847577359503, 50.857854346394639 ], [ 2.121750413316235, 50.857802812296896 ], [ 2.121695361904356, 50.857772915654564 ] ] ] ] } },
{ "type": "Feature", "properties": { "fid": 42, "CODE_AZI": "AZI15", "VALLEE": "Hem", "ANNEE": "2003", "CODE_CRUE": "1", "NATURE": "Crue décennale" }, "geometry": { "type": "MultiPolygon", "coordinates": [ [ [ [ 2.076559410904152, 50.818863139891889 ], [ 2.076567543511022, 50.81886109798554 ], [ 2.076564339547046, 50.818855948911306 ], [ 2.076419423625711, 50.818654286212649 ], [ 2.076298351941608, 50.818541011791098 ], [ 2.076074274461539, 50.818285746490787 ], [ 2.07591638064988, 50.818084046821546 ], [ 2.075861819509502, 50.817971945876458 ], [ 2.075805789905302, 50.81783518833813 ], [ 2.075704212274355, 50.817716832340928 ], [ 2.075581477570984, 50.817621022893846 ], [ 2.075461830580989, 50.817549881890201 ], [ 2.075283726097098, 50.81748991897291 ], [ 2.075115226894216, 50.817455653795015 ], [ 2.07490943683158, 50.817424394910354 ], [ 2.074667898715026, 50.817400257869295 ], [ 2.074424776262522, 50.817370963226104 ], [ 2.074274123491069, 50.817334687251716 ], [ 2.074246617351205, 50.817322290157982 ], [ 2.074117493343215, 50.81720386819034 ], [ 2.074098300406443, 50.817156576409808 ], [ 2.073864798173677, 50.817148894603633 ], [ 2.073584329354533, 50.817125687299615 ], [ 2.073313646204259, 50.81709530459564 ], [ 2.073143515628979, 50.817065148876836 ], [ 2.072929819166291, 50.816987639703839 ], [ 2.072818245585065, 50.8169278078649 ], [ 2.072679393782062, 50.816810393032725 ], [ 2.072548564721324, 50.816708413785769 ], [ 2.072472481729763, 50.816678456700956 ], [ 2.072258530097338, 50.816654360142635 ], [ 2.072015367092285, 50.816637393294677 ], [ 2.071650698413643, 50.816587306988296 ], [ 2.071435330613915, 50.816529303081587 ], [ 2.07123949591189, 50.816450802870797 ], [ 2.071063186939206, 50.81636207710676 ], [ 2.070877345142971, 50.816237362478667 ], [ 2.0707563453287, 50.816117916212349 ], [ 2.070671009743254, 50.816005743171068 ], [ 2.070504515532209, 50.815898550383231 ], [ 2.070355791050277, 50.815809869158066 ], [ 2.070130302022171, 50.815821700419569 ], [ 2.06982214208297, 50.815826187007112 ], [ 2.069551391509929, 50.815808128387332 ], [ 2.0693180114676, 50.815777835285374 ], [ 2.068844585032277, 50.816049064735836 ], [ 2.06815811849662, 50.816430776046602 ], [ 2.06797267563311, 50.81653413821752 ], [ 2.067307069902237, 50.816952899228092 ], [ 2.066016381207081, 50.817792535727072 ], [ 2.065866870321265, 50.81784254809817 ], [ 2.065179806919866, 50.81832390167839 ], [ 2.065009517170626, 50.818323524753353 ], [ 2.064686949953367, 50.818587881453702 ], [ 2.06435293496075, 50.818861460959027 ], [ 2.064106974709555, 50.819057159221209 ], [ 2.063908172257814, 50.819222118924387 ], [ 2.063826634061119, 50.819304132245456 ], [ 2.063748349265293, 50.819382045662259 ], [ 2.063806494961484, 50.819425327169455 ], [ 2.064179950864138, 50.819648061585816 ], [ 2.064506689525999, 50.819811102322184 ], [ 2.064916153824528, 50.819969197261933 ], [ 2.065327531159997, 50.820079014973395 ], [ 2.065562582685784, 50.820104182403263 ], [ 2.065802611504669, 50.820109846405629 ], [ 2.066052427994153, 50.820100127256786 ], [ 2.066574918993922, 50.820062219346042 ], [ 2.067144489188135, 50.820014150835519 ], [ 2.067626451694113, 50.819965884626669 ], [ 2.068118153427192, 50.819922774686312 ], [ 2.068817534549111, 50.819860613762138 ], [ 2.069051248318992, 50.819831328065462 ], [ 2.069354817806167, 50.819782663072161 ], [ 2.069526934744734, 50.819749132432271 ], [ 2.069660177889487, 50.81970011549376 ], [ 2.069908889928476, 50.819596883233231 ], [ 2.070274810316251, 50.819414802309979 ], [ 2.070474680434609, 50.819347422058847 ], [ 2.070754007514103, 50.819278151558272 ], [ 2.071112912861321, 50.819190574113698 ], [ 2.071601609541341, 50.819098136812848 ], [ 2.072070713962624, 50.819029276342441 ], [ 2.072669483900744, 50.818977135681934 ], [ 2.072877072229397, 50.818977579480404 ], [ 2.072953230922191, 50.818992120721177 ], [ 2.072995452094485, 50.818981943970726 ], [ 2.073021472540211, 50.818970705689651 ], [ 2.073039387183686, 50.818958406053738 ], [ 2.073723978223251, 50.818930082937136 ], [ 2.074329051788852, 50.818911836379392 ], [ 2.074843161587332, 50.818918077606057 ], [ 2.075131660581615, 50.818953614301776 ], [ 2.075295274128651, 50.818993008447293 ], [ 2.075389069764902, 50.819046619563125 ], [ 2.075456777569699, 50.819121759584085 ], [ 2.076302939724183, 50.818907807065784 ], [ 2.076291606567249, 50.818899554551614 ], [ 2.076471731934681, 50.818883511833533 ], [ 2.076559410904152, 50.818863139891889 ] ] ] ] } },
{ "type": "Feature", "properties": { "fid": 43, "CODE_AZI": "AZI15", "VALLEE": "Hem", "ANNEE": "2003", "CODE_CRUE": "2", "NATURE": "Crue centennale" }, "geometry": { "type": "MultiPolygon", "coordinates": [ [ [ [ 2.128355425899549, 50.870065983873886 ], [ 2.128883453906031, 50.869979548673903 ], [ 2.130013605997811, 50.870015347341578 ], [ 2.131293794041696, 50.869786306989269 ], [ 2.133511420466681, 50.869790136045381 ], [ 2.141937253226134, 50.870084962751491 ], [ 2.148148320748271, 50.869674045482341 ], [ 2.148304448329852, 50.869882531901915 ], [ 2.147735511171652, 50.865171232264409 ], [ 2.147736242484193, 50.86498742476217 ], [ 2.147735997757864, 50.864987464188189 ], [ 2.146737233574958, 50.865079406308361 ], [ 2.144316807035628, 50.865474229456197 ], [ 2.142815685539327, 50.865749249679013 ], [ 2.135373992238622, 50.866916643803435 ], [ 2.129915689134836, 50.867738669603348 ], [ 2.129964781136086, 50.867641158577293 ], [ 2.129833193241279, 50.86766148046113 ], [ 2.129807002015921, 50.867716910866761 ], [ 2.129695102076132, 50.867690024718272 ], [ 2.129398544899957, 50.868333631707983 ], [ 2.129121941277205, 50.868865329746939 ], [ 2.128708848981207, 50.869422458103898 ], [ 2.128474262255287, 50.869607997001793 ], [ 2.128336947957712, 50.869831711351317 ], [ 2.128355425899549, 50.870065983873886 ] ] ] ] } },
{ "type": "Feature", "properties": { "fid": 44, "CODE_AZI": "AZI15", "VALLEE": "Hem", "ANNEE": "2003", "CODE_CRUE": "2", "NATURE": "Crue centennale" }, "geometry": { "type": "MultiPolygon", "coordinates": [ [ [ [ 2.083846262763922, 50.823714179325329 ], [ 2.083828564149782, 50.823686400691024 ], [ 2.083766648004658, 50.823737638696947 ], [ 2.083900385564916, 50.823911540254372 ], [ 2.08404889371777, 50.824054658371246 ], [ 2.084081478376729, 50.824026969126137 ], [ 2.083997765630327, 50.823905569291469 ], [ 2.083978551567448, 50.823852113097502 ], [ 2.083904438097723, 50.823755389094885 ], [ 2.083846262763922, 50.823714179325329 ] ] ] ] } },
{ "type": "Feature", "properties": { "fid": 45, "CODE_AZI": "AZI15", "VALLEE": "Hem", "ANNEE": "2003", "CODE_CRUE": "2", "NATURE": "Crue centennale" }, "geometry": { "type": "MultiPolygon", "coordinates": [ [ [ [ 2.126501520691731, 50.869256387624546 ], [ 2.126519028411299, 50.869337567707198 ], [ 2.126539592943612, 50.869466014303526 ], [ 2.126749611835427, 50.869711898910573 ], [ 2.126989008703755, 50.86991983238886 ], [ 2.127242900428198, 50.870157575135202 ], [ 2.127315176951806, 50.87034363802033 ], [ 2.127209132222895, 50.870462629785941 ], [ 2.127033666753142, 50.87049108953763 ], [ 2.127280405659315, 50.870504868528137 ], [ 2.127477183571062, 50.870429172429795 ], [ 2.127696976760511, 50.870285732322806 ], [ 2.127763843770394, 50.870210848335446 ], [ 2.12777228314253, 50.87013381387095 ], [ 2.127360844922627, 50.869912245995479 ], [ 2.127054689621941, 50.869748388301041 ], [ 2.126892775587368, 50.869640232293861 ], [ 2.126769807983393, 50.869541397501521 ], [ 2.126812150270822, 50.86950860249334 ], [ 2.126501520691731, 50.869256387624546 ] ] ] ] } },
{ "type": "Feature", "properties": { "fid": 46, "CODE_AZI": "AZI15", "VALLEE": "Hem", "ANNEE": "2003", "CODE_CRUE": "1", "NATURE": "Crue décennale" }, "geometry": { "type": "MultiPolygon", "coordinates": [ [ [ [ 2.086215053368853, 50.833552999671028 ], [ 2.086164861151723, 50.83353235105151 ], [ 2.08607906803603, 50.833495184838036 ], [ 2.085929480974069, 50.833559614319071 ], [ 2.086162619170655, 50.83365666083251 ], [ 2.086164219746221, 50.833657693605325 ], [ 2.086399903303628, 50.833891376965191 ], [ 2.086504817587286, 50.83400253801836 ], [ 2.086832620602583, 50.834310390120834 ], [ 2.08747257488787, 50.834809959078491 ], [ 2.088004115566945, 50.835254856457674 ], [ 2.088362767118058, 50.835562749363497 ], [ 2.088632294035456, 50.835846845967204 ], [ 2.08870959269309, 50.835963088168661 ], [ 2.088757443499135, 50.836122418777776 ], [ 2.088766461249792, 50.836271415255936 ], [ 2.088756125456847, 50.836387477061436 ], [ 2.088706103121635, 50.83666066770985 ], [ 2.088685699899081, 50.836844524372815 ], [ 2.088704719785817, 50.836935995668192 ], [ 2.08879158464732, 50.837084099648841 ], [ 2.088859038413992, 50.837220870335479 ], [ 2.088935915887154, 50.837422395106003 ], [ 2.088954711732305, 50.83755804921077 ], [ 2.089283161140341, 50.83774363434916 ], [ 2.089603452581257, 50.837934324170291 ], [ 2.089951464182109, 50.838101451548539 ], [ 2.090223257510191, 50.838262275791514 ], [ 2.090380219119758, 50.838348887495357 ], [ 2.090533778771937, 50.838466305213423 ], [ 2.090640207025506, 50.838601096699158 ], [ 2.090697781731202, 50.83876560193503 ], [ 2.090697340751066, 50.838857030747967 ], [ 2.090735954910289, 50.838924900468562 ], [ 2.090831292790364, 50.839004195021253 ], [ 2.090861718991066, 50.839085418455277 ], [ 2.0908809477987, 50.839133747189543 ], [ 2.090986107491662, 50.839195595611365 ], [ 2.091024670924152, 50.839269651054437 ], [ 2.091004726036627, 50.839368224884204 ], [ 2.091015930239995, 50.83939907753787 ], [ 2.091207395762436, 50.839726161116211 ], [ 2.091350812476704, 50.839927808288124 ], [ 2.091428033816029, 50.840057400830851 ], [ 2.091535203310539, 50.840371977109889 ], [ 2.091553720444204, 50.840562082774298 ], [ 2.091522132904081, 50.840716127383409 ], [ 2.091451961256145, 50.84079713772099 ], [ 2.091592923149107, 50.84083646354194 ], [ 2.091831061756275, 50.840918098997705 ], [ 2.092108119927858, 50.841003921384079 ], [ 2.092461326218237, 50.841110437781317 ], [ 2.092642776036097, 50.8411652524007 ], [ 2.092821038077214, 50.841213877366215 ], [ 2.093093287663126, 50.841285308115161 ], [ 2.093141916605263, 50.841296692976613 ], [ 2.093318542521984, 50.841341221217469 ], [ 2.093542208586459, 50.841397142370539 ], [ 2.093715550393075, 50.841450915442536 ], [ 2.093801363181478, 50.841488055927435 ], [ 2.09382566090978, 50.841498377041944 ], [ 2.093830537860637, 50.841500440222099 ], [ 2.093861178804569, 50.841536458837261 ], [ 2.09390627767634, 50.841604354370098 ], [ 2.093982451583722, 50.841621965158325 ], [ 2.094086156409628, 50.841649926157849 ], [ 2.094170885871385, 50.841583314580824 ], [ 2.094543515266794, 50.841701157279807 ], [ 2.094901604102505, 50.841803557894849 ], [ 2.095120421531291, 50.841857418918067 ], [ 2.095439676402139, 50.8419391956674 ], [ 2.095593657599802, 50.841975468183115 ], [ 2.095825466027716, 50.842024196971622 ], [ 2.095904900496833, 50.842035644024733 ], [ 2.096115661394172, 50.842077152530969 ], [ 2.096391249730948, 50.842130081597972 ], [ 2.09659712159824, 50.842171593877211 ], [ 2.0968499919341, 50.84222858148938 ], [ 2.096966687780678, 50.842256554092323 ], [ 2.09744642959426, 50.842373562244831 ], [ 2.097772238642623, 50.842448173156406 ], [ 2.098136926006359, 50.842531052483295 ], [ 2.098477306934383, 50.842612874052435 ], [ 2.098756082357823, 50.842679174206076 ], [ 2.099036465554118, 50.842749569426395 ], [ 2.098777562881949, 50.842598048274191 ], [ 2.098471523232931, 50.842460820261259 ], [ 2.098144391300762, 50.842330746160222 ], [ 2.097838290689283, 50.842208931490738 ], [ 2.097534009812392, 50.842043966025372 ], [ 2.09718470939003, 50.841799794745647 ], [ 2.096968295453125, 50.841590819441343 ], [ 2.096777827912275, 50.84138191157686 ], [ 2.096609964897886, 50.84119562968106 ], [ 2.096393337806848, 50.841030835889761 ], [ 2.096220137332097, 50.840942132520304 ], [ 2.095927017467357, 50.840826513045073 ], [ 2.095620719720787, 50.840746793336756 ], [ 2.095337216762088, 50.840653784809362 ], [ 2.094919261285729, 50.840516335789097 ], [ 2.094647040083637, 50.840436680879449 ], [ 2.094423259551504, 50.840407487592813 ], [ 2.094162140477045, 50.840386430993206 ], [ 2.094026011243916, 50.840350206254861 ], [ 2.093822170337132, 50.840227542836651 ], [ 2.093720355306442, 50.840141036480901 ], [ 2.093676909630907, 50.840068007570437 ], [ 2.093653410875013, 50.839894342460497 ], [ 2.093551965303175, 50.839736967402068 ], [ 2.093361492424042, 50.839536261777475 ], [ 2.093191853473476, 50.83938489681514 ], [ 2.09318079631055, 50.839327338585917 ], [ 2.093192529408293, 50.839248264357998 ], [ 2.093181519153354, 50.83917633200285 ], [ 2.093147804723888, 50.839104334552573 ], [ 2.093079913419347, 50.839054891345583 ], [ 2.092968104343321, 50.83902590941176 ], [ 2.092877263859586, 50.839018541572642 ], [ 2.092740975569169, 50.839018270333604 ], [ 2.092638923133751, 50.838982111828237 ], [ 2.092549896954148, 50.838938780763378 ], [ 2.092367364906665, 50.838774047280324 ], [ 2.092221852363355, 50.838665879772627 ], [ 2.09206357855167, 50.838521742995454 ], [ 2.091927796497959, 50.83841462696158 ], [ 2.091811439360814, 50.838319884619565 ], [ 2.09116796744051, 50.837859375000335 ], [ 2.090977138784282, 50.837729553910371 ], [ 2.090930375079094, 50.837672956119974 ], [ 2.090919072761075, 50.837662643368787 ], [ 2.090883245810771, 50.837685185040584 ], [ 2.09073679133094, 50.837775288623362 ], [ 2.090696408622874, 50.83773413282028 ], [ 2.09084778491053, 50.837638879952863 ], [ 2.09088197354302, 50.837617367389456 ], [ 2.0908739880771, 50.837592704331612 ], [ 2.0911357661452, 50.837479177099837 ], [ 2.091272128215053, 50.837465076165692 ], [ 2.091476272438324, 50.837523021347536 ], [ 2.09156577238998, 50.837472842451902 ], [ 2.091600367530241, 50.837365045625759 ], [ 2.091487167691728, 50.837286742377749 ], [ 2.091307660095112, 50.837171318634418 ], [ 2.091037802995751, 50.83694784734061 ], [ 2.090764945920198, 50.836676084742003 ], [ 2.09028067307406, 50.836178892208864 ], [ 2.089966025615192, 50.835833087877347 ], [ 2.089728691994786, 50.835596316976236 ], [ 2.08940254025589, 50.835280257026753 ], [ 2.089040870034729, 50.834928180218675 ], [ 2.088759851992536, 50.834672829269081 ], [ 2.088535072602367, 50.834522374775439 ], [ 2.088240674383446, 50.834349188005653 ], [ 2.088116278286161, 50.834242090225644 ], [ 2.08807282691808, 50.834170099615278 ], [ 2.088060185060973, 50.834104320497659 ], [ 2.088003720703307, 50.83404050301224 ], [ 2.087890366834536, 50.833998151347956 ], [ 2.087699047541723, 50.833975169105805 ], [ 2.087382682708098, 50.833974534554258 ], [ 2.087256164338959, 50.833967081407152 ], [ 2.087110340979062, 50.833930837658862 ], [ 2.086783343403023, 50.83378633779482 ], [ 2.086729879345345, 50.833770810660717 ], [ 2.086700741480452, 50.833758424781017 ], [ 2.086673222871873, 50.833746050760809 ], [ 2.086467641443094, 50.833654192283959 ], [ 2.086432002603655, 50.833639736632449 ], [ 2.086351064808695, 50.833607731409636 ], [ 2.086215053368853, 50.833552999671028 ] ], [ [ 2.095534129074157, 50.841870551658864 ], [ 2.095513076176674, 50.841860228713031 ], [ 2.095121229346899, 50.841687895027015 ], [ 2.094902146423137, 50.841692610726184 ], [ 2.094919794734393, 50.841399845479103 ], [ 2.094950151327795, 50.84116977512226 ], [ 2.094984768123152, 50.841053769935087 ], [ 2.094992975570855, 50.841034249898215 ], [ 2.095020848176736, 50.840976774443156 ], [ 2.095087703395539, 50.840913215608012 ], [ 2.095141384875146, 50.840883535165545 ], [ 2.095258464471598, 50.840829309816158 ], [ 2.095416229727652, 50.840752556738686 ], [ 2.095469774321457, 50.840755748124089 ], [ 2.095497253816486, 50.840777369016642 ], [ 2.095539211577939, 50.840824720657189 ], [ 2.09564398840315, 50.84096566144536 ], [ 2.095702006334889, 50.841045922408021 ], [ 2.095711497735015, 50.84109730269752 ], [ 2.095699980214514, 50.841134256260254 ], [ 2.095659319341842, 50.841153701046345 ], [ 2.095566500827321, 50.84121825295901 ], [ 2.095480263122544, 50.841265334999342 ], [ 2.095410321103608, 50.84130526795802 ], [ 2.09539386984508, 50.841346329829598 ], [ 2.095375784458988, 50.841396629103635 ], [ 2.095393321856682, 50.841459339076174 ], [ 2.095409181483013, 50.841535390239642 ], [ 2.095449044262142, 50.841678262326681 ], [ 2.09547145919716, 50.841739966612515 ], [ 2.095558885467532, 50.841784304763053 ], [ 2.095651107183372, 50.841838927902273 ], [ 2.095719036411169, 50.841883244595451 ], [ 2.095840415091798, 50.841951292329192 ], [ 2.095864650674826, 50.841969826498882 ], [ 2.095796579551687, 50.84195529868223 ], [ 2.095653927745543, 50.841926255767966 ], [ 2.095534129074157, 50.841870551658864 ] ] ] ] } },
{ "type": "Feature", "properties": { "fid": 47, "CODE_AZI": "AZI15", "VALLEE": "Hem", "ANNEE": "2003", "CODE_CRUE": "2", "NATURE": "Crue centennale" }, "geometry": { "type": "MultiPolygon", "coordinates": [ [ [ [ 2.037805687019744, 50.802669873004568 ], [ 2.037771632779374, 50.802674915586543 ], [ 2.037649748214167, 50.802716759637939 ], [ 2.037526257857072, 50.802762695550882 ], [ 2.03745314979701, 50.802788198450124 ], [ 2.037380169508569, 50.802788014812293 ], [ 2.037273375821961, 50.802751791483786 ], [ 2.037168258124925, 50.802709414418992 ], [ 2.037053548954054, 50.802643397886314 ], [ 2.036964812010621, 50.802570234205149 ], [ 2.03674526299331, 50.802409426059832 ], [ 2.036353862308013, 50.802248188884192 ], [ 2.035923299753089, 50.802128992637336 ], [ 2.035712890524612, 50.802070943283191 ], [ 2.035379287074407, 50.802002309143063 ], [ 2.035044114579569, 50.801929577562134 ], [ 2.034747826623359, 50.801861050621149 ], [ 2.034210520238772, 50.80170047752307 ], [ 2.033974187435855, 50.801636197673183 ], [ 2.033909349287433, 50.801631930700289 ], [ 2.033858928570647, 50.801657487392831 ], [ 2.033858646119419, 50.801703734785569 ], [ 2.033842027752587, 50.801770477555088 ], [ 2.033719928755758, 50.801853400202738 ], [ 2.03362891117842, 50.801889133061316 ], [ 2.033581848843924, 50.801894153655233 ], [ 2.03355271515328, 50.80188792114653 ], [ 2.033573286899133, 50.801972210946367 ], [ 2.033821355269785, 50.801972814222452 ], [ 2.034396726459601, 50.802006087334817 ], [ 2.034892440906425, 50.802075099492555 ], [ 2.035575814333388, 50.802216498936453 ], [ 2.036263774318598, 50.80239899402833 ], [ 2.036517740495837, 50.80249620092853 ], [ 2.036934846878356, 50.802697559004962 ], [ 2.037161353976694, 50.802776192551349 ], [ 2.037391276652905, 50.802828123476395 ], [ 2.037491802278026, 50.802831443110968 ], [ 2.037584298794531, 50.802820365285285 ], [ 2.03765269035976, 50.802770179499888 ], [ 2.037753650784416, 50.802698502043157 ], [ 2.037805687019744, 50.802669873004568 ] ] ] ] } },
{ "type": "Feature", "properties": { "fid": 48, "CODE_AZI": "AZI15", "VALLEE": "Hem", "ANNEE": "2003", "CODE_CRUE": "2", "NATURE": "Crue centennale" }, "geometry": { "type": "MultiPolygon", "coordinates": [ [ [ [ 2.123998953177862, 50.859590157235388 ], [ 2.124064190984932, 50.859515282608442 ], [ 2.124064634505764, 50.859411525022935 ], [ 2.124042478286071, 50.859282043780539 ], [ 2.124000767682359, 50.859165878142704 ], [ 2.123913513949538, 50.859070192565561 ], [ 2.123764618850598, 50.858973352889542 ], [ 2.123579729956371, 50.858932975029553 ], [ 2.123255191046508, 50.85891185432466 ], [ 2.123115577160447, 50.858911612913175 ], [ 2.12286722128247, 50.858918373702934 ], [ 2.122703330032742, 50.85890268614385 ], [ 2.122607703196429, 50.858869641587255 ], [ 2.122478167746467, 50.858793396486355 ], [ 2.122369910149032, 50.858677122012637 ], [ 2.122317119942716, 50.858499297797934 ], [ 2.12228707800846, 50.858314326596776 ], [ 2.122232874462394, 50.858088225334917 ], [ 2.122145879650485, 50.857938087169259 ], [ 2.121964817590115, 50.857767226754085 ], [ 2.121835148796636, 50.857724872888781 ], [ 2.121543151034014, 50.857684297750986 ], [ 2.121228204007905, 50.857697112262912 ], [ 2.121033173348324, 50.85775225207464 ], [ 2.120850829394633, 50.857880331978038 ], [ 2.120752881317559, 50.858010628549899 ], [ 2.120643803510298, 50.858085432582676 ], [ 2.12046981191381, 50.8581539728184 ], [ 2.120242331783528, 50.858208021549139 ], [ 2.120146296862807, 50.858269484122992 ], [ 2.120102269595413, 50.858316659517875 ], [ 2.120048003611862, 50.858474770577118 ], [ 2.120155791160497, 50.858693783705306 ], [ 2.120273922766563, 50.858780280804353 ], [ 2.120396880155517, 50.858873998817927 ], [ 2.120597800896843, 50.8589534523827 ], [ 2.120909070806204, 50.859042352357591 ], [ 2.12122212350384, 50.859094268169137 ], [ 2.121606658731586, 50.859131912612412 ], [ 2.121824131471147, 50.859139490879969 ], [ 2.122422947188753, 50.859178542232357 ], [ 2.122861042781472, 50.859216299633843 ], [ 2.123232565819551, 50.859262135523842 ], [ 2.123324942435124, 50.859299280718396 ], [ 2.123459174082623, 50.859409450791006 ], [ 2.123489654864903, 50.859494767740557 ], [ 2.123555836752543, 50.859582197517412 ], [ 2.123662769125644, 50.859629634675073 ], [ 2.123868906406989, 50.859630002746577 ], [ 2.123998953177862, 50.859590157235388 ] ], [ [ 2.121695361904356, 50.857772915654564 ], [ 2.121750413316235, 50.857802812296896 ], [ 2.121847577359503, 50.857854346394639 ], [ 2.121908623170538, 50.858002380116403 ], [ 2.121916396562571, 50.858078428819375 ], [ 2.121936748966952, 50.858251059990309 ], [ 2.121987928842245, 50.858424749089842 ], [ 2.122019953020519, 50.858531658399684 ], [ 2.122081085966065, 50.858659152523593 ], [ 2.122097209135315, 50.858682808969292 ], [ 2.122164925813037, 50.858783603400475 ], [ 2.122294484350105, 50.858856765997494 ], [ 2.122519823400881, 50.858922915308291 ], [ 2.122798946078616, 50.858939834535761 ], [ 2.122873569322188, 50.858945104299941 ], [ 2.123084602276597, 50.858948551091117 ], [ 2.123194973171858, 50.858949767976434 ], [ 2.12326962000218, 50.858951954674438 ], [ 2.12344165263021, 50.858958409718412 ], [ 2.123660632522736, 50.858996805314895 ], [ 2.123739889900182, 50.859058581991221 ], [ 2.123767409613379, 50.859079175267816 ], [ 2.123775476343892, 50.859086378916857 ], [ 2.123806095145269, 50.85914292886563 ], [ 2.123854347869846, 50.859241643574066 ], [ 2.123862370969593, 50.859265282865927 ], [ 2.123891054382749, 50.859388624021101 ], [ 2.123872938886952, 50.859447133601691 ], [ 2.123866361600375, 50.85947179134601 ], [ 2.123824000904351, 50.85950252369674 ], [ 2.123819152606041, 50.859503550645577 ], [ 2.123773625243385, 50.85951786480635 ], [ 2.123726535963491, 50.859521877983731 ], [ 2.123622724408265, 50.859502189724466 ], [ 2.123588872481897, 50.859448700021552 ], [ 2.123580883845941, 50.859417873984569 ], [ 2.123576131939426, 50.859394237661284 ], [ 2.123599125161343, 50.859329556389056 ], [ 2.12360404397639, 50.859319280965572 ], [ 2.123591279939971, 50.859267901423948 ], [ 2.123542935106455, 50.859186662937866 ], [ 2.123342036456124, 50.8590969243389 ], [ 2.12317820804804, 50.859068905876953 ], [ 2.123158758393275, 50.85906578615662 ], [ 2.122865045828306, 50.859045762154651 ], [ 2.122611830912836, 50.859040196305031 ], [ 2.122387859565251, 50.859033634681708 ], [ 2.121824747746208, 50.859001821487318 ], [ 2.121482447423942, 50.858958089189009 ], [ 2.120979745878811, 50.858841114774904 ], [ 2.120814479090358, 50.858775086111436 ], [ 2.120731925682948, 50.85871842927645 ], [ 2.120712504213205, 50.858705039387026 ], [ 2.120669019755607, 50.85862585593987 ], [ 2.120645182700585, 50.858510756023122 ], [ 2.120650535822267, 50.858402888855004 ], [ 2.120688420698401, 50.858270447047417 ], [ 2.120761776779826, 50.858201737188026 ], [ 2.120830149238533, 50.858155634156205 ], [ 2.120896919846304, 50.858108478773481 ], [ 2.120911571114535, 50.858094128045337 ], [ 2.120965401979096, 50.8580387534492 ], [ 2.121087747192819, 50.857896156620598 ], [ 2.12121803216458, 50.857795716607967 ], [ 2.121265173023709, 50.857783476728962 ], [ 2.121352919988489, 50.857762053871795 ], [ 2.121471429429521, 50.85775404062877 ], [ 2.121547742052388, 50.857750054091227 ], [ 2.121695361904356, 50.857772915654564 ] ] ] ] } },
{ "type": "Feature", "properties": { "fid": 49, "CODE_AZI": "AZI15", "VALLEE": "Hem", "ANNEE": "2003", "CODE_CRUE": "1", "NATURE": "Crue décennale" }, "geometry": { "type": "MultiPolygon", "coordinates": [ [ [ [ 2.046652403666813, 50.807035883545588 ], [ 2.046651038438687, 50.806993748361613 ], [ 2.046646182573853, 50.806993751237627 ], [ 2.046646541674829, 50.806930046326151 ], [ 2.046343560788271, 50.806888245017326 ], [ 2.046170287568262, 50.806847756648054 ], [ 2.046097483128029, 50.806818828967018 ], [ 2.045961618989384, 50.806764051302203 ], [ 2.045803149513916, 50.806685595334535 ], [ 2.045536447544251, 50.806543182730174 ], [ 2.0452972922122, 50.806400840507898 ], [ 2.045088896845661, 50.806267803256681 ], [ 2.044888668616357, 50.806124537303496 ], [ 2.044719382865517, 50.805961807349348 ], [ 2.044634321045176, 50.805813657995614 ], [ 2.044626908106722, 50.805696516535001 ], [ 2.044659837693981, 50.805611318163578 ], [ 2.044645547865491, 50.805556830675243 ], [ 2.044563297056708, 50.805480599282127 ], [ 2.044497163687976, 50.805423932168601 ], [ 2.044432548554847, 50.805383714164542 ], [ 2.044241809957583, 50.8052795012564 ], [ 2.044185416595849, 50.805219765347175 ], [ 2.044159725770506, 50.805178624583426 ], [ 2.04414534731253, 50.805141594913607 ], [ 2.044145574174458, 50.805102555066078 ], [ 2.044170054221421, 50.80507281104569 ], [ 2.044180033207988, 50.805034827078259 ], [ 2.044139881491976, 50.804968969106369 ], [ 2.044007512165543, 50.804865924461318 ], [ 2.043854164646797, 50.804748443397898 ], [ 2.043802721676014, 50.804677413181935 ], [ 2.043783776154845, 50.804586971473164 ], [ 2.043784241454151, 50.804509912884029 ], [ 2.043795983364737, 50.80444521394697 ], [ 2.043764106176195, 50.804347525298951 ], [ 2.04376121635251, 50.804291022874708 ], [ 2.043714718642198, 50.804202551891201 ], [ 2.043653334141583, 50.804164380352681 ], [ 2.043145364203864, 50.80396489020341 ], [ 2.042818581578553, 50.803841850608933 ], [ 2.042482048706312, 50.803717754115738 ], [ 2.042168106607322, 50.803613251151333 ], [ 2.041688995376063, 50.803476483510785 ], [ 2.041361620721552, 50.803450018575496 ], [ 2.041136123385507, 50.803467963752659 ], [ 2.040931560596568, 50.803513719264394 ], [ 2.040809606133754, 50.803571983346018 ], [ 2.040757405023064, 50.803628361961934 ], [ 2.040697308797217, 50.803642594795541 ], [ 2.040645520041307, 50.803628100840285 ], [ 2.040636019358142, 50.803590067113895 ], [ 2.040615289676533, 50.803532466079474 ], [ 2.040574940487951, 50.803499500382507 ], [ 2.040472770327137, 50.803505420462351 ], [ 2.040432374995292, 50.803479642040251 ], [ 2.040432558485006, 50.803447789422776 ], [ 2.04048464253523, 50.803415035266099 ], [ 2.040452526621962, 50.803363593141597 ], [ 2.040392856795693, 50.803311037748514 ], [ 2.040106522209319, 50.803200435437596 ], [ 2.039925395915398, 50.803122938009054 ], [ 2.039862470087254, 50.803071418371431 ], [ 2.039793217261956, 50.802993161384563 ], [ 2.039599114262657, 50.802915643486948 ], [ 2.039374006628783, 50.802868859261899 ], [ 2.039223331488056, 50.802850018105907 ], [ 2.039224950104021, 50.802850010570836 ], [ 2.039160415796621, 50.802796435956502 ], [ 2.039105695967491, 50.802729522675264 ], [ 2.038719049049655, 50.802585768421231 ], [ 2.038674974103682, 50.802633960154864 ], [ 2.038437088214868, 50.802559405961979 ], [ 2.038260692676039, 50.802504526692651 ], [ 2.038207154784634, 50.802506455768352 ], [ 2.038132457584383, 50.802528883520331 ], [ 2.037969950864219, 50.802587051960629 ], [ 2.037919550892997, 50.802611589317834 ], [ 2.037830097785747, 50.802656567151942 ], [ 2.037805687019744, 50.802669873004568 ], [ 2.037753650784416, 50.802698502043157 ], [ 2.03765269035976, 50.802770179499888 ], [ 2.037584298794531, 50.802820365285285 ], [ 2.037491802278026, 50.802831443110968 ], [ 2.037391276652905, 50.802828123476395 ], [ 2.037161353976694, 50.802776192551349 ], [ 2.036934846878356, 50.802697559004962 ], [ 2.036517740495837, 50.80249620092853 ], [ 2.036263774318598, 50.80239899402833 ], [ 2.035575814333388, 50.802216498936453 ], [ 2.034892440906425, 50.802075099492555 ], [ 2.034396726459601, 50.802006087334817 ], [ 2.033821355269785, 50.801972814222452 ], [ 2.033573286899133, 50.801972210946367 ], [ 2.033521360184838, 50.801979276002641 ], [ 2.033509991774747, 50.801981310056206 ], [ 2.033490295312052, 50.802019258037014 ], [ 2.033149722881207, 50.802034874171561 ], [ 2.033093260715531, 50.801987465498733 ], [ 2.03307075187652, 50.801957618946552 ], [ 2.033130349107792, 50.801754343235181 ], [ 2.033008102062288, 50.801596846278258 ], [ 2.032901538892461, 50.801520557916533 ], [ 2.032696434963804, 50.801390587378357 ], [ 2.032497596927639, 50.80129352039603 ], [ 2.032342149276477, 50.801261299434593 ], [ 2.032251492262041, 50.801240513475022 ], [ 2.032110488890316, 50.801231949722833 ], [ 2.031681024342257, 50.801202122939493 ], [ 2.031450763067771, 50.801204637058134 ], [ 2.031100522929567, 50.801211983599593 ], [ 2.030959462809876, 50.801212668028541 ], [ 2.030935107952061, 50.801216723080913 ], [ 2.030876699141262, 50.801225818837317 ], [ 2.030837805641661, 50.801220590896065 ], [ 2.03080219825392, 50.801211244067233 ], [ 2.030750489053852, 50.801180308879822 ], [ 2.030750546117479, 50.801171059395557 ], [ 2.030760373123049, 50.801158742571346 ], [ 2.030803100926588, 50.801065354486624 ], [ 2.030850817333119, 50.800952464215015 ], [ 2.030871111908799, 50.800812791993792 ], [ 2.030869559811349, 50.8008014877894 ], [ 2.030854106672907, 50.800680217423206 ], [ 2.03083514955172, 50.800597961705066 ], [ 2.030754327228689, 50.800556669042393 ], [ 2.030670155903974, 50.800536933445535 ], [ 2.030558297665725, 50.800535642322338 ], [ 2.030485226634995, 50.800552912670383 ], [ 2.030251399396653, 50.800611937535656 ], [ 2.030066240056739, 50.800661810762421 ], [ 2.029884643659538, 50.800666502902523 ], [ 2.029716060377155, 50.800659923945595 ], [ 2.029588189324408, 50.800627754159237 ], [ 2.029441037109447, 50.800561637666995 ], [ 2.029334292672896, 50.800520262183603 ], [ 2.029295439890909, 50.800512971851035 ], [ 2.029039487084937, 50.800478441652807 ], [ 2.029007078458299, 50.800474244740592 ], [ 2.028980609347008, 50.800560491273451 ], [ 2.028906080689485, 50.800548998439588 ], [ 2.028926076538789, 50.800462741489547 ], [ 2.028864544766272, 50.800450268805328 ], [ 2.028940753989511, 50.800186398759685 ], [ 2.028610000123604, 50.800190706773193 ], [ 2.028162607822393, 50.800174182361893 ], [ 2.027647211766205, 50.800145152539379 ], [ 2.027290734431341, 50.800112416588576 ], [ 2.027128743265134, 50.800090428970947 ], [ 2.027004120073812, 50.80005313631694 ], [ 2.026826099405876, 50.80000439442027 ], [ 2.026489141308149, 50.799960396411073 ], [ 2.026278616627923, 50.799921850884893 ], [ 2.026022668028416, 50.799884231140105 ], [ 2.025745721310746, 50.799841401171548 ], [ 2.02557733442453, 50.799802963841728 ], [ 2.025451318781929, 50.799733804434808 ], [ 2.025341641293547, 50.799641067241517 ], [ 2.025249825574868, 50.799545286312615 ], [ 2.025165714960225, 50.799513234159932 ], [ 2.024961358019635, 50.7995281121079 ], [ 2.024768075865987, 50.799581057334805 ], [ 2.024581190313779, 50.799650450012095 ], [ 2.024420325625885, 50.799708613938343 ], [ 2.024225463379518, 50.799756400401719 ], [ 2.024098896463092, 50.799776631514803 ], [ 2.023862099473198, 50.799787329231513 ], [ 2.023631845185912, 50.799792912232682 ], [ 2.023361129862791, 50.799786064479619 ], [ 2.023268860811543, 50.799765279272407 ], [ 2.02317517763506, 50.799710586413262 ], [ 2.023116875562525, 50.799700158370328 ], [ 2.023040663186684, 50.799699960966983 ], [ 2.022948237070097, 50.799699736423023 ], [ 2.022787945876403, 50.799667485407049 ], [ 2.022669899277147, 50.799618887750185 ], [ 2.022568173673, 50.799553900284202 ], [ 2.022502004045386, 50.799505449319227 ], [ 2.022408146275822, 50.799478504369858 ], [ 2.022315760464761, 50.799473114106675 ], [ 2.022215203885621, 50.799478010772837 ], [ 2.022053100466546, 50.799477598874056 ], [ 2.02182620075511, 50.799461601605877 ], [ 2.021589719062387, 50.799428129902445 ], [ 2.021429390414307, 50.799401002340701 ], [ 2.021309432697618, 50.799395554849305 ], [ 2.021129350633865, 50.799416663797189 ], [ 2.021028646845985, 50.799443121578811 ], [ 2.020869397203137, 50.799501273637333 ], [ 2.020588522222177, 50.799564255279655 ], [ 2.02040190628326, 50.799591518477762 ], [ 2.020140745219376, 50.799611407593439 ], [ 2.019904047671646, 50.799610786388818 ], [ 2.019609126413796, 50.799583317973941 ], [ 2.019398499734316, 50.799561217680683 ], [ 2.01912002042349, 50.799501923134869 ], [ 2.018747873760536, 50.799388992972247 ], [ 2.018487711974986, 50.79925371926246 ], [ 2.018310215844745, 50.799119697274079 ], [ 2.018083195896079, 50.798876647376261 ], [ 2.017941365231769, 50.798742705753874 ], [ 2.017748610738417, 50.798463786284856 ], [ 2.017639535169433, 50.798280629160175 ], [ 2.017591937350654, 50.798120220912288 ], [ 2.017516699358936, 50.797971046916786 ], [ 2.017373076113011, 50.797867943619394 ], [ 2.017069063289794, 50.79774899856028 ], [ 2.016868582707354, 50.797663205044884 ], [ 2.016707070829362, 50.79756620644379 ], [ 2.016644176089798, 50.797514674666523 ], [ 2.01663499308604, 50.797430411153584 ], [ 2.01659036724319, 50.797310069048059 ], [ 2.016527433294646, 50.79726676577625 ], [ 2.016503228717542, 50.797249235876436 ], [ 2.016343794959183, 50.797082377572565 ], [ 2.016305175382098, 50.797037063839426 ], [ 2.016222603692884, 50.797020414267358 ], [ 2.015877604176324, 50.79697534256966 ], [ 2.015581083027044, 50.796950935078279 ], [ 2.015580593787276, 50.797023890135868 ], [ 2.015772519778887, 50.797179533845302 ], [ 2.015847970691338, 50.79729273189988 ], [ 2.015894073809995, 50.797435670376231 ], [ 2.015870680484242, 50.797544523378242 ], [ 2.01576930026043, 50.797676785993964 ], [ 2.015688747682176, 50.797849196326894 ], [ 2.01565684339022, 50.798016565238093 ], [ 2.015656115486901, 50.798129581560417 ], [ 2.015686444424366, 50.798203641003077 ], [ 2.015739808619397, 50.798224324656402 ], [ 2.015879301898567, 50.798214415165774 ], [ 2.016145460866824, 50.79816990782642 ], [ 2.016526898061624, 50.79810308526045 ], [ 2.016807461973591, 50.798088402352299 ], [ 2.016924099807623, 50.79810411912031 ], [ 2.017024325917096, 50.798148557392977 ], [ 2.017062808081052, 50.79821337078657 ], [ 2.017055550619304, 50.798335625552717 ], [ 2.016898413728492, 50.798567416715464 ], [ 2.016795167348889, 50.798738727369589 ], [ 2.016591650583315, 50.799122456106815 ], [ 2.016541907220156, 50.799294929692323 ], [ 2.01652481895162, 50.799432563264006 ], [ 2.016556022066528, 50.799617568796712 ], [ 2.016633046913419, 50.799741069432841 ], [ 2.016818503696861, 50.799898741950621 ], [ 2.016950783068619, 50.800002857179571 ], [ 2.017112035240406, 50.800136832859621 ], [ 2.017228003589942, 50.800255274618451 ], [ 2.017259914994729, 50.80033447144325 ], [ 2.01728823341789, 50.800472222968615 ], [ 2.017335823602239, 50.800634672937605 ], [ 2.017435559502014, 50.800754107527212 ], [ 2.017574336327674, 50.80085721208372 ], [ 2.017753782301727, 50.800941937106792 ], [ 2.017977083432879, 50.801006205288452 ], [ 2.018218337536406, 50.801061284551153 ], [ 2.018584288646596, 50.80113106078128 ], [ 2.018848458461299, 50.801151261685298 ], [ 2.019033186440325, 50.801166111244136 ], [ 2.019188585657135, 50.801206597370161 ], [ 2.019384160174036, 50.801300596819928 ], [ 2.019550200113244, 50.801451024335478 ], [ 2.019658075035771, 50.801568418756283 ], [ 2.01977433791457, 50.801642692679792 ], [ 2.020007474796953, 50.801697744540995 ], [ 2.020304006347833, 50.801723162285576 ], [ 2.020457897909521, 50.801744093924007 ], [ 2.020644099772483, 50.801783619144899 ], [ 2.020752498668986, 50.801822932800327 ], [ 2.020901191881566, 50.801897300437425 ], [ 2.020968922304817, 50.801951910943394 ], [ 2.02101728043888, 50.801996218234486 ], [ 2.021070592115905, 50.802026148962419 ], [ 2.021140255624183, 50.80203660714141 ], [ 2.021226260727252, 50.802026551547293 ], [ 2.02137561141575, 50.801997132332595 ], [ 2.02159329947735, 50.801928867525753 ], [ 2.021958718992957, 50.801831149682542 ], [ 2.022293239332982, 50.801748784948842 ], [ 2.022645806715027, 50.801636668839372 ], [ 2.023027522907081, 50.801523599116095 ], [ 2.02345457498985, 50.801421935576762 ], [ 2.023705955163118, 50.801412313949051 ], [ 2.02403339415807, 50.801423409475149 ], [ 2.024242508463073, 50.801428051223091 ], [ 2.024508425467295, 50.801424608383492 ], [ 2.024748572488158, 50.801394394651076 ], [ 2.02491257268606, 50.801355775915418 ], [ 2.025138336926158, 50.801292633580275 ], [ 2.025278214448138, 50.801224153668059 ], [ 2.025403504570481, 50.801150494001469 ], [ 2.025489651489271, 50.801115790103403 ], [ 2.025574190763197, 50.801082094663485 ], [ 2.025840375420053, 50.801033442521359 ], [ 2.026210463407734, 50.800969645128063 ], [ 2.026390597102246, 50.800941341537623 ], [ 2.026585307385527, 50.800917175942011 ], [ 2.026724825150747, 50.800903130069536 ], [ 2.026927560869462, 50.800893362059412 ], [ 2.02712204934076, 50.800904131429391 ], [ 2.027214381004804, 50.800918747587211 ], [ 2.027300112464843, 50.800947727612858 ], [ 2.027385864999434, 50.800978769957112 ], [ 2.027531615979034, 50.801003793776729 ], [ 2.027836269397296, 50.80102921700135 ], [ 2.028029265083008, 50.801019411211058 ], [ 2.02836490989996, 50.801015122837207 ], [ 2.02858225998669, 50.801001281657427 ], [ 2.028708838816389, 50.800982067204188 ], [ 2.028838626999745, 50.800972127582988 ], [ 2.028932519226968, 50.800992901231297 ], [ 2.029065189543865, 50.801037422306401 ], [ 2.029212178860034, 50.801126142187329 ], [ 2.029344334645327, 50.801253868267082 ], [ 2.02943604709131, 50.80136814491113 ], [ 2.029527845261355, 50.801467005589103 ], [ 2.029637315250044, 50.801594674631708 ], [ 2.029737293751056, 50.801684308884745 ], [ 2.029814793787946, 50.801737929498564 ], [ 2.029906927251985, 50.80178335512992 ], [ 2.030017016973519, 50.801808278399939 ], [ 2.030133629008545, 50.801829127939328 ], [ 2.030242224113706, 50.801833497338457 ], [ 2.030342603764927, 50.801858404773611 ], [ 2.030442906219409, 50.80189360256044 ], [ 2.03051394186791, 50.801942066915167 ], [ 2.030636725828832, 50.802016341246322 ], [ 2.030862736529739, 50.802175108445866 ], [ 2.031071095498601, 50.802304066066228 ], [ 2.031187377008453, 50.80237832925561 ], [ 2.03137333449302, 50.802460982642941 ], [ 2.031677326151327, 50.802595287829789 ], [ 2.03198305134126, 50.802711105898737 ], [ 2.032230479275289, 50.80281445734871 ], [ 2.032455305585022, 50.802905439652022 ], [ 2.032618605171491, 50.802978785290897 ], [ 2.032741497399328, 50.803033537335843 ], [ 2.032851393638161, 50.803092372813417 ], [ 2.032943486482956, 50.803148066738956 ], [ 2.033013002735578, 50.80318214236528 ], [ 2.033098797670215, 50.803201888862297 ], [ 2.033184756557212, 50.803202095665746 ], [ 2.033270787310336, 50.803182782082807 ], [ 2.033365252071409, 50.803114181093967 ], [ 2.033466087970823, 50.803065110316616 ], [ 2.033574882811012, 50.803035582059486 ], [ 2.033714518682518, 50.803006132816584 ], [ 2.033815042899208, 50.803006372105187 ], [ 2.034072799122309, 50.803013176549307 ], [ 2.034297919444827, 50.803052762760615 ], [ 2.034451738319747, 50.803092196246254 ], [ 2.034717195052314, 50.803166811527774 ], [ 2.034896769611463, 50.803230950275534 ], [ 2.034988930126199, 50.803275351105619 ], [ 2.034996806235098, 50.803310309451525 ], [ 2.03493513914675, 50.80332042296255 ], [ 2.034902615588555, 50.803334726513569 ], [ 2.034902399638256, 50.803369662201462 ], [ 2.034963881805358, 50.803394464612204 ], [ 2.035035025668461, 50.803423406193758 ], [ 2.035135372722065, 50.803453454912905 ], [ 2.035206621627584, 50.803469042928555 ], [ 2.035243936848788, 50.803469131765745 ], [ 2.035260291209206, 50.803444511988388 ], [ 2.035268617003389, 50.803405494692576 ], [ 2.035307654030518, 50.803389139250655 ], [ 2.03541295787566, 50.80339968524688 ], [ 2.035535968183843, 50.803439018900981 ], [ 2.035691350065253, 50.803484609490766 ], [ 2.035869466265452, 50.80351996474127 ], [ 2.036010487194027, 50.803529565403416 ], [ 2.036221286095014, 50.80352493008683 ], [ 2.036391657015518, 50.803505826505514 ], [ 2.036484229006676, 50.80348139580547 ], [ 2.036570251480244, 50.803467225395366 ], [ 2.036656180303853, 50.80346742956791 ], [ 2.036772864089455, 50.803476961253224 ], [ 2.036887632057925, 50.803536831833398 ], [ 2.036958479695549, 50.803616123822266 ], [ 2.037043722483802, 50.80373446866605 ], [ 2.03713521383701, 50.803886757942792 ], [ 2.037252755637291, 50.804024712957322 ], [ 2.037359030142743, 50.804145182165335 ], [ 2.037552492507997, 50.804327490316737 ], [ 2.037739762634509, 50.804466644263165 ], [ 2.037870524556861, 50.80456045347146 ], [ 2.038003074222948, 50.804629610016306 ], [ 2.038103574371811, 50.804636032233951 ], [ 2.038220316843612, 50.804636313108098 ], [ 2.03835339471212, 50.80461607797514 ], [ 2.038468563198853, 50.804606095527795 ], [ 2.038656595028926, 50.80461681687791 ], [ 2.038873726931413, 50.804641997690155 ], [ 2.039160424336133, 50.804687896325596 ], [ 2.039354681832797, 50.804741790642538 ], [ 2.039564904729779, 50.804835790399586 ], [ 2.039766980750487, 50.804939016879302 ], [ 2.039905868619627, 50.805029763162018 ], [ 2.040320821126009, 50.805327675169153 ], [ 2.040514483835772, 50.805481229190605 ], [ 2.040730477520084, 50.805693397090607 ], [ 2.041023828437893, 50.805989989383043 ], [ 2.041302759635779, 50.80625675822543 ], [ 2.041635262388867, 50.806515429466508 ], [ 2.041937274279382, 50.806717525271253 ], [ 2.042278014338109, 50.806954634945917 ], [ 2.042604215083001, 50.807182462083091 ], [ 2.042828558594103, 50.807359712702379 ], [ 2.043089998605275, 50.807567880375174 ], [ 2.043308153895047, 50.807696811224702 ], [ 2.043612147878242, 50.807845481018632 ], [ 2.043946870061926, 50.80800039225187 ], [ 2.044310785199284, 50.808163595076991 ], [ 2.044684512656878, 50.808307271253931 ], [ 2.044962825703547, 50.808406568467632 ], [ 2.045056660232426, 50.808445828738051 ], [ 2.045127791004625, 50.808480930668885 ], [ 2.045196002262344, 50.808462593559597 ], [ 2.045308141296488, 50.808419706723384 ], [ 2.045489550940128, 50.808179721097652 ], [ 2.045652526898373, 50.808041421900583 ], [ 2.045751974063816, 50.807948164083619 ], [ 2.045841666502037, 50.807865142391066 ], [ 2.045964202203622, 50.807706191362456 ], [ 2.046047542956152, 50.807597473632093 ], [ 2.046137437464271, 50.807473369636135 ], [ 2.046275990140884, 50.807350418962621 ], [ 2.046336258291154, 50.807303289894428 ], [ 2.046441947722532, 50.807257309377938 ], [ 2.046531427619944, 50.807206139311937 ], [ 2.04659664161056, 50.807144652685913 ], [ 2.046653492542324, 50.807129371141038 ], [ 2.046652403666813, 50.807035883545588 ] ] ] ] } },
{ "type": "Feature", "properties": { "fid": 50, "CODE_AZI": "AZI15", "VALLEE": "Hem", "ANNEE": "2003", "CODE_CRUE": "4", "NATURE": "non inondé" }, "geometry": { "type": "MultiPolygon", "coordinates": [ [ [ [ 2.085983803527422, 50.824422290895903 ], [ 2.086181728000856, 50.824414473069382 ], [ 2.086457355756574, 50.824437635951298 ], [ 2.086606587853599, 50.824437929160261 ], [ 2.086682910640789, 50.824425755514639 ], [ 2.086746452674187, 50.824367340648983 ], [ 2.086792287707774, 50.824283169592569 ], [ 2.086800826797252, 50.824202028575563 ], [ 2.086752470600584, 50.824138228840106 ], [ 2.086611645580033, 50.824082480259037 ], [ 2.086423764424026, 50.824025585679465 ], [ 2.086203445548794, 50.823971716282593 ], [ 2.085942551606054, 50.823919811170931 ], [ 2.085782104503327, 50.82388970424153 ], [ 2.085336467336285, 50.823806591456943 ], [ 2.085108099771356, 50.823735243056738 ], [ 2.084923605371703, 50.823653705609431 ], [ 2.084842767018108, 50.823602179398918 ], [ 2.084799174622081, 50.823562018146205 ], [ 2.084783153408679, 50.823526023482508 ], [ 2.084780091791775, 50.823488001819356 ], [ 2.08477541090472, 50.823449988280373 ], [ 2.084728580514572, 50.82340982322868 ], [ 2.084624972672128, 50.823370562413224 ], [ 2.084253650657776, 50.823345150530841 ], [ 2.083953553145283, 50.823350692582537 ], [ 2.083672607634208, 50.823409709765187 ], [ 2.083653133886188, 50.8234137909064 ], [ 2.083699847814542, 50.823478600925149 ], [ 2.083798158718719, 50.82360517361537 ], [ 2.083806131231059, 50.823631899729932 ], [ 2.083718279365316, 50.823683087150378 ], [ 2.083669854333092, 50.823631618343406 ], [ 2.083587755277258, 50.823512272120425 ], [ 2.083539436682844, 50.823443346027219 ], [ 2.083487454663528, 50.823457618788105 ], [ 2.083376836527837, 50.823524174538527 ], [ 2.083288783420588, 50.823611317258816 ], [ 2.083264223144416, 50.823659546469607 ], [ 2.083268916687127, 50.823693475944225 ], [ 2.083291406377106, 50.823731520454757 ], [ 2.083339859406268, 50.823774781148153 ], [ 2.083480644034421, 50.823840823793454 ], [ 2.083629576293023, 50.823900719796221 ], [ 2.083953170439599, 50.824058559410233 ], [ 2.08443385244881, 50.824273249864177 ], [ 2.084699288751276, 50.824385773848611 ], [ 2.085034542478708, 50.824486116868592 ], [ 2.085316529312266, 50.824539079588526 ], [ 2.085465674544095, 50.824555830461406 ], [ 2.085725182309593, 50.824558395559642 ], [ 2.085768996632197, 50.824556434692241 ], [ 2.085798302281892, 50.824535948404211 ], [ 2.08582282551041, 50.824497989073521 ], [ 2.085883088582438, 50.824451883283594 ], [ 2.085983803527422, 50.824422290895903 ] ], [ [ 2.083846262763922, 50.823714179325329 ], [ 2.083904438097723, 50.823755389094885 ], [ 2.083978551567448, 50.823852113097502 ], [ 2.083997765630327, 50.823905569291469 ], [ 2.084081478376729, 50.824026969126137 ], [ 2.08404889371777, 50.824054658371246 ], [ 2.083900385564916, 50.823911540254372 ], [ 2.083766648004658, 50.823737638696947 ], [ 2.083828564149782, 50.823686400691024 ], [ 2.083846262763922, 50.823714179325329 ] ] ] ] } },
{ "type": "Feature", "properties": { "fid": 51, "CODE_AZI": "AZI15", "VALLEE": "Hem", "ANNEE": "2003", "CODE_CRUE": "2", "NATURE": "Crue centennale" }, "geometry": { "type": "MultiPolygon", "coordinates": [ [ [ [ 2.102882469435413, 50.854393613044778 ], [ 2.102884302159537, 50.854344317872645 ], [ 2.102767149818689, 50.854404694609656 ], [ 2.102776657122429, 50.854454031371851 ], [ 2.102789329262314, 50.854522890033763 ], [ 2.102806668376225, 50.854629759518311 ], [ 2.10284677461918, 50.854733589726649 ], [ 2.10290797280074, 50.854832346598187 ], [ 2.102969365008523, 50.854893067543166 ], [ 2.103030732589432, 50.854956871295279 ], [ 2.103119777495828, 50.855006359956747 ], [ 2.103281655398301, 50.855099134474322 ], [ 2.103550463155101, 50.855231135571216 ], [ 2.103812611869054, 50.855397021399412 ], [ 2.10395166836992, 50.855511332125502 ], [ 2.104042186452479, 50.855589578806125 ], [ 2.104074469588878, 50.855628668903222 ], [ 2.104129321414839, 50.855699672284231 ], [ 2.104197078349306, 50.855789166387787 ], [ 2.104319284094097, 50.856036986230322 ], [ 2.10444139816783, 50.856300220263591 ], [ 2.104565301408948, 50.856528512756114 ], [ 2.104710272762965, 50.85677020931945 ], [ 2.104893850110182, 50.857078747869451 ], [ 2.10498711695466, 50.857270003691376 ], [ 2.105059422299433, 50.857423211897263 ], [ 2.105133533534739, 50.857540477907989 ], [ 2.105254740411734, 50.857656800687131 ], [ 2.105707572873411, 50.858014115799257 ], [ 2.105890342329221, 50.858153161263843 ], [ 2.106058476180458, 50.858295244521983 ], [ 2.106299389632026, 50.858501151033416 ], [ 2.106399496140452, 50.85861127531826 ], [ 2.10644305025827, 50.858675049360208 ], [ 2.10648167656781, 50.858745995072255 ], [ 2.106510409004262, 50.858848800927639 ], [ 2.106575932955828, 50.859068764243354 ], [ 2.106623825748281, 50.859240414201096 ], [ 2.106667233163512, 50.859332955030517 ], [ 2.106739780295981, 50.859438897491501 ], [ 2.107033592439816, 50.859786678801186 ], [ 2.107666614346476, 50.860501862448942 ], [ 2.107708545353058, 50.860557416256299 ], [ 2.107756926911212, 50.86062839114112 ], [ 2.107773038041891, 50.860654091296986 ], [ 2.107795629860826, 50.860684962810787 ], [ 2.107826341788655, 50.860709666396872 ], [ 2.107876154264418, 50.860823793319994 ], [ 2.10800320236135, 50.861077788062417 ], [ 2.108125604959755, 50.861290669502438 ], [ 2.108186925932844, 50.86136473962469 ], [ 2.108414405824052, 50.861670281468832 ], [ 2.108482135400867, 50.861769041109866 ], [ 2.108499763599472, 50.861819415864069 ], [ 2.10849945878831, 50.861886178353757 ], [ 2.108465016967315, 50.861959062850687 ], [ 2.108368447589379, 50.862136604715552 ], [ 2.108294720823309, 50.862281317933892 ], [ 2.108260217642012, 50.862369596794203 ], [ 2.108250025151811, 50.862466157398131 ], [ 2.108249005156981, 50.862686002815408 ], [ 2.108258275331476, 50.862791831434215 ], [ 2.108307852801644, 50.862955263797218 ], [ 2.10833498367573, 50.863053933082803 ], [ 2.108363258610976, 50.863261515791521 ], [ 2.108363215827231, 50.8632707644242 ], [ 2.108362648359755, 50.863389915510702 ], [ 2.10833781401472, 50.863851143544906 ], [ 2.108307474756073, 50.864091478744726 ], [ 2.108267797682207, 50.864243441847748 ], [ 2.108149613926433, 50.86452677051664 ], [ 2.107990619148197, 50.864854189721491 ], [ 2.107918538112981, 50.864998913914256 ], [ 2.107911922014411, 50.865023550358082 ], [ 2.107882448752576, 50.86507999403613 ], [ 2.107872530469257, 50.865120041716615 ], [ 2.107859254952012, 50.865178583210358 ], [ 2.107855855240107, 50.865216575509336 ], [ 2.107870065888505, 50.865300838292477 ], [ 2.107910423385011, 50.865347151443359 ], [ 2.108110445865002, 50.865627971755359 ], [ 2.10831691554883, 50.86591600462495 ], [ 2.108433178900773, 50.866053888068187 ], [ 2.108523399701813, 50.866199933166435 ], [ 2.108744068322736, 50.866578393419985 ], [ 2.108882625350943, 50.866808764396858 ], [ 2.10899372651595, 50.867008269436738 ], [ 2.109100070721668, 50.867188241591322 ], [ 2.109322185949206, 50.867607809970835 ], [ 2.109523444757862, 50.86797287656244 ], [ 2.109600786802277, 50.868097327800271 ], [ 2.109682900160122, 50.868247457622125 ], [ 2.109734545048938, 50.868314330187609 ], [ 2.109957198361501, 50.868621913215968 ], [ 2.110012042995884, 50.868698017288288 ], [ 2.110057145879262, 50.868775152838964 ], [ 2.110140651623432, 50.868972557380744 ], [ 2.110228874931642, 50.869208992795265 ], [ 2.110265875895158, 50.869286110418059 ], [ 2.110357655838859, 50.869451683192942 ], [ 2.110476913936435, 50.869641955351284 ], [ 2.110694413691997, 50.870011158531 ], [ 2.110860377018632, 50.870291909417702 ], [ 2.110916694197555, 50.870403997738741 ], [ 2.111032703403476, 50.870593224915055 ], [ 2.111203477782476, 50.870887362117585 ], [ 2.111310645702484, 50.870884462591413 ], [ 2.111191453593365, 50.870674673469587 ], [ 2.111069051301603, 50.870459756395377 ], [ 2.110964356302614, 50.870275674734813 ], [ 2.110822544995788, 50.87004324225785 ], [ 2.110635623968111, 50.869730591341373 ], [ 2.110582452321255, 50.869641126824213 ], [ 2.110543739641102, 50.86958453677429 ], [ 2.110429240101061, 50.86941894219494 ], [ 2.110387359138719, 50.869347975734215 ], [ 2.110343905660934, 50.869260582320493 ], [ 2.110308452881381, 50.869202974428127 ], [ 2.110196271976405, 50.868883288529254 ], [ 2.110148139946275, 50.868759907153091 ], [ 2.110082041913412, 50.868652953345006 ], [ 2.109896605828887, 50.868379348603128 ], [ 2.109733731766823, 50.868138655982563 ], [ 2.109685309968046, 50.868077952308823 ], [ 2.109445460830004, 50.867630631719024 ], [ 2.109117127677516, 50.867008490732452 ], [ 2.109007603671819, 50.866818245964886 ], [ 2.108894821302821, 50.866629018749421 ], [ 2.108612829935783, 50.866169282571995 ], [ 2.108506459243878, 50.86599957938737 ], [ 2.108461300167456, 50.86593785734776 ], [ 2.108409653565383, 50.865873025937681 ], [ 2.10815131703405, 50.865563341653989 ], [ 2.107994801862032, 50.865359626683222 ], [ 2.107972281030944, 50.865314382103506 ], [ 2.107946476481072, 50.86527838294775 ], [ 2.107938527284134, 50.865242411462809 ], [ 2.107942183960383, 50.865154072489595 ], [ 2.107953759430734, 50.865106829719785 ], [ 2.107967101948045, 50.865030831865717 ], [ 2.108094747269391, 50.864805066708229 ], [ 2.108232437868856, 50.864521777660315 ], [ 2.108327660478065, 50.864289794375765 ], [ 2.108363809909604, 50.864198424533207 ], [ 2.108418698705205, 50.863906775241212 ], [ 2.108467807378916, 50.863466140576094 ], [ 2.108468576067517, 50.863299725268611 ], [ 2.108465433279599, 50.863277100948736 ], [ 2.108454627449209, 50.863157928557214 ], [ 2.10842261711073, 50.863060265421772 ], [ 2.108374732815316, 50.862882451325291 ], [ 2.108344629800843, 50.862719058178691 ], [ 2.10833593968577, 50.862495079383841 ], [ 2.108355567005506, 50.862464289850571 ], [ 2.108362616005429, 50.862339999937241 ], [ 2.108444761463544, 50.862129563218055 ], [ 2.108559178742482, 50.861959235797386 ], [ 2.108588820364422, 50.86186579707288 ], [ 2.108582522064077, 50.861824692260498 ], [ 2.108577947722053, 50.861758935881021 ], [ 2.108526390432446, 50.861675626811056 ], [ 2.108484561059142, 50.861595430232398 ], [ 2.108424884419373, 50.861513124054959 ], [ 2.108242510618688, 50.861280615353436 ], [ 2.108076628710374, 50.860997795386226 ], [ 2.107896459937309, 50.860642002092497 ], [ 2.10772218697115, 50.860416697200527 ], [ 2.107366999411383, 50.86000099282338 ], [ 2.106976135955888, 50.859577003733797 ], [ 2.106771203610429, 50.859312599615954 ], [ 2.106724555235856, 50.859225200619335 ], [ 2.106694177162586, 50.859125486102471 ], [ 2.106564546105574, 50.858727670678114 ], [ 2.106438706955938, 50.858558945184065 ], [ 2.106370911731476, 50.858474577444568 ], [ 2.106136497282252, 50.858272781630696 ], [ 2.105864852006255, 50.858045233387401 ], [ 2.105365095671604, 50.857662137258217 ], [ 2.105287545287832, 50.857584945846121 ], [ 2.105221286547537, 50.857524211414372 ], [ 2.105142314813146, 50.85740180557643 ], [ 2.105082648769385, 50.857314372278452 ], [ 2.105082815946457, 50.857279439380868 ], [ 2.104951068312193, 50.856990512205677 ], [ 2.104873717967339, 50.85687324273691 ], [ 2.10477223959072, 50.856708693878211 ], [ 2.104593426152973, 50.856417606209277 ], [ 2.104521018057188, 50.856283935843457 ], [ 2.104461664805856, 50.856134844033669 ], [ 2.104402280984111, 50.855985771959112 ], [ 2.104317093905448, 50.855807886382877 ], [ 2.104252701047346, 50.855697836385374 ], [ 2.104210703844124, 50.855651529528856 ], [ 2.104078312161048, 50.855506436849879 ], [ 2.103965207078929, 50.855397317737406 ], [ 2.103834164079226, 50.855301522699683 ], [ 2.103601070519147, 50.855170619923584 ], [ 2.103400236302559, 50.855076744796968 ], [ 2.103304710527536, 50.855027249756269 ], [ 2.103134813111026, 50.85491804150233 ], [ 2.103070100041818, 50.854868607829843 ], [ 2.102997417375291, 50.854796554648154 ], [ 2.102958693538293, 50.854745105789647 ], [ 2.102947459161006, 50.854720440832814 ], [ 2.102891583791177, 50.854521023537508 ], [ 2.102882138481067, 50.854461417164309 ], [ 2.102882469435413, 50.854393613044778 ] ] ] ] } },
{ "type": "Feature", "properties": { "fid": 52, "CODE_AZI": "AZI15", "VALLEE": "Hem", "ANNEE": "2003", "CODE_CRUE": "2", "NATURE": "Crue centennale" }, "geometry": { "type": "MultiPolygon", "coordinates": [ [ [ [ 2.086215053368853, 50.833552999671028 ], [ 2.086351064808695, 50.833607731409636 ], [ 2.086432002603655, 50.833639736632449 ], [ 2.086467641443094, 50.833654192283959 ], [ 2.086673222871873, 50.833746050760809 ], [ 2.086700741480452, 50.833758424781017 ], [ 2.086729879345345, 50.833770810660717 ], [ 2.086783343403023, 50.83378633779482 ], [ 2.087110340979062, 50.833930837658862 ], [ 2.087256164338959, 50.833967081407152 ], [ 2.087382682708098, 50.833974534554258 ], [ 2.087699047541723, 50.833975169105805 ], [ 2.087890366834536, 50.833998151347956 ], [ 2.088003720703307, 50.83404050301224 ], [ 2.088060185060973, 50.834104320497659 ], [ 2.08807282691808, 50.834170099615278 ], [ 2.088116278286161, 50.834242090225644 ], [ 2.088240674383446, 50.834349188005653 ], [ 2.088535072602367, 50.834522374775439 ], [ 2.088759851992536, 50.834672829269081 ], [ 2.089040870034729, 50.834928180218675 ], [ 2.08940254025589, 50.835280257026753 ], [ 2.089728691994786, 50.835596316976236 ], [ 2.089966025615192, 50.835833087877347 ], [ 2.09028067307406, 50.836178892208864 ], [ 2.090764945920198, 50.836676084742003 ], [ 2.091037802995751, 50.83694784734061 ], [ 2.091307660095112, 50.837171318634418 ], [ 2.091487167691728, 50.837286742377749 ], [ 2.091600367530241, 50.837365045625759 ], [ 2.09156577238998, 50.837472842451902 ], [ 2.091476272438324, 50.837523021347536 ], [ 2.091272128215053, 50.837465076165692 ], [ 2.0911357661452, 50.837479177099837 ], [ 2.0908739880771, 50.837592704331612 ], [ 2.09088197354302, 50.837617367389456 ], [ 2.09084778491053, 50.837638879952863 ], [ 2.090696408622874, 50.83773413282028 ], [ 2.09073679133094, 50.837775288623362 ], [ 2.090883245810771, 50.837685185040584 ], [ 2.090919072761075, 50.837662643368787 ], [ 2.090930375079094, 50.837672956119974 ], [ 2.090977138784282, 50.837729553910371 ], [ 2.09116796744051, 50.837859375000335 ], [ 2.091811439360814, 50.838319884619565 ], [ 2.091927796497959, 50.83841462696158 ], [ 2.09206357855167, 50.838521742995454 ], [ 2.092221852363355, 50.838665879772627 ], [ 2.092367364906665, 50.838774047280324 ], [ 2.092549896954148, 50.838938780763378 ], [ 2.092638923133751, 50.838982111828237 ], [ 2.092740975569169, 50.839018270333604 ], [ 2.092877263859586, 50.839018541572642 ], [ 2.092968104343321, 50.83902590941176 ], [ 2.093079913419347, 50.839054891345583 ], [ 2.093147804723888, 50.839104334552573 ], [ 2.093181519153354, 50.83917633200285 ], [ 2.093192529408293, 50.839248264357998 ], [ 2.09318079631055, 50.839327338585917 ], [ 2.093191853473476, 50.83938489681514 ], [ 2.093361492424042, 50.839536261777475 ], [ 2.093551965303175, 50.839736967402068 ], [ 2.093653410875013, 50.839894342460497 ], [ 2.093676909630907, 50.840068007570437 ], [ 2.093720355306442, 50.840141036480901 ], [ 2.093822170337132, 50.840227542836651 ], [ 2.094026011243916, 50.840350206254861 ], [ 2.094162140477045, 50.840386430993206 ], [ 2.094423259551504, 50.840407487592813 ], [ 2.094647040083637, 50.840436680879449 ], [ 2.094919261285729, 50.840516335789097 ], [ 2.095337216762088, 50.840653784809362 ], [ 2.095620719720787, 50.840746793336756 ], [ 2.095927017467357, 50.840826513045073 ], [ 2.096220137332097, 50.840942132520304 ], [ 2.096393337806848, 50.841030835889761 ], [ 2.096609964897886, 50.84119562968106 ], [ 2.096777827912275, 50.84138191157686 ], [ 2.096968295453125, 50.841590819441343 ], [ 2.09718470939003, 50.841799794745647 ], [ 2.097534009812392, 50.842043966025372 ], [ 2.097838290689283, 50.842208931490738 ], [ 2.098144391300762, 50.842330746160222 ], [ 2.098471523232931, 50.842460820261259 ], [ 2.098777562881949, 50.842598048274191 ], [ 2.099036465554118, 50.842749569426395 ], [ 2.098756082357823, 50.842679174206076 ], [ 2.098477306934383, 50.842612874052435 ], [ 2.098136926006359, 50.842531052483295 ], [ 2.097772238642623, 50.842448173156406 ], [ 2.09744642959426, 50.842373562244831 ], [ 2.096966687780678, 50.842256554092323 ], [ 2.0968499919341, 50.84222858148938 ], [ 2.09659712159824, 50.842171593877211 ], [ 2.096391249730948, 50.842130081597972 ], [ 2.096115661394172, 50.842077152530969 ], [ 2.095904900496833, 50.842035644024733 ], [ 2.095825466027716, 50.842024196971622 ], [ 2.095593657599802, 50.841975468183115 ], [ 2.095439676402139, 50.8419391956674 ], [ 2.095689279639645, 50.841999265068644 ], [ 2.095775159439753, 50.842021009224247 ], [ 2.095938884503143, 50.842054208843038 ], [ 2.096123694825207, 50.842092586170757 ], [ 2.096486718743912, 50.84218266555601 ], [ 2.098049227299874, 50.842547334851751 ], [ 2.098804574815507, 50.842715220477906 ], [ 2.099110927910818, 50.842787725198399 ], [ 2.099230865762568, 50.842815699050874 ], [ 2.099017785703945, 50.842587212287036 ], [ 2.098751041426509, 50.842374032764276 ], [ 2.098487282282342, 50.842222515827714 ], [ 2.09815850099587, 50.842097554903035 ], [ 2.097923566228897, 50.842022101129885 ], [ 2.097695524974392, 50.841864474517074 ], [ 2.097558132487939, 50.841757373682597 ], [ 2.097409552484367, 50.841608129551759 ], [ 2.097288542758257, 50.841467132933289 ], [ 2.097013783298828, 50.841241618886734 ], [ 2.096737067643534, 50.841083897920235 ], [ 2.096351834914029, 50.840888973111191 ], [ 2.095946902166231, 50.840739209583035 ], [ 2.095789909935183, 50.840656729244571 ], [ 2.0955827605664, 50.840544335125045 ], [ 2.095493805830433, 50.84048663240241 ], [ 2.095404832822207, 50.840429950501573 ], [ 2.095354913731573, 50.840349728075722 ], [ 2.095286986907625, 50.840305411079193 ], [ 2.095178347882157, 50.840291849673086 ], [ 2.095069619950764, 50.840291640928008 ], [ 2.094910663035951, 50.840278995250777 ], [ 2.09475343470654, 50.840246842332 ], [ 2.09445663876008, 50.840216458121503 ], [ 2.094312443540222, 50.840175089979589 ], [ 2.094095440628891, 50.840087326475093 ], [ 2.093952976482267, 50.840021305717933 ], [ 2.093893258682717, 50.839957487955786 ], [ 2.093874416393554, 50.839826980032932 ], [ 2.093923976992929, 50.839650362517588 ], [ 2.093974917869929, 50.839518960402067 ], [ 2.093971977379675, 50.839455275043989 ], [ 2.093913711565284, 50.839424340828117 ], [ 2.093795488687794, 50.839379917561303 ], [ 2.093677214968469, 50.83934168002714 ], [ 2.093588246053308, 50.839284996729965 ], [ 2.093499509729784, 50.839185171672924 ], [ 2.09347060793549, 50.839122438597464 ], [ 2.093472369097987, 50.839097786601869 ], [ 2.093479158887589, 50.839035132921431 ], [ 2.093510452978045, 50.838940685291355 ], [ 2.093500998080398, 50.838879014557044 ], [ 2.09347196511294, 50.838847111516174 ], [ 2.093035931032789, 50.838758933884918 ], [ 2.092749141153825, 50.838676165490085 ], [ 2.092396193043319, 50.838519320598586 ], [ 2.092137344371113, 50.838368805787027 ], [ 2.091881815642904, 50.838198794919045 ], [ 2.091763951740093, 50.83807937666888 ], [ 2.091625146018563, 50.837935280942851 ], [ 2.091547883413323, 50.837809791913948 ], [ 2.091499782927565, 50.837690521435228 ], [ 2.091548663950458, 50.837647473967493 ], [ 2.091607109670286, 50.837641413410253 ], [ 2.091727624686072, 50.837554323004419 ], [ 2.091827383539213, 50.837395288831992 ], [ 2.091808252673738, 50.837326420111317 ], [ 2.091738813409562, 50.837256424011002 ], [ 2.091630438172732, 50.837188406379624 ], [ 2.091392701525613, 50.837036902361383 ], [ 2.091224597554447, 50.83690610597845 ], [ 2.090950416336466, 50.836572691866309 ], [ 2.090794148704151, 50.836347385555335 ], [ 2.090626992255987, 50.836033710272467 ], [ 2.090559838675496, 50.835833238094963 ], [ 2.090510642626753, 50.83560815183094 ], [ 2.090472936421937, 50.835364590537587 ], [ 2.090413697583422, 50.835201113210239 ], [ 2.090273850532491, 50.834941951162577 ], [ 2.090127063534736, 50.834767003531908 ], [ 2.089997855318834, 50.834653726377304 ], [ 2.089871927425397, 50.834528140524228 ], [ 2.089711931237549, 50.834402485867557 ], [ 2.089634270261328, 50.834358154252122 ], [ 2.089524040055125, 50.834340471906749 ], [ 2.089366690451532, 50.834332955834931 ], [ 2.089209445079139, 50.834307982629319 ], [ 2.088903183868037, 50.834232369697311 ], [ 2.088627936948235, 50.834124970338799 ], [ 2.088360994438311, 50.83397444729124 ], [ 2.088212247027776, 50.833867291531895 ], [ 2.088123438033056, 50.833785959905015 ], [ 2.088060512216766, 50.833712885788998 ], [ 2.088017252324358, 50.833606982077285 ], [ 2.087967191826567, 50.833560649083353 ], [ 2.087923513806282, 50.833537966735406 ], [ 2.087824589341658, 50.833525430729601 ], [ 2.087730418676694, 50.833543740719477 ], [ 2.087650729722654, 50.833580555330428 ], [ 2.087462112782025, 50.833662378840593 ], [ 2.087263860812564, 50.833724631706197 ], [ 2.087130685768461, 50.833752105167974 ], [ 2.086997608791267, 50.833764163561504 ], [ 2.086879220460214, 50.833751604342311 ], [ 2.086743152212516, 50.833713309465658 ], [ 2.086527702353881, 50.833648145939613 ], [ 2.086279832107874, 50.833574696168895 ], [ 2.086215053368853, 50.833552999671028 ] ] ] ] } },
{ "type": "Feature", "properties": { "fid": 53, "CODE_AZI": "AZI15", "VALLEE": "Hem", "ANNEE": "2003", "CODE_CRUE": "4", "NATURE": "non inondé" }, "geometry": { "type": "MultiPolygon", "coordinates": [ [ [ [ 2.094890001507826, 50.846176958152931 ], [ 2.094868971843301, 50.846163572301435 ], [ 2.09480239269436, 50.846172678405033 ], [ 2.09471786766645, 50.846202314700129 ], [ 2.094615417369798, 50.846246275126177 ], [ 2.094628303885116, 50.84626376601922 ], [ 2.094642808899128, 50.846286393761446 ], [ 2.094670212174817, 50.846327553508395 ], [ 2.09470563104682, 50.846385147739198 ], [ 2.094780200430574, 50.846395579076756 ], [ 2.094874344804462, 50.846396783183785 ], [ 2.094939247626566, 50.846395873033352 ], [ 2.095048002011874, 50.846391977904581 ], [ 2.095127725883718, 50.846348993306684 ], [ 2.095142373199277, 50.846341832400242 ], [ 2.095150621000065, 50.846310000556926 ], [ 2.095142657663137, 50.846282235203653 ], [ 2.0951232543094, 50.846266799152147 ], [ 2.095121641071439, 50.846264745411517 ], [ 2.095035722593117, 50.846248125815485 ], [ 2.094970866698153, 50.846234642040976 ], [ 2.094902945066048, 50.846186241269599 ], [ 2.094890001507826, 50.846176958152931 ] ] ] ] } },
{ "type": "Feature", "properties": { "fid": 54, "CODE_AZI": "AZI15", "VALLEE": "Hem", "ANNEE": "2003", "CODE_CRUE": "2", "NATURE": "Crue centennale" }, "geometry": { "type": "MultiPolygon", "coordinates": [ [ [ [ 2.046733463327932, 50.807037104579358 ], [ 2.046652403666813, 50.807035883545588 ], [ 2.046653492542324, 50.807129371141038 ], [ 2.04659664161056, 50.807144652685913 ], [ 2.046531427619944, 50.807206139311937 ], [ 2.046441947722532, 50.807257309377938 ], [ 2.046336258291154, 50.807303289894428 ], [ 2.046275990140884, 50.807350418962621 ], [ 2.046137437464271, 50.807473369636135 ], [ 2.046047542956152, 50.807597473632093 ], [ 2.045964202203622, 50.807706191362456 ], [ 2.045841666502037, 50.807865142391066 ], [ 2.045751974063816, 50.807948164083619 ], [ 2.045652526898373, 50.808041421900583 ], [ 2.045489550940128, 50.808179721097652 ], [ 2.045308141296488, 50.808419706723384 ], [ 2.045196002262344, 50.808462593559597 ], [ 2.045127791004625, 50.808480930668885 ], [ 2.045056660232426, 50.808445828738051 ], [ 2.044962825703547, 50.808406568467632 ], [ 2.044684512656878, 50.808307271253931 ], [ 2.044310785199284, 50.808163595076991 ], [ 2.043946870061926, 50.80800039225187 ], [ 2.043612147878242, 50.807845481018632 ], [ 2.043308153895047, 50.807696811224702 ], [ 2.043089998605275, 50.807567880375174 ], [ 2.042828558594103, 50.807359712702379 ], [ 2.042604215083001, 50.807182462083091 ], [ 2.042278014338109, 50.806954634945917 ], [ 2.041937274279382, 50.806717525271253 ], [ 2.041635262388867, 50.806515429466508 ], [ 2.041302759635779, 50.80625675822543 ], [ 2.041023828437893, 50.805989989383043 ], [ 2.040730477520084, 50.805693397090607 ], [ 2.040514483835772, 50.805481229190605 ], [ 2.040320821126009, 50.805327675169153 ], [ 2.039905868619627, 50.805029763162018 ], [ 2.039766980750487, 50.804939016879302 ], [ 2.039564904729779, 50.804835790399586 ], [ 2.039354681832797, 50.804741790642538 ], [ 2.039160424336133, 50.804687896325596 ], [ 2.038873726931413, 50.804641997690155 ], [ 2.038656595028926, 50.80461681687791 ], [ 2.038468563198853, 50.804606095527795 ], [ 2.03835339471212, 50.80461607797514 ], [ 2.038220316843612, 50.804636313108098 ], [ 2.038103574371811, 50.804636032233951 ], [ 2.038003074222948, 50.804629610016306 ], [ 2.037870524556861, 50.80456045347146 ], [ 2.037739762634509, 50.804466644263165 ], [ 2.037552492507997, 50.804327490316737 ], [ 2.037359030142743, 50.804145182165335 ], [ 2.037252755637291, 50.804024712957322 ], [ 2.03713521383701, 50.803886757942792 ], [ 2.037043722483802, 50.80373446866605 ], [ 2.036958479695549, 50.803616123822266 ], [ 2.036887632057925, 50.803536831833398 ], [ 2.036772864089455, 50.803476961253224 ], [ 2.036656180303853, 50.80346742956791 ], [ 2.036570251480244, 50.803467225395366 ], [ 2.036484229006676, 50.80348139580547 ], [ 2.036391657015518, 50.803505826505514 ], [ 2.036221286095014, 50.80352493008683 ], [ 2.036010487194027, 50.803529565403416 ], [ 2.035869466265452, 50.80351996474127 ], [ 2.035691350065253, 50.803484609490766 ], [ 2.035535968183843, 50.803439018900981 ], [ 2.03541295787566, 50.80339968524688 ], [ 2.035307654030518, 50.803389139250655 ], [ 2.035268617003389, 50.803405494692576 ], [ 2.035260291209206, 50.803444511988388 ], [ 2.035243936848788, 50.803469131765745 ], [ 2.035206621627584, 50.803469042928555 ], [ 2.035135372722065, 50.803453454912905 ], [ 2.035035025668461, 50.803423406193758 ], [ 2.034963881805358, 50.803394464612204 ], [ 2.034902399638256, 50.803369662201462 ], [ 2.034902615588555, 50.803334726513569 ], [ 2.03493513914675, 50.80332042296255 ], [ 2.034996806235098, 50.803310309451525 ], [ 2.034988930126199, 50.803275351105619 ], [ 2.034896769611463, 50.803230950275534 ], [ 2.034717195052314, 50.803166811527774 ], [ 2.034451738319747, 50.803092196246254 ], [ 2.034297919444827, 50.803052762760615 ], [ 2.034072799122309, 50.803013176549307 ], [ 2.033815042899208, 50.803006372105187 ], [ 2.033714518682518, 50.803006132816584 ], [ 2.033574882811012, 50.803035582059486 ], [ 2.033466087970823, 50.803065110316616 ], [ 2.033365252071409, 50.803114181093967 ], [ 2.033270787310336, 50.803182782082807 ], [ 2.033184756557212, 50.803202095665746 ], [ 2.033098797670215, 50.803201888862297 ], [ 2.033013002735578, 50.80318214236528 ], [ 2.032943486482956, 50.803148066738956 ], [ 2.032851393638161, 50.803092372813417 ], [ 2.032741497399328, 50.803033537335843 ], [ 2.032618605171491, 50.802978785290897 ], [ 2.032455305585022, 50.802905439652022 ], [ 2.032230479275289, 50.80281445734871 ], [ 2.03198305134126, 50.802711105898737 ], [ 2.031677326151327, 50.802595287829789 ], [ 2.03137333449302, 50.802460982642941 ], [ 2.031187377008453, 50.80237832925561 ], [ 2.031071095498601, 50.802304066066228 ], [ 2.030862736529739, 50.802175108445866 ], [ 2.030636725828832, 50.802016341246322 ], [ 2.03051394186791, 50.801942066915167 ], [ 2.030442906219409, 50.80189360256044 ], [ 2.030342603764927, 50.801858404773611 ], [ 2.030242224113706, 50.801833497338457 ], [ 2.030133629008545, 50.801829127939328 ], [ 2.030017016973519, 50.801808278399939 ], [ 2.029906927251985, 50.80178335512992 ], [ 2.029814793787946, 50.801737929498564 ], [ 2.029737293751056, 50.801684308884745 ], [ 2.029637315250044, 50.801594674631708 ], [ 2.029527845261355, 50.801467005589103 ], [ 2.02943604709131, 50.80136814491113 ], [ 2.029344334645327, 50.801253868267082 ], [ 2.029212178860034, 50.801126142187329 ], [ 2.029065189543865, 50.801037422306401 ], [ 2.028932519226968, 50.800992901231297 ], [ 2.028838626999745, 50.800972127582988 ], [ 2.028708838816389, 50.800982067204188 ], [ 2.02858225998669, 50.801001281657427 ], [ 2.02836490989996, 50.801015122837207 ], [ 2.028029265083008, 50.801019411211058 ], [ 2.027836269397296, 50.80102921700135 ], [ 2.027531615979034, 50.801003793776729 ], [ 2.027385864999434, 50.800978769957112 ], [ 2.027300112464843, 50.800947727612858 ], [ 2.027214381004804, 50.800918747587211 ], [ 2.02712204934076, 50.800904131429391 ], [ 2.026927560869462, 50.800893362059412 ], [ 2.026724825150747, 50.800903130069536 ], [ 2.026585307385527, 50.800917175942011 ], [ 2.026390597102246, 50.800941341537623 ], [ 2.026210463407734, 50.800969645128063 ], [ 2.025840375420053, 50.801033442521359 ], [ 2.025574190763197, 50.801082094663485 ], [ 2.025489651489271, 50.801115790103403 ], [ 2.025403504570481, 50.801150494001469 ], [ 2.025278214448138, 50.801224153668059 ], [ 2.025138336926158, 50.801292633580275 ], [ 2.02491257268606, 50.801355775915418 ], [ 2.024748572488158, 50.801394394651076 ], [ 2.024508425467295, 50.801424608383492 ], [ 2.024242508463073, 50.801428051223091 ], [ 2.02403339415807, 50.801423409475149 ], [ 2.023705955163118, 50.801412313949051 ], [ 2.02345457498985, 50.801421935576762 ], [ 2.023027522907081, 50.801523599116095 ], [ 2.022645806715027, 50.801636668839372 ], [ 2.022293239332982, 50.801748784948842 ], [ 2.021958718992957, 50.801831149682542 ], [ 2.02159329947735, 50.801928867525753 ], [ 2.02137561141575, 50.801997132332595 ], [ 2.021226260727252, 50.802026551547293 ], [ 2.021140255624183, 50.80203660714141 ], [ 2.021070592115905, 50.802026148962419 ], [ 2.02101728043888, 50.801996218234486 ], [ 2.020968922304817, 50.801951910943394 ], [ 2.020901191881566, 50.801897300437425 ], [ 2.020752498668986, 50.801822932800327 ], [ 2.020644099772483, 50.801783619144899 ], [ 2.020457897909521, 50.801744093924007 ], [ 2.020304006347833, 50.801723162285576 ], [ 2.020007474796953, 50.801697744540995 ], [ 2.01977433791457, 50.801642692679792 ], [ 2.019658075035771, 50.801568418756283 ], [ 2.019550200113244, 50.801451024335478 ], [ 2.019384160174036, 50.801300596819928 ], [ 2.019188585657135, 50.801206597370161 ], [ 2.019033186440325, 50.801166111244136 ], [ 2.018848458461299, 50.801151261685298 ], [ 2.018584288646596, 50.80113106078128 ], [ 2.018218337536406, 50.801061284551153 ], [ 2.017977083432879, 50.801006205288452 ], [ 2.017753782301727, 50.800941937106792 ], [ 2.017574336327674, 50.80085721208372 ], [ 2.017435559502014, 50.800754107527212 ], [ 2.017335823602239, 50.800634672937605 ], [ 2.01728823341789, 50.800472222968615 ], [ 2.017259914994729, 50.80033447144325 ], [ 2.017228003589942, 50.800255274618451 ], [ 2.017112035240406, 50.800136832859621 ], [ 2.016950783068619, 50.800002857179571 ], [ 2.016818503696861, 50.799898741950621 ], [ 2.016633046913419, 50.799741069432841 ], [ 2.016556022066528, 50.799617568796712 ], [ 2.01652481895162, 50.799432563264006 ], [ 2.016541907220156, 50.799294929692323 ], [ 2.016591650583315, 50.799122456106815 ], [ 2.016795167348889, 50.798738727369589 ], [ 2.016898413728492, 50.798567416715464 ], [ 2.017055550619304, 50.798335625552717 ], [ 2.017062808081052, 50.79821337078657 ], [ 2.017024325917096, 50.798148557392977 ], [ 2.016924099807623, 50.79810411912031 ], [ 2.016807461973591, 50.798088402352299 ], [ 2.016526898061624, 50.79810308526045 ], [ 2.016145460866824, 50.79816990782642 ], [ 2.015879301898567, 50.798214415165774 ], [ 2.015739808619397, 50.798224324656402 ], [ 2.015686444424366, 50.798203641003077 ], [ 2.015656115486901, 50.798129581560417 ], [ 2.01565684339022, 50.798016565238093 ], [ 2.015688747682176, 50.797849196326894 ], [ 2.01576930026043, 50.797676785993964 ], [ 2.015870680484242, 50.797544523378242 ], [ 2.015894073809995, 50.797435670376231 ], [ 2.015847970691338, 50.79729273189988 ], [ 2.015772519778887, 50.797179533845302 ], [ 2.015580593787276, 50.797023890135868 ], [ 2.015581083027044, 50.796950935078279 ], [ 2.015877604176324, 50.79697534256966 ], [ 2.016222603692884, 50.797020414267358 ], [ 2.016305175382098, 50.797037063839426 ], [ 2.016343794959183, 50.797082377572565 ], [ 2.016503228717542, 50.797249235876436 ], [ 2.016527433294646, 50.79726676577625 ], [ 2.01659036724319, 50.797310069048059 ], [ 2.01663499308604, 50.797430411153584 ], [ 2.016644176089798, 50.797514674666523 ], [ 2.016707070829362, 50.79756620644379 ], [ 2.016868582707354, 50.797663205044884 ], [ 2.017069063289794, 50.79774899856028 ], [ 2.017373076113011, 50.797867943619394 ], [ 2.017516699358936, 50.797971046916786 ], [ 2.017591937350654, 50.798120220912288 ], [ 2.017639535169433, 50.798280629160175 ], [ 2.017748610738417, 50.798463786284856 ], [ 2.017941365231769, 50.798742705753874 ], [ 2.018083195896079, 50.798876647376261 ], [ 2.018310215844745, 50.799119697274079 ], [ 2.018487711974986, 50.79925371926246 ], [ 2.018747873760536, 50.799388992972247 ], [ 2.01912002042349, 50.799501923134869 ], [ 2.019398499734316, 50.799561217680683 ], [ 2.019609126413796, 50.799583317973941 ], [ 2.019904047671646, 50.799610786388818 ], [ 2.020140745219376, 50.799611407593439 ], [ 2.02040190628326, 50.799591518477762 ], [ 2.020588522222177, 50.799564255279655 ], [ 2.020869397203137, 50.799501273637333 ], [ 2.021028646845985, 50.799443121578811 ], [ 2.021129350633865, 50.799416663797189 ], [ 2.021309432697618, 50.799395554849305 ], [ 2.021429390414307, 50.799401002340701 ], [ 2.021589719062387, 50.799428129902445 ], [ 2.02182620075511, 50.799461601605877 ], [ 2.022053100466546, 50.799477598874056 ], [ 2.022215203885621, 50.799478010772837 ], [ 2.022315760464761, 50.799473114106675 ], [ 2.022408146275822, 50.799478504369858 ], [ 2.022502004045386, 50.799505449319227 ], [ 2.022568173673, 50.799553900284202 ], [ 2.022669899277147, 50.799618887750185 ], [ 2.022787945876403, 50.799667485407049 ], [ 2.022948237070097, 50.799699736423023 ], [ 2.023040663186684, 50.799699960966983 ], [ 2.023116875562525, 50.799700158370328 ], [ 2.02317517763506, 50.799710586413262 ], [ 2.023268860811543, 50.799765279272407 ], [ 2.023361129862791, 50.799786064479619 ], [ 2.023631845185912, 50.799792912232682 ], [ 2.023862099473198, 50.799787329231513 ], [ 2.024098896463092, 50.799776631514803 ], [ 2.024225463379518, 50.799756400401719 ], [ 2.024420325625885, 50.799708613938343 ], [ 2.024581190313779, 50.799650450012095 ], [ 2.024768075865987, 50.799581057334805 ], [ 2.024961358019635, 50.7995281121079 ], [ 2.025165714960225, 50.799513234159932 ], [ 2.025249825574868, 50.799545286312615 ], [ 2.025341641293547, 50.799641067241517 ], [ 2.025451318781929, 50.799733804434808 ], [ 2.02557733442453, 50.799802963841728 ], [ 2.025745721310746, 50.799841401171548 ], [ 2.026022668028416, 50.799884231140105 ], [ 2.026278616627923, 50.799921850884893 ], [ 2.026489141308149, 50.799960396411073 ], [ 2.026826099405876, 50.80000439442027 ], [ 2.027004120073812, 50.80005313631694 ], [ 2.027128743265134, 50.800090428970947 ], [ 2.027290734431341, 50.800112416588576 ], [ 2.027647211766205, 50.800145152539379 ], [ 2.028162607822393, 50.800174182361893 ], [ 2.028610000123604, 50.800190706773193 ], [ 2.028940753989511, 50.800186398759685 ], [ 2.028864544766272, 50.800450268805328 ], [ 2.028926076538789, 50.800462741489547 ], [ 2.028916375955497, 50.80046066369939 ], [ 2.029030334915567, 50.800120865997052 ], [ 2.028686660515409, 50.800112820299958 ], [ 2.028336456564127, 50.800117096015789 ], [ 2.027636343180431, 50.800068064867162 ], [ 2.027278305578176, 50.800026086762443 ], [ 2.027066199305953, 50.799979321390552 ], [ 2.026850809722762, 50.799942821069607 ], [ 2.026337237227162, 50.79987988355974 ], [ 2.025847982511623, 50.79982111842321 ], [ 2.02570233208787, 50.79977861453802 ], [ 2.025571334813813, 50.799726915110419 ], [ 2.025498687767301, 50.799675371814402 ], [ 2.02540849945254, 50.799577541524371 ], [ 2.025350546240357, 50.799514720851192 ], [ 2.025253477872273, 50.79947852299253 ], [ 2.025138522074648, 50.799457681721762 ], [ 2.02501041428898, 50.799461464002484 ], [ 2.024755535814046, 50.799513206193801 ], [ 2.024388229183355, 50.79965714737547 ], [ 2.024225842422611, 50.799697840335142 ], [ 2.023865783274949, 50.799717482891623 ], [ 2.023596619095525, 50.799721919938975 ], [ 2.023465371309878, 50.799711320563375 ], [ 2.02336825605868, 50.79968539193009 ], [ 2.023303646384501, 50.799649266897248 ], [ 2.023230816981589, 50.799627512902852 ], [ 2.023075155813603, 50.799627112821256 ], [ 2.022921221790627, 50.799616455036634 ], [ 2.022773935992005, 50.799574975984299 ], [ 2.022693113592021, 50.799538803492133 ], [ 2.022626973573353, 50.799487269504844 ], [ 2.022560744549009, 50.799444984741505 ], [ 2.022439325661407, 50.79941898474619 ], [ 2.022348616332481, 50.799404377723825 ], [ 2.022282212855683, 50.799392904626899 ], [ 2.022170416471929, 50.799382336451416 ], [ 2.021932101477047, 50.799381726413607 ], [ 2.021868924955163, 50.799372320638241 ], [ 2.021787946472859, 50.799359791788333 ], [ 2.021622762446093, 50.799329563033673 ], [ 2.021452585893057, 50.79931885590414 ], [ 2.021313169455972, 50.799318501168955 ], [ 2.021124975220434, 50.79933754420378 ], [ 2.020970855633758, 50.799353591314102 ], [ 2.020482366034897, 50.799429396008094 ], [ 2.020049106880538, 50.799489936480377 ], [ 2.019664674289781, 50.799520787410529 ], [ 2.019453979164499, 50.799509978834536 ], [ 2.019225610004014, 50.799472402023696 ], [ 2.018963383506178, 50.799404946177361 ], [ 2.018694852536324, 50.799311792448577 ], [ 2.018509224994589, 50.799185975602484 ], [ 2.018420709246278, 50.799083007714025 ], [ 2.018316426104404, 50.798912182412586 ], [ 2.018210584055863, 50.798729031401841 ], [ 2.018024698017502, 50.798392584367022 ], [ 2.017938140027587, 50.798238235950144 ], [ 2.017848612652473, 50.798040757467732 ], [ 2.017702524692524, 50.797814341957569 ], [ 2.017541685791108, 50.797617682096821 ], [ 2.017509458237427, 50.797585753620723 ], [ 2.017386506670975, 50.797543318744125 ], [ 2.017263416959743, 50.797523467059605 ], [ 2.017068943405705, 50.797512702277402 ], [ 2.016937723262084, 50.797501055033038 ], [ 2.01684068489114, 50.797460726218176 ], [ 2.016768190026685, 50.797392741000472 ], [ 2.016655456325865, 50.797273262675127 ], [ 2.016542793393654, 50.797148659238239 ], [ 2.016378117109289, 50.797040342915253 ], [ 2.016297372827808, 50.796992874476203 ], [ 2.016240862704487, 50.796956769508675 ], [ 2.015864876820455, 50.796936279842086 ], [ 2.015589323533096, 50.796929396847112 ], [ 2.015337954225809, 50.796941064327655 ], [ 2.015153172995919, 50.796934417538253 ], [ 2.015047776750211, 50.796940311260755 ], [ 2.014775119553809, 50.796981721597497 ], [ 2.014624172212688, 50.797012141506563 ], [ 2.014482943402124, 50.797040555890113 ], [ 2.014375828459031, 50.79705772766048 ], [ 2.01410990372281, 50.797064232008289 ], [ 2.013806609226513, 50.797086036731898 ], [ 2.013628079430323, 50.79711229273628 ], [ 2.013444454654466, 50.797181674820536 ], [ 2.013227066736701, 50.797202677059126 ], [ 2.013000250540273, 50.797178455352174 ], [ 2.012685939131968, 50.797148854518348 ], [ 2.012222245831891, 50.797150723435195 ], [ 2.012188152032188, 50.797157820975656 ], [ 2.01215097277377, 50.797143350721775 ], [ 2.01212194546051, 50.797119635049334 ], [ 2.012012984357315, 50.796924140016678 ], [ 2.011900939028193, 50.796703973667569 ], [ 2.011917625415498, 50.796632108107119 ], [ 2.011846726334379, 50.796564112524266 ], [ 2.011660884124645, 50.796475263105911 ], [ 2.011348963840838, 50.796326488692301 ], [ 2.011067750408008, 50.796192192731937 ], [ 2.010928282004463, 50.796201075924586 ], [ 2.01082105632703, 50.796234681589446 ], [ 2.010786760496353, 50.796273631664874 ], [ 2.010719766497346, 50.79635256557971 ], [ 2.010667346043363, 50.796435659611397 ], [ 2.010581297897159, 50.796455978729391 ], [ 2.01052786695259, 50.796443501145056 ], [ 2.010429622967368, 50.796348718661207 ], [ 2.010297386993827, 50.796240491662736 ], [ 2.010224750939894, 50.796194064683398 ], [ 2.010142202769677, 50.796170223433222 ], [ 2.01007741456312, 50.796163882119927 ], [ 2.010014173129726, 50.79616578198781 ], [ 2.009899966676643, 50.796274372693674 ], [ 2.009854220874919, 50.796328708250897 ], [ 2.009808566439081, 50.79637071115058 ], [ 2.009720991081514, 50.796372537511374 ], [ 2.009651510584071, 50.796336386405997 ], [ 2.009590100479511, 50.796310550552953 ], [ 2.009504011689269, 50.796335994163378 ], [ 2.009458285601265, 50.796383141942016 ], [ 2.00944342701467, 50.796427291718999 ], [ 2.009394119100247, 50.796525786637339 ], [ 2.009361460592331, 50.796560624868661 ], [ 2.009328974502251, 50.796572879996468 ], [ 2.009226794554447, 50.79657671212815 ], [ 2.009150739701572, 50.796558007406098 ], [ 2.009089278815698, 50.796536275357617 ], [ 2.009049088701818, 50.796482737897534 ], [ 2.009010933753782, 50.796369632049412 ], [ 2.009067742756205, 50.796116008735318 ], [ 2.00897130359166, 50.79598732261902 ], [ 2.00888565250826, 50.795949080241577 ], [ 2.008790099070774, 50.795931361324016 ], [ 2.008702453299687, 50.795947561992371 ], [ 2.008635517630516, 50.796017245281213 ], [ 2.00855748860455, 50.796051982418049 ], [ 2.008482747194087, 50.796076434502211 ], [ 2.008382175795905, 50.796085424323373 ], [ 2.008323870687237, 50.796077051461232 ], [ 2.008268975405408, 50.79604299785359 ], [ 2.008115259807123, 50.795997385475346 ], [ 2.008053677797648, 50.795997215307061 ], [ 2.007970722885866, 50.796037058422279 ], [ 2.007749335243237, 50.796172082927427 ], [ 2.007629325291648, 50.796178955128646 ], [ 2.00757276085984, 50.796155179073153 ], [ 2.007509683148718, 50.796133433338788 ], [ 2.007402802615876, 50.796115683150731 ], [ 2.007261838373676, 50.796102986939871 ], [ 2.007120976865095, 50.796072812434616 ], [ 2.007048262260926, 50.796036654081114 ], [ 2.006978916860861, 50.795986126936732 ], [ 2.006883773761711, 50.795907784071474 ], [ 2.006783663382457, 50.795848962723788 ], [ 2.006678320290091, 50.795841475282948 ], [ 2.006619943775754, 50.795844413318086 ], [ 2.006587468068439, 50.79585152224702 ], [ 2.006520652556577, 50.79590578866609 ], [ 2.006435432187144, 50.796044259688863 ], [ 2.006339058280093, 50.796153950520868 ], [ 2.006184143472729, 50.796287100033659 ], [ 2.006060444900621, 50.796362795935792 ], [ 2.005972766753993, 50.796382077769017 ], [ 2.005877162065516, 50.796374627353408 ], [ 2.00580282951152, 50.796338475392133 ], [ 2.005697937520488, 50.796265239446939 ], [ 2.005654453106241, 50.796220944591497 ], [ 2.005661131432346, 50.796192186674006 ], [ 2.005651679422584, 50.796150045585883 ], [ 2.00558253058535, 50.796069726922269 ], [ 2.005537418210186, 50.796024397903416 ], [ 2.005442390137206, 50.795932700358172 ], [ 2.005335922376927, 50.795854325907264 ], [ 2.005222735173546, 50.795809854522282 ], [ 2.005156299534843, 50.79580349747873 ], [ 2.005102726004258, 50.795813640950705 ], [ 2.005054006708705, 50.795829949830733 ], [ 2.005019850940327, 50.795846294966104 ], [ 2.004985602495808, 50.79587497273274 ], [ 2.004970761354397, 50.795911914357077 ], [ 2.004975430297488, 50.795942745070299 ], [ 2.005005979021139, 50.795981871337659 ], [ 2.005094636946807, 50.796056079406206 ], [ 2.005109086858219, 50.796078719280246 ], [ 2.005087896473405, 50.796094086837698 ], [ 2.005006732121279, 50.796108254436135 ], [ 2.004922362241202, 50.796122396367622 ], [ 2.004698378992563, 50.79615878781582 ], [ 2.004651390863589, 50.796155589197312 ], [ 2.004627201490093, 50.796135994812254 ], [ 2.004650185300235, 50.79609495380506 ], [ 2.004643940617089, 50.795813418511635 ], [ 2.004582678508573, 50.79576189345412 ], [ 2.004459834882668, 50.795710196418213 ], [ 2.004377208062461, 50.795699685149373 ], [ 2.004219847416883, 50.795717767935379 ], [ 2.004080265594026, 50.79574308040138 ], [ 2.004020292429515, 50.79573879662739 ], [ 2.00397343935799, 50.795715036511211 ], [ 2.003929925424695, 50.795679990806462 ], [ 2.003949559914517, 50.795649234299674 ], [ 2.004003195542688, 50.795629841776574 ], [ 2.004107250472186, 50.795583903201205 ], [ 2.004135305705676, 50.795512049315448 ], [ 2.004098822290044, 50.795390726143566 ], [ 2.004097266330873, 50.795381463656035 ], [ 2.004026740942483, 50.795260048382509 ], [ 2.003959472638549, 50.795140681292594 ], [ 2.003832449052069, 50.794986218532181 ], [ 2.003709505345854, 50.79494581214545 ], [ 2.003589673185331, 50.794927013983667 ], [ 2.003369603052328, 50.794866829412662 ], [ 2.003243310264046, 50.794839770285591 ], [ 2.003228757934323, 50.794834588298642 ], [ 2.003165693941312, 50.794810798186163 ], [ 2.003074998619131, 50.794799240372534 ], [ 2.003014963663558, 50.794807309031903 ], [ 2.00288188774348, 50.794826465517779 ], [ 2.00277807134906, 50.794837487079874 ], [ 2.002755418281851, 50.794831259099794 ], [ 2.002614635542143, 50.794792851082889 ], [ 2.002498248211249, 50.794742204803875 ], [ 2.002373604695784, 50.794715157995618 ], [ 2.002247177466328, 50.794711722453407 ], [ 2.00220190255021, 50.794696183190013 ], [ 2.002127502158607, 50.794671340662077 ], [ 2.002103241496635, 50.794663057458401 ], [ 2.002103750821701, 50.794587018860213 ], [ 2.002110586765613, 50.794533615510609 ], [ 2.002132265918721, 50.794443250773966 ], [ 2.002246641183206, 50.794310001316745 ], [ 2.002261670942052, 50.794245311239841 ], [ 2.002242503112654, 50.794205194185842 ], [ 2.002210547207432, 50.794134221200821 ], [ 2.002202934472265, 50.794064324215995 ], [ 2.002198247049382, 50.794034514260069 ], [ 2.002187221159952, 50.793990317913099 ], [ 2.002156790013526, 50.793934753863994 ], [ 2.002110126680984, 50.793883244280728 ], [ 2.002069769194037, 50.793855410925623 ], [ 2.00202614486477, 50.793833698065392 ], [ 2.001961464322902, 50.793812977694976 ], [ 2.001925826047957, 50.793808767786992 ], [ 2.001859372256223, 50.79380653328834 ], [ 2.001818910859766, 50.793796158020179 ], [ 2.0017672481482, 50.793764169515143 ], [ 2.001707537156252, 50.793723927550317 ], [ 2.001652617564488, 50.793692974038748 ], [ 2.001539344949473, 50.793663895182497 ], [ 2.001333667805896, 50.793635596846507 ], [ 2.001098616709732, 50.793634952914104 ], [ 2.000970292940957, 50.793671584485111 ], [ 2.000784847807542, 50.793764579452294 ], [ 2.000698821169653, 50.793780787527638 ], [ 2.000572364812055, 50.793783516743858 ], [ 2.000517278609979, 50.793779270474204 ], [ 2.000426617394516, 50.793761544256057 ], [ 2.000269627664891, 50.793723103505783 ], [ 2.000043084210593, 50.793661879843654 ], [ 1.999955711898588, 50.793636971863521 ], [ 1.999780998017553, 50.793587176034237 ], [ 1.999313469881583, 50.793442066132094 ], [ 1.999142087854053, 50.793376879356678 ], [ 1.999087170857762, 50.793345904714791 ], [ 1.999048401934009, 50.793327293170471 ], [ 1.999003129051005, 50.793311772760333 ], [ 1.998870506717078, 50.793267219283216 ], [ 1.998778313168878, 50.793236145042506 ], [ 1.9987427178935, 50.793223725634938 ], [ 1.998726569092554, 50.793217509162425 ], [ 1.998655535846068, 50.79317108804527 ], [ 1.998621672944228, 50.793148391313267 ], [ 1.998603928040975, 50.793134974154228 ], [ 1.998587853996145, 50.793111299231789 ], [ 1.998565464180423, 50.793069113393493 ], [ 1.998533282998352, 50.793034096710443 ], [ 1.998505861703753, 50.793011431721148 ], [ 1.998460610785218, 50.792991786782551 ], [ 1.998390996147834, 50.79297823272789 ], [ 1.998322936356373, 50.79297394122618 ], [ 1.998296996261833, 50.792974893840871 ], [ 1.998269407063705, 50.792978916546886 ], [ 1.998235334714093, 50.792984989387485 ], [ 1.99809253224245, 50.793008247187494 ], [ 1.998006527935961, 50.79302032915264 ], [ 1.997954636909556, 50.7930242964065 ], [ 1.997862213250731, 50.793026095463752 ], [ 1.997786052372694, 50.793023840770267 ], [ 1.997684004906144, 50.793012247726679 ], [ 1.997612772153974, 50.792998700234421 ], [ 1.997577187404352, 50.792987301684086 ], [ 1.997551332427614, 50.792971816903851 ], [ 1.997506208394133, 50.792933672460798 ], [ 1.997478829671383, 50.792905861968883 ], [ 1.997467608847198, 50.79288837266229 ], [ 1.9974629017215, 50.792868833499412 ], [ 1.997472725963559, 50.792852414594599 ], [ 1.997498770897587, 50.792837087316457 ], [ 1.997539346124688, 50.792831026979329 ], [ 1.997587958762048, 50.792832199143611 ], [ 1.997646290015329, 50.79283441056198 ], [ 1.997673827166471, 50.792837555392111 ], [ 1.997701384375786, 50.792839699285686 ], [ 1.997743577470821, 50.792833651903656 ], [ 1.997784216562516, 50.792815258549346 ], [ 1.997803852606327, 50.792790649562299 ], [ 1.997807351490919, 50.792751635134742 ], [ 1.997786665131092, 50.792696088246302 ], [ 1.997759318333938, 50.792662111335744 ], [ 1.997699663824436, 50.792617763360226 ], [ 1.99760448890804, 50.792549683860869 ], [ 1.997451173485217, 50.792448580702647 ], [ 1.997354370150749, 50.792382570152405 ], [ 1.997283423504256, 50.79232585763932 ], [ 1.997193240718833, 50.79223725553647 ], [ 1.997108080214215, 50.79212811132814 ], [ 1.997021292160756, 50.792017932817032 ], [ 1.99695530467433, 50.791949947665678 ], [ 1.996889254783365, 50.791888128703839 ], [ 1.996826419559903, 50.791833483404048 ], [ 1.99677317609247, 50.791795333274621 ], [ 1.996715046659778, 50.791763330514215 ], [ 1.996677824661276, 50.79175293960202 ], [ 1.996622783390328, 50.791743546350546 ], [ 1.996551542298053, 50.791732040373141 ], [ 1.996486773055962, 50.791720566485928 ], [ 1.996444695979137, 50.791713259790839 ], [ 1.996345939808758, 50.791694504275291 ], [ 1.996321661163638, 50.791687240875177 ], [ 1.996245692797122, 50.791657236449147 ], [ 1.996171322696424, 50.791625182604839 ], [ 1.996113162094203, 50.791599326016701 ], [ 1.9960468170709, 50.791582713591744 ], [ 1.995901015943734, 50.791566902063963 ], [ 1.995766507587284, 50.791563434824447 ], [ 1.995661121652496, 50.791566228904465 ], [ 1.995537874609763, 50.791575145676688 ], [ 1.995461590927221, 50.791585202006466 ], [ 1.995393426933162, 50.791598367119342 ], [ 1.995339856147491, 50.791608506493397 ], [ 1.995304197914199, 50.791611482376467 ], [ 1.995253906345705, 50.791613399154933 ], [ 1.995189093928496, 50.791613216580679 ], [ 1.995146965224882, 50.791610013513264 ], [ 1.995116203698482, 50.791604799861346 ], [ 1.995066027728889, 50.791593362900905 ], [ 1.995041759334311, 50.79158712044709 ], [ 1.994983525643445, 50.791569491729803 ], [ 1.994913989026098, 50.791541560596613 ], [ 1.994920544559208, 50.791534385606184 ], [ 1.994966132288928, 50.791503699593555 ], [ 1.995063821585517, 50.791440257761494 ], [ 1.995138785610882, 50.791381898230149 ], [ 1.99514859768509, 50.791373708366145 ], [ 1.995156815039876, 50.791355234403738 ], [ 1.995139155478593, 50.791331566183054 ], [ 1.995103636156072, 50.791310917297778 ], [ 1.99502604123574, 50.79127987785855 ], [ 1.994911193346788, 50.791241550058452 ], [ 1.994885327414634, 50.791234293580757 ], [ 1.994804348689826, 50.791222768055796 ], [ 1.994650491347819, 50.791200763314151 ], [ 1.994456185649408, 50.791172485270124 ], [ 1.994347682428393, 50.791155731712401 ], [ 1.994240839095197, 50.79113386585913 ], [ 1.99414379844609, 50.791102768908956 ], [ 1.994071068338896, 50.791072769247762 ], [ 1.993991920077967, 50.7910324865001 ], [ 1.99388860990465, 50.790971586143371 ], [ 1.993780468549178, 50.79090347881295 ], [ 1.993640129659586, 50.790804457635232 ], [ 1.993527157622828, 50.79072914317787 ], [ 1.993414184368333, 50.790659975325383 ], [ 1.993304373068399, 50.790599061931374 ], [ 1.993213932765477, 50.790552580676554 ], [ 1.993102452058589, 50.79049575808795 ], [ 1.993087933627102, 50.790487491771181 ], [ 1.992997505712259, 50.790435864813766 ], [ 1.99292002962277, 50.790391470336878 ], [ 1.992835966454568, 50.790357333824701 ], [ 1.992716290111922, 50.790314880391811 ], [ 1.992612887278843, 50.79026631164713 ], [ 1.992535338079111, 50.790230125315908 ], [ 1.992493317027799, 50.790212546457077 ], [ 1.992368840687442, 50.790162885987606 ], [ 1.992275050098602, 50.79012973152944 ], [ 1.992216839643393, 50.790111080528234 ], [ 1.992152072433554, 50.790102687729913 ], [ 1.991983423983435, 50.790110432640283 ], [ 1.991845524723081, 50.790125453971157 ], [ 1.991790367518011, 50.790135578991467 ], [ 1.991718895358805, 50.790153880990715 ], [ 1.99160521874238, 50.790186437181262 ], [ 1.991463805166603, 50.790239471310528 ], [ 1.991341953396732, 50.790282272345038 ], [ 1.99129322637537, 50.790294471444447 ], [ 1.991189352858218, 50.790314733106321 ], [ 1.991092036303892, 50.790324736510087 ], [ 1.991025589022507, 50.790319412895606 ], [ 1.990970614829279, 50.790300767515369 ], [ 1.99090455317879, 50.790243029530913 ], [ 1.990880542981264, 50.790199827839267 ], [ 1.990854904359113, 50.790158655181131 ], [ 1.990801752694195, 50.790110211819204 ], [ 1.990764575487663, 50.79009469384085 ], [ 1.990714370354576, 50.790086338224746 ], [ 1.990600908519255, 50.790087040336459 ], [ 1.990482507340979, 50.790098013602922 ], [ 1.990388437754415, 50.790105980520913 ], [ 1.990330089395552, 50.790104786648335 ], [ 1.990276637633361, 50.790098466791449 ], [ 1.990231339092601, 50.790086006223099 ], [ 1.990207137386941, 50.790067449847697 ], [ 1.990204062252688, 50.790045861276141 ], [ 1.990207469809619, 50.790022242990524 ], [ 1.990183343825702, 50.78999237482244 ], [ 1.990155937892657, 50.789970729091827 ], [ 1.990112342905746, 50.789947991009996 ], [ 1.990075123223063, 50.789937618115992 ], [ 1.989984460741023, 50.789925029797232 ], [ 1.989871075807663, 50.78991135610508 ], [ 1.989671937163699, 50.789874842301025 ], [ 1.989557008838505, 50.789852946797346 ], [ 1.989424306370013, 50.789823799148365 ], [ 1.989273798918224, 50.789787419067252 ], [ 1.989204233718482, 50.789768734539479 ], [ 1.989162182457688, 50.789754237668866 ], [ 1.989120217037577, 50.789729450193796 ], [ 1.989070205672165, 50.789696428424627 ], [ 1.989012029941383, 50.789671609418505 ], [ 1.988874616171497, 50.789618817026039 ], [ 1.988696757090448, 50.789556686127916 ], [ 1.988581949801284, 50.789515269270808 ], [ 1.98848022495316, 50.789459482691178 ], [ 1.98834947861219, 50.789378973379542 ], [ 1.988263845076123, 50.789339695309067 ], [ 1.988207287933535, 50.789314889058005 ], [ 1.98804721618751, 50.789257927231397 ], [ 1.987862759628732, 50.789211158398473 ], [ 1.987742980827684, 50.789186178415044 ], [ 1.987608642348384, 50.789158056624132 ], [ 1.987514758504951, 50.789140314659839 ], [ 1.987467821336065, 50.789131964260925 ], [ 1.987414348554834, 50.789129767513103 ], [ 1.987344559515324, 50.789138810541154 ], [ 1.987290988779542, 50.78915200984801 ], [ 1.987141569711302, 50.789194742828727 ], [ 1.986979058727536, 50.789250783851678 ], [ 1.986857237032975, 50.789290517457118 ], [ 1.986740357960033, 50.789313813072965 ], [ 1.986591166605397, 50.789322650034265 ], [ 1.986375637200237, 50.789314829148921 ], [ 1.986145591538166, 50.789295697414403 ], [ 1.985884851261848, 50.789265163036866 ], [ 1.985739060093571, 50.789249339563874 ], [ 1.985603017206375, 50.789234556386582 ], [ 1.985505834001704, 50.789222972821953 ], [ 1.985445911897461, 50.789216638201736 ], [ 1.985373015501082, 50.789210277925442 ], [ 1.985295289481799, 50.789196690358096 ], [ 1.985161038572176, 50.789158295351434 ], [ 1.985080205905937, 50.789129305441413 ], [ 1.985039806568804, 50.78911171720717 ], [ 1.984989702442998, 50.78908794314674 ], [ 1.984968747408867, 50.789073496656982 ], [ 1.984950986487979, 50.789061118443342 ], [ 1.984888156122056, 50.789008549084656 ], [ 1.984830168669418, 50.788958041392419 ], [ 1.984796306588654, 50.788931236183224 ], [ 1.984773692073638, 50.788918838392597 ], [ 1.984696094832561, 50.788892917939968 ], [ 1.984615198772419, 50.788870093969877 ], [ 1.98456341957928, 50.788859680762542 ], [ 1.984493761673144, 50.788850222940141 ], [ 1.984432211053038, 50.788845936809309 ], [ 1.984310642745782, 50.788844564857868 ], [ 1.984146935881495, 50.788845131537308 ], [ 1.984038319098632, 50.788847909422039 ], [ 1.983903733954882, 50.788851616568778 ], [ 1.983783802570979, 50.788852319726594 ], [ 1.983660606724807, 50.788849912736538 ], [ 1.983576397340126, 50.788841436841345 ], [ 1.983487402496701, 50.788817564947145 ], [ 1.983409850761999, 50.788783435032258 ], [ 1.983346926398151, 50.788740094236374 ], [ 1.983261548346553, 50.788668959719928 ], [ 1.983214844885853, 50.788623628959243 ], [ 1.983148848890595, 50.788558699260832 ], [ 1.983092536373752, 50.788500996459632 ], [ 1.983031403701835, 50.788437127523551 ], [ 1.982963823811783, 50.788366038009407 ], [ 1.982897773539842, 50.788308315631653 ], [ 1.982820333719741, 50.788256727024176 ], [ 1.982749307990732, 50.788218505408572 ], [ 1.982668491284536, 50.788184368339209 ], [ 1.982589279775741, 50.788155369969068 ], [ 1.982476065061941, 50.788120107106799 ], [ 1.982372544641654, 50.788090028981856 ], [ 1.982294917739875, 50.788067190131244 ], [ 1.982239941184856, 50.788044436253912 ], [ 1.982193149059589, 50.788015542419323 ], [ 1.982146444234849, 50.787976357953845 ], [ 1.982072319075779, 50.787913463467596 ], [ 1.981873984982358, 50.787769064809794 ], [ 1.981778895495444, 50.787693785262498 ], [ 1.981711306942864, 50.787624757166299 ], [ 1.981577748517528, 50.787486694054628 ], [ 1.981468331110483, 50.787377479794749 ], [ 1.981405565108102, 50.787311534292328 ], [ 1.981376677428047, 50.787274457395519 ], [ 1.981354296709622, 50.787228163507685 ], [ 1.981346505792416, 50.787184992277787 ], [ 1.981336042374947, 50.787061670884981 ], [ 1.981334866592409, 50.786997971076694 ], [ 1.981339335043666, 50.786829481879948 ], [ 1.981347951902223, 50.786758614170743 ], [ 1.981369532651852, 50.786686751292912 ], [ 1.98110602717408, 50.786590431535977 ], [ 1.980907182630227, 50.786517946130907 ], [ 1.980688918275988, 50.78643821360572 ], [ 1.980596118167703, 50.786496499022768 ], [ 1.980519670644597, 50.786534295509846 ], [ 1.980428620612892, 50.78657409472185 ], [ 1.98039614733623, 50.786581196945356 ], [ 1.980329560069733, 50.78659951247996 ], [ 1.980267870440066, 50.786612682369082 ], [ 1.980241889480323, 50.786618776550682 ], [ 1.980207732038387, 50.786635115133564 ], [ 1.980106854654255, 50.786688248414741 ], [ 1.979971861083371, 50.786755678214071 ], [ 1.979924675235704, 50.786779157981847 ], [ 1.979887302608472, 50.78679446903115 ], [ 1.979796264534212, 50.786829142219204 ], [ 1.979697190222236, 50.786859685009581 ], [ 1.979549425640699, 50.786893152366794 ], [ 1.979437466982075, 50.786910294701499 ], [ 1.979345040558123, 50.786917225605563 ], [ 1.979260749168188, 50.786915954011732 ], [ 1.979139262001532, 50.786906348563811 ], [ 1.979019426830549, 50.786890589742875 ], [ 1.978956318363996, 50.786876016771878 ], [ 1.97889650042643, 50.786854282826233 ], [ 1.97885455179503, 50.786830533010374 ], [ 1.978809415137855, 50.786795464580457 ], [ 1.978769088458868, 50.786765541211864 ], [ 1.97870294413655, 50.786723232647226 ], [ 1.978680352968542, 50.786709812754268 ], [ 1.978630307520735, 50.786681931960565 ], [ 1.978562502159446, 50.78664473534316 ], [ 1.978528599107793, 50.786626157038569 ], [ 1.978436573593394, 50.786577589331451 ], [ 1.978357401414135, 50.786542421679329 ], [ 1.978294394292849, 50.78651245220447 ], [ 1.978262141954762, 50.786490783942661 ], [ 1.978239608125588, 50.786467093100654 ], [ 1.978223586044144, 50.786444436771312 ], [ 1.97821557863639, 50.786426951841648 ], [ 1.978199701348563, 50.7863837540269 ], [ 1.978183816743966, 50.786336431595224 ], [ 1.978166445361493, 50.786273719985537 ], [ 1.978145895815161, 50.786200710947597 ], [ 1.978122152696584, 50.786125633434217 ], [ 1.978098268275999, 50.786064950641041 ], [ 1.978074305910904, 50.786015559665564 ], [ 1.977997408853586, 50.785889990573338 ], [ 1.977955707550373, 50.785830282727254 ], [ 1.977902729450016, 50.785759229866038 ], [ 1.977878901131328, 50.785691339491841 ], [ 1.977858140068982, 50.78564814153512 ], [ 1.977819428653558, 50.785624397867352 ], [ 1.977762936559532, 50.78559237923136 ], [ 1.977656568992185, 50.785507813460676 ], [ 1.977574453396423, 50.785431555689797 ], [ 1.977502075659416, 50.785355317754622 ], [ 1.977432922623076, 50.785281128484819 ], [ 1.977363681566985, 50.785217229820226 ], [ 1.977305629891766, 50.785174926787128 ], [ 1.977263673769697, 50.785150155167379 ], [ 1.977187717091766, 50.785119117620823 ], [ 1.977061581969125, 50.785081761263669 ], [ 1.976823638946973, 50.785037919897157 ], [ 1.97665685658882, 50.785014825240353 ], [ 1.976611478067151, 50.785012630261527 ], [ 1.976546641723176, 50.785015521132244 ], [ 1.976467160683158, 50.785022496236053 ], [ 1.976400741262478, 50.785019207197834 ], [ 1.976371527014162, 50.78502221061617 ], [ 1.97631799034458, 50.785032322145334 ], [ 1.976181583672939, 50.7850658389101 ], [ 1.976079300364429, 50.785089164560112 ], [ 1.976007871867057, 50.785105395753234 ], [ 1.97593969027514, 50.785119591329092 ], [ 1.975873180579172, 50.785129656036027 ], [ 1.975814849642398, 50.78512641319243 ], [ 1.975746814149462, 50.785120047126206 ], [ 1.975680306076346, 50.785127048356252 ], [ 1.975626726939754, 50.785139221519835 ], [ 1.975566630446649, 50.785159590160852 ], [ 1.975547098050397, 50.78516980092521 ], [ 1.975511276042803, 50.785194353664544 ], [ 1.975460774478084, 50.785229157073374 ], [ 1.975426572522742, 50.785250619685698 ], [ 1.975364648700334, 50.785294619335268 ], [ 1.97529113071954, 50.785375584508643 ], [ 1.975242314623784, 50.785401111422573 ], [ 1.975221307901367, 50.78539387072076 ], [ 1.975169715405168, 50.785356725496086 ], [ 1.975087571624496, 50.785283529191666 ], [ 1.974977882715784, 50.785212328526143 ], [ 1.974913315621961, 50.78517821984785 ], [ 1.974795384560716, 50.785123429375254 ], [ 1.974670892312593, 50.785081959548528 ], [ 1.974615897301105, 50.785066389948355 ], [ 1.974455707886776, 50.785029971837254 ], [ 1.974381226992579, 50.785016384005331 ], [ 1.974327803605066, 50.785009036301815 ], [ 1.974264733304673, 50.784988314397197 ], [ 1.974200043673825, 50.784970642507801 ], [ 1.973996431601149, 50.784885812883083 ], [ 1.973943234263772, 50.784846611626421 ], [ 1.973909411723145, 50.784819783525876 ], [ 1.973888454271014, 50.784801230477029 ], [ 1.973823876270515, 50.784769203417198 ], [ 1.973721069504933, 50.784639433397579 ], [ 1.973719528675276, 50.784631211610879 ], [ 1.973692673385959, 50.78453558464436 ], [ 1.973632939940974, 50.784502536225965 ], [ 1.973527847833925, 50.784469334092492 ], [ 1.973495453976053, 50.784465142688788 ], [ 1.973307657638815, 50.784436844689509 ], [ 1.973242903161181, 50.78442535859574 ], [ 1.973142475562881, 50.784414779603715 ], [ 1.973103905035241, 50.784369451661334 ], [ 1.973052258810905, 50.784339513020257 ], [ 1.972992355928685, 50.784331110178584 ], [ 1.972909728988999, 50.784327785691438 ], [ 1.972835190925946, 50.784324487835171 ], [ 1.972784959549548, 50.784322291464051 ], [ 1.972705680663684, 50.784304578496481 ], [ 1.972650911532212, 50.784260237994609 ], [ 1.972644657403557, 50.784227350020068 ], [ 1.972661339920603, 50.784162675874946 ], [ 1.972668556287807, 50.784060982690441 ], [ 1.972629996019057, 50.784016675787321 ], [ 1.9725217957056, 50.783963965533289 ], [ 1.972423246391892, 50.78391846272789 ], [ 1.972370254508574, 50.783851531686288 ], [ 1.972309796324965, 50.783699284486552 ], [ 1.972266837416271, 50.78336832332711 ], [ 1.972262073668988, 50.783135085336902 ], [ 1.972262595387464, 50.783062128696692 ], [ 1.972236940639512, 50.783027118319389 ], [ 1.972076977376856, 50.782957802333222 ], [ 1.971956336671292, 50.782836212441701 ], [ 1.971787087113174, 50.782709335567468 ], [ 1.971596732543593, 50.782587549957107 ], [ 1.971449833160969, 50.782507989510776 ], [ 1.971367371099227, 50.782478976801123 ], [ 1.971335269591099, 50.782439848424453 ], [ 1.971318046598902, 50.78235555266135 ], [ 1.971280114841093, 50.782222892243666 ], [ 1.971252124061999, 50.782062523044964 ], [ 1.971197994341323, 50.781930849946214 ], [ 1.971075970324687, 50.781774328728076 ], [ 1.970877793693606, 50.781617558334645 ], [ 1.970801879223219, 50.781583433573466 ], [ 1.970694965937118, 50.781573860079966 ], [ 1.970563688305747, 50.781573475487832 ], [ 1.970477842532215, 50.781568080450874 ], [ 1.970385676236808, 50.78153904685545 ], [ 1.970256914633078, 50.781416406746281 ], [ 1.97014925430813, 50.781294842022916 ], [ 1.970089981228673, 50.781201168044966 ], [ 1.970057806571283, 50.781167164346996 ], [ 1.970006346938101, 50.781113579486025 ], [ 1.969943247962769, 50.781099021842948 ], [ 1.969891689680738, 50.781054686406478 ], [ 1.969859830603094, 50.780981641802747 ], [ 1.969806708989176, 50.780933188817642 ], [ 1.969730727933895, 50.780908313100497 ], [ 1.969615659609825, 50.780907961515766 ], [ 1.96948438373236, 50.780907575786273 ], [ 1.969393813650481, 50.780882639172731 ], [ 1.969330863948153, 50.78084751955307 ], [ 1.969247094693414, 50.780778429904579 ], [ 1.969164657788441, 50.780748394698776 ], [ 1.969138812968001, 50.780739070565467 ], [ 1.968978584854535, 50.780709832713541 ], [ 1.968863689105126, 50.780684834411034 ], [ 1.968778154248859, 50.780636292702034 ], [ 1.968718712329456, 50.780567264006962 ], [ 1.96863532227444, 50.780445778675229 ], [ 1.968551608725446, 50.780372584392033 ], [ 1.968351052353558, 50.78031856435129 ], [ 1.968174564999085, 50.78029337536568 ], [ 1.967936432315913, 50.780282391527976 ], [ 1.967753301909442, 50.780281834386408 ], [ 1.967589831662322, 50.780251546690614 ], [ 1.967513990263617, 50.780208170115941 ], [ 1.967440316249281, 50.780090828995888 ], [ 1.967392738155781, 50.779949917729546 ], [ 1.967356217678376, 50.779847080486853 ], [ 1.967233819773992, 50.779744992493995 ], [ 1.967125694169895, 50.77968198623126 ], [ 1.966965665147725, 50.779627058701237 ], [ 1.966702050935899, 50.77955537354481 ], [ 1.96643379381801, 50.779452854908811 ], [ 1.966219001858281, 50.779349458157682 ], [ 1.965904122531456, 50.779197476407731 ], [ 1.965505552752884, 50.778967171738216 ], [ 1.965247097348146, 50.778854400315112 ], [ 1.964710215697771, 50.778701751340712 ], [ 1.964447940733459, 50.778666032568729 ], [ 1.964217952785588, 50.778646840032145 ], [ 1.964072299290717, 50.778621741453087 ], [ 1.96389438657634, 50.778572908006431 ], [ 1.963635692266906, 50.778494049053414 ], [ 1.963351216808033, 50.778395573185669 ], [ 1.963137947386922, 50.778307600785041 ], [ 1.962945768554528, 50.778219683554099 ], [ 1.962798595636219, 50.77817815243467 ], [ 1.962759758278348, 50.778172883334754 ], [ 1.962720914029141, 50.778163529596625 ], [ 1.962687113823839, 50.778134655993881 ], [ 1.962625974624672, 50.778075901407995 ], [ 1.96252273220941, 50.778011890439252 ], [ 1.962351590311167, 50.777928152023954 ], [ 1.962167271719207, 50.777869031184252 ], [ 1.962024844885314, 50.777845979316389 ], [ 1.961798048207826, 50.77783501804398 ], [ 1.961558140985729, 50.777842507772448 ], [ 1.961525959062875, 50.77781364733184 ], [ 1.961467953482929, 50.777767232056426 ], [ 1.961367966620477, 50.77770528952739 ], [ 1.961264705384653, 50.777642298446906 ], [ 1.961206627360526, 50.777608216238235 ], [ 1.961072507810553, 50.777558502651516 ], [ 1.960786145324293, 50.777497006389218 ], [ 1.960436545954496, 50.777435321806351 ], [ 1.960004235407223, 50.77738674075654 ], [ 1.959886138220978, 50.777360686061243 ], [ 1.959735768759992, 50.777316061089621 ], [ 1.959540178557988, 50.777251756380579 ], [ 1.959330015746613, 50.777182263862805 ], [ 1.959095568368662, 50.777113749257836 ], [ 1.958834874395234, 50.777086240899891 ], [ 1.958596636845113, 50.777085509647954 ], [ 1.958389352715431, 50.777068438321756 ], [ 1.958255005172059, 50.777047471946929 ], [ 1.95797326561194, 50.777017843489908 ], [ 1.957668737113594, 50.776999436384735 ], [ 1.957309037454735, 50.776992179477809 ], [ 1.956963917572992, 50.77698392242835 ], [ 1.956655896401694, 50.776998380463503 ], [ 1.956542454522064, 50.776998030356886 ], [ 1.95638700288813, 50.776982150972344 ], [ 1.956323830602916, 50.776978858290164 ], [ 1.956247649733897, 50.776981723539265 ], [ 1.956070832237048, 50.777006850807624 ], [ 1.955825890751011, 50.777034870343897 ], [ 1.955584211355497, 50.777065980201392 ], [ 1.955170711239787, 50.777100653288599 ], [ 1.955053941185404, 50.777110585458054 ], [ 1.954857944201143, 50.77709968981096 ], [ 1.954746249151982, 50.777082914301268 ], [ 1.95466057054437, 50.777053883158253 ], [ 1.954594363994947, 50.777024895333831 ], [ 1.954515374743636, 50.776972253715499 ], [ 1.954474983386657, 50.776956717459207 ], [ 1.954337523260745, 50.776918281137256 ], [ 1.954255030447522, 50.776897485671242 ], [ 1.95409480197761, 50.776869249475375 ], [ 1.953942512408855, 50.776865687384621 ], [ 1.95379998657243, 50.776854979050327 ], [ 1.953753125665912, 50.776839408208637 ], [ 1.953724116146319, 50.776816719224371 ], [ 1.953709753797837, 50.776786885179803 ], [ 1.953693845415354, 50.77674778775885 ], [ 1.953694210707139, 50.776702580097918 ], [ 1.953715776842837, 50.776638949742384 ], [ 1.953706670095191, 50.7765577421522 ], [ 1.95367642089128, 50.776487789688559 ], [ 1.953595915639736, 50.776418696234444 ], [ 1.953534680477542, 50.776375353431739 ], [ 1.953392575139695, 50.776308124684675 ], [ 1.953352277390322, 50.776282317295333 ], [ 1.953247656094825, 50.776191576751209 ], [ 1.953188163752448, 50.776127685318578 ], [ 1.953075433783458, 50.77603795763364 ], [ 1.952954477718844, 50.775963597986674 ], [ 1.952736421990432, 50.775869420056573 ], [ 1.952636188984105, 50.775840345092455 ], [ 1.95250357351157, 50.775803969676488 ], [ 1.952377601573437, 50.775749129210105 ], [ 1.952280924384283, 50.775679978800895 ], [ 1.952186095294532, 50.775577966906766 ], [ 1.952125316437451, 50.775475040189974 ], [ 1.952087310181621, 50.775358809946688 ], [ 1.952007365264875, 50.77522088261653 ], [ 1.951915915481454, 50.775100398071785 ], [ 1.95181608906182, 50.775019948022795 ], [ 1.951672397512355, 50.774948599150598 ], [ 1.951520425313171, 50.774903950482027 ], [ 1.951355508195677, 50.774855148028109 ], [ 1.951156391699648, 50.774831906304925 ], [ 1.950975160526081, 50.774798463327208 ], [ 1.950831242595686, 50.774756925095424 ], [ 1.950747184342298, 50.774730968211514 ], [ 1.950655472846947, 50.77464644089725 ], [ 1.950628388989062, 50.77458880796906 ], [ 1.95065947250936, 50.774548844697939 ], [ 1.950734805913857, 50.774449407008035 ], [ 1.950790372049196, 50.774385883288844 ], [ 1.950865552182929, 50.774303923893861 ], [ 1.950916228033162, 50.774246545861516 ], [ 1.950921638513039, 50.774177713876014 ], [ 1.951135128420035, 50.774023236790711 ], [ 1.951270375411385, 50.773925024318629 ], [ 1.951359998170243, 50.773861607008875 ], [ 1.951405955127828, 50.773784687018384 ], [ 1.951405989208061, 50.773781603830571 ], [ 1.951387101055191, 50.773708602632354 ], [ 1.951316220227658, 50.773653924582625 ], [ 1.951198469791579, 50.773585736827215 ], [ 1.951137100198405, 50.773557808862115 ], [ 1.951109745536815, 50.773532029575307 ], [ 1.951098785577045, 50.773482681696379 ], [ 1.951105635312811, 50.773435446089792 ], [ 1.951141912917349, 50.773354380005394 ], [ 1.951114735601893, 50.773307037887207 ], [ 1.951037208549091, 50.773273908002764 ], [ 1.951004867034167, 50.773267648720221 ], [ 1.950956345873418, 50.773257228542626 ], [ 1.950943522933893, 50.773235616227744 ], [ 1.950910054222771, 50.773166656711453 ], [ 1.950900534451589, 50.773138885247569 ], [ 1.950879882795132, 50.773087453380093 ], [ 1.950834781712522, 50.77304929064497 ], [ 1.950766893169655, 50.773029556831354 ], [ 1.950702124488231, 50.773021142018557 ], [ 1.950650440599549, 50.773001464641766 ], [ 1.950631216747181, 50.772973651391332 ], [ 1.950659794883169, 50.772839160266976 ], [ 1.950650474575066, 50.772788784938413 ], [ 1.950587489034548, 50.772760843036309 ], [ 1.950492031401212, 50.772743079129327 ], [ 1.950283370209118, 50.772695147616759 ], [ 1.950204349065217, 50.772644564884914 ], [ 1.95018178462275, 50.772629077320914 ], [ 1.950028825467926, 50.772505308965926 ], [ 1.949977302753705, 50.772461985946627 ], [ 1.949909753507101, 50.772397043446453 ], [ 1.949783771553023, 50.772343221048828 ], [ 1.949675561218408, 50.772297677650506 ], [ 1.949719851505926, 50.772228973323031 ], [ 1.949627202271721, 50.772057098293658 ], [ 1.949571018571801, 50.771990149088928 ], [ 1.949383059040763, 50.771782009410643 ], [ 1.949143533037401, 50.771535691380095 ], [ 1.948966882023094, 50.771332732120833 ], [ 1.948755361802829, 50.771028964335187 ], [ 1.948717315966567, 50.770920961166638 ], [ 1.948709856974022, 50.770838745192002 ], [ 1.948710405404883, 50.770771954218382 ], [ 1.94874980044989, 50.77070529109055 ], [ 1.948801982076268, 50.770663343785628 ], [ 1.948880008929555, 50.770631726152359 ], [ 1.949108942634467, 50.770569766794559 ], [ 1.949216167079539, 50.770534150639811 ], [ 1.949303965661804, 50.770496408199399 ], [ 1.949356125174397, 50.770455481624211 ], [ 1.949371012499619, 50.770416482977772 ], [ 1.94937788898761, 50.770365122791368 ], [ 1.949350943616061, 50.770287988261408 ], [ 1.949278546251974, 50.770223024275595 ], [ 1.949154607630669, 50.77011577772322 ], [ 1.94897903643101, 50.769983707437333 ], [ 1.948854869674836, 50.769906272398003 ], [ 1.94863554990975, 50.769775093553569 ], [ 1.948506532812097, 50.769697617165676 ], [ 1.9482939511019, 50.769530513785398 ], [ 1.948211941098893, 50.769451131607624 ], [ 1.948160542094158, 50.769393432338369 ], [ 1.948083613703695, 50.769284279179971 ], [ 1.948001990992795, 50.769154562995155 ], [ 1.947952269593237, 50.769089669609613 ], [ 1.94792501283377, 50.769053618587726 ], [ 1.947851124444279, 50.768971201227643 ], [ 1.94786795339092, 50.768892133586405 ], [ 1.947830626181868, 50.768898185289835 ], [ 1.947790051919536, 50.768906271874116 ], [ 1.947676505077841, 50.768923392489192 ], [ 1.947716535312184, 50.768986181782402 ], [ 1.94783332932926, 50.768967026239544 ], [ 1.947847736429389, 50.768988652425243 ], [ 1.947849341123346, 50.76899070830715 ], [ 1.947876257819578, 50.769071967776114 ], [ 1.947911487150948, 50.769126527117855 ], [ 1.947940339592473, 50.769163612783835 ], [ 1.94795640724945, 50.769183190645286 ], [ 1.948004490172909, 50.769249091329833 ], [ 1.94801887219525, 50.769274821929393 ], [ 1.948022030729404, 50.769287162591432 ], [ 1.948023435006562, 50.769311822417514 ], [ 1.948021647545883, 50.769334432974148 ], [ 1.948018328137443, 50.769345717751634 ], [ 1.948005308527895, 50.769353897118222 ], [ 1.947989023743848, 50.769362068909857 ], [ 1.947980843495829, 50.769372311468132 ], [ 1.947975897483359, 50.769382581360851 ], [ 1.947977417434019, 50.769395929331246 ], [ 1.947991918529952, 50.769407284629921 ], [ 1.948025845290436, 50.769420746304547 ], [ 1.948075941193747, 50.769437348021789 ], [ 1.948125956170032, 50.769462158343849 ], [ 1.948145309107017, 50.769473534601097 ], [ 1.948174324667451, 50.76949416290531 ], [ 1.948217722031938, 50.769540541787613 ], [ 1.948256237165789, 50.769586899421185 ], [ 1.9482866911021, 50.769629124319977 ], [ 1.948296196362226, 50.769658938341664 ], [ 1.948307407206731, 50.769674390473938 ], [ 1.948313838540475, 50.769680571758563 ], [ 1.948339635757307, 50.769696067036307 ], [ 1.948394520635229, 50.7697229606975 ], [ 1.948441322821541, 50.769746742600944 ], [ 1.948473551476519, 50.76976841912618 ], [ 1.948502533086733, 50.76979213055052 ], [ 1.948517000160947, 50.769806568986873 ], [ 1.94852983772423, 50.769823035971022 ], [ 1.948573358322293, 50.769851955954159 ], [ 1.948639489161105, 50.769891198379042 ], [ 1.948702287590196, 50.769943807800125 ], [ 1.948713477178753, 50.76996028086527 ], [ 1.948716635927245, 50.76997262149704 ], [ 1.948718202714029, 50.769980844032034 ], [ 1.948722922916802, 50.769997302501842 ], [ 1.948729235508228, 50.770017859048032 ], [ 1.948733930543293, 50.770038421954688 ], [ 1.948740345449346, 50.770049748904739 ], [ 1.948759677308721, 50.770062146032373 ], [ 1.948821113492243, 50.770080825444616 ], [ 1.948888852900137, 50.770119060146712 ], [ 1.948903376273503, 50.770129374332008 ], [ 1.948912936034923, 50.770147895947375 ], [ 1.948928860030524, 50.770185973393417 ], [ 1.948941510172285, 50.770223002034363 ], [ 1.948947831533299, 50.770244599814852 ], [ 1.94895742556177, 50.770260038220023 ], [ 1.948965458115526, 50.770271358790311 ], [ 1.948983138740286, 50.770286825427902 ], [ 1.9490153857034, 50.77031056428082 ], [ 1.94903305399237, 50.770328073119032 ], [ 1.949063581188329, 50.770361047913717 ], [ 1.949089193051682, 50.770404292877906 ], [ 1.949088861578728, 50.770443334293439 ], [ 1.949070832885709, 50.770472054776192 ], [ 1.949043214199567, 50.770482233383575 ], [ 1.948999416905218, 50.77048825082656 ], [ 1.948926437338713, 50.770493160868654 ], [ 1.948808022604632, 50.770512323753799 ], [ 1.948772308150899, 50.770521452821868 ], [ 1.948746285089172, 50.770532665994864 ], [ 1.948674664618397, 50.770574569241717 ], [ 1.948601329022072, 50.770629833101729 ], [ 1.948575139928254, 50.770660566937515 ], [ 1.948560251910893, 50.77069956547399 ], [ 1.948549719519019, 50.770804335207771 ], [ 1.94855201587234, 50.770924550646157 ], [ 1.948559614953232, 50.770991370380791 ], [ 1.948567544775056, 50.77101194056408 ], [ 1.948605590357571, 50.771119943763445 ], [ 1.948743179148673, 50.771347441860975 ], [ 1.948989052703868, 50.771608170581281 ], [ 1.948920737887166, 50.771640831341387 ], [ 1.948664590215948, 50.771447892490627 ], [ 1.948484091409929, 50.771325050669518 ], [ 1.948338942183644, 50.771235204205482 ], [ 1.948135328855459, 50.771166748297553 ], [ 1.94793465234865, 50.771134277557721 ], [ 1.947774395369618, 50.771114241853162 ], [ 1.94776661443622, 50.771072088453124 ], [ 1.947904328628977, 50.770868060268704 ], [ 1.94794520631674, 50.770820932026439 ], [ 1.948062999838854, 50.77067746399193 ], [ 1.948237512895894, 50.770533133565237 ], [ 1.94836212295915, 50.770345492698176 ], [ 1.948398823193883, 50.77021101007012 ], [ 1.94839970248164, 50.770097989445809 ], [ 1.948377440836925, 50.770043479822071 ], [ 1.948303337538498, 50.769985708987882 ], [ 1.948227477953995, 50.769950528881715 ], [ 1.948075540584378, 50.769900729984549 ], [ 1.947993445142371, 50.769832659810547 ], [ 1.947948813435149, 50.769739016871952 ], [ 1.947913822189773, 50.769655686987008 ], [ 1.947830280253013, 50.769564998816357 ], [ 1.947717263579688, 50.769513285885331 ], [ 1.947646188293207, 50.769484292807391 ], [ 1.947565881787309, 50.769393611760535 ], [ 1.947551811159203, 50.769329860615393 ], [ 1.947567618397856, 50.769171694687401 ], [ 1.947609001964268, 50.769059817246266 ], [ 1.947645145854633, 50.768998292667909 ], [ 1.947705170951899, 50.768988208116774 ], [ 1.947695445583624, 50.768989207124761 ], [ 1.947675964334404, 50.768991204880543 ], [ 1.947646801066997, 50.768992139663602 ], [ 1.947606273853627, 50.768995080745938 ], [ 1.94758194947969, 50.76899809874341 ], [ 1.947521950040289, 50.769004058771593 ], [ 1.947484635133755, 50.769008068157625 ], [ 1.947418175439493, 50.769015034713348 ], [ 1.947392203425419, 50.769018038740832 ], [ 1.947374310161289, 50.769027238035605 ], [ 1.947362908058553, 50.769035410995109 ], [ 1.947357996278936, 50.76904259765972 ], [ 1.947357945704992, 50.769050806547803 ], [ 1.947361111691237, 50.769056980297265 ], [ 1.947364316808207, 50.769064195558983 ], [ 1.947367491835588, 50.769071390543409 ], [ 1.947369070805328, 50.769077570894225 ], [ 1.947370650196415, 50.769083731225813 ], [ 1.947370581545496, 50.769089897643042 ], [ 1.947372160516247, 50.769096077993652 ], [ 1.947372113758427, 50.769101203414529 ], [ 1.947372075619191, 50.769107370089536 ], [ 1.947370411329681, 50.769112501854082 ], [ 1.947370351718304, 50.769119689506148 ], [ 1.947368696046705, 50.769125862524795 ], [ 1.947365380319233, 50.769134063822015 ], [ 1.947363703174429, 50.769141257817537 ], [ 1.947360387445146, 50.769149459114445 ], [ 1.947357080333118, 50.769158701665283 ], [ 1.947353773640757, 50.769167924196871 ], [ 1.947350478959456, 50.76917512453528 ], [ 1.947343928578935, 50.769183318499067 ], [ 1.947339017203135, 50.769190485142147 ], [ 1.947334105404793, 50.769197671804136 ], [ 1.947329194026158, 50.769204838446591 ], [ 1.947321038958916, 50.769210976520895 ], [ 1.947314501003607, 50.769217128270782 ], [ 1.947306367405938, 50.76922224536716 ], [ 1.947299829868394, 50.769228377096987 ], [ 1.947293313381817, 50.769233507868663 ], [ 1.947285180200294, 50.769238604944327 ], [ 1.947278642237044, 50.769244756692068 ], [ 1.947272126167281, 50.76924986744342 ], [ 1.94726397108571, 50.769256005513597 ], [ 1.947259072128345, 50.769261129940944 ], [ 1.947252534158885, 50.769267281687092 ], [ 1.947246018083487, 50.769272392436868 ], [ 1.947241119122745, 50.769277516863426 ], [ 1.947237837698171, 50.769282634947679 ], [ 1.947234546815041, 50.769286751816118 ], [ 1.94722964827271, 50.769291856222885 ], [ 1.947226387899881, 50.769295973349116 ], [ 1.947224723589307, 50.769301105110209 ], [ 1.947224689254741, 50.769304188317676 ], [ 1.947223046839732, 50.769308279082807 ], [ 1.947222999645519, 50.769313424521066 ], [ 1.947221378705235, 50.769316494309237 ], [ 1.947221322895366, 50.769320598493515 ], [ 1.94722131907211, 50.769323681959087 ], [ 1.947221271877696, 50.769328827397196 ], [ 1.947222854660547, 50.769331924281964 ], [ 1.947222829362338, 50.769336028724176 ], [ 1.947224399707049, 50.769341167820386 ], [ 1.947227609066308, 50.769345279597957 ], [ 1.947232422685121, 50.7693514672833 ], [ 1.94723564066143, 50.769356620314589 ], [ 1.947240432807626, 50.769363828976182 ], [ 1.947245246850848, 50.769369996641643 ], [ 1.947251686630497, 50.769377219237818 ], [ 1.947258096321384, 50.769384421556332 ], [ 1.947262888473411, 50.769391630216802 ], [ 1.947267689664248, 50.769399860111598 ], [ 1.947274129450972, 50.769407082706294 ], [ 1.947278930645182, 50.769415312600493 ], [ 1.947282083787572, 50.76942354857902 ], [ 1.947286906458527, 50.769430757496124 ], [ 1.947291686183353, 50.769440008366182 ], [ 1.947294869841079, 50.769448244602124 ], [ 1.94729641490448, 50.769457488138059 ], [ 1.947299585707577, 50.769467786603897 ], [ 1.947301117916092, 50.769479092369735 ], [ 1.947302628651688, 50.769491419111837 ], [ 1.947304148005258, 50.769504787107323 ], [ 1.947305667359563, 50.769518155102617 ], [ 1.947305526643662, 50.769533551374238 ], [ 1.947308672162265, 50.769547954279538 ], [ 1.947305318249212, 50.769562322240716 ], [ 1.947305220480093, 50.769575676558524 ], [ 1.94730347465197, 50.769589036960873 ], [ 1.947301759755792, 50.769602377601906 ], [ 1.947298418272687, 50.76961470335096 ], [ 1.947295098682809, 50.769625988104337 ], [ 1.947291748158419, 50.769637292618548 ], [ 1.947285193888551, 50.769648570037475 ], [ 1.94728025674402, 50.769659861132446 ], [ 1.947275289085392, 50.769671151969021 ], [ 1.947267117678496, 50.769682415709745 ], [ 1.947262150014649, 50.769693706545439 ], [ 1.947255595730751, 50.76970498396183 ], [ 1.94724739338087, 50.769716267461732 ], [ 1.947240839090624, 50.769727544877007 ], [ 1.947234266723863, 50.769736779823369 ], [ 1.947226095296882, 50.769748043560249 ], [ 1.947219531961194, 50.769758299739742 ], [ 1.947214577139265, 50.769767528342861 ], [ 1.947208035274218, 50.769776763545316 ], [ 1.947204719477365, 50.769784964830166 ], [ 1.947199816637741, 50.769793172714301 ], [ 1.947198117971306, 50.769801387676374 ], [ 1.947194845122982, 50.769807547008675 ], [ 1.947189903152614, 50.769814713380889 ], [ 1.947188225959826, 50.769821907366619 ], [ 1.947186548766535, 50.769829101352229 ], [ 1.94718487199399, 50.769836275318553 ], [ 1.947183216275809, 50.769842448327935 ], [ 1.947181560978452, 50.769848601318138 ], [ 1.947181492303211, 50.769854767728155 ], [ 1.94718143266379, 50.769861955371979 ], [ 1.947179755468186, 50.769869149357092 ], [ 1.947181321999477, 50.769877371912592 ], [ 1.947181249498522, 50.769886621785204 ], [ 1.947181155521353, 50.76989689263354 ], [ 1.947182709192372, 50.769907177417593 ], [ 1.94718424138782, 50.769918483177243 ], [ 1.947185752108001, 50.769930809912587 ], [ 1.947188910478208, 50.769943150583558 ], [ 1.947193655896956, 50.769955484654602 ], [ 1.947196835746604, 50.769966804349117 ], [ 1.947201602645306, 50.769978117443735 ], [ 1.947206360509758, 50.769988409304297 ], [ 1.947212775063959, 50.769999736333681 ], [ 1.947219171968982, 50.770009000876037 ], [ 1.947225577913064, 50.770019286651596 ], [ 1.94723361343829, 50.770027543894464 ], [ 1.947243254089676, 50.770037837004061 ], [ 1.947252894324102, 50.77004815013192 ], [ 1.947262543599841, 50.770059484492471 ], [ 1.94727539707208, 50.770070825928208 ], [ 1.947288259588124, 50.770083188596139 ], [ 1.947299504547129, 50.770095557605252 ], [ 1.947313984218297, 50.770107933946342 ], [ 1.947328494408677, 50.770120310543568 ], [ 1.947341356950635, 50.770132673205069 ], [ 1.94735583664275, 50.770145049540666 ], [ 1.947370337814624, 50.770156404898813 ], [ 1.947384830373974, 50.770166719002404 ], [ 1.947397714413543, 50.770178060681744 ], [ 1.947410602270663, 50.770186318898091 ], [ 1.94742509442594, 50.770196653015745 ], [ 1.947436373766433, 50.77020593880701 ], [ 1.947450866353688, 50.77021625290223 ], [ 1.947465401888061, 50.77022452504481 ], [ 1.94747989448676, 50.770234839136272 ], [ 1.947492769523211, 50.770245159571303 ], [ 1.947507292645644, 50.770255473917352 ], [ 1.947521785261859, 50.770265788003478 ], [ 1.947537904075504, 50.77027713699438 ], [ 1.947550779134735, 50.770287457422704 ], [ 1.947565271769236, 50.770297771503373 ], [ 1.947579794500963, 50.770308105859215 ], [ 1.947589435277581, 50.770318398937675 ], [ 1.947602310358033, 50.770328719360052 ], [ 1.947611942098532, 50.770337991203171 ], [ 1.947619965315897, 50.770348290625641 ], [ 1.947628000958892, 50.770356547839029 ], [ 1.947636024182605, 50.770366847260092 ], [ 1.947642451725005, 50.770376112033532 ], [ 1.947650453487946, 50.770387432428564 ], [ 1.947656859148039, 50.770397738195228 ], [ 1.947663243344211, 50.770409064936572 ], [ 1.947669649430675, 50.770419350683099 ], [ 1.947674425104262, 50.770431705004079 ], [ 1.947680796888635, 50.770445073951997 ], [ 1.947683933947139, 50.770458435575833 ], [ 1.947690305316466, 50.770471824541922 ], [ 1.947693442379158, 50.770485186164947 ], [ 1.947696566603065, 50.770500610014771 ], [ 1.947699682203332, 50.770514992612064 ], [ 1.947702793590923, 50.770532478688004 ], [ 1.947704300663601, 50.770547888865359 ], [ 1.947707381542348, 50.77056537468237 ], [ 1.947708875777516, 50.770582847085791 ], [ 1.947708752855004, 50.770600305817659 ], [ 1.947708599419917, 50.770617764291174 ], [ 1.947708467029616, 50.770634221808571 ], [ 1.947706717899671, 50.770650645635328 ], [ 1.947703360233372, 50.770668097042417 ], [ 1.947701602054121, 50.770683499635702 ], [ 1.947699873965236, 50.770698922505495 ], [ 1.947696507246954, 50.770715352678593 ], [ 1.947693131900919, 50.770730741599344 ], [ 1.947688181900792, 50.770744094918271 ], [ 1.947681584642629, 50.770757414288383 ], [ 1.947676625590832, 50.77076974637373 ], [ 1.947670049792843, 50.770782044768055 ], [ 1.94766348641257, 50.770792300954788 ], [ 1.947655305864334, 50.770802543469301 ], [ 1.947648751523865, 50.77081382088739 ], [ 1.947638922869574, 50.770824069489855 ], [ 1.947632346634368, 50.770836387900289 ], [ 1.947622536062257, 50.770848678965898 ], [ 1.947614321184743, 50.770862004677305 ], [ 1.947604497758931, 50.770876357966863 ], [ 1.947596270027462, 50.770891745902333 ], [ 1.947586433745634, 50.770908161415655 ], [ 1.947578184534833, 50.770924570323466 ], [ 1.947566722026978, 50.770939950929503 ], [ 1.947558515742479, 50.770954317886613 ], [ 1.947547053642726, 50.770969678471012 ], [ 1.947535603962218, 50.770982996847529 ], [ 1.947524153854669, 50.770996335241776 ], [ 1.947512726052795, 50.77100861262236 ], [ 1.947501297824383, 50.771020910020781 ], [ 1.94748824337547, 50.771032172511866 ], [ 1.947480049902716, 50.771044477236458 ], [ 1.947476746495065, 50.771050636306462 ], [ 1.947486131927553, 50.771094845605923 ], [ 1.947497138359017, 50.771135985118434 ], [ 1.947501773398069, 50.771163735666313 ], [ 1.94751307866683, 50.771168896987142 ], [ 1.947524392559993, 50.771175099557979 ], [ 1.947537318814867, 50.771177191093059 ], [ 1.947551914230188, 50.771178275583914 ], [ 1.947566479554425, 50.771179339796035 ], [ 1.9475843007026, 50.771179410377762 ], [ 1.947603748493888, 50.771180495842117 ], [ 1.947628048239546, 50.771181602300658 ], [ 1.947650721762998, 50.771181673850791 ], [ 1.947676639108733, 50.771182773952482 ], [ 1.947705790810763, 50.771183901390884 ], [ 1.94773494293497, 50.771185008803371 ], [ 1.947767338463863, 50.771187164781452 ], [ 1.947796490170474, 50.771188292198687 ], [ 1.947827289989794, 50.771189413517334 ], [ 1.94785480305826, 50.771191548225296 ], [ 1.947883963819685, 50.771193696853892 ], [ 1.947909859294002, 50.771195837900045 ], [ 1.947937402882248, 50.771197972847752 ], [ 1.947963306992231, 50.771201155133745 ], [ 1.947987563835228, 50.771204303470022 ], [ 1.948011850773255, 50.771207472078487 ], [ 1.948032903357175, 50.7712106133487 ], [ 1.948053934064041, 50.77121479560838 ], [ 1.948073338962099, 50.771217922947287 ], [ 1.94809277395469, 50.771221070560088 ], [ 1.948110569892158, 50.771225245497149 ], [ 1.94812671814059, 50.771229406508219 ], [ 1.94813965349022, 50.77123251921244 ], [ 1.948155819434474, 50.77123874270238 ], [ 1.948173593926854, 50.771243938604279 ], [ 1.948189760299772, 50.771250142070599 ], [ 1.948207521980257, 50.771257400192304 ], [ 1.948225284086504, 50.771264638292308 ], [ 1.948243033379723, 50.771273938614428 ], [ 1.948260804134379, 50.771282217960028 ], [ 1.948280179680222, 50.77129255317211 ], [ 1.948301150961657, 50.771303923018294 ], [ 1.948322087984138, 50.771318376059099 ], [ 1.948346277503553, 50.771334898884895 ], [ 1.948372084642787, 50.771351415348846 ], [ 1.948399474719115, 50.771371028667332 ], [ 1.948428460970427, 50.771391656595561 ], [ 1.948459060683781, 50.771415381633425 ], [ 1.948491277612159, 50.771439120323869 ], [ 1.948521886027075, 50.771463886595136 ], [ 1.948554090631701, 50.771489667472558 ], [ 1.948587934326648, 50.771514421007616 ], [ 1.948620126194994, 50.771542264089874 ], [ 1.948653926223361, 50.771569099590224 ], [ 1.948687757221503, 50.771595915318933 ], [ 1.948721566810265, 50.771623752010754 ], [ 1.948756971764364, 50.7716526433422 ], [ 1.948789172884484, 50.771681507606111 ], [ 1.948821343528488, 50.771710371602701 ], [ 1.948855140055266, 50.771740290495977 ], [ 1.948885693578321, 50.771769140817241 ], [ 1.94891788205706, 50.771800067265971 ], [ 1.948948435232266, 50.771828937588367 ], [ 1.948978976075027, 50.771859850105962 ], [ 1.94900792077431, 50.771889748006473 ], [ 1.949035252017978, 50.771916548791623 ], [ 1.949059348465582, 50.771943342281993 ], [ 1.949083457722758, 50.771968073543867 ], [ 1.949104366395798, 50.771989714318131 ], [ 1.949123648806403, 50.772010320204913 ], [ 1.949141304951443, 50.772029891205214 ], [ 1.949155760495759, 50.772046371721956 ], [ 1.949170237485955, 50.772061831263684 ], [ 1.949184692628688, 50.772078331795221 ], [ 1.949199160980098, 50.772092750083431 ], [ 1.94921200263407, 50.772106153506826 ], [ 1.949224874808356, 50.772119557186251 ], [ 1.94923935596058, 50.772131913246682 ], [ 1.949250601861362, 50.772144282041488 ], [ 1.949263486832032, 50.772155623494001 ], [ 1.949276341295219, 50.772166964687479 ], [ 1.949287608647159, 50.772178312505609 ], [ 1.949300493635103, 50.77218965395376 ], [ 1.94931497440592, 50.77220203002318 ], [ 1.949329477037631, 50.772213365098978 ], [ 1.949340713898698, 50.772224712653937 ], [ 1.949355216122469, 50.772236067745396 ], [ 1.949371314553013, 50.772248437437959 ], [ 1.949384199577793, 50.77225977887624 ], [ 1.949400297602913, 50.772272168583662 ], [ 1.949416438919458, 50.772282496324642 ], [ 1.949432528297757, 50.772293844778311 ], [ 1.949450274493777, 50.7723062283657 ], [ 1.949468011615642, 50.772317590720377 ], [ 1.949485727315291, 50.772329974044709 ], [ 1.949508244865464, 50.772350587138185 ], [ 1.949543575458469, 50.772391791485532 ], [ 1.949616163266308, 50.772436213483481 ], [ 1.949683941072049, 50.772471344405041 ], [ 1.949685567379081, 50.772472379280117 ], [ 1.949772903088678, 50.77249319882322 ], [ 1.949861915350026, 50.772506844331062 ], [ 1.949952342070082, 50.772546170688202 ], [ 1.949995735051317, 50.772591507488634 ], [ 1.950026179535857, 50.772635793991057 ], [ 1.950058300950629, 50.772672886489943 ], [ 1.950116484529135, 50.772692578900369 ], [ 1.950190931834027, 50.772705140238472 ], [ 1.95027822127586, 50.772731104832729 ], [ 1.950337925270545, 50.772764165031489 ], [ 1.950391319346016, 50.772773585375148 ], [ 1.950434975082683, 50.77278604711303 ], [ 1.950487676125527, 50.772883821287031 ], [ 1.950551570113895, 50.77300525637451 ], [ 1.950569129842085, 50.773038201412547 ], [ 1.950646416023567, 50.773103165489914 ], [ 1.950712636929653, 50.773131114592779 ], [ 1.950701896570742, 50.773260550158227 ], [ 1.950673461609918, 50.773376561573897 ], [ 1.950715335580156, 50.773408530191624 ], [ 1.950760659222159, 50.773412796600397 ], [ 1.950994355512157, 50.773367272588288 ], [ 1.951020185971155, 50.773382767482005 ], [ 1.9510086521585, 50.773407398173042 ], [ 1.95095003695797, 50.773443185133488 ], [ 1.95093669582219, 50.773491427223775 ], [ 1.950919954698724, 50.773559182687364 ], [ 1.950942089337101, 50.773630149013179 ], [ 1.950993660898621, 50.773668326151451 ], [ 1.951042203864563, 50.773677725337414 ], [ 1.951093841804059, 50.773702547937241 ], [ 1.951129834669014, 50.773868077414193 ], [ 1.951126540640912, 50.773875257782237 ], [ 1.951034654556919, 50.774021889632934 ], [ 1.950884679140784, 50.774135475173786 ], [ 1.950853739295084, 50.774156958915995 ], [ 1.950613695199874, 50.774391502080256 ], [ 1.950522280832019, 50.774480592639947 ], [ 1.950518990297056, 50.774484689543634 ], [ 1.950345475009958, 50.774709160980123 ], [ 1.950357404916013, 50.774841750700311 ], [ 1.950359009900309, 50.774843806531699 ], [ 1.950424455094534, 50.774971421323855 ], [ 1.9505563988969, 50.775092048167068 ], [ 1.950680484259117, 50.775182835111806 ], [ 1.950736816307903, 50.775231303912726 ], [ 1.950771900286123, 50.77530334030947 ], [ 1.950771051270282, 50.775412255653343 ], [ 1.950739046363099, 50.77557038401379 ], [ 1.950664966502093, 50.775719127532362 ], [ 1.950584943816747, 50.775799023555429 ], [ 1.950469393156868, 50.775864424046162 ], [ 1.950396177842371, 50.775899126469497 ], [ 1.950487866159806, 50.775987758215784 ], [ 1.950575841554779, 50.776137026744458 ], [ 1.950622882344805, 50.776337528062058 ], [ 1.950620715467972, 50.776616983638583 ], [ 1.950630873149739, 50.77677010106035 ], [ 1.950643222812201, 50.776849253886738 ], [ 1.950710613888478, 50.776933716069188 ], [ 1.950739322397038, 50.77699544703966 ], [ 1.950714407577747, 50.777074485974559 ], [ 1.950615928969086, 50.777232414031531 ], [ 1.950511454008409, 50.777332766906163 ], [ 1.950403944201442, 50.777400257265704 ], [ 1.950250956088056, 50.777488127344419 ], [ 1.950177518730603, 50.777553662280646 ], [ 1.95013481668457, 50.777626484244173 ], [ 1.950108421701204, 50.777682905164696 ], [ 1.950084891034959, 50.77779483243242 ], [ 1.950107039105096, 50.777863736245649 ], [ 1.950161459691726, 50.777948149275367 ], [ 1.950325569949712, 50.778102784811168 ], [ 1.950639255281171, 50.777984573792487 ], [ 1.951327512486511, 50.777630209456611 ], [ 1.951406483588437, 50.777687978655926 ], [ 1.95082229295849, 50.777996448041989 ], [ 1.950760508886892, 50.778022977659177 ], [ 1.950753873337582, 50.778042483656002 ], [ 1.950803776371609, 50.778084751118001 ], [ 1.950973374886493, 50.778158241042405 ], [ 1.951172261054363, 50.778216400012766 ], [ 1.951340246717897, 50.778286792373486 ], [ 1.951580915852822, 50.778390272976338 ], [ 1.95175528882332, 50.778471991160984 ], [ 1.952319222103842, 50.778686432872462 ], [ 1.952469551551231, 50.778737233290968 ], [ 1.952621439439616, 50.778795254699467 ], [ 1.952807191068431, 50.778875965829897 ], [ 1.952975143785437, 50.778952522501022 ], [ 1.95310265824512, 50.779018667629785 ], [ 1.953144395238609, 50.779069154672179 ], [ 1.95326548967233, 50.779127056475055 ], [ 1.953475596920689, 50.779200663146128 ], [ 1.953669386074984, 50.77929271308512 ], [ 1.953814667686546, 50.779366114703265 ], [ 1.953924527088575, 50.779409605412127 ], [ 1.95401356535634, 50.779421185613657 ], [ 1.954086452693665, 50.779428585547215 ], [ 1.954158962165658, 50.779483275130985 ], [ 1.954255315420072, 50.77959761138986 ], [ 1.954338576232794, 50.779729397211298 ], [ 1.954355927657445, 50.779790070575466 ], [ 1.954404251495667, 50.779829259757996 ], [ 1.954505990395531, 50.779875805201584 ], [ 1.9548470329074, 50.779993997472012 ], [ 1.954974765720176, 50.780032391377262 ], [ 1.955058985964355, 50.780040886969331 ], [ 1.955118927097446, 50.780044153129687 ], [ 1.955168839144761, 50.780083335300425 ], [ 1.955197529885963, 50.780149189345259 ], [ 1.955245845527129, 50.780187356962813 ], [ 1.955312183225636, 50.780202970431425 ], [ 1.95546256031128, 50.780244537153457 ], [ 1.955572336694461, 50.780302401676288 ], [ 1.955733914428182, 50.780364544884812 ], [ 1.955848519225528, 50.780426554228839 ], [ 1.955940712136794, 50.78044943205466 ], [ 1.956031379417027, 50.780462045577103 ], [ 1.956335885780395, 50.780482498517756 ], [ 1.956650100856914, 50.780510180048836 ], [ 1.956832952687395, 50.780544648999346 ], [ 1.957054778337607, 50.780572055921425 ], [ 1.957304003268973, 50.780619053515451 ], [ 1.957441512737449, 50.780651319780745 ], [ 1.957514285198769, 50.780673132795194 ], [ 1.957684233943473, 50.780701385625164 ], [ 1.957841265737142, 50.780725505609915 ], [ 1.957946407367385, 50.780752534827549 ], [ 1.957883515134475, 50.780709180652394 ], [ 1.957569755003595, 50.780622940735597 ], [ 1.957513364129756, 50.780579620773132 ], [ 1.957193899159165, 50.780393700935242 ], [ 1.957163314311391, 50.780365873988856 ], [ 1.957106862635842, 50.780332824774661 ], [ 1.957082641384561, 50.780320408250262 ], [ 1.956953442631455, 50.780261441308916 ], [ 1.956903378751261, 50.780239718093846 ], [ 1.956835518284811, 50.780210737811089 ], [ 1.956782176577444, 50.780191049382914 ], [ 1.956706190646756, 50.780168227893064 ], [ 1.956618826612834, 50.780149455628994 ], [ 1.956547610796598, 50.780137946601279 ], [ 1.956461784732201, 50.780127396280541 ], [ 1.956324157390933, 50.780112587397475 ], [ 1.956220518738491, 50.780099945418769 ], [ 1.956060254335366, 50.780075816262524 ], [ 1.955882223754748, 50.780044449989241 ], [ 1.95573011548998, 50.780014181872389 ], [ 1.955633024743203, 50.779996408530039 ], [ 1.955461499236171, 50.779961972725822 ], [ 1.955442090488803, 50.779958846578495 ], [ 1.955406491187935, 50.77995049890562 ], [ 1.955228532491563, 50.779909881955469 ], [ 1.95506188167755, 50.779874445335629 ], [ 1.954971265460376, 50.779853602321133 ], [ 1.954938943875943, 50.779843239742945 ], [ 1.954816132532026, 50.779798680167097 ], [ 1.954770880179123, 50.77977901872076 ], [ 1.954748295197168, 50.779768677766462 ], [ 1.954709581320652, 50.779742864255411 ], [ 1.954654941498139, 50.779683099223249 ], [ 1.954624484850245, 50.779641917760571 ], [ 1.954586005907445, 50.779587334022089 ], [ 1.954526754772689, 50.77949263118812 ], [ 1.954475492668161, 50.779414393733092 ], [ 1.954433741479821, 50.779365969362878 ], [ 1.95437255184186, 50.779314398382958 ], [ 1.954328997919847, 50.779286521820104 ], [ 1.954303190522077, 50.779274111426055 ], [ 1.954267625387303, 50.779262700275119 ], [ 1.954194822058826, 50.779243988500063 ], [ 1.954112288575393, 50.779229339575508 ], [ 1.954060516518527, 50.779217892324006 ], [ 1.954008778827464, 50.779203341868659 ], [ 1.953955417962304, 50.779184673163066 ], [ 1.953897271850113, 50.779159837373605 ], [ 1.953852050952852, 50.779140175831046 ], [ 1.953813300251874, 50.779120548619318 ], [ 1.95374229744743, 50.779084352129686 ], [ 1.953626080478413, 50.779022347147766 ], [ 1.95359866240311, 50.77900377618667 ], [ 1.953585793024865, 50.778994477738635 ], [ 1.953516519745775, 50.778939814972006 ], [ 1.953437612572056, 50.778875860871196 ], [ 1.953395710939616, 50.778844914395599 ], [ 1.953361835115011, 50.77882426682504 ], [ 1.953289147277913, 50.778794242812076 ], [ 1.953237413702042, 50.778776608605668 ], [ 1.953109722864285, 50.778732046260082 ], [ 1.952991734988425, 50.778690568741219 ], [ 1.952919000949342, 50.778665689873876 ], [ 1.952891567646871, 50.778652244352536 ], [ 1.952809333210905, 50.778598573373742 ], [ 1.95272235567907, 50.77852944517597 ], [ 1.952648365182122, 50.778455240358497 ], [ 1.952580959643218, 50.778369758197833 ], [ 1.95254582076294, 50.778305951438995 ], [ 1.952518710960917, 50.778249360223889 ], [ 1.952499655487496, 50.778195860152707 ], [ 1.952466466628239, 50.778089942569444 ], [ 1.952453974202128, 50.778026206170217 ], [ 1.952444878392743, 50.777946019880957 ], [ 1.952439210234765, 50.777839152491836 ], [ 1.952435156407576, 50.77773536210227 ], [ 1.952434035471845, 50.7776737235952 ], [ 1.952436216050063, 50.777598717847638 ], [ 1.952441754818326, 50.777513468833767 ], [ 1.952448691526489, 50.777451838039624 ], [ 1.952458856392528, 50.777396381294928 ], [ 1.952467201478335, 50.777366618061087 ], [ 1.952495361492478, 50.777285523802163 ], [ 1.952534895753205, 50.777203464038685 ], [ 1.952572803785835, 50.777120349403262 ], [ 1.952581207631027, 50.777083398581574 ], [ 1.9525796151248, 50.777079280578739 ], [ 1.95278935934538, 50.776987460098205 ], [ 1.952912910091647, 50.776936460941705 ], [ 1.953090141361178, 50.776860985125182 ], [ 1.953188743237948, 50.776895191717841 ], [ 1.953290654811724, 50.776917092220003 ], [ 1.953483310709235, 50.776940296095503 ], [ 1.953732597693201, 50.776976009122912 ], [ 1.953933468645622, 50.776985866290467 ], [ 1.954069617156096, 50.776986289411468 ], [ 1.954158709795945, 50.776990681980969 ], [ 1.954234726626926, 50.777007358548872 ], [ 1.954344615121466, 50.777047765868311 ], [ 1.954420424381838, 50.777096296301181 ], [ 1.954489779821926, 50.77713964673557 ], [ 1.954565558845545, 50.777188176817177 ], [ 1.954614034754364, 50.777206824336368 ], [ 1.954714330210704, 50.777228710082277 ], [ 1.954931228933897, 50.77726328776523 ], [ 1.95509644458569, 50.777272022805697 ], [ 1.955209967305465, 50.77726414567762 ], [ 1.955437080637631, 50.777231973275491 ], [ 1.955868664406873, 50.777164453981669 ], [ 1.956201122128237, 50.777131581899461 ], [ 1.956447506293418, 50.777125137895247 ], [ 1.956708198740541, 50.777152671267245 ], [ 1.95691051037703, 50.777187183321118 ], [ 1.957060689368396, 50.777255456642628 ], [ 1.957238286847143, 50.777342320008493 ], [ 1.957469307008625, 50.777437559369218 ], [ 1.95763740637259, 50.777492526949842 ], [ 1.957784606686167, 50.777530981037103 ], [ 1.957959268456485, 50.777575711580091 ], [ 1.958163221307578, 50.77760921414967 ], [ 1.958365679405131, 50.777622160867288 ], [ 1.958693087594744, 50.777614928666175 ], [ 1.959119325548377, 50.777612125982706 ], [ 1.959506494527571, 50.777632842021752 ], [ 1.959908033566689, 50.777680286704232 ], [ 1.960221979881866, 50.777737770599401 ], [ 1.960663540059144, 50.777851100451009 ], [ 1.960876830356466, 50.777931889330226 ], [ 1.961052925862873, 50.778003317306919 ], [ 1.961161146582039, 50.778050912636054 ], [ 1.961219328487805, 50.778072661906442 ], [ 1.961287316126467, 50.778085202567489 ], [ 1.961345686211158, 50.77808024346399 ], [ 1.96139130386694, 50.778048528129503 ], [ 1.961446848618164, 50.777987042186901 ], [ 1.961555767425784, 50.777942179535664 ], [ 1.961792264328068, 50.777959328971107 ], [ 1.961931468831496, 50.777980291923306 ], [ 1.962180118572123, 50.77810023683903 ], [ 1.962438632874054, 50.778203764986991 ], [ 1.962913848326562, 50.778369605599771 ], [ 1.963308487649122, 50.778473544951041 ], [ 1.963733776080612, 50.778595037473096 ], [ 1.963850248994047, 50.778623117195991 ], [ 1.963960079376132, 50.778672765695191 ], [ 1.964153852457604, 50.778767882568239 ], [ 1.964381265357774, 50.778914476146518 ], [ 1.964600540349622, 50.77906204274953 ], [ 1.964666635601346, 50.779111567112395 ], [ 1.964865417830633, 50.779183058021871 ], [ 1.965104777760524, 50.779249539942597 ], [ 1.965208314475789, 50.779274507463306 ], [ 1.965354039596722, 50.779290354937991 ], [ 1.965532106642228, 50.779318624543507 ], [ 1.966068973238277, 50.779475394236897 ], [ 1.966717431582936, 50.779666384903351 ], [ 1.966877391580968, 50.779730562495509 ], [ 1.966937162251748, 50.779755405626879 ], [ 1.967130179417327, 50.779951203646704 ], [ 1.967245384349797, 50.780151882015545 ], [ 1.967277364658349, 50.780208490097834 ], [ 1.967337800743477, 50.780363823957089 ], [ 1.967358299035538, 50.780439918581457 ], [ 1.96739684026772, 50.780486269534272 ], [ 1.967453293749682, 50.780525480906888 ], [ 1.967576210503919, 50.780556673864673 ], [ 1.967663657543725, 50.780567209913634 ], [ 1.967968304102157, 50.780572218357449 ], [ 1.968120352807807, 50.78061172124039 ], [ 1.968252923727364, 50.780657329502795 ], [ 1.968424153412333, 50.780731809734164 ], [ 1.968485430347847, 50.780771040558584 ], [ 1.968569208013459, 50.780841151935228 ], [ 1.968919844094714, 50.781200773335215 ], [ 1.969410408353931, 50.781705672132553 ], [ 1.969619730485118, 50.781890207874405 ], [ 1.969906673159619, 50.782101694655061 ], [ 1.970071293589464, 50.78219361716318 ], [ 1.970193018578575, 50.782391262495167 ], [ 1.970390864888798, 50.782595283530867 ], [ 1.970742186601484, 50.782863442788241 ], [ 1.970963032818043, 50.783025405981725 ], [ 1.971106732622923, 50.783098793672721 ], [ 1.971316972217549, 50.783162079135188 ], [ 1.971439883650921, 50.783198413749382 ], [ 1.971538398218389, 50.783246980512381 ], [ 1.971615319310871, 50.783367428770894 ], [ 1.971746954395545, 50.783536322041854 ], [ 1.971787070761418, 50.783593976895659 ], [ 1.971862832048197, 50.783647621301093 ], [ 1.971966301438334, 50.783683894923335 ], [ 1.972050442213227, 50.783702629615476 ], [ 1.972090889115895, 50.783713014680011 ], [ 1.972152261453581, 50.783741972872583 ], [ 1.972197449048418, 50.783766772971632 ], [ 1.972240609869138, 50.783850121234011 ], [ 1.972259567331686, 50.783916951607608 ], [ 1.972267438765175, 50.783949852968966 ], [ 1.972444060211016, 50.784174357838502 ], [ 1.972642420281709, 50.784309542619326 ], [ 1.97227309753676, 50.784280706179509 ], [ 1.972066900054918, 50.784109536296071 ], [ 1.97195561225845, 50.784036257302262 ], [ 1.971802058527462, 50.783977245374018 ], [ 1.971656486569126, 50.783939823025413 ], [ 1.971497855216899, 50.783909560683419 ], [ 1.971454341606146, 50.783877586195516 ], [ 1.971430227434852, 50.78385079752011 ], [ 1.971440374500723, 50.783792276381341 ], [ 1.971383729125719, 50.783782858507315 ], [ 1.971249390995444, 50.78375882320956 ], [ 1.97107625909654, 50.783718249206537 ], [ 1.970922548154188, 50.783681819892571 ], [ 1.970788336905835, 50.783638283514257 ], [ 1.970657403890651, 50.783592691779241 ], [ 1.970500683707175, 50.783527485166687 ], [ 1.970361700234085, 50.783472616327806 ], [ 1.970201963550212, 50.783374547949684 ], [ 1.970113314714764, 50.783306459989269 ], [ 1.970021759733752, 50.78319419892712 ], [ 1.969930329871706, 50.783065500566273 ], [ 1.969801527636531, 50.782952110226041 ], [ 1.969728793432986, 50.78292209573884 ], [ 1.969696377843061, 50.782921987681327 ], [ 1.969690316530175, 50.782866495974091 ], [ 1.96964400558383, 50.782771828055381 ], [ 1.969563771850717, 50.782665767019274 ], [ 1.969471755270841, 50.782613087785144 ], [ 1.96936330906711, 50.782596332529977 ], [ 1.969191559853848, 50.782589664888491 ], [ 1.969008489483717, 50.782579859883789 ], [ 1.968744516620724, 50.782551344503588 ], [ 1.968537265923088, 50.78252399926037 ], [ 1.968390052148329, 50.782486579379437 ], [ 1.968236549888329, 50.782425500980445 ], [ 1.968091055888572, 50.782375761282594 ], [ 1.967914743461741, 50.782326947258362 ], [ 1.967807892736364, 50.782314288397622 ], [ 1.96754368300358, 50.782316582727994 ], [ 1.967303752584264, 50.782327166871497 ], [ 1.967138335301263, 50.782342092850179 ], [ 1.966956575599816, 50.782372360217387 ], [ 1.966802344739313, 50.782405799037619 ], [ 1.966714649544947, 50.782432261500205 ], [ 1.966574972650438, 50.782471907585894 ], [ 1.966425579572873, 50.782510511789276 ], [ 1.966320004520724, 50.782541010194883 ], [ 1.966180557378501, 50.782548822367673 ], [ 1.966112550369505, 50.782538346651933 ], [ 1.966065727837982, 50.782514571846441 ], [ 1.966012551317273, 50.782473304872745 ], [ 1.965878906432269, 50.78235989009675 ], [ 1.965767805635207, 50.782261939405863 ], [ 1.965634200459423, 50.782139274365903 ], [ 1.965481029496223, 50.782029901547631 ], [ 1.965327808437428, 50.781931840684528 ], [ 1.965213257232304, 50.781860610503578 ], [ 1.965098644238282, 50.781802714529235 ], [ 1.964998439875799, 50.781765441033635 ], [ 1.964891560566385, 50.781752779407242 ], [ 1.96480401891298, 50.781755595516088 ], [ 1.964722908999652, 50.781767695314855 ], [ 1.96467407889016, 50.781795280420219 ], [ 1.964625179430507, 50.781832115220858 ], [ 1.964563006389743, 50.781910025432644 ], [ 1.964520366976982, 50.781977706504065 ], [ 1.964435425075021, 50.782065798809114 ], [ 1.964353961631462, 50.782120022280822 ], [ 1.96431982320739, 50.782135335658211 ], [ 1.964194919056396, 50.782151395619799 ], [ 1.964130389955932, 50.78211009342477 ], [ 1.964153354955883, 50.78207420435708 ], [ 1.964147266586228, 50.782021795463592 ], [ 1.964128251693102, 50.781964193361404 ], [ 1.964059484285939, 50.781838642156401 ], [ 1.963926276625917, 50.781664601291865 ], [ 1.963742841754773, 50.781488360213331 ], [ 1.963620516686481, 50.781377019204506 ], [ 1.963528840791549, 50.781283252492102 ], [ 1.963417469319908, 50.781222278422618 ], [ 1.963029055117567, 50.78115124847379 ], [ 1.962974059097604, 50.781134632409199 ], [ 1.962713239025486, 50.781119465211468 ], [ 1.962604801194773, 50.781099620624808 ], [ 1.962326117522287, 50.781093634162332 ], [ 1.962398989825492, 50.781098986782681 ], [ 1.962655995837694, 50.781189166456407 ], [ 1.962948351110857, 50.781320525558982 ], [ 1.963216366231775, 50.781456967136755 ], [ 1.963429199170359, 50.781603500432411 ], [ 1.963570873767107, 50.781728257416212 ], [ 1.963742848858985, 50.781919880522452 ], [ 1.963805183552597, 50.782036168110736 ], [ 1.963819783288097, 50.78225094836894 ], [ 1.963774914938327, 50.782396717459534 ], [ 1.963743978740169, 50.782415100710267 ], [ 1.963704651726341, 50.782474579882454 ], [ 1.963710820923608, 50.782515696883571 ], [ 1.96370590120746, 50.782521842813921 ], [ 1.963793221339132, 50.782551902172656 ], [ 1.963892990323119, 50.782428914809337 ], [ 1.963899575842606, 50.78241455358399 ], [ 1.964008605218365, 50.782357336214915 ], [ 1.964120926650125, 50.782292958144247 ], [ 1.964311101947859, 50.78221749456268 ], [ 1.964558066493296, 50.782133993518599 ], [ 1.964755944322183, 50.782114034968295 ], [ 1.964953761743665, 50.782104367047516 ], [ 1.965073595886077, 50.782114993909907 ], [ 1.965120450814532, 50.782135685949875 ], [ 1.965197769910904, 50.782200640107661 ], [ 1.965309205902883, 50.782251321553623 ], [ 1.965427188555736, 50.782296891550182 ], [ 1.965610041258293, 50.782333389698863 ], [ 1.965736293730123, 50.782358425195824 ], [ 1.96584596283361, 50.782429654320566 ], [ 1.9659310839879, 50.782533676132758 ], [ 1.966051994480204, 50.782619314322041 ], [ 1.966160137158623, 50.782680259045733 ], [ 1.966279912957182, 50.782701175674724 ], [ 1.966406423705332, 50.782687169236354 ], [ 1.966590021304429, 50.782627104805542 ], [ 1.966811037138552, 50.782546587542718 ], [ 1.967080639473009, 50.782472399557236 ], [ 1.967184575297149, 50.782442908045518 ], [ 1.967359857656219, 50.782408502086817 ], [ 1.967462047130974, 50.782398537575631 ], [ 1.967593260722028, 50.782405091741197 ], [ 1.967704903215502, 50.782431105307694 ], [ 1.967839027830006, 50.782485956986442 ], [ 1.967950258532251, 50.782567468575259 ], [ 1.968041819729458, 50.782677669073905 ], [ 1.968112492570695, 50.782763169127698 ], [ 1.968191254690839, 50.782848676098716 ], [ 1.968278166758661, 50.782934210496158 ], [ 1.968403845691458, 50.783030137204427 ], [ 1.968608909206327, 50.783135551193361 ], [ 1.968736806724227, 50.783156472639511 ], [ 1.968822610044905, 50.78316701420291 ], [ 1.968940836562979, 50.783181748564061 ], [ 1.969060480656257, 50.78321805848141 ], [ 1.969385518263952, 50.783318698080464 ], [ 1.969660362664565, 50.783410952615277 ], [ 1.969794461524879, 50.783465801855613 ], [ 1.969921927014573, 50.783546324603442 ], [ 1.970109445367562, 50.783611606501331 ], [ 1.970364907800357, 50.78369352781808 ], [ 1.970617144580783, 50.783776483102478 ], [ 1.970822603326032, 50.783827436162539 ], [ 1.970971600066694, 50.783842262724072 ], [ 1.971059166427927, 50.783838401313318 ], [ 1.971217846314107, 50.783857372104904 ], [ 1.971360055937003, 50.783914288834666 ], [ 1.971445518989516, 50.783974140408027 ], [ 1.971517817483092, 50.784059631707237 ], [ 1.971602986033458, 50.784160566244857 ], [ 1.971673859184478, 50.784220377216357 ], [ 1.97179192024408, 50.784256691365243 ], [ 1.971935829056838, 50.784302308890204 ], [ 1.972109066282515, 50.784327485456608 ], [ 1.972361751444721, 50.784348772484641 ], [ 1.972491418344753, 50.78434916185217 ], [ 1.972578749198937, 50.784376131574938 ], [ 1.972802356285817, 50.784381920863815 ], [ 1.972982030492889, 50.784413276095705 ], [ 1.97312278208967, 50.784450677117078 ], [ 1.973237613548738, 50.784480816429301 ], [ 1.973316823400384, 50.784510842113718 ], [ 1.973415421420738, 50.784548115446952 ], [ 1.973548021155821, 50.784588592242969 ], [ 1.973592217722865, 50.784751056003202 ], [ 1.973714941832911, 50.78481613851411 ], [ 1.973868537462425, 50.784865898080547 ], [ 1.974125132392637, 50.785019740326703 ], [ 1.974160661698919, 50.785036291035944 ], [ 1.974138713074407, 50.78515540215448 ], [ 1.974152582351613, 50.785256147715295 ], [ 1.974190696098502, 50.785361057382843 ], [ 1.974206632809547, 50.785401172886154 ], [ 1.974273682180451, 50.785539037048103 ], [ 1.974339358238042, 50.785647116923968 ], [ 1.974411673681399, 50.785733627535556 ], [ 1.974472926613667, 50.785779021646761 ], [ 1.974537527256827, 50.785810027365386 ], [ 1.974598927052365, 50.785834859897342 ], [ 1.974689485628058, 50.785863896886845 ], [ 1.974757419787021, 50.785885679715356 ], [ 1.974839947235358, 50.785904419161071 ], [ 1.974899775711605, 50.785921029533206 ], [ 1.974925645196527, 50.785929331442951 ], [ 1.974970869186494, 50.785951027298154 ], [ 1.975059673665393, 50.786001633411814 ], [ 1.975137025032763, 50.786061455472279 ], [ 1.975188527865221, 50.786111954676393 ], [ 1.975246458375838, 50.786167592369942 ], [ 1.975318933386331, 50.786231518743065 ], [ 1.975331827885352, 50.786242857257939 ], [ 1.97535281156889, 50.786254222293344 ], [ 1.975475555436342, 50.78631415735498 ], [ 1.975598343072685, 50.786368987011599 ], [ 1.975721110486305, 50.786424817479165 ], [ 1.975816378476433, 50.786474415001869 ], [ 1.975855108436545, 50.786500221692265 ], [ 1.975882429849939, 50.78653007911182 ], [ 1.975940245620618, 50.786606298207673 ], [ 1.975961072634777, 50.786640246766041 ], [ 1.975978688490446, 50.786667021023455 ], [ 1.976014050963656, 50.786708216971824 ], [ 1.976035023319548, 50.786721644063796 ], [ 1.976072203084317, 50.7867381877208 ], [ 1.976136840565535, 50.786763026046494 ], [ 1.97617725577259, 50.786779596274407 ], [ 1.976207956868615, 50.786792002112797 ], [ 1.976277466821657, 50.786818922677092 ], [ 1.97636638916113, 50.786848986078404 ], [ 1.976432732632675, 50.786863566938798 ], [ 1.976524958454445, 50.786884367131691 ], [ 1.976594533782685, 50.786905121248431 ], [ 1.976626841099418, 50.786919602455846 ], [ 1.976654250756336, 50.786939209100531 ], [ 1.97667350607453, 50.786964955569324 ], [ 1.976686280578897, 50.786989647669444 ], [ 1.976711825608108, 50.787045198630352 ], [ 1.976730958510639, 50.787087382205691 ], [ 1.976737383940358, 50.787095624038436 ], [ 1.976739011281377, 50.787096658537529 ], [ 1.976816556265867, 50.78713077267173 ], [ 1.976873125766707, 50.787154583238078 ], [ 1.976887652197288, 50.787160789306988 ], [ 1.976911914595827, 50.787170098702106 ], [ 1.976966912631645, 50.787185667239598 ], [ 1.976997636629695, 50.787193988557277 ], [ 1.977021954441579, 50.787196110460975 ], [ 1.977049510058118, 50.787195155537866 ], [ 1.977132264358666, 50.787182040148842 ], [ 1.97721018795042, 50.78716480052254 ], [ 1.977283257566782, 50.787147561024277 ], [ 1.977330390076751, 50.787131249722364 ], [ 1.977370987923935, 50.78711800817937 ], [ 1.977409921975007, 50.787112982032134 ], [ 1.97749580852397, 50.787118372499947 ], [ 1.977562175501763, 50.787128848415335 ], [ 1.977591291522027, 50.78713817750922 ], [ 1.977623555599069, 50.787157783745208 ], [ 1.977646077836221, 50.787183536851806 ], [ 1.977668470206979, 50.78722162248274 ], [ 1.977694062063403, 50.787268964549199 ], [ 1.97772771897596, 50.787323500675321 ], [ 1.977762995205385, 50.787374986704926 ], [ 1.977832172890184, 50.787448134583052 ], [ 1.977922448418597, 50.787515168662758 ], [ 1.978040277663205, 50.787584350928583 ], [ 1.978237315381835, 50.787682534284421 ], [ 1.978390800449716, 50.787751808546872 ], [ 1.97848934147633, 50.787798347341727 ], [ 1.978589444181887, 50.787855130130936 ], [ 1.978655635365674, 50.787889230016837 ], [ 1.978757477583112, 50.787929608850632 ], [ 1.97902580534179, 50.788032099642955 ], [ 1.979331274024144, 50.78815319441609 ], [ 1.979476761775167, 50.788209087062071 ], [ 1.979543052938331, 50.788230853696071 ], [ 1.979737203945942, 50.788280737765383 ], [ 1.979999374912485, 50.788338006232735 ], [ 1.980125683837057, 50.78835686041748 ], [ 1.98023257178803, 50.788368467628587 ], [ 1.980647201313924, 50.788413848731977 ], [ 1.980862605220306, 50.788438096608743 ], [ 1.981214079719295, 50.788477112478219 ], [ 1.981143003180916, 50.788439930681967 ], [ 1.981105872200853, 50.788422347858415 ], [ 1.980952328254816, 50.788357181091165 ], [ 1.980911919513575, 50.78834165367298 ], [ 1.980810038520761, 50.788310546527569 ], [ 1.980709667865913, 50.78829072406176 ], [ 1.98059310637793, 50.788272931345986 ], [ 1.980499194381488, 50.788258267200455 ], [ 1.980366413800142, 50.788239400442158 ], [ 1.980280610453065, 50.788226824752122 ], [ 1.980159144314676, 50.788210032607033 ], [ 1.980032855166002, 50.788193220858673 ], [ 1.979961592007452, 50.78818172510411 ], [ 1.979862891022284, 50.788160894501139 ], [ 1.979751240963415, 50.788132829877476 ], [ 1.979591116076316, 50.788085106724232 ], [ 1.97945041599881, 50.78803846357706 ], [ 1.9793825397681, 50.788013600498914 ], [ 1.97926618104933, 50.787964974241497 ], [ 1.978970455096319, 50.787837752316982 ], [ 1.978721650087417, 50.787727092314164 ], [ 1.978600484582777, 50.787670236959229 ], [ 1.978510040477979, 50.787627849164366 ], [ 1.978406682039484, 50.787572060701464 ], [ 1.978330831766749, 50.787526629013293 ], [ 1.978274392397165, 50.787487423234268 ], [ 1.978205112860234, 50.787429691764281 ], [ 1.978108501005873, 50.78734106213976 ], [ 1.978045749142444, 50.787276136147256 ], [ 1.977994251489505, 50.78722667943638 ], [ 1.977945957705466, 50.787180292352211 ], [ 1.977908908758484, 50.787148333351311 ], [ 1.977881498086838, 50.78712874700738 ], [ 1.977831466208406, 50.787095720348638 ], [ 1.977778185450284, 50.787067812669605 ], [ 1.977747483796079, 50.7870554072232 ], [ 1.977718389064759, 50.787045037191284 ], [ 1.977655303595055, 50.787026359226239 ], [ 1.977608372005767, 50.78701492170309 ], [ 1.977590598112155, 50.787010771348598 ], [ 1.977561447730941, 50.787007608769947 ], [ 1.977514428392936, 50.787006441816288 ], [ 1.977451197969057, 50.787008305207912 ], [ 1.977375012707689, 50.787012204536779 ], [ 1.977302021498671, 50.787018152282606 ], [ 1.977256627530927, 50.787021103107342 ], [ 1.977229041900746, 50.787022037807048 ], [ 1.977115575188655, 50.787024789820883 ], [ 1.97703939186448, 50.787025605560594 ], [ 1.976984283217704, 50.78702441199421 ], [ 1.976943798114337, 50.787020195086754 ], [ 1.976903380462628, 50.787006708497337 ], [ 1.976877523325029, 50.786993281467794 ], [ 1.976864658805374, 50.786981943376489 ], [ 1.976850212709683, 50.786961362108606 ], [ 1.97683903535652, 50.786937684252699 ], [ 1.97683111628103, 50.786909928641357 ], [ 1.976821600401099, 50.786881138780736 ], [ 1.976815295440693, 50.786859543209246 ], [ 1.976804106480864, 50.786837927525589 ], [ 1.97679288500464, 50.786819394974216 ], [ 1.97677191199517, 50.786805988030494 ], [ 1.976752522561292, 50.786798740876868 ], [ 1.976737954491011, 50.786794576698462 ], [ 1.976708783408149, 50.786792434874108 ], [ 1.97667154394387, 50.786789245652187 ], [ 1.976603526966334, 50.786781859114349 ], [ 1.976546855944199, 50.786773484603238 ], [ 1.976496689468169, 50.786762020064231 ], [ 1.976459497885392, 50.786747538713875 ], [ 1.976432065496753, 50.786732036360711 ], [ 1.976388534619814, 50.786702125911582 ], [ 1.976364351344016, 50.786681504574283 ], [ 1.976338592180716, 50.786658828022716 ], [ 1.976330560443655, 50.786648530703864 ], [ 1.976320999057398, 50.78662794947509 ], [ 1.976301556311941, 50.786624806339091 ], [ 1.976203421794462, 50.786522807832782 ], [ 1.976092458094558, 50.786403304530168 ], [ 1.976027723790795, 50.786387695556606 ], [ 1.975940452727363, 50.786354562061064 ], [ 1.975895575330184, 50.786284576112415 ], [ 1.975843904562675, 50.786255659670438 ], [ 1.975497053728453, 50.786255669470357 ], [ 1.975404751296812, 50.786246140300449 ], [ 1.975328840114778, 50.786206892985859 ], [ 1.975327523952647, 50.786166817913049 ], [ 1.975319750103235, 50.786121584057142 ], [ 1.975350932716874, 50.78606722034182 ], [ 1.975424272689421, 50.786009899864652 ], [ 1.975487601829458, 50.785995704697712 ], [ 1.975570218326984, 50.786004153018737 ], [ 1.975594683415492, 50.785982650326154 ], [ 1.975575474995084, 50.785948694962904 ], [ 1.975669852051822, 50.785898615218407 ], [ 1.975681174831811, 50.785901731705025 ], [ 1.9757620081247, 50.785928685689399 ], [ 1.9758508500701, 50.785970041326038 ], [ 1.97586539692856, 50.785975226569256 ], [ 1.975933243639862, 50.786007279372519 ], [ 1.976007550648529, 50.786041387476267 ], [ 1.976128755142597, 50.786090036804168 ], [ 1.976196623069571, 50.786121068502709 ], [ 1.976232131322746, 50.786141702918783 ], [ 1.976335442198959, 50.786199555235889 ], [ 1.976390283843373, 50.786234644327827 ], [ 1.976438719150556, 50.786263553967359 ], [ 1.976459703093995, 50.786274918816147 ], [ 1.976496852145236, 50.786291462106625 ], [ 1.97654859244548, 50.786308045229589 ], [ 1.976613361360066, 50.786317487410997 ], [ 1.976692767721137, 50.786318740681615 ], [ 1.976790010305429, 50.786321081510366 ], [ 1.97700225746399, 50.78633197556605 ], [ 1.977104340313563, 50.786339461550895 ], [ 1.97720638104242, 50.786349009382086 ], [ 1.977345659025, 50.786364829549889 ], [ 1.977460618106869, 50.786381591114036 ], [ 1.977582025155154, 50.786402510045818 ], [ 1.977679113708437, 50.7864243504348 ], [ 1.97785547287566, 50.786469045998672 ], [ 1.977968670935761, 50.78650329194047 ], [ 1.977997754216361, 50.786515704083889 ], [ 1.978033263082545, 50.786536357993192 ], [ 1.978109066034643, 50.786589998613138 ], [ 1.97818643162511, 50.786650839933714 ], [ 1.978233185810909, 50.786685901852636 ], [ 1.978294443372302, 50.786731294020292 ], [ 1.97834928506421, 50.786769465607016 ], [ 1.97838798603538, 50.786795271248387 ], [ 1.978467048297834, 50.786844813815911 ], [ 1.978525158459566, 50.786879908708684 ], [ 1.978617205866582, 50.786927435354485 ], [ 1.978697964123703, 50.786965699223352 ], [ 1.978778810441378, 50.78699367241277 ], [ 1.978856455321419, 50.787015472517027 ], [ 1.978955184152693, 50.78703630420322 ], [ 1.979052318065688, 50.787053018208105 ], [ 1.979118696833096, 50.78706143111669 ], [ 1.979198048963772, 50.787069890279888 ], [ 1.979241802479663, 50.787071029825178 ], [ 1.979274241605071, 50.787070114443893 ], [ 1.979347221522831, 50.787066207702836 ], [ 1.97944449018913, 50.787061358735002 ], [ 1.97951747191661, 50.787054368510262 ], [ 1.979595360303827, 50.78704329390586 ], [ 1.979733334609693, 50.787013890848804 ], [ 1.979881122462928, 50.786976298921743 ], [ 1.980001333453121, 50.786940703373595 ], [ 1.980142685211629, 50.786893848259631 ], [ 1.980275938122716, 50.786845925555909 ], [ 1.98042707419778, 50.786787797727385 ], [ 1.980565255699441, 50.786731685993495 ], [ 1.980599433892593, 50.786714326359366 ], [ 1.980749049708021, 50.786643872110133 ], [ 1.980799493782046, 50.786616274128249 ], [ 1.980905312993226, 50.786549785961071 ], [ 1.981122872302688, 50.78672713996334 ], [ 1.981124204585596, 50.786765152762321 ], [ 1.98112397182254, 50.786799068250055 ], [ 1.981123951031167, 50.786800089205649 ], [ 1.981120316374367, 50.786858644047335 ], [ 1.981114759138644, 50.786953142787439 ], [ 1.981111126197642, 50.787008614231162 ], [ 1.981111093937351, 50.787011697365422 ], [ 1.981111048470755, 50.787019926062612 ], [ 1.981109090156187, 50.787065119862291 ], [ 1.981105644510347, 50.787094904521545 ], [ 1.981101880766924, 50.787165791870592 ], [ 1.98110160292633, 50.787207916013749 ], [ 1.981099345553175, 50.787296274911334 ], [ 1.981098982395134, 50.787345586266319 ], [ 1.981100280676767, 50.787389765544447 ], [ 1.981103372515019, 50.787410333471996 ], [ 1.981108048476037, 50.78743706113157 ], [ 1.981114354030727, 50.787461719830588 ], [ 1.981127085387263, 50.787494640148651 ], [ 1.981136603451547, 50.78752344967296 ], [ 1.981147859359236, 50.787538878663177 ], [ 1.9811558387731, 50.787553299762571 ], [ 1.981163881379572, 50.787564617960605 ], [ 1.981183182978977, 50.787585218399826 ], [ 1.981207304166249, 50.787612005036898 ], [ 1.981268476809705, 50.787670749657906 ], [ 1.981323212277531, 50.78772329481356 ], [ 1.981445569707028, 50.787838721710195 ], [ 1.981535729458704, 50.787922210255822 ], [ 1.981605000361282, 50.787985085387092 ], [ 1.981648457862439, 50.7880263057706 ], [ 1.981720923363982, 50.788091229176381 ], [ 1.981801463711963, 50.78816440756971 ], [ 1.981841717866224, 50.788202538308319 ], [ 1.981857796831188, 50.788218006651626 ], [ 1.981878716705543, 50.7882386201901 ], [ 1.981936676198659, 50.788296317019736 ], [ 1.982100788416858, 50.788466304151498 ], [ 1.982215017949136, 50.788583766003548 ], [ 1.98223595722428, 50.788606441894174 ], [ 1.982272966808197, 50.788643524820543 ], [ 1.98230192031787, 50.788674435179161 ], [ 1.982309955271825, 50.788681648705449 ], [ 1.982311571767178, 50.788684725284412 ], [ 1.982329223924154, 50.788708415434989 ], [ 1.982342043196924, 50.78873106498493 ], [ 1.982353246388281, 50.788750617935968 ], [ 1.982364493189919, 50.78876502558542 ], [ 1.982387052430329, 50.788784611270849 ], [ 1.982403143166511, 50.788798017356761 ], [ 1.982422500354635, 50.788811430111018 ], [ 1.982451584424734, 50.788826924547266 ], [ 1.982487109832331, 50.788842431566543 ], [ 1.982542100028428, 50.788860059777477 ], [ 1.982608423909746, 50.788881825008801 ], [ 1.982726496170588, 50.788914003946189 ], [ 1.982809031592181, 50.788932738028414 ], [ 1.98290128259515, 50.788955615878223 ], [ 1.982954668317016, 50.788968085142344 ], [ 1.98306958033536, 50.788992048937658 ], [ 1.983163451347849, 50.789011836409585 ], [ 1.983223339179056, 50.789024338629552 ], [ 1.983255715644887, 50.789029568446743 ], [ 1.983299446604699, 50.789037914284329 ], [ 1.98336744488218, 50.789049421487675 ], [ 1.983425716639888, 50.789058827027525 ], [ 1.9835115527264, 50.789071400785204 ], [ 1.983603839582579, 50.789085028236251 ], [ 1.983730153325202, 50.789100795371603 ], [ 1.983872686750187, 50.789117635767546 ], [ 1.98394717944642, 50.789125051093905 ], [ 1.983994168839639, 50.789129298741614 ], [ 1.984062211234848, 50.789135640247871 ], [ 1.984135097156621, 50.789141000108977 ], [ 1.98419665790824, 50.789146307586272 ], [ 1.984238763109081, 50.789150535320204 ], [ 1.9843278464299, 50.789161072734039 ], [ 1.984376422003054, 50.789168396538948 ], [ 1.984446059605041, 50.789178875375022 ], [ 1.984504320386657, 50.789190342581016 ], [ 1.984538313742439, 50.789198648611737 ], [ 1.984560950573188, 50.789206942113637 ], [ 1.984575499680272, 50.789212106296027 ], [ 1.984599732048835, 50.789224517308959 ], [ 1.984625582606254, 50.789236921489625 ], [ 1.984706328866494, 50.789276182264935 ], [ 1.984733786335729, 50.78929064176608 ], [ 1.984756411921444, 50.789300997403537 ], [ 1.984917956219612, 50.789378498018891 ], [ 1.984948628642852, 50.789394004797948 ], [ 1.984982567567859, 50.789409518172846 ], [ 1.984998723244691, 50.789416757662913 ], [ 1.985032694221066, 50.789429187899565 ], [ 1.985060164669488, 50.789438501781028 ], [ 1.985111943073078, 50.789451998145644 ], [ 1.985165371294852, 50.789462424548951 ], [ 1.985200983803194, 50.789467680226082 ], [ 1.985243110473695, 50.789470866647719 ], [ 1.98527065588743, 50.789471972081515 ], [ 1.985324139829639, 50.789472127595367 ], [ 1.985369534068255, 50.789472257215031 ], [ 1.985465176287477, 50.789472535927864 ], [ 1.985478120138617, 50.789472561296662 ], [ 1.98553648834749, 50.789472736490367 ], [ 1.985645095120188, 50.789472019474239 ], [ 1.985768294043255, 50.789471341127403 ], [ 1.985773147784525, 50.789471360638366 ], [ 1.985790975900712, 50.789471405734105 ], [ 1.985923901961702, 50.789472808655127 ], [ 1.986035712733202, 50.789475180752852 ], [ 1.986069750784687, 50.789475277712576 ], [ 1.986087578902601, 50.789475322765881 ], [ 1.986132984002704, 50.789473409954248 ], [ 1.986173535763826, 50.789471457612294 ], [ 1.986222167389848, 50.789468509872556 ], [ 1.986256237382184, 50.789465523657242 ], [ 1.986304900534123, 50.789459512779715 ], [ 1.986376287706501, 50.789451484441187 ], [ 1.986420108341914, 50.789443391859095 ], [ 1.986457436358458, 50.789436307581006 ], [ 1.986536987866339, 50.789420096548476 ], [ 1.98662300139589, 50.789402876888666 ], [ 1.986686331652045, 50.789388676102412 ], [ 1.986741498912453, 50.789379574531374 ], [ 1.9868599531786, 50.789361417357561 ], [ 1.986957310458351, 50.789349355320766 ], [ 1.98703680731918, 50.789340351436472 ], [ 1.987098423925368, 50.789335386654265 ], [ 1.98716328632797, 50.789331449340779 ], [ 1.987226530540805, 50.789327518854527 ], [ 1.987294627114307, 50.789326691161236 ], [ 1.987346472467833, 50.789327853602742 ], [ 1.987403200320358, 50.789332139110471 ], [ 1.987456652653937, 50.789335356815243 ], [ 1.987524663495764, 50.789344799572341 ], [ 1.987597517296838, 50.789356303885789 ], [ 1.9876590661462, 50.789366755195999 ], [ 1.987714039411915, 50.789382318690173 ], [ 1.987760984990137, 50.78939479358575 ], [ 1.987809496268231, 50.789411365672358 ], [ 1.987845065060692, 50.78942482924522 ], [ 1.987882231400545, 50.789439306890735 ], [ 1.9878967903824, 50.789445511902976 ], [ 1.987929081952953, 50.789461011077201 ], [ 1.987977528357629, 50.789486832718431 ], [ 1.988035680993175, 50.78951577655814 ], [ 1.988042141741218, 50.789517851281026 ], [ 1.988066407355576, 50.789527158471024 ], [ 1.988127827887654, 50.789553025416517 ], [ 1.988202170413758, 50.789583021741137 ], [ 1.988203798072553, 50.78958405608666 ], [ 1.988205395207064, 50.789585090184133 ], [ 1.988242550594615, 50.789601629890264 ], [ 1.98826197330099, 50.789608875473419 ], [ 1.988291060936847, 50.789621285156237 ], [ 1.988316923381164, 50.78963164641096 ], [ 1.988362167282574, 50.789651295131982 ], [ 1.988388041331429, 50.789659574181407 ], [ 1.988415542649784, 50.789668907586488 ], [ 1.988439798525901, 50.78967719350144 ], [ 1.988476987151867, 50.789687566640026 ], [ 1.98856276197832, 50.789706303153324 ], [ 1.988690662299534, 50.789731328251953 ], [ 1.988791008881739, 50.789751123979194 ], [ 1.98885575277291, 50.789763642871378 ], [ 1.988928606232877, 50.789778229770569 ], [ 1.988944805525483, 50.789780323450593 ], [ 1.988959354846769, 50.78978550713537 ], [ 1.989003056892997, 50.789793850713764 ], [ 1.989046747811431, 50.789804256447788 ], [ 1.989169742453148, 50.789833365742979 ], [ 1.989304051863495, 50.789864568945603 ], [ 1.989396286926621, 50.789888462906852 ], [ 1.989441606108372, 50.789899882811646 ], [ 1.989467480059656, 50.789908181652535 ], [ 1.989483647670254, 50.789913358384958 ], [ 1.989533787718377, 50.789930964115548 ], [ 1.989653439421812, 50.789974461600082 ], [ 1.989748825568074, 50.790008632097503 ], [ 1.989776306715544, 50.790018986149484 ], [ 1.989832918971786, 50.790036604217519 ], [ 1.989863636152468, 50.790046964478684 ], [ 1.989870106955012, 50.790050060304786 ], [ 1.98987170294054, 50.790054177750164 ], [ 1.989865134570304, 50.790066498031173 ], [ 1.989850468086726, 50.79007466814322 ], [ 1.989840685925079, 50.790082857853591 ], [ 1.989840641890281, 50.790091086515929 ], [ 1.989843823154002, 50.790101363558293 ], [ 1.989846984599764, 50.790109598201376 ], [ 1.989848590494991, 50.790114736846249 ], [ 1.989855007767322, 50.790125020116427 ], [ 1.989864651138393, 50.790134288414862 ], [ 1.989874335741909, 50.790141514808511 ], [ 1.989884031456026, 50.790146679031366 ], [ 1.989896942161305, 50.790152890451175 ], [ 1.98991961243519, 50.790158079827151 ], [ 1.98994709489365, 50.790165350469636 ], [ 1.990007017512701, 50.790174766285638 ], [ 1.990102544179748, 50.790188395125085 ], [ 1.99015600711276, 50.790192652885892 ], [ 1.990194909389445, 50.790193789257984 ], [ 1.990209501756938, 50.790193827501817 ], [ 1.990237079378288, 50.790191848714585 ], [ 1.990272746819978, 50.790189895474576 ], [ 1.990329499248931, 50.790186971935277 ], [ 1.990353840852466, 50.790184986906041 ], [ 1.990368423297248, 50.790184003931877 ], [ 1.990423557911417, 50.790181067232837 ], [ 1.990438150275311, 50.790181105449875 ], [ 1.990454381044493, 50.790180135829083 ], [ 1.990468952805896, 50.79018119499446 ], [ 1.990486770096043, 50.790183301588208 ], [ 1.990504576305159, 50.790187470349345 ], [ 1.990527205051618, 50.790194721536977 ], [ 1.990546607717934, 50.790202987709456 ], [ 1.990556293589261, 50.79020713068013 ], [ 1.990565978306565, 50.790214357019345 ], [ 1.990569182637878, 50.790217446350937 ], [ 1.990580474487817, 50.790226727954355 ], [ 1.990601408717376, 50.790248361165503 ], [ 1.990631976580406, 50.790278241410192 ], [ 1.990656104119829, 50.7903050261096 ], [ 1.990693162794571, 50.790340044518629 ], [ 1.990710863392534, 50.790355504763859 ], [ 1.990712459456973, 50.790359622196576 ], [ 1.99071408719281, 50.790360656508028 ], [ 1.990717332737172, 50.790361703931779 ], [ 1.990730244005227, 50.790367895244628 ], [ 1.990751243984552, 50.790377195446901 ], [ 1.990765803594698, 50.790383400115168 ], [ 1.990786792516381, 50.790394762480574 ], [ 1.990825566027955, 50.790414397876205 ], [ 1.99086591619247, 50.790436088272813 ], [ 1.990890151116334, 50.790448478020949 ], [ 1.99095799178234, 50.790484626746604 ], [ 1.991051643780044, 50.790535240178407 ], [ 1.991119473622995, 50.790573450980283 ], [ 1.991142069867815, 50.790586868539862 ], [ 1.991159813391112, 50.790597183426613 ], [ 1.991214690827563, 50.790631244809965 ], [ 1.991276039308036, 50.790668401917543 ], [ 1.991293792423404, 50.790679758001254 ], [ 1.99130188121515, 50.790682866854802 ], [ 1.991395533230405, 50.79073654336127 ], [ 1.991502096516846, 50.790796431040533 ], [ 1.991532781791995, 50.790812957364203 ], [ 1.991540829055257, 50.790818128122559 ], [ 1.991668380930489, 50.790892461244788 ], [ 1.991760394923298, 50.790947165329676 ], [ 1.991812048119592, 50.790979158085428 ], [ 1.991831440274054, 50.790989486215643 ], [ 1.991894408555282, 50.791023572731135 ], [ 1.991946104534961, 50.791050420141929 ], [ 1.992020386920208, 50.791089683741049 ], [ 1.992072084098551, 50.791113447731902 ], [ 1.992114115310823, 50.791132067925261 ], [ 1.99214644085793, 50.791144482849319 ], [ 1.992172325858041, 50.791153802310717 ], [ 1.992193348057782, 50.791158997943413 ], [ 1.992212761981791, 50.791165221695977 ], [ 1.992241884131001, 50.791171463944956 ], [ 1.99228721572893, 50.791180840644437 ], [ 1.992347108432265, 50.791193338438489 ], [ 1.992405414896841, 50.791202739995555 ], [ 1.992450768155459, 50.791208012319807 ], [ 1.992497719102025, 50.791214298648761 ], [ 1.992552801170878, 50.791218568463925 ], [ 1.992598165455849, 50.791221778567404 ], [ 1.992643550708001, 50.79122394768514 ], [ 1.99267108728204, 50.791224030282301 ], [ 1.992713247051001, 50.791224151071027 ], [ 1.992752151208169, 50.791222203278565 ], [ 1.992813778516564, 50.791221340246537 ], [ 1.992865657096184, 50.791219437289485 ], [ 1.992932128339907, 50.79121757223578 ], [ 1.992996972170685, 50.791214652847636 ], [ 1.993027795892193, 50.791213720808827 ], [ 1.99306186666604, 50.791210732740495 ], [ 1.99309590691066, 50.791207744415978 ], [ 1.99314620912816, 50.791203766340359 ], [ 1.993217577733145, 50.791193691708081 ], [ 1.993279268611452, 50.791183598863746 ], [ 1.993331189611102, 50.79117655042748 ], [ 1.993373392796746, 50.791168442342673 ], [ 1.993439917956933, 50.791156306218973 ], [ 1.993488623777308, 50.791148210611986 ], [ 1.993512945753619, 50.791144182573134 ], [ 1.993581109056589, 50.791134081826407 ], [ 1.993608677076126, 50.791131081098044 ], [ 1.993647633154874, 50.791125028956209 ], [ 1.993683301128167, 50.791123074742771 ], [ 1.993727069062278, 50.791122167045806 ], [ 1.993785428677856, 50.791124380523542 ], [ 1.993858307993081, 50.791131776829602 ], [ 1.99392635395594, 50.791138132948809 ], [ 1.993950632934611, 50.791142313456646 ], [ 1.993983032823843, 50.791146499500066 ], [ 1.994002447909511, 50.791149639608982 ], [ 1.99404780034706, 50.791157994717246 ], [ 1.99410770439679, 50.791168429498271 ], [ 1.994157869723795, 50.79117884565435 ], [ 1.994198358706863, 50.791186140306927 ], [ 1.994240434083483, 50.791196531131064 ], [ 1.99427926340145, 50.791205894629883 ], [ 1.994303552443176, 50.791211096266032 ], [ 1.994334282194293, 50.791219393239736 ], [ 1.994369875470076, 50.791228750597924 ], [ 1.994416783393415, 50.7912432648532 ], [ 1.994476623827173, 50.791262949055962 ], [ 1.994513834489367, 50.791275382781635 ], [ 1.994544573918083, 50.791284720918782 ], [ 1.994573654480721, 50.79129608788773 ], [ 1.994617305523069, 50.791311636929777 ], [ 1.994630238036078, 50.791316806878854 ], [ 1.994638348057878, 50.791318874543308 ], [ 1.994685235626786, 50.791334409646481 ], [ 1.994777433637251, 50.791363444856103 ], [ 1.994811409255923, 50.79137278902661 ], [ 1.994829216650466, 50.791376937143696 ], [ 1.994914995860021, 50.791398752600578 ], [ 1.994979712003635, 50.791414351397265 ], [ 1.995023405980353, 50.791424734991736 ], [ 1.995037976918371, 50.791428897003129 ], [ 1.995050888995824, 50.791435087858375 ], [ 1.99505251685618, 50.791436122111492 ], [ 1.995057360298419, 50.791438183408729 ], [ 1.994866878118413, 50.791559920835638 ], [ 1.994899130894169, 50.791580563436874 ], [ 1.994916937080022, 50.791587814921762 ], [ 1.994981600183371, 50.79161366448696 ], [ 1.995000994119878, 50.791620908751391 ], [ 1.995028487732687, 50.791629219472654 ], [ 1.995039833924986, 50.791631293203999 ], [ 1.995062474473597, 50.791636501405044 ], [ 1.995085145954554, 50.791641689829696 ], [ 1.995107797405681, 50.791644835856445 ], [ 1.995127263788448, 50.791646955083706 ], [ 1.995159633175046, 50.791651160590376 ], [ 1.995198515321777, 50.791656399711044 ], [ 1.995227659503203, 50.791658536944489 ], [ 1.995261688571758, 50.7916606735401 ], [ 1.995305435177072, 50.791663889621205 ], [ 1.995329766819349, 50.791663945771667 ], [ 1.995347595322898, 50.791664009518456 ], [ 1.995354067534137, 50.791664021689762 ], [ 1.995368680836927, 50.791663038378836 ], [ 1.995384881867473, 50.791662047853052 ], [ 1.995462741677916, 50.791657129885827 ], [ 1.995498400336237, 50.791654133938927 ], [ 1.995516270238215, 50.791652135741948 ], [ 1.995584361057493, 50.791647178943265 ], [ 1.995624934306094, 50.791644222599686 ], [ 1.995696281704244, 50.791638250867599 ], [ 1.995769266997568, 50.79163433453482 ], [ 1.995863295980685, 50.791631528874326 ], [ 1.995932993305832, 50.791631710440434 ], [ 1.995996207567766, 50.791633941996032 ], [ 1.996030215761185, 50.79163711935113 ], [ 1.996052888160443, 50.79163922423691 ], [ 1.99607881593642, 50.791643417615965 ], [ 1.996099859235061, 50.791647591635183 ], [ 1.996122500303046, 50.791652779624769 ], [ 1.996151642898498, 50.791661083367416 ], [ 1.996183980235446, 50.79167145508702 ], [ 1.996227673879461, 50.791684921617716 ], [ 1.996268069583273, 50.791701464941497 ], [ 1.996311711063308, 50.791719055527558 ], [ 1.996347252456187, 50.791735599743056 ], [ 1.996389264501387, 50.791758322789804 ], [ 1.996428000303276, 50.791779998302907 ], [ 1.996455451692691, 50.791796517332251 ], [ 1.996473195947401, 50.79180991480569 ], [ 1.996486075791429, 50.791822292005087 ], [ 1.99650701323968, 50.791843924172269 ], [ 1.996534349883359, 50.791873776823088 ], [ 1.996580942004013, 50.791934538211663 ], [ 1.996616303887037, 50.791979832297521 ], [ 1.996645204785469, 50.792019988759357 ], [ 1.996658032564005, 50.792039533344294 ], [ 1.996672519170592, 50.792057049062194 ], [ 1.996674105730219, 50.792060145211956 ], [ 1.996678917215446, 50.792068372919672 ], [ 1.996696609068391, 50.792088957781104 ], [ 1.996714269231634, 50.792112645772654 ], [ 1.996731950288325, 50.792135292792139 ], [ 1.996741615019471, 50.792146622940706 ], [ 1.996762511362851, 50.792170316972758 ], [ 1.9967721351586, 50.792183689018117 ], [ 1.996794669505186, 50.792209438468717 ], [ 1.996810753605204, 50.792227988149214 ], [ 1.996820440017647, 50.792235193961631 ], [ 1.996825251912401, 50.792240358320242 ], [ 1.996828477634534, 50.792242406513061 ], [ 1.996831702955507, 50.792244474724477 ], [ 1.996833330878922, 50.79224550895303 ], [ 1.996851096635472, 50.792254802053883 ], [ 1.996909215906609, 50.792288866891056 ], [ 1.996964130396007, 50.792319842542121 ], [ 1.997002876535809, 50.792342559072281 ], [ 1.997004473940107, 50.792343593052614 ], [ 1.997006101870412, 50.792344627278815 ], [ 1.99700931755047, 50.792345654271095 ], [ 1.997010934666087, 50.79234875066102 ], [ 1.997018961157279, 50.792361088703522 ], [ 1.997038176522818, 50.792394019237122 ], [ 1.997055815730368, 50.792421811477986 ], [ 1.997057432851234, 50.792424907867016 ], [ 1.997057412382474, 50.792425928816556 ], [ 1.997059040316504, 50.792426963041919 ], [ 1.997065470532749, 50.792432120401024 ], [ 1.997079989831783, 50.792443449570499 ], [ 1.997120374866877, 50.792465138121351 ], [ 1.997167200979913, 50.792489921848443 ], [ 1.99721239730529, 50.792519858069646 ], [ 1.997243075117398, 50.792538425089056 ], [ 1.997310840205438, 50.792581757416734 ], [ 1.997327008349643, 50.792590036487667 ], [ 1.997339910208226, 50.792598289257974 ], [ 1.997412591300276, 50.792638557720153 ], [ 1.997459416989127, 50.79266642468891 ], [ 1.997486859540094, 50.792681902255438 ], [ 1.997498153228083, 50.792691183197377 ], [ 1.997512631379563, 50.792704574229049 ], [ 1.997519060223386, 50.792715898278033 ], [ 1.997518986922107, 50.792724126664595 ], [ 1.997518965735183, 50.792728230971491 ], [ 1.99751730580055, 50.792733363222055 ], [ 1.997512389230637, 50.792739510392401 ], [ 1.997502628261389, 50.792746679722093 ], [ 1.997486374476465, 50.792754857940004 ], [ 1.997400339198059, 50.792770022603158 ], [ 1.997291693431517, 50.792776916330595 ], [ 1.997225178202192, 50.792783928979397 ], [ 1.997191054118609, 50.792794105596705 ], [ 1.997179665143961, 50.792800240677451 ], [ 1.997173181977003, 50.792802290763532 ], [ 1.997171543621327, 50.792803298684078 ], [ 1.997168276166617, 50.792806375757124 ], [ 1.997163369204601, 50.792813564126405 ], [ 1.997161698823245, 50.79282073851536 ], [ 1.99716321172938, 50.792835126378883 ], [ 1.997167959320826, 50.792855686994592 ], [ 1.997179169224822, 50.792875238491249 ], [ 1.997195201194005, 50.792900975520062 ], [ 1.997209668518338, 50.792916428744704 ], [ 1.997238654586646, 50.792946294466248 ], [ 1.997253131597432, 50.792962788897945 ], [ 1.997285322642039, 50.792995743753394 ], [ 1.997286930134962, 50.79299779892353 ], [ 1.99728855809231, 50.792998833145006 ], [ 1.997309465853027, 50.793020464892976 ], [ 1.997320738719599, 50.793030786813546 ], [ 1.997364223601768, 50.793073022596865 ], [ 1.997404493554211, 50.793111148025645 ], [ 1.997456110534922, 50.793148283608808 ], [ 1.997488396329138, 50.793168905717557 ], [ 1.997523959599562, 50.793184428612783 ], [ 1.997554680302871, 50.793194786928936 ], [ 1.997577342679739, 50.793198953693832 ], [ 1.997608125899867, 50.793203145777298 ], [ 1.99763080946299, 50.793203208228533 ], [ 1.997669725036417, 50.793202280100886 ], [ 1.997710268895652, 50.793199322839953 ], [ 1.997801096141605, 50.793193406571795 ], [ 1.997835167977807, 50.793190417207391 ], [ 1.997872465940337, 50.793186412659693 ], [ 1.997919523487154, 50.793181405454952 ], [ 1.997942217817576, 50.793179405688093 ], [ 1.997968178876403, 50.793177412180434 ], [ 1.997987626224597, 50.793177468549068 ], [ 1.998016791860083, 50.793178584176907 ], [ 1.998050801230963, 50.79318176097329 ], [ 1.998071875867102, 50.793185934895405 ], [ 1.998099371249878, 50.793194224901043 ], [ 1.998128484544068, 50.793202527916542 ], [ 1.998181867818964, 50.7932170527382 ], [ 1.998183495801903, 50.793218086947661 ], [ 1.998189978295267, 50.793219120165681 ], [ 1.998236910319091, 50.793229528635706 ], [ 1.998264436961089, 50.793234735494714 ], [ 1.998267682849795, 50.793235782717268 ], [ 1.998272537361611, 50.793235781722643 ], [ 1.998338906033064, 50.793248308636223 ], [ 1.998376161089952, 50.793255595900696 ], [ 1.998415003535437, 50.793262895920776 ], [ 1.99845547398263, 50.793271230134472 ], [ 1.998521822042697, 50.793287841234772 ], [ 1.998588179834454, 50.793305493512015 ], [ 1.998644809254588, 50.793321065347143 ], [ 1.998693328594149, 50.79333454974379 ], [ 1.998722452159705, 50.793343873812624 ], [ 1.998803330302676, 50.793369791598209 ], [ 1.998834072218008, 50.793379108629189 ], [ 1.998869657532182, 50.793390506813907 ], [ 1.998955359190317, 50.793419506589942 ], [ 1.999039493592266, 50.793447492617219 ], [ 1.999049171096535, 50.793450593695212 ], [ 1.999054045424778, 50.793452655076123 ], [ 1.999112303795978, 50.793466177538868 ], [ 1.999175426434099, 50.793480740156525 ], [ 1.999196460438439, 50.793486955783173 ], [ 1.999204540073226, 50.793489042917088 ], [ 1.999335545779299, 50.793533563004786 ], [ 1.999455245742149, 50.793573967733238 ], [ 1.999489213421228, 50.793585352738887 ], [ 1.999502157336897, 50.79358848002299 ], [ 1.999570092952408, 50.793608186663803 ], [ 1.999617015320324, 50.793620636749488 ], [ 1.999650993373971, 50.793629979568841 ], [ 1.999706036694181, 50.793642454809685 ], [ 1.999796686763778, 50.79366222363987 ], [ 1.99986628173776, 50.793679881196681 ], [ 1.99988084401988, 50.793683001415893 ], [ 1.999895395607346, 50.793688183793293 ], [ 1.999919655330332, 50.793696467423409 ], [ 2.000087834850654, 50.793755500748453 ], [ 2.000138003489091, 50.793772061175034 ], [ 2.000168725220765, 50.793782418856907 ], [ 2.000235022348914, 50.793806236500643 ], [ 2.000273834010725, 50.793819702419675 ], [ 2.000291611718111, 50.793826932859602 ], [ 2.000294857701035, 50.79382798003045 ], [ 2.000312656372817, 50.793831106166891 ], [ 2.000351530234831, 50.793838405846437 ], [ 2.000382324883995, 50.793840535100308 ], [ 2.000413140086124, 50.793838580064723 ], [ 2.000466670706071, 50.793833583844616 ], [ 2.000529899423748, 50.793830667620817 ], [ 2.000536381671601, 50.793831720738481 ], [ 2.000593169466889, 50.793822626116352 ], [ 2.000653182300427, 50.793818682930343 ], [ 2.000709938470953, 50.793815754714998 ], [ 2.000868880759811, 50.793803855747178 ], [ 2.001008354400865, 50.793796004971007 ], [ 2.00099910479548, 50.79372407253075 ], [ 2.0009961291681, 50.793685026169641 ], [ 2.001127627030972, 50.793657630062405 ], [ 2.001422575927065, 50.793673850716537 ], [ 2.00167623295641, 50.793797817301233 ], [ 2.001579780226117, 50.793918796530455 ], [ 2.001663616426628, 50.793987863120378 ], [ 2.001802269318985, 50.79409919457877 ], [ 2.002022572795825, 50.794124465904531 ], [ 2.002214622398275, 50.794251361257615 ], [ 2.002210836185154, 50.794332499212516 ], [ 2.002109830848466, 50.794406210905457 ], [ 2.002052554929335, 50.794484137163309 ], [ 2.002019310573304, 50.79460630387738 ], [ 2.002025595531001, 50.794637147727279 ], [ 2.002018676308456, 50.79470084158563 ], [ 2.001877457420443, 50.7947302429533 ], [ 2.001781575710206, 50.794762870705654 ], [ 2.001701926318729, 50.794797570624802 ], [ 2.001631943764389, 50.794837453543302 ], [ 2.001540759903314, 50.7948947455397 ], [ 2.001461141231866, 50.794923298866003 ], [ 2.001342595697507, 50.794951740189759 ], [ 2.001245272252309, 50.794958668042298 ], [ 2.001149701517639, 50.794951214230963 ], [ 2.00105916322956, 50.794911926068771 ], [ 2.000955825370408, 50.79485309401764 ], [ 2.000858867128767, 50.794806586403766 ], [ 2.000763391090842, 50.794780652959751 ], [ 2.000598224239946, 50.794752458304309 ], [ 2.000421688912897, 50.794729377834152 ], [ 2.000155952713746, 50.794710145906372 ], [ 2.00001334464165, 50.794703594933672 ], [ 1.999877334951353, 50.794678576724444 ], [ 1.999712284582986, 50.794633944041102 ], [ 1.999537526226369, 50.79458620985698 ], [ 1.999429034328119, 50.794568439862381 ], [ 1.999338320477595, 50.794554836999161 ], [ 1.999270415435297, 50.794528963806961 ], [ 1.999175181519164, 50.794471176472726 ], [ 1.999118812726249, 50.794416564533613 ], [ 1.998999551362232, 50.794311432635673 ], [ 1.998839954502683, 50.794180528649328 ], [ 1.998643008715185, 50.794057713251554 ], [ 1.998365225507698, 50.793906957647948 ], [ 1.998077663132503, 50.793761308349282 ], [ 1.997856282766334, 50.793655894187658 ], [ 1.997736698789798, 50.793602134303661 ], [ 1.997589693908561, 50.793525709127437 ], [ 1.997494516686737, 50.793460712992037 ], [ 1.997388036153564, 50.793382351306654 ], [ 1.997250687118179, 50.79331929792491 ], [ 1.997079361856824, 50.793243817514252 ], [ 1.997030938406795, 50.79321491644842 ], [ 1.996895587881387, 50.793096398254917 ], [ 1.996747126704512, 50.792995293373444 ], [ 1.996603687185043, 50.792876749690549 ], [ 1.996421472398461, 50.792732405533137 ], [ 1.996285786422169, 50.792664218789696 ], [ 1.99601437419643, 50.792529906755554 ], [ 1.995736544654263, 50.792385311171259 ], [ 1.995398854627735, 50.79222203216495 ], [ 1.995064337088241, 50.792074194625762 ], [ 1.994849314431212, 50.791990369582564 ], [ 1.994666639683687, 50.791917937463552 ], [ 1.99461000308085, 50.791901342591395 ], [ 1.994646031426891, 50.791851098245651 ], [ 1.994594312654004, 50.791825272937317 ], [ 1.994543689592438, 50.79188164625868 ], [ 1.994468511296881, 50.791971858469786 ], [ 1.994349108054033, 50.792126664439046 ], [ 1.994250631666987, 50.792298998232518 ], [ 1.994176122724676, 50.792290567905304 ], [ 1.994124328411252, 50.792279117509956 ], [ 1.994035374829662, 50.792251129191527 ], [ 1.993922344626355, 50.792186106059219 ], [ 1.993859543343025, 50.792128396193796 ], [ 1.993796818029808, 50.792056291177879 ], [ 1.993740777078304, 50.791955448676447 ], [ 1.993713677265262, 50.791889618003395 ], [ 1.993680137745293, 50.791817608583059 ], [ 1.993662810365804, 50.791742546678691 ], [ 1.993619244301593, 50.791713663425277 ], [ 1.993549601254699, 50.791703189755722 ], [ 1.993492909894053, 50.791699968542133 ], [ 1.99349439021131, 50.791717439589959 ], [ 1.993416198617164, 50.791773729799999 ], [ 1.993323648504063, 50.791797088022498 ], [ 1.993221562082813, 50.791790636583748 ], [ 1.992995154086028, 50.791712963052113 ], [ 1.992886436348861, 50.791728061327177 ], [ 1.992777631439173, 50.791759616792177 ], [ 1.992607454943313, 50.791755036751532 ], [ 1.992366200368898, 50.791711199083224 ], [ 1.992189989967295, 50.791643941176474 ], [ 1.991970120024509, 50.79156009185018 ], [ 1.991916505295103, 50.791578438378515 ], [ 1.991767939628531, 50.791496867741884 ], [ 1.991637075024037, 50.791433820351507 ], [ 1.991533639305732, 50.791388333910206 ], [ 1.991460997483234, 50.791341895463141 ], [ 1.991381936251091, 50.79129132050727 ], [ 1.991331976269562, 50.791248028927342 ], [ 1.991306390070327, 50.791199668995013 ], [ 1.991297175912298, 50.791126694592251 ], [ 1.991297252051229, 50.791112319478145 ], [ 1.991318690532433, 50.791062037918692 ], [ 1.991351464929693, 50.791012809222728 ], [ 1.991322483896039, 50.790982922026274 ], [ 1.991288541536676, 50.790967430433554 ], [ 1.991246445264735, 50.790961142925781 ], [ 1.991105318437637, 50.790974095057024 ], [ 1.990922072025385, 50.790987967111654 ], [ 1.990823105351182, 50.790997976956298 ], [ 1.990703063640221, 50.791009958256183 ], [ 1.990599928888294, 50.790925430698572 ], [ 1.990573969107826, 50.790927402659314 ], [ 1.990551308341953, 50.79092323460663 ], [ 1.990486820249262, 50.790873738222579 ], [ 1.990459425949222, 50.79084694705341 ], [ 1.990420833626149, 50.790804708278131 ], [ 1.990427510033706, 50.790774929741659 ], [ 1.990458720346989, 50.790718520724489 ], [ 1.990479924699992, 50.790698030000371 ], [ 1.990501095032007, 50.790686789125751 ], [ 1.990613047672197, 50.790671679097876 ], [ 1.990668344223786, 50.790644096611061 ], [ 1.990696201386274, 50.790601034994722 ], [ 1.990698581627081, 50.790492134995198 ], [ 1.990666279011794, 50.790475595345221 ], [ 1.99052729651869, 50.790415624304018 ], [ 1.990478847900397, 50.790389803690218 ], [ 1.990388196751818, 50.790372070135703 ], [ 1.990287710816904, 50.790366650348183 ], [ 1.990268285175658, 50.790365571826165 ], [ 1.990057367893094, 50.790390670778791 ], [ 1.989865690825309, 50.790448701356524 ], [ 1.989779547291386, 50.790484422445125 ], [ 1.98971790891933, 50.790490409495689 ], [ 1.989603076809602, 50.79045309795719 ], [ 1.989558047642385, 50.790401596562283 ], [ 1.989501801098983, 50.790332605056193 ], [ 1.989447281337666, 50.790246148374521 ], [ 1.9894313943744, 50.790199868870438 ], [ 1.989444616301925, 50.790164977812566 ], [ 1.989462574107832, 50.790146523156729 ], [ 1.989474017016978, 50.790133201313402 ], [ 1.989377067856755, 50.790088746668857 ], [ 1.989317219699909, 50.790071122152852 ], [ 1.989186027322717, 50.790056362278435 ], [ 1.989090308038697, 50.790067398206617 ], [ 1.989043230655227, 50.790076506422679 ], [ 1.988954285082082, 50.790045431014541 ], [ 1.988781288471158, 50.789984320845001 ], [ 1.988635731463671, 50.789935626657218 ], [ 1.988127531863994, 50.789824260541216 ], [ 1.987755226328592, 50.789753340211455 ], [ 1.987557880853674, 50.789693191639216 ], [ 1.987394616694591, 50.789628014070288 ], [ 1.987296258742778, 50.789553753604217 ], [ 1.987249419594181, 50.789529987011171 ], [ 1.987205751319618, 50.789515476317845 ], [ 1.987113365239449, 50.78951420430721 ], [ 1.987009514102265, 50.789530338164575 ], [ 1.986949038477395, 50.789601064335557 ], [ 1.98693604201496, 50.789605143195594 ], [ 1.98702823137901, 50.789637247567093 ], [ 1.987220745624776, 50.789690189833436 ], [ 1.987307736665632, 50.789766460208284 ], [ 1.987385108481557, 50.789826274326067 ], [ 1.987499828404864, 50.789881046204954 ], [ 1.987684255235021, 50.789930898650574 ], [ 1.987938593086892, 50.789952167061436 ], [ 1.988118545448268, 50.789948563914109 ], [ 1.988337344777268, 50.789956368274602 ], [ 1.988487960808099, 50.78997529121834 ], [ 1.988567169133188, 50.790003244540742 ], [ 1.988655984654129, 50.790052819455624 ], [ 1.988764074256453, 50.790126076611301 ], [ 1.988869154437546, 50.790168495452683 ], [ 1.988962923869572, 50.790199570035966 ], [ 1.989087482342479, 50.790238963341416 ], [ 1.989165007193217, 50.79027925613812 ], [ 1.989201904340846, 50.79033279398368 ], [ 1.989201549140401, 50.790382105136317 ], [ 1.989222298442904, 50.790432508600794 ], [ 1.989273928859749, 50.790465523384562 ], [ 1.989404874539748, 50.79051521942155 ], [ 1.989592551945272, 50.790566076415523 ], [ 1.989695961969847, 50.790615688861486 ], [ 1.989798985857236, 50.790717695466697 ], [ 1.989814701580293, 50.790787599365089 ], [ 1.989825304855667, 50.790894482313767 ], [ 1.98984592809854, 50.79095721810787 ], [ 1.989907007901171, 50.791030333059112 ], [ 1.989992622219451, 50.791076817599816 ], [ 1.990141463516402, 50.791117307709136 ], [ 1.990277556053623, 50.791126920586905 ], [ 1.990420238382957, 50.791120128729155 ], [ 1.990524004275923, 50.791120429349213 ], [ 1.990668121222007, 50.791142400301638 ], [ 1.990771600267728, 50.79117659548313 ], [ 1.990923418495703, 50.79126025598022 ], [ 1.991084903180235, 50.791349060135779 ], [ 1.991225389036483, 50.791425480602761 ], [ 1.991406364859266, 50.791506133114261 ], [ 1.991621411691823, 50.791586861024768 ], [ 1.991799398760689, 50.791632570555741 ], [ 1.991975843179354, 50.791666974993404 ], [ 1.992100504555436, 50.791690949129801 ], [ 1.992283441524483, 50.791727407862531 ], [ 1.992353053814613, 50.791737881992454 ], [ 1.9925083907363, 50.791780443973352 ], [ 1.992576277962063, 50.791808363103584 ], [ 1.992686187327345, 50.791853880979119 ], [ 1.992810849508911, 50.791877854398102 ], [ 1.993050649667437, 50.791890865751675 ], [ 1.993243593209832, 50.79188832125697 ], [ 1.993363669313794, 50.791870151030714 ], [ 1.993453037829983, 50.791836495839398 ], [ 1.993522872957384, 50.791819220785456 ], [ 1.99356009532153, 50.791826529277316 ], [ 1.993593964051918, 50.791853331988037 ], [ 1.993652995879352, 50.791989116895586 ], [ 1.993718562310551, 50.792121831136399 ], [ 1.993776361029886, 50.792199041997662 ], [ 1.993871518178135, 50.792272269979321 ], [ 1.99401859905809, 50.792335345792338 ], [ 1.994240328545451, 50.792383227085381 ], [ 1.994327417268578, 50.792213924769051 ], [ 1.994437113310525, 50.792056017152852 ], [ 1.994500242815778, 50.792071603365692 ], [ 1.994608410005354, 50.792132522280774 ], [ 1.994750085500849, 50.792274700029758 ], [ 1.994869142321258, 50.792407565052812 ], [ 1.995004380182608, 50.792540480428094 ], [ 1.995097954574701, 50.792607507890544 ], [ 1.995223942023778, 50.792670532146111 ], [ 1.995316206448621, 50.792690317318161 ], [ 1.995462021541308, 50.792704067341674 ], [ 1.995593328140107, 50.792704445714172 ], [ 1.995674278916813, 50.792715970454871 ], [ 1.995857254419128, 50.792746257416184 ], [ 1.995972159969158, 50.79277431348271 ], [ 1.996117679320522, 50.792830206328375 ], [ 1.996293719634099, 50.792923145133628 ], [ 1.996371148029142, 50.792980911490112 ], [ 1.996455007236528, 50.793043815160807 ], [ 1.996550254990227, 50.793103667105612 ], [ 1.996611706738991, 50.793122322051424 ], [ 1.996737970607195, 50.793150408835821 ], [ 1.996852919293532, 50.793173338821056 ], [ 1.996919150818834, 50.793206387764819 ], [ 1.997001392786775, 50.793269298033188 ], [ 1.997148291028356, 50.793360098756452 ], [ 1.99726300886238, 50.793415902321996 ], [ 1.99736629618345, 50.793482966118795 ], [ 1.997480709525373, 50.793582935143043 ], [ 1.997580519866002, 50.793681845474751 ], [ 1.997699881983094, 50.793772583997395 ], [ 1.998006659523213, 50.793951184490076 ], [ 1.998231267408128, 50.794058646488445 ], [ 1.998478623316997, 50.794156920799828 ], [ 1.998624097201528, 50.794219998005076 ], [ 1.998687116099143, 50.794248935658928 ], [ 1.998729153056741, 50.794264470182682 ], [ 1.998766367005801, 50.794276902582304 ], [ 1.998827852194337, 50.794292473297538 ], [ 1.998865056094272, 50.794303884474829 ], [ 1.998876351047504, 50.794310081919008 ], [ 1.998886047854235, 50.794318328759154 ], [ 1.998887582777265, 50.794328592253315 ], [ 1.998887509055293, 50.794339903970673 ], [ 1.998921351169721, 50.794369788236324 ], [ 1.998998764403807, 50.794428573780834 ], [ 1.999134343480089, 50.794516257676761 ], [ 1.999232864903137, 50.794569966991361 ], [ 1.99950939184153, 50.794669354515122 ], [ 1.999753621803289, 50.794750162084846 ], [ 1.999858846609843, 50.794774072255912 ], [ 1.999964207381494, 50.794777441091888 ], [ 2.000114968302392, 50.794777850811073 ], [ 2.000288319382021, 50.794793738357434 ], [ 2.00054902482817, 50.794838617548351 ], [ 2.000814376355218, 50.794912304742247 ], [ 2.000955054548756, 50.794965069558664 ], [ 2.001123083607944, 50.795048746959125 ], [ 2.00120718103993, 50.795081856747402 ], [ 2.001310841698462, 50.79509550204854 ], [ 2.001437405980314, 50.795075293936293 ], [ 2.001573833804371, 50.795039707981445 ], [ 2.001705490908309, 50.794987665789314 ], [ 2.001851990904959, 50.794898682149437 ], [ 2.001936650412889, 50.794845482142058 ], [ 2.002019920183174, 50.794759395198753 ], [ 2.002059096895852, 50.794716362036084 ], [ 2.002164229823464, 50.794752602988559 ], [ 2.002279195750881, 50.794773465830062 ], [ 2.002461840961261, 50.794853073994133 ], [ 2.002544290040538, 50.794889253032672 ], [ 2.00270912709429, 50.794964693798669 ], [ 2.002791731996237, 50.794976227130718 ], [ 2.00286636101988, 50.794968195352148 ], [ 2.002962148865967, 50.79494791945001 ], [ 2.003054555926159, 50.794947137621449 ], [ 2.003391356388487, 50.795005574082047 ], [ 2.003454493026127, 50.795018072383272 ], [ 2.003543570863567, 50.795029616970545 ], [ 2.003609912324069, 50.795051370864144 ], [ 2.00370033951276, 50.795100947439209 ], [ 2.003884006735986, 50.795275064270612 ], [ 2.003979801923905, 50.795492105349325 ], [ 2.00397622487487, 50.795541410298171 ], [ 2.003935565015402, 50.795563909860824 ], [ 2.003813710725183, 50.795600575997881 ], [ 2.00375661146881, 50.795655899764938 ], [ 2.003744643877672, 50.795746282228635 ], [ 2.003767111288421, 50.79578332197282 ], [ 2.003800947240023, 50.795812183681932 ], [ 2.003927294642069, 50.795828971474812 ], [ 2.004249848379792, 50.795838058109069 ], [ 2.004369878696934, 50.795830148194959 ], [ 2.004426523121309, 50.795843675245962 ], [ 2.004529629846361, 50.795937440344439 ], [ 2.004547058001084, 50.795999126431127 ], [ 2.004535617420654, 50.796015532876048 ], [ 2.004491474218745, 50.796068838206807 ], [ 2.004441012455259, 50.796100569658847 ], [ 2.004396951764012, 50.796143584448004 ], [ 2.004412844008259, 50.796191923793543 ], [ 2.004432148072707, 50.79621458252884 ], [ 2.004483856653617, 50.796238341221745 ], [ 2.004545345890409, 50.796253929129563 ], [ 2.004928185965286, 50.796217966499796 ], [ 2.004955786747704, 50.796214963546383 ], [ 2.005109953409869, 50.79618866543786 ], [ 2.005257811708303, 50.796141794491838 ], [ 2.005282382230673, 50.796103849390612 ], [ 2.005243845323099, 50.796047240497366 ], [ 2.005126040469953, 50.795964730931232 ], [ 2.00514562287087, 50.795947308303298 ], [ 2.005205709792942, 50.795932071263358 ], [ 2.005408834368799, 50.79610007420078 ], [ 2.005479857640149, 50.79614753227618 ], [ 2.005582740668523, 50.79627725364476 ], [ 2.005711781376135, 50.796378292430241 ], [ 2.005823126192907, 50.796452560927911 ], [ 2.005899200117447, 50.796473310060016 ], [ 2.006001359627639, 50.796467438279556 ], [ 2.006108476579265, 50.796450253676142 ], [ 2.006274411664954, 50.796363362276431 ], [ 2.006398304557954, 50.796260958758054 ], [ 2.006595670120749, 50.796079635016149 ], [ 2.006621776000552, 50.796055036363249 ], [ 2.006659475137907, 50.79599246890217 ], [ 2.006727611427021, 50.795988547542734 ], [ 2.006784247050605, 50.796004095635638 ], [ 2.007032982231679, 50.796140384856272 ], [ 2.007123465974599, 50.796188918148552 ], [ 2.007232005753694, 50.796198452880056 ], [ 2.007494424417226, 50.796233059868889 ], [ 2.007734260930544, 50.796247044208762 ], [ 2.007815394113984, 50.79623595793452 ], [ 2.007899916535123, 50.796203315211407 ], [ 2.007976481071602, 50.796147003446308 ], [ 2.00807757277072, 50.796060974567055 ], [ 2.008178113178716, 50.79605508810927 ], [ 2.008241221743063, 50.796070667066346 ], [ 2.0082476638275, 50.796079928356242 ], [ 2.008271875295595, 50.796095397734504 ], [ 2.008308827917632, 50.796145846382693 ], [ 2.008347572381408, 50.79617060141647 ], [ 2.008417327240836, 50.79616358865799 ], [ 2.008524472940972, 50.796140255545581 ], [ 2.008613798697811, 50.796114798329299 ], [ 2.008716232358878, 50.796071926397481 ], [ 2.008729259343544, 50.796064762214378 ], [ 2.008768197397409, 50.796056643018915 ], [ 2.008807033334474, 50.796069085291087 ], [ 2.00885386880492, 50.796093864525048 ], [ 2.008879434033261, 50.796153512437058 ], [ 2.008891992606022, 50.796213136909088 ], [ 2.008880105205181, 50.796295311466004 ], [ 2.00882730532938, 50.796435924063779 ], [ 2.008820353999602, 50.796507826703639 ], [ 2.008831294570416, 50.79656743827131 ], [ 2.008865093063816, 50.796604527162351 ], [ 2.008869937595511, 50.796606587909992 ], [ 2.008946013018824, 50.796627335178229 ], [ 2.009065861174488, 50.796647169351473 ], [ 2.009176071111974, 50.796649527877278 ], [ 2.009329972848934, 50.796664306964843 ], [ 2.009406190450848, 50.796662470617662 ], [ 2.009427440786788, 50.796637852804402 ], [ 2.00942930256221, 50.79660088755692 ], [ 2.009478234784963, 50.796553745282822 ], [ 2.009512643569805, 50.796498358666049 ], [ 2.009504816981759, 50.796457231926013 ], [ 2.009521283251221, 50.796418240506199 ], [ 2.009562062935139, 50.796380343433228 ], [ 2.009622129232634, 50.796369188540972 ], [ 2.009751462592421, 50.796421933075678 ], [ 2.009796832885383, 50.796425136923041 ], [ 2.00987477025224, 50.796408898347394 ], [ 2.010068988658007, 50.796213188649638 ], [ 2.010132098010984, 50.796228766645825 ], [ 2.010200062335598, 50.796250509837151 ], [ 2.010411427503529, 50.796401070948981 ], [ 2.010466172489491, 50.796456705768428 ], [ 2.010547011985682, 50.796492866572947 ], [ 2.010621489549766, 50.796506432358392 ], [ 2.010705869198376, 50.796493287744902 ], [ 2.010777586514716, 50.796437996945009 ], [ 2.010820317519608, 50.796347698181179 ], [ 2.010869258127328, 50.796301596548147 ], [ 2.010953748338725, 50.796275118195886 ], [ 2.011083173901874, 50.796312445377183 ], [ 2.0115403892068, 50.796556115348032 ], [ 2.011626114346805, 50.796586127519795 ], [ 2.011734554647215, 50.79661005311052 ], [ 2.011778004748817, 50.796662554393585 ], [ 2.011898397018592, 50.797092333890802 ], [ 2.011902838224441, 50.797158100255551 ], [ 2.011954399589569, 50.797206541324002 ], [ 2.012119449898252, 50.797252178680552 ], [ 2.012586541438008, 50.797223608168729 ], [ 2.012952637705069, 50.797268736054839 ], [ 2.013161693390058, 50.79728162499822 ], [ 2.013393595993755, 50.797274012224378 ], [ 2.013921203724584, 50.797160323551211 ], [ 2.014091461433413, 50.79715562503101 ], [ 2.014699999971466, 50.797068862189853 ], [ 2.014857380843808, 50.797046661921691 ], [ 2.015283453243584, 50.797092978185191 ], [ 2.015422554500253, 50.797144712787585 ], [ 2.01552713366021, 50.797270334522374 ], [ 2.015514528711122, 50.797462422669895 ], [ 2.01543214837745, 50.797668715082864 ], [ 2.015291747579973, 50.797816305689125 ], [ 2.015208366322267, 50.797926025618494 ], [ 2.015184980979245, 50.798029732927048 ], [ 2.015206738642811, 50.798177744668173 ], [ 2.015298262660882, 50.798310510974567 ], [ 2.01543732788233, 50.798370454018432 ], [ 2.015648066393901, 50.798371018720232 ], [ 2.016021344735438, 50.798312382124038 ], [ 2.016383382233745, 50.79823217243122 ], [ 2.016685224411176, 50.79818978776288 ], [ 2.016826325482212, 50.798181952135039 ], [ 2.016895655143852, 50.798241703379013 ], [ 2.01683658079221, 50.798351496057357 ], [ 2.01651986254222, 50.798690744131633 ], [ 2.01629598201318, 50.798962430940477 ], [ 2.016177580307622, 50.799221035551888 ], [ 2.016094382958505, 50.799552676513258 ], [ 2.01611575543538, 50.799759247787073 ], [ 2.016208883660952, 50.799899213483073 ], [ 2.016451984669708, 50.800165938859429 ], [ 2.016752009906761, 50.800403020695889 ], [ 2.017157125330715, 50.800690724677345 ], [ 2.017543230058027, 50.800906459952714 ], [ 2.017843927976365, 50.801039772514009 ], [ 2.018169279909082, 50.801122804392953 ], [ 2.018541765358315, 50.801189508893117 ], [ 2.018797546262461, 50.801249766930333 ], [ 2.019064470644353, 50.801345990769683 ], [ 2.019261703450013, 50.801434857920064 ], [ 2.019493941923671, 50.80162759164795 ], [ 2.019598609559126, 50.80173881423336 ], [ 2.019714892751201, 50.801812067253714 ], [ 2.01980725313975, 50.801820522486231 ], [ 2.020144620661186, 50.801798770975033 ], [ 2.020330999745665, 50.801813651584851 ], [ 2.020575427306999, 50.801873856609795 ], [ 2.020843907185781, 50.801978317559815 ], [ 2.020982891005137, 50.802052648785661 ], [ 2.021089808745785, 50.802066262906408 ], [ 2.02115621479891, 50.802074653279817 ], [ 2.021681543696996, 50.802075997932285 ], [ 2.022065985152669, 50.802047183011098 ], [ 2.022336916914919, 50.802020138777507 ], [ 2.022547799445434, 50.802006297370177 ], [ 2.02286076320984, 50.801998862563266 ], [ 2.023164073718894, 50.801979098107033 ], [ 2.023746836011665, 50.801869605075176 ], [ 2.023958173065763, 50.801780764340442 ], [ 2.02415825852682, 50.801678520787462 ], [ 2.024332339431181, 50.801583421077794 ], [ 2.024413778003381, 50.801524034584389 ], [ 2.024494945585174, 50.801509854458864 ], [ 2.024588962703624, 50.801510090289582 ], [ 2.024647112953944, 50.801547225088264 ], [ 2.024692188670731, 50.801598712990611 ], [ 2.024750124777297, 50.801665638041392 ], [ 2.024868217637203, 50.801709088372043 ], [ 2.024984953210828, 50.801709381646987 ], [ 2.025147538530016, 50.801636855149546 ], [ 2.025182049418452, 50.80156296565913 ], [ 2.025217994876447, 50.801518879367997 ], [ 2.025428777680462, 50.801519407751385 ], [ 2.025764473795662, 50.801504835709906 ], [ 2.026139274987265, 50.801462638565994 ], [ 2.02633740847096, 50.80141175140858 ], [ 2.026641185832137, 50.801315940512076 ], [ 2.026792149398784, 50.801286527420672 ], [ 2.027002931241598, 50.801287053141586 ], [ 2.027280022457905, 50.801310360327122 ], [ 2.027722308665485, 50.801363867682113 ], [ 2.027874824724532, 50.801348820816266 ], [ 2.028200922243874, 50.801312664214969 ], [ 2.02857897690284, 50.801269423995372 ], [ 2.028707251852053, 50.801239951749288 ], [ 2.028765470560916, 50.801262689699925 ], [ 2.028809584351887, 50.80146931512494 ], [ 2.028880160149326, 50.801594839566754 ], [ 2.029041469169786, 50.801727778537966 ], [ 2.029180615083703, 50.801772309865491 ], [ 2.029247052634107, 50.801780696168784 ], [ 2.029459291474088, 50.801803813298299 ], [ 2.029656936803768, 50.801833083085455 ], [ 2.029797882933378, 50.80184781576375 ], [ 2.029843107934195, 50.801877719752476 ], [ 2.029878315814388, 50.801951773122745 ], [ 2.029936307022474, 50.802011508390962 ], [ 2.03007518060217, 50.802106390549689 ], [ 2.030133143375223, 50.80216918877111 ], [ 2.030237998720511, 50.802257819389091 ], [ 2.030388363251129, 50.802323939708465 ], [ 2.03057463220256, 50.802354200586905 ], [ 2.030819285429979, 50.802384595185877 ], [ 2.030888589843856, 50.802451545630959 ], [ 2.031016135048003, 50.802540231963512 ], [ 2.031156610976471, 50.802636126351487 ], [ 2.031318252367297, 50.802717689659609 ], [ 2.031643626763444, 50.802799664963594 ], [ 2.031957768783805, 50.802867216749057 ], [ 2.032124446721038, 50.802919006200845 ], [ 2.032240731220533, 50.802993268337325 ], [ 2.032334412338124, 50.803052058369246 ], [ 2.032565686378867, 50.803149197059994 ], [ 2.032787335005027, 50.803230904121868 ], [ 2.033007466751569, 50.80329001483706 ], [ 2.033171052591606, 50.8033202157633 ], [ 2.033287791968489, 50.803320501259066 ], [ 2.033369091347596, 50.803283712232307 ], [ 2.033522222070836, 50.80316593333626 ], [ 2.033673234400569, 50.803129324668042 ], [ 2.034021832583119, 50.803130186883777 ], [ 2.034383153044379, 50.803168046234788 ], [ 2.03459340867123, 50.803257950593149 ], [ 2.034754868985713, 50.80336827867017 ], [ 2.034940714588571, 50.803471467630487 ], [ 2.035115453472992, 50.80353148418672 ], [ 2.035418150948694, 50.80361339389006 ], [ 2.035649929415769, 50.80362936386387 ], [ 2.036000149368489, 50.803630233074315 ], [ 2.036280655637204, 50.803630902259812 ], [ 2.036418261517965, 50.803667204595364 ], [ 2.036515166039264, 50.803727017383359 ], [ 2.036678120455079, 50.803859958551413 ], [ 2.03675796657604, 50.804066656218957 ], [ 2.036838397423434, 50.804171649687582 ], [ 2.03696756532676, 50.804259301015705 ], [ 2.037465689772019, 50.804474196835706 ], [ 2.037826493690392, 50.804601457450573 ], [ 2.037956029386994, 50.804633611303473 ], [ 2.03816833232504, 50.804652629510592 ], [ 2.038423072726915, 50.804621381016752 ], [ 2.038547889184034, 50.804625808275446 ], [ 2.038615977660385, 50.804628015649278 ], [ 2.03871648697502, 50.804632375242775 ], [ 2.038922212782046, 50.80466471566811 ], [ 2.03910182863054, 50.804728848444036 ], [ 2.039509269293162, 50.80492297479892 ], [ 2.039611129856342, 50.80497151117504 ], [ 2.03979045109646, 50.805082911031732 ], [ 2.040305543322084, 50.805442720150573 ], [ 2.040515254359125, 50.805620963957544 ], [ 2.041031334338005, 50.806090694292905 ], [ 2.041354040088916, 50.806361664103108 ], [ 2.041799684538574, 50.8066781461416 ], [ 2.042427879656207, 50.807112193366777 ], [ 2.042629677222213, 50.807262662777809 ], [ 2.042844399887022, 50.807422420899201 ], [ 2.043165687024007, 50.807661540631109 ], [ 2.04342104518668, 50.807799826662773 ], [ 2.044352567349252, 50.808227382951081 ], [ 2.044475539820889, 50.808272873592315 ], [ 2.04495290550318, 50.80844146948472 ], [ 2.045255296684251, 50.808584997307491 ], [ 2.045449538744506, 50.808644026968615 ], [ 2.045312129791515, 50.808570757359107 ], [ 2.045216721988515, 50.808524297614625 ], [ 2.045233003661518, 50.808516113609066 ], [ 2.045250893078959, 50.808506900821065 ], [ 2.045327251164773, 50.808479356260001 ], [ 2.04536624330642, 50.808470185063449 ], [ 2.045369469467251, 50.808469168685221 ], [ 2.045398684543557, 50.808468211332702 ], [ 2.045437645745247, 50.808459059898027 ], [ 2.045569309536323, 50.808402868191671 ], [ 2.045757979700682, 50.808305709182605 ], [ 2.045855685275598, 50.808238125210266 ], [ 2.045955106456395, 50.808151033598634 ], [ 2.04611002075738, 50.808001400106626 ], [ 2.046317084214315, 50.807810781784902 ], [ 2.046421299027471, 50.807738081688818 ], [ 2.046634453241866, 50.807609134799783 ], [ 2.046741798408738, 50.807558021260704 ], [ 2.046879952501217, 50.807500796645193 ], [ 2.046945012960085, 50.807464995950632 ], [ 2.046995623258909, 50.807408602925285 ], [ 2.047028521742261, 50.807326487208428 ], [ 2.047012791742794, 50.807243238620181 ], [ 2.04694669627175, 50.807176302384562 ], [ 2.04682531943486, 50.80714005611209 ], [ 2.046718356034266, 50.807129527219651 ], [ 2.046733463327932, 50.807037104579358 ] ], [ [ 1.952392085183255, 50.777021159227601 ], [ 1.95235638248025, 50.77702516361402 ], [ 1.952328819757382, 50.777028155279432 ], [ 1.952302899703895, 50.777027036135784 ], [ 1.952270525090908, 50.777020776960022 ], [ 1.952249537860023, 50.777011470087238 ], [ 1.952241487732488, 50.777005275462237 ], [ 1.95223350918515, 50.776989831060767 ], [ 1.952219269040778, 50.776942538284281 ], [ 1.952200350099182, 50.776876725386145 ], [ 1.95219720271369, 50.776862322764117 ], [ 1.952184598697847, 50.776817066013983 ], [ 1.952168889669818, 50.776755384721156 ], [ 1.952154662730688, 50.776706009693392 ], [ 1.952127659871718, 50.776637085300521 ], [ 1.952106887212245, 50.776600049073927 ], [ 1.952082917443476, 50.776556819006728 ], [ 1.952067106917211, 50.776504367183549 ], [ 1.952065741539949, 50.776470457632072 ], [ 1.952070842871364, 50.776439645930694 ], [ 1.952084209022593, 50.776387279516634 ], [ 1.952094193306735, 50.776356488890706 ], [ 1.952097524922238, 50.776343141915348 ], [ 1.952096037702333, 50.77632671095958 ], [ 1.952085008498128, 50.776283509710169 ], [ 1.952069160489496, 50.776237224475445 ], [ 1.95206279945908, 50.776221793659452 ], [ 1.952061206603584, 50.77621769566359 ], [ 1.952022990693087, 50.776133319553828 ], [ 1.951994268850856, 50.776073630989188 ], [ 1.951949704446478, 50.775971781821404 ], [ 1.952062065042701, 50.77590122736882 ], [ 1.952263547529674, 50.776040557881579 ], [ 1.95236038072874, 50.776089166498473 ], [ 1.952539487292371, 50.776189384494145 ], [ 1.952676434840512, 50.776291530104622 ], [ 1.952785842382854, 50.776395626332715 ], [ 1.952846517837875, 50.776510905561416 ], [ 1.952873127271804, 50.776632225308227 ], [ 1.952880577857139, 50.776719585951554 ], [ 1.952893220361544, 50.776758656013996 ], [ 1.952935128673649, 50.776790643997941 ], [ 1.952981927414585, 50.776816466131208 ], [ 1.952988363292172, 50.776819583696067 ], [ 1.952840460606405, 50.776877686301511 ], [ 1.952695749573346, 50.776937857870308 ], [ 1.952502261415858, 50.777021505659448 ], [ 1.952494164595304, 50.777020456431025 ], [ 1.952474757592183, 50.777017309788825 ], [ 1.9524471983828, 50.777017218050759 ], [ 1.952392085183255, 50.777021159227601 ] ] ] ] } },
{ "type": "Feature", "properties": { "fid": 55, "CODE_AZI": "AZI15", "VALLEE": "Hem", "ANNEE": "2003", "CODE_CRUE": "4", "NATURE": "non inondé" }, "geometry": { "type": "MultiPolygon", "coordinates": [ [ [ [ 2.126130678886125, 50.86177792494734 ], [ 2.126052798040758, 50.861771613353412 ], [ 2.125922912222109, 50.86177756925796 ], [ 2.125859429223264, 50.861818544119735 ], [ 2.125856152471488, 50.861820603153028 ], [ 2.12576616605029, 50.861988915352228 ], [ 2.125691817738525, 50.862290826094323 ], [ 2.125665393106575, 50.862399666052127 ], [ 2.125623818111993, 50.86301598966174 ], [ 2.125603563228244, 50.863196762111663 ], [ 2.125552539076084, 50.863359000999139 ], [ 2.125451197121859, 50.863519085075865 ], [ 2.125425030139481, 50.863564245202696 ], [ 2.125379382619785, 50.863611430722564 ], [ 2.125284782183601, 50.863712965435596 ], [ 2.12520635611391, 50.863837135275695 ], [ 2.125166431423261, 50.864062052053441 ], [ 2.125194848993782, 50.864248050437425 ], [ 2.125381844453452, 50.864553475383133 ], [ 2.125487699181515, 50.864858771104295 ], [ 2.125517783801239, 50.865033469992696 ], [ 2.125563722344909, 50.865306814768083 ], [ 2.125535267120909, 50.865507087844605 ], [ 2.125522085883103, 50.865549195931642 ], [ 2.125503924925354, 50.865619015741508 ], [ 2.125484098486618, 50.865700134724229 ], [ 2.125472420931098, 50.865775104900742 ], [ 2.125503049268497, 50.865824466976633 ], [ 2.1255809201474, 50.86583694469099 ], [ 2.125631285416911, 50.865827768818235 ], [ 2.125680047894571, 50.865817580722137 ], [ 2.125730599614426, 50.865766305677425 ], [ 2.125738759203811, 50.865756052999743 ], [ 2.125778298404482, 50.86561947882106 ], [ 2.125795068519087, 50.865491092949696 ], [ 2.125798427762709, 50.865463369842516 ], [ 2.125811585368698, 50.865424344519411 ], [ 2.125880839189825, 50.865177912802906 ], [ 2.126029418904812, 50.864591569577918 ], [ 2.126075568616457, 50.864428315689267 ], [ 2.126108556169895, 50.86430610908144 ], [ 2.126140211808617, 50.864120211778364 ], [ 2.126140842695184, 50.863972293722462 ], [ 2.126141308730276, 50.86385826713304 ], [ 2.126084099637287, 50.863568447147458 ], [ 2.126065029736781, 50.863471860467939 ], [ 2.125987465419152, 50.863010452156189 ], [ 2.126000173208183, 50.86269303484454 ], [ 2.126079707494446, 50.862313065046209 ], [ 2.126133906713703, 50.862163159850013 ], [ 2.126160192165164, 50.862095418496381 ], [ 2.126186526298125, 50.862009159577369 ], [ 2.126207907817217, 50.861940362834034 ], [ 2.126204842921541, 50.861902344625967 ], [ 2.126200143080156, 50.861858169014027 ], [ 2.12619051615338, 50.861833497745991 ], [ 2.126180905370907, 50.861802660629039 ], [ 2.126130678886125, 50.86177792494734 ] ] ] ] } },
{ "type": "Feature", "properties": { "fid": 56, "CODE_AZI": "AZI15", "VALLEE": "Hem", "ANNEE": "2003", "CODE_CRUE": "2", "NATURE": "Crue centennale" }, "geometry": { "type": "MultiPolygon", "coordinates": [ [ [ [ 2.084998639673548, 50.824848706647259 ], [ 2.085071694658659, 50.824836530012242 ], [ 2.085164094536494, 50.824849040619128 ], [ 2.085350332545784, 50.82490900812298 ], [ 2.085484902480801, 50.824922628854758 ], [ 2.085648705642563, 50.824928095351773 ], [ 2.085815934422426, 50.824896588709144 ], [ 2.085950932531706, 50.824824964386558 ], [ 2.08600324344614, 50.824745946423882 ], [ 2.085971046005686, 50.824700683915289 ], [ 2.085919285616505, 50.824667710676451 ], [ 2.085857902275205, 50.824621353115255 ], [ 2.085858056941121, 50.824589501470484 ], [ 2.085879370135383, 50.824543310133542 ], [ 2.085983349329365, 50.824510638502652 ], [ 2.086087328021676, 50.824477986801242 ], [ 2.086230144485199, 50.824464919700354 ], [ 2.086397156325951, 50.824478617207376 ], [ 2.086656588865907, 50.824498657805727 ], [ 2.086810790452929, 50.824479447086205 ], [ 2.086924616312187, 50.82442112035919 ], [ 2.087048520740225, 50.824296018560467 ], [ 2.087081422844075, 50.824205686387423 ], [ 2.087070424678171, 50.82413375182702 ], [ 2.087030180283571, 50.824074075813158 ], [ 2.086874941983061, 50.823976158595841 ], [ 2.086358688439146, 50.823744979957006 ], [ 2.085155444685007, 50.823358301766305 ], [ 2.084588534956927, 50.823199939027397 ], [ 2.084271125985103, 50.823096562426002 ], [ 2.084177171962464, 50.823070685897797 ], [ 2.083821790026978, 50.823100787016664 ], [ 2.083641507238065, 50.823149733124858 ], [ 2.083495285756713, 50.823198729312267 ], [ 2.08339288187951, 50.823235514748241 ], [ 2.083207620334873, 50.823306025882147 ], [ 2.082897325513279, 50.823397839423919 ], [ 2.082803172096841, 50.823416145976537 ], [ 2.082648509418888, 50.823528844784974 ], [ 2.082449776336902, 50.823690749930698 ], [ 2.082408711164303, 50.823789309441828 ], [ 2.082408276693394, 50.823874574135615 ], [ 2.082448099749215, 50.824018495420638 ], [ 2.082572114627985, 50.824189283624222 ], [ 2.082684763392856, 50.824365193338103 ], [ 2.08286845793502, 50.824601867870875 ], [ 2.082952370345163, 50.824687312802091 ], [ 2.083136479148939, 50.824844888452851 ], [ 2.08331104963392, 50.824969559831331 ], [ 2.083570133443942, 50.825055371923156 ], [ 2.083912368850263, 50.825063254027519 ], [ 2.084139574276032, 50.825043181869283 ], [ 2.084305164149085, 50.825017831545878 ], [ 2.084511219875662, 50.825004890780221 ], [ 2.084728578333633, 50.825005346394065 ], [ 2.084822691598064, 50.824999370806196 ], [ 2.084903995487335, 50.824960487320894 ], [ 2.084956289144694, 50.824882510745049 ], [ 2.084998639673548, 50.824848706647259 ] ], [ [ 2.085983803527422, 50.824422290895903 ], [ 2.085883088582438, 50.824451883283594 ], [ 2.08582282551041, 50.824497989073521 ], [ 2.085798302281892, 50.824535948404211 ], [ 2.085768996632197, 50.824556434692241 ], [ 2.085725182309593, 50.824558395559642 ], [ 2.085465674544095, 50.824555830461406 ], [ 2.085316529312266, 50.824539079588526 ], [ 2.085034542478708, 50.824486116868592 ], [ 2.084699288751276, 50.824385773848611 ], [ 2.08443385244881, 50.824273249864177 ], [ 2.083953170439599, 50.824058559410233 ], [ 2.083629576293023, 50.823900719796221 ], [ 2.083480644034421, 50.823840823793454 ], [ 2.083339859406268, 50.823774781148153 ], [ 2.083291406377106, 50.823731520454757 ], [ 2.083268916687127, 50.823693475944225 ], [ 2.083264223144416, 50.823659546469607 ], [ 2.083288783420588, 50.823611317258816 ], [ 2.083376836527837, 50.823524174538527 ], [ 2.083487454663528, 50.823457618788105 ], [ 2.083539436682844, 50.823443346027219 ], [ 2.083587755277258, 50.823512272120425 ], [ 2.083669854333092, 50.823631618343406 ], [ 2.083718279365316, 50.823683087150378 ], [ 2.083806131231059, 50.823631899729932 ], [ 2.083798158718719, 50.82360517361537 ], [ 2.083699847814542, 50.823478600925149 ], [ 2.083653133886188, 50.8234137909064 ], [ 2.083672607634208, 50.823409709765187 ], [ 2.083953553145283, 50.823350692582537 ], [ 2.084253650657776, 50.823345150530841 ], [ 2.084624972672128, 50.823370562413224 ], [ 2.084728580514572, 50.82340982322868 ], [ 2.08477541090472, 50.823449988280373 ], [ 2.084780091791775, 50.823488001819356 ], [ 2.084783153408679, 50.823526023482508 ], [ 2.084799174622081, 50.823562018146205 ], [ 2.084842767018108, 50.823602179398918 ], [ 2.084923605371703, 50.823653705609431 ], [ 2.085108099771356, 50.823735243056738 ], [ 2.085336467336285, 50.823806591456943 ], [ 2.085782104503327, 50.82388970424153 ], [ 2.085942551606054, 50.823919811170931 ], [ 2.086203445548794, 50.823971716282593 ], [ 2.086423764424026, 50.824025585679465 ], [ 2.086611645580033, 50.824082480259037 ], [ 2.086752470600584, 50.824138228840106 ], [ 2.086800826797252, 50.824202028575563 ], [ 2.086792287707774, 50.824283169592569 ], [ 2.086746452674187, 50.824367340648983 ], [ 2.086682910640789, 50.824425755514639 ], [ 2.086606587853599, 50.824437929160261 ], [ 2.086457355756574, 50.824437635951298 ], [ 2.086181728000856, 50.824414473069382 ], [ 2.085983803527422, 50.824422290895903 ] ] ] ] } },
{ "type": "Feature", "properties": { "fid": 57, "CODE_AZI": "AZI15", "VALLEE": "Hem", "ANNEE": "2003", "CODE_CRUE": "2", "NATURE": "Crue centennale" }, "geometry": { "type": "MultiPolygon", "coordinates": [ [ [ [ 2.118822167972456, 50.869247126772123 ], [ 2.118773400752427, 50.869257312127793 ], [ 2.118748898567279, 50.869294254407258 ], [ 2.118685516977246, 50.869309541395666 ], [ 2.118633590286392, 50.86930122669785 ], [ 2.118584846445779, 50.869308349216951 ], [ 2.118433666668541, 50.86935020128319 ], [ 2.118345933590382, 50.869364415036252 ], [ 2.11770579739177, 50.869468069693418 ], [ 2.117669960882612, 50.869495742756328 ], [ 2.117608187771489, 50.86951514450223 ], [ 2.11756600259843, 50.869505817279958 ], [ 2.117533624452203, 50.869488311580596 ], [ 2.116976345113159, 50.869576693824243 ], [ 2.114596279505806, 50.869919636883843 ], [ 2.113494700352302, 50.870099487828853 ], [ 2.113332151331206, 50.870137188974049 ], [ 2.113068816984622, 50.870207604864973 ], [ 2.112647955697872, 50.87028594771698 ], [ 2.112365364046827, 50.870305977060482 ], [ 2.112089459044722, 50.870281831150599 ], [ 2.111823073199068, 50.870307039523688 ], [ 2.111692953354285, 50.870359183137445 ], [ 2.111540264344088, 50.870375351571596 ], [ 2.111413523432863, 50.870395668553201 ], [ 2.111345282287856, 50.870408895240608 ], [ 2.111307845418728, 50.870433472108751 ], [ 2.111284969254759, 50.870461175649091 ], [ 2.111339606926381, 50.870588666488338 ], [ 2.111500388393305, 50.87093412108365 ], [ 2.111695157842703, 50.871306362762461 ], [ 2.112150768893773, 50.872156795507657 ], [ 2.112400454629278, 50.872596930624923 ], [ 2.112465253363911, 50.87262786092316 ], [ 2.112630680571704, 50.872666173790449 ], [ 2.112548143720463, 50.872609532976831 ], [ 2.112483452906197, 50.872551878058175 ], [ 2.112476428603132, 50.872310458325195 ], [ 2.112576107270655, 50.872169893373183 ], [ 2.112529466690535, 50.872072208673714 ], [ 2.112303060688118, 50.871872508146012 ], [ 2.112045942166343, 50.871646023077965 ], [ 2.111903863399883, 50.871471125322984 ], [ 2.111831426130203, 50.871333338418012 ], [ 2.111654536946042, 50.870952896435298 ], [ 2.111636328995136, 50.870673440109513 ], [ 2.111653353996388, 50.870501917550698 ], [ 2.111795191697328, 50.87036861989057 ], [ 2.111887995273044, 50.870315369542709 ], [ 2.112086127543177, 50.870302387079562 ], [ 2.112240274368014, 50.870321161723766 ], [ 2.112386342628256, 50.870336835753363 ], [ 2.112540603961861, 50.870331968260942 ], [ 2.112901267701008, 50.870277160331383 ], [ 2.113096248199427, 50.870243614222282 ], [ 2.113314132795794, 50.870172094285756 ], [ 2.113397066650936, 50.87014245523627 ], [ 2.113489676952418, 50.870129260582338 ], [ 2.113538410284432, 50.870126263918301 ], [ 2.113585534502712, 50.870119171893116 ], [ 2.113613162675931, 50.870107917392339 ], [ 2.113908867409209, 50.870062213817434 ], [ 2.114152579235379, 50.870025689232968 ], [ 2.114224031084089, 50.870022733613894 ], [ 2.114308471833299, 50.870016707210887 ], [ 2.114358872740536, 50.870002431287695 ], [ 2.114388163637865, 50.869987064486892 ], [ 2.114432004221621, 50.869984072755635 ], [ 2.11445959133882, 50.869987191506873 ], [ 2.114493691085356, 50.869990336491469 ], [ 2.114529398261158, 50.869987326993346 ], [ 2.114576535039814, 50.869981235639436 ], [ 2.114615549640691, 50.869971042721694 ], [ 2.115647367873678, 50.86977771464958 ], [ 2.115645676078179, 50.869792096401838 ], [ 2.115650490669819, 50.86980340132407 ], [ 2.115671619383988, 50.869803431087171 ], [ 2.115790235185969, 50.869778988270639 ], [ 2.115858610652292, 50.869739054586042 ], [ 2.117116017393871, 50.869566672529288 ], [ 2.117179317827191, 50.869569863423585 ], [ 2.117247486523611, 50.869576151684534 ], [ 2.117307551662225, 50.869577277653534 ], [ 2.117408250932137, 50.869568221267535 ], [ 2.117669708984612, 50.869553275958545 ], [ 2.117853227243611, 50.869538179005204 ], [ 2.118368255478485, 50.869457942136847 ], [ 2.11844312879705, 50.869416991968585 ], [ 2.118591079222242, 50.869371013139585 ], [ 2.118709716387033, 50.869343484750054 ], [ 2.118779668819769, 50.869312789424349 ], [ 2.118783119733922, 50.86926450764085 ], [ 2.118822167972456, 50.869247126772123 ] ] ] ] } },
{ "type": "Feature", "properties": { "fid": 58, "CODE_AZI": "AZI15", "VALLEE": "Hem", "ANNEE": "2003", "CODE_CRUE": "2", "NATURE": "Crue centennale" }, "geometry": { "type": "MultiPolygon", "coordinates": [ [ [ [ 2.084189061743813, 50.822966946163312 ], [ 2.084197335982614, 50.822937176197989 ], [ 2.083726478779202, 50.822712225875001 ], [ 2.083059988365732, 50.822357441493196 ], [ 2.082552438189686, 50.822018398790505 ], [ 2.082201817497896, 50.821749521239042 ], [ 2.081779861020983, 50.821479476198093 ], [ 2.081391522633471, 50.821301972964456 ], [ 2.081113053900311, 50.821201737939944 ], [ 2.080942823754363, 50.821185967339808 ], [ 2.080774083736304, 50.821193831953529 ], [ 2.080554912344016, 50.821231395314342 ], [ 2.080277506154255, 50.821246225343081 ], [ 2.080034309024928, 50.821223127829967 ], [ 2.079580694248377, 50.821120474829762 ], [ 2.07940096071761, 50.821058444085537 ], [ 2.079134160651674, 50.820903794337333 ], [ 2.079014633538775, 50.820803888281397 ], [ 2.078808181733052, 50.820580512155793 ], [ 2.078640919647968, 50.82031097726037 ], [ 2.078474233211405, 50.819927428004696 ], [ 2.078411835877922, 50.819757770929279 ], [ 2.078438152250938, 50.819688994017525 ], [ 2.07834107337835, 50.819642568474343 ], [ 2.078024900178999, 50.819626494907311 ], [ 2.077807746986276, 50.8195880094841 ], [ 2.077675092003032, 50.819526104279518 ], [ 2.077651100187412, 50.819457215334481 ], [ 2.077711747395472, 50.819334055957192 ], [ 2.077700596804405, 50.819296013994858 ], [ 2.077459130599186, 50.8192574880919 ], [ 2.077324645393632, 50.819233588409084 ], [ 2.077178969150892, 50.819178833726014 ], [ 2.077022023098053, 50.819102473018894 ], [ 2.076769539222059, 50.819002280150649 ], [ 2.076635125862991, 50.818962964220518 ], [ 2.076610901373182, 50.818946467726185 ], [ 2.076569031477968, 50.818884733566456 ], [ 2.076559410904152, 50.818863139891889 ], [ 2.076471731934681, 50.818883511833533 ], [ 2.076291606567249, 50.818899554551614 ], [ 2.076302939724183, 50.818907807065784 ], [ 2.075456777569699, 50.819121759584085 ], [ 2.075389069764902, 50.819046619563125 ], [ 2.075295274128651, 50.818993008447293 ], [ 2.075131660581615, 50.818953614301776 ], [ 2.074843161587332, 50.818918077606057 ], [ 2.074329051788852, 50.818911836379392 ], [ 2.073723978223251, 50.818930082937136 ], [ 2.073039387183686, 50.818958406053738 ], [ 2.073021472540211, 50.818970705689651 ], [ 2.072995452094485, 50.818981943970726 ], [ 2.072953230922191, 50.818992120721177 ], [ 2.072877072229397, 50.818977579480404 ], [ 2.072669483900744, 50.818977135681934 ], [ 2.072070713962624, 50.819029276342441 ], [ 2.071601609541341, 50.819098136812848 ], [ 2.071112912861321, 50.819190574113698 ], [ 2.070754007514103, 50.819278151558272 ], [ 2.070474680434609, 50.819347422058847 ], [ 2.070274810316251, 50.819414802309979 ], [ 2.069908889928476, 50.819596883233231 ], [ 2.069660177889487, 50.81970011549376 ], [ 2.069526934744734, 50.819749132432271 ], [ 2.069354817806167, 50.819782663072161 ], [ 2.069051248318992, 50.819831328065462 ], [ 2.068817534549111, 50.819860613762138 ], [ 2.068118153427192, 50.819922774686312 ], [ 2.067626451694113, 50.819965884626669 ], [ 2.067144489188135, 50.820014150835519 ], [ 2.066574918993922, 50.820062219346042 ], [ 2.066052427994153, 50.820100127256786 ], [ 2.065802611504669, 50.820109846405629 ], [ 2.065562582685784, 50.820104182403263 ], [ 2.065327531159997, 50.820079014973395 ], [ 2.064916153824528, 50.819969197261933 ], [ 2.064506689525999, 50.819811102322184 ], [ 2.064179950864138, 50.819648061585816 ], [ 2.063806494961484, 50.819425327169455 ], [ 2.063748349265293, 50.819382045662259 ], [ 2.063826634061119, 50.819304132245456 ], [ 2.063722365130738, 50.819391220145356 ], [ 2.063627586075127, 50.819516358780319 ], [ 2.063594350059611, 50.819663201980056 ], [ 2.063626006221694, 50.819803005032441 ], [ 2.063696883382439, 50.819895613427931 ], [ 2.063918270057061, 50.820041987379504 ], [ 2.06414799464257, 50.820149342913979 ], [ 2.064462015960459, 50.820264078007028 ], [ 2.064839448405016, 50.820356344410818 ], [ 2.065058241975949, 50.82038355298922 ], [ 2.065614379761027, 50.82041867715877 ], [ 2.066277824999533, 50.820406773403583 ], [ 2.067191419904915, 50.820329669570754 ], [ 2.068504649191935, 50.820132179403537 ], [ 2.069168654375318, 50.820014454590059 ], [ 2.069330978233776, 50.819990140708896 ], [ 2.069486741441913, 50.81998021261105 ], [ 2.069713814917247, 50.819982749186572 ], [ 2.069909940786399, 50.820006796904153 ], [ 2.070109154989879, 50.82005861617624 ], [ 2.070275822985831, 50.820130873734279 ], [ 2.070447236936877, 50.820228853132456 ], [ 2.070570013941652, 50.820320563332515 ], [ 2.072033136244551, 50.81999083577891 ], [ 2.072162600838926, 50.820046576846558 ], [ 2.0722515379602, 50.820100194106651 ], [ 2.072356516548747, 50.820181599452788 ], [ 2.072470917783825, 50.820321555531166 ], [ 2.072531972709786, 50.820435728031967 ], [ 2.072541580241239, 50.820456300819636 ], [ 2.072595836983053, 50.820620794904578 ], [ 2.072625369196206, 50.820863325998367 ], [ 2.072652179464296, 50.821007214511063 ], [ 2.072689018582066, 50.82109461900972 ], [ 2.07268872683716, 50.821153177530263 ], [ 2.072644653225857, 50.821205484043176 ], [ 2.072512523252372, 50.821345947093214 ], [ 2.072442002303947, 50.821491693645989 ], [ 2.072465388298474, 50.821665367441966 ], [ 2.072516829259695, 50.821752800519583 ], [ 2.072526213405223, 50.821821661600929 ], [ 2.072464299606045, 50.821873915283881 ], [ 2.072235184601576, 50.821946366231636 ], [ 2.071535016708959, 50.822148285105307 ], [ 2.07123763671428, 50.822254500968114 ], [ 2.071107492674493, 50.82232716699108 ], [ 2.071037328922897, 50.822404063998469 ], [ 2.070991068824456, 50.82255909983953 ], [ 2.070967448358821, 50.822733704500401 ], [ 2.070943884933746, 50.822888789353883 ], [ 2.070825885840679, 50.823116605875768 ], [ 2.070687001852376, 50.823304325176686 ], [ 2.070471432234585, 50.823576119662555 ], [ 2.070356893065864, 50.82376387994892 ], [ 2.070379059159023, 50.823861525987198 ], [ 2.070438712578039, 50.823929460714488 ], [ 2.070508195277396, 50.823983033827368 ], [ 2.070600081467384, 50.824087005853983 ], [ 2.070692247138218, 50.824144732149072 ], [ 2.07078129295547, 50.82417472650851 ], [ 2.070820090107206, 50.824199461058434 ], [ 2.070803769399937, 50.824217918523772 ], [ 2.070759962562406, 50.824217812062749 ], [ 2.070780663219952, 50.824290801596213 ], [ 2.070872080877594, 50.824484162085867 ], [ 2.071002445834393, 50.824674509421911 ], [ 2.071039452680139, 50.824733145503679 ], [ 2.071055113686503, 50.82483899126931 ], [ 2.071068556658042, 50.825052711682218 ], [ 2.071137911785581, 50.825124782447155 ], [ 2.071343529237325, 50.825198169084722 ], [ 2.071664235135889, 50.82528618704778 ], [ 2.071968971333946, 50.825331020871118 ], [ 2.072090597099965, 50.825337432323224 ], [ 2.072084052089153, 50.825347694203785 ], [ 2.072038191723594, 50.825431839697508 ], [ 2.07197630310359, 50.825475884620097 ], [ 2.07200543250399, 50.825488274098674 ], [ 2.072076667066078, 50.825515151725682 ], [ 2.07211726759934, 50.82550700536607 ], [ 2.072127179961223, 50.825470041037406 ], [ 2.072129106839418, 50.825415599304215 ], [ 2.072150493723937, 50.82536120236999 ], [ 2.072165195340801, 50.825342732705685 ], [ 2.072223548692856, 50.825345950068652 ], [ 2.072390707831588, 50.825331918843688 ], [ 2.072582184139943, 50.825317948262814 ], [ 2.072689282827021, 50.82531201840785 ], [ 2.072750863758616, 50.825322406905116 ], [ 2.072888563380629, 50.825356605686324 ], [ 2.073024507626755, 50.825419580900324 ], [ 2.073171381588573, 50.825555492264108 ], [ 2.073230968925773, 50.825638840812402 ], [ 2.073382935736536, 50.82573574957091 ], [ 2.073514039365695, 50.825786355513742 ], [ 2.073689053445051, 50.825821671676643 ], [ 2.073941962067849, 50.825850979737936 ], [ 2.074094304292379, 50.82587493531382 ], [ 2.074225462076101, 50.825919374548022 ], [ 2.074453447195997, 50.826060611714368 ], [ 2.074545266659756, 50.826182037868818 ], [ 2.074620766583142, 50.826321921838208 ], [ 2.074786363187823, 50.826603779958134 ], [ 2.075099047975878, 50.826982507932847 ], [ 2.075741411916742, 50.827606469736502 ], [ 2.076245446520091, 50.828004091181285 ], [ 2.076649795202986, 50.828233019569375 ], [ 2.076962116477961, 50.828379561195511 ], [ 2.077383047849279, 50.828539699274067 ], [ 2.077841430646797, 50.828672164402768 ], [ 2.07842157018157, 50.828794617135792 ], [ 2.078826616881691, 50.828892028627223 ], [ 2.079006351953234, 50.828957122394584 ], [ 2.079302461352877, 50.82910363819407 ], [ 2.079546790088687, 50.829223323731803 ], [ 2.079542083724324, 50.82919351851487 ], [ 2.079522836057885, 50.829150332307613 ], [ 2.079497071021713, 50.829114305326087 ], [ 2.079345665832125, 50.828904413201407 ], [ 2.079334381986628, 50.828890015184989 ], [ 2.079175684079829, 50.828837269819097 ], [ 2.079034886402883, 50.828768159649869 ], [ 2.078863697609526, 50.828623968020835 ], [ 2.07871535423683, 50.82845207647523 ], [ 2.078662339270978, 50.828351281670741 ], [ 2.078615709285981, 50.828272076108064 ], [ 2.0784769015149, 50.82813823359804 ], [ 2.078405748533913, 50.828094943568857 ], [ 2.078189018831242, 50.827970174273524 ], [ 2.07790252306743, 50.827846289773305 ], [ 2.077661387895851, 50.827737895877426 ], [ 2.077397624658266, 50.827614058287992 ], [ 2.076992784909408, 50.827479665459585 ], [ 2.076589465700702, 50.827360658319797 ], [ 2.076325486374071, 50.827276877874645 ], [ 2.076139471245471, 50.827176837620392 ], [ 2.075929407857923, 50.827019199776153 ], [ 2.075806750541172, 50.826899768404203 ], [ 2.075511722242092, 50.826553946870305 ], [ 2.075296121558281, 50.826218564004243 ], [ 2.075095209260733, 50.825868834727395 ], [ 2.074987839666012, 50.825616899307235 ], [ 2.074918917953327, 50.825461628356095 ], [ 2.074864505434261, 50.825319718697997 ], [ 2.074820082656995, 50.825131615505725 ], [ 2.074759333112811, 50.824964032273186 ], [ 2.074666344078597, 50.824757329485841 ], [ 2.074573713262613, 50.824481798259981 ], [ 2.074568113898436, 50.824312261908759 ], [ 2.07457535470983, 50.824173592617875 ], [ 2.075054178524497, 50.82226881698255 ], [ 2.075149763622226, 50.821978265215471 ], [ 2.07521864333932, 50.821836629380506 ], [ 2.075258424274345, 50.821674396415368 ], [ 2.075336987471351, 50.821541000782062 ], [ 2.075509909159104, 50.821353348338029 ], [ 2.075603203966921, 50.821196357234115 ], [ 2.075678598226216, 50.821047561858499 ], [ 2.075772559193334, 50.821069320711956 ], [ 2.075932750614094, 50.821140561469619 ], [ 2.076084870243719, 50.821205595788669 ], [ 2.07623695631152, 50.821275774992579 ], [ 2.07644737781797, 50.821361502076108 ], [ 2.076570669139843, 50.82135662991849 ], [ 2.076677848924429, 50.821334240228609 ], [ 2.076762506883749, 50.821275866473087 ], [ 2.076942009777373, 50.82106563734559 ], [ 2.077057373204851, 50.821026830885678 ], [ 2.07717582563124, 50.821020921251844 ], [ 2.077284444305119, 50.821031415746994 ], [ 2.077454780105765, 50.821021505534652 ], [ 2.077521348165155, 50.82101136740495 ], [ 2.077594477031168, 50.82098173757079 ], [ 2.077656321711224, 50.820942814617958 ], [ 2.077677778681772, 50.820870938832307 ], [ 2.077678221182861, 50.820785673761328 ], [ 2.077659064809677, 50.820731175626392 ], [ 2.077610812612488, 50.820650955649171 ], [ 2.077544762915724, 50.820563476486605 ], [ 2.077462601205077, 50.820458519980789 ], [ 2.07739173619929, 50.82036383762091 ], [ 2.077298323472795, 50.820236254276026 ], [ 2.077193492336028, 50.820119938035226 ], [ 2.077064608119479, 50.819956314609108 ], [ 2.076895196577154, 50.819782320285078 ], [ 2.076732247829221, 50.819620686349985 ], [ 2.07652078211117, 50.819428120800431 ], [ 2.076485298789963, 50.819391059572503 ], [ 2.076463536779802, 50.819208148450947 ], [ 2.076492872885303, 50.81917943585502 ], [ 2.076371886136648, 50.819054870504331 ], [ 2.076355916941112, 50.819006542023374 ], [ 2.076542724279064, 50.818954551334386 ], [ 2.076597919634612, 50.818946431573089 ], [ 2.077107346151649, 50.819534152726483 ], [ 2.077439250855631, 50.819959149369708 ], [ 2.077998167934996, 50.820705175956029 ], [ 2.078096410639099, 50.820841002907756 ], [ 2.078537103361258, 50.821246719761994 ], [ 2.078687574153339, 50.821316883998946 ], [ 2.079085988456854, 50.821432786358933 ], [ 2.079328933859211, 50.82150111065355 ], [ 2.079673854191095, 50.821610729694648 ], [ 2.080235759147891, 50.821788598662373 ], [ 2.081132990085112, 50.822053485832356 ], [ 2.082235914585532, 50.822378362067383 ], [ 2.08255655531831, 50.822476622511658 ], [ 2.08305044597484, 50.822637900982677 ], [ 2.083149234194245, 50.82266996030615 ], [ 2.083810155692442, 50.822838771181111 ], [ 2.084189061743813, 50.822966946163312 ] ] ] ] } },
{ "type": "Feature", "properties": { "fid": 59, "CODE_AZI": "AZI15", "VALLEE": "Hem", "ANNEE": "2003", "CODE_CRUE": "2", "NATURE": "Crue centennale" }, "geometry": { "type": "MultiPolygon", "coordinates": [ [ [ [ 2.09493500030357, 50.846603388512918 ], [ 2.095076265472302, 50.846583132891986 ], [ 2.095107128277914, 50.846580113699297 ], [ 2.095238604549679, 50.846572139115885 ], [ 2.09532460760898, 50.84657230281725 ], [ 2.095420256422122, 50.846595098876342 ], [ 2.095421876081856, 50.846595110629096 ], [ 2.095486513935741, 50.846652756464728 ], [ 2.095646371224909, 50.846814375680275 ], [ 2.095736854074094, 50.846894671164165 ], [ 2.09578372061975, 50.846937913726805 ], [ 2.095916218713833, 50.847054269313233 ], [ 2.096037513734452, 50.847142856006862 ], [ 2.096147486170966, 50.847217026244387 ], [ 2.096157215704219, 50.847223222868543 ], [ 2.096283455607295, 50.847290243702943 ], [ 2.096322303095959, 50.847308803455952 ], [ 2.096409733129396, 50.847355202626268 ], [ 2.096312744091773, 50.84727796361863 ], [ 2.096086413555291, 50.847095683390286 ], [ 2.095924806473905, 50.846954632577521 ], [ 2.095624235910174, 50.846698239868807 ], [ 2.095477003234774, 50.846602397479181 ], [ 2.095344209967455, 50.846549742506788 ], [ 2.095238810222723, 50.846532080791249 ], [ 2.095048898696517, 50.846539931489154 ], [ 2.094892980576596, 50.846564284871341 ], [ 2.094920468300252, 50.846588988799759 ], [ 2.09493500030357, 50.846603388512918 ] ] ] ] } },
{ "type": "Feature", "properties": { "fid": 60, "CODE_AZI": "AZI15", "VALLEE": "Hem", "ANNEE": "2003", "CODE_CRUE": "2", "NATURE": "Crue centennale" }, "geometry": { "type": "MultiPolygon", "coordinates": [ [ [ [ 2.051461466168135, 50.808795724988286 ], [ 2.051361856982231, 50.808915714225144 ], [ 2.05125038044397, 50.808846612955236 ], [ 2.051168077654087, 50.808775531475199 ], [ 2.051084254725795, 50.80868800094845 ], [ 2.050968293463873, 50.808551093467258 ], [ 2.050927953169228, 50.808517090424694 ], [ 2.050803215090653, 50.808498321069642 ], [ 2.05058126392171, 50.808458769429514 ], [ 2.050312473835426, 50.8083913511446 ], [ 2.05010365689554, 50.808329234769239 ], [ 2.049828526367405, 50.808237140971215 ], [ 2.049530711756243, 50.808139888170139 ], [ 2.049275039057403, 50.808050924743497 ], [ 2.048901100359333, 50.807937052335767 ], [ 2.048629247772122, 50.807839835374409 ], [ 2.04843193764289, 50.807751015589126 ], [ 2.0483720816544, 50.807725191401353 ], [ 2.0489349392025, 50.807977192996212 ], [ 2.049264842542389, 50.808131051926374 ], [ 2.049555900953445, 50.8082704184947 ], [ 2.049962329526865, 50.808375126688574 ], [ 2.050229408012271, 50.808453844665586 ], [ 2.050444668550609, 50.808527281872102 ], [ 2.050899304450561, 50.808707093555306 ], [ 2.051085281430201, 50.808794861888479 ], [ 2.051303532310908, 50.808910444916364 ], [ 2.051351977646173, 50.808945470556665 ], [ 2.051423841205613, 50.808855241767183 ], [ 2.051461466168135, 50.808795724988286 ] ] ] ] } },
{ "type": "Feature", "properties": { "fid": 61, "CODE_AZI": "AZI15", "VALLEE": "Hem", "ANNEE": "2003", "CODE_CRUE": "2", "NATURE": "Crue centennale" }, "geometry": { "type": "MultiPolygon", "coordinates": [ [ [ [ 2.125798322538564, 50.865871200919592 ], [ 2.125913062277341, 50.865616640212401 ], [ 2.126049797679232, 50.865146365994597 ], [ 2.126184860125627, 50.864689432419915 ], [ 2.126323026428618, 50.864266412777745 ], [ 2.126347257988071, 50.863914083115233 ], [ 2.126267584135714, 50.863562606517213 ], [ 2.126161082429659, 50.863030267320326 ], [ 2.126147628710235, 50.862755948383665 ], [ 2.126189049671725, 50.862558788146835 ], [ 2.126299159133973, 50.862241532848181 ], [ 2.126381673511865, 50.861925245025986 ], [ 2.126369192394754, 50.861805041451909 ], [ 2.126261043136112, 50.861658962923833 ], [ 2.126045575398321, 50.861564082102333 ], [ 2.125815177384165, 50.861538002826109 ], [ 2.125475778628047, 50.861563108671149 ], [ 2.125270891442462, 50.861648034548146 ], [ 2.125218456672844, 50.861759915109076 ], [ 2.125217466450002, 50.861991051597428 ], [ 2.12528285676889, 50.862265475208446 ], [ 2.125390416557741, 50.862548162247123 ], [ 2.125465813285928, 50.86275581120541 ], [ 2.125483888869554, 50.8630907411085 ], [ 2.125463858125007, 50.86321502060045 ], [ 2.125395250748131, 50.863314555709529 ], [ 2.125256863200644, 50.863412940470262 ], [ 2.125108562179216, 50.86354314623344 ], [ 2.124971822628389, 50.863636397257117 ], [ 2.124852985899007, 50.863711195904891 ], [ 2.124794145912134, 50.863804573190606 ], [ 2.124774290048365, 50.863890837042149 ], [ 2.124793301563344, 50.864002838310718 ], [ 2.124870500252191, 50.864170441232858 ], [ 2.124988187880729, 50.864363772778574 ], [ 2.125134949719731, 50.86458695674159 ], [ 2.125260217380665, 50.864909745588093 ], [ 2.125346600075946, 50.865207817805668 ], [ 2.125375002732559, 50.865399981632791 ], [ 2.125373683701617, 50.86570406459672 ], [ 2.125322822004496, 50.865832391345386 ], [ 2.125374332638872, 50.865934170170952 ], [ 2.125482929540789, 50.865976471952919 ], [ 2.125645314066168, 50.86596956329948 ], [ 2.125798322538564, 50.865871200919592 ] ], [ [ 2.126130678886125, 50.86177792494734 ], [ 2.126180905370907, 50.861802660629039 ], [ 2.12619051615338, 50.861833497745991 ], [ 2.126200143080156, 50.861858169014027 ], [ 2.126204842921541, 50.861902344625967 ], [ 2.126207907817217, 50.861940362834034 ], [ 2.126186526298125, 50.862009159577369 ], [ 2.126160192165164, 50.862095418496381 ], [ 2.126133906713703, 50.862163159850013 ], [ 2.126079707494446, 50.862313065046209 ], [ 2.126000173208183, 50.86269303484454 ], [ 2.125987465419152, 50.863010452156189 ], [ 2.126065029736781, 50.863471860467939 ], [ 2.126084099637287, 50.863568447147458 ], [ 2.126141308730276, 50.86385826713304 ], [ 2.126140842695184, 50.863972293722462 ], [ 2.126140211808617, 50.864120211778364 ], [ 2.126108556169895, 50.86430610908144 ], [ 2.126075568616457, 50.864428315689267 ], [ 2.126029418904812, 50.864591569577918 ], [ 2.125880839189825, 50.865177912802906 ], [ 2.125811585368698, 50.865424344519411 ], [ 2.125798427762709, 50.865463369842516 ], [ 2.125795068519087, 50.865491092949696 ], [ 2.125778298404482, 50.86561947882106 ], [ 2.125738759203811, 50.865756052999743 ], [ 2.125730599614426, 50.865766305677425 ], [ 2.125680047894571, 50.865817580722137 ], [ 2.125631285416911, 50.865827768818235 ], [ 2.1255809201474, 50.86583694469099 ], [ 2.125503049268497, 50.865824466976633 ], [ 2.125472420931098, 50.865775104900742 ], [ 2.125484098486618, 50.865700134724229 ], [ 2.125503924925354, 50.865619015741508 ], [ 2.125522085883103, 50.865549195931642 ], [ 2.125535267120909, 50.865507087844605 ], [ 2.125563722344909, 50.865306814768083 ], [ 2.125517783801239, 50.865033469992696 ], [ 2.125487699181515, 50.864858771104295 ], [ 2.125381844453452, 50.864553475383133 ], [ 2.125194848993782, 50.864248050437425 ], [ 2.125166431423261, 50.864062052053441 ], [ 2.12520635611391, 50.863837135275695 ], [ 2.125284782183601, 50.863712965435596 ], [ 2.125379382619785, 50.863611430722564 ], [ 2.125425030139481, 50.863564245202696 ], [ 2.125451197121859, 50.863519085075865 ], [ 2.125552539076084, 50.863359000999139 ], [ 2.125603563228244, 50.863196762111663 ], [ 2.125623818111993, 50.86301598966174 ], [ 2.125665393106575, 50.862399666052127 ], [ 2.125691817738525, 50.862290826094323 ], [ 2.12576616605029, 50.861988915352228 ], [ 2.125856152471488, 50.861820603153028 ], [ 2.125859429223264, 50.861818544119735 ], [ 2.125922912222109, 50.86177756925796 ], [ 2.126052798040758, 50.861771613353412 ], [ 2.126130678886125, 50.86177792494734 ] ] ] ] } }
]
}
