{
"type": "FeatureCollection",
"name": "EFO_FINAL_WGS",
"crs": { "type": "name", "properties": { "name": "urn:ogc:def:crs:OGC:1.3:CRS84" } },
"features": [
{ "type": "Feature", "properties": { "fid": 1, "Diag_Hydra": "GRAND ÉCOULEMENT (h*V > 0.5)", "MI_PRINX": null, "CARTE": null, "CODE": null, "CODE_LEG": null, "NOTATION": null, "DESCR": null, "C_FOND": null, "M_FOND": null, "J_FOND": null, "N_FOND": null, "NOM_SYMB": null, "C_SYMB": null, "M_SYMB": null, "J_SYMB": null, "N_SYMB": null, "ROT_SYMB": null, "DN": null, "AREA": null, "gml_id": null, "lib_ocs": null, "lib_conf": null, "ID": null, "CODE_HYDRO": null, "CODE_PAYS": null, "NATURE": null, "FICTIF": null, "ETAT": null, "POS_SOL": null, "DATE_CREAT": null, "DATE_MAJ": null, "DATE_APP": null, "DATE_CONF": null, "SOURCE": null, "ID_SOURCE": null, "ACQU_PLANI": null, "PREC_PLANI": null, "ACQU_ALTI": null, "PREC_ALTI": null, "SRC_COORD": null, "SRC_ALTI": null, "STATUT": null, "PERSISTANC": null, "FOSSE": null, "NAVIGABL": null, "SALINITE": null, "NUM_ORDRE": null, "CLA_ORDRE": null, "ORIGINE": null, "PER_ORDRE": null, "SENS_ECOUL": null, "RES_COULAN": null, "TRACECONNU": null, "LARGEUR": null, "BRAS": null, "CODE_CARTH": null, "IPE": null, "ID_IPE": null, "ID_C_EAU": null, "ID_ND_INI": null, "ID_ND_FIN": null, "ID_S_HYDRO": null, "ID_ENT_TR": null, "NOM_C_EAU": null, "NOM_ENT_TR": null, "STRAHLER": null, "Largeur_moy": null, "score_cont": null, "sinuosite": null, "fid_2": null, "id_2": null, "code_cs": null, "code_us": null, "millesime": null, "source_2": null, "ossature": null, "id_origine": null, "code_or": null, "layer": "Buffer_Puissance_EFO", "path": "MultiPolygon?crs=EPSG:2154&field=Diag_Hydra:string(0,0)&uid={3d99757b-9970-4962-9aa7-f5eba4d628b4}" }, "geometry": { "type": "MultiPolygon", "coordinates": [ [ [ [ 1.90406343558113, 50.747813099111013 ], [ 1.904098399135935, 50.747822642292277 ], [ 1.904368578920346, 50.747886041642147 ], [ 1.904373702987182, 50.747887216596943 ], [ 1.904688017659201, 50.747957615170748 ], [ 1.904462976077161, 50.748081593464711 ], [ 1.9041140560281, 50.748215800486662 ], [ 1.906345725790771, 50.748924033921632 ], [ 1.906440182372916, 50.748953958931075 ], [ 1.906802576143487, 50.749060151663429 ], [ 1.907730262598372, 50.74940264819012 ], [ 1.90775110220287, 50.749462254920225 ], [ 1.907810492855389, 50.749526205004578 ], [ 1.90789812611233, 50.749575381774264 ], [ 1.907945797704214, 50.749594644582046 ], [ 1.908007632182923, 50.749614772484911 ], [ 1.908080778799176, 50.74963336139939 ], [ 1.90814143086989, 50.749645100564457 ], [ 1.908197841971546, 50.749652774302589 ], [ 1.908249395415627, 50.749653478971204 ], [ 1.9088291239827, 50.74995776107825 ], [ 1.909751535923863, 50.750713311731459 ], [ 1.909725214157898, 50.75072669016771 ], [ 1.909705053629344, 50.750710630369063 ], [ 1.90960421203845, 50.750630769323905 ], [ 1.909605239761864, 50.750640535392129 ], [ 1.909607473480603, 50.750655042164638 ], [ 1.909612583508136, 50.750680212885214 ], [ 1.909640740708475, 50.750744814255619 ], [ 1.909648711266535, 50.750753003943039 ], [ 1.909696245597361, 50.75080184503588 ], [ 1.909712942859588, 50.750814554280531 ], [ 1.909715968458296, 50.750816234024249 ], [ 1.909720896212045, 50.750821085285267 ], [ 1.909776960037366, 50.750850095124214 ], [ 1.90980102186417, 50.750863453667108 ], [ 1.9098047175885, 50.75086445805497 ], [ 1.909811767224713, 50.750868105832517 ], [ 1.909879217884325, 50.750884704985623 ], [ 1.909908609032339, 50.750892692595166 ], [ 1.909912613115939, 50.750892923309479 ], [ 1.909921094562945, 50.750895010530101 ], [ 1.909983884398952, 50.750903624323584 ], [ 1.910143116186961, 50.751034047192611 ], [ 1.910703399185324, 50.751682266412807 ], [ 1.910685987925177, 50.751679271755918 ], [ 1.910679046414761, 50.751678077847181 ], [ 1.910629567298115, 50.75167674743092 ], [ 1.910525326182999, 50.751683380040461 ], [ 1.910428215544837, 50.751708316057865 ], [ 1.910346050593546, 50.751749548699891 ], [ 1.910311601162517, 50.751772578293348 ], [ 1.910291374711755, 50.751792686696476 ], [ 1.910246693085478, 50.751792668456595 ], [ 1.910226724032988, 50.751793003042543 ], [ 1.909963423377158, 50.751801940079957 ], [ 1.909556059069655, 50.751801875840684 ], [ 1.909548510428619, 50.75180192358529 ], [ 1.909340518043115, 50.751804587899422 ], [ 1.909338111692206, 50.751804623699272 ], [ 1.90925995022112, 50.751805948195219 ], [ 1.909163466162257, 50.751798760443307 ], [ 1.909137989923962, 50.751799410227214 ], [ 1.909048018242067, 50.751801704957018 ], [ 1.908939654961495, 50.751827137276813 ], [ 1.908848983558344, 50.751872567938989 ], [ 1.90882005753952, 50.751900085207701 ], [ 1.908784879546173, 50.751933549916984 ], [ 1.908753617930609, 50.752004113910971 ], [ 1.908758258945816, 50.752077352648698 ], [ 1.908798348448017, 50.752146097008691 ], [ 1.908869962312533, 50.752203617785085 ], [ 1.908966090510468, 50.752244284400263 ], [ 1.909077323285766, 50.752264116081598 ], [ 1.909200188300671, 50.752273269111143 ], [ 1.909253120247041, 50.752274784400278 ], [ 1.909356631225967, 50.75227303035355 ], [ 1.909559648305429, 50.752270429775393 ], [ 1.909973159276971, 50.752270494961188 ], [ 1.909992980301137, 50.752270160374209 ], [ 1.910256209354684, 50.752261225794371 ], [ 1.910283269215535, 50.75226123684044 ], [ 1.910180311292083, 50.752401459622583 ], [ 1.910580915039803, 50.753038497546882 ], [ 1.910631801464264, 50.753130034324656 ], [ 1.910571768556541, 50.753145713724564 ], [ 1.910500501652809, 50.753176281391525 ], [ 1.910442471046479, 50.753198300228533 ], [ 1.910351670475683, 50.753246436269535 ], [ 1.910288762123627, 50.753310016013067 ], [ 1.910259903967263, 50.753382815872861 ], [ 1.910267920984113, 50.75345770971343 ], [ 1.910312028570285, 50.753527366397556 ], [ 1.910387909282771, 50.753584967411435 ], [ 1.910488135416989, 50.753624874320607 ], [ 1.910602896071461, 50.753643180716772 ], [ 1.910720957533628, 50.753638094620293 ], [ 1.910830762967415, 50.753610113900045 ], [ 1.910872146050763, 50.753594411682606 ], [ 1.911044129006604, 50.754117718030749 ], [ 1.910861447227691, 50.754298925220681 ], [ 1.910814683723763, 50.754366825756499 ], [ 1.910803285797113, 50.754440569853024 ], [ 1.910828369308222, 50.754512938933118 ], [ 1.91088747904893, 50.754576848987952 ], [ 1.910974829021572, 50.754626044016391 ], [ 1.911081868783873, 50.754655708421247 ], [ 1.911198120432817, 50.754662938410533 ], [ 1.911312204295022, 50.754647026253693 ], [ 1.911412952906514, 50.754609529562572 ], [ 1.911490504215648, 50.754554118814184 ], [ 1.911500558397282, 50.754544145710859 ], [ 1.911706134150122, 50.754571145561719 ], [ 1.912196225721422, 50.754281098913651 ], [ 1.912339123247182, 50.754229575924832 ], [ 1.912402385671402, 50.754247991085251 ], [ 1.912565912098051, 50.754296189945705 ], [ 1.912782370104179, 50.754371525009326 ], [ 1.912865089365475, 50.754392640497827 ], [ 1.912945392464494, 50.754406374876005 ], [ 1.912965761976793, 50.754413990770374 ], [ 1.913082905568687, 50.754430485413913 ], [ 1.913106504809411, 50.754429047894831 ], [ 1.913138431280449, 50.754461526194007 ], [ 1.91316770811589, 50.754487241909153 ], [ 1.91323311079163, 50.754537167197704 ], [ 1.913254478290763, 50.754551697300485 ], [ 1.913261909194605, 50.754556750382918 ], [ 1.913341324540606, 50.754604901814375 ], [ 1.913350999801398, 50.754610783131653 ], [ 1.913364852602687, 50.754661230481162 ], [ 1.913368791069791, 50.754673591115356 ], [ 1.913384809311641, 50.754717701072281 ], [ 1.913400722591792, 50.754744316002139 ], [ 1.913420277298053, 50.754777021167023 ], [ 1.91345753012085, 50.754820419125707 ], [ 1.913517952020144, 50.754872231774961 ], [ 1.91359838017226, 50.754911610106873 ], [ 1.913641628891217, 50.754927283476299 ], [ 1.913668660991428, 50.754940614005534 ], [ 1.913674645274019, 50.754944264407172 ], [ 1.913705563347687, 50.754971178246549 ], [ 1.913746845995944, 50.755001323703283 ], [ 1.913778294698971, 50.755020669320309 ], [ 1.913783691097814, 50.755026741424651 ], [ 1.913870033685658, 50.755077084056474 ], [ 1.913970291862947, 50.755119318667504 ], [ 1.914003363155604, 50.755136206981774 ], [ 1.914031410398702, 50.75518225054752 ], [ 1.914053208034168, 50.755233292787132 ], [ 1.914079235798535, 50.755276849453907 ], [ 1.914106764174927, 50.755312086203055 ], [ 1.914186367265178, 50.755380107510803 ], [ 1.914250610603916, 50.755418356538009 ], [ 1.914302811911617, 50.755444343406374 ], [ 1.914322203096187, 50.755452350861525 ], [ 1.914353055272879, 50.755476135470524 ], [ 1.914418068008074, 50.755515527401364 ], [ 1.914495961170657, 50.755544006580571 ], [ 1.914550809983969, 50.755558842463792 ], [ 1.914659445824854, 50.755576682656013 ], [ 1.914771543596439, 50.755573398248508 ], [ 1.914838212785752, 50.755565006014272 ], [ 1.914946563478734, 50.755539930389737 ], [ 1.914959069882746, 50.755533802506015 ], [ 1.915000173093124, 50.755539579822958 ], [ 1.915024947687886, 50.755544433178166 ], [ 1.915207401731418, 50.75566932031051 ], [ 1.916539830951347, 50.756374098640286 ], [ 1.916552929704904, 50.756392525223603 ], [ 1.916582717455703, 50.756426666075136 ], [ 1.916615983385143, 50.756458362740254 ], [ 1.91671438335246, 50.756522048525447 ], [ 1.916747727542829, 50.756536751797185 ], [ 1.916775280574619, 50.756516574467589 ], [ 1.916785520625355, 50.756507510646856 ], [ 1.916795904051169, 50.756498358338241 ], [ 1.91679948732272, 50.75649520303854 ], [ 1.916840233413175, 50.756510495906845 ], [ 1.916681446197269, 50.756590506800741 ], [ 1.917156130144197, 50.756779890649788 ], [ 1.917130102768564, 50.756828427123963 ], [ 1.917015173308188, 50.756925927537822 ], [ 1.916989001654911, 50.756938524555785 ], [ 1.91699532537374, 50.756942765483416 ], [ 1.916931339710423, 50.756997047459514 ], [ 1.91686396485086, 50.757027210844498 ], [ 1.916845703522666, 50.757014945110647 ], [ 1.916839432485849, 50.757010515401042 ], [ 1.9166777628394, 50.757088330021652 ], [ 1.916686081431541, 50.757106847998124 ], [ 1.916675199876273, 50.75711171957699 ], [ 1.916671485021084, 50.757114012180928 ], [ 1.916644864670785, 50.757146057612715 ], [ 1.916446098718597, 50.757314677092239 ], [ 1.916429739196439, 50.757322001029152 ], [ 1.91639411866061, 50.757295671838655 ], [ 1.91638934033806, 50.757300847724565 ], [ 1.916356497793538, 50.757354790161465 ], [ 1.916174913799567, 50.757436082349798 ], [ 1.916123682243234, 50.757452082272145 ], [ 1.916046385327767, 50.757499784586159 ], [ 1.915980082557718, 50.757556030184887 ], [ 1.915785147238228, 50.757643298261975 ], [ 1.915727131607489, 50.757679101058748 ], [ 1.91572577026508, 50.757684107146133 ], [ 1.915726569912575, 50.757687621272773 ], [ 1.915773507397848, 50.757703309883532 ], [ 1.915841526859477, 50.757710752045931 ], [ 1.915950979084222, 50.757700731023803 ], [ 1.916047921626117, 50.757670455588553 ], [ 1.916069751329009, 50.757656983867975 ], [ 1.91609731346957, 50.757639974483482 ], [ 1.91633379460556, 50.757534106320009 ], [ 1.916346266675655, 50.757603456734493 ], [ 1.916350450374175, 50.757620867111072 ], [ 1.916390048784109, 50.757752224171931 ], [ 1.916429156951445, 50.757821031962671 ], [ 1.916499872493336, 50.757878806376958 ], [ 1.916595273317267, 50.757919892009703 ], [ 1.916706020870177, 50.757940267071781 ], [ 1.916821274282385, 50.757937937086481 ], [ 1.916929751596176, 50.757913130131797 ], [ 1.917020834179994, 50.757868274513541 ], [ 1.917085606198501, 50.757807761055062 ], [ 1.917117727370954, 50.757737513276382 ], [ 1.917114053580767, 50.757664407543231 ], [ 1.917077062611659, 50.75754170585482 ], [ 1.91706795170251, 50.757491049148413 ], [ 1.917073919882086, 50.757484584306432 ], [ 1.917761665061003, 50.7571535558844 ], [ 1.917799950499188, 50.757181195146451 ], [ 1.917839039815058, 50.757205541385765 ], [ 1.917934133835063, 50.757256619394951 ], [ 1.918027109896472, 50.75729319802938 ], [ 1.918152275065335, 50.757327487685416 ], [ 1.918294791624527, 50.757346821589522 ], [ 1.918362683232806, 50.757347411547279 ], [ 1.918411471868401, 50.757345802083449 ], [ 1.918548813020485, 50.757335507950273 ], [ 1.919180839045556, 50.757587648307116 ], [ 1.920316248254266, 50.75813949741233 ], [ 1.92131491789632, 50.758538499717943 ], [ 1.92154656628276, 50.758653965354789 ], [ 1.921488573317757, 50.758689452277409 ], [ 1.921434947318307, 50.758753347222608 ], [ 1.921415074413181, 50.758824626009705 ], [ 1.921430900039731, 50.758896311389229 ], [ 1.921480875217588, 50.758961386284923 ], [ 1.92150585239853, 50.758984036242992 ], [ 1.921567225328092, 50.759027012694595 ], [ 1.921643518576125, 50.759058959484008 ], [ 1.922093713770441, 50.759199668841731 ], [ 1.922126147423973, 50.759167833670368 ], [ 1.922212693192179, 50.75908643839486 ], [ 1.922262442561804, 50.759100578686663 ], [ 1.922277065512301, 50.759106172328316 ], [ 1.922185174905634, 50.75919257299703 ], [ 1.922158531591706, 50.75921872453798 ], [ 1.922163772775711, 50.759220214242532 ], [ 1.922235996454237, 50.759247841570605 ], [ 1.922331079751456, 50.759273386674266 ], [ 1.922404380918549, 50.759285686676563 ], [ 1.922450517113823, 50.759291439970895 ], [ 1.922554738251541, 50.759300057456116 ], [ 1.92260297807338, 50.759311458335183 ], [ 1.922708666462675, 50.759341627677991 ], [ 1.922718286352445, 50.759344268954038 ], [ 1.922883124327991, 50.759387754348928 ], [ 1.923025447765605, 50.759442207127954 ], [ 1.923027507036001, 50.759442989150891 ], [ 1.923113946079835, 50.759475570388659 ], [ 1.923127638109273, 50.759493205412447 ], [ 1.923174614624777, 50.759523825789763 ], [ 1.923366043872266, 50.759695830306583 ], [ 1.923377607792791, 50.759710724184778 ], [ 1.923402625291564, 50.75972703099562 ], [ 1.92346721307272, 50.759748613085087 ], [ 1.923637212143344, 50.759785280619028 ], [ 1.923845824229999, 50.759854987834323 ], [ 1.923847613725508, 50.759855183499013 ], [ 1.923943166726924, 50.75989870740824 ], [ 1.923966106515753, 50.759908345876212 ], [ 1.924014502210066, 50.759927053557313 ], [ 1.924016404958719, 50.759928371383872 ], [ 1.924044813905113, 50.759961452376977 ], [ 1.92406394519361, 50.759981287165033 ], [ 1.924152139148411, 50.760063174629316 ], [ 1.924208302279864, 50.760115957079229 ], [ 1.92424339845293, 50.760149023964743 ], [ 1.924272174673353, 50.760192742986924 ], [ 1.924349575239684, 50.760249900034168 ], [ 1.924413909660801, 50.760284554839203 ], [ 1.924414712260331, 50.760284909513665 ], [ 1.924470712281241, 50.760356353963083 ], [ 1.92456646841802, 50.760414054461322 ], [ 1.924605727548948, 50.760430545731744 ], [ 1.92463397944853, 50.760441324331047 ], [ 1.924705213399611, 50.760465895550652 ], [ 1.924740139772771, 50.760484941915927 ], [ 1.92479937815269, 50.76052278016639 ], [ 1.924845013514491, 50.76054521586623 ], [ 1.924875392759798, 50.760605741076283 ], [ 1.924936231171381, 50.760662748807604 ], [ 1.924976654759394, 50.760690915420376 ], [ 1.9249963683864, 50.760700845668232 ], [ 1.925004702376326, 50.760734324341712 ], [ 1.925065756679617, 50.76083217041235 ], [ 1.925124010669788, 50.760886513765158 ], [ 1.925125397484724, 50.760887798528145 ], [ 1.925186442117534, 50.760943960619606 ], [ 1.925241759736079, 50.760984375849389 ], [ 1.925322800347381, 50.761031737108176 ], [ 1.925382626046783, 50.761060327396912 ], [ 1.925499087574463, 50.761105302277002 ], [ 1.925526025527985, 50.761114777277179 ], [ 1.925661241007246, 50.761157884937852 ], [ 1.925770241416224, 50.761199176119824 ], [ 1.925878885341985, 50.761247842184353 ], [ 1.926037174778655, 50.761288851625629 ], [ 1.926075289907857, 50.761292769793968 ], [ 1.926178307143579, 50.761294374764411 ], [ 1.926278210749933, 50.761278351474338 ], [ 1.926367641982419, 50.761245880174272 ], [ 1.926389189020715, 50.761235360009948 ], [ 1.926979818400049, 50.761595783100333 ], [ 1.927109756506933, 50.761662351711891 ], [ 1.927749797682022, 50.762069490355188 ], [ 1.928135417514922, 50.762429053848528 ], [ 1.928116746501412, 50.762574261591503 ], [ 1.928388072137994, 50.762390848797438 ], [ 1.928446343972606, 50.762347080507517 ], [ 1.928963841997613, 50.762612183751614 ], [ 1.929013923958725, 50.762632332211801 ], [ 1.929029093246917, 50.762650311181936 ], [ 1.930141709171548, 50.76321981512563 ], [ 1.930442902566885, 50.763161384339405 ], [ 1.930639982818317, 50.763122587328233 ], [ 1.930880908442747, 50.763185043782933 ], [ 1.930837152126299, 50.76326235474955 ], [ 1.930815054178339, 50.763335346065077 ], [ 1.930829102118462, 50.763409134786897 ], [ 1.930877958009718, 50.763476692421975 ], [ 1.930956968358456, 50.763531583973879 ], [ 1.931026950764803, 50.763567180947391 ], [ 1.93114940601855, 50.763608804091007 ], [ 1.931321277408091, 50.763643480953291 ], [ 1.931380970341467, 50.763652234833401 ], [ 1.931623839552166, 50.763674957994219 ], [ 1.931677447506399, 50.763677533615997 ], [ 1.931838729970582, 50.763678020187619 ], [ 1.931943027513403, 50.763669084163482 ], [ 1.932039451132451, 50.763642333845169 ], [ 1.932120593111553, 50.763599824320956 ], [ 1.932147582790749, 50.763574927563504 ], [ 1.933490691284633, 50.763947573495841 ], [ 1.933629473963855, 50.763875180963481 ], [ 1.933804870200322, 50.763786028125807 ], [ 1.933968065179329, 50.76384558733438 ], [ 1.934755344777408, 50.764415848020896 ], [ 1.935875195462208, 50.764956688210432 ], [ 1.936320852526148, 50.765106109607416 ], [ 1.937654632808524, 50.76542520865906 ], [ 1.938306483991904, 50.765609367414562 ], [ 1.938951484498134, 50.765766595466189 ], [ 1.93952375112946, 50.765925746920523 ], [ 1.941022350621658, 50.76700715551074 ], [ 1.941087095429597, 50.76709026038538 ], [ 1.941016049036877, 50.767171312971335 ], [ 1.941021650881498, 50.767174052602634 ], [ 1.941315460479236, 50.76731907504616 ], [ 1.941336402187878, 50.767337879506876 ], [ 1.941516231944322, 50.767455022572641 ], [ 1.941721147055394, 50.767552125679437 ], [ 1.941774806898646, 50.76758707987193 ], [ 1.941774806898998, 50.767587079872101 ], [ 1.941802721085668, 50.767605263232873 ], [ 1.941802721086013, 50.767605263233051 ], [ 1.941830635292877, 50.767623446587024 ], [ 1.941830635293254, 50.767623446587194 ], [ 1.941858549520182, 50.767641629934275 ], [ 1.941858549521257, 50.767641629934772 ], [ 1.941897126067339, 50.767666758691192 ], [ 1.941999584325444, 50.767715309959172 ], [ 1.942026414422316, 50.76773278699423 ], [ 1.942026414422691, 50.767732786994401 ], [ 1.942054328781869, 50.767750970294713 ], [ 1.942054328782245, 50.767750970294891 ], [ 1.942082243161774, 50.767769153588439 ], [ 1.942082243162119, 50.767769153588624 ], [ 1.942110157561842, 50.767787336875394 ], [ 1.942110157562219, 50.767787336875557 ], [ 1.942131482278337, 50.767801227665153 ], [ 1.942336399998825, 50.767898329708125 ], [ 1.942362146059567, 50.767915100396962 ], [ 1.942362146059924, 50.767915100397133 ], [ 1.942390060642641, 50.767933283617133 ], [ 1.942390060643018, 50.76793328361731 ], [ 1.942411385498932, 50.767947174355854 ], [ 1.942472079641644, 50.767975934575993 ], [ 1.942605434768757, 50.768020461317796 ], [ 1.942854682272246, 50.768138567283032 ], [ 1.942925506535427, 50.768277791785323 ], [ 1.942985254405462, 50.768396746092563 ], [ 1.943093906560907, 50.768612129357543 ], [ 1.943163198598191, 50.768748213715511 ], [ 1.944274027245572, 50.769206189208489 ], [ 1.944567836514624, 50.769437067678879 ], [ 1.944388424563275, 50.769628115250882 ], [ 1.944532949955457, 50.769753171192527 ], [ 1.945336133350831, 50.770450916142003 ], [ 1.946014291861509, 50.771039020780684 ], [ 1.946146299855165, 50.771154098014776 ], [ 1.945506262678099, 50.771644898157234 ], [ 1.946935112217245, 50.77246996288838 ], [ 1.946947675974324, 50.77247814502033 ], [ 1.94683820414598, 50.772569643116682 ], [ 1.946521293859152, 50.772835260915819 ], [ 1.945499174919557, 50.772586127496638 ], [ 1.945251080236433, 50.772741954538425 ], [ 1.944025794026187, 50.772642463330953 ], [ 1.942528183400087, 50.772150055715215 ], [ 1.941705281965822, 50.771942954641304 ], [ 1.939557022035088, 50.771579140880355 ], [ 1.938696829521144, 50.771375354603492 ], [ 1.938661052512208, 50.771355456560073 ], [ 1.938540583366927, 50.771325604570222 ], [ 1.938423945461879, 50.771310704652485 ], [ 1.938152459973971, 50.771246385276669 ], [ 1.93718166127354, 50.77079214830195 ], [ 1.936328497003686, 50.770183762134359 ], [ 1.936556366129294, 50.77002538510672 ], [ 1.935734389154545, 50.769760094981969 ], [ 1.935402829927862, 50.76952365069301 ], [ 1.93478644329898, 50.769145876512873 ], [ 1.934199031333123, 50.768858773720481 ], [ 1.933531967348534, 50.768628806091336 ], [ 1.932224263621794, 50.768316019537814 ], [ 1.931747764710342, 50.768051380013212 ], [ 1.931726792827069, 50.768039534806505 ], [ 1.930312534481692, 50.767741144448692 ], [ 1.930210621924388, 50.767676558466199 ], [ 1.930001226692388, 50.767675656426697 ], [ 1.929894169420087, 50.767653200430672 ], [ 1.929803149092038, 50.767674851317359 ], [ 1.929787587358908, 50.767674717553945 ], [ 1.929590779734269, 50.76768155587137 ], [ 1.929527162626123, 50.767651400140039 ], [ 1.929463290781208, 50.767594028986835 ], [ 1.929360149499824, 50.767526821410989 ], [ 1.929333704831835, 50.767517987973427 ], [ 1.929083021085334, 50.767463939032993 ], [ 1.928941714525123, 50.767416737165888 ], [ 1.928862467938657, 50.76740807700822 ], [ 1.928840245917237, 50.767407885825605 ], [ 1.928544802084101, 50.76737862141669 ], [ 1.928273964203458, 50.767298245705071 ], [ 1.928049240814532, 50.767173141744728 ], [ 1.927888477911897, 50.767013244638115 ], [ 1.92780444171094, 50.766831252479804 ], [ 1.927780784008316, 50.766727418998919 ], [ 1.927777327876554, 50.766722882372733 ], [ 1.927706241439383, 50.766631018744846 ], [ 1.927681765483756, 50.766615069026614 ], [ 1.927544033643229, 50.766569058438115 ], [ 1.92742970437449, 50.766514859893086 ], [ 1.927264612211773, 50.766459708762952 ], [ 1.927261773420077, 50.766459398491733 ], [ 1.927199790014438, 50.766446033096038 ], [ 1.927148987176488, 50.766440480462222 ], [ 1.926834674280857, 50.766372704868793 ], [ 1.926806726818476, 50.76636336848977 ], [ 1.926803819978347, 50.766362741679536 ], [ 1.926787305171246, 50.766357224590308 ], [ 1.926706653552858, 50.766339833405262 ], [ 1.926666032965485, 50.766326263262656 ], [ 1.926663126129297, 50.766325636449103 ], [ 1.926645883688927, 50.766319876250407 ], [ 1.926494824089803, 50.766288972505272 ], [ 1.926247157014263, 50.76618271310776 ], [ 1.92605607026517, 50.766036851869607 ], [ 1.925936738374506, 50.765862972280978 ], [ 1.925902439390842, 50.765693652783142 ], [ 1.925888160004481, 50.76563096851681 ], [ 1.925843089949989, 50.765626041889028 ], [ 1.925819404255738, 50.765628212019898 ], [ 1.925487455604987, 50.765625347530545 ], [ 1.925173150074201, 50.765557567658718 ], [ 1.925161417953493, 50.765553648054194 ], [ 1.925151380400798, 50.765552550784157 ], [ 1.925141299470973, 50.765553474364062 ], [ 1.925107017148529, 50.765564182142867 ], [ 1.924789918805208, 50.765626510820347 ], [ 1.924681502437374, 50.765625574462121 ], [ 1.924598509403767, 50.765633177639451 ], [ 1.924266560791443, 50.765630309895265 ], [ 1.92426447829623, 50.765630082229251 ], [ 1.924175708379322, 50.765610938158304 ], [ 1.924059039337897, 50.765598183319895 ], [ 1.923744735910945, 50.76553039983942 ], [ 1.923478844647593, 50.765404336519111 ], [ 1.923474982851347, 50.765401819650727 ], [ 1.92337254728739, 50.765353252969014 ], [ 1.923301435540276, 50.765306906706343 ], [ 1.923109985065969, 50.76513490355584 ], [ 1.923093512695275, 50.765113690073406 ], [ 1.92291471723802, 50.764953054939795 ], [ 1.922890119267971, 50.7649213768021 ], [ 1.92280603373207, 50.764845831306566 ], [ 1.922724915295781, 50.764741363329534 ], [ 1.922639059767302, 50.764664226964427 ], [ 1.922627494922196, 50.764649333129107 ], [ 1.922548181311215, 50.764597639629976 ], [ 1.922540287896276, 50.764596776561284 ], [ 1.922534747102062, 50.764597284081589 ], [ 1.922510014264056, 50.764627057911937 ], [ 1.922490007082319, 50.764700657312204 ], [ 1.92248125002715, 50.764760732607684 ], [ 1.922466905267341, 50.764813501701603 ], [ 1.922489309166189, 50.764911883078518 ], [ 1.922545018401627, 50.765031403196886 ], [ 1.922526010419257, 50.765259007478235 ], [ 1.922388294931267, 50.765469532527106 ], [ 1.922147669135022, 50.765638827211042 ], [ 1.921831736741345, 50.765747470089693 ], [ 1.921618145992654, 50.765768846120018 ], [ 1.921619763800149, 50.765775950743198 ], [ 1.921421289531154, 50.765794128277506 ], [ 1.92108934003277, 50.765791252063046 ], [ 1.921029107326529, 50.765784665627329 ], [ 1.921004360644283, 50.765786931983435 ], [ 1.920951029356507, 50.765803526760102 ], [ 1.920928644951963, 50.765817340093086 ], [ 1.920899966010455, 50.765835037744026 ], [ 1.920782482837119, 50.765907535898613 ], [ 1.920755610088818, 50.765939883137584 ], [ 1.920743879673512, 50.765983028303559 ], [ 1.920753213182694, 50.766024019524075 ], [ 1.920830359383541, 50.76607430113819 ], [ 1.920983256384011, 50.766125388848707 ], [ 1.921187291791719, 50.766147699873187 ], [ 1.921183036269134, 50.766163352388837 ], [ 1.921506217572858, 50.766215529783722 ], [ 1.92151888075191, 50.766219760861873 ], [ 1.921659838658552, 50.766235173820306 ], [ 1.921974143686668, 50.766302962491196 ], [ 1.922240035933391, 50.76642902885262 ], [ 1.922321437301504, 50.766482081394138 ], [ 1.92238457718045, 50.766512017358004 ], [ 1.922460174186689, 50.766537275296074 ], [ 1.922539418287657, 50.766545939540002 ], [ 1.922625671790986, 50.766546685961657 ], [ 1.922625606248286, 50.766549732233528 ], [ 1.922843730511751, 50.766551619573285 ], [ 1.922963614406688, 50.766564726810202 ], [ 1.923269765766731, 50.766567374871947 ], [ 1.923566474571468, 50.766631363714055 ], [ 1.923697490679485, 50.766645687252662 ], [ 1.923700241518079, 50.766645711033206 ], [ 1.92372655599511, 50.766643300557647 ], [ 1.924058511291525, 50.766646169737136 ], [ 1.924060593828055, 50.766646397406269 ], [ 1.924149365536508, 50.766665541529107 ], [ 1.924227018232429, 50.766674030667275 ], [ 1.924262212206751, 50.766681620400071 ], [ 1.924368096685358, 50.766693195774003 ], [ 1.924403290694529, 50.766700785466703 ], [ 1.924447559991488, 50.766705624978798 ], [ 1.924528044389701, 50.766722981598399 ], [ 1.924981091428045, 50.766949156318923 ], [ 1.925050838395038, 50.766937314052015 ], [ 1.925203254801228, 50.766902982567636 ], [ 1.925261386566094, 50.766915518357344 ], [ 1.92531738539641, 50.766943474213562 ], [ 1.925217322968959, 50.766966209676553 ], [ 1.925081959626444, 50.766996986045548 ], [ 1.925078121977545, 50.766997596400252 ], [ 1.925538221502322, 50.767227287256766 ], [ 1.925524836437282, 50.767161879741188 ], [ 1.92547823625911, 50.767023774206102 ], [ 1.925599838644104, 50.767084480252144 ], [ 1.92562254902747, 50.767151506337811 ], [ 1.925646633120904, 50.767268815779573 ], [ 1.925649497242587, 50.767282837741199 ], [ 1.925741672141847, 50.767328852632978 ], [ 1.925774532230202, 50.767343563351325 ], [ 1.927786620190978, 50.768147982987522 ], [ 1.927803718265831, 50.768194777905997 ], [ 1.928093762576775, 50.768350888662908 ], [ 1.928107922946747, 50.768356364362383 ], [ 1.928225794834199, 50.768452727046878 ], [ 1.928257072399548, 50.768445817657877 ], [ 1.928305752175772, 50.768432863012016 ], [ 1.928306632536779, 50.768433203437858 ], [ 1.928668189979778, 50.768491793526394 ], [ 1.928938120774891, 50.768514207234858 ], [ 1.930142748482645, 50.768721752134454 ], [ 1.931297936831159, 50.76887165649358 ], [ 1.931299253940543, 50.768872190447738 ], [ 1.931332529815323, 50.768884207500157 ], [ 1.931558786804257, 50.768956468339574 ], [ 1.931727955241608, 50.769046967403625 ], [ 1.931730133143665, 50.769048123567458 ], [ 1.931868661553213, 50.769121098195626 ], [ 1.931905532586974, 50.769138223189408 ], [ 1.932654638003046, 50.769443456806442 ], [ 1.932750434896903, 50.769471316950394 ], [ 1.932822201294987, 50.769478090797108 ], [ 1.932854677165801, 50.769481156097257 ], [ 1.932959116290055, 50.769472195692074 ], [ 1.93302059520833, 50.76945493898765 ], [ 1.933812109000109, 50.769893301804736 ], [ 1.933813250883907, 50.769894963928394 ], [ 1.933883724279685, 50.769947677190693 ], [ 1.93407436906133, 50.770054012006632 ], [ 1.934287521113079, 50.770201847506812 ], [ 1.934344271266039, 50.770248371562545 ], [ 1.93441169897531, 50.770291070512158 ], [ 1.934426850597084, 50.770298481329306 ], [ 1.934784841511186, 50.770546768213563 ], [ 1.934843821647451, 50.770619232979982 ], [ 1.934976714415271, 50.770830484942969 ], [ 1.935068241598753, 50.770915604023692 ], [ 1.935132520818068, 50.770953841370236 ], [ 1.93521457409927, 50.770990866308665 ], [ 1.93530922889368, 50.771012670475564 ], [ 1.9354096260107, 50.771017673823692 ], [ 1.935416908361951, 50.771017412269607 ], [ 1.935445384022628, 50.770979169073726 ], [ 1.935468067166648, 50.770950558912631 ], [ 1.935472690469688, 50.770944760291286 ], [ 1.935533264840125, 50.770977257772188 ], [ 1.935293971362223, 50.771298667619703 ], [ 1.936341991778444, 50.772056889054689 ], [ 1.93667886320403, 50.771653279221525 ], [ 1.936765819794782, 50.77168991467267 ], [ 1.937197657378279, 50.771870157332636 ], [ 1.93763501870623, 50.772104780149462 ], [ 1.937930284255146, 50.772192200006415 ], [ 1.938013290288822, 50.772273144605464 ], [ 1.938045752543113, 50.772300309347578 ], [ 1.938186519979965, 50.772402009810648 ], [ 1.938245819416311, 50.772436527313381 ], [ 1.93835931806319, 50.77248953968774 ], [ 1.938449752566933, 50.772520639231246 ], [ 1.938625751981069, 50.772562518997269 ], [ 1.938693260811033, 50.772574152955315 ], [ 1.938952791672749, 50.772602695313807 ], [ 1.939478591447423, 50.772822138494178 ], [ 1.939840574371934, 50.772902390516336 ], [ 1.941954253826742, 50.773371149999043 ], [ 1.941965420393939, 50.773379883370467 ], [ 1.942037006751918, 50.773409323605783 ], [ 1.942041942391702, 50.773403422898816 ], [ 1.942049246960311, 50.773392215964947 ], [ 1.942137850791588, 50.773411864937877 ], [ 1.942202598986368, 50.773308566367092 ], [ 1.942210501694994, 50.773309189740836 ], [ 1.942140729129662, 50.773416286255681 ], [ 1.942132540480103, 50.773428779160469 ], [ 1.942128910365162, 50.77343313268171 ], [ 1.942192689775702, 50.773443943510799 ], [ 1.942197322516971, 50.773443787817605 ], [ 1.942424365552498, 50.773505651963582 ], [ 1.943319035041204, 50.773759344175893 ], [ 1.94442356491796, 50.774136949102385 ], [ 1.944465972150224, 50.774149388994445 ], [ 1.944721316742449, 50.7742125860767 ], [ 1.944889711414964, 50.774282830801887 ], [ 1.944987688088411, 50.774312059526544 ], [ 1.945094660553272, 50.774322692212834 ], [ 1.945175309543081, 50.774323375409267 ], [ 1.94529752874302, 50.774311739171758 ], [ 1.945407501767294, 50.774275981125385 ], [ 1.945428677669129, 50.774262193978515 ], [ 1.945539539987503, 50.774273437570734 ], [ 1.946058257467655, 50.774319020390514 ], [ 1.94629586193425, 50.774322472803178 ], [ 1.946751483608406, 50.774539421034724 ], [ 1.947390170361205, 50.77465249958059 ], [ 1.947572137886194, 50.774709706257781 ], [ 1.947595755133635, 50.77472508597026 ], [ 1.947617084498396, 50.774738975785652 ], [ 1.947677789301625, 50.774767732899853 ], [ 1.947754787660575, 50.774793434508297 ], [ 1.947882950094427, 50.774807418004144 ], [ 1.949258584818128, 50.775239869803031 ], [ 1.949917322136203, 50.77568893303927 ], [ 1.949921728818665, 50.775719803767203 ], [ 1.949925804732396, 50.775719429598738 ], [ 1.949948985424177, 50.775820948380471 ], [ 1.950016670220505, 50.775865021435706 ], [ 1.950119153028429, 50.775913565361208 ], [ 1.950135545373295, 50.775924239204336 ], [ 1.950283163027151, 50.776056735156232 ], [ 1.950339699418014, 50.776093548385539 ], [ 1.950531285473037, 50.776265506746782 ], [ 1.950629688955231, 50.776466586907979 ], [ 1.950625276412216, 50.776677105946121 ], [ 1.950518478522723, 50.776876456777721 ], [ 1.950319748416886, 50.777045125327767 ], [ 1.950048538830242, 50.77716660078886 ], [ 1.949731398069801, 50.77722899194886 ], [ 1.94971528928038, 50.777230470658466 ], [ 1.949665230526863, 50.777261376643921 ], [ 1.949636556538813, 50.777279079860236 ], [ 1.949599378530611, 50.777302033195262 ], [ 1.949599378497774, 50.777302033173868 ], [ 1.949599377950859, 50.777302033641725 ], [ 1.949570702728164, 50.777319737398201 ], [ 1.949520645247631, 50.777350642425169 ], [ 1.949519998476434, 50.777353025893873 ], [ 1.949413194610661, 50.777552375622378 ], [ 1.949316038153905, 50.77766939807227 ], [ 1.949288632527727, 50.777720550105876 ], [ 1.949268690078096, 50.777744570141721 ], [ 1.949265726737415, 50.777750101074368 ], [ 1.94922887349696, 50.777794489589169 ], [ 1.949214971630808, 50.777845718786068 ], [ 1.949214181789974, 50.777883348611184 ], [ 1.949225776619074, 50.777934128705837 ], [ 1.949251968354441, 50.777967944288477 ], [ 1.949331292846383, 50.778019595065139 ], [ 1.949536265923307, 50.778116683579114 ], [ 1.949553743695622, 50.778128063825015 ], [ 1.949589942701319, 50.77815163394272 ], [ 1.949722890789958, 50.778238199626351 ], [ 1.949776535450338, 50.778256103443503 ], [ 1.949812013368218, 50.778259973486648 ], [ 1.950130151321725, 50.778328937205302 ], [ 1.95039830573767, 50.778457531155823 ], [ 1.950611482898751, 50.778598551955476 ], [ 1.950799085235298, 50.778769067471856 ], [ 1.950816136341238, 50.778804153690508 ], [ 1.950873979626161, 50.778878557582225 ], [ 1.950925421230429, 50.778912050882973 ], [ 1.950961557790135, 50.778915992364325 ], [ 1.951016782411266, 50.778910922630722 ], [ 1.951182975023007, 50.778904036854605 ], [ 1.951373570515151, 50.778905641871432 ], [ 1.9514699554191, 50.778896793195223 ], [ 1.951636147921602, 50.778889906814236 ], [ 1.951798443435252, 50.778891272943348 ], [ 1.95189482823644, 50.778882423938121 ], [ 1.952061020632796, 50.778875536990029 ], [ 1.952138416799176, 50.77887618823793 ], [ 1.952258711726972, 50.778865143702028 ], [ 1.952448591108795, 50.778866741062799 ], [ 1.952448714320313, 50.778860852985915 ], [ 1.952534989498964, 50.778861578674544 ], [ 1.952694641269766, 50.778846920158855 ], [ 1.953026679069276, 50.77884971203725 ], [ 1.953341105702011, 50.778917420184499 ], [ 1.953496279453566, 50.778969202557391 ], [ 1.953530275913147, 50.778972909887301 ], [ 1.953845672776407, 50.778975559769322 ], [ 1.954160101301138, 50.779043265868609 ], [ 1.954426142206935, 50.779169261022979 ], [ 1.954617753918314, 50.779341212303592 ], [ 1.95469848347852, 50.779506136386956 ], [ 1.954710017045423, 50.779520969986258 ], [ 1.954733536554506, 50.779536281697389 ], [ 1.954762775281493, 50.779539469861987 ], [ 1.955054710586213, 50.779602329376722 ], [ 1.955870093909269, 50.780191511575339 ], [ 1.956325007654871, 50.780635939414971 ], [ 1.956721132331019, 50.781185112662136 ], [ 1.956755365763967, 50.781333192864132 ], [ 1.956756544401816, 50.781549329785456 ], [ 1.95669944556614, 50.781802057302265 ], [ 1.95659257616984, 50.782088710965695 ], [ 1.956364023338977, 50.782413330600967 ], [ 1.956255543208809, 50.782462818989366 ], [ 1.956230676969794, 50.782470590636649 ], [ 1.956198528725098, 50.782490439824734 ], [ 1.955927304290523, 50.782611926879639 ], [ 1.955807012804613, 50.782635595445043 ], [ 1.955655294851381, 50.782683012075594 ], [ 1.955565110916981, 50.782700756421747 ], [ 1.955552545789257, 50.782704683382669 ], [ 1.955551175572387, 50.782705110837966 ], [ 1.955407995860461, 50.782749696229139 ], [ 1.955407098973421, 50.782753002508969 ], [ 1.955426373500516, 50.782837360653161 ], [ 1.955418559965195, 50.783059839028681 ], [ 1.955296717421962, 50.783268536413097 ], [ 1.955074169647611, 50.783440629049664 ], [ 1.95477525453061, 50.783557296192782 ], [ 1.95443266256386, 50.783605778554339 ], [ 1.954223695895007, 50.783612874263881 ], [ 1.954132340556222, 50.783635749551372 ], [ 1.953955590599567, 50.78370776641767 ], [ 1.953666424931334, 50.783761730844596 ], [ 1.953663925754818, 50.783761960286363 ], [ 1.953568970448539, 50.783765895689669 ], [ 1.953545307007424, 50.783768068304518 ], [ 1.953521395460326, 50.783767867397927 ], [ 1.953497729476947, 50.783768848209291 ], [ 1.953450004219238, 50.783768447195278 ], [ 1.95345002887898, 50.783767267743229 ], [ 1.953308515930817, 50.783766078565669 ], [ 1.953308491267742, 50.783767258017704 ], [ 1.953278812808514, 50.783767008599909 ], [ 1.953113815250631, 50.783782157110387 ], [ 1.952913275179017, 50.783844825283616 ], [ 1.95285621844408, 50.783870379262659 ], [ 1.952788253099894, 50.783891618049012 ], [ 1.952763758404981, 50.783902588437414 ], [ 1.952725239900965, 50.783926367970231 ], [ 1.95245399868584, 50.784047847374055 ], [ 1.952427624556266, 50.784056089010178 ], [ 1.952370567399416, 50.784081642728594 ], [ 1.952288984000256, 50.784107136562369 ], [ 1.952267152481153, 50.784120614109767 ], [ 1.952151230812479, 50.784192177413352 ], [ 1.952145014075605, 50.784215088383085 ], [ 1.952167870546452, 50.784315149441483 ], [ 1.952195668976859, 50.784371939716117 ], [ 1.952201851599646, 50.784399005569519 ], [ 1.952192811288944, 50.784399835488294 ], [ 1.952244818366234, 50.78454566132833 ], [ 1.952242893173843, 50.784637633811009 ], [ 1.952234158220225, 50.78463756032982 ], [ 1.9522315916611, 50.784760160197656 ], [ 1.952124782748011, 50.784959509554255 ], [ 1.951926026126095, 50.78512817824226 ], [ 1.951847538426415, 50.785176630554631 ], [ 1.951834027072197, 50.78522642266892 ], [ 1.95172721570382, 50.785425771859956 ], [ 1.951528455742952, 50.785594440067108 ], [ 1.951374927638344, 50.785663195424711 ], [ 1.951296937688952, 50.785711339238404 ], [ 1.951260021472773, 50.785755798750557 ], [ 1.950378076170024, 50.785833063500228 ], [ 1.949429658897723, 50.786847092931367 ], [ 1.948450766903689, 50.787153784896773 ], [ 1.948121106070938, 50.787146514875047 ], [ 1.946910023202126, 50.787118335487357 ], [ 1.94653792401814, 50.78710980516275 ], [ 1.946433232820102, 50.787107125078229 ], [ 1.946451908138911, 50.787497608425895 ], [ 1.946091060721453, 50.787414544554011 ], [ 1.9460646029888, 50.787402013872992 ], [ 1.945927011131383, 50.78735609647336 ], [ 1.945925703344336, 50.78735595380207 ], [ 1.945909397971661, 50.78735409182574 ], [ 1.945821917705417, 50.7873436546314 ], [ 1.945763716292589, 50.7873307980148 ], [ 1.945694405839644, 50.787323236585458 ], [ 1.945561617382365, 50.787292668987718 ], [ 1.94451962627394, 50.786914682771986 ], [ 1.944515668056936, 50.786912105629675 ], [ 1.944476342481279, 50.786898981095703 ], [ 1.944352087036227, 50.786853905913297 ], [ 1.944263464392029, 50.786811931490618 ], [ 1.944034934901664, 50.78673566097293 ], [ 1.944032026285504, 50.786735034483996 ], [ 1.943981455332293, 50.786718156622534 ], [ 1.943972731076228, 50.786716277587558 ], [ 1.943972351239071, 50.786716150817888 ], [ 1.943582208974028, 50.786574618588098 ], [ 1.943465356377946, 50.786519271182094 ], [ 1.943414929119385, 50.786486437480377 ], [ 1.943337820324219, 50.786436231032411 ], [ 1.943314647603439, 50.786428497009481 ], [ 1.943048595913505, 50.786302479449056 ], [ 1.942974666952056, 50.786254342794187 ], [ 1.942769672559227, 50.78615724439895 ], [ 1.942757980455762, 50.786149631363628 ], [ 1.942657592397426, 50.786102455087118 ], [ 1.942630753165407, 50.786084979192616 ], [ 1.942602829376284, 50.786066797182812 ], [ 1.942554656758225, 50.786035430511212 ], [ 1.942487054254738, 50.786003409233778 ], [ 1.941830699387062, 50.785532913025754 ], [ 1.941834517954276, 50.78551161296901 ], [ 1.941827543998236, 50.785439769485073 ], [ 1.941809166283899, 50.785379673571263 ], [ 1.941806202331744, 50.785375799078885 ], [ 1.941768283062045, 50.785326230767616 ], [ 1.941815150723528, 50.785262822260876 ], [ 1.941828570333159, 50.785230633354708 ], [ 1.94184065434244, 50.785163831139641 ], [ 1.941822267014008, 50.785097609172347 ], [ 1.941787478344329, 50.785053390771751 ], [ 1.941774927344121, 50.785037437706087 ], [ 1.941740211298373, 50.785005737119498 ], [ 1.941663836152494, 50.784935995789532 ], [ 1.94166259891546, 50.784934873044328 ], [ 1.941484812214645, 50.784774539451007 ], [ 1.941393029612527, 50.784716756570838 ], [ 1.941335809123196, 50.784700137645494 ], [ 1.941275431177055, 50.784682601638139 ], [ 1.94116727029621, 50.784664841646602 ], [ 1.941116402103202, 50.784633843740679 ], [ 1.941097060928649, 50.784614602437863 ], [ 1.941093421169132, 50.78461098147087 ], [ 1.941093314386358, 50.78461056959992 ], [ 1.941065123995857, 50.784501836430145 ], [ 1.941029708321971, 50.784433469869974 ], [ 1.940975327343579, 50.784365887857248 ], [ 1.940935924789533, 50.784316920162446 ], [ 1.940890542602732, 50.78427715412446 ], [ 1.940869303932699, 50.784258543759933 ], [ 1.940711496661069, 50.784157600879944 ], [ 1.940609338174342, 50.784111453733125 ], [ 1.940252126273087, 50.784002532846095 ], [ 1.940214725931411, 50.783992691551759 ], [ 1.940208031365117, 50.783991197260384 ], [ 1.940164390885269, 50.783981456275946 ], [ 1.939957759921841, 50.783856147781819 ], [ 1.939931508293883, 50.78384166710098 ], [ 1.939634591700875, 50.783692878790376 ], [ 1.939613417233262, 50.783683023453854 ], [ 1.939355970892488, 50.783571915825064 ], [ 1.939232636324764, 50.78346120092651 ], [ 1.939134264981849, 50.783260114065314 ], [ 1.939137730024185, 50.783096611662458 ], [ 1.939128774831575, 50.78305736097802 ], [ 1.939102587146476, 50.7830235433672 ], [ 1.939090616047976, 50.783015747410587 ], [ 1.939078099401481, 50.783007596194338 ], [ 1.938934384881426, 50.782959620761702 ], [ 1.938931477086089, 50.782958994237674 ], [ 1.938916155566698, 50.782953879539107 ], [ 1.938903049457045, 50.782952448851873 ], [ 1.938840122513924, 50.782958218922602 ], [ 1.93862700282347, 50.782999394312419 ], [ 1.938614186282351, 50.783000569495314 ], [ 1.938282121961635, 50.782997739234801 ], [ 1.937974624003313, 50.782931487513487 ], [ 1.937783205692145, 50.782730839553544 ], [ 1.937407074138955, 50.782182567700829 ], [ 1.937208503106906, 50.781895841806239 ], [ 1.936542765261884, 50.781477567427252 ], [ 1.935840923957185, 50.781152441597214 ], [ 1.9343657962153, 50.780594317870339 ], [ 1.933770351323937, 50.780409429707703 ], [ 1.93320845178513, 50.780274869970619 ], [ 1.931267650515162, 50.77993311759748 ], [ 1.930747536166408, 50.779870403206438 ], [ 1.930850489470214, 50.779656800401256 ], [ 1.930352555171113, 50.779512543860264 ], [ 1.929789915796903, 50.779349782979764 ], [ 1.92869139907471, 50.779030764795785 ], [ 1.928598646989761, 50.778933954285435 ], [ 1.92833685449128, 50.778667891400403 ], [ 1.928335420272495, 50.778668776372761 ], [ 1.928312130561053, 50.778691230105657 ], [ 1.92814761480457, 50.778502292110467 ], [ 1.927793582084347, 50.777863480940148 ], [ 1.927574427453728, 50.777508510882221 ], [ 1.927248808041485, 50.776856338710822 ], [ 1.927010379670051, 50.776545259462708 ], [ 1.927053241032675, 50.776524263347063 ], [ 1.927125840975625, 50.776477242893733 ], [ 1.927175444764108, 50.776419444217176 ], [ 1.927198286067729, 50.776355255967196 ], [ 1.927192630656662, 50.776289551937431 ], [ 1.927180722830974, 50.776250864686688 ], [ 1.927147247542919, 50.776188943589823 ], [ 1.927088513087713, 50.776135111956506 ], [ 1.927018785107854, 50.776086953316629 ], [ 1.926979546780792, 50.776063475729813 ], [ 1.926884369352433, 50.776014200395664 ], [ 1.926861614159392, 50.776003303236244 ], [ 1.92673315071075, 50.775946494988332 ], [ 1.926586177120809, 50.775879769381802 ], [ 1.926471817470229, 50.775818478349549 ], [ 1.926452772230458, 50.775808921239388 ], [ 1.926269925180779, 50.775723097860066 ], [ 1.926109497848553, 50.775634624802123 ], [ 1.925930579365152, 50.775520641052893 ], [ 1.925921422596862, 50.775515001959718 ], [ 1.925808238255072, 50.775447624044872 ], [ 1.925802892432209, 50.775444502682447 ], [ 1.92561835613046, 50.775338821651467 ], [ 1.925545846272483, 50.775306252855444 ], [ 1.925385701092609, 50.775251031793559 ], [ 1.925297778736267, 50.775229252344495 ], [ 1.925189974426603, 50.775212031842791 ], [ 1.925101861108374, 50.774566189019367 ], [ 1.925073787354249, 50.774357768307262 ], [ 1.92421477310729, 50.773173064004531 ], [ 1.924137835268724, 50.773065617894375 ], [ 1.923938132385091, 50.773238997617923 ], [ 1.923905745355046, 50.773191555180446 ], [ 1.923345779569511, 50.77266683368579 ], [ 1.923081752553884, 50.7725099924074 ], [ 1.923025576240139, 50.772458898615788 ], [ 1.922918297987152, 50.772394038042691 ], [ 1.922860772295475, 50.772371107336539 ], [ 1.922838648917601, 50.772365578950861 ], [ 1.922594241625855, 50.77222038971977 ], [ 1.922126299756856, 50.772026901115893 ], [ 1.921729629281271, 50.771936785434917 ], [ 1.92127471326559, 50.771877862151165 ], [ 1.92118120488031, 50.771874260992696 ], [ 1.921189138597043, 50.771781615377783 ], [ 1.921180580150182, 50.771717564406941 ], [ 1.921144672546615, 50.771657451802895 ], [ 1.92108416435604, 50.771605878771098 ], [ 1.921003687113663, 50.77156679285973 ], [ 1.919975806141458, 50.771198053893599 ], [ 1.919868430318734, 50.771172598602881 ], [ 1.919753905176194, 50.771169429907623 ], [ 1.919643441084057, 50.771188857977926 ], [ 1.919547850909386, 50.771228981081443 ], [ 1.919476491626184, 50.771285871729496 ], [ 1.919436348411858, 50.771353961111657 ], [ 1.919431350876568, 50.771426584193478 ], [ 1.919461988362566, 50.771496632125533 ], [ 1.919525261987187, 50.771557248105644 ], [ 1.919614978145506, 50.771602498579099 ], [ 1.920090527978209, 50.771773098004729 ], [ 1.919903466980121, 50.771856824614716 ], [ 1.91971894969896, 50.771893079998605 ], [ 1.919659603410045, 50.771911610531504 ], [ 1.919576521107613, 50.771962871845062 ], [ 1.919524102042757, 50.772025959085049 ], [ 1.919325286743615, 50.772194579345467 ], [ 1.919054028245804, 50.772315988134366 ], [ 1.918736879637214, 50.772378300769567 ], [ 1.918491289982374, 50.772400784401519 ], [ 1.918159296386151, 50.772397900373626 ], [ 1.918000235507062, 50.772380505606897 ], [ 1.917870271572853, 50.772392403054539 ], [ 1.917754637705576, 50.772415121354996 ], [ 1.91742264500854, 50.772412235387613 ], [ 1.917193504648755, 50.772387175409428 ], [ 1.917126707231194, 50.772393289881229 ], [ 1.917067511250937, 50.772411771760446 ], [ 1.916750359721547, 50.772474079301347 ], [ 1.916418366388229, 50.77247119072468 ], [ 1.916378560692074, 50.772466837079357 ], [ 1.916064222949809, 50.772399034472343 ], [ 1.916039025789833, 50.772390615163886 ], [ 1.916030304593656, 50.772388733964505 ], [ 1.915902783153997, 50.772346124299681 ], [ 1.915636875726237, 50.772220045710988 ], [ 1.915526944957189, 50.772121276203201 ], [ 1.915481441036724, 50.772091617979783 ], [ 1.915473546479106, 50.772090754463953 ], [ 1.915463463953428, 50.772091677260192 ], [ 1.915422701057165, 50.772104403456524 ], [ 1.915398202767202, 50.772115367219335 ], [ 1.915388360608418, 50.772121439102321 ], [ 1.915283853648766, 50.77216820915919 ], [ 1.915272897103041, 50.772174968508985 ], [ 1.915244212769069, 50.772192664533172 ], [ 1.915215529850271, 50.77221035975321 ], [ 1.91518684334184, 50.77222805707968 ], [ 1.915158158858175, 50.772245753137426 ], [ 1.915129474211008, 50.77226344927648 ], [ 1.915100789543503, 50.772281145408449 ], [ 1.915092287563644, 50.77228639035372 ], [ 1.915092287191664, 50.772286390671695 ], [ 1.915072104855769, 50.772298841533321 ], [ 1.915063602869829, 50.772304086476559 ], [ 1.915063602497849, 50.772304086794506 ], [ 1.915043420147688, 50.772316537651179 ], [ 1.915034918401833, 50.772321782440457 ], [ 1.91503491792706, 50.772321782821869 ], [ 1.915014735419205, 50.772334233761988 ], [ 1.915006233421391, 50.772339478700935 ], [ 1.915006233049391, 50.77233947901891 ], [ 1.914986050670698, 50.772351929865565 ], [ 1.914961542437141, 50.772367049302837 ], [ 1.914737057863935, 50.77247291319118 ], [ 1.91447674565417, 50.77253789995266 ], [ 1.914313491361935, 50.772549404037491 ], [ 1.914313612566284, 50.772549936581719 ], [ 1.914237244756224, 50.772556925238881 ], [ 1.914210113909782, 50.772556688651171 ], [ 1.914198696827793, 50.772557493163866 ], [ 1.914139190752418, 50.772556680919166 ], [ 1.914139211480324, 50.772556070336435 ], [ 1.91390525111497, 50.772554029765303 ], [ 1.913590918075508, 50.772486221348437 ], [ 1.913325015687199, 50.772360137761211 ], [ 1.91329799944686, 50.772342528421561 ], [ 1.913270093126889, 50.772324338903232 ], [ 1.913190708867323, 50.772272595533586 ], [ 1.912999267295546, 50.772100579279929 ], [ 1.912961129180191, 50.772051455664787 ], [ 1.912927377431892, 50.772047763149267 ], [ 1.912891090974537, 50.772051083483994 ], [ 1.912885566501467, 50.772054491463166 ], [ 1.912703316608395, 50.772209034983348 ], [ 1.91243204194725, 50.7723304293038 ], [ 1.912114885000226, 50.772392725030386 ], [ 1.911782892325776, 50.772389824017182 ], [ 1.911468562925182, 50.772322010245652 ], [ 1.911269321023659, 50.772227529734636 ], [ 1.91108838868857, 50.772167064393564 ], [ 1.911085481331218, 50.772166437121456 ], [ 1.911032187923288, 50.772148627065746 ], [ 1.911029281102456, 50.772147999879465 ], [ 1.910975986626574, 50.77213018947397 ], [ 1.910973079797681, 50.772129562284235 ], [ 1.910957764080775, 50.772124443939305 ], [ 1.910944661910137, 50.772123010319355 ], [ 1.910893187262021, 50.772127719575565 ], [ 1.910654942908283, 50.772174512462058 ], [ 1.910322951746541, 50.772171607607547 ], [ 1.910169467651701, 50.772154812741945 ], [ 1.910172210760355, 50.772144732821118 ], [ 1.910074159011009, 50.77213024233918 ], [ 1.910073388906418, 50.772133072169218 ], [ 1.910071857095058, 50.772132904549593 ], [ 1.910027685716792, 50.772123374298843 ], [ 1.909863143582019, 50.772099057338941 ], [ 1.909852536532743, 50.772095856754767 ], [ 1.909813732402782, 50.772083524590677 ], [ 1.909760438544883, 50.772065713637666 ], [ 1.909757531587174, 50.772065086434999 ], [ 1.909716978860156, 50.772051533577276 ], [ 1.909615193964812, 50.771998831824561 ], [ 1.909609913005662, 50.772003924767112 ], [ 1.909434952403527, 50.771930975937451 ], [ 1.909358972755934, 50.771920099223955 ], [ 1.909097869846233, 50.771858996194815 ], [ 1.908906492717121, 50.771795035553382 ], [ 1.908748091371192, 50.771760857481155 ], [ 1.908720144274637, 50.771751517119199 ], [ 1.908717237348224, 50.771750889891905 ], [ 1.908668069625259, 50.771734457235084 ], [ 1.908656441926558, 50.771731948320571 ], [ 1.908512701332143, 50.771683907668738 ], [ 1.9083755078288, 50.771654305047448 ], [ 1.908337113982152, 50.771650103183013 ], [ 1.908320199864391, 50.771651650260921 ], [ 1.908319729831903, 50.771653377233413 ], [ 1.908321184151324, 50.771659770700325 ], [ 1.908347953345214, 50.771694256075023 ], [ 1.908399792435556, 50.771728049782617 ], [ 1.908505293103892, 50.771763310088417 ], [ 1.908588854060616, 50.771781340149822 ], [ 1.908684142473024, 50.771813187112606 ], [ 1.90868704940258, 50.771813814340575 ], [ 1.908704503746222, 50.77181964785774 ], [ 1.908970391875181, 50.771945741497049 ], [ 1.909153126969207, 50.772109952974937 ], [ 1.909155563167016, 50.772111541078068 ], [ 1.909299219296767, 50.772159552111482 ], [ 1.909302126254188, 50.772160179324793 ], [ 1.909317440300451, 50.772165297386223 ], [ 1.909351879447705, 50.772169066123688 ], [ 1.909666205057068, 50.772236885251296 ], [ 1.90976548818875, 50.7722839673811 ], [ 1.909854998894438, 50.772313881938111 ], [ 1.909919921851861, 50.772320986253689 ], [ 1.910234249184339, 50.772388803931761 ], [ 1.910258309255241, 50.772400213526012 ], [ 1.910359424888071, 50.772434005842783 ], [ 1.910625320607336, 50.772560095884131 ], [ 1.910641875732524, 50.772570887291785 ], [ 1.910662709100695, 50.772580766609067 ], [ 1.910825211749604, 50.772726788081457 ], [ 1.910895850805897, 50.772772833486698 ], [ 1.910946859584856, 50.772789879900394 ], [ 1.911013315482412, 50.772797151290931 ], [ 1.911327647227689, 50.772864966167887 ], [ 1.911593547464355, 50.772991053993699 ], [ 1.911593713789534, 50.772991162408644 ], [ 1.911741220917635, 50.773123704671946 ], [ 1.911763714814384, 50.773138366655736 ], [ 1.911890383597109, 50.773152225361315 ], [ 1.912204717956071, 50.773220037738703 ], [ 1.912259073623473, 50.773238201706334 ], [ 1.912524978599785, 50.773364287512457 ], [ 1.912567409551357, 50.773402412592468 ], [ 1.912552014942271, 50.773438093749476 ], [ 1.912556911705818, 50.773503948235984 ], [ 1.912557387019498, 50.773510340517547 ], [ 1.912597704812126, 50.773577998629044 ], [ 1.912669021844546, 50.773634445207968 ], [ 1.912741626553665, 50.773664686961979 ], [ 1.912764357140965, 50.773674154827646 ], [ 1.912874378559648, 50.773693240394117 ], [ 1.913169326280801, 50.773713888598678 ], [ 1.91319654024499, 50.773715793712086 ], [ 1.913260907922554, 50.773716673139191 ], [ 1.913401135793539, 50.77371071829036 ], [ 1.91345357132769, 50.773706047882186 ], [ 1.913786905809964, 50.773660501862501 ], [ 1.913797062215161, 50.773659114100425 ], [ 1.913879833788122, 50.77367728166044 ], [ 1.914143712399825, 50.773803395579421 ], [ 1.914333628588539, 50.773974859071224 ], [ 1.914345020140852, 50.773998238787634 ], [ 1.914363017759146, 50.77402141859735 ], [ 1.914363691849521, 50.77402228836312 ], [ 1.914464594968398, 50.774152718494989 ], [ 1.914514586544629, 50.774185301044071 ], [ 1.914522481299727, 50.774186164604856 ], [ 1.914530410588781, 50.774185438976055 ], [ 1.914610382563699, 50.77413610538531 ], [ 1.91463788313724, 50.774035021074852 ], [ 1.91464424364295, 50.774035716808932 ], [ 1.914669131393295, 50.773934798058526 ], [ 1.914692546388464, 50.773903084849913 ], [ 1.914718607786992, 50.773903509368161 ], [ 1.914829211290298, 50.773882697319102 ], [ 1.915472518185912, 50.773687881204751 ], [ 1.915965705755054, 50.773598095504425 ], [ 1.916428016295986, 50.773552510491477 ], [ 1.91648944857114, 50.773542946352357 ], [ 1.91657759734985, 50.773523972233697 ], [ 1.916695413788038, 50.773481890914042 ], [ 1.91678110602078, 50.773415562910678 ], [ 1.916807233478816, 50.773385281201563 ], [ 1.916839487704338, 50.773334408839418 ], [ 1.916852027296613, 50.773280158792168 ], [ 1.916857707403054, 50.773147625235076 ], [ 1.916870786402789, 50.773133266458011 ], [ 1.916997360496398, 50.77310840007501 ], [ 1.91712371148299, 50.773096834488435 ], [ 1.917455709132136, 50.773099721237443 ], [ 1.917741127712371, 50.773161281432508 ], [ 1.917729253338796, 50.773196811260959 ], [ 1.917891637491241, 50.773396457354515 ], [ 1.918301211816754, 50.773634605851235 ], [ 1.919005157857279, 50.773851325816608 ], [ 1.919354392170874, 50.773919972243029 ], [ 1.919502158880958, 50.773972154339326 ], [ 1.921145271632765, 50.7745570975069 ], [ 1.923618011278002, 50.775384321842147 ], [ 1.924121961752382, 50.775942851788407 ], [ 1.924556063267298, 50.776300122315334 ], [ 1.923853299973894, 50.777020340235623 ], [ 1.925931694620665, 50.777613050126106 ], [ 1.925877985268926, 50.777713200413999 ], [ 1.925768113225524, 50.777806390126386 ], [ 1.925735869930852, 50.777845198021168 ], [ 1.92537835789741, 50.777837505477855 ], [ 1.925955465629258, 50.778775691941611 ], [ 1.926301876586582, 50.778923146680206 ], [ 1.927010096871758, 50.779226261610333 ], [ 1.927325378120461, 50.779425521404775 ], [ 1.927750758889255, 50.779976255846904 ], [ 1.928147527947687, 50.780408040433635 ], [ 1.928868964103533, 50.781096487403943 ], [ 1.929031855978175, 50.781415395196525 ], [ 1.929031499820746, 50.781631527683835 ], [ 1.928948580137374, 50.781757448804292 ], [ 1.928458191444211, 50.781726975505741 ], [ 1.926462360807237, 50.781603007817509 ], [ 1.925909000650096, 50.781600928635093 ], [ 1.925451886287195, 50.781598780126103 ], [ 1.925231112144913, 50.781597772408254 ], [ 1.924612702244273, 50.781329522007283 ], [ 1.923990172135745, 50.781253257451404 ], [ 1.924327972993267, 50.781604332247682 ], [ 1.924464206099815, 50.781716091418481 ], [ 1.924388166932482, 50.781680053378139 ], [ 1.924381306464804, 50.781675583836886 ], [ 1.924353390755878, 50.781657396957236 ], [ 1.924353390755522, 50.781657396957044 ], [ 1.924350477449518, 50.781655498958415 ], [ 1.924293756833561, 50.781628616655226 ], [ 1.924252915440277, 50.781591937861265 ], [ 1.924251086431847, 50.781590746270268 ], [ 1.924177303783819, 50.781524483449786 ], [ 1.924081718637582, 50.781462209820809 ], [ 1.924073822537335, 50.781461346871531 ], [ 1.924068279892098, 50.781461854447066 ], [ 1.924031390416909, 50.781506248634301 ], [ 1.923999521227166, 50.781476768739829 ], [ 1.923628429898071, 50.781028495572279 ], [ 1.922797491384985, 50.780179632071032 ], [ 1.922748157533706, 50.780170232214331 ], [ 1.922584667738296, 50.780138309280474 ], [ 1.922484429554993, 50.780586995821238 ], [ 1.922299577656468, 50.781415488654204 ], [ 1.921519363562645, 50.781205683915566 ], [ 1.921506004273815, 50.781203204607138 ], [ 1.921504244471694, 50.781202058014387 ], [ 1.92150424396992, 50.781202057778422 ], [ 1.921488940642815, 50.781192086947172 ], [ 1.921297435794854, 50.781020085359593 ], [ 1.921258216880765, 50.780969592700536 ], [ 1.921209121213889, 50.780953193700469 ], [ 1.921120927462744, 50.780943552953893 ], [ 1.920969979964818, 50.780934704009447 ], [ 1.920886749051022, 50.780925605597261 ], [ 1.920776978037916, 50.780935655225591 ], [ 1.920685440699307, 50.780964128856539 ], [ 1.920662594870073, 50.78104812931177 ], [ 1.920647697854168, 50.78107589916732 ], [ 1.920458189185683, 50.781065803798668 ], [ 1.919954226160339, 50.781110743070329 ], [ 1.918941467423954, 50.781101948823512 ], [ 1.918237325462162, 50.781064594731028 ], [ 1.917989039914796, 50.780983938145049 ], [ 1.917699082101228, 50.780812561027702 ], [ 1.916997539438515, 50.780299892915821 ], [ 1.916591727530072, 50.780108748019671 ], [ 1.917123413143969, 50.778808679598541 ], [ 1.915751827827959, 50.778620871617044 ], [ 1.914994068165666, 50.778517361748463 ], [ 1.91405711229671, 50.778388954511136 ], [ 1.913737094365358, 50.778331427180866 ], [ 1.913009623107861, 50.778202147107919 ], [ 1.912790571451691, 50.778187672473962 ], [ 1.91257293491764, 50.778173209810191 ], [ 1.912297342851513, 50.778155179669668 ], [ 1.911220316643337, 50.777842603955527 ], [ 1.911042151488234, 50.777813327948365 ], [ 1.910813755593279, 50.777718150318513 ], [ 1.910750549882649, 50.77769606184853 ], [ 1.910657844370236, 50.777663844796045 ], [ 1.910140940135121, 50.777484344959021 ], [ 1.90936279011443, 50.777213720582097 ], [ 1.909354398034497, 50.777209160487658 ], [ 1.909098386342609, 50.777047180290744 ], [ 1.908895168603283, 50.776825660669068 ], [ 1.908181385318279, 50.775616061138876 ], [ 1.907564860509785, 50.774941303323381 ], [ 1.907352431673882, 50.774644612788357 ], [ 1.907168630641837, 50.774472680549643 ], [ 1.906020071287076, 50.773991575832305 ], [ 1.905658686988978, 50.77391139683516 ], [ 1.905516244480948, 50.774027488824593 ], [ 1.905643411199207, 50.774368727486866 ], [ 1.90568668386815, 50.774446278681253 ], [ 1.905429961394552, 50.774390881619325 ], [ 1.905164069201121, 50.774264780931006 ], [ 1.905016378638813, 50.774132053641388 ], [ 1.904892539881542, 50.774051320758382 ], [ 1.904790104751391, 50.77400273948497 ], [ 1.904744734454939, 50.773973161504337 ], [ 1.904597243238208, 50.773840610964207 ], [ 1.904520027025821, 50.773790271416914 ], [ 1.904498015054624, 50.773787861814384 ], [ 1.904473752552289, 50.773790080156814 ], [ 1.904419365825107, 50.773807053141191 ], [ 1.904400346694044, 50.773818782844181 ], [ 1.904387512061873, 50.773797052138221 ], [ 1.904362494595643, 50.773763263536516 ], [ 1.903794655342106, 50.7731337275304 ], [ 1.90377630875688, 50.773115429848581 ], [ 1.903411336073416, 50.77278648687701 ], [ 1.903398154763263, 50.772775334808998 ], [ 1.903309137792575, 50.77270455937385 ], [ 1.9032354100817, 50.772660282880082 ], [ 1.903103692967981, 50.772600796413343 ], [ 1.903061952263121, 50.772584503471762 ], [ 1.902639446824718, 50.772443419958073 ], [ 1.902625626517597, 50.772434896257622 ], [ 1.902619882121661, 50.772431429477855 ], [ 1.90255152179305, 50.77239106050007 ], [ 1.902356928772791, 50.7722659511427 ], [ 1.902335497398135, 50.772251978140886 ], [ 1.902243912845209, 50.772208538292439 ], [ 1.902135641578891, 50.772185170499384 ], [ 1.902021281827381, 50.772184162137577 ], [ 1.901912027771447, 50.772205611911289 ], [ 1.901818573836731, 50.772247420191803 ], [ 1.901750067895675, 50.772305494534336 ], [ 1.901713215829058, 50.772374150259324 ], [ 1.901711625091637, 50.772446666892634 ], [ 1.901745451544382, 50.77251594600213 ], [ 1.901811384140988, 50.772575206041289 ], [ 1.90183370664634, 50.772589760141635 ], [ 1.901835495308917, 50.772590918206177 ], [ 1.902036437799223, 50.772720110605434 ], [ 1.902047571555524, 50.77272697114045 ], [ 1.902118711867899, 50.772768982020338 ], [ 1.902167529880979, 50.772799090772018 ], [ 1.902252076927737, 50.772838025484837 ], [ 1.902699557949141, 50.77298744931457 ], [ 1.902769507912608, 50.773019040436139 ], [ 1.902819702171237, 50.773058949110087 ], [ 1.903168497936996, 50.7733733154136 ], [ 1.903713173377128, 50.773977179189835 ], [ 1.903780596884216, 50.774091338272434 ], [ 1.903795317779952, 50.774112874574243 ], [ 1.903852677326001, 50.774186351924207 ], [ 1.903883383340271, 50.774164158183488 ], [ 1.904217917292956, 50.774358501728472 ], [ 1.904245650508474, 50.77434459521514 ], [ 1.904265905965427, 50.774357280617231 ], [ 1.904270256508252, 50.774359099227148 ], [ 1.904301531974997, 50.774374249491835 ], [ 1.904300101002114, 50.774439632677279 ], [ 1.904296320609109, 50.774453517379889 ], [ 1.904306158346716, 50.774496778930569 ], [ 1.904259074743017, 50.774469503937453 ], [ 1.904211051783127, 50.774498543916508 ], [ 1.904323485544596, 50.774553008211718 ], [ 1.904342727170893, 50.774592410093433 ], [ 1.904342916361271, 50.774593242059822 ], [ 1.904349399774618, 50.774601594851646 ], [ 1.90442428341274, 50.774650413086263 ], [ 1.90461570615242, 50.7748224425739 ], [ 1.904627267998909, 50.77483733787016 ], [ 1.90465228679728, 50.774853647974879 ], [ 1.904790020351084, 50.774899683273325 ], [ 1.905055915137434, 50.775025784732826 ], [ 1.905073835683035, 50.775037467214673 ], [ 1.905265261979665, 50.775209495403089 ], [ 1.905322406780385, 50.775326506423049 ], [ 1.90535613451539, 50.775369956877867 ], [ 1.905535922631152, 50.775531523940451 ], [ 1.905634143784128, 50.775732639915319 ], [ 1.905629541908741, 50.775943157593531 ], [ 1.905522566217121, 50.77614247001744 ], [ 1.905521721540705, 50.776143186083154 ], [ 1.902976476322013, 50.776237727877813 ], [ 1.902970116409078, 50.77623560212389 ], [ 1.902958545152786, 50.776234335362474 ], [ 1.902883777181394, 50.776241170149831 ], [ 1.902124954081148, 50.776269345527929 ], [ 1.902134695510722, 50.776254321711086 ], [ 1.902137991184976, 50.776252466390872 ], [ 1.902145535373896, 50.776241533304145 ], [ 1.901925370057483, 50.776155281216738 ], [ 1.901924220135399, 50.776154976063673 ], [ 1.901547302084021, 50.775864161625307 ], [ 1.901532626829365, 50.775853522951635 ], [ 1.901430806590306, 50.775784134198972 ], [ 1.901259609875176, 50.775667465925864 ], [ 1.901195680721605, 50.775720119037487 ], [ 1.901220903213372, 50.775731558127269 ], [ 1.901152094057894, 50.775791247263875 ], [ 1.901069490982435, 50.775734954082083 ], [ 1.90104347100105, 50.77572083815101 ], [ 1.900754656127269, 50.775597150426037 ], [ 1.900741082197487, 50.775592227188177 ], [ 1.900761275861611, 50.775562663487406 ], [ 1.900657079573368, 50.775512839562694 ], [ 1.900566489965445, 50.775468519617242 ], [ 1.900617381092657, 50.77542583919184 ], [ 1.90059143894519, 50.775420818403589 ], [ 1.900521264630658, 50.775411918687439 ], [ 1.900303191934049, 50.775398244685945 ], [ 1.900268035969838, 50.775530921515873 ], [ 1.900267246344586, 50.77553087200252 ], [ 1.900247826703513, 50.775530451319248 ], [ 1.899827139406737, 50.775538527303489 ], [ 1.899836796174018, 50.775463062085983 ], [ 1.89984002667262, 50.775438414239538 ], [ 1.899841677710285, 50.775434121674813 ], [ 1.899853367233339, 50.775403735836491 ], [ 1.899683351984611, 50.775406999280825 ], [ 1.899386432385707, 50.775393827732458 ], [ 1.899358400445673, 50.775446541290236 ], [ 1.899312607030712, 50.775437432492659 ], [ 1.899215838328137, 50.77541674626643 ], [ 1.899119350715475, 50.775396152181003 ], [ 1.899138825611781, 50.775359442350513 ], [ 1.898987997029618, 50.775315761286059 ], [ 1.89897963986527, 50.775326810124604 ], [ 1.898837424441055, 50.775294146287187 ], [ 1.89884908509967, 50.775278725703089 ], [ 1.898830088395778, 50.775273801902578 ], [ 1.898644380103686, 50.775223973273896 ], [ 1.898676362742403, 50.775172910748601 ], [ 1.898614017399964, 50.775141960949341 ], [ 1.898579629965008, 50.775124890129625 ], [ 1.898408942418436, 50.775040156059674 ], [ 1.89839188348364, 50.775031687498313 ], [ 1.898348428576766, 50.775003818793451 ], [ 1.898299317331342, 50.774987885887242 ], [ 1.898306163418092, 50.774979412385342 ], [ 1.898240809420556, 50.774948008754698 ], [ 1.89794730702102, 50.774844911257816 ], [ 1.897884567023775, 50.774827555992005 ], [ 1.89780298531381, 50.774810594661737 ], [ 1.897728286486702, 50.774878922365851 ], [ 1.897706970899106, 50.774876490370211 ], [ 1.897683179552216, 50.774819389402431 ], [ 1.897656940245398, 50.77480919682187 ], [ 1.897556333741078, 50.774770080144123 ], [ 1.897535055931149, 50.774798067751604 ], [ 1.897321693424795, 50.774731750674547 ], [ 1.897276187220172, 50.774793173360408 ], [ 1.897153962796232, 50.774752518926725 ], [ 1.897180458541911, 50.774706092705678 ], [ 1.897212695584853, 50.774713825997125 ], [ 1.89722803118975, 50.77469105637261 ], [ 1.897163301736125, 50.774677598316153 ], [ 1.897155246190619, 50.774675989101944 ], [ 1.896943340777772, 50.774635371621315 ], [ 1.896917037506303, 50.774683031287339 ], [ 1.896844708760393, 50.774756691602711 ], [ 1.896729844866444, 50.774734674567888 ], [ 1.896780131781513, 50.774704969418735 ], [ 1.896856401349026, 50.774618707172714 ], [ 1.89669327588905, 50.774587439279387 ], [ 1.896552321247049, 50.774560420884391 ], [ 1.896291397998673, 50.774510406227982 ], [ 1.896254764667869, 50.774504684376346 ], [ 1.896247263618299, 50.774503772250561 ], [ 1.896224009042729, 50.774568403632522 ], [ 1.895818023698328, 50.774503068342476 ], [ 1.895845476481087, 50.774454914322725 ], [ 1.895761333376435, 50.774444682216355 ], [ 1.895700077682334, 50.774437233263527 ], [ 1.895596505186001, 50.774424638333862 ], [ 1.895179546240468, 50.774332097541198 ], [ 1.895095234695289, 50.774322390470722 ], [ 1.895084553007999, 50.774335941043219 ], [ 1.89505601742227, 50.774372119250017 ], [ 1.895287025725923, 50.774453043769512 ], [ 1.895260633932813, 50.774492306201523 ], [ 1.895109610614789, 50.774458787545335 ], [ 1.89508086420312, 50.774454355483222 ], [ 1.895051306512618, 50.774453564583311 ], [ 1.895022073422367, 50.774456445239309 ], [ 1.894994288337531, 50.774462886749738 ], [ 1.894969019018446, 50.774472641572217 ], [ 1.894947236547932, 50.774485334836044 ], [ 1.894929778013575, 50.774500478748074 ], [ 1.894917314339002, 50.774517491338052 ], [ 1.894910324500371, 50.774535718823103 ], [ 1.894909077118947, 50.774554460732084 ], [ 1.89491362013728, 50.774572996824091 ], [ 1.894923778975825, 50.774590614766929 ], [ 1.89493916324101, 50.774606637511738 ], [ 1.894959181727089, 50.77462044931174 ], [ 1.89498306513541, 50.774631519385359 ], [ 1.895009895638041, 50.774639422314038 ], [ 1.895098611822431, 50.774659112332934 ], [ 1.895084085738513, 50.774677728073264 ], [ 1.895334606432747, 50.774727419218586 ], [ 1.895310938754381, 50.774773870149382 ], [ 1.895096907179716, 50.774731591603633 ], [ 1.895086465438393, 50.774749445451157 ], [ 1.894950341109773, 50.77472311243055 ], [ 1.894931694521901, 50.774763291502417 ], [ 1.894939959153813, 50.774766112163626 ], [ 1.895382157729383, 50.774864254678917 ], [ 1.895433653371257, 50.774873048921243 ], [ 1.896099625878355, 50.774954032987523 ], [ 1.896118356527954, 50.774957623361111 ], [ 1.896145846803192, 50.774904207552837 ], [ 1.89616063401053, 50.774907479270226 ], [ 1.896282001295223, 50.774848765460028 ], [ 1.897004624300898, 50.774987277755869 ], [ 1.896993762555585, 50.775006758917542 ], [ 1.896849988697409, 50.77500548528905 ], [ 1.896535663357392, 50.774937634145168 ], [ 1.89648925138066, 50.774922117768348 ], [ 1.896477680623646, 50.774920850405714 ], [ 1.896469751125197, 50.774921574868813 ], [ 1.896448354265136, 50.774934768018397 ], [ 1.896421147220346, 50.774951543581722 ], [ 1.896149818516968, 50.77507290125746 ], [ 1.895832624623301, 50.775135154838381 ], [ 1.89550061555757, 50.775132210335151 ], [ 1.895302707875008, 50.775110531498505 ], [ 1.895303750372184, 50.775106705252888 ], [ 1.895217648016345, 50.775099467651614 ], [ 1.895055805852146, 50.775059969450233 ], [ 1.894960638630815, 50.775049544508398 ], [ 1.894938528980257, 50.775051564231518 ], [ 1.894915922894892, 50.775065502391087 ], [ 1.894902601351773, 50.775114394657308 ], [ 1.894900997877873, 50.775187037076286 ], [ 1.894896896785728, 50.775187000680951 ], [ 1.894895312556627, 50.775258770768659 ], [ 1.894899413654649, 50.775258807164029 ], [ 1.894899394399319, 50.775259679487228 ], [ 1.894910552741284, 50.77530878892621 ], [ 1.894934051793385, 50.775324111904403 ], [ 1.894972385382429, 50.775336928027855 ], [ 1.89501466264739, 50.775341559203333 ], [ 1.895252145150381, 50.775386171186845 ], [ 1.895257653146042, 50.775387668332783 ], [ 1.895334496302974, 50.775410911189354 ], [ 1.89538778759833, 50.775428727874399 ], [ 1.895390694413672, 50.775429355422645 ], [ 1.895442613123582, 50.775446713136105 ], [ 1.895448427051553, 50.775447968189461 ], [ 1.8954637405204, 50.775453087873743 ], [ 1.895626832204685, 50.775470952619123 ], [ 1.895626398790641, 50.775472543393427 ], [ 1.895742306149927, 50.775482285857684 ], [ 1.895975138409545, 50.7755391073228 ], [ 1.896078548585133, 50.775573679306341 ], [ 1.896317610253379, 50.775625284232078 ], [ 1.896325292843695, 50.775627852648292 ], [ 1.89648660536102, 50.775662673973152 ], [ 1.896514549772347, 50.775672016189652 ], [ 1.896517456599479, 50.775672643707836 ], [ 1.89651957359359, 50.775673351443992 ], [ 1.896719446052345, 50.775716496053114 ], [ 1.896739766682325, 50.77572613511321 ], [ 1.896785685871747, 50.775741486354733 ], [ 1.896846532495982, 50.775770348747116 ], [ 1.896986856678437, 50.775817260236323 ], [ 1.897029134778158, 50.775821890754777 ], [ 1.897343467103686, 50.775889740804381 ], [ 1.897358740398681, 50.775894846719801 ], [ 1.897361647529265, 50.775895474264921 ], [ 1.89737816347664, 50.775900995584323 ], [ 1.897458820826317, 50.775918405628055 ], [ 1.89747453708112, 50.775923659614897 ], [ 1.897530087417148, 50.775935650182056 ], [ 1.8975623220184, 50.775950940195564 ], [ 1.897779601650671, 50.776023576519222 ], [ 1.898018666475764, 50.776075177993782 ], [ 1.898025275643133, 50.776077387407767 ], [ 1.898277637672581, 50.776131858338971 ], [ 1.898543522450731, 50.776257973416627 ], [ 1.898675915622523, 50.776344292864962 ], [ 1.89879930936307, 50.776385541577746 ], [ 1.898823846712536, 50.776390837650148 ], [ 1.898976710917531, 50.776407577521333 ], [ 1.899034682902795, 50.776408090070923 ], [ 1.899034522167926, 50.776415399006702 ], [ 1.899210241276527, 50.776416952432697 ], [ 1.899374349756238, 50.776434923100943 ], [ 1.899438699564236, 50.776438898022668 ], [ 1.899748715486912, 50.776474726013284 ], [ 1.89978470990601, 50.776476842507726 ], [ 1.89988926522402, 50.776488291333315 ], [ 1.90020360513025, 50.776556133899795 ], [ 1.900252220665646, 50.776572384545211 ], [ 1.900256312471839, 50.776572838102972 ], [ 1.900447621961543, 50.776594301951583 ], [ 1.900467882048934, 50.776592450332991 ], [ 1.900487369408113, 50.7765804337727 ], [ 1.900758696014978, 50.77645906623723 ], [ 1.90107589281915, 50.776396799788067 ], [ 1.901301529718816, 50.776398790748082 ], [ 1.901366254096042, 50.77644872948423 ], [ 1.901368452536226, 50.776454631240505 ], [ 1.901430823011508, 50.77651970107798 ], [ 1.901478187346743, 50.776545542080903 ], [ 1.90155504269675, 50.776511497122002 ], [ 1.901567626104378, 50.776505596063799 ], [ 1.901657394297827, 50.77646347133107 ], [ 1.901861138629376, 50.776543290425316 ], [ 1.90183218413058, 50.776554769555801 ], [ 1.901830541297075, 50.776552242568506 ], [ 1.901794807474029, 50.776568348421165 ], [ 1.901855391439548, 50.776612941166157 ], [ 1.901916507852653, 50.776665524731385 ], [ 1.901921774092763, 50.776683517591955 ], [ 1.901920849384572, 50.776725676210191 ], [ 1.902231856778099, 50.776847514958817 ], [ 1.902315533339767, 50.776865520684211 ], [ 1.902394944415639, 50.776882608487604 ], [ 1.902578831563648, 50.776894414321433 ], [ 1.902883362583181, 50.776913965064935 ], [ 1.903059737139827, 50.777071146812325 ], [ 1.903093871705888, 50.777102354367443 ], [ 1.903093488500274, 50.777105016116444 ], [ 1.903256905319806, 50.777343247606574 ], [ 1.903411821279157, 50.77740613841096 ], [ 1.903407394657308, 50.777410875775288 ], [ 1.903457882192812, 50.777424837564126 ], [ 1.903490879734201, 50.777438233416248 ], [ 1.903539635007361, 50.7774474453715 ], [ 1.903586951908381, 50.777460530285985 ], [ 1.903587944310525, 50.777462244897926 ], [ 1.903631028865231, 50.777515457417543 ], [ 1.903679570634825, 50.777560750754311 ], [ 1.903770773743413, 50.777620644487946 ], [ 1.903888374951183, 50.777657677171291 ], [ 1.903972939767938, 50.777673675903422 ], [ 1.904086337349496, 50.777683881316868 ], [ 1.904247538716208, 50.77768306603825 ], [ 1.904313241578354, 50.777682733685062 ], [ 1.904334846000094, 50.777684917819215 ], [ 1.904744318278918, 50.777821051093774 ], [ 1.904849696259162, 50.77785607597248 ], [ 1.905622914256607, 50.778027980014002 ], [ 1.907380656684873, 50.778417596118686 ], [ 1.907509895221301, 50.778202476299121 ], [ 1.908325367670717, 50.778313487223336 ], [ 1.908518510394697, 50.778353447576634 ], [ 1.908527905571455, 50.77835600539985 ], [ 1.908498565959523, 50.778394657312447 ], [ 1.908503775682596, 50.778396636879947 ], [ 1.908539861761565, 50.778405271891685 ], [ 1.90897123059468, 50.778565140327686 ], [ 1.909018307132699, 50.77858258708148 ], [ 1.909239763857022, 50.778695490693664 ], [ 1.909318028288509, 50.778726341149031 ], [ 1.909481153230178, 50.778774430193849 ], [ 1.909561731256908, 50.778789751232651 ], [ 1.909502796450155, 50.778764704909293 ], [ 1.909403514658554, 50.778722469179158 ], [ 1.909454839762595, 50.778672859234959 ], [ 1.909640342332079, 50.77874701049825 ], [ 1.909589422345528, 50.778794688168858 ], [ 1.90981208746678, 50.778815662028691 ], [ 1.909819498978349, 50.778818624615909 ], [ 1.909577073346486, 50.779071250630054 ], [ 1.909575619242747, 50.7790730325314 ], [ 1.911103540498125, 50.779555697866591 ], [ 1.911073405388938, 50.779639782053451 ], [ 1.910974157884721, 50.779908108866429 ], [ 1.910962056839858, 50.779943895659798 ], [ 1.912350812261106, 50.780319444575063 ], [ 1.912321236147408, 50.780443015667664 ], [ 1.913071228927222, 50.780709784653133 ], [ 1.913049337623038, 50.781131330993496 ], [ 1.913040788706372, 50.781133948321177 ], [ 1.91278249241523, 50.781915581509274 ], [ 1.912748386490102, 50.781942741314971 ], [ 1.912685554770589, 50.781975743183239 ], [ 1.911864549646843, 50.781854089676436 ], [ 1.91180013928139, 50.782173538445321 ], [ 1.911653258050849, 50.782239251236248 ], [ 1.911336038473938, 50.782301543403463 ], [ 1.911327223038265, 50.782301466341977 ], [ 1.910969885218901, 50.782186351163432 ], [ 1.91084025145255, 50.782224699294972 ], [ 1.909908596242182, 50.782500098943302 ], [ 1.908988523329787, 50.782568314018974 ], [ 1.907788511779853, 50.782881725764121 ], [ 1.90789801471853, 50.78318238806245 ], [ 1.906647361092692, 50.783350877536577 ], [ 1.906301087446427, 50.783068773349996 ], [ 1.90582257605376, 50.783462079405481 ], [ 1.904740037985397, 50.78370919535736 ], [ 1.903837796281374, 50.783915884508062 ], [ 1.903105031955204, 50.783897594417802 ], [ 1.902615569723417, 50.783896776204699 ], [ 1.901899370592679, 50.78394089779944 ], [ 1.901249021221573, 50.784057889174342 ], [ 1.898905112604976, 50.784680983864462 ], [ 1.898487378202802, 50.784727037506514 ], [ 1.897898567393397, 50.784761721772185 ], [ 1.897195360582816, 50.784774473612558 ], [ 1.896834740294329, 50.784760637601359 ], [ 1.896683457158454, 50.784763942338067 ], [ 1.89653409342312, 50.784448830020118 ], [ 1.896345183634787, 50.784478562101192 ], [ 1.896330992375688, 50.784480230972108 ], [ 1.896123605991785, 50.784513388235816 ], [ 1.895983950412052, 50.784684434163765 ], [ 1.895919961074494, 50.784761933011183 ], [ 1.895746096662932, 50.784784414602946 ], [ 1.895245750679562, 50.784795339430836 ], [ 1.894542853489031, 50.784773101428478 ], [ 1.894108792742728, 50.784745542940655 ], [ 1.893464383882103, 50.784668801951817 ], [ 1.891878368962032, 50.784370751577598 ], [ 1.890401740491678, 50.784023749976349 ], [ 1.890097872894299, 50.783992162487074 ], [ 1.890097728805509, 50.78399214653016 ], [ 1.890005597370858, 50.783960351825996 ], [ 1.889982458848412, 50.783895404438994 ], [ 1.889940001738605, 50.783831316798214 ], [ 1.889875680733983, 50.783767030538797 ], [ 1.889862298391645, 50.783789149400469 ], [ 1.889574959249091, 50.78371928940529 ], [ 1.889621829850399, 50.783641820463792 ], [ 1.889728351091521, 50.783667718785566 ], [ 1.889691339308667, 50.783647518463567 ], [ 1.889566563507036, 50.783595274598589 ], [ 1.889434002686021, 50.783539742860093 ], [ 1.889065785939598, 50.783359702046766 ], [ 1.888970387957948, 50.783325439272183 ], [ 1.8888636914263, 50.783309431814331 ], [ 1.88880856091971, 50.783306248014839 ], [ 1.888670679379397, 50.783313977229461 ], [ 1.888545816249453, 50.783351851541305 ], [ 1.88849004823219, 50.78337737596523 ], [ 1.888408038282957, 50.783428122494108 ], [ 1.888322951191991, 50.783499148178308 ], [ 1.888274071119431, 50.783552848291542 ], [ 1.888259449754105, 50.783586202687253 ], [ 1.888243155249419, 50.783567069007013 ], [ 1.888092837226508, 50.783421328733745 ], [ 1.887870158553136, 50.78311300037862 ], [ 1.887802869789026, 50.783048795956354 ], [ 1.887707578873151, 50.783000916052721 ], [ 1.887676241932958, 50.782993528030765 ], [ 1.887604806470763, 50.782951729976652 ], [ 1.887505684144166, 50.783078219774346 ], [ 1.887429877348732, 50.783033863866692 ], [ 1.8875237526144, 50.782914036338454 ], [ 1.887455992466538, 50.782887376060394 ], [ 1.887371523829099, 50.78286688055622 ], [ 1.887296079942016, 50.782857691390944 ], [ 1.886846977816163, 50.782560129807081 ], [ 1.886776023305676, 50.782602361257489 ], [ 1.887075824822635, 50.782805141940031 ], [ 1.887011085317978, 50.782845839912518 ], [ 1.887207827127468, 50.782979503228141 ], [ 1.887196891883412, 50.782985851576527 ], [ 1.887191283621986, 50.782984355642903 ], [ 1.886618092866332, 50.782604575751002 ], [ 1.886448146144519, 50.782329566809416 ], [ 1.886538432651887, 50.782275409062123 ], [ 1.886577516798284, 50.782299986011587 ], [ 1.88659758769028, 50.782288500337017 ], [ 1.886656156117031, 50.782327967426426 ], [ 1.886669580319049, 50.7823199301153 ], [ 1.886155482572185, 50.781487999830205 ], [ 1.886077454387876, 50.781258691392111 ], [ 1.886059355572589, 50.781205502458377 ], [ 1.88603789260876, 50.781162981745702 ], [ 1.885837801491239, 50.780868666254463 ], [ 1.885823357759806, 50.780849830678513 ], [ 1.884894941380977, 50.779767430530512 ], [ 1.884825813885276, 50.779710390448294 ], [ 1.884732268374942, 50.779669685428743 ], [ 1.884703655468165, 50.779664324661042 ], [ 1.88451848901824, 50.779789389860333 ], [ 1.884504257798094, 50.779793203414911 ], [ 1.884479775803162, 50.779803736921941 ], [ 1.884459005481754, 50.779817096167335 ], [ 1.884442745025762, 50.77983276776461 ], [ 1.88443397170808, 50.77984647432536 ], [ 1.88428149715228, 50.779949462702277 ], [ 1.88427009839532, 50.77995923109588 ], [ 1.884251284667122, 50.77997550212789 ], [ 1.884257777905343, 50.779987103751608 ], [ 1.884851928758272, 50.78067981474944 ], [ 1.885178285520065, 50.781060299215952 ], [ 1.88535782641351, 50.781324392392534 ], [ 1.885452655816046, 50.781603087716647 ], [ 1.885469488108304, 50.781638470346415 ], [ 1.885555428203559, 50.781777546755883 ], [ 1.885614221014977, 50.781809690954134 ], [ 1.885638552017962, 50.781823009486082 ], [ 1.885599516539637, 50.781848894346652 ], [ 1.885714914974712, 50.782035641085713 ], [ 1.885798787572165, 50.78198129405385 ], [ 1.885783716206034, 50.781971647664747 ], [ 1.885716730207897, 50.781928874482396 ], [ 1.885820114692305, 50.781862500675686 ], [ 1.885845349268024, 50.781878745783139 ], [ 1.88594372048061, 50.782037936280368 ], [ 1.885832593063523, 50.782109464069684 ], [ 1.885912281625892, 50.782147505297189 ], [ 1.885936471586398, 50.782205329382947 ], [ 1.886044588581202, 50.78220116622704 ], [ 1.886308032859621, 50.782627479706207 ], [ 1.886253696929552, 50.782591679405051 ], [ 1.886094952847216, 50.782487068423329 ], [ 1.885974990374878, 50.782407928962705 ], [ 1.885924382432679, 50.782374613678236 ], [ 1.886139530958427, 50.782722774381519 ], [ 1.886160108967258, 50.782766160448084 ], [ 1.886225983874923, 50.782826393160541 ], [ 1.886834138210079, 50.783229340730763 ], [ 1.886957823493599, 50.783283314970269 ], [ 1.887023955763986, 50.783300954937033 ], [ 1.887137765190516, 50.783316045277353 ], [ 1.887179625636796, 50.783340538619825 ], [ 1.887188706655814, 50.783353112817061 ], [ 1.887190666775434, 50.783350299773922 ], [ 1.887231309880592, 50.783292068277433 ], [ 1.887220146278748, 50.783291250683341 ], [ 1.887215623833876, 50.783290941082399 ], [ 1.887203986382816, 50.783254136942105 ], [ 1.887218958958111, 50.783249156025434 ], [ 1.887191625240391, 50.783230786050765 ], [ 1.887111783592854, 50.78317696176709 ], [ 1.887135394439963, 50.783181628463069 ], [ 1.887165071298185, 50.783183708969659 ], [ 1.887209604180499, 50.783184106868639 ], [ 1.88724030936977, 50.783191557191721 ], [ 1.887358666608808, 50.783260810165388 ], [ 1.887358973256455, 50.783261375539084 ], [ 1.887360499270564, 50.783263488553551 ], [ 1.887350558023442, 50.78327617440857 ], [ 1.887243729096487, 50.783429300480286 ], [ 1.887398250945883, 50.783643260102714 ], [ 1.887426336530119, 50.783675527515349 ], [ 1.887574687232717, 50.783819362251869 ], [ 1.88771242865513, 50.784019728646001 ], [ 1.887757215352101, 50.784068633667793 ], [ 1.887844735650402, 50.784142994897046 ], [ 1.887919113263884, 50.784190867252775 ], [ 1.888011127456243, 50.78422421981314 ], [ 1.88811393414531, 50.784240571782888 ], [ 1.888173291192187, 50.784244690919174 ], [ 1.88831929213921, 50.784237219479841 ], [ 1.888442022738193, 50.784198699516281 ], [ 1.888402463376922, 50.784188982680867 ], [ 1.888465486749672, 50.784091738020557 ], [ 1.888598926659623, 50.784124623294666 ], [ 1.888620817571179, 50.784114088931808 ], [ 1.888683361816393, 50.784076358724448 ], [ 1.888753899495187, 50.784023149304879 ], [ 1.888791890931501, 50.783988977742183 ], [ 1.88885084894968, 50.783925040766562 ], [ 1.888797607119159, 50.783923314762909 ], [ 1.888689856384517, 50.783931326511244 ], [ 1.888638791390031, 50.783936254741299 ], [ 1.888624520351001, 50.783941511277995 ], [ 1.888618780063654, 50.783945049309146 ], [ 1.888607179969397, 50.783957508184095 ], [ 1.888601360000474, 50.78396463475665 ], [ 1.888595181474497, 50.783987909768655 ], [ 1.888603353683842, 50.784002339705424 ], [ 1.888642181246367, 50.784038578703402 ], [ 1.888607301220452, 50.784079543867158 ], [ 1.888437291002077, 50.784067528122058 ], [ 1.888413831102473, 50.784046770273562 ], [ 1.888424613262305, 50.784037343870629 ], [ 1.888490791180998, 50.784005497737375 ], [ 1.888518726542447, 50.783988645583143 ], [ 1.888589264272642, 50.783935436249664 ], [ 1.888606233162094, 50.783920173554435 ], [ 1.888719706450652, 50.783797117843797 ], [ 1.888732388569319, 50.783800698246502 ], [ 1.888791267157576, 50.783826348350047 ], [ 1.888821962298999, 50.783846363102704 ], [ 1.888894952664528, 50.783873933681434 ], [ 1.888914764774213, 50.783874110425735 ], [ 1.888951789817556, 50.783870402808311 ], [ 1.888735154995668, 50.783780364666654 ], [ 1.888774473674508, 50.783737725457854 ], [ 1.888788439848213, 50.78371857081946 ], [ 1.888796382036496, 50.783698078365688 ], [ 1.888797752769601, 50.78369212328883 ], [ 1.888807844166603, 50.783683699529675 ], [ 1.888817261440472, 50.783688304166667 ], [ 1.88881426678699, 50.783740321718916 ], [ 1.889249885603348, 50.783921157651996 ], [ 1.889313699717268, 50.783947659098253 ], [ 1.889274559290128, 50.78398944415261 ], [ 1.888906255297019, 50.784045255226069 ], [ 1.889011092513643, 50.784185538134402 ], [ 1.889160014477348, 50.784293944525935 ], [ 1.889157271179358, 50.784301677083683 ], [ 1.889144496444382, 50.784367066975172 ], [ 1.889153528667602, 50.784458047788959 ], [ 1.889162917184644, 50.784481461649939 ], [ 1.8892007439653, 50.784541433388434 ], [ 1.889261856995207, 50.784593112208462 ], [ 1.889466981118515, 50.784725948925377 ], [ 1.889541306373468, 50.784763540835904 ], [ 1.889627805942196, 50.784788566920106 ], [ 1.88965599007057, 50.784794202051721 ], [ 1.889765800665087, 50.784805570473573 ], [ 1.889876192276152, 50.7847967486478 ], [ 1.889954345344895, 50.784783088213658 ], [ 1.890024785409371, 50.784765399261268 ], [ 1.890599374028076, 50.785017240463901 ], [ 1.890960485280046, 50.785134230437357 ], [ 1.891814059666577, 50.785330233805958 ], [ 1.892245428814205, 50.785465998298967 ], [ 1.893238455907632, 50.786137020619655 ], [ 1.893263427909497, 50.786264417248617 ], [ 1.893228156974066, 50.786412265604852 ], [ 1.893065028689369, 50.786619742573819 ], [ 1.892831085784356, 50.786677197231782 ], [ 1.892622550693851, 50.786741020277404 ], [ 1.893476287302309, 50.786826586101952 ], [ 1.89420605224186, 50.786853410075551 ], [ 1.89465591772518, 50.786704175320665 ], [ 1.894710062869188, 50.786718708586392 ], [ 1.894783371617531, 50.78672273252397 ], [ 1.894795774778291, 50.78667373125149 ], [ 1.894979415522596, 50.786692454382205 ], [ 1.895036191392569, 50.786670784963704 ], [ 1.89505058411141, 50.786660270306868 ], [ 1.895111632788034, 50.78658132907151 ], [ 1.895094360710608, 50.786562791313095 ], [ 1.895859920421406, 50.786369647770066 ], [ 1.896610826454841, 50.786293055098994 ], [ 1.89661463727731, 50.786509767266914 ], [ 1.901128557377066, 50.786321756291251 ], [ 1.901924798471461, 50.786288399644526 ], [ 1.90193904910118, 50.786284038737364 ], [ 1.902175392742117, 50.786221515917354 ], [ 1.90214426470335, 50.785588991936812 ], [ 1.902272732101284, 50.785573519652097 ], [ 1.903557887385827, 50.785352542879068 ], [ 1.903572802811664, 50.785625449876498 ], [ 1.903923753034986, 50.785564829849996 ], [ 1.904955292135804, 50.785386365717677 ], [ 1.904930171877343, 50.785369993303341 ], [ 1.904912736081154, 50.785325871872757 ], [ 1.904841936860699, 50.785131740979516 ], [ 1.904905170618921, 50.785120867068166 ], [ 1.906124285810807, 50.784833646961438 ], [ 1.908125845653339, 50.784529395627075 ], [ 1.908382086057734, 50.784507861871475 ], [ 1.909247647512428, 50.784368259108426 ], [ 1.910595673433445, 50.784220446632247 ], [ 1.911659729303506, 50.784027700893226 ], [ 1.912127209576056, 50.783952178487077 ], [ 1.912546370056136, 50.783902496516781 ], [ 1.913156272763463, 50.783880370322528 ], [ 1.914779977548097, 50.783917302793213 ], [ 1.916595346243255, 50.783873254052445 ], [ 1.917567968165142, 50.783783281405285 ], [ 1.919787463300215, 50.783793465620086 ], [ 1.920937074163535, 50.783852934168564 ], [ 1.921496787759555, 50.783911311991226 ], [ 1.923785673539858, 50.784254376470358 ], [ 1.924305413927087, 50.784357449074534 ], [ 1.924863566633622, 50.784434639575004 ], [ 1.92526287490415, 50.784560624691878 ], [ 1.926340467799657, 50.785293312395346 ], [ 1.926756396474802, 50.785635480050153 ], [ 1.926913435026488, 50.785806394742416 ], [ 1.927134134784787, 50.785977519796141 ], [ 1.927403016139992, 50.786138938740095 ], [ 1.930175488296517, 50.78739554032861 ], [ 1.931706173892308, 50.788447135990822 ], [ 1.932337404525433, 50.788765773325018 ], [ 1.932585380571635, 50.788892136398289 ], [ 1.932983220176168, 50.789031543025672 ], [ 1.934663771858094, 50.789234309422532 ], [ 1.935054365175466, 50.789396106022167 ], [ 1.935507427955128, 50.789531199489851 ], [ 1.935776890422061, 50.78962623729462 ], [ 1.936282672151822, 50.789715761296641 ], [ 1.936535736821099, 50.789738999659662 ], [ 1.937417049514725, 50.789753503343604 ], [ 1.937954794448856, 50.789739093719248 ], [ 1.938245082389239, 50.789707743106327 ], [ 1.939310599009263, 50.789510282210983 ], [ 1.940521125652143, 50.78921729005976 ], [ 1.940515374745614, 50.7892956904602 ], [ 1.940528036631788, 50.789299387348073 ], [ 1.940554870679517, 50.789302307475729 ], [ 1.942025523016886, 50.789442223354364 ], [ 1.942105780542185, 50.789188051277989 ], [ 1.942891830364571, 50.789286760500573 ], [ 1.94331141989088, 50.789363426339889 ], [ 1.94339828136213, 50.789381884230941 ], [ 1.943595075308884, 50.789499132586613 ], [ 1.943642936823387, 50.789524657415711 ], [ 1.943788691631847, 50.789594087971402 ], [ 1.943859726447183, 50.789622963785881 ], [ 1.943936717507495, 50.789644862681932 ], [ 1.944116014645145, 50.789686036129638 ], [ 1.944137110181115, 50.789705344860671 ], [ 1.944178268018441, 50.789738657263285 ], [ 1.944351870593354, 50.789863346640814 ], [ 1.944350854522544, 50.789866632584996 ], [ 1.94435870772661, 50.789868257367146 ], [ 1.944408353754868, 50.789903915261711 ], [ 1.944492387208616, 50.789953231969726 ], [ 1.944639540864082, 50.790023570613315 ], [ 1.944743288606602, 50.790062958902894 ], [ 1.945071096078193, 50.790159054290001 ], [ 1.945142341970677, 50.790176366855057 ], [ 1.945290820469339, 50.790205374939077 ], [ 1.945260285435837, 50.790508724657357 ], [ 1.945397442266679, 50.790516166995587 ], [ 1.945800383091308, 50.790540215506624 ], [ 1.946214628245028, 50.790565255636167 ], [ 1.946194816071991, 50.790430493722376 ], [ 1.946440049367257, 50.790414622194191 ], [ 1.94698156243359, 50.79037882274617 ], [ 1.946994320081399, 50.790243438967359 ], [ 1.947015276949655, 50.790041561759779 ], [ 1.947162774475389, 50.790052693767485 ], [ 1.947665325476809, 50.790015711101617 ], [ 1.948403423046177, 50.78989068131829 ], [ 1.948910287424086, 50.789725069630315 ], [ 1.949761286900946, 50.789593826797265 ], [ 1.950611964899571, 50.789462812628599 ], [ 1.950947128408701, 50.78941090069948 ], [ 1.951105488903972, 50.789352115438405 ], [ 1.951888718775176, 50.789061703134678 ], [ 1.952380888878657, 50.788880103055106 ], [ 1.952794613089816, 50.788726555030642 ], [ 1.953155537107472, 50.78859319971329 ], [ 1.953683726723218, 50.788448686327058 ], [ 1.953687049111984, 50.788018908797589 ], [ 1.953688418202363, 50.787953417565681 ], [ 1.953765312256883, 50.787931631013905 ], [ 1.953734204830664, 50.78786227779235 ], [ 1.953952824480961, 50.787629021870984 ], [ 1.95395859807013, 50.787623686568594 ], [ 1.954156933256763, 50.787412692331714 ], [ 1.9546086337311, 50.786931045589839 ], [ 1.955453054109439, 50.786622280557239 ], [ 1.95528492473887, 50.786479832350402 ], [ 1.955583719738633, 50.786368798297964 ], [ 1.956442450449647, 50.786184005102584 ], [ 1.957705285710929, 50.785878477165099 ], [ 1.958030555626371, 50.785707284420695 ], [ 1.959201806561565, 50.784790730689579 ], [ 1.959492943032639, 50.784641850148162 ], [ 1.959741190381858, 50.784552028064752 ], [ 1.960536012733107, 50.784393915996887 ], [ 1.961003280053045, 50.78433704203232 ], [ 1.963038543220098, 50.784394320587751 ], [ 1.9645482790988, 50.784544152438286 ], [ 1.970571952467411, 50.78530826385127 ], [ 1.971110184497485, 50.785412091260056 ], [ 1.972280787355793, 50.785708800598933 ], [ 1.972819785961421, 50.785902303974467 ], [ 1.973074930324097, 50.786027710574764 ], [ 1.973345205109871, 50.786212350608167 ], [ 1.973486680033195, 50.786405580268763 ], [ 1.973721271731944, 50.786827769585365 ], [ 1.973848596286569, 50.787021853971773 ], [ 1.974011354940269, 50.787207073887089 ], [ 1.974748955932942, 50.787718620785817 ], [ 1.975239956771622, 50.787902107742319 ], [ 1.975429968149242, 50.78803718379514 ], [ 1.975828018340051, 50.788163001255064 ], [ 1.976210833361541, 50.788243932601418 ], [ 1.97645818524441, 50.788276040953406 ], [ 1.977487558476448, 50.788356157710211 ], [ 1.977941205422667, 50.788424733871878 ], [ 1.979253788053113, 50.788667081851521 ], [ 1.979700057554084, 50.788778677016992 ], [ 1.980528008536605, 50.789021112404981 ], [ 1.980537160339268, 50.789094564657113 ], [ 1.980607878714035, 50.789259792718475 ], [ 1.980646192238742, 50.78932471127635 ], [ 1.980719657702527, 50.789419874797431 ], [ 1.980739390891391, 50.789491276148901 ], [ 1.9808250267349, 50.789641408145791 ], [ 1.980871851128394, 50.789705498935028 ], [ 1.981001059859514, 50.789847605800411 ], [ 1.98116797892967, 50.789972935674896 ], [ 1.981367317017348, 50.790077515426219 ], [ 1.981592754947851, 50.790158029709154 ], [ 1.981647643304938, 50.79017373238392 ], [ 1.981908618565525, 50.790230198913413 ], [ 1.981957103978645, 50.790234495846128 ], [ 1.982131993647004, 50.790305698630206 ], [ 1.982468384443327, 50.790377781500034 ], [ 1.982629333956992, 50.790398836505673 ], [ 1.982943234712692, 50.790417760949353 ], [ 1.983157510595506, 50.790415876910373 ], [ 1.98318245043371, 50.790420093989468 ], [ 1.983367479713528, 50.790440447303141 ], [ 1.983621644337574, 50.790454005978219 ], [ 1.983875634256999, 50.79043919024982 ], [ 1.984043065516578, 50.79041991825099 ], [ 1.984271091610558, 50.790381325313326 ], [ 1.984330969930696, 50.79036421628652 ], [ 1.98433932425171, 50.790364590190606 ], [ 1.984433430397547, 50.790424862853413 ], [ 1.984518893554436, 50.790468629495017 ], [ 1.984539053547315, 50.790478710994392 ], [ 1.984583908240949, 50.790500611590964 ], [ 1.984739152413957, 50.79056408024087 ], [ 1.984869907731706, 50.790608215764564 ], [ 1.985063326195144, 50.790659267213968 ], [ 1.985268453948575, 50.79068630992991 ], [ 1.985477946167963, 50.790688375619645 ], [ 1.985662162030053, 50.790679108330949 ], [ 1.985845886849324, 50.790659910123836 ], [ 1.985972486982952, 50.790632266454402 ], [ 1.985999878329393, 50.790640978794464 ], [ 1.98618717924791, 50.790676243098872 ], [ 1.98638133578332, 50.790690131603583 ], [ 1.986505869907288, 50.790692042176829 ], [ 1.986696742825833, 50.790684518939266 ], [ 1.986882741099414, 50.7906563285743 ], [ 1.986912832894149, 50.790648099489353 ], [ 1.986985742123755, 50.790653172500782 ], [ 1.98757509998969, 50.790742722912881 ], [ 1.988858860753273, 50.791075464088308 ], [ 1.989397887867643, 50.791282345703124 ], [ 1.990228446440955, 50.791682854000541 ], [ 1.990944266017755, 50.79210455933756 ], [ 1.991271576734076, 50.792239993525236 ], [ 1.991668378969924, 50.792352303643092 ], [ 1.993363243950252, 50.792581216440972 ], [ 1.993917079024781, 50.79269754191175 ], [ 1.9944071179441, 50.792832521347705 ], [ 1.995017023323867, 50.793026121826763 ], [ 1.997649261550709, 50.793987555270327 ], [ 1.998891622960022, 50.794396305213688 ], [ 1.999955687586458, 50.794809938351762 ], [ 2.002643937158941, 50.795676354558317 ], [ 2.003326072171462, 50.795870108080088 ], [ 2.003763657119213, 50.79601899302655 ], [ 2.003819247762279, 50.796093172825941 ], [ 2.003866411227173, 50.796142003019419 ], [ 2.003952613798772, 50.796216408266091 ], [ 2.00405724394574, 50.7962806235887 ], [ 2.004177351854351, 50.796332838542973 ], [ 2.004271531916687, 50.796366790627737 ], [ 2.004407917379304, 50.796406490867028 ], [ 2.004424369353765, 50.796409234708705 ], [ 2.0044269962487, 50.79641594751152 ], [ 2.004494769544027, 50.796509463835861 ], [ 2.004529408384642, 50.796547426316387 ], [ 2.00463172708001, 50.796637260940521 ], [ 2.004760388932465, 50.796712268897792 ], [ 2.004910168344588, 50.796769403686312 ], [ 2.00497490871745, 50.796788763610074 ], [ 2.00514535631632, 50.796826561906954 ], [ 2.005324458857587, 50.79684117484917 ], [ 2.005504454323769, 50.796831969136413 ], [ 2.005568314299987, 50.796824403381407 ], [ 2.005723216053399, 50.796796408960205 ], [ 2.005816893969906, 50.796766716562104 ], [ 2.005863237239461, 50.796794334126282 ], [ 2.005962778539429, 50.79684358139729 ], [ 2.006110727115906, 50.796902612798839 ], [ 2.006221878323157, 50.796937596026659 ], [ 2.006445597176877, 50.796985284343563 ], [ 2.006557176248276, 50.796998736015105 ], [ 2.006763639196662, 50.797007700735733 ], [ 2.00693296130566, 50.796989198479146 ], [ 2.006989662062494, 50.797173250678938 ], [ 2.007984925196657, 50.797317565586233 ], [ 2.010190084905587, 50.7976356922767 ], [ 2.01028848272096, 50.797671467754661 ], [ 2.010437108050268, 50.797464218301307 ], [ 2.010464076839472, 50.797468382703556 ], [ 2.011074400880541, 50.79761616715551 ], [ 2.012316361116242, 50.797900124440744 ], [ 2.013975861219174, 50.798388730566067 ], [ 2.014951031397757, 50.798795020938392 ], [ 2.014962652662061, 50.798802571966036 ], [ 2.014962652662437, 50.798802571966228 ], [ 2.014981238281344, 50.798814648142667 ], [ 2.015055166605095, 50.798880855376993 ], [ 2.015092718024055, 50.798905254648751 ], [ 2.015240575433013, 50.799037668918892 ], [ 2.015291503906559, 50.79907075974063 ], [ 2.015435339121351, 50.799118646317901 ], [ 2.015438248972408, 50.799119271027251 ], [ 2.015489739144296, 50.799136413412853 ], [ 2.015612806459017, 50.799162848753056 ], [ 2.015879289144143, 50.799288924875526 ], [ 2.016021849572664, 50.799381674662371 ], [ 2.016102152334343, 50.799408408845188 ], [ 2.016368457409695, 50.799534267748122 ], [ 2.016411494208771, 50.799562229853741 ], [ 2.016603396941108, 50.799734080391715 ], [ 2.016702111879995, 50.799935101079946 ], [ 2.016699702726121, 50.800057698697678 ], [ 2.016708440503406, 50.800057767656725 ], [ 2.016708423363216, 50.800058639896434 ], [ 2.016726279119653, 50.80013633427297 ], [ 2.016802078633602, 50.800233939582569 ], [ 2.016821939556263, 50.800246843400231 ], [ 2.016895872432291, 50.800313049398113 ], [ 2.01690546609079, 50.800319282459007 ], [ 2.016979399184868, 50.800385488400423 ], [ 2.017166125129481, 50.800506804565025 ], [ 2.017166125129844, 50.80050680456521 ], [ 2.017194085060837, 50.800524970103396 ], [ 2.017194085061195, 50.800524970103559 ], [ 2.017215369678942, 50.800538798684244 ], [ 2.017379743012089, 50.800593517960571 ], [ 2.017460481294759, 50.800610849494362 ], [ 2.01746432786835, 50.800612129996793 ], [ 2.01754506621036, 50.80062946147526 ], [ 2.017580231564732, 50.800641167779133 ], [ 2.017594781397481, 50.800644291067485 ], [ 2.017867102613407, 50.800734944346516 ], [ 2.017870012588812, 50.80073556899751 ], [ 2.017886548772253, 50.800741073713269 ], [ 2.017967287468586, 50.800758404914724 ], [ 2.01800202710748, 50.800769969318686 ], [ 2.01805312244122, 50.800794115748225 ], [ 2.018081916274147, 50.800803700833974 ], [ 2.018206273870143, 50.800862469006461 ], [ 2.018415811695445, 50.800932220703977 ], [ 2.018468437443655, 50.801016609121582 ], [ 2.018671429879735, 50.801206634820467 ], [ 2.019128150120415, 50.801334456751221 ], [ 2.02006047991021, 50.801791561783944 ], [ 2.020172619146343, 50.801912038476019 ], [ 2.020153284033439, 50.801959441675159 ], [ 2.020578701362274, 50.80193125768124 ], [ 2.020697705852765, 50.801987491045629 ], [ 2.020889632606203, 50.802159334343543 ], [ 2.020900627812404, 50.8021734388388 ], [ 2.020925963373962, 50.802225019122993 ], [ 2.020934236617675, 50.802235631896764 ], [ 2.020934913025246, 50.802236501156351 ], [ 2.021074949292399, 50.802416789923221 ], [ 2.021092232118384, 50.802432264015287 ], [ 2.021190970413216, 50.802633280316165 ], [ 2.021200161201884, 50.802673253391703 ], [ 2.021222191450984, 50.802687564293457 ], [ 2.021299363856265, 50.80269593249978 ], [ 2.021500311898148, 50.802697510729537 ], [ 2.021577787884494, 50.802690357119239 ], [ 2.021659258335772, 50.802639993523037 ], [ 2.021671439810152, 50.802625296512424 ], [ 2.021807784172388, 50.802509422383928 ], [ 2.02184447795513, 50.802465150791541 ], [ 2.021886252641078, 50.802429647791406 ], [ 2.021899930356788, 50.802413145367396 ], [ 2.021945378178641, 50.802374520580869 ], [ 2.021957609373021, 50.802359763368642 ], [ 2.022038055344328, 50.802291394432999 ], [ 2.022288441606281, 50.802328201603125 ], [ 2.023824930235447, 50.802388591836397 ], [ 2.024127957049638, 50.802359763265905 ], [ 2.024442913177025, 50.80235399011999 ], [ 2.025117476871189, 50.802467652456961 ], [ 2.025249155269035, 50.802467785387336 ], [ 2.025492097651582, 50.802425719600322 ], [ 2.025919259059103, 50.802291621850301 ], [ 2.026268174098007, 50.802281747058473 ], [ 2.026758187421656, 50.802222889989821 ], [ 2.027297645684959, 50.80217760639438 ], [ 2.028234567201476, 50.802163802247435 ], [ 2.028575130013568, 50.802188059795178 ], [ 2.028662132331311, 50.802218080295475 ], [ 2.028720581781797, 50.802270577436722 ], [ 2.028781258023145, 50.802202741380533 ], [ 2.029695784215191, 50.802267874811214 ], [ 2.030199225988486, 50.802325619925071 ], [ 2.030810026749397, 50.802415015888187 ], [ 2.032541669633908, 50.802962735777193 ], [ 2.032695601382705, 50.803020073934462 ], [ 2.032711671383414, 50.803027672816143 ], [ 2.032937946792142, 50.803174812702615 ], [ 2.033081794813873, 50.803222673324989 ], [ 2.033084705123831, 50.80322329761831 ], [ 2.033095735254934, 50.803226967514696 ], [ 2.033188124478924, 50.803246785958564 ], [ 2.033300265363397, 50.803284096767989 ], [ 2.033310527637985, 50.803285208524763 ], [ 2.033278882813934, 50.803345958115621 ], [ 2.034203743743978, 50.803553220236815 ], [ 2.034431119780089, 50.803603621254183 ], [ 2.036065929300075, 50.80406831595792 ], [ 2.036639746185597, 50.804259381992125 ], [ 2.037372767035326, 50.804503719050132 ], [ 2.038492737096046, 50.804875757565355 ], [ 2.038558847768619, 50.804898699237697 ], [ 2.040908550137133, 50.80568127364586 ], [ 2.041128320996185, 50.805813965055265 ], [ 2.041941576790713, 50.806307432711478 ], [ 2.042197442147392, 50.80650154732367 ], [ 2.042764444353843, 50.807115327981954 ], [ 2.043056056209013, 50.807344699222952 ], [ 2.043596053590691, 50.807694826623027 ], [ 2.043851487713743, 50.807820083604327 ], [ 2.044241239714014, 50.807968973696191 ], [ 2.044604424672461, 50.808063096262835 ], [ 2.044909478038812, 50.808175016350731 ], [ 2.045540862827814, 50.808632963699381 ], [ 2.045796385385262, 50.808744765004171 ], [ 2.045847705815194, 50.808755052715888 ], [ 2.045853835650823, 50.808810198057046 ], [ 2.045909968836891, 50.808855106762792 ], [ 2.046019173596933, 50.808914886358693 ], [ 2.04615543513007, 50.808945007750786 ], [ 2.046449002302394, 50.808972596654911 ], [ 2.046483011139113, 50.8088959522929 ], [ 2.047148125390157, 50.809067059056154 ], [ 2.047138635711498, 50.809096661206056 ], [ 2.047153426835847, 50.80909938776756 ], [ 2.047172760780648, 50.809102609440302 ], [ 2.047381442224999, 50.809133737927176 ], [ 2.047448196288281, 50.809174123619066 ], [ 2.047507059457816, 50.809190006562339 ], [ 2.047687396909405, 50.809238580420093 ], [ 2.047713433492535, 50.809212486022915 ], [ 2.047883877539076, 50.809256332517919 ], [ 2.048338763897646, 50.809404464528669 ], [ 2.048956702357144, 50.809645872265158 ], [ 2.048928403827738, 50.809679639752055 ], [ 2.048974462022056, 50.809689955279232 ], [ 2.04907770469925, 50.809697023906473 ], [ 2.04908726087722, 50.80969687637856 ], [ 2.049098512102894, 50.809701271781442 ], [ 2.050000861866403, 50.810305999121283 ], [ 2.051841194026284, 50.811730740414703 ], [ 2.052039017699919, 50.811789485799686 ], [ 2.053531215462456, 50.812476249939579 ], [ 2.053694716190297, 50.812597688274153 ], [ 2.054163201195629, 50.813100951460974 ], [ 2.054490292116093, 50.813329477828482 ], [ 2.054689413497566, 50.813410641107538 ], [ 2.054994064763193, 50.813603244019866 ], [ 2.055250079423597, 50.813886309560147 ], [ 2.055407064111887, 50.814160181774753 ], [ 2.055898279713761, 50.81465452113261 ], [ 2.056977887173972, 50.815233588563906 ], [ 2.057125935610257, 50.815337051538307 ], [ 2.057303836571824, 50.815418162438611 ], [ 2.057702519409061, 50.815758937252333 ], [ 2.058314002789693, 50.81652256740054 ], [ 2.060012095200353, 50.818153110056507 ], [ 2.060388961734767, 50.818351240245725 ], [ 2.060558225683831, 50.818461023327707 ], [ 2.062412957108952, 50.819181661629983 ], [ 2.063150222034214, 50.819354678356397 ], [ 2.063188585016213, 50.819432605089062 ], [ 2.063192881549017, 50.81945121567162 ], [ 2.063272427346123, 50.819502815166757 ], [ 2.063338332151675, 50.819524714660751 ], [ 2.063506143946624, 50.819560653964572 ], [ 2.063772675536003, 50.81968640763904 ], [ 2.063964818152101, 50.819858179897686 ], [ 2.064063763121113, 50.820059156821031 ], [ 2.064059823988059, 50.820269665595958 ], [ 2.063953385088654, 50.820469100148244 ], [ 2.063909693324558, 50.820521862805286 ], [ 2.063903157064964, 50.820546138102323 ], [ 2.063908854520143, 50.820570814674873 ], [ 2.063935146382213, 50.82060460429436 ], [ 2.064025713031204, 50.820663350181604 ], [ 2.064206012676921, 50.820748415251273 ], [ 2.064398160853988, 50.820920186536767 ], [ 2.064497109681382, 50.821121162760932 ], [ 2.064493172328474, 50.821331671183408 ], [ 2.064386732956592, 50.821531105768869 ], [ 2.06434307273343, 50.821583829856422 ], [ 2.064341358367755, 50.82159019696558 ], [ 2.064342834076639, 50.821596588088667 ], [ 2.064383160774973, 50.821648225368087 ], [ 2.064467411918146, 50.821723603248977 ], [ 2.064566232570334, 50.821925153889751 ], [ 2.064588914315391, 50.822024477316432 ], [ 2.064647895959035, 50.822030849228298 ], [ 2.064866720682154, 50.822010575353232 ], [ 2.064894351671207, 50.82200511680054 ], [ 2.065226681823441, 50.822007609457089 ], [ 2.065541531214798, 50.822075029861324 ], [ 2.065808081212587, 50.822200778661639 ], [ 2.0659678555333, 50.822304407355375 ], [ 2.066043676226961, 50.822329598182826 ], [ 2.066190555975377, 50.822361049152299 ], [ 2.066457109236604, 50.822486796545206 ], [ 2.066649271829582, 50.822658563925977 ], [ 2.066748233125074, 50.822859537852651 ], [ 2.066754971154003, 50.822888712515912 ], [ 2.066762655056781, 50.822898550527256 ], [ 2.066772676318481, 50.82291174019371 ], [ 2.066796209376296, 50.822943595773886 ], [ 2.066864304982427, 50.823031097832754 ], [ 2.066915321656438, 50.82306418554402 ], [ 2.066917938986208, 50.823064468243778 ], [ 2.067232797441907, 50.823131884256902 ], [ 2.06749935743151, 50.823257629272064 ], [ 2.067514650176933, 50.823271298365491 ], [ 2.067531111327041, 50.823281974293934 ], [ 2.067679179588505, 50.823414321355656 ], [ 2.067701741851994, 50.823428954071723 ], [ 2.067861369988855, 50.823446194348058 ], [ 2.067860044573668, 50.8234511180436 ], [ 2.068160936841562, 50.823491372553804 ], [ 2.068502834182232, 50.823639799507539 ], [ 2.068528913871118, 50.823656713007395 ], [ 2.068649903193992, 50.823713785154716 ], [ 2.068842077990276, 50.823885548737429 ], [ 2.068858820594622, 50.823906983067204 ], [ 2.068911909367313, 50.823941412281904 ], [ 2.06893762458767, 50.823949954890125 ], [ 2.069148664052737, 50.823972745323651 ], [ 2.069463528448233, 50.824040154764575 ], [ 2.069483605996191, 50.824046824369638 ], [ 2.069720449989457, 50.824154028359786 ], [ 2.069902461060227, 50.824297927959975 ], [ 2.070015971833814, 50.824467718010176 ], [ 2.070036283068876, 50.824569552307295 ], [ 2.070040894133705, 50.82456912492102 ], [ 2.070064656486006, 50.824671978497854 ], [ 2.070120311785582, 50.824743225906772 ], [ 2.070199220436352, 50.824794397286652 ], [ 2.070265705419611, 50.824816482320806 ], [ 2.070533438598766, 50.824942971610675 ], [ 2.070725932786223, 50.825115863081884 ], [ 2.070795168951324, 50.825258389185628 ], [ 2.070814933202514, 50.825284608764228 ], [ 2.070881304628032, 50.825308441484388 ], [ 2.071033167026707, 50.825345013820986 ], [ 2.071078119471116, 50.825796227285537 ], [ 2.071220591327747, 50.82615971893631 ], [ 2.071420464827751, 50.826379852384164 ], [ 2.071668622026565, 50.826573186139726 ], [ 2.071996311898766, 50.826720954889517 ], [ 2.072230624934849, 50.826855968772414 ], [ 2.072415122207961, 50.827040197364326 ], [ 2.072593480637313, 50.827314087946007 ], [ 2.072862218121123, 50.827633008444018 ], [ 2.073389878535623, 50.827987452429582 ], [ 2.075243626168935, 50.828728511060675 ], [ 2.078299516948166, 50.829749151550878 ], [ 2.078746041093781, 50.8299249489001 ], [ 2.079052367555946, 50.83010493671172 ], [ 2.079451496091083, 50.830422472156059 ], [ 2.07922638340701, 50.830522058314507 ], [ 2.078477720975757, 50.830766757817742 ], [ 2.078295451422598, 50.83082324233164 ], [ 2.078268740099185, 50.830833689653254 ], [ 2.078245760295879, 50.830847236484615 ], [ 2.078227395113118, 50.830863362230737 ], [ 2.078214350316851, 50.830881447190244 ], [ 2.078207127216006, 50.83090079636986 ], [ 2.078206003396744, 50.830920666192405 ], [ 2.078211022054003, 50.830940293071912 ], [ 2.078221990330444, 50.830958922757709 ], [ 2.078238486726803, 50.830975839320089 ], [ 2.078259877299053, 50.830990392663097 ], [ 2.07828534002001, 50.831002023507871 ], [ 2.078313896369315, 50.831010284885579 ], [ 2.078344448937753, 50.831014859314465 ], [ 2.078375823600809, 50.831015571000883 ], [ 2.078406814640579, 50.831012392594964 ], [ 2.078436231081944, 50.831005446241718 ], [ 2.078620037646065, 50.830948485379665 ], [ 2.078623094247678, 50.830947512386558 ], [ 2.079382776997721, 50.83069921069692 ], [ 2.079401037790029, 50.830692229762725 ], [ 2.079651372073209, 50.830581485815742 ], [ 2.079684112516018, 50.830607532724734 ], [ 2.080103815609309, 50.830769818033033 ], [ 2.080351218802116, 50.830845657388849 ], [ 2.081241998222424, 50.831370302826848 ], [ 2.082230279712044, 50.832214383956284 ], [ 2.083510401954956, 50.833593513677258 ], [ 2.083823963073557, 50.834029075806292 ], [ 2.083945995331876, 50.83425799485434 ], [ 2.084180764267525, 50.834873640324112 ], [ 2.084344936236727, 50.83517079711536 ], [ 2.08460097835076, 50.835503113592665 ], [ 2.08575429106121, 50.836504426966997 ], [ 2.086244014954366, 50.836836315952503 ], [ 2.087113717069301, 50.837361768458791 ], [ 2.087865918972536, 50.837882494691883 ], [ 2.087958689053133, 50.838021675708639 ], [ 2.088051344553643, 50.83846664445197 ], [ 2.08888556355921, 50.839584755686225 ], [ 2.089063722151683, 50.839925872220256 ], [ 2.089241476484116, 50.84034859054092 ], [ 2.089277270611357, 50.840554911415779 ], [ 2.089277449032942, 50.84080330765574 ], [ 2.089300542104026, 50.841000635655199 ], [ 2.089244061073773, 50.841534977037206 ], [ 2.089103671040172, 50.841854830742861 ], [ 2.088870934581077, 50.842231890368211 ], [ 2.088671799639854, 50.842402767907082 ], [ 2.088543522679884, 50.842564819748326 ], [ 2.088437596209788, 50.842788790827022 ], [ 2.088416956390577, 50.842951058164815 ], [ 2.088710273275673, 50.844057316855157 ], [ 2.089474395950193, 50.845620949222109 ], [ 2.089688257569794, 50.845908329326669 ], [ 2.089979934185704, 50.846213798543033 ], [ 2.090264915186182, 50.846442134963169 ], [ 2.090626380350934, 50.846671519353549 ], [ 2.091331266222066, 50.847057614045994 ], [ 2.092632671809851, 50.84798202072448 ], [ 2.093969932164566, 50.84882577742502 ], [ 2.094474276952423, 50.849100265914437 ], [ 2.095771691309328, 50.850049580215959 ], [ 2.095746682549439, 50.850065053457875 ], [ 2.095735733585605, 50.850071827718132 ], [ 2.095719640206221, 50.850085517663032 ], [ 2.095683699758284, 50.850128934542482 ], [ 2.095592831420882, 50.850206231992146 ], [ 2.095508242401213, 50.850308416647472 ], [ 2.095493139474041, 50.850364607748681 ], [ 2.095386761854684, 50.85056405998332 ], [ 2.095188227677958, 50.8507329403309 ], [ 2.094961280629948, 50.850834824944897 ], [ 2.094917026097586, 50.850862204758414 ], [ 2.094888845869048, 50.8508962457121 ], [ 2.094887134358516, 50.850902613081978 ], [ 2.094888686665858, 50.85090931361767 ], [ 2.094913870789388, 50.850941626440296 ], [ 2.095055628946039, 50.85098865340624 ], [ 2.095058542649544, 50.850989276219089 ], [ 2.095087014897335, 50.850998721563755 ], [ 2.095142696216624, 50.851010622666898 ], [ 2.095238559942433, 50.851055784348112 ], [ 2.095478150528953, 50.851135265185739 ], [ 2.095481064246287, 50.85113588798859 ], [ 2.095530373057099, 50.851152245355188 ], [ 2.095542028541011, 50.851154736484439 ], [ 2.095612208975546, 50.851178017699205 ], [ 2.095678847292693, 50.851185195198148 ], [ 2.095800324207319, 50.85117391674568 ], [ 2.096021242805914, 50.851131589860408 ], [ 2.096352050238877, 50.85113549720446 ], [ 2.0966649328867, 50.851203607141095 ], [ 2.096929573667831, 50.851329320098664 ], [ 2.097120329465838, 50.851500454947576 ], [ 2.097218715794362, 50.851700429209842 ], [ 2.097226355114821, 50.851733396955304 ], [ 2.09723575192048, 50.851745408925893 ], [ 2.09739919806157, 50.851891295142259 ], [ 2.097498340854477, 50.85209223557586 ], [ 2.097502969266039, 50.852112208986512 ], [ 2.097531986490261, 50.852149301157752 ], [ 2.097604362572469, 50.852210758992143 ], [ 2.097707602128638, 50.852377340689678 ], [ 2.097721669654285, 50.852460148286781 ], [ 2.097726117463864, 50.85245973527141 ], [ 2.097750021857556, 50.852562889033287 ], [ 2.097816731081038, 50.852648470317007 ], [ 2.097860225578449, 50.852687290705816 ], [ 2.097910828332929, 50.852720063255298 ], [ 2.097988090783795, 50.852728383320979 ], [ 2.09798946860976, 50.852728393284558 ], [ 2.097989357962138, 50.852734524462683 ], [ 2.098177091876755, 50.852735881896898 ], [ 2.098492179358502, 50.852803215863027 ], [ 2.098758976190175, 50.852928888261651 ], [ 2.09895136680157, 50.853100597754953 ], [ 2.098966881551376, 50.853120428636032 ], [ 2.098971970609934, 50.85312702364844 ], [ 2.099010256113266, 50.853177332480158 ], [ 2.099104318813677, 50.853371676090035 ], [ 2.099122871564456, 50.853451724699141 ], [ 2.099149816118588, 50.853486164661014 ], [ 2.099172326139144, 50.853500742412223 ], [ 2.099332061067135, 50.853517941572328 ], [ 2.099330446572572, 50.853523949719012 ], [ 2.099467999427937, 50.853537356657569 ], [ 2.099739579243718, 50.853617349253433 ], [ 2.099965120420209, 50.853742126551658 ], [ 2.100126712253994, 50.853901779921529 ], [ 2.100211521918862, 50.854083631108075 ], [ 2.100228673244859, 50.854157625036464 ], [ 2.100278884774739, 50.85425937506124 ], [ 2.100296772503121, 50.854336545121129 ], [ 2.100363005701135, 50.854358512177171 ], [ 2.10052179983492, 50.854392442257904 ], [ 2.100549827143736, 50.85440173781565 ], [ 2.100552741375651, 50.854402360539048 ], [ 2.100606191416883, 50.854420087714317 ], [ 2.100609105673784, 50.85442071044217 ], [ 2.100625886100136, 50.854426275820288 ], [ 2.100892696697373, 50.854551943269939 ], [ 2.1010851007417, 50.854723648891131 ], [ 2.10117786054153, 50.854842201504717 ], [ 2.101197629191167, 50.854859872279462 ], [ 2.101216670294678, 50.854898772639977 ], [ 2.10127591492697, 50.854976292694523 ], [ 2.10133031088797, 50.855012625696695 ], [ 2.101405942714336, 50.855049648534703 ], [ 2.101405930220178, 50.855049658761082 ], [ 2.101406463242317, 50.855049879521616 ], [ 2.101462496792198, 50.85507733254709 ], [ 2.101461330239567, 50.85507828653332 ], [ 2.101573568852849, 50.85513297792221 ], [ 2.101574543173353, 50.855132180445601 ], [ 2.101643367847976, 50.855165870823043 ], [ 2.101678137746791, 50.855177559264668 ], [ 2.101932344620443, 50.855300185770183 ], [ 2.101973218144982, 50.855313394122824 ], [ 2.102011590172288, 50.855315820369363 ], [ 2.102122524236257, 50.855335297857337 ], [ 2.103008873012536, 50.85626890105933 ], [ 2.103314416263243, 50.856668515278642 ], [ 2.103585685519098, 50.857127247140049 ], [ 2.105290832441471, 50.859682487761994 ], [ 2.105310586533057, 50.85972438045912 ], [ 2.105274385302657, 50.859746779363562 ], [ 2.105261246990419, 50.859795687635263 ], [ 2.105259930913561, 50.859869195192779 ], [ 2.105271314815106, 50.859918279327019 ], [ 2.105367275500715, 50.859980406241156 ], [ 2.105449591543277, 50.860019167605863 ], [ 2.105469004176603, 50.860060335568839 ], [ 2.105928238631966, 50.861542555550933 ], [ 2.106035408407211, 50.862261914773924 ], [ 2.106073008649632, 50.863012528369751 ], [ 2.106040165464176, 50.86367692627492 ], [ 2.105772016082819, 50.864666388818719 ], [ 2.105496306603988, 50.865147404551735 ], [ 2.104746044235944, 50.865902819518922 ], [ 2.102562316849526, 50.867426476583901 ], [ 2.104394650393894, 50.870785849227133 ], [ 2.106513600832408, 50.873750991484165 ], [ 2.1065272387453, 50.873524483623505 ], [ 2.106526157602897, 50.872841201573401 ], [ 2.106799148432485, 50.871730704352835 ], [ 2.107209711878813, 50.870899332134364 ], [ 2.107430737935413, 50.870602038206343 ], [ 2.107733997589237, 50.870295032091434 ], [ 2.108180761935471, 50.86990489703421 ], [ 2.108634324253569, 50.869575748115587 ], [ 2.108996481389335, 50.869400661482615 ], [ 2.109606853807371, 50.869174917179294 ], [ 2.10970031584092, 50.86915418060434 ], [ 2.110377270168049, 50.870211196514198 ], [ 2.11037716582128, 50.87021122327279 ], [ 2.11038673933953, 50.870223585296472 ], [ 2.110404165784061, 50.870251702813796 ], [ 2.110482446617618, 50.870335886729748 ], [ 2.110588393770347, 50.870420488298713 ], [ 2.110704126173935, 50.870615418626855 ], [ 2.11070866650676, 50.870674446936782 ], [ 2.110751889456412, 50.870796116273304 ], [ 2.111182004526574, 50.871467666615992 ], [ 2.111229268233044, 50.871524913765882 ], [ 2.111317363162462, 50.871610408018022 ], [ 2.111308367086, 50.871614119417892 ], [ 2.111327125966947, 50.871632139710798 ], [ 2.111335988456922, 50.871628483422612 ], [ 2.112217852230128, 50.872484292474645 ], [ 2.112269563644855, 50.872520319632606 ], [ 2.112374515281625, 50.872512060074619 ], [ 2.112702403812857, 50.872518519716245 ], [ 2.113011577927402, 50.872587909932768 ], [ 2.113272613122529, 50.872713626778555 ], [ 2.113460665869397, 50.872883705576214 ], [ 2.113557837959875, 50.873081959520611 ], [ 2.113565275894569, 50.873113997215135 ], [ 2.113579043060141, 50.87314186748506 ], [ 2.113597399932213, 50.873220936403435 ], [ 2.113647337151318, 50.873284708477506 ], [ 2.113746587477417, 50.87348562857445 ], [ 2.113759828818858, 50.873542661678385 ], [ 2.113756865063908, 50.873542937152827 ], [ 2.113765245503322, 50.87359249713316 ], [ 2.113795377645105, 50.87372228239466 ], [ 2.113814789108049, 50.873762266030511 ], [ 2.113822839123782, 50.873772546115902 ], [ 2.113823846112632, 50.873773835529732 ], [ 2.113923292150034, 50.873901515725443 ], [ 2.114021537348019, 50.874101145763674 ], [ 2.114034591510121, 50.874157370838773 ], [ 2.114120999532229, 50.874268114454722 ], [ 2.114157762828783, 50.874300897386824 ], [ 2.114181583147946, 50.874331315790812 ], [ 2.114185139837119, 50.87433590133093 ], [ 2.114212858227021, 50.874371983509221 ], [ 2.11424031885098, 50.874407729992491 ], [ 2.114272581447446, 50.874449609304293 ], [ 2.114356524803345, 50.874685832503943 ], [ 2.114368119546576, 50.874684754774876 ], [ 2.114392068920846, 50.874787901797987 ], [ 2.114461088630134, 50.874876357721696 ], [ 2.114490129923494, 50.874900868400047 ], [ 2.11459348178377, 50.87506388423693 ], [ 2.114610503776169, 50.875153438352186 ], [ 2.114615045981021, 50.875153016150108 ], [ 2.114638924120531, 50.875255853099382 ], [ 2.114679709319269, 50.875307933570518 ], [ 2.114762490309655, 50.875381749110943 ], [ 2.114786311510759, 50.875412167438029 ], [ 2.114789352012068, 50.875416081824881 ], [ 2.114821873657816, 50.875458295738554 ], [ 2.114929319010483, 50.875760638571712 ], [ 2.114927992148834, 50.875835532313801 ], [ 2.114939706081286, 50.875885979102968 ], [ 2.114941034171067, 50.875887674962854 ], [ 2.114968340010177, 50.875942946252081 ], [ 2.115025875734164, 50.876016414372941 ], [ 2.115125137342176, 50.876217333484384 ], [ 2.115144403358919, 50.876300301760324 ], [ 2.115181598437607, 50.876347796005149 ], [ 2.115233527622824, 50.876452906472807 ], [ 2.115353213674457, 50.87660628686254 ], [ 2.115396313963948, 50.876644717448507 ], [ 2.115495578260366, 50.876845635856711 ], [ 2.11549864616213, 50.876858847024458 ], [ 2.115584653112057, 50.877037265586004 ], [ 2.115594250131152, 50.877078592382105 ], [ 2.115605365061977, 50.877101089492896 ], [ 2.115616844733727, 50.877150523164566 ], [ 2.115644880782701, 50.877207269312528 ], [ 2.115646334959094, 50.877213531274165 ], [ 2.115665910457971, 50.877253152722766 ], [ 2.115673420785366, 50.877285493465457 ], [ 2.115692996341087, 50.877325114901673 ], [ 2.115699851863957, 50.877354635776967 ], [ 2.115722081945115, 50.877399630018807 ], [ 2.115754043865612, 50.877537260934652 ], [ 2.115773619665426, 50.877576882525823 ], [ 2.115781130111217, 50.87760922324572 ], [ 2.115800705879212, 50.877648844645087 ], [ 2.115806129577471, 50.877672199494434 ], [ 2.115834166118723, 50.877728945522421 ], [ 2.115834359246608, 50.877729777144921 ], [ 2.115907424911965, 50.877823069464839 ], [ 2.116006693595662, 50.878023987203917 ], [ 2.116027449297671, 50.878113360271641 ], [ 2.116047025481778, 50.878152981648206 ], [ 2.116058709967947, 50.878203294250383 ], [ 2.116061364521004, 50.878208666975304 ], [ 2.116067653863171, 50.878235748327874 ], [ 2.116140043884503, 50.8783285118311 ], [ 2.116268075265485, 50.878442662999575 ], [ 2.116291898841303, 50.878473080984058 ], [ 2.116296483973035, 50.878479008170778 ], [ 2.116317832319948, 50.878506951328561 ], [ 2.11634205886209, 50.878556842041583 ], [ 2.116347024825497, 50.878563182527635 ], [ 2.116351612294221, 50.878569112714928 ], [ 2.116372960568689, 50.878597055858357 ], [ 2.116397187027615, 50.878646946212221 ], [ 2.116465517738667, 50.878734189381774 ], [ 2.116564790854775, 50.878935107046097 ], [ 2.116582543292246, 50.879011543156871 ], [ 2.116588611871371, 50.87902385047407 ], [ 2.116612571071779, 50.879127857571483 ], [ 2.116676165737516, 50.87920905262397 ], [ 2.116699510447014, 50.879229866162618 ], [ 2.116798785037766, 50.879430783100105 ], [ 2.116800370562254, 50.879437609658609 ], [ 2.116811486533949, 50.87946010651747 ], [ 2.116829229183434, 50.879536497636138 ], [ 2.116831883893179, 50.879541870339551 ], [ 2.116838334973443, 50.879569645438238 ], [ 2.116841908561325, 50.879574296382891 ], [ 2.116956287619389, 50.879721005919251 ], [ 2.117055173390775, 50.879922885089123 ], [ 2.117091348982867, 50.880082077773686 ], [ 2.117117269106107, 50.880115480968456 ], [ 2.117214803729332, 50.880314160677536 ], [ 2.117215223475098, 50.880315967803782 ], [ 2.11724541186328, 50.880354509369674 ], [ 2.117355504599758, 50.88045266105128 ], [ 2.117454784307389, 50.880653576868312 ], [ 2.11745189577758, 50.880817058636111 ], [ 2.117475134612755, 50.880917105049853 ], [ 2.117542332090663, 50.88105309289395 ], [ 2.117548809385861, 50.881080978282618 ], [ 2.117568091256855, 50.881105594843419 ], [ 2.117642066400099, 50.881153451095102 ], [ 2.117808610560451, 50.881293982111842 ], [ 2.117911986477072, 50.881456993577643 ], [ 2.117932363558536, 50.881564146282741 ], [ 2.117933242627462, 50.881564064560166 ], [ 2.117952029084479, 50.881644938430391 ], [ 2.117948312180966, 50.881855428053221 ], [ 2.117945265686898, 50.881866774498263 ], [ 2.117953012270471, 50.881900122444073 ], [ 2.117965995250193, 50.881916696894905 ], [ 2.11804990420756, 50.882065685536581 ], [ 2.118067486631657, 50.88216959182806 ], [ 2.118107478910491, 50.882341749448152 ], [ 2.118129713410215, 50.882386742889238 ], [ 2.118166514767113, 50.88254516285533 ], [ 2.118163550460906, 50.882545438432487 ], [ 2.118167840245286, 50.882570788936874 ], [ 2.118170734884559, 50.882570519836335 ], [ 2.118207302657795, 50.882727933071564 ], [ 2.118255192813947, 50.882824841691431 ], [ 2.11825306261579, 50.88294549609607 ], [ 2.118262298079546, 50.882945561337941 ], [ 2.118262282683987, 50.882946433480306 ], [ 2.118290943961044, 50.883069809727111 ], [ 2.118302701960875, 50.883093602563868 ], [ 2.118343108885655, 50.883165495666034 ], [ 2.118345578070129, 50.883180364073283 ], [ 2.118347028798648, 50.883183299674307 ], [ 2.118353313512771, 50.883210352916919 ], [ 2.118350600188008, 50.883210605160741 ], [ 2.118369376344534, 50.88332366696126 ], [ 2.118368959012661, 50.883342800413288 ], [ 2.118382944103625, 50.883403000057264 ], [ 2.118393170786112, 50.883498874544905 ], [ 2.118408454069679, 50.883564661965551 ], [ 2.118411066661583, 50.883589154679093 ], [ 2.118446959640092, 50.88374365647087 ], [ 2.118486120288595, 50.883822897896565 ], [ 2.118505321960532, 50.883905550517717 ], [ 2.118527557572094, 50.883950544022284 ], [ 2.118547783134738, 50.884037603732402 ], [ 2.118614987311543, 50.88417358947644 ], [ 2.11862393645457, 50.884212109989562 ], [ 2.118635173262478, 50.884317447427222 ], [ 2.118634307498595, 50.884366511296975 ], [ 2.118665691005256, 50.884501597080245 ], [ 2.118685271809137, 50.884541217714251 ], [ 2.118696960301633, 50.884591529034132 ], [ 2.118699615658823, 50.884596902016732 ], [ 2.118724076682784, 50.884702189589106 ], [ 2.118721112273559, 50.884702465177561 ], [ 2.118739879001236, 50.884813354499492 ], [ 2.118738885978286, 50.884869636368194 ], [ 2.118753076734202, 50.884930717306098 ], [ 2.118763304439312, 50.88502659152936 ], [ 2.118793061594362, 50.885154673656274 ], [ 2.118804763717081, 50.885178351829261 ], [ 2.118844621974084, 50.885249116494627 ], [ 2.118847166110086, 50.885264148981392 ], [ 2.118849149878082, 50.885268162936711 ], [ 2.118855435126482, 50.885295216066083 ], [ 2.118852470629266, 50.885295491659917 ], [ 2.118871237726235, 50.885406380001953 ], [ 2.118870877816355, 50.885426781520906 ], [ 2.118903695260069, 50.885568033353024 ], [ 2.118917468832645, 50.885595902484766 ], [ 2.118957591091494, 50.885768593919451 ], [ 2.118968709659884, 50.885791090792715 ], [ 2.118978806821013, 50.885834549931438 ], [ 2.1189750940083, 50.886045039019741 ], [ 2.118868734235328, 50.88624450017258 ], [ 2.118670137744039, 50.886413408507075 ], [ 2.118638475677419, 50.886432994234802 ], [ 2.11862534343136, 50.886481901883037 ], [ 2.118624362901814, 50.886537466436764 ], [ 2.118642368461765, 50.886614965293894 ], [ 2.11866165309049, 50.886639581568133 ], [ 2.118741363163193, 50.886691140288129 ], [ 2.118777590722906, 50.886695032409534 ], [ 2.118816104242366, 50.886691452113055 ], [ 2.118894246003947, 50.886666957937841 ], [ 2.118956181991314, 50.886639156359777 ], [ 2.11898085717878, 50.886623892568444 ], [ 2.119037145010672, 50.886555900287412 ], [ 2.119235740774101, 50.886386991470985 ], [ 2.119507131374219, 50.886265168426469 ], [ 2.119555741778269, 50.886249930630477 ], [ 2.119591572474334, 50.886206648235699 ], [ 2.11964517068185, 50.886106130315021 ], [ 2.11965985926559, 50.886088386857807 ], [ 2.11966084287899, 50.886086542186149 ], [ 2.11966952270332, 50.886076057158625 ], [ 2.119696813490938, 50.886024875840135 ], [ 2.119698832560391, 50.886022436845302 ], [ 2.119726123288709, 50.885971255516061 ], [ 2.119728142354524, 50.885968816520659 ], [ 2.119755433023502, 50.885917635180725 ], [ 2.119776782221483, 50.8858918456637 ], [ 2.11977776582669, 50.885890000990564 ], [ 2.119804330215656, 50.885857911553536 ], [ 2.119807281025992, 50.885852377533176 ], [ 2.119844062260064, 50.885807946190511 ], [ 2.119855648827013, 50.885764790366558 ], [ 2.119852750929446, 50.885752318464633 ], [ 2.119856460110468, 50.88554182932657 ], [ 2.119962814457714, 50.885342367192528 ], [ 2.120161402265897, 50.885173456583786 ], [ 2.120432784014822, 50.885051631296264 ], [ 2.120526480014017, 50.885033100784362 ], [ 2.120629177018301, 50.885000906647136 ], [ 2.120654887931345, 50.884985000930975 ], [ 2.120667060352184, 50.884970296125978 ], [ 2.120850682612999, 50.884814110484683 ], [ 2.120868742578463, 50.884792293058268 ], [ 2.120910515705178, 50.884756761409271 ], [ 2.120984394850061, 50.88466751094326 ], [ 2.121118896146074, 50.884553105088919 ], [ 2.12118639037265, 50.884471567122453 ], [ 2.121322727195341, 50.884355598867415 ], [ 2.121329287584394, 50.88434767336738 ], [ 2.121372896525377, 50.884310579390721 ], [ 2.121431955331886, 50.884239231114407 ], [ 2.121436068279816, 50.884223909476106 ], [ 2.121432495286222, 50.884208533738892 ], [ 2.121377184940684, 50.884137934120325 ], [ 2.121331740650927, 50.884097426545473 ], [ 2.121232438466463, 50.883896515060414 ], [ 2.121234595128586, 50.883773931424173 ], [ 2.121225842565429, 50.883773869803207 ], [ 2.121227420720675, 50.883684168872534 ], [ 2.121228418039252, 50.883684175894025 ], [ 2.121231119755454, 50.883530617556346 ], [ 2.121337464354098, 50.883331153747292 ], [ 2.12144453174734, 50.883240079572417 ], [ 2.121492712956567, 50.883181870919962 ], [ 2.121534484141744, 50.883146339095269 ], [ 2.121578255421486, 50.883093457918704 ], [ 2.121579388292079, 50.883093833170257 ], [ 2.121776829046498, 50.882924543878495 ], [ 2.121803276277187, 50.882908181440072 ], [ 2.12181422965353, 50.882901404773058 ], [ 2.121890730130687, 50.882836330172537 ], [ 2.121912398910206, 50.882822924015201 ], [ 2.121922114139237, 50.882814659798633 ], [ 2.122193478794899, 50.882692830200632 ], [ 2.12251107298744, 50.882630010263966 ], [ 2.122824681384023, 50.882632214609451 ], [ 2.122856410242574, 50.882629263720418 ], [ 2.122879446473792, 50.882615011127932 ], [ 2.122951763121427, 50.882527638917757 ], [ 2.12295224644634, 50.88252583814986 ], [ 2.122973216151592, 50.882486503027351 ], [ 2.122974890959814, 50.882480263024547 ], [ 2.123044019350444, 50.882350590989546 ], [ 2.12304713368701, 50.882338987491707 ], [ 2.123153468474327, 50.882139521643502 ], [ 2.123161494985744, 50.882129823933475 ], [ 2.123162478391887, 50.88212797922283 ], [ 2.12318976123484, 50.882095015788337 ], [ 2.123191728043567, 50.882091326366449 ], [ 2.123229134479858, 50.882046131404287 ], [ 2.123256419418592, 50.881994948985991 ], [ 2.123258438151283, 50.881992509918398 ], [ 2.123285723030679, 50.881941327489493 ], [ 2.123291779217501, 50.881934010284311 ], [ 2.123373633489666, 50.881780462931481 ], [ 2.123375652207995, 50.881778023861109 ], [ 2.123402936850155, 50.881726841389437 ], [ 2.123422837135533, 50.881702797261923 ], [ 2.123425787299546, 50.881697263120145 ], [ 2.123500599090684, 50.881606872985728 ], [ 2.123555167876076, 50.881504507950396 ], [ 2.123558645036855, 50.88150030670154 ], [ 2.12355938909514, 50.881497534304785 ], [ 2.123665720045907, 50.881298067758522 ], [ 2.12368706525072, 50.881272277387069 ], [ 2.123688048620572, 50.881270432669808 ], [ 2.123715330648346, 50.881237469076368 ], [ 2.123717297384493, 50.881233779641256 ], [ 2.123774029141331, 50.881165233149268 ], [ 2.123775012505858, 50.881163388431041 ], [ 2.12378369061119, 50.881152903036991 ], [ 2.123810974493832, 50.881101720426258 ], [ 2.123812993163378, 50.881099281346245 ], [ 2.123840276986709, 50.881048098724847 ], [ 2.12385097372338, 50.88103517424355 ], [ 2.123905541166255, 50.880932808963898 ], [ 2.123920226715576, 50.880915064862194 ], [ 2.123921210069771, 50.880913220142119 ], [ 2.123948491748564, 50.880880256479387 ], [ 2.123950458453431, 50.880876567038591 ], [ 2.123987140696884, 50.880832244858851 ], [ 2.124015407544013, 50.880779217456883 ], [ 2.124026826772941, 50.880765419859422 ], [ 2.12408041021746, 50.880664899181902 ], [ 2.124095095625831, 50.880647155052323 ], [ 2.124096078968306, 50.880645310330067 ], [ 2.124104756916267, 50.880634824905201 ], [ 2.124132040186981, 50.880583642182984 ], [ 2.12415121707607, 50.880560470993068 ], [ 2.124155150430401, 50.88055309210128 ], [ 2.124250007709962, 50.880438476859155 ], [ 2.124277290724618, 50.88038729408953 ], [ 2.124298635224581, 50.880361503576793 ], [ 2.124299618553909, 50.880359658852143 ], [ 2.124308296409501, 50.880349173408476 ], [ 2.124335579315662, 50.880297990618992 ], [ 2.124337597927085, 50.880295551527489 ], [ 2.124364880773918, 50.880244368727347 ], [ 2.124366899381812, 50.880241929635083 ], [ 2.124394182169367, 50.880190746824184 ], [ 2.12441552652494, 50.880164956283657 ], [ 2.124416509846094, 50.880163111557486 ], [ 2.124443068209807, 50.880131020846925 ], [ 2.124446018167963, 50.880125486667502 ], [ 2.12447613188338, 50.880089099927034 ], [ 2.124490823089686, 50.880034354208995 ], [ 2.124597147206813, 50.879834886414606 ], [ 2.124616092413477, 50.879811994465797 ], [ 2.124656022465825, 50.879778023495348 ], [ 2.124793201298414, 50.879612265951486 ], [ 2.124795167890972, 50.879608576490078 ], [ 2.124851896323082, 50.879540029334656 ], [ 2.124852879615814, 50.87953818460327 ], [ 2.124877768740764, 50.879508110040412 ], [ 2.124915862147197, 50.879475701183026 ], [ 2.124961071760572, 50.879421072319239 ], [ 2.125004673703989, 50.879383976789065 ], [ 2.125138014031759, 50.879222854349109 ], [ 2.125176107051837, 50.879190445397889 ], [ 2.125314727640037, 50.879022940919747 ], [ 2.125315710905493, 50.879021096183259 ], [ 2.12534299063078, 50.878988132118593 ], [ 2.125344957158173, 50.878984442644928 ], [ 2.12539857045291, 50.878919657665946 ], [ 2.125483936565832, 50.878847028447339 ], [ 2.125593305766245, 50.878714868243897 ], [ 2.125647867104418, 50.878612501832542 ], [ 2.125659437718141, 50.878598519963205 ], [ 2.125744802903031, 50.878525890529829 ], [ 2.125864817902468, 50.878380863877894 ], [ 2.125865801134982, 50.878379019135174 ], [ 2.125874478317769, 50.878368533550329 ], [ 2.125901758537579, 50.878317350260645 ], [ 2.125919987718495, 50.878295321896545 ], [ 2.125958079524001, 50.878262912659842 ], [ 2.125973188663912, 50.878244654539763 ], [ 2.126018624973032, 50.878205996355916 ], [ 2.126135025813504, 50.87806533492617 ], [ 2.126162305600821, 50.878014151555341 ], [ 2.126183648113643, 50.877988360624997 ], [ 2.126184631326655, 50.877986515878668 ], [ 2.126209518876818, 50.877956440977577 ], [ 2.126247610236097, 50.87792403163543 ], [ 2.126347575902473, 50.877803229313898 ], [ 2.126401151500048, 50.877702707176425 ], [ 2.126415835213421, 50.877684962691845 ], [ 2.126416818411882, 50.877683117942802 ], [ 2.126424864480185, 50.877673394691385 ], [ 2.126431899212299, 50.877647174998934 ], [ 2.12640693132137, 50.877539761932326 ], [ 2.126385851488747, 50.877497116247469 ], [ 2.126389532530251, 50.877286624208381 ], [ 2.126495843218379, 50.87708715394313 ], [ 2.126694376121707, 50.876918230768958 ], [ 2.126808810693878, 50.876847413985324 ], [ 2.126832681775578, 50.876758437910894 ], [ 2.12683615360394, 50.876733987658319 ], [ 2.126853741624497, 50.876668430538331 ], [ 2.126867331652469, 50.876572722537894 ], [ 2.126894410625281, 50.87647178842694 ], [ 2.126897882403511, 50.876447338161739 ], [ 2.126914212029506, 50.876386470889358 ], [ 2.126914442439693, 50.876373287167795 ], [ 2.126929373609894, 50.876268132553314 ], [ 2.126956452292266, 50.876167198381047 ], [ 2.126959924018966, 50.876142748102524 ], [ 2.126977511668963, 50.87607719090478 ], [ 2.126991101298973, 50.87598148280285 ], [ 2.126993906273688, 50.875971027332753 ], [ 2.126995835107512, 50.875964059846645 ], [ 2.127019360629502, 50.875881631060032 ], [ 2.127069361960291, 50.875789412663309 ], [ 2.127102575981557, 50.875665606712921 ], [ 2.127111106434576, 50.875605527474704 ], [ 2.127128693697071, 50.875539970200791 ], [ 2.127142282891347, 50.87544426200234 ], [ 2.12716936069703, 50.875343327654456 ], [ 2.127172832262281, 50.875318877338671 ], [ 2.127189161184454, 50.875258009923435 ], [ 2.127189391516882, 50.875244826178189 ], [ 2.12720432177112, 50.875139671346162 ], [ 2.127226654018521, 50.875056425474625 ], [ 2.127235184218313, 50.874996346171017 ], [ 2.127252771103545, 50.874930788817487 ], [ 2.127266359894434, 50.874835080514764 ], [ 2.127288691902309, 50.874751834592715 ], [ 2.127297221975486, 50.87469175525635 ], [ 2.127300287470587, 50.874680328116682 ], [ 2.127342213415346, 50.874601655443719 ], [ 2.127383515527252, 50.874447693701171 ], [ 2.127386986925466, 50.874423243345319 ], [ 2.127403315294009, 50.874362375817277 ], [ 2.127403545565796, 50.874349192053224 ], [ 2.127418475101643, 50.874244037049053 ], [ 2.127421279889375, 50.874233581541105 ], [ 2.127422023757144, 50.874230842889133 ], [ 2.127465062327971, 50.874074326830709 ], [ 2.127465268163466, 50.874062541212211 ], [ 2.12748019748375, 50.873957386153727 ], [ 2.127497783681762, 50.873891828659737 ], [ 2.127511371720708, 50.873796120175648 ], [ 2.127533702855948, 50.873712874075153 ], [ 2.127542232457117, 50.873652794624974 ], [ 2.127552268950443, 50.87361538037451 ], [ 2.127585133729075, 50.873553708641587 ], [ 2.127628836284304, 50.87339079202323 ], [ 2.12763230748903, 50.873366341620354 ], [ 2.127649893279407, 50.873300784044652 ], [ 2.127663480866227, 50.873205075455971 ], [ 2.127690556405407, 50.873104140643385 ], [ 2.127694027560009, 50.873079690227925 ], [ 2.127710355115401, 50.873018822532472 ], [ 2.127710585299976, 50.873005638740324 ], [ 2.12772551378813, 50.872900483479619 ], [ 2.127747844166262, 50.872817237224837 ], [ 2.127756373357025, 50.872757157676318 ], [ 2.127773380384494, 50.872693756220606 ], [ 2.127797184644467, 50.872649085535429 ], [ 2.127798365528466, 50.872644683232885 ], [ 2.127904660714817, 50.872445210326887 ], [ 2.12792145208509, 50.872424915608235 ], [ 2.127921935133152, 50.872423114792802 ], [ 2.127942896685546, 50.872383778216722 ], [ 2.127944570534429, 50.872377538049093 ], [ 2.127974591575698, 50.872321200251669 ], [ 2.127980834185574, 50.872297927485661 ], [ 2.128001795639076, 50.872258590892038 ], [ 2.12801044016231, 50.87222636355439 ], [ 2.128031401562469, 50.872187026951451 ], [ 2.1280330753937, 50.872180786780753 ], [ 2.128139368656116, 50.871981313530888 ], [ 2.128140664349725, 50.871979747477695 ], [ 2.128168921780175, 50.871926718404509 ], [ 2.128179055378713, 50.871914470299444 ], [ 2.128179538412553, 50.871912669481567 ], [ 2.128209558909562, 50.871856331586869 ], [ 2.128229742378599, 50.871781084397114 ], [ 2.128235403129846, 50.871761705060834 ], [ 2.128244723037098, 50.871732221556464 ], [ 2.128272506090328, 50.871682499664139 ], [ 2.12827532502042, 50.871671990167556 ], [ 2.128296285979466, 50.871632653486188 ], [ 2.128304930204453, 50.871600426096776 ], [ 2.12841122114683, 50.871400952435408 ], [ 2.128425179911784, 50.871384080674268 ], [ 2.128427145912275, 50.871380391108374 ], [ 2.128443936712466, 50.871360096285812 ], [ 2.128451390063227, 50.871332308236553 ], [ 2.128472350741148, 50.87129297150485 ], [ 2.128480994793802, 50.871260744086221 ], [ 2.128587284310656, 50.871061270169548 ], [ 2.128601965295775, 50.871043525244453 ], [ 2.128602948282843, 50.871041680459122 ], [ 2.128617862286454, 50.871023653867852 ], [ 2.128636646296138, 50.870988401594509 ], [ 2.128707975415989, 50.870927699441864 ], [ 2.128709999817917, 50.87092525252946 ], [ 2.128755427353412, 50.870886592909031 ], [ 2.128767643763755, 50.870871826787415 ], [ 2.128966144289826, 50.870702898366197 ], [ 2.128986852483307, 50.870690080858246 ], [ 2.128999018969497, 50.870675374913368 ], [ 2.129197517932922, 50.870506446072454 ], [ 2.129206240239034, 50.870501047275525 ], [ 2.129282712569499, 50.870435966501375 ], [ 2.129349878378867, 50.870394393056856 ], [ 2.129426350358486, 50.870329312184339 ], [ 2.129542074044867, 50.87025768250561 ], [ 2.129633008076827, 50.87018029317133 ], [ 2.129904285295071, 50.870058444448823 ], [ 2.130221789446716, 50.869995603678774 ], [ 2.130359746325907, 50.869982761317438 ], [ 2.130422358789738, 50.86997036879572 ], [ 2.130459266464104, 50.869966933025381 ], [ 2.13054893986948, 50.86994918439224 ], [ 2.13058365083658, 50.8699459530783 ], [ 2.130603152139614, 50.869942107741878 ], [ 2.130784984283104, 50.869925431729691 ], [ 2.13093444896332, 50.869919136480355 ], [ 2.131038215643623, 50.869909476267068 ], [ 2.131204685703582, 50.869902351279386 ], [ 2.131225520622621, 50.869902496340764 ], [ 2.131322048995482, 50.869893509751158 ], [ 2.13148851896177, 50.86988638438465 ], [ 2.131509353874975, 50.869886529398634 ], [ 2.131605882165941, 50.869877542589272 ], [ 2.13170099326804, 50.869873471384594 ], [ 2.131833010918697, 50.86986118027626 ], [ 2.131999480704403, 50.869854054227737 ], [ 2.132020315605637, 50.8698541991564 ], [ 2.132254395544512, 50.869832405123049 ], [ 2.132587047151515, 50.869834717971017 ], [ 2.132641617017631, 50.869840576603899 ], [ 2.13342795895539, 50.869846039982292 ], [ 2.13359414119201, 50.86985547809973 ], [ 2.133690334151232, 50.869865804576825 ], [ 2.134505028734764, 50.869871458001654 ], [ 2.134671211259354, 50.869880894684385 ], [ 2.134767404490098, 50.869891220330771 ], [ 2.135355282393373, 50.869895295259965 ], [ 2.135521465157815, 50.869904730810013 ], [ 2.13561765861015, 50.869915055800618 ], [ 2.136404002044761, 50.869920500424918 ], [ 2.136570185091058, 50.869929934577996 ], [ 2.136666378808616, 50.869940258759762 ], [ 2.137254257443507, 50.869944324742484 ], [ 2.13742044072957, 50.869953757762886 ], [ 2.137516634668672, 50.869964081288849 ], [ 2.138001378696572, 50.869967430850444 ], [ 2.138097905975844, 50.869958439020365 ], [ 2.138264375191555, 50.869951304615377 ], [ 2.139192480489838, 50.869957710576031 ], [ 2.139289007535969, 50.869948717824435 ], [ 2.139455476549197, 50.869941581830432 ], [ 2.140695456041229, 50.869950127021312 ], [ 2.140791982802187, 50.869941133107048 ], [ 2.14095845157546, 50.869933995107907 ], [ 2.14191490909933, 50.869940576003088 ], [ 2.142011435622321, 50.86993158114538 ], [ 2.142177904189538, 50.869924441519395 ], [ 2.142367474012085, 50.869925744582574 ], [ 2.142367380605623, 50.869931186224029 ], [ 2.142424085004031, 50.869931575942182 ], [ 2.142424178404319, 50.869926134300691 ], [ 2.143446235924919, 50.869933154282073 ], [ 2.143542762157882, 50.869924158239741 ], [ 2.14358146893656, 50.869922497697608 ], [ 2.143590619717898, 50.86992164485698 ], [ 2.143599868676213, 50.86992170833436 ], [ 2.143709230481522, 50.869917016570831 ], [ 2.143728687133884, 50.869917150086287 ], [ 2.143728593875684, 50.86992259172883 ], [ 2.143785298274947, 50.86992298082842 ], [ 2.143785391526972, 50.869917539185856 ], [ 2.144949210089087, 50.869925519493606 ], [ 2.14502677254563, 50.869918289885959 ], [ 2.145048144475004, 50.869905055945495 ], [ 2.145105462803096, 50.869869563197831 ], [ 2.145134121939243, 50.869851816811874 ], [ 2.145162781051494, 50.869834070420943 ], [ 2.145307805174796, 50.869744267798382 ], [ 2.145460705372835, 50.86961408631106 ], [ 2.145509031324519, 50.869584161341827 ], [ 2.145601566560136, 50.86950537489038 ], [ 2.145607399092821, 50.869498321167463 ], [ 2.145805837225063, 50.86932936560266 ], [ 2.14581455753087, 50.869323965635182 ], [ 2.145832478146154, 50.869308707461897 ], [ 2.145837588574831, 50.869302526963899 ], [ 2.14603602515114, 50.869133570981617 ], [ 2.146084350293833, 50.869103645767034 ], [ 2.146237246508446, 50.8689734631985 ], [ 2.146331941280375, 50.868914823161781 ], [ 2.146408388875443, 50.868849731733768 ], [ 2.146475538301682, 50.868808148970281 ], [ 2.146551985546468, 50.868743057443524 ], [ 2.146619134709733, 50.868701474595937 ], [ 2.146695581604525, 50.868636382970195 ], [ 2.146734072670365, 50.868612546831898 ], [ 2.146810519279091, 50.868547455126979 ], [ 2.146858843391272, 50.868517529585098 ], [ 2.147011735794297, 50.868387345949266 ], [ 2.147033551510278, 50.868373836081396 ], [ 2.14707578906238, 50.868322751460305 ], [ 2.147274217560849, 50.868153793251849 ], [ 2.147309368671518, 50.868132024883906 ], [ 2.147385813795671, 50.868066932777921 ], [ 2.147452961356226, 50.868025349438057 ], [ 2.147529406130649, 50.86796025723288 ], [ 2.147539239106697, 50.867954167808982 ], [ 2.147615683659558, 50.867889075543964 ], [ 2.147654173710503, 50.867865239094378 ], [ 2.147730617977851, 50.867800146749737 ], [ 2.147740450898313, 50.867794057308203 ], [ 2.147816894943351, 50.867728964904373 ], [ 2.147941355461874, 50.86765188713742 ], [ 2.147957439758733, 50.86763819119939 ], [ 2.148009340965432, 50.867575415975324 ], [ 2.148022803718855, 50.867525143667649 ], [ 2.148028951569416, 50.867164585292677 ], [ 2.148014730062954, 50.867103505970462 ], [ 2.148003435238436, 50.866998168565772 ], [ 2.148006107323484, 50.866841458900254 ], [ 2.147991885936909, 50.866780379544785 ], [ 2.147980591233588, 50.866675042085156 ], [ 2.147984181118946, 50.866464510164008 ], [ 2.147969959866452, 50.866403430770269 ], [ 2.147958665294553, 50.866298093246982 ], [ 2.147961337482569, 50.866141383412035 ], [ 2.147947116349958, 50.866080303985051 ], [ 2.14793582189925, 50.865974966406839 ], [ 2.147940023776043, 50.865728552765098 ], [ 2.147925802786973, 50.86566747329654 ], [ 2.147914508474504, 50.865562135648837 ], [ 2.147917180761642, 50.865405425635728 ], [ 2.147902959892452, 50.865344346133902 ], [ 2.147891665701166, 50.865239008431303 ], [ 2.147893114285782, 50.865154061395486 ], [ 2.147860273635945, 50.865013007498789 ], [ 2.147846306025901, 50.864984769546759 ], [ 2.147849895740648, 50.864774272795266 ], [ 2.147872689649418, 50.86468915212658 ], [ 2.147872719396442, 50.864687407740568 ], [ 2.147836428966613, 50.864531534770173 ], [ 2.147839392036586, 50.864531258480788 ], [ 2.147820568401254, 50.864420370332482 ], [ 2.147823058061743, 50.864274382564695 ], [ 2.147808837639146, 50.864213302972658 ], [ 2.147797543906934, 50.864107965098214 ], [ 2.147798992620272, 50.864023017825687 ], [ 2.147788332306618, 50.863977229294527 ], [ 2.147742658143216, 50.863972330792656 ], [ 2.14771691732873, 50.863611114160868 ], [ 2.147717018298521, 50.863585709927548 ], [ 2.147647900623645, 50.863582432210507 ], [ 2.146958296372248, 50.863471082714725 ], [ 2.146477121811928, 50.86332238816 ], [ 2.145351067264339, 50.862857953300058 ], [ 2.145066588045094, 50.862776809858062 ], [ 2.144433675359473, 50.862665533915184 ], [ 2.144095180333866, 50.862630036323395 ], [ 2.14374543810273, 50.862572102637223 ], [ 2.143111373129946, 50.862394461879042 ], [ 2.142805878758367, 50.86225409773148 ], [ 2.142478095764386, 50.862016853548269 ], [ 2.142029456659917, 50.861527443804228 ], [ 2.141772897031536, 50.861195258454373 ], [ 2.141557643646963, 50.860808438322437 ], [ 2.140775729920816, 50.858971639581817 ], [ 2.140519869246936, 50.858468179662523 ], [ 2.139272024153433, 50.856609104794309 ], [ 2.139020978493795, 50.856326239373296 ], [ 2.138786685371928, 50.856106170108774 ], [ 2.138352478623788, 50.85592702910116 ], [ 2.134541945671522, 50.854799971934327 ], [ 2.132641144555072, 50.853683131483777 ], [ 2.132066552358543, 50.853548572242978 ], [ 2.13150430101435, 50.853513566460251 ], [ 2.130331901045363, 50.853379800443712 ], [ 2.129720408530549, 50.853263999848608 ], [ 2.128271742135821, 50.85313961610148 ], [ 2.12525776660382, 50.853008965566247 ], [ 2.124520998170044, 50.853040883905905 ], [ 2.12395288179572, 50.85319118372125 ], [ 2.12393791181886, 50.853172064408561 ], [ 2.123875797116991, 50.853165388902461 ], [ 2.123646809010138, 50.853186700815101 ], [ 2.12363832120136, 50.853188380862008 ], [ 2.12363805680044, 50.85318840546951 ], [ 2.123433487267877, 50.853252352810316 ], [ 2.123116696704111, 50.853314817987744 ], [ 2.123005109365768, 50.853314008021755 ], [ 2.122853975642149, 50.853328072956998 ], [ 2.12268755959408, 50.853335186987536 ], [ 2.122468332660159, 50.853333644912013 ], [ 2.122388636476117, 50.853341061336494 ], [ 2.122313016710917, 50.853364784654808 ], [ 2.122184447414464, 50.853422542890591 ], [ 2.121867038436084, 50.853485364826021 ], [ 2.121783910338743, 50.853484779590751 ], [ 2.121632086640708, 50.853498907166134 ], [ 2.121537005878079, 50.85350297079961 ], [ 2.121295035902013, 50.853525486122471 ], [ 2.121168952443059, 50.853564896176508 ], [ 2.121164973467877, 50.853567359418598 ], [ 2.12089376445066, 50.853689192259331 ], [ 2.120576352157066, 50.853752010884541 ], [ 2.120243808146304, 50.85374966596067 ], [ 2.120054694414229, 50.853729336178105 ], [ 2.120023595778079, 50.853729116794447 ], [ 2.119901158371051, 50.853740508091811 ], [ 2.119862268276525, 50.853752707571061 ], [ 2.119859507490417, 50.853754416612169 ], [ 2.11974520770654, 50.853805760642089 ], [ 2.119331781894573, 50.853734911112682 ], [ 2.118862132687603, 50.853582540511042 ], [ 2.118426563675177, 50.853412293798037 ], [ 2.117630913747618, 50.852981360587989 ], [ 2.116457063983935, 50.852227827525375 ], [ 2.116151743119612, 50.85207932532137 ], [ 2.115405053680347, 50.851796423049898 ], [ 2.113408127127691, 50.85138572725559 ], [ 2.112931354679712, 50.851251255213683 ], [ 2.112576366326875, 50.851125968985663 ], [ 2.111759206250403, 50.850772075735151 ], [ 2.111325469163799, 50.850521101638577 ], [ 2.110912040839265, 50.850166143103387 ], [ 2.110883560320838, 50.850136065832729 ], [ 2.110950155768063, 50.850055579311402 ], [ 2.110956673038567, 50.850031302657086 ], [ 2.110951020896571, 50.85000693926002 ], [ 2.110937376337024, 50.849989504330118 ], [ 2.110852856336281, 50.849838587272835 ], [ 2.110827059150538, 50.849679301062423 ], [ 2.110827588215096, 50.849659717847572 ], [ 2.110816655075215, 50.849612589923744 ], [ 2.110794578512409, 50.849598295904187 ], [ 2.110686615613699, 50.849586680444226 ], [ 2.110554562995553, 50.849585738830342 ], [ 2.110239479540925, 50.849518434992937 ], [ 2.110231412970115, 50.849514636194669 ], [ 2.109105194455838, 50.848759438479874 ], [ 2.109102745537894, 50.848754477294221 ], [ 2.109049033479746, 50.848685838400705 ], [ 2.109027702972248, 50.848672026539077 ], [ 2.108835294798275, 50.848500331400466 ], [ 2.108815314396506, 50.848474798018749 ], [ 2.108792634873662, 50.848454559859086 ], [ 2.108693453896541, 50.848253627272953 ], [ 2.108697207286171, 50.848043126207578 ], [ 2.108721711284202, 50.847951861162336 ], [ 2.108719973172478, 50.847944367272767 ], [ 2.10863754332714, 50.847838644018282 ], [ 2.108615371295823, 50.84782428684381 ], [ 2.108579172698673, 50.847820391538107 ], [ 2.108480915817884, 50.847829525098469 ], [ 2.10827743298235, 50.847869779072546 ], [ 2.107944928683019, 50.847867401340423 ], [ 2.107859777586283, 50.847849209961552 ], [ 2.107673625123122, 50.847829176957163 ], [ 2.107358556619098, 50.847761865659407 ], [ 2.107091765742729, 50.847636210640466 ], [ 2.107032204161336, 50.847597640702865 ], [ 2.106954948135524, 50.847589326172972 ], [ 2.106925231063116, 50.847589113386391 ], [ 2.106925242335105, 50.847588482465774 ], [ 2.106755672512546, 50.847587268139961 ], [ 2.106451139668498, 50.847478516035309 ], [ 2.105129420624734, 50.846909320146487 ], [ 2.104773343018386, 50.846724824666097 ], [ 2.104447096459888, 50.846522449501386 ], [ 2.102838023612049, 50.845324978714572 ], [ 2.101934121452531, 50.844479445449103 ], [ 2.101663769889471, 50.844192932177734 ], [ 2.10180409447835, 50.84413092825514 ], [ 2.101481671387853, 50.843806396821996 ], [ 2.101240898691128, 50.843168546690777 ], [ 2.100768262322092, 50.84228116366117 ], [ 2.100789525939179, 50.841834599897858 ], [ 2.1007550397613, 50.841640839594263 ], [ 2.100670809980424, 50.841483750541926 ], [ 2.100643994842023, 50.841463971266954 ], [ 2.10019371176702, 50.841147461430339 ], [ 2.099851727795278, 50.840989879151408 ], [ 2.099474571334378, 50.840783804797283 ], [ 2.098693621678095, 50.840316900350118 ], [ 2.098118027489192, 50.840147206287519 ], [ 2.097377939901283, 50.840022028542734 ], [ 2.09654782554703, 50.83977112863365 ], [ 2.095501868054377, 50.839349422728404 ], [ 2.095196793422961, 50.839179344718154 ], [ 2.094577248762592, 50.83873424955722 ], [ 2.093944846872593, 50.838024587739071 ], [ 2.093622872670518, 50.837548684117678 ], [ 2.093458918616105, 50.837194149792239 ], [ 2.093458451366419, 50.837000452914701 ], [ 2.093514157335302, 50.836614066986527 ], [ 2.09352899925801, 50.836475101236694 ], [ 2.093493128947425, 50.836281334628431 ], [ 2.093385142957505, 50.836065904466125 ], [ 2.093165461967035, 50.835814384827522 ], [ 2.092951161432406, 50.835621163559985 ], [ 2.091472440375914, 50.834822832824976 ], [ 2.091196021178829, 50.834593615435722 ], [ 2.090961003014794, 50.83429722370154 ], [ 2.090839719820248, 50.833910486050783 ], [ 2.090852695286053, 50.833577819415943 ], [ 2.090908719591537, 50.833416516479147 ], [ 2.090958155990507, 50.833155661632524 ], [ 2.09092291500447, 50.832837246865168 ], [ 2.090799496373256, 50.8323106116123 ], [ 2.090706884467625, 50.832140045727392 ], [ 2.090349113238231, 50.831942966579689 ], [ 2.090439252836631, 50.831834050947158 ], [ 2.090440236481635, 50.831832206451622 ], [ 2.090441624510425, 50.831830529287238 ], [ 2.090462642411401, 50.831752330266838 ], [ 2.090462674140749, 50.831750585850671 ], [ 2.090450923428696, 50.831699823086133 ], [ 2.09042460799344, 50.831666039872459 ], [ 2.090401570811175, 50.831651110395903 ], [ 2.090337106699976, 50.831644161347107 ], [ 2.090239199088586, 50.831653250957878 ], [ 2.089906803608427, 50.831650825016006 ], [ 2.089659643971934, 50.831597964192554 ], [ 2.089514901335153, 50.831511742092836 ], [ 2.08931393562186, 50.831206446359502 ], [ 2.089262800360148, 50.830954357846409 ], [ 2.089240378428211, 50.830339143160664 ], [ 2.089152497160518, 50.830073529589008 ], [ 2.089016108046662, 50.829702288881307 ], [ 2.089017986709712, 50.829695299599486 ], [ 2.088991381945534, 50.829580347879734 ], [ 2.088985867279371, 50.829569161396037 ], [ 2.088989701304283, 50.829358654472038 ], [ 2.089096058770689, 50.829159200773425 ], [ 2.089247665464192, 50.829030199115174 ], [ 2.089345741683384, 50.829106376707919 ], [ 2.089641903978881, 50.829024200775244 ], [ 2.089947087410374, 50.829224714903361 ], [ 2.090103906802946, 50.828936954053049 ], [ 2.090893385841076, 50.827901935059643 ], [ 2.092027562570356, 50.827535374151083 ], [ 2.094337793081529, 50.827443752337928 ], [ 2.094841669085147, 50.827479711094966 ], [ 2.096140839236734, 50.827604200726576 ], [ 2.096341061789059, 50.827579341506045 ], [ 2.096483290808023, 50.827600846608924 ], [ 2.096611395130166, 50.827605519340594 ], [ 2.096734127567997, 50.827581805384725 ], [ 2.096836299268428, 50.827532639481909 ], [ 2.096887938910457, 50.827497124649035 ], [ 2.096895641297497, 50.827491655785956 ], [ 2.097072620405306, 50.827361910851067 ], [ 2.097105867879321, 50.827341188938597 ], [ 2.097274939938923, 50.827377341031458 ], [ 2.09736857090595, 50.827387429744945 ], [ 2.097371325161306, 50.827387449686604 ], [ 2.097448828507529, 50.827380249178816 ], [ 2.097472959410981, 50.827365311135502 ], [ 2.097509778049306, 50.827320809128331 ], [ 2.097563357529049, 50.82722029151887 ], [ 2.097574924103514, 50.827206311141687 ], [ 2.097773356665811, 50.827037420940215 ], [ 2.097873905670619, 50.82697517581758 ], [ 2.097902556989499, 50.826957439100333 ], [ 2.097931208269778, 50.826939702386952 ], [ 2.097934868931953, 50.826937436234978 ], [ 2.098205988793688, 50.826815648286782 ], [ 2.098523258210285, 50.826752883977029 ], [ 2.098741272214741, 50.826754460278813 ], [ 2.098741327794855, 50.826751376192242 ], [ 2.098801369498045, 50.826751810243337 ], [ 2.098825793846051, 50.826755071291117 ], [ 2.098855621673259, 50.826755286904678 ], [ 2.098907360267789, 50.826760861134353 ], [ 2.098906037822401, 50.826765785130455 ], [ 2.099206975029571, 50.826805964502299 ], [ 2.099313169016216, 50.826852024257327 ], [ 2.09931694420567, 50.826847589973525 ], [ 2.099456715112331, 50.826914284542347 ], [ 2.099548987141984, 50.826954305541165 ], [ 2.099572453955044, 50.826969511458181 ], [ 2.09957245395539, 50.826969511458337 ], [ 2.099600458596, 50.826987657757499 ], [ 2.099600458596359, 50.826987657757662 ], [ 2.099622865000486, 50.827002176526747 ], [ 2.099722582856856, 50.827035269314877 ], [ 2.099989245317479, 50.827160944092228 ], [ 2.100181541019936, 50.827332658532271 ], [ 2.100280646306227, 50.827533604375347 ], [ 2.100296884603869, 50.827603698810741 ], [ 2.100323204745441, 50.82763748038608 ], [ 2.100402763416293, 50.827689030619283 ], [ 2.100608233373192, 50.827785863116603 ], [ 2.100662068773833, 50.827820745548927 ], [ 2.100662068774167, 50.827820745549076 ], [ 2.100690074285829, 50.827838891579077 ], [ 2.100690074288369, 50.827838891580249 ], [ 2.100822328133598, 50.82792458452225 ], [ 2.100988301183544, 50.827979661839635 ], [ 2.100999889255215, 50.827980910084179 ], [ 2.101007824299849, 50.827980172648623 ], [ 2.10105904747877, 50.827948460882162 ], [ 2.101070010701962, 50.827907634668044 ], [ 2.101060143173745, 50.827865043581077 ], [ 2.100957538253279, 50.827732879759651 ], [ 2.100890770112141, 50.827673259689675 ], [ 2.100791662097634, 50.82747231437483 ], [ 2.100795447187646, 50.827261806795391 ], [ 2.10090175361673, 50.827062342891637 ], [ 2.101100174372859, 50.826893447357847 ], [ 2.101371286289484, 50.826771652514424 ], [ 2.101472874268612, 50.826739785458834 ], [ 2.101474574336441, 50.826739449093346 ], [ 2.101494550311295, 50.826747312311021 ], [ 2.10192950314208, 50.826904778889244 ], [ 2.102193010387343, 50.827018228771536 ], [ 2.102248111964151, 50.827037855839656 ], [ 2.102554489646598, 50.827126286949103 ], [ 2.103152904332208, 50.827362211056609 ], [ 2.103225361791788, 50.827384318686875 ], [ 2.103511482586085, 50.827448642837801 ], [ 2.104844378065956, 50.827930448898478 ], [ 2.106643817329648, 50.828587314153623 ], [ 2.106762196302525, 50.828614953267085 ], [ 2.106888350942811, 50.828616061782569 ], [ 2.107007895050035, 50.828590513289264 ], [ 2.107107196293413, 50.828541221236343 ], [ 2.107508865660541, 50.828260575634388 ], [ 2.107516231433278, 50.828255272175653 ], [ 2.10775221207992, 50.828080159568117 ], [ 2.107802032621828, 50.828048576473869 ], [ 2.107805845442044, 50.828046123966431 ], [ 2.107906881640783, 50.827980182189563 ], [ 2.107928462544563, 50.827967145431771 ], [ 2.107940623542761, 50.827965125698263 ], [ 2.108000418394903, 50.827948506338714 ], [ 2.108012910715478, 50.827944861898821 ], [ 2.10803255260242, 50.827938856172658 ], [ 2.108130120332936, 50.827895956112613 ], [ 2.108201981273491, 50.827836060116432 ], [ 2.108241101217462, 50.827765031266651 ], [ 2.108243650957631, 50.8276898223911 ], [ 2.108209381067738, 50.827617795460519 ], [ 2.108141646256924, 50.827556000946892 ], [ 2.108047076936412, 50.827510487683824 ], [ 2.107934930167278, 50.827485710781538 ], [ 2.107816183531193, 50.827484095546723 ], [ 2.107702460616183, 50.827505800087792 ], [ 2.107689012851375, 50.827509911886921 ], [ 2.107635516667274, 50.827524780579949 ], [ 2.107586414384795, 50.8275447409751 ], [ 2.10757655620478, 50.827548150494252 ], [ 2.107508086957034, 50.827574576998586 ], [ 2.107490119638563, 50.827583309388991 ], [ 2.107424171818583, 50.827582837245195 ], [ 2.107424125408538, 50.827585437500801 ], [ 2.107309435981069, 50.827584616315448 ], [ 2.107132300534341, 50.827601087374362 ], [ 2.106885575688521, 50.827599320108078 ], [ 2.106885572038485, 50.827599524488384 ], [ 2.106884194790724, 50.827599514621859 ], [ 2.106787743709928, 50.827608482888138 ], [ 2.106636353300671, 50.82761493859271 ], [ 2.106618158870584, 50.827616630324975 ], [ 2.106285789320336, 50.827614248081098 ], [ 2.105970850057374, 50.82754693116884 ], [ 2.105704170526884, 50.827421269258267 ], [ 2.105511855537986, 50.827249563363132 ], [ 2.105412729805586, 50.827048621597591 ], [ 2.10541649541468, 50.826838113748998 ], [ 2.105426619243672, 50.82680039988572 ], [ 2.105426650447893, 50.826798655454624 ], [ 2.105414885752459, 50.82674789392518 ], [ 2.105388562639841, 50.826714113378557 ], [ 2.105337128184383, 50.826680789827009 ], [ 2.105194873752143, 50.826613755980866 ], [ 2.105002563599716, 50.826442049078025 ], [ 2.104903441508148, 50.826241106644957 ], [ 2.1048869382372, 50.826169895242664 ], [ 2.104862898176796, 50.826139043666501 ], [ 2.104788360508787, 50.826131016652852 ], [ 2.104700624603848, 50.826130386591529 ], [ 2.104502610402956, 50.826148795402446 ], [ 2.104410909173624, 50.826166941542823 ], [ 2.104078548456627, 50.826164553370624 ], [ 2.104031961084913, 50.826159536030367 ], [ 2.103717034370866, 50.826092213254249 ], [ 2.103641360144027, 50.826056551718011 ], [ 2.103511395069914, 50.826013425249542 ], [ 2.103511985846112, 50.826012711036107 ], [ 2.103244729452261, 50.825887757644459 ], [ 2.103237295234965, 50.825882940792184 ], [ 2.103134562135628, 50.825834526909617 ], [ 2.103113243054504, 50.825820713579638 ], [ 2.10300854221176, 50.825785969799746 ], [ 2.102922601085266, 50.825767597122528 ], [ 2.102655938604577, 50.825641928324181 ], [ 2.102463640867865, 50.825470217203865 ], [ 2.102378622738764, 50.825361494518901 ], [ 2.102279513281994, 50.825160549358884 ], [ 2.102283292197553, 50.824950040679916 ], [ 2.102351851673824, 50.824821388112895 ], [ 2.102368645140205, 50.82475884004463 ], [ 2.102363316289185, 50.824735840261184 ], [ 2.102341906124509, 50.82472196732423 ], [ 2.102230738844689, 50.824685076028459 ], [ 2.102106924996958, 50.824671739261369 ], [ 2.102002507021535, 50.824670987136635 ], [ 2.101895330942362, 50.824659442363028 ], [ 2.101842186127036, 50.824664382053086 ], [ 2.101788851981703, 50.824681052808202 ], [ 2.101672054001286, 50.824753367623032 ], [ 2.10164340530799, 50.824771105251031 ], [ 2.101632462680302, 50.824777880293389 ], [ 2.101614544461489, 50.824793133236128 ], [ 2.101584691566561, 50.824829222394079 ], [ 2.101584468712746, 50.824830052366558 ], [ 2.101515364414603, 50.824959723605033 ], [ 2.101485725697807, 50.825070106572312 ], [ 2.101477173068032, 50.82513018885075 ], [ 2.101460829229918, 50.825191057593486 ], [ 2.1014607488473, 50.82519553159792 ], [ 2.101339479067526, 50.825500156129586 ], [ 2.1013118374594, 50.825533571325145 ], [ 2.101222856980524, 50.82560931427394 ], [ 2.101201743916973, 50.825634837085211 ], [ 2.101003329003823, 50.825803732657093 ], [ 2.100732222299929, 50.825925526695208 ], [ 2.100712251437941, 50.825931791330412 ], [ 2.100657730052352, 50.825956284819739 ], [ 2.100636666908417, 50.825962892108883 ], [ 2.100319405025057, 50.826025662613141 ], [ 2.099987045857073, 50.826023264168256 ], [ 2.099672124381602, 50.825955931559733 ], [ 2.099405468391742, 50.825830256013312 ], [ 2.099213180467659, 50.825658539913064 ], [ 2.099114082729302, 50.825457592420776 ], [ 2.099100339626487, 50.825398260178481 ], [ 2.099080577089901, 50.82535818565173 ], [ 2.099083234667897, 50.825210658173354 ], [ 2.099080727337648, 50.825210640053115 ], [ 2.099081066256989, 50.825191826029759 ], [ 2.099069696336077, 50.82514273869154 ], [ 2.099046111440903, 50.825127455464333 ], [ 2.098918152722967, 50.82508498787081 ], [ 2.098881368102383, 50.825077122538481 ], [ 2.098614719334392, 50.824951445072166 ], [ 2.098422437955358, 50.824779727616566 ], [ 2.098323345400874, 50.824578779427213 ], [ 2.098305099691585, 50.824500001186877 ], [ 2.098307593513417, 50.824361677715366 ], [ 2.098302784379114, 50.824361642929553 ], [ 2.09830344706452, 50.824324887123559 ], [ 2.098292428551955, 50.824277312771244 ], [ 2.098155267546, 50.82423178917707 ], [ 2.098146530488138, 50.824229920890375 ], [ 2.098104297284507, 50.824215903732494 ], [ 2.097837654072684, 50.824090223958756 ], [ 2.097822301810517, 50.82408027501841 ], [ 2.097822318959741, 50.824080286131597 ], [ 2.097748237652523, 50.824014126672246 ], [ 2.097604410646087, 50.823920919854373 ], [ 2.09750380140125, 50.823873871498002 ], [ 2.097420882727243, 50.823820135687548 ], [ 2.097392881514191, 50.823801989369692 ], [ 2.09739288101117, 50.823801989134459 ], [ 2.097372651930579, 50.823788879571211 ], [ 2.097261491025863, 50.823751984002286 ], [ 2.097237300603457, 50.82374937727338 ], [ 2.097213022749851, 50.823751632965333 ], [ 2.097171981446595, 50.823764506285407 ], [ 2.096854728307541, 50.82382726758987 ], [ 2.096641001312245, 50.823825718795291 ], [ 2.096640937861524, 50.823829231648823 ], [ 2.096639560949506, 50.823829221670728 ], [ 2.09656445174936, 50.823836199804198 ], [ 2.096494245086647, 50.823921061146478 ], [ 2.096456175183542, 50.823953464455947 ], [ 2.096410984670479, 50.824008087591046 ], [ 2.096320164915033, 50.824085388686946 ], [ 2.096242440989049, 50.824179335191218 ], [ 2.096186896194375, 50.824283541187675 ], [ 2.096178077621345, 50.824294200378219 ], [ 2.096136337067725, 50.824329727486173 ], [ 2.096047875772562, 50.824436651268257 ], [ 2.096041093607477, 50.824461899658473 ], [ 2.096056707322706, 50.824529327493977 ], [ 2.096115325518907, 50.824648211029334 ], [ 2.096134506532839, 50.82473104347131 ], [ 2.096228360804533, 50.824924721050756 ], [ 2.096228553330095, 50.824925552461956 ], [ 2.096234108676979, 50.824932658207388 ], [ 2.096255393826091, 50.824939723046619 ], [ 2.096311483450741, 50.824966161119129 ], [ 2.096394966614835, 50.824993870265402 ], [ 2.096661609523403, 50.825119552453671 ], [ 2.096678795806546, 50.825130689998034 ], [ 2.096698391240842, 50.825139926339709 ], [ 2.096890665575036, 50.825311644837029 ], [ 2.09696605475459, 50.825408070760702 ], [ 2.097008279862761, 50.825445781148019 ], [ 2.097024845998415, 50.825466969820987 ], [ 2.097204417388164, 50.825627340798547 ], [ 2.097224256445014, 50.82565271553478 ], [ 2.097323345860493, 50.825853664112167 ], [ 2.097319545829028, 50.826064171784687 ], [ 2.09721322706889, 50.826263632636099 ], [ 2.097014795777942, 50.826432521873514 ], [ 2.09674367538616, 50.826554307130323 ], [ 2.096580138856686, 50.826605599200747 ], [ 2.096547268808259, 50.826620364009472 ], [ 2.096435563814941, 50.82664246034836 ], [ 2.096273370388765, 50.826679028843039 ], [ 2.096238917161432, 50.826681358684958 ], [ 2.096229996720239, 50.826683123213243 ], [ 2.096200574794384, 50.82668585639891 ], [ 2.096200140476484, 50.826683980881803 ], [ 2.096025042543597, 50.826695821380497 ], [ 2.095822863609744, 50.82669435517645 ], [ 2.095726412291965, 50.826703314897756 ], [ 2.095575023608223, 50.826709757161986 ], [ 2.095508423354679, 50.826715943794625 ], [ 2.095176059570727, 50.826713531938488 ], [ 2.095172283052442, 50.826713124945904 ], [ 2.095060053252191, 50.82672354977985 ], [ 2.09488788355752, 50.826754508745253 ], [ 2.09456346357522, 50.826748324817451 ], [ 2.094257132179592, 50.826680390322693 ], [ 2.093997482096097, 50.826557046222419 ], [ 2.093903222754617, 50.826495959235281 ], [ 2.093802621496349, 50.826448914354962 ], [ 2.0937757090637, 50.826431472924462 ], [ 2.093775708560686, 50.826431472689251 ], [ 2.093645085143512, 50.826346818341008 ], [ 2.093571012305132, 50.826280660622295 ], [ 2.093561506127402, 50.826274499826852 ], [ 2.093369237223519, 50.826102774896803 ], [ 2.093270162542136, 50.82590182311769 ], [ 2.093273979171594, 50.825691315258481 ], [ 2.093380312259235, 50.825491857286679 ], [ 2.09357875218371, 50.825322973315956 ], [ 2.093703086353561, 50.825246009227413 ], [ 2.093779535679257, 50.825180945662183 ], [ 2.093828440882021, 50.825150672652512 ], [ 2.093834597814902, 50.825127756022844 ], [ 2.093830034998652, 50.825108047855402 ], [ 2.093827307562303, 50.825107753881781 ], [ 2.093817217766465, 50.825108691031318 ], [ 2.093714093147855, 50.825141033363657 ], [ 2.093396827917898, 50.825203785592691 ], [ 2.093064475023807, 50.825201368106931 ], [ 2.092749568736854, 50.8251340175552 ], [ 2.092505929988353, 50.825053141672093 ], [ 2.092239297571323, 50.824927450481255 ], [ 2.092168430867906, 50.824881520007935 ], [ 2.091962989185045, 50.824784673169098 ], [ 2.091936076143157, 50.824767229996482 ], [ 2.09193607614275, 50.824767229996297 ], [ 2.091917462308376, 50.824755165785284 ], [ 2.091843394030962, 50.82468900681576 ], [ 2.091777785318279, 50.824646483536547 ], [ 2.091585528797397, 50.824474755425257 ], [ 2.091571090447606, 50.824456284657792 ], [ 2.091534204398099, 50.824423336958539 ], [ 2.091510421556738, 50.824392911829243 ], [ 2.091506870756578, 50.824388325630281 ], [ 2.091479196435312, 50.82435223568892 ], [ 2.091451522153957, 50.824316145739402 ], [ 2.091450493450066, 50.824314800408061 ], [ 2.091429182233401, 50.824286850643233 ], [ 2.091405007042997, 50.824236951232855 ], [ 2.091400050446153, 50.824230610264649 ], [ 2.091395470966987, 50.824224678729273 ], [ 2.091374159819473, 50.824196728951151 ], [ 2.091349984727521, 50.824146829523222 ], [ 2.091340233783723, 50.824134355104981 ], [ 2.091329526796008, 50.824104602543329 ], [ 2.091279676373604, 50.824001706538851 ], [ 2.091273413690998, 50.823974649381888 ], [ 2.091282458734969, 50.823973809437923 ], [ 2.091230005660514, 50.823828051556163 ], [ 2.091230062578227, 50.823824919156827 ], [ 2.091218384725417, 50.823774465979277 ], [ 2.091180196767114, 50.823725611346262 ], [ 2.091091020433824, 50.823645954249834 ], [ 2.090991959772509, 50.823444999900346 ], [ 2.090995785803055, 50.823234491314835 ], [ 2.091010910918295, 50.823178204192011 ], [ 2.091003119683003, 50.823144541709631 ], [ 2.090979089679482, 50.823113687339344 ], [ 2.090885312207452, 50.823103576964243 ], [ 2.090539725626274, 50.823025618429632 ], [ 2.090476942062351, 50.823003076701518 ], [ 2.090241021948985, 50.822887983119166 ], [ 2.090214110529243, 50.822870539524544 ], [ 2.090214110528849, 50.822870539524367 ], [ 2.090211768605519, 50.822869021522543 ], [ 2.090019524293099, 50.82269729052615 ], [ 2.089920469815358, 50.822496335031452 ], [ 2.089904603360083, 50.822427775440836 ], [ 2.089857176893775, 50.822366877044978 ], [ 2.089834144258202, 50.822351947310814 ], [ 2.089771278012134, 50.82234516885238 ], [ 2.089456394142658, 50.822277809686113 ], [ 2.089241829302917, 50.822176649176996 ], [ 2.089132232179368, 50.822140262256262 ], [ 2.089049287222053, 50.822131318312579 ], [ 2.088734405671108, 50.822063957300408 ], [ 2.088467798666827, 50.821938257465085 ], [ 2.088446620634559, 50.821924529273751 ], [ 2.088446620634189, 50.821924529273581 ], [ 2.088432358628239, 50.821915284236994 ], [ 2.088240124091898, 50.821743550244904 ], [ 2.088170980894421, 50.821655081602763 ], [ 2.088146966236658, 50.821639514418784 ], [ 2.087983649755333, 50.821585289829208 ], [ 2.08796397716328, 50.82158316832966 ], [ 2.087649100524888, 50.821515804519301 ], [ 2.087382499169935, 50.821390102256878 ], [ 2.087190270256542, 50.82121836650699 ], [ 2.087091230074949, 50.821017408307497 ], [ 2.087093908449192, 50.820870666134468 ], [ 2.087091204611581, 50.820870646332153 ], [ 2.087091548010228, 50.8208518322744 ], [ 2.087060289794762, 50.820716725569717 ], [ 2.08704075906018, 50.820677096072544 ], [ 2.087033275709957, 50.820644750753686 ], [ 2.087013745024892, 50.820605121247922 ], [ 2.087013552488181, 50.820604289042883 ], [ 2.086977274570875, 50.820557868582362 ], [ 2.086845301429326, 50.820439961618206 ], [ 2.086833674823565, 50.820425084336392 ], [ 2.0868085737455, 50.820408811912252 ], [ 2.08671084950548, 50.820376363202683 ], [ 2.086444256581678, 50.820250658713334 ], [ 2.086252035268656, 50.820078921215661 ], [ 2.086153001112665, 50.8198779619186 ], [ 2.086156847235263, 50.819667452326946 ], [ 2.086263195897107, 50.81946799857775 ], [ 2.086312131594572, 50.819408861248171 ], [ 2.086321063689322, 50.819375630238518 ], [ 2.086313347900274, 50.819342277194266 ], [ 2.086286430590006, 50.819307832675271 ], [ 2.086207948758351, 50.819256952812182 ], [ 2.086157636917686, 50.819251526148761 ], [ 2.086088193925379, 50.819257972509334 ], [ 2.085921886019595, 50.819265037862294 ], [ 2.085901072328223, 50.819264885224946 ], [ 2.085778442376375, 50.819276268617763 ], [ 2.085637505827563, 50.819320303884368 ], [ 2.085613910910177, 50.819330900983601 ], [ 2.085515783223005, 50.819391638317249 ], [ 2.085513299651632, 50.819400460990018 ], [ 2.085496978894967, 50.819455930595822 ], [ 2.085459115195533, 50.819525154144401 ], [ 2.085447202138301, 50.819547496037309 ], [ 2.085407408831359, 50.819695532447611 ], [ 2.085398837819799, 50.819755614023201 ], [ 2.085368442816789, 50.819868686647183 ], [ 2.085357641163521, 50.819867521517097 ], [ 2.085334097959723, 50.819960618333567 ], [ 2.085197563045841, 50.820138133987349 ], [ 2.084985558756115, 50.82028289909691 ], [ 2.084716342679618, 50.820382446284711 ], [ 2.084413100035928, 50.820428202348765 ], [ 2.08410194680706, 50.820416226670396 ], [ 2.083809680333445, 50.820347550623808 ], [ 2.083724238160334, 50.820306427833465 ], [ 2.083519264590334, 50.820238360915127 ], [ 2.083463620151372, 50.820226454018929 ], [ 2.083197036187381, 50.820100742555944 ], [ 2.083108182132686, 50.820043134831309 ], [ 2.083034132484326, 50.819976970147934 ], [ 2.082998706846315, 50.819954002123289 ], [ 2.082806498503445, 50.819782259234223 ], [ 2.082795839398395, 50.819768618008517 ], [ 2.082746653173354, 50.819752283808192 ], [ 2.082745344242972, 50.819752142590616 ], [ 2.082714752289104, 50.819748549284874 ], [ 2.082668210446965, 50.819742634612226 ], [ 2.082589727850899, 50.819725024666923 ], [ 2.082438407053374, 50.819708698700495 ], [ 2.082385754698771, 50.81971358474491 ], [ 2.08237590618381, 50.819716672713206 ], [ 2.08212917086019, 50.819827476952049 ], [ 2.081811924802873, 50.819890200210587 ], [ 2.08147960777855, 50.819887751820332 ], [ 2.081472834728213, 50.81988630237818 ], [ 2.08088010339724, 50.819678507063813 ], [ 2.080770126449462, 50.819580233966768 ], [ 2.080739741943802, 50.81956053303724 ], [ 2.080547542869092, 50.81938878656117 ], [ 2.080476298403121, 50.819297602380693 ], [ 2.080437645975297, 50.819263062779932 ], [ 2.080368520006388, 50.819174589472297 ], [ 2.080260529214239, 50.819104568176513 ], [ 2.080154633121803, 50.819069397971099 ], [ 2.08007221104469, 50.819060503713722 ], [ 2.080012811030926, 50.819060065304249 ], [ 2.079933163171903, 50.819067454994297 ], [ 2.079844677426395, 50.819095197574626 ], [ 2.079739338722007, 50.819142500765849 ], [ 2.079555788892806, 50.819178787506914 ], [ 2.078958008635462, 50.819092560489153 ], [ 2.078642163072205, 50.819073762869671 ], [ 2.078285507035723, 50.818626781295293 ], [ 2.078151471677056, 50.818493191679821 ], [ 2.078015036347872, 50.818402716049071 ], [ 2.078202585292276, 50.818251431540126 ], [ 2.078023173912527, 50.818072451325548 ], [ 2.077448163654066, 50.817686870046373 ], [ 2.077378233132072, 50.8176387987372 ], [ 2.077084542194414, 50.817512805365432 ], [ 2.076888301718333, 50.817427722064821 ], [ 2.076872226927174, 50.817403824597598 ], [ 2.076749748292771, 50.817290210220328 ], [ 2.076594635063557, 50.817193915686616 ], [ 2.076412848146955, 50.817118641440501 ], [ 2.076211373373726, 50.817067280136605 ], [ 2.075997953057501, 50.817041805491158 ], [ 2.0757807884999, 50.817043196443755 ], [ 2.075580832010095, 50.8170569666649 ], [ 2.075484585389481, 50.817066321536927 ], [ 2.075313093526277, 50.817087914555572 ], [ 2.075300732604533, 50.817078446961183 ], [ 2.075151284715317, 50.816998259461563 ], [ 2.075020718798367, 50.81695027028433 ], [ 2.074981061305847, 50.816924547901984 ], [ 2.07489996754385, 50.816889259927898 ], [ 2.074809605407272, 50.81686461264686 ], [ 2.074386938482108, 50.816779160041456 ], [ 2.074385283848325, 50.816777361890288 ], [ 2.074301138640576, 50.81671708811092 ], [ 2.07420004884124, 50.816668371919157 ], [ 2.07408589924311, 50.816633085417614 ], [ 2.073963076478587, 50.816612584619598 ], [ 2.073836300454912, 50.816607657342267 ], [ 2.073710442986421, 50.816618492933884 ], [ 2.073692004671838, 50.816622512456213 ], [ 2.073587625903373, 50.816583769240076 ], [ 2.073075972260024, 50.816436507551863 ], [ 2.071963307649294, 50.815911317122485 ], [ 2.07178274125051, 50.815794350893704 ], [ 2.071512539397402, 50.815497838547088 ], [ 2.071469448165885, 50.815349779266299 ], [ 2.071703974524878, 50.814903690119245 ], [ 2.07181658327506, 50.814756860799335 ], [ 2.071851343960023, 50.814608968050209 ], [ 2.071794107152957, 50.814459084886799 ], [ 2.071546172548818, 50.814235258131866 ], [ 2.071311753113212, 50.814131627126621 ], [ 2.0710220782815, 50.814037741571063 ], [ 2.070529895513129, 50.813961355501412 ], [ 2.067951186900682, 50.813379159832806 ], [ 2.067106216700418, 50.813105600517517 ], [ 2.066689262864995, 50.812993491971241 ], [ 2.066256521382703, 50.812921702295618 ], [ 2.06624983303041, 50.812920898052994 ], [ 2.066184347960434, 50.812862350523808 ], [ 2.066046823731242, 50.812773135505175 ], [ 2.065996520599704, 50.81276770065034 ], [ 2.065946028626751, 50.812772380112101 ], [ 2.065921895350168, 50.812787312387137 ], [ 2.06588326438763, 50.812833974114135 ], [ 2.065839135729729, 50.812871512912238 ], [ 2.065702023637804, 50.812855025263161 ], [ 2.065304714909636, 50.81277523884944 ], [ 2.064709231221355, 50.812697706219652 ], [ 2.062145328961894, 50.812277737148293 ], [ 2.061755365672915, 50.812151323316641 ], [ 2.061244070939669, 50.811953793148312 ], [ 2.060455309936007, 50.811509925666442 ], [ 2.059827784931525, 50.811276826475151 ], [ 2.059815702397764, 50.811230883582645 ], [ 2.05978315242875, 50.8111543717092 ], [ 2.059726966423032, 50.81105744984928 ], [ 2.059644663682425, 50.810968332268104 ], [ 2.059595914671921, 50.810924896368626 ], [ 2.059464547324525, 50.810831123249812 ], [ 2.059304560436197, 50.810757325567963 ], [ 2.059208916881143, 50.810722508026636 ], [ 2.059069429806955, 50.810681151422379 ], [ 2.058986243215073, 50.810661681032251 ], [ 2.058772268321833, 50.810629365778254 ], [ 2.058661959498188, 50.810621354591376 ], [ 2.058518080165427, 50.810618091507529 ], [ 2.058465557677079, 50.810619508919928 ], [ 2.058411662606502, 50.810578056359091 ], [ 2.058343024280722, 50.810538058662857 ], [ 2.058214134299893, 50.810475314044432 ], [ 2.058069824286883, 50.810427924907415 ], [ 2.057981042314132, 50.810404822532831 ], [ 2.057856925231841, 50.810378885624111 ], [ 2.057731522321361, 50.810358811066749 ], [ 2.057620144740926, 50.810338298747645 ], [ 2.057568247596866, 50.810329771924508 ], [ 2.057492927938365, 50.810318870644636 ], [ 2.057476917014251, 50.810315354106621 ], [ 2.057275145473983, 50.810286629155776 ], [ 2.057068345179404, 50.810287193259732 ], [ 2.056930469024197, 50.810297458125063 ], [ 2.056904631104243, 50.810298828430419 ], [ 2.056848264296448, 50.810250006325489 ], [ 2.056759269869057, 50.810183896041401 ], [ 2.056655749778807, 50.810126905011543 ], [ 2.056578550216476, 50.810090430504403 ], [ 2.05639962563477, 50.810024326412723 ], [ 2.056303833197072, 50.809997580724591 ], [ 2.056125610872849, 50.809961028854673 ], [ 2.055994799109721, 50.809943273445413 ], [ 2.055945743008499, 50.809934396054352 ], [ 2.055905045540225, 50.809908358252549 ], [ 2.055796885943074, 50.809849158822502 ], [ 2.055675556389143, 50.809801291809741 ], [ 2.055516522500334, 50.809748943173496 ], [ 2.055513635987235, 50.809747997126607 ], [ 2.05539822493113, 50.809710334993731 ], [ 2.055233845640066, 50.809668825183444 ], [ 2.055074181966462, 50.809639416110173 ], [ 2.05496092693369, 50.80961531641006 ], [ 2.054879995919458, 50.809600669082407 ], [ 2.054775887443252, 50.809585052733787 ], [ 2.054664644773112, 50.809558064986454 ], [ 2.054551514136738, 50.809527763307784 ], [ 2.054481871685338, 50.809504730141917 ], [ 2.054372374292575, 50.809474083303179 ], [ 2.054277894053173, 50.809452174651049 ], [ 2.054223880367696, 50.809425690109009 ], [ 2.05415702220235, 50.809388490882725 ], [ 2.053999115772863, 50.80931777401959 ], [ 2.053982577216953, 50.809311913031202 ], [ 2.053940540555293, 50.809292070009313 ], [ 2.053793629621552, 50.809243228049453 ], [ 2.053527178751748, 50.809117451021365 ], [ 2.053335113223004, 50.808945659841456 ], [ 2.053317471418807, 50.808909800239611 ], [ 2.053303360947139, 50.808891720842865 ], [ 2.053302683887301, 50.808890851767949 ], [ 2.053231448431251, 50.808799247493887 ], [ 2.05292439675444, 50.808733444314356 ], [ 2.052876408748384, 50.808710791096644 ], [ 2.052757957938586, 50.808671409218732 ], [ 2.052678624676665, 50.80866282841599 ], [ 2.05261923725126, 50.808662376945399 ], [ 2.052578874712218, 50.808666113545193 ], [ 2.052554070123778, 50.808644891817735 ], [ 2.052418936126458, 50.808569048030158 ], [ 2.052326269269017, 50.808527069613895 ], [ 2.052160078198637, 50.808468072789907 ], [ 2.052012141300116, 50.808428365496063 ], [ 2.051964390350553, 50.808416589906855 ], [ 2.051712511303417, 50.808359842125355 ], [ 2.051557754694572, 50.808265221725634 ], [ 2.051430932742966, 50.808201046980919 ], [ 2.051248280837636, 50.808125184258152 ], [ 2.051168501415865, 50.808095768309364 ], [ 2.050865909685569, 50.807997457565016 ], [ 2.050707682157475, 50.807957920797151 ], [ 2.050622460043226, 50.807948134644249 ], [ 2.050207206316809, 50.807757772725409 ], [ 2.050155887863009, 50.80765344293556 ], [ 2.050136824706617, 50.807570753775757 ], [ 2.050069008931858, 50.807526737335344 ], [ 2.049966364381733, 50.807478277985645 ], [ 2.049947241014195, 50.807465865724986 ], [ 2.049836150909035, 50.807428926779345 ], [ 2.049811971020342, 50.80742631079918 ], [ 2.0497146880864, 50.807435314835899 ], [ 2.049725017642087, 50.807409675246433 ], [ 2.049732810500434, 50.807337842555327 ], [ 2.049720034244012, 50.807266296889111 ], [ 2.04971066857906, 50.807237513229012 ], [ 2.049668962023143, 50.807155531907277 ], [ 2.049600375129807, 50.807081163743085 ], [ 2.049508125597685, 50.80701789754157 ], [ 2.049396541152469, 50.80696870127462 ], [ 2.049255860563928, 50.806920073341992 ], [ 2.049171532321827, 50.806895853427065 ], [ 2.049082498299971, 50.806879758088272 ], [ 2.048699402154789, 50.80682951617041 ], [ 2.048395281532388, 50.806773849775567 ], [ 2.048325178296166, 50.806763734088427 ], [ 2.047799869434769, 50.806707760504302 ], [ 2.047753170435953, 50.806677447752762 ], [ 2.04754788950705, 50.806580525024962 ], [ 2.047521001746236, 50.806563071778612 ], [ 2.047521001745861, 50.806563071778434 ], [ 2.047493027432249, 50.806544913214864 ], [ 2.047493027431872, 50.806544913214665 ], [ 2.047470645321449, 50.806530384623102 ], [ 2.047401137500699, 50.806507270134269 ], [ 2.047134717271567, 50.806381478911405 ], [ 2.046942684194446, 50.806209677159337 ], [ 2.046843835388801, 50.806008682376515 ], [ 2.046847845832667, 50.805798169541077 ], [ 2.046866378258881, 50.805729408858042 ], [ 2.046858318949162, 50.805694438854424 ], [ 2.046848443822729, 50.805681537017776 ], [ 2.046777083518085, 50.805589746934885 ], [ 2.046724577097183, 50.805555662824872 ], [ 2.046668287803462, 50.805536943275335 ], [ 2.046401874577697, 50.80541115029488 ], [ 2.046209847739415, 50.805239347152316 ], [ 2.046200852753698, 50.805221056238601 ], [ 2.046192936938845, 50.805210910830198 ], [ 2.04614312458711, 50.80510961937383 ], [ 2.046107983206663, 50.805064579611006 ], [ 2.046054930162276, 50.805030139691503 ], [ 2.046003842398064, 50.805013149427367 ], [ 2.045964000195685, 50.805008837472293 ], [ 2.045913512690073, 50.805013509018814 ], [ 2.045581296187337, 50.805010964905023 ], [ 2.04526658086481, 50.804943492337642 ], [ 2.045000174261109, 50.804817696227289 ], [ 2.044892872049468, 50.80474803751359 ], [ 2.044700853149715, 50.804576232146843 ], [ 2.044663367508411, 50.804500000592377 ], [ 2.044618934575326, 50.804443048647109 ], [ 2.044493663116659, 50.804361723143579 ], [ 2.044391030560818, 50.804313259022329 ], [ 2.044285821198248, 50.804244957156861 ], [ 2.044141944902556, 50.804197104701217 ], [ 2.044139034558321, 50.804196480654134 ], [ 2.044085657801316, 50.804178727830639 ], [ 2.044082747171971, 50.804178103734309 ], [ 2.044033502564273, 50.804161725166587 ], [ 2.044021860633507, 50.80415922905263 ], [ 2.043842264594296, 50.804099495705742 ], [ 2.043752808983673, 50.804089812516615 ], [ 2.043438102085386, 50.80402233527618 ], [ 2.043296624830949, 50.803975279278312 ], [ 2.04329371397011, 50.803974655123675 ], [ 2.043246273801339, 50.803958876253056 ], [ 2.042979877174532, 50.803833075519158 ], [ 2.042965628884473, 50.803823825126649 ], [ 2.04293765577781, 50.803805664089431 ], [ 2.042797276325889, 50.803714525405276 ], [ 2.042716708349046, 50.803687727443119 ], [ 2.042658207300559, 50.803660100986512 ], [ 2.04239811812658, 50.803573591081701 ], [ 2.042395207569521, 50.803572966948785 ], [ 2.042341834050025, 50.803555213966369 ], [ 2.042338923762903, 50.803554589876065 ], [ 2.042285548312389, 50.803536836258374 ], [ 2.042282637742686, 50.803536212119333 ], [ 2.042235198308444, 50.803520432853169 ], [ 2.042235792579907, 50.803519715420649 ], [ 2.042059664651474, 50.803437197937029 ], [ 2.041863928925545, 50.803372091667512 ], [ 2.041861018657708, 50.803371467566478 ], [ 2.04180764443353, 50.803353714025633 ], [ 2.041804734155008, 50.803353089920584 ], [ 2.041751359249713, 50.803335336115438 ], [ 2.041748448433153, 50.803334711921494 ], [ 2.041736039994302, 50.803330584553805 ], [ 2.041646557613776, 50.803311396528287 ], [ 2.041447557309637, 50.803245203296115 ], [ 2.041396448343499, 50.803221066620459 ], [ 2.041279770152761, 50.803182255817376 ], [ 2.041200447517271, 50.803173667610025 ], [ 2.041167190309501, 50.803173411694317 ], [ 2.040919674271229, 50.803152913110367 ], [ 2.040708563874408, 50.803101705046515 ], [ 2.040704947671817, 50.803101313507156 ], [ 2.040652806924698, 50.803054067032519 ], [ 2.040511693516112, 50.802955178637319 ], [ 2.040452581776714, 50.802920957512299 ], [ 2.040295567315612, 50.802846115477799 ], [ 2.040315994777479, 50.802749575234699 ], [ 2.040304031477582, 50.80262951124751 ], [ 2.040255335100941, 50.802513233217311 ], [ 2.040171777251012, 50.802405209605304 ], [ 2.040056569170639, 50.802309591637361 ], [ 2.039914138311213, 50.802230053783937 ], [ 2.039749958177617, 50.802169652563578 ], [ 2.039545783286968, 50.802110653861035 ], [ 2.0394463471177, 50.802086019402999 ], [ 2.039316602132078, 50.802058998394955 ], [ 2.039084005403392, 50.802029914913518 ], [ 2.03901327212057, 50.802026677593759 ], [ 2.038794729967328, 50.80203236895936 ], [ 2.038583777374974, 50.802068994450039 ], [ 2.038484178393074, 50.802094246611922 ], [ 2.038316580092423, 50.80214929705415 ], [ 2.038308525284117, 50.802152610873698 ], [ 2.038069333079366, 50.802101311245309 ], [ 2.038005712648741, 50.802094421278419 ], [ 2.037969412815708, 50.80209777789706 ], [ 2.037948041546046, 50.802110994869118 ], [ 2.037829602279997, 50.802184242938544 ], [ 2.037734049114009, 50.802227119091924 ], [ 2.035499145492007, 50.801603261925003 ], [ 2.034739158886425, 50.801359206353609 ], [ 2.034667785739486, 50.801295324623368 ], [ 2.034586374777501, 50.801190935436622 ], [ 2.034500284373679, 50.801113880570327 ], [ 2.034489642416201, 50.801100234825419 ], [ 2.034468376167959, 50.801093159191801 ], [ 2.034222085278249, 50.800976818838592 ], [ 2.034214533134749, 50.800974306088435 ], [ 2.034190357182158, 50.800971687051344 ], [ 2.034168241673756, 50.800973731415127 ], [ 2.034103598597322, 50.801013706738004 ], [ 2.034020431463635, 50.801050973350286 ], [ 2.033963019070835, 50.801024893134361 ], [ 2.033827347255364, 50.800981756606213 ], [ 2.03359065850917, 50.800920701278194 ], [ 2.033502973054803, 50.800901135099501 ], [ 2.033187345277485, 50.800841328782511 ], [ 2.033036222521436, 50.800783216374086 ], [ 2.032805996314866, 50.80071891221651 ], [ 2.032674790769853, 50.80069456464939 ], [ 2.03252542873809, 50.800674785893698 ], [ 2.032457674300076, 50.800669297683591 ], [ 2.032445070704841, 50.800609768137598 ], [ 2.032396206407483, 50.800483119547366 ], [ 2.032306227120979, 50.80036587079622 ], [ 2.032268733267347, 50.800327894271561 ], [ 2.032157216199002, 50.800235676178389 ], [ 2.032020272372026, 50.800158430077808 ], [ 2.031971158691875, 50.800135616757295 ], [ 2.031769832736803, 50.800063760053987 ], [ 2.031547376593493, 50.800024173952053 ], [ 2.031497915976856, 50.800019303139415 ], [ 2.031333438070206, 50.800012106518253 ], [ 2.031283873278132, 50.800012618430088 ], [ 2.03108963560114, 50.800027143144774 ], [ 2.030903964909874, 50.800066106002085 ], [ 2.03079007059592, 50.800098419058706 ], [ 2.030745642373939, 50.800112102758504 ], [ 2.030707125291057, 50.800103839057414 ], [ 2.030440781125533, 50.799978010912518 ], [ 2.030436830022414, 50.799975444717347 ], [ 2.030383133615429, 50.799957576360413 ], [ 2.030221447432158, 50.799940054925699 ], [ 2.030221542803901, 50.799939701473257 ], [ 2.030209240132737, 50.799938954951031 ], [ 2.029898985866041, 50.799903453044585 ], [ 2.029862969142363, 50.799901374233933 ], [ 2.029834619122363, 50.79989830191996 ], [ 2.029834797405936, 50.799866502497089 ], [ 2.028890400761286, 50.799721862792111 ], [ 2.026843562567905, 50.799406203732495 ], [ 2.026839315700205, 50.799406170561078 ], [ 2.026837917525169, 50.799405262368779 ], [ 2.025664766425211, 50.799157419282515 ], [ 2.02560836891826, 50.799145313690239 ], [ 2.024529708452301, 50.798917041398212 ], [ 2.024353457105916, 50.798879770427078 ], [ 2.023855725421349, 50.798774479961502 ], [ 2.023845851195014, 50.79877260805246 ], [ 2.023786463777315, 50.798841232735548 ], [ 2.023703541606817, 50.799036842233939 ], [ 2.023143520574011, 50.798911804251851 ], [ 2.022199195275881, 50.798763231514151 ], [ 2.021614303440534, 50.798690695921977 ], [ 2.021189307580219, 50.798506810240156 ], [ 2.021090747370084, 50.798615123129949 ], [ 2.020581871421021, 50.798525945853328 ], [ 2.020148535159086, 50.798355344546948 ], [ 2.019715573481209, 50.798126451026789 ], [ 2.018771047879884, 50.797349198378861 ], [ 2.01837157602098, 50.796931213358057 ], [ 2.018452643956393, 50.796697010847836 ], [ 2.018003624891351, 50.796546202318758 ], [ 2.01777870131184, 50.796310846681415 ], [ 2.017346488239918, 50.795969846467145 ], [ 2.017059971777683, 50.795857007353163 ], [ 2.016663459566803, 50.79568648820343 ], [ 2.016448579526932, 50.795538763416744 ], [ 2.016404891854962, 50.795500940794284 ], [ 2.015800494256329, 50.79499099957323 ], [ 2.015726672882054, 50.794929401372663 ], [ 2.015207138465548, 50.794778187728319 ], [ 2.014860798947736, 50.794590411328485 ], [ 2.014300255417566, 50.794406902499979 ], [ 2.013993363620975, 50.794338628189436 ], [ 2.013878617893536, 50.794295171064078 ], [ 2.013881190716687, 50.794164602988957 ], [ 2.013903814326203, 50.794122277759456 ], [ 2.013930306449207, 50.794024206122998 ], [ 2.013927086582956, 50.794010190463823 ], [ 2.013833317849576, 50.793949255353738 ], [ 2.01364144681061, 50.793777399028386 ], [ 2.013542756310855, 50.793576374021555 ], [ 2.013546905832179, 50.793365858269517 ], [ 2.013653487937822, 50.793166458511735 ], [ 2.013660472335214, 50.793158032159916 ], [ 2.013710006863353, 50.793051472119402 ], [ 2.013741135215548, 50.792936236552563 ], [ 2.0137559193668, 50.792908577160986 ], [ 2.013786916800183, 50.792793825496226 ], [ 2.013768298654394, 50.792712779837437 ], [ 2.013722643363395, 50.79261978211342 ], [ 2.013726792048765, 50.792409266047571 ], [ 2.013833371400624, 50.79220986584432 ], [ 2.014031947694421, 50.792041099961992 ], [ 2.014109932392232, 50.791992889372629 ], [ 2.014136758768976, 50.791960523318998 ], [ 2.014155670095943, 50.791890510693626 ], [ 2.014150968664147, 50.791890473486866 ], [ 2.014151692720495, 50.791853716404987 ], [ 2.0141376560435, 50.791792614849697 ], [ 2.014127647818188, 50.791696718050083 ], [ 2.014118603362933, 50.79165734727539 ], [ 2.014122750348973, 50.791446831319476 ], [ 2.014158013112657, 50.791316281596067 ], [ 2.014136163756978, 50.791221170350909 ], [ 2.014139242022425, 50.791064899519945 ], [ 2.014138919567519, 50.791064896967981 ], [ 2.014140350493191, 50.790992254856093 ], [ 2.014122351945999, 50.790913905754124 ], [ 2.014049758846281, 50.790766033478143 ], [ 2.014053905757489, 50.790555517171661 ], [ 2.014152978084564, 50.790370151289515 ], [ 2.014155461545291, 50.790360956804598 ], [ 2.014176478241161, 50.790321634254312 ], [ 2.014178163827883, 50.790315393775131 ], [ 2.014208263510478, 50.79025907662281 ], [ 2.014228585336544, 50.790183839020429 ], [ 2.014229334091694, 50.790181100899254 ], [ 2.014260473575199, 50.790068607564159 ], [ 2.014259615479138, 50.790064872175506 ], [ 2.014248603633347, 50.79005771564124 ], [ 2.014237592791231, 50.790050559775793 ], [ 2.014229693759484, 50.790049702551102 ], [ 2.014219609374317, 50.790050633323254 ], [ 2.014140173465005, 50.790075501947484 ], [ 2.014018585001668, 50.790130040005067 ], [ 2.013995103000695, 50.790137391352808 ], [ 2.013941894667249, 50.790170286283768 ], [ 2.013872685197517, 50.790319178970321 ], [ 2.013870331592198, 50.790322673480837 ], [ 2.01385559318639, 50.790342332943965 ], [ 2.013840640928585, 50.790397688967396 ], [ 2.013839209587288, 50.790470331021936 ], [ 2.013828382175678, 50.790470245304242 ], [ 2.013828028654165, 50.790488187766677 ], [ 2.013838856047791, 50.7904882734842 ], [ 2.013836734805481, 50.790595928247527 ], [ 2.013836412327334, 50.790595925694554 ], [ 2.013833333169652, 50.790752196428365 ], [ 2.013803141990977, 50.790863968846715 ], [ 2.013802032815177, 50.790920257982265 ], [ 2.013748636680665, 50.791066347266856 ], [ 2.01375310254607, 50.791066831921889 ], [ 2.013697049599153, 50.791274345304949 ], [ 2.01369253205199, 50.791273855041311 ], [ 2.013672194205094, 50.791363140182646 ], [ 2.013562946958021, 50.791524581024881 ], [ 2.01340670090788, 50.791650361661652 ], [ 2.013403799448288, 50.791653862226262 ], [ 2.013399661009308, 50.791669182585139 ], [ 2.013420418392498, 50.791759545428377 ], [ 2.013448943017924, 50.791817650528067 ], [ 2.013445135982883, 50.792010779858387 ], [ 2.013452735089722, 50.792043860628759 ], [ 2.013510387095135, 50.792117849308241 ], [ 2.013548972291728, 50.792152411036568 ], [ 2.013551086565732, 50.792155124418358 ], [ 2.013649774237118, 50.79235614982975 ], [ 2.013645625206148, 50.792566665874226 ], [ 2.013539044356102, 50.792766065772504 ], [ 2.013447743966412, 50.792876215716063 ], [ 2.0134438011827, 50.792883592109945 ], [ 2.013406993806056, 50.792927998432965 ], [ 2.013388166003491, 50.792997696300553 ], [ 2.013386164127382, 50.793099241249585 ], [ 2.013279581099815, 50.793298640799158 ], [ 2.013080997279424, 50.793467405157777 ], [ 2.012959695158031, 50.793542390431888 ], [ 2.012917346387204, 50.793578379719477 ], [ 2.012859523742738, 50.793604313082085 ], [ 2.01278925939055, 50.793647748034125 ], [ 2.012771873291767, 50.793648033949225 ], [ 2.012772900465732, 50.793452434737837 ], [ 2.012773237074327, 50.793363606524643 ], [ 2.011549560341451, 50.792889111003696 ], [ 2.010039290459059, 50.792304651733993 ], [ 2.009370594900185, 50.792044507294236 ], [ 2.009090891232987, 50.792225228804341 ], [ 2.008999220210209, 50.792146496887185 ], [ 2.008764589881318, 50.791895667647999 ], [ 2.008444840820488, 50.79167958748917 ], [ 2.007380100050722, 50.791153923105981 ], [ 2.006912679611346, 50.791019054925073 ], [ 2.006408273997422, 50.790914577602081 ], [ 2.006010943134637, 50.790878541411729 ], [ 2.005252781400281, 50.790849609537418 ], [ 2.004876380905686, 50.790857569148478 ], [ 2.004494135331209, 50.790893312857264 ], [ 2.003649746132349, 50.791064127033614 ], [ 2.003273091243471, 50.791109746858538 ], [ 2.002585325218288, 50.791132106107185 ], [ 2.002103160409131, 50.791087757162359 ], [ 2.001612906325359, 50.790984195373113 ], [ 2.00125140245531, 50.790880980590593 ], [ 2.000981868927955, 50.790777117394583 ], [ 2.000243523841841, 50.79053835634425 ], [ 1.99947019895393, 50.790242996784421 ], [ 1.99901704773876, 50.790094685376324 ], [ 1.998151324315066, 50.789865428894103 ], [ 1.997576203491286, 50.789761618772303 ], [ 1.99537663531091, 50.789488325102809 ], [ 1.994533575473282, 50.789259105577578 ], [ 1.993937303325591, 50.789147148718492 ], [ 1.993397970972071, 50.788985125699078 ], [ 1.991489212538606, 50.788607642299105 ], [ 1.991035451800821, 50.788552567578684 ], [ 1.989936190735392, 50.788346814516764 ], [ 1.989219624370508, 50.78824346580874 ], [ 1.988390246307503, 50.788087780670999 ], [ 1.98682298980924, 50.787843912924437 ], [ 1.986475017304987, 50.78783575444325 ], [ 1.985850049357427, 50.787785556998735 ], [ 1.985231178797286, 50.787673493879645 ], [ 1.984481319967049, 50.787479445353583 ], [ 1.983057160314461, 50.787012631079534 ], [ 1.982909067884701, 50.786936436182572 ], [ 1.983072761205811, 50.786936980569479 ], [ 1.982987257268051, 50.786825915189873 ], [ 1.982694339124349, 50.786449586756021 ], [ 1.982691035682164, 50.786326760966482 ], [ 1.982676563973593, 50.786250234633464 ], [ 1.982637875768833, 50.786177166469969 ], [ 1.982576583843549, 50.786110602242424 ], [ 1.982564663513681, 50.786100251653828 ], [ 1.982587619228815, 50.785997892570521 ], [ 1.982589187965728, 50.785995551460438 ], [ 1.982624417019389, 50.785972267820298 ], [ 1.982684306292129, 50.785914457440114 ], [ 1.98270751523562, 50.785886830815961 ], [ 1.982757195185683, 50.785806895355513 ], [ 1.982776839232249, 50.785760321778284 ], [ 1.982870026282472, 50.785786544820851 ], [ 1.982991131037323, 50.785811201980017 ], [ 1.983117733780421, 50.785818992302353 ], [ 1.98324405836309, 50.78580956036118 ], [ 1.983414414162013, 50.785784929291026 ], [ 1.983533960866512, 50.785758923545821 ], [ 1.983657850703846, 50.785722248081456 ], [ 1.983748767088212, 50.785688847333915 ], [ 1.983792258684562, 50.785669430724568 ], [ 1.98395493169284, 50.785632036787035 ], [ 1.984108574018767, 50.785579458627161 ], [ 1.984207189289504, 50.785532706203419 ], [ 1.984300635586016, 50.785477573022099 ], [ 1.984345720935759, 50.785444581312277 ], [ 1.98440849166024, 50.785423687465105 ], [ 1.984486182928251, 50.785386461909049 ], [ 1.984554914142547, 50.785347541217085 ], [ 1.984631366694631, 50.785295213501854 ], [ 1.984690928747284, 50.785234703820642 ], [ 1.984791423082885, 50.78510717116751 ], [ 1.984835755354739, 50.785078211001007 ], [ 1.984892366909243, 50.785026025231545 ], [ 1.984929192651027, 50.784985103850318 ], [ 1.984941488542282, 50.784981318859025 ], [ 1.985042484092773, 50.784930740406352 ], [ 1.985123977127017, 50.78486758629812 ], [ 1.985183683570672, 50.784809479768711 ], [ 1.985326889764829, 50.784726130233175 ], [ 1.985416332277089, 50.784693916257417 ], [ 1.985849333948795, 50.78447721876401 ], [ 1.985864855954675, 50.784465110012718 ], [ 1.985926053495122, 50.784455868546722 ], [ 1.986032153221334, 50.78442500481119 ], [ 1.986040091905302, 50.784421361932203 ], [ 1.98606815988993, 50.784415766804905 ], [ 1.986189141486132, 50.784382654305993 ], [ 1.986300074522813, 50.784342374496667 ], [ 1.986410097632719, 50.78429122663394 ], [ 1.986498340587017, 50.784240379816019 ], [ 1.98662184460119, 50.784152552239178 ], [ 1.98665313771183, 50.784128248265766 ], [ 1.986764031689564, 50.784034036853001 ], [ 1.986818467209578, 50.783977663477152 ], [ 1.986906467067583, 50.783864367449276 ], [ 1.987049634145484, 50.783682425946665 ], [ 1.987070886963426, 50.783651973376337 ], [ 1.987265566171414, 50.783334118108051 ], [ 1.98729034750477, 50.783293595991374 ], [ 1.987375305571077, 50.78327985926331 ], [ 1.987483471705972, 50.783254740113307 ], [ 1.987581439249365, 50.783216322944845 ], [ 1.987665191951154, 50.783166182706161 ], [ 1.987731296341431, 50.783106374938868 ], [ 1.987777651602601, 50.783053811023578 ], [ 1.987826988134854, 50.7829793276047 ], [ 1.987848938205552, 50.782899751092963 ], [ 1.987842400829504, 50.782819073409996 ], [ 1.987818991453618, 50.782729141383861 ], [ 1.987756641391203, 50.782481941152781 ], [ 1.987757349377121, 50.782462537933888 ], [ 1.98786139803428, 50.78216095876337 ], [ 1.987874529997178, 50.782085758920907 ], [ 1.987875366991965, 50.781983406908871 ], [ 1.987912870028022, 50.781718000035838 ], [ 1.98791183636684, 50.781647008578602 ], [ 1.987904046316983, 50.781601374891103 ], [ 1.987901244800031, 50.781545183569108 ], [ 1.987908446566587, 50.781385614861406 ], [ 1.987900232869014, 50.781313377625132 ], [ 1.98788045748789, 50.781241432772056 ], [ 1.987879770457604, 50.781239937160741 ], [ 1.987848694482288, 50.780984393009632 ], [ 1.987729706801575, 50.780550677468035 ], [ 1.987735824577362, 50.780539066685847 ], [ 1.987757768010001, 50.780482646903614 ], [ 1.987765136048006, 50.780424725261433 ], [ 1.987765117838388, 50.780355632778132 ], [ 1.987755937623904, 50.780291158580837 ], [ 1.987728726737713, 50.780228763252104 ], [ 1.987684361797061, 50.780170456751627 ], [ 1.987624271994355, 50.780118117318224 ], [ 1.987550343922343, 50.78006457543114 ], [ 1.987532645899682, 50.780053593999973 ], [ 1.987434903334934, 50.779838366460481 ], [ 1.987436285203256, 50.779819379083243 ], [ 1.987428890891239, 50.779740083782983 ], [ 1.987439840212783, 50.779684150845441 ], [ 1.987443218633523, 50.779618855495585 ], [ 1.987427964268871, 50.779554244851013 ], [ 1.987405106099311, 50.779494836914019 ], [ 1.987382811019157, 50.779453508241446 ], [ 1.987586555894732, 50.779599746679018 ], [ 1.98811137431608, 50.779192149308486 ], [ 1.988121080134431, 50.779202098520983 ], [ 1.988148401154415, 50.779180785193674 ], [ 1.98730905229505, 50.778345749880479 ], [ 1.987171628553626, 50.778209243398628 ], [ 1.987367445239139, 50.777769378241771 ], [ 1.987457233613067, 50.777666796553127 ], [ 1.987499266553402, 50.777617786427903 ], [ 1.987454361785201, 50.777574133986242 ], [ 1.987705412623295, 50.777010178819332 ], [ 1.987684134497744, 50.776817301897935 ], [ 1.987602681494095, 50.776634762132566 ], [ 1.987638627249837, 50.776604961869126 ], [ 1.988032966177379, 50.776279752130051 ], [ 1.98739280638121, 50.776122890302787 ], [ 1.987216529175968, 50.775527246437086 ], [ 1.987272360308619, 50.775230555065328 ], [ 1.987378792964165, 50.774978847658915 ], [ 1.98755609335349, 50.774705816217633 ], [ 1.987757246635344, 50.774454348225248 ], [ 1.987832784570582, 50.774446486258746 ], [ 1.987916681281155, 50.774426530009748 ], [ 1.988048202047017, 50.774373576845967 ], [ 1.988217300404653, 50.77426906818831 ], [ 1.98830094155787, 50.774191938036921 ], [ 1.988340322241483, 50.774133932735175 ], [ 1.98836778739738, 50.774065029101074 ], [ 1.988433177150937, 50.77401505834375 ], [ 1.988508851098606, 50.77392081506737 ], [ 1.988538653334148, 50.773846580263182 ], [ 1.988547259420159, 50.773794242639532 ], [ 1.988550049452824, 50.773777275124878 ], [ 1.988544642484039, 50.773694678498295 ], [ 1.988537178466055, 50.773656158852695 ], [ 1.98852672923041, 50.77362397356984 ], [ 1.988499700743233, 50.77354072139152 ], [ 1.988482676471031, 50.773488283687357 ], [ 1.988482557674785, 50.773487917773956 ], [ 1.988474306019322, 50.773467206335802 ], [ 1.988353851159472, 50.773212994822991 ], [ 1.988303494387968, 50.773106719568339 ], [ 1.988450217254034, 50.772649032387463 ], [ 1.988220805375322, 50.771817377439667 ], [ 1.988223005525409, 50.771773276256027 ], [ 1.988278663187484, 50.771499899953334 ], [ 1.98842069657825, 50.771211520547567 ], [ 1.988569385449114, 50.770982350399926 ], [ 1.988874833296113, 50.770380539066316 ], [ 1.989831377607058, 50.769090889312871 ], [ 1.989987443294561, 50.768815998996885 ], [ 1.990101169309249, 50.768528434119645 ], [ 1.990329807360086, 50.76808578184567 ], [ 1.990551678732342, 50.768154379863319 ], [ 1.990556067618519, 50.768147236891352 ], [ 1.991264745385216, 50.766964031383274 ], [ 1.992097217147436, 50.765252401808731 ], [ 1.993030499552044, 50.762816538877267 ], [ 1.993046347407829, 50.762775739838041 ], [ 1.993140898659324, 50.762706573866019 ], [ 1.993207852785481, 50.762620014152979 ], [ 1.99374264296282, 50.762158275349286 ], [ 1.993744925192638, 50.761833461313195 ], [ 1.993693259213701, 50.761828840672116 ], [ 1.993736050983086, 50.761703762790916 ], [ 1.993876452494838, 50.760822555660638 ], [ 1.993874886004528, 50.760783868521088 ], [ 1.993882694389668, 50.760754985892461 ], [ 1.993882711913957, 50.760754113603674 ], [ 1.993895310825347, 50.760754215428335 ], [ 1.993897462727677, 50.760647100785256 ], [ 1.994000811040501, 50.760453773285136 ], [ 1.994102611458254, 50.760459983248005 ], [ 1.994138855228875, 50.760461058370595 ], [ 1.994178197287043, 50.76046099817934 ], [ 1.994254723491306, 50.760475385593608 ], [ 1.994291679367684, 50.760483778402666 ], [ 1.994408450556409, 50.760485976731751 ], [ 1.994520577517122, 50.760465180205856 ], [ 1.994617084351093, 50.760423424558333 ], [ 1.994688524240457, 50.760364797165131 ], [ 1.994727904190164, 50.760295036927978 ], [ 1.99473136953613, 50.760220972493727 ], [ 1.994698581220877, 50.760149853807938 ], [ 1.994680168378555, 50.76012514728157 ], [ 1.994807021371486, 50.759809592094328 ], [ 1.994930722807153, 50.759849176091876 ], [ 1.996322354956229, 50.760295608910944 ], [ 1.996750737392589, 50.75981540142417 ], [ 1.996352196613768, 50.759512480614418 ], [ 1.996115312455705, 50.759332001760193 ], [ 1.996191365145429, 50.759207886093037 ], [ 1.996401081486748, 50.758866587396717 ], [ 1.996468332728171, 50.75881179795843 ], [ 1.996473957813866, 50.758805335405313 ], [ 1.996436566971348, 50.758808836736733 ], [ 1.996527771940309, 50.758660405022574 ], [ 1.996545089865833, 50.75865921120733 ], [ 1.996546116163691, 50.758651001497334 ], [ 1.996546210454671, 50.758650247231174 ], [ 1.996544174120737, 50.758633711156371 ], [ 1.9965759741786, 50.758581957794995 ], [ 1.996536432038795, 50.758570841380838 ], [ 1.996534043195263, 50.758551442682332 ], [ 1.996533362465612, 50.758548421472469 ], [ 1.996752199657809, 50.758647453286528 ], [ 1.99675542467371, 50.758648896130474 ], [ 1.996794688202304, 50.75866626185983 ], [ 1.996895394484328, 50.758697517336202 ], [ 1.997006294994765, 50.758707958498867 ], [ 1.997116972345083, 50.758696604562751 ], [ 1.997217030110021, 50.758664522053792 ], [ 1.997297069447255, 50.758614724622049 ], [ 1.997397688309955, 50.758529220008228 ], [ 1.997853583221717, 50.758537810261778 ], [ 1.999734438593959, 50.7585732328156 ], [ 1.999896899007611, 50.758605919967188 ], [ 2.000378133223657, 50.758914978908081 ], [ 2.000387799964101, 50.758919492141949 ], [ 2.000562324736822, 50.758839376897662 ], [ 2.000576946763274, 50.758844408536071 ], [ 2.000606571524549, 50.758850236217512 ], [ 2.000637419489041, 50.758852286022233 ], [ 2.000668305179884, 50.758850479176957 ], [ 2.000698041670382, 50.758844885118116 ], [ 2.000725486197977, 50.75883571882337 ], [ 2.000749584080885, 50.75882333254998 ], [ 2.000769409249518, 50.75880820229753 ], [ 2.000784199835053, 50.758790909515142 ], [ 2.000793387447422, 50.75877211875649 ], [ 2.000796619017635, 50.758752552141026 ], [ 2.000793812186875, 50.75873324921659 ], [ 2.000908447584857, 50.758681951845361 ], [ 2.000919439197407, 50.758677015011003 ], [ 2.000968881845271, 50.758654888438777 ], [ 2.00096536430945, 50.758647873960577 ], [ 2.000898667457151, 50.758588879623773 ], [ 2.000353921383925, 50.758239033732472 ], [ 2.000284665836727, 50.758204195568673 ], [ 2.000204257993321, 50.758180911280803 ], [ 1.999906955362957, 50.758121093845709 ], [ 1.999856923825216, 50.758116294838274 ], [ 1.999807203262183, 50.758110335731622 ], [ 1.99740525107602, 50.758065095168327 ], [ 1.997229220124805, 50.758061777814426 ], [ 1.997226135420331, 50.75806202840149 ], [ 1.997223070333419, 50.758061694734337 ], [ 1.997169445899286, 50.758066633580775 ], [ 1.997115698112285, 50.758070999763305 ], [ 1.997112886461567, 50.758071842716873 ], [ 1.997109808834775, 50.758072126166176 ], [ 1.997061215006574, 50.75808733418252 ], [ 1.99701222486714, 50.758102021741912 ], [ 1.997009961491101, 50.758103374548696 ], [ 1.997007172580276, 50.758104247368898 ], [ 1.99696836601296, 50.758128235904557 ], [ 1.996928928977114, 50.758151807136535 ], [ 1.996927435429905, 50.758153537375605 ], [ 1.996925208231109, 50.758154914129967 ], [ 1.996924616529966, 50.758155416948867 ], [ 1.996725569790825, 50.758065340533307 ], [ 1.996861416832421, 50.75802730755278 ], [ 1.996881136522156, 50.758021336206824 ], [ 1.997439335074915, 50.757839188054518 ], [ 1.997532091247023, 50.757796089647172 ], [ 1.997599311042673, 50.757736919322973 ], [ 1.997634414567431, 50.757667469127227 ], [ 1.997633965765865, 50.757594537354585 ], [ 1.997598008719948, 50.757525263074783 ], [ 1.997530063276634, 50.757466427310803 ], [ 1.997436780454605, 50.757423789275215 ], [ 1.997327291378906, 50.757401522634304 ], [ 1.99722011201678, 50.757401787693887 ], [ 1.997220529545518, 50.757400273198371 ], [ 1.997256991130437, 50.75727057280978 ], [ 1.99736454880096, 50.757072955910708 ], [ 1.997562526678025, 50.75690581332632 ], [ 1.997677118152868, 50.75685452116565 ], [ 1.997740745203529, 50.756815173113779 ], [ 1.997753961494646, 50.75676626848589 ], [ 1.997754355469489, 50.756746580549439 ], [ 1.99774344734581, 50.756698992439361 ], [ 1.997696485152013, 50.756683334719959 ], [ 1.997541494676202, 50.756666481360007 ], [ 1.997500122633357, 50.756666148168136 ], [ 1.997490851923285, 50.756673870388916 ], [ 1.997486262626672, 50.756676708481955 ], [ 1.99745761598183, 50.756694424005453 ], [ 1.997428969318074, 50.756712139521028 ], [ 1.997401435322316, 50.756729166927968 ], [ 1.997130449942193, 50.75685074858611 ], [ 1.997092285889893, 50.756862698452736 ], [ 1.99707951128647, 50.756868225609068 ], [ 1.996981189875303, 50.756922486444012 ], [ 1.996967620822869, 50.756932519422726 ], [ 1.996897323400892, 50.75700572246317 ], [ 1.996846275299815, 50.757093450790499 ], [ 1.996839990330198, 50.757101035272747 ], [ 1.996754009523681, 50.75726190513884 ], [ 1.996665612491539, 50.757368578659097 ], [ 1.996467115152171, 50.757537325765028 ], [ 1.996448645294711, 50.757548747303652 ], [ 1.996391195699977, 50.757618073845819 ], [ 1.996349956595931, 50.75765313182783 ], [ 1.996247216894017, 50.757665427464026 ], [ 1.996227646943563, 50.757672590186921 ], [ 1.996140494742749, 50.75770448836829 ], [ 1.996054711318384, 50.75774956051351 ], [ 1.99598826816968, 50.757795226148438 ], [ 1.995943206307295, 50.757850403947423 ], [ 1.995926756214759, 50.757879505680762 ], [ 1.995925335109667, 50.757880897759826 ], [ 1.995907893648473, 50.757899889318949 ], [ 1.99583394025081, 50.757989923351232 ], [ 1.995803355769326, 50.758041029595233 ], [ 1.99579488751774, 50.758062488359606 ], [ 1.995756518093584, 50.758120744321779 ], [ 1.99572660998041, 50.758201262936716 ], [ 1.995716800307302, 50.758251989708789 ], [ 1.995715181144782, 50.758332736531258 ], [ 1.995716540936845, 50.758340873118527 ], [ 1.995629340654228, 50.758415000840493 ], [ 1.995598717740458, 50.758428739179102 ], [ 1.99558477841205, 50.758437358738888 ], [ 1.995480374845772, 50.758484197103769 ], [ 1.995409371076933, 50.758528102948624 ], [ 1.995336003564521, 50.758616633496523 ], [ 1.99533206081037, 50.758624009701869 ], [ 1.995279432860334, 50.758687514148995 ], [ 1.995194430016148, 50.758846538500329 ], [ 1.995062006909626, 50.759006327383574 ], [ 1.995034657985923, 50.759057491388546 ], [ 1.995034060005127, 50.75905821294041 ], [ 1.995004772503125, 50.759113003482611 ], [ 1.994946379824726, 50.759162640543934 ], [ 1.994790366429415, 50.759218181750256 ], [ 1.993484187956751, 50.757841823074536 ], [ 1.993472944557398, 50.757838142830373 ], [ 1.993347852834557, 50.757797648637869 ], [ 1.993121553086259, 50.757724929053026 ], [ 1.993123391145951, 50.757281661166395 ], [ 1.993004452356266, 50.756935225425089 ], [ 1.993005617483915, 50.756806916033234 ], [ 1.993005790479226, 50.756727951994165 ], [ 1.993006414439976, 50.756626558226237 ], [ 1.993232758070255, 50.756485712871182 ], [ 1.993251397774027, 50.756473300939959 ], [ 1.993299357883772, 50.756310521566476 ], [ 1.993428384009591, 50.756232667270218 ], [ 1.993476008598225, 50.755861736100712 ], [ 1.993397890295593, 50.755832320439048 ], [ 1.993382997011614, 50.755767320244516 ], [ 1.993364980208119, 50.755730558088523 ], [ 1.993369211693284, 50.755520031289578 ], [ 1.993475793480437, 50.755320637712941 ], [ 1.993576348759672, 50.755199298691117 ], [ 1.99357733453727, 50.755197454572148 ], [ 1.993594141030272, 50.755177174259018 ], [ 1.993594890272552, 50.755174402580565 ], [ 1.993701470757564, 50.754975007649861 ], [ 1.993722828685742, 50.754949234953777 ], [ 1.993723814519397, 50.754947390665599 ], [ 1.993732498293383, 50.754936911896827 ], [ 1.993759846100938, 50.754885748244952 ], [ 1.993761864280295, 50.754883312891955 ], [ 1.993789211523171, 50.754832149608063 ], [ 1.993790965261271, 50.754830033327387 ], [ 1.993899870219968, 50.754737451351978 ], [ 1.994086029113315, 50.754685095478578 ], [ 1.994091893312399, 50.754682687967929 ], [ 1.994096481363735, 50.754681908007306 ], [ 1.994166570554624, 50.754597191056092 ], [ 1.994298579766864, 50.754641119214618 ], [ 1.994343573787982, 50.754630646505447 ], [ 1.994349725244485, 50.754629214704373 ], [ 1.994366423978237, 50.754625036845447 ], [ 1.994502958013368, 50.754588451698474 ], [ 1.994539482616106, 50.754577143921857 ], [ 1.994616415707606, 50.754549947897225 ], [ 1.994691415978357, 50.754515032326317 ], [ 1.994706190683108, 50.75450363687392 ], [ 1.994736583513814, 50.754519417528108 ], [ 1.99480768587123, 50.754566431234174 ], [ 1.994852210534539, 50.754591494805716 ], [ 1.994955437491995, 50.754640808804737 ], [ 1.995078267279053, 50.754701034153079 ], [ 1.995086042836222, 50.754704744313798 ], [ 1.995198165078062, 50.754756797684983 ], [ 1.995211009373099, 50.754762500273642 ], [ 1.995320319012635, 50.754808879523765 ], [ 1.99539418658093, 50.754843449990545 ], [ 1.9954555826401, 50.754880548249353 ], [ 1.995468110082853, 50.754887779124005 ], [ 1.995584004871374, 50.75495166740258 ], [ 1.995642445128011, 50.754995316919761 ], [ 1.99567937367562, 50.755027155099626 ], [ 1.995680835757528, 50.755028482231864 ], [ 1.995686654736282, 50.755041088688131 ], [ 1.995702231952628, 50.75511874709008 ], [ 1.995736343998267, 50.755191593277075 ], [ 1.995774938887794, 50.755242155489547 ], [ 1.995796737220219, 50.755266815576555 ], [ 1.995848061554441, 50.755317480455503 ], [ 1.995869738717717, 50.755336686046363 ], [ 1.995911741580126, 50.755370207907703 ], [ 1.995966919616594, 50.755351490636642 ], [ 1.995978381923884, 50.755365402068755 ], [ 1.996043178585988, 50.755443354376908 ], [ 1.996076695171169, 50.755459654215578 ], [ 1.996212289319969, 50.755531319375493 ], [ 1.996222153134867, 50.755536354260443 ], [ 1.996414128491621, 50.755630967887726 ], [ 1.996465803012092, 50.755662445757451 ], [ 1.996565153054472, 50.755705742255614 ], [ 1.996639802139091, 50.755719131814878 ], [ 1.99667753564528, 50.75570143859175 ], [ 1.996709478718578, 50.755728575298399 ], [ 1.99675177153712, 50.755731602806314 ], [ 1.996829646476354, 50.755731959007207 ], [ 1.996855141281487, 50.755730369803246 ], [ 1.996972843395098, 50.755710267883138 ], [ 1.997012424143529, 50.755698812333641 ], [ 1.997048254730266, 50.755688442148866 ], [ 1.997129427204938, 50.755653187338865 ], [ 1.997200470279931, 50.755638025167769 ], [ 1.997321441623898, 50.755618284803219 ], [ 1.997397932376216, 50.75560643435459 ], [ 1.997474539985294, 50.75561056201871 ], [ 1.997479452727691, 50.755610805881673 ], [ 1.99752750567186, 50.755612987564881 ], [ 1.997542536638904, 50.755613475816524 ], [ 1.997620309489485, 50.755614999475881 ], [ 1.997699018859621, 50.755609763241942 ], [ 1.997719885908973, 50.75560837502826 ], [ 1.997807864593127, 50.755594726046631 ], [ 1.997834507213724, 50.755589917320499 ], [ 1.99798933849761, 50.755557962393418 ], [ 1.998020912458622, 50.755550422568597 ], [ 1.998148924200954, 50.755515559543582 ], [ 1.998196276034074, 50.755498725600361 ], [ 1.998216938460955, 50.755491379938327 ], [ 1.998279745161351, 50.7554631706642 ], [ 1.998379778581535, 50.755396015993234 ], [ 1.998399992450483, 50.755375539930476 ], [ 1.998441336685368, 50.755317348229568 ], [ 1.998482687459203, 50.755228599590346 ], [ 1.998412434199043, 50.755226362782167 ], [ 1.998367398408395, 50.755221872642487 ], [ 1.998298221803949, 50.755214944874503 ], [ 1.99826971186513, 50.755210850631755 ], [ 1.998283684609868, 50.755180861992756 ], [ 1.998289538621999, 50.755161470193769 ], [ 1.998289401299305, 50.755149277864469 ], [ 1.998318267364568, 50.755153369479657 ], [ 1.99842005293998, 50.755163700308728 ], [ 1.99849805572928, 50.755166244162574 ], [ 1.998502234871369, 50.755146013644307 ], [ 1.998481016324995, 50.755073634129431 ], [ 1.998425577080992, 50.755008956412574 ], [ 1.998341344001991, 50.754958311561651 ], [ 1.998236562400462, 50.754926657002791 ], [ 1.998121488933206, 50.754917091269924 ], [ 1.998007387645152, 50.754930550712118 ], [ 1.997905427422618, 50.754965717841458 ], [ 1.997892110726214, 50.754974630123229 ], [ 1.997894452043408, 50.754976772268982 ], [ 1.997991327114551, 50.755041621961787 ], [ 1.998039960292312, 50.755070552311963 ], [ 1.998029820838494, 50.755074916724368 ], [ 1.99800796961485, 50.755088977291379 ], [ 1.997990862530163, 50.755105471866081 ], [ 1.997980686321937, 50.755121376383165 ], [ 1.997920427657834, 50.755085469336116 ], [ 1.997834865310129, 50.755027889364797 ], [ 1.997824371951127, 50.755020771036818 ], [ 1.997775686828365, 50.75508561776789 ], [ 1.997765314795884, 50.755107877994512 ], [ 1.99774374391781, 50.755113752644675 ], [ 1.997618150846276, 50.755139673220889 ], [ 1.997592712325609, 50.75514361974858 ], [ 1.997572962340636, 50.755143232820039 ], [ 1.99753487507382, 50.755141503593144 ], [ 1.997400262463957, 50.755134250545453 ], [ 1.997280855787463, 50.755140125170556 ], [ 1.997143213299966, 50.755161449685204 ], [ 1.997138807122997, 50.755162150479457 ], [ 1.997002560913981, 50.755184383424591 ], [ 1.996976687689119, 50.75518924839389 ], [ 1.996867296334139, 50.755212594925517 ], [ 1.996835008521773, 50.755220568850746 ], [ 1.996806780453104, 50.755228522106002 ], [ 1.996682327577433, 50.755167186606855 ], [ 1.996545814746322, 50.75509503620632 ], [ 1.996534057750294, 50.755089074464713 ], [ 1.996465251649308, 50.755055612686327 ], [ 1.996462121897983, 50.75505311489939 ], [ 1.996438067809514, 50.755029370163747 ], [ 1.996432944167741, 50.755024312412075 ], [ 1.996430529569735, 50.755021149162658 ], [ 1.996418899295532, 50.754963171955033 ], [ 1.996416646786332, 50.754956324212444 ], [ 1.996335598900965, 50.754890900029636 ], [ 1.996305668451763, 50.754866789531292 ], [ 1.996314237295487, 50.754862730878408 ], [ 1.996361532651108, 50.754840421588291 ], [ 1.996323792347998, 50.754790531063662 ], [ 1.996295463201375, 50.754764816986132 ], [ 1.996284891605535, 50.754755221247706 ], [ 1.996279622056462, 50.754750560163579 ], [ 1.996232343141451, 50.754709798746703 ], [ 1.996216293887882, 50.754696927516996 ], [ 1.996146659272396, 50.754644917259967 ], [ 1.996131277148828, 50.75463342829557 ], [ 1.996091860515385, 50.754608139278275 ], [ 1.995961140888781, 50.754536079028803 ], [ 1.995889006272536, 50.754492492278395 ], [ 1.995853383435898, 50.754473522020064 ], [ 1.995753882313398, 50.754426955070556 ], [ 1.995739889296749, 50.754420717075128 ], [ 1.995629987370821, 50.754374086669237 ], [ 1.995528118762172, 50.754326793766758 ], [ 1.995407297429709, 50.75426755341833 ], [ 1.995403597069911, 50.75426576248897 ], [ 1.995322363941487, 50.754226955632099 ], [ 1.995313407208145, 50.754221033377142 ], [ 1.995341534554365, 50.754199302638199 ], [ 1.995383754965142, 50.75415859394159 ], [ 1.9954243640814, 50.754108670782756 ], [ 1.995449226375342, 50.75405287515283 ], [ 1.995463940033779, 50.754019854892832 ], [ 1.995473508058961, 50.75393863305947 ], [ 1.99548514303645, 50.753931746158742 ], [ 1.995558335408932, 50.753879393882386 ], [ 1.995625282563873, 50.753809892848203 ], [ 1.995642830179532, 50.753781319621417 ], [ 1.99565165406703, 50.753764213949204 ], [ 1.995683358125766, 50.753752606991625 ], [ 1.995753459166332, 50.753734921770203 ], [ 1.995772250863879, 50.753722689020449 ], [ 1.995780321539571, 50.7537278556469 ], [ 1.995805242596245, 50.753720645870587 ], [ 1.995912036352336, 50.753685613889161 ], [ 1.995996664057957, 50.753647257527561 ], [ 1.996043563321455, 50.753618781107917 ], [ 1.996023955720803, 50.753606988761753 ], [ 1.995960418807336, 50.75356582681907 ], [ 1.995898396217625, 50.753525710723068 ], [ 1.995932728893715, 50.753504864519975 ], [ 1.9959529236473, 50.7534899332584 ], [ 1.99596339029941, 50.753478139710872 ], [ 1.996081168838247, 50.753554327801297 ], [ 1.99609401694223, 50.753562597208919 ], [ 1.99610887788361, 50.753571531444848 ], [ 1.996144470811264, 50.753541843086261 ], [ 1.996182083764803, 50.753473533035425 ], [ 1.996182781166381, 50.753453322693275 ], [ 1.996184580009354, 50.753401193062892 ], [ 1.996151715342726, 50.753331904311061 ], [ 1.9960867069107, 50.753272449221825 ], [ 1.995995918243307, 50.753228647633009 ], [ 1.995990074953907, 50.753227352860051 ], [ 1.995862121442039, 50.753335325981524 ], [ 1.995857590157857, 50.753334384826886 ], [ 1.99582680007049, 50.75333202834323 ], [ 1.99579587690306, 50.753333527676702 ], [ 1.99576600900859, 50.753338825209042 ], [ 1.995738344187499, 50.753347717360178 ], [ 1.995713945579183, 50.753359862411358 ], [ 1.995651658063949, 50.75339768219375 ], [ 1.995644823304434, 50.753399924227161 ], [ 1.995609238962056, 50.753386845913852 ], [ 1.99545098646879, 50.753328677517345 ], [ 1.995425345485827, 50.753319922835161 ], [ 1.995389322655402, 50.753329010719682 ], [ 1.995341816045343, 50.753343604357418 ], [ 1.995243490510132, 50.753379601563239 ], [ 1.995214114292123, 50.753391581332728 ], [ 1.995134174679061, 50.753427726872744 ], [ 1.995028599204244, 50.753502030494587 ], [ 1.995012681673918, 50.753519848746862 ], [ 1.994977640461125, 50.753574189821855 ], [ 1.994963503408385, 50.753607763896781 ], [ 1.994962555021942, 50.753608442243412 ], [ 1.99492849646543, 50.75362508315218 ], [ 1.994862605815433, 50.753666792126879 ], [ 1.994815512804022, 50.753717726411587 ], [ 1.994792039693038, 50.753752707525535 ], [ 1.994850604344495, 50.75372592798886 ], [ 1.994968349095018, 50.753825676996151 ], [ 1.994963705125748, 50.753834548436188 ], [ 1.994959662451623, 50.753850751689178 ], [ 1.994959486704992, 50.753852232477954 ], [ 1.994840998419777, 50.753908548489022 ], [ 1.994755763732662, 50.753836008657586 ], [ 1.994753877742321, 50.753840923218107 ], [ 1.994748770451384, 50.753883954205129 ], [ 1.994746632515789, 50.753902100534312 ], [ 1.99468872485089, 50.753915708125923 ], [ 1.994602814927157, 50.753957344846995 ], [ 1.994600120798098, 50.753959108877339 ], [ 1.994567611510438, 50.753974169351835 ], [ 1.994547502773221, 50.753978691366989 ], [ 1.99444067141398, 50.754015516547248 ], [ 1.994430100078205, 50.754019302774147 ], [ 1.994347438312615, 50.754050041767179 ], [ 1.994270855355083, 50.754087761963042 ], [ 1.994230731532873, 50.754113460553086 ], [ 1.994218396340981, 50.75412329493188 ], [ 1.99407455763892, 50.754151049244498 ], [ 1.993855566681915, 50.754171240955976 ], [ 1.993523690362931, 50.754168557820215 ], [ 1.993309575305492, 50.754145266685036 ], [ 1.993306825127519, 50.754145244442036 ], [ 1.993158255263859, 50.754158942199247 ], [ 1.992940182430766, 50.754157178012562 ], [ 1.992940121180759, 50.754160224369876 ], [ 1.992938745981138, 50.754160213243402 ], [ 1.992861341135557, 50.754167349558337 ], [ 1.992816690158401, 50.754194960650132 ], [ 1.992652053651807, 50.754334917284538 ], [ 1.992381069510235, 50.754456489068311 ], [ 1.992325482700589, 50.75447389255848 ], [ 1.992172672658219, 50.754332500103139 ], [ 1.991902016761436, 50.754004574551473 ], [ 1.991662239182527, 50.75361857134012 ], [ 1.991664588698106, 50.75329106155467 ], [ 1.991757213097074, 50.752905955816466 ], [ 1.991607438058826, 50.752616696272945 ], [ 1.991761374660401, 50.752347843834102 ], [ 1.990768658919629, 50.75164819470227 ], [ 1.990813417180091, 50.751612096467028 ], [ 1.990827885182944, 50.751596061623779 ], [ 1.990866622751106, 50.751534843323924 ], [ 1.990877567957843, 50.751469243116389 ], [ 1.990859890738041, 50.751404236651716 ], [ 1.9908408503, 50.751366393899772 ], [ 1.990830358018857, 50.751351757287601 ], [ 1.990804098397063, 50.751315125372798 ], [ 1.990738786630482, 50.751246727171818 ], [ 1.990666490145365, 50.751168909820919 ], [ 1.99066172254086, 50.751163614342232 ], [ 1.990653931877804, 50.751154961085888 ], [ 1.990580502528511, 50.751096781403383 ], [ 1.990557219162041, 50.751083309779688 ], [ 1.990494944705121, 50.750754071809119 ], [ 1.990338740982664, 50.75043931135442 ], [ 1.990246978891215, 50.750075161393966 ], [ 1.989688142414777, 50.749099699169179 ], [ 1.989624151198501, 50.748988431636647 ], [ 1.98959491879773, 50.748830386078758 ], [ 1.98955117444646, 50.748593879424853 ], [ 1.989544416792238, 50.748568709301921 ], [ 1.989425374676327, 50.748231944727941 ], [ 1.989425898480796, 50.748221335860926 ], [ 1.989436453156749, 50.748215810732475 ], [ 1.989451832429034, 50.748206622750004 ], [ 1.989472002880486, 50.748194572382694 ], [ 1.989761232956651, 50.747997572857109 ], [ 1.989622802786572, 50.7479002243957 ], [ 1.989621265451951, 50.747895440598242 ], [ 1.989690349074595, 50.74784838629418 ], [ 1.989721101910365, 50.747832699669928 ], [ 1.989830027232135, 50.747950715569999 ], [ 1.989835174112997, 50.74794720991158 ], [ 1.990198675593319, 50.747761791061393 ], [ 1.990213951931399, 50.747750646042824 ], [ 1.990285279234886, 50.747698608339981 ], [ 1.990331782429781, 50.747620246652772 ], [ 1.990332363922713, 50.747536515613483 ], [ 1.9903152277563, 50.747474459609933 ], [ 1.99029664197571, 50.747431476263777 ], [ 1.990274400632091, 50.747394219492499 ], [ 1.990251621166686, 50.747402992861353 ], [ 1.990193321459432, 50.747425402194175 ], [ 1.990095187971949, 50.747474009549784 ], [ 1.990058544201715, 50.747412626632126 ], [ 1.990139507069671, 50.747372650160806 ], [ 1.99023873241242, 50.747334471053733 ], [ 1.990181450380687, 50.747238516621465 ], [ 1.990175927934166, 50.747218040971454 ], [ 1.990150522097975, 50.747187352542305 ], [ 1.990120714625335, 50.747151347195448 ], [ 1.990112033458441, 50.747145974285893 ], [ 1.990079981029808, 50.747119473262806 ], [ 1.989983342460591, 50.747063277324564 ], [ 1.989973709542412, 50.74706074301087 ], [ 1.990035476373182, 50.747165864625387 ], [ 1.989924326538987, 50.747214958106653 ], [ 1.989909326588266, 50.747202556074242 ], [ 1.989890189610165, 50.747189304598471 ], [ 1.989867718804759, 50.747178360848821 ], [ 1.989842595877061, 50.747170056828956 ], [ 1.989825816420602, 50.747166694856588 ], [ 1.989794946328758, 50.747128108219655 ], [ 1.989819378084168, 50.747080836820764 ], [ 1.989933926028905, 50.747050276399911 ], [ 1.989862251610041, 50.747031419594073 ], [ 1.989639415560222, 50.746999998193893 ], [ 1.989610562202608, 50.746998078771476 ], [ 1.989553775244219, 50.746994301091981 ], [ 1.98947916164817, 50.746994762923336 ], [ 1.989254581106486, 50.746902599181233 ], [ 1.989163941091745, 50.746864716079145 ], [ 1.98915406524513, 50.746844557495912 ], [ 1.989157472058977, 50.746675722302506 ], [ 1.989125657844454, 50.746536792131643 ], [ 1.989114628682523, 50.746514279202387 ], [ 1.989109248923793, 50.74649078610517 ], [ 1.989113497222165, 50.74628025609843 ], [ 1.989212660646002, 50.746094736760469 ], [ 1.989228226287747, 50.746037162827889 ], [ 1.989228623528714, 50.746017474598489 ], [ 1.989214630084247, 50.745956365950597 ], [ 1.989203696548585, 50.745850994813395 ], [ 1.989204350334895, 50.745818592220608 ], [ 1.989228379930542, 50.745713227453969 ], [ 1.98924651334074, 50.74571127914583 ], [ 1.989274124453232, 50.745713042083729 ], [ 1.989323113900874, 50.745731649574083 ], [ 1.989488723220722, 50.745764785961811 ], [ 1.989560787950336, 50.745768063155467 ], [ 1.989665361758878, 50.745763488595898 ], [ 1.989763842424151, 50.745740707503622 ], [ 1.989848516811197, 50.745701504125016 ], [ 1.989912753150651, 50.745648948917292 ], [ 1.989997519034701, 50.745554848652695 ], [ 1.990057155488663, 50.745510986253159 ], [ 1.990117578599457, 50.745449720785565 ], [ 1.990194928142938, 50.745335711970348 ], [ 1.990248195153285, 50.745261013945914 ], [ 1.990256485145187, 50.745249388603504 ], [ 1.990292239200369, 50.745199249384655 ], [ 1.99035875431343, 50.7451259121123 ], [ 1.990462504138635, 50.745011520613161 ], [ 1.990477741788315, 50.744991180626123 ], [ 1.990513890762624, 50.744972316914762 ], [ 1.990876287901085, 50.744604650098736 ], [ 1.990883275311909, 50.744527890861612 ], [ 1.990953581734149, 50.744502709585021 ], [ 1.990917459445237, 50.744470470970313 ], [ 1.990969588174842, 50.74442423137549 ], [ 1.990977651480417, 50.744417117942227 ], [ 1.990988095545137, 50.744386054260019 ], [ 1.991013918440885, 50.744376728878031 ], [ 1.991038862697221, 50.744365674957372 ], [ 1.991060188247299, 50.744351905600752 ], [ 1.991077171497961, 50.744335888015478 ], [ 1.991089236196091, 50.744318165693009 ], [ 1.991095972981036, 50.74429933996754 ], [ 1.991114766544791, 50.744208859798647 ], [ 1.991124266777072, 50.744162935519618 ], [ 1.991304484858128, 50.744147348394264 ], [ 1.99134529619696, 50.74414035445951 ], [ 1.991419772471053, 50.74412081309395 ], [ 1.991409916448365, 50.744238639187834 ], [ 1.991407600245208, 50.74426614825127 ], [ 1.991425305488943, 50.744263114056054 ], [ 1.991574594111911, 50.744223943074473 ], [ 1.991678859490261, 50.74418275913694 ], [ 1.991756522402277, 50.744122389512626 ], [ 1.991805972620355, 50.744067573602109 ], [ 1.991813207775945, 50.744061008544314 ], [ 1.991871119055816, 50.744008460749164 ], [ 1.991887693534693, 50.743998209498265 ], [ 1.992051795738601, 50.743983078092555 ], [ 1.992090631695584, 50.743970916432019 ], [ 1.992144952257206, 50.743937319136876 ], [ 1.992191847086839, 50.743880720195939 ], [ 1.992390304719048, 50.743711976416741 ], [ 1.992661230538859, 50.743590402657333 ], [ 1.992679963514285, 50.743584536177693 ], [ 1.992704430396352, 50.743573556977779 ], [ 1.992771539367703, 50.743532049034819 ], [ 1.992875914308878, 50.743485211880653 ], [ 1.992945341819842, 50.74344226961486 ], [ 1.992958559264189, 50.74339336450565 ], [ 1.992959341289819, 50.743354459598592 ], [ 1.993045244568408, 50.743097603168842 ], [ 1.993279522709674, 50.742881156945124 ], [ 1.993353520096805, 50.74283538705631 ], [ 1.993362132666059, 50.742803518789124 ], [ 1.993354490564711, 50.742770156118652 ], [ 1.993290072385065, 50.742687342941096 ], [ 1.99326920003127, 50.742668616989441 ], [ 1.993254543164618, 50.74263870217073 ], [ 1.993497321086336, 50.742380766085695 ], [ 1.993587938773737, 50.742317803653677 ], [ 1.993634165918107, 50.742278075422803 ], [ 1.993670087742733, 50.742239342034836 ], [ 1.993744026685056, 50.742159615741201 ], [ 1.993755310783968, 50.742146524761537 ], [ 1.993779844500785, 50.74211580969633 ], [ 1.993841042498776, 50.742063822343397 ], [ 1.993885378201783, 50.742014994578746 ], [ 1.993909192279806, 50.741963420095942 ], [ 1.99391034862079, 50.741960915789122 ], [ 1.993933306126607, 50.741874058007355 ], [ 1.993936210137737, 50.741860787595023 ], [ 1.993953799866835, 50.74175952872239 ], [ 1.993955873468145, 50.741740878937605 ], [ 1.993960665203915, 50.741643105996168 ], [ 1.993960690113032, 50.741642578914913 ], [ 1.993965389714801, 50.741539310209767 ], [ 1.993973968904466, 50.74148270884195 ], [ 1.993975480803969, 50.741467883359391 ], [ 1.993977492411246, 50.741429631077331 ], [ 1.993769887361847, 50.741394116589809 ], [ 1.993770816670387, 50.741376446422635 ], [ 1.99376871951817, 50.74135594466204 ], [ 1.993760359269191, 50.741336096443888 ], [ 1.993746057209776, 50.741317664522995 ], [ 1.993726362964726, 50.741301357225929 ], [ 1.993702033374826, 50.741287801230797 ], [ 1.993674003411581, 50.741277517484683 ], [ 1.993643350246933, 50.741270901184244 ], [ 1.993635404722932, 50.741270234174195 ], [ 1.993644923971122, 50.741252419937211 ], [ 1.993668387461386, 50.741224098144762 ], [ 1.99367494740253, 50.741199823604298 ], [ 1.993667634841519, 50.741167899378887 ], [ 1.993669593133919, 50.741093201909351 ], [ 1.993675404091929, 50.741094257209802 ], [ 1.99374423099849, 50.740878192098698 ], [ 1.993964045178273, 50.740903928865755 ], [ 1.993989766096215, 50.740813234650211 ], [ 1.994001795698611, 50.740770528019482 ], [ 1.994054576866664, 50.740775979916279 ], [ 1.994073486083457, 50.740778017227775 ], [ 1.994096457250135, 50.740634087520007 ], [ 1.99404116081546, 50.740634178913595 ], [ 1.993809542541622, 50.740618845883233 ], [ 1.99382756983687, 50.740509873112181 ], [ 1.993917956409722, 50.740515898351063 ], [ 1.993976003150125, 50.740519687881893 ], [ 1.993994990703726, 50.740496689594572 ], [ 1.993929644954394, 50.740412707117535 ], [ 1.993918191972715, 50.740412614517048 ], [ 1.993819637972261, 50.740411907373243 ], [ 1.993737712583521, 50.740428204928932 ], [ 1.993663880891857, 50.740442862910022 ], [ 1.993649682759043, 50.740452708742211 ], [ 1.993621392127949, 50.740456801605582 ], [ 1.993564098152291, 50.740339860065831 ], [ 1.993567496981436, 50.740170658793794 ], [ 1.993322165166409, 50.740280758455775 ], [ 1.993005311813981, 50.740343263237421 ], [ 1.992946320764568, 50.740348703549962 ], [ 1.992945853942951, 50.740350430922916 ], [ 1.992947318151828, 50.740356823701248 ], [ 1.992998162753581, 50.740422191296261 ], [ 1.993096666115773, 50.740623248817229 ], [ 1.993092435033718, 50.740833780760887 ], [ 1.992985882425165, 50.74103317878437 ], [ 1.992932426353205, 50.741097702216507 ], [ 1.992928285856532, 50.741113022966744 ], [ 1.992933632052541, 50.741136364259347 ], [ 1.993024704216434, 50.741322251534065 ], [ 1.993020472772975, 50.741532783252822 ], [ 1.992913918391506, 50.741732181003989 ], [ 1.992909267559916, 50.741737794638752 ], [ 1.992856608423205, 50.741836336262359 ], [ 1.992658159790829, 50.742005081263763 ], [ 1.99238724253597, 50.74212665530797 ], [ 1.992070376343774, 50.742189157534639 ], [ 1.992052962125251, 50.742190763326299 ], [ 1.991999679509543, 50.742207389123479 ], [ 1.991947033888384, 50.74223995155775 ], [ 1.991918844756071, 50.742273974926476 ], [ 1.991914703852256, 50.742289295615734 ], [ 1.99191791423626, 50.742303312945594 ], [ 1.991992712526094, 50.742352001238736 ], [ 1.99218431235176, 50.742523904340793 ], [ 1.992214235337712, 50.742584980498606 ], [ 1.992197466413234, 50.742594149308367 ], [ 1.992158575341483, 50.74261879176025 ], [ 1.992020772523044, 50.742719973945121 ], [ 1.991946701530678, 50.742804409778145 ], [ 1.991923960421177, 50.742850538127222 ], [ 1.991879039477605, 50.742894013728389 ], [ 1.991855945389828, 50.74291972563416 ], [ 1.991802218390459, 50.742989283926725 ], [ 1.991768564834293, 50.743056875757418 ], [ 1.991767827665391, 50.743127758792816 ], [ 1.991779553835265, 50.743179397339418 ], [ 1.991784042312355, 50.743239742098652 ], [ 1.99176464308101, 50.743356971940187 ], [ 1.991751146646631, 50.743432294814966 ], [ 1.991745672910891, 50.743434723989203 ], [ 1.991595790821148, 50.743503503035278 ], [ 1.991528869103684, 50.743542930539398 ], [ 1.991428687975358, 50.743618363934424 ], [ 1.991322969288368, 50.743683750192673 ], [ 1.991277463502205, 50.74371773888118 ], [ 1.99118238433112, 50.743804011326006 ], [ 1.991173323380285, 50.743813079185685 ], [ 1.991149193045853, 50.743815166231606 ], [ 1.991136649762728, 50.743893883683583 ], [ 1.991069248244798, 50.743924127745878 ], [ 1.990928873368141, 50.743951814274887 ], [ 1.990924788432644, 50.743952130207667 ], [ 1.990913173363965, 50.743953023110791 ], [ 1.99089263353024, 50.743954651259095 ], [ 1.990882060740918, 50.743924863163478 ], [ 1.991006174265494, 50.743899756599973 ], [ 1.991037132376636, 50.743893456936227 ], [ 1.991048028727785, 50.743823915936332 ], [ 1.991019439592006, 50.743826388596005 ], [ 1.990964599094103, 50.743829984650517 ], [ 1.990843102768256, 50.743851500589123 ], [ 1.990739754026772, 50.743897387939072 ], [ 1.990666275104816, 50.743962441994057 ], [ 1.990648385744367, 50.743985783084121 ], [ 1.990494662705943, 50.743984536145256 ], [ 1.990435444275219, 50.743989995780581 ], [ 1.990414085256279, 50.744003205765949 ], [ 1.990222803991329, 50.744121507657702 ], [ 1.990146343927576, 50.744186515704136 ], [ 1.990040761937609, 50.74425181449817 ], [ 1.989899122774704, 50.744372238172559 ], [ 1.989860717591426, 50.744418586929413 ], [ 1.989849332845622, 50.744439887435419 ], [ 1.988909818346587, 50.744844433561987 ], [ 1.988383005394872, 50.74494873170952 ], [ 1.987912426008089, 50.74478966367294 ], [ 1.987498430683522, 50.744560163387263 ], [ 1.98742058504366, 50.744493125949404 ], [ 1.987219010396226, 50.744320091342793 ], [ 1.987206944922212, 50.744309854175043 ], [ 1.987170503049698, 50.744185282055085 ], [ 1.987157247228555, 50.74418650380948 ], [ 1.987127441488904, 50.74405631437876 ], [ 1.987049334955663, 50.743955365926716 ], [ 1.986951809376057, 50.743755542269049 ], [ 1.986947646991134, 50.743737360798477 ], [ 1.986936619424143, 50.743714847580854 ], [ 1.986923602944251, 50.743657990882355 ], [ 1.986902698229771, 50.743615312937159 ], [ 1.986906955556363, 50.74340478209001 ], [ 1.987013537401355, 50.743205389987097 ], [ 1.987072407515079, 50.743155340415385 ], [ 1.987125470663188, 50.743091305625441 ], [ 1.987139061396633, 50.743041041189478 ], [ 1.987139079032137, 50.74304016887821 ], [ 1.987147806823803, 50.743040239916404 ], [ 1.987150285553785, 50.742917632240982 ], [ 1.987256865394119, 50.742718239782818 ], [ 1.98730369771873, 50.742678423709833 ], [ 1.987390243450059, 50.742573981373887 ], [ 1.987394648443662, 50.74255768929693 ], [ 1.987391126703058, 50.742542306399088 ], [ 1.987341001806179, 50.742477855485475 ], [ 1.987283320426424, 50.742426097205083 ], [ 1.987184836848267, 50.742225035630973 ], [ 1.987187941738558, 50.742071447216354 ], [ 1.98718694726891, 50.742071439122242 ], [ 1.98718841587372, 50.741998791943288 ], [ 1.98717660915402, 50.74194721880518 ], [ 1.987123038548777, 50.741878085274635 ], [ 1.98707215727187, 50.741844960824146 ], [ 1.987007823154527, 50.741837957399753 ], [ 1.986940586519263, 50.741844154632162 ], [ 1.986771408158897, 50.741896935071601 ], [ 1.986709697157778, 50.741924623657489 ], [ 1.986686233215828, 50.741931970563378 ], [ 1.986641049125264, 50.74195991428968 ], [ 1.986370117515091, 50.742081475242344 ], [ 1.986053244103429, 50.742143962151978 ], [ 1.985917183492197, 50.742142853424639 ], [ 1.985856127031548, 50.741990229146957 ], [ 1.98585720374698, 50.74179730642922 ], [ 1.985976416788894, 50.741706747634872 ], [ 1.985996521251088, 50.741691656410552 ], [ 1.986408714454533, 50.741729114118442 ], [ 1.986477890759744, 50.741735061706372 ], [ 1.98660494969267, 50.741745967436778 ], [ 1.986765936786737, 50.741198096383542 ], [ 1.985779516083181, 50.741094043199851 ], [ 1.98538351878103, 50.740915207075261 ], [ 1.985383738551492, 50.740891781433533 ], [ 1.985379468923918, 50.740854822564252 ], [ 1.985363809643574, 50.740790085153527 ], [ 1.98533868475765, 50.740734005222997 ], [ 1.98530848627546, 50.740688891101101 ], [ 1.985297729797552, 50.740674246101023 ], [ 1.98526876362646, 50.740638115589519 ], [ 1.985265934059667, 50.740634657586128 ], [ 1.985192757331498, 50.740547017129956 ], [ 1.985156069901622, 50.740511344774021 ], [ 1.985038003215097, 50.740416621923089 ], [ 1.985037058445255, 50.740415162661705 ], [ 1.985056941902737, 50.740377499139399 ], [ 1.985098293322167, 50.74031504019235 ], [ 1.985105152764111, 50.740303890424698 ], [ 1.985168205790775, 50.740193132274001 ], [ 1.985185528550409, 50.740150573610855 ], [ 1.985200903667899, 50.740089678639279 ], [ 1.985203625573645, 50.740028664594192 ], [ 1.985181431306166, 50.739969273037246 ], [ 1.985143832812483, 50.739906534447606 ], [ 1.98573200649543, 50.739179590956347 ], [ 1.985160197235981, 50.738994559338757 ], [ 1.98507451235474, 50.73896604231178 ], [ 1.984743293310401, 50.738702208445247 ], [ 1.984582054006288, 50.738778281608624 ], [ 1.984538967404661, 50.738750254867931 ], [ 1.984677306396589, 50.738664698772169 ], [ 1.984683932518613, 50.738669017179696 ], [ 1.984658448949123, 50.738626508327854 ], [ 1.984609926267898, 50.738578552268081 ], [ 1.984526689907944, 50.738520733281717 ], [ 1.984350616617239, 50.738433821790942 ], [ 1.984221241233318, 50.738427931953872 ], [ 1.984096026459152, 50.73843112728256 ], [ 1.98404453520473, 50.738437298682122 ], [ 1.983967689322945, 50.738382642995639 ], [ 1.984088386917067, 50.738368518862281 ], [ 1.984173137043196, 50.738366339236627 ], [ 1.984188655257235, 50.738336150897737 ], [ 1.984095674964516, 50.738270019887892 ], [ 1.984007043212095, 50.738224050108187 ], [ 1.983900363685333, 50.738197710290024 ], [ 1.983847795744268, 50.738195809897142 ], [ 1.983786078809909, 50.738193578728861 ], [ 1.983733802014583, 50.738202305970866 ], [ 1.98367537543784, 50.738212059845736 ], [ 1.983579089856946, 50.738251344601643 ], [ 1.983506647108981, 50.738307587570652 ], [ 1.983493671038392, 50.738328750033986 ], [ 1.983540990018779, 50.738354087630327 ], [ 1.983618210343876, 50.73839545860961 ], [ 1.983676493195606, 50.738398329425905 ], [ 1.983675305226954, 50.73840038544455 ], [ 1.98367069603026, 50.738419093705836 ], [ 1.983671927008203, 50.738438013104272 ], [ 1.983678950861484, 50.738456416577854 ], [ 1.983691497673154, 50.738473596890557 ], [ 1.983696787202762, 50.738478197490011 ], [ 1.983647659167593, 50.738484358403298 ], [ 1.983652892503611, 50.738505219918665 ], [ 1.983660599186149, 50.738515692251831 ], [ 1.983752514069471, 50.738641355580498 ], [ 1.983784707742447, 50.738706497673327 ], [ 1.983786610770956, 50.738710282129155 ], [ 1.983793801811829, 50.73874718195615 ], [ 1.983794580301105, 50.738747643744354 ], [ 1.983985797647219, 50.738842031197677 ], [ 1.984010181566274, 50.738863914856317 ], [ 1.984018912493982, 50.738891877718729 ], [ 1.984027414305546, 50.73891910675075 ], [ 1.984035756066335, 50.738962313621627 ], [ 1.984046830150012, 50.739025707338236 ], [ 1.984047651801491, 50.739030410884709 ], [ 1.983855205772344, 50.739121205107821 ], [ 1.984184328858611, 50.739316261171794 ], [ 1.984183739525549, 50.739320256212707 ], [ 1.984168365750788, 50.739385514494629 ], [ 1.984146710204139, 50.739449903995379 ], [ 1.984126202436978, 50.73950081744119 ], [ 1.984117947446718, 50.739527835373039 ], [ 1.98411209705499, 50.739555632100362 ], [ 1.984102298306433, 50.739602188421941 ], [ 1.984099884782857, 50.739617442722285 ], [ 1.984094642447223, 50.739666754671859 ], [ 1.984093977514863, 50.739689700837104 ], [ 1.984095968530261, 50.739730995606507 ], [ 1.984099399011151, 50.739756487937413 ], [ 1.984107173092165, 50.739791548405037 ], [ 1.984108708497412, 50.73979785042242 ], [ 1.984118505607189, 50.739834732542327 ], [ 1.984128072070933, 50.739876674143254 ], [ 1.984134552231248, 50.739923926327926 ], [ 1.984146636809817, 50.739966339623514 ], [ 1.984156097757807, 50.739987953468805 ], [ 1.984207522546329, 50.740057926185365 ], [ 1.984224180551061, 50.740073317265143 ], [ 1.984263969317213, 50.740099149924006 ], [ 1.984262498274762, 50.740236358384259 ], [ 1.98426014219356, 50.740492086206849 ], [ 1.984257963153115, 50.740808835687758 ], [ 1.98450541042348, 50.741019939578798 ], [ 1.984515271796709, 50.741021814770072 ], [ 1.984615105435659, 50.741039359324724 ], [ 1.984585478089535, 50.74109672036947 ], [ 1.984571423779632, 50.741133986618735 ], [ 1.984518525229848, 50.741351565314716 ], [ 1.98447901610172, 50.741480443346362 ], [ 1.984472413585312, 50.741517594245906 ], [ 1.984463047695641, 50.741700578509636 ], [ 1.984465808641083, 50.741737780613306 ], [ 1.984486359192732, 50.741840246923829 ], [ 1.984513342894127, 50.741903096205114 ], [ 1.984579250433752, 50.742000548471694 ], [ 1.984612426676968, 50.742039147913005 ], [ 1.984614015996403, 50.742040643693812 ], [ 1.984613323510345, 50.742069990970684 ], [ 1.984630907807166, 50.742146818532071 ], [ 1.984678707172511, 50.742208285019373 ], [ 1.984702651584572, 50.742223874011508 ], [ 1.98482944268729, 50.742266177543122 ], [ 1.985095365444801, 50.742392114224806 ], [ 1.985286941758287, 50.742564027935124 ], [ 1.985385418386519, 50.742765090908115 ], [ 1.985383844835938, 50.742842789795496 ], [ 1.985396659294185, 50.74289877270698 ], [ 1.985366661805089, 50.742905130746678 ], [ 1.985037174004574, 50.742973334798506 ], [ 1.984879527134359, 50.743006148360067 ], [ 1.985620435367646, 50.743922106751882 ], [ 1.985865000477064, 50.744695823208716 ], [ 1.986023731367508, 50.74544819980904 ], [ 1.986104938295285, 50.74583831163163 ], [ 1.986375291831783, 50.746946048657051 ], [ 1.986372800987517, 50.747208951529473 ], [ 1.986459554226209, 50.747214668449026 ], [ 1.986499158427499, 50.747265773411478 ], [ 1.986523643649194, 50.747281712030905 ], [ 1.986664552306192, 50.747328718098927 ], [ 1.98667327175795, 50.747330594390355 ], [ 1.986762117220633, 50.747360232430168 ], [ 1.987028071876166, 50.747486164011448 ], [ 1.98721967430184, 50.747658073421555 ], [ 1.987225003501921, 50.747664925014675 ], [ 1.987366739353483, 50.74771220561923 ], [ 1.987369645868323, 50.747712831032992 ], [ 1.987409330259848, 50.747726069006028 ], [ 1.987675288484369, 50.747851999134475 ], [ 1.98784792516576, 50.748006888269011 ], [ 1.987857873673128, 50.748026025579499 ], [ 1.987883132988324, 50.748057054459835 ], [ 1.987965392245445, 50.748224966723306 ], [ 1.987979094777516, 50.748284808712107 ], [ 1.987994379309231, 50.748304458830731 ], [ 1.988000197722108, 50.748309401931898 ], [ 1.9878322872269, 50.749106156160721 ], [ 1.987750763310225, 50.749489025791085 ], [ 1.987642859620152, 50.749537109492856 ], [ 1.987494059423385, 50.749583271244987 ], [ 1.987471340423743, 50.749597319607325 ], [ 1.987456718322838, 50.749651392243578 ], [ 1.987453492387624, 50.749785900904655 ], [ 1.987343004869279, 50.749987802362583 ], [ 1.987240113343643, 50.750109120191141 ], [ 1.987229686940118, 50.750128623138096 ], [ 1.987202737874445, 50.750228277917678 ], [ 1.987221813907721, 50.750311589285239 ], [ 1.987217557307173, 50.750522117813205 ], [ 1.987187855275884, 50.750631951737162 ], [ 1.9871954944712, 50.750665314401566 ], [ 1.987216967588496, 50.750692919982988 ], [ 1.987348522533435, 50.750810944972855 ], [ 1.987403205372365, 50.75088124393271 ], [ 1.987485083543965, 50.751028608184583 ], [ 1.98748977455103, 50.751048241231935 ], [ 1.987512519176591, 50.751192303217415 ], [ 1.987511905835668, 50.751212048309554 ], [ 1.987523765777761, 50.751263842085606 ], [ 1.987559445283681, 50.751339828913764 ], [ 1.987696360481677, 50.751912839424136 ], [ 1.988025072287897, 50.751865401745242 ], [ 1.988132581465799, 50.751979967992142 ], [ 1.988198161924868, 50.752221684843086 ], [ 1.988196739554308, 50.752292099729779 ], [ 1.988232451757411, 50.752448045771622 ], [ 1.988229494440783, 50.75244831831715 ], [ 1.988233707302428, 50.752473678294649 ], [ 1.9882365951146, 50.752473412154579 ], [ 1.988269639611576, 50.75261770790091 ], [ 1.988326533410939, 50.752736735726373 ], [ 1.988336603152552, 50.752780706889929 ], [ 1.988345181851257, 50.752798216370216 ], [ 1.988340928910996, 50.753008743565289 ], [ 1.988234331348544, 50.753208133075631 ], [ 1.988144139588216, 50.753284797017599 ], [ 1.988118669319735, 50.753315527936721 ], [ 1.987987344098216, 50.753198818015889 ], [ 1.987887557941322, 50.753087392921074 ], [ 1.987814959815124, 50.753029704224524 ], [ 1.987717813525472, 50.752989070450354 ], [ 1.98760562836747, 50.752969469074067 ], [ 1.987489385673929, 50.752972818791832 ], [ 1.987380463936455, 50.752998791714063 ], [ 1.987289525057912, 50.753044845459854 ], [ 1.987225470735271, 50.753106472011616 ], [ 1.987194571112512, 50.753177638974549 ], [ 1.987199850992092, 50.753251380053534 ], [ 1.987240793695763, 50.753320476953881 ], [ 1.987350075549131, 50.753442506997139 ], [ 1.987370741943584, 50.753463038237172 ], [ 1.987520063199318, 50.753595742781116 ], [ 1.987655454853517, 50.75372479010553 ], [ 1.987716798531, 50.753790726373794 ], [ 1.987723563812644, 50.753797717548515 ], [ 1.987810925729552, 50.753884572581519 ], [ 1.987816450433788, 50.753889904806918 ], [ 1.987860874939254, 50.753931543660848 ], [ 1.987892384878361, 50.753957097979011 ], [ 1.987992802647006, 50.754027906918452 ], [ 1.987996714914214, 50.754030622735172 ], [ 1.988024620876893, 50.754049693740605 ], [ 1.988116415086202, 50.754095365839063 ], [ 1.988178433965529, 50.754109733521616 ], [ 1.988215278611397, 50.754142592826966 ], [ 1.988221054671772, 50.754147603236227 ], [ 1.988243155381183, 50.754166254390043 ], [ 1.988248482320896, 50.754177248974976 ], [ 1.988289495025843, 50.75423388037084 ], [ 1.988322192779506, 50.754266737095179 ], [ 1.988328624719276, 50.754287044188779 ], [ 1.988328914833264, 50.754287950934355 ], [ 1.988354210732304, 50.754366224983961 ], [ 1.988395201660772, 50.75443541391067 ], [ 1.988444344792063, 50.754490269513049 ], [ 1.988460202635821, 50.754519687402912 ], [ 1.988467456293578, 50.75457729260313 ], [ 1.988495881684053, 50.754650752709459 ], [ 1.988571406211668, 50.754763533677156 ], [ 1.988574326417122, 50.75476777816661 ], [ 1.988644465617605, 50.754867055241107 ], [ 1.988660555934906, 50.754887189414077 ], [ 1.98870401933066, 50.754935674925868 ], [ 1.988711563929768, 50.754947902344561 ], [ 1.988796534593152, 50.754920063742148 ], [ 1.9888853860457, 50.754871710903956 ], [ 1.98889179477108, 50.754878860107922 ], [ 1.98891414329767, 50.754915079801165 ], [ 1.988888159715914, 50.754929063572654 ], [ 1.988868424244063, 50.754939671307135 ], [ 1.988833956054822, 50.754958325128065 ], [ 1.988738124379824, 50.754989744988727 ], [ 1.988739569272381, 50.75499187634842 ], [ 1.988813817734708, 50.755092134187045 ], [ 1.988775254030016, 50.75513142460656 ], [ 1.988747309376081, 50.755209072565492 ], [ 1.98874646994217, 50.755218206779396 ], [ 1.988743683609515, 50.755248525947295 ], [ 1.98875573393346, 50.75532426861632 ], [ 1.988768668762538, 50.755342731208948 ], [ 1.98880447226727, 50.755393835438852 ], [ 1.988914256003823, 50.755500824716819 ], [ 1.989034277384184, 50.755640709537552 ], [ 1.989043627957975, 50.755650994988343 ], [ 1.989138645352696, 50.755749797826716 ], [ 1.989149085816303, 50.755770859419044 ], [ 1.989312632630616, 50.755729645859908 ], [ 1.989261660168667, 50.755772971962379 ], [ 1.989241781591256, 50.75578526285809 ], [ 1.989240427654658, 50.755790269740892 ], [ 1.989241579094615, 50.755795296952932 ], [ 1.989242006976619, 50.755795575412023 ], [ 1.989177289099264, 50.755811949417449 ], [ 1.989208892883519, 50.755852236276269 ], [ 1.989292035637122, 50.755905988205186 ], [ 1.98939729467964, 50.7559408116499 ], [ 1.989514366431002, 50.755953297810535 ], [ 1.989527467516836, 50.755952062357132 ], [ 1.989459115739904, 50.75585984216292 ], [ 1.989501121988078, 50.755868878549144 ], [ 1.989767128572755, 50.75599480258829 ], [ 1.989958772894377, 50.756166705456735 ], [ 1.990023049533767, 50.756249321489356 ], [ 1.99004539238394, 50.756263861431492 ], [ 1.990137445749996, 50.756323766394253 ], [ 1.990148009649466, 50.756330640979662 ], [ 1.990339656665742, 50.75650254334689 ], [ 1.990438180962782, 50.756703598154431 ], [ 1.990433937258715, 50.756914124951528 ], [ 1.990429500086615, 50.756930534741613 ], [ 1.990442756602657, 50.756988405373662 ], [ 1.990469276459312, 50.757043474601218 ], [ 1.990503344563877, 50.757104439717502 ], [ 1.99050582575672, 50.757119370029073 ], [ 1.990507812143023, 50.757123494797213 ], [ 1.990514011965721, 50.757150559776896 ], [ 1.990511054330001, 50.75715083237715 ], [ 1.990515268551808, 50.757176190949991 ], [ 1.990518156605484, 50.757175924759729 ], [ 1.990542277820096, 50.757281222867022 ], [ 1.990508664087077, 50.757233563730345 ], [ 1.99017446109806, 50.758487196158192 ], [ 1.990121092209097, 50.75858701864302 ], [ 1.99011907199548, 50.758589455975653 ], [ 1.990107997416287, 50.758610170084005 ], [ 1.990096146097908, 50.758653996700112 ], [ 1.99008420969157, 50.758676322715047 ], [ 1.990073074911157, 50.758717499458648 ], [ 1.990052052704098, 50.758756819551095 ], [ 1.99005036556491, 50.758763058638408 ], [ 1.990020257358635, 50.758819373275848 ], [ 1.989975805129837, 50.758983756663831 ], [ 1.989940520545823, 50.759049751982424 ], [ 1.989936016247663, 50.759052662091335 ], [ 1.98991840354982, 50.759071044842969 ], [ 1.989921798166739, 50.759032622026119 ], [ 1.989922166106667, 50.759028407551732 ], [ 1.98994908376971, 50.758928304250453 ], [ 1.98996892829124, 50.758865715239182 ], [ 1.989914378856406, 50.75888897268181 ], [ 1.989887947382908, 50.758901342784 ], [ 1.989829338862699, 50.758931376482302 ], [ 1.989724436172628, 50.759016909749093 ], [ 1.989701153057859, 50.759049024735539 ], [ 1.989668279072298, 50.759127906956515 ], [ 1.989658308058329, 50.759201407232858 ], [ 1.989658192452431, 50.759241266671616 ], [ 1.989660641320636, 50.759260130511592 ], [ 1.989660831456629, 50.759261543559049 ], [ 1.989670717445259, 50.759332512989786 ], [ 1.989673076111125, 50.759345412436502 ], [ 1.98967391737456, 50.759349123707494 ], [ 1.989670665417975, 50.759351887603941 ], [ 1.98939963952908, 50.759473451663176 ], [ 1.989395302767097, 50.759474809114216 ], [ 1.989317554684061, 50.759496731863933 ], [ 1.989311987323958, 50.759498134955408 ], [ 1.989072773627281, 50.759538699924711 ], [ 1.989056224724705, 50.759540224966003 ], [ 1.988890099883528, 50.759547161642139 ], [ 1.988566960681261, 50.759544536559396 ], [ 1.988208409085262, 50.759501835667152 ], [ 1.987893860429688, 50.759384621562539 ], [ 1.987660507253605, 50.759206753878026 ], [ 1.987535940570411, 50.758989263882853 ], [ 1.987535244326006, 50.758836247754111 ], [ 1.987526959290043, 50.758836180368306 ], [ 1.98752770241031, 50.758799421506296 ], [ 1.987496751480777, 50.758664276808943 ], [ 1.98747732371798, 50.758624627974108 ], [ 1.987477133148221, 50.758623795858796 ], [ 1.987466329774721, 50.758609909670575 ], [ 1.987328447792434, 50.758594905623241 ], [ 1.987289899670126, 50.758592665436609 ], [ 1.987263155968601, 50.758589755212142 ], [ 1.987133752311592, 50.758601678347596 ], [ 1.987044227335748, 50.758619326964549 ], [ 1.987016043843592, 50.75862192370198 ], [ 1.986988439940687, 50.758627365481807 ], [ 1.986656533125791, 50.758624664616676 ], [ 1.986342187573753, 50.758557038555303 ], [ 1.986076174824225, 50.758431107276827 ], [ 1.986059089522308, 50.758419988163041 ], [ 1.986031164546827, 50.758401814574071 ], [ 1.986003239451704, 50.758383640887288 ], [ 1.985975314376911, 50.758365467193762 ], [ 1.985967037460629, 50.758360080556557 ], [ 1.985947389183043, 50.758347293402792 ], [ 1.985939112412493, 50.75834190685454 ], [ 1.985883262236597, 50.758305559338794 ], [ 1.985855337248937, 50.758287385616242 ], [ 1.985840027698397, 50.758277422075231 ], [ 1.98564838928628, 50.758105513181668 ], [ 1.985632347699793, 50.758084892563431 ], [ 1.985606159831136, 50.75803144229058 ], [ 1.985518004898879, 50.75791812321787 ], [ 1.985419497949215, 50.757717064911141 ], [ 1.985423762762917, 50.757506538561898 ], [ 1.985425525451894, 50.757500022246759 ], [ 1.985420257503207, 50.757477015287044 ], [ 1.985398257215598, 50.757462696967956 ], [ 1.985362133656712, 50.757458765374018 ], [ 1.98532256349165, 50.757462410821262 ], [ 1.985288614641608, 50.757472946007567 ], [ 1.984972498028167, 50.757534639087801 ], [ 1.984641792403338, 50.757531586228616 ], [ 1.984380747515483, 50.757475316329106 ], [ 1.984301004024235, 50.757466636550113 ], [ 1.984173216960689, 50.757478407954586 ], [ 1.984081355293642, 50.757495762082065 ], [ 1.983998191270497, 50.757521696638292 ], [ 1.98398590171575, 50.757536521240702 ], [ 1.983975988287757, 50.75757316521107 ], [ 1.98395274692032, 50.757613904972423 ], [ 1.983958589252485, 50.757614740803824 ], [ 1.983918641544071, 50.757727087324966 ], [ 1.983917819880629, 50.7577956043108 ], [ 1.983911219214902, 50.757839078691809 ], [ 1.983908821229826, 50.757866991651888 ], [ 1.983907131281326, 50.757950289733678 ], [ 1.98392233167046, 50.758034522114016 ], [ 1.983983430046189, 50.75819233675233 ], [ 1.984025888476985, 50.758264717114066 ], [ 1.984109720960259, 50.7583689824693 ], [ 1.984141468550022, 50.758396995638527 ], [ 1.984223476207162, 50.758500527250312 ], [ 1.984235115459679, 50.75851088344146 ], [ 1.984334831829803, 50.758713496145837 ], [ 1.984344135389156, 50.758754130851067 ], [ 1.984370340944386, 50.758787940213232 ], [ 1.98442006154391, 50.758820299485365 ], [ 1.984447986168173, 50.758838473424213 ], [ 1.984447973376908, 50.758838465099551 ], [ 1.984484187790182, 50.758862034179415 ], [ 1.984540037431599, 50.758898382201238 ], [ 1.984589220231972, 50.758930391248462 ], [ 1.984612386868668, 50.758938118004394 ], [ 1.984670803668513, 50.758965773602661 ], [ 1.98475273924658, 50.758993101446436 ], [ 1.984811156618216, 50.759020757195017 ], [ 1.985070914095158, 50.759107392819331 ], [ 1.985073821621663, 50.75910801837658 ], [ 1.985127127369146, 50.759125797058729 ], [ 1.98513003435999, 50.759126422527153 ], [ 1.985177413599475, 50.759142224508388 ], [ 1.985443428329533, 50.759268157725991 ], [ 1.985549706651479, 50.75933732335087 ], [ 1.985549707153313, 50.759337323586557 ], [ 1.985577632475882, 50.759355497257857 ], [ 1.985618333263954, 50.759381985107531 ], [ 1.98571870814218, 50.759429128622905 ], [ 1.985745549060075, 50.759446596459767 ], [ 1.985773476503686, 50.759464771469489 ], [ 1.985801400046222, 50.759482943829553 ], [ 1.985801400548072, 50.75948294406524 ], [ 1.985829326043163, 50.759501117676081 ], [ 1.985839992712904, 50.75950805942437 ], [ 1.985940298711105, 50.759555543990238 ], [ 1.986026617289912, 50.759593152829339 ], [ 1.986053458403098, 50.759610620595438 ], [ 1.986064125071245, 50.759617562321644 ], [ 1.986166609757742, 50.759666077868843 ], [ 1.986221376847668, 50.759701719211058 ], [ 1.98624102572719, 50.759714506295715 ], [ 1.986249302756767, 50.759719892812512 ], [ 1.986268951650549, 50.759732679892409 ], [ 1.986277228686131, 50.759738066407216 ], [ 1.986388932745888, 50.75981076080916 ], [ 1.986444784827576, 50.759847107924131 ], [ 1.986455451656397, 50.759854049616102 ], [ 1.986557937010127, 50.759902564731078 ], [ 1.986584778474441, 50.759920032374438 ], [ 1.986606037411082, 50.75993386705828 ], [ 1.98680110509261, 50.759998922231922 ], [ 1.986852144323506, 50.760023083207869 ], [ 1.986880908634011, 50.760032676058849 ], [ 1.986941788055216, 50.760061495100892 ], [ 1.987198804995865, 50.760147209160664 ], [ 1.987204619418357, 50.7601484599532 ], [ 1.987303952968292, 50.760181587057446 ], [ 1.987469725323386, 50.76019962547953 ], [ 1.987557344154782, 50.760200338113002 ], [ 1.987770413601622, 50.760180705946851 ], [ 1.987832923921406, 50.760168382901384 ], [ 1.987898107114684, 50.760162376838956 ], [ 1.98793360045467, 50.760155379783413 ], [ 1.988039915921932, 50.760145583620272 ], [ 1.988075409785721, 50.760138586409695 ], [ 1.988167552980032, 50.760130095977743 ], [ 1.98823006327676, 50.760117772710437 ], [ 1.988304877124701, 50.760110879025639 ], [ 1.988324294250731, 50.760107059021031 ], [ 1.988488340840506, 50.760092067314552 ], [ 1.988600263150583, 50.76005703439678 ], [ 1.988662288163367, 50.76002921437285 ], [ 1.98867429193459, 50.76002545704953 ], [ 1.988991274163673, 50.759962965471885 ], [ 1.989323187668095, 50.75996566053977 ], [ 1.989381777805485, 50.759978263331185 ], [ 1.989595776842548, 50.760001545941883 ], [ 1.989797683192317, 50.76000318457988 ], [ 1.989955458554988, 50.760016329522301 ], [ 1.990396269447621, 50.760914404427069 ], [ 1.990545941934949, 50.760999069802686 ], [ 1.990940374001654, 50.761223907803561 ], [ 1.990937739143206, 50.76170575181456 ], [ 1.990087403293658, 50.762620411911684 ], [ 1.990080185675659, 50.762627531976271 ], [ 1.990129246853275, 50.762720354636187 ], [ 1.990157710440163, 50.762776163190928 ], [ 1.990140499673991, 50.7627808717655 ], [ 1.990049315241292, 50.762812435826703 ], [ 1.989944010166657, 50.762866739647592 ], [ 1.989903740299665, 50.762911140029203 ], [ 1.989843168024333, 50.762935931919102 ], [ 1.989198968279484, 50.764064142551611 ], [ 1.989168559101369, 50.764217216647843 ], [ 1.989081909942201, 50.764373508865603 ], [ 1.989075298922051, 50.764386645724684 ], [ 1.988933136855308, 50.764700452188578 ], [ 1.988923690942437, 50.764726958261441 ], [ 1.988897631387012, 50.764826349611262 ], [ 1.98890737282675, 50.764931067315899 ], [ 1.988926344502205, 50.764972498292096 ], [ 1.988985967661235, 50.765048295667647 ], [ 1.98908389125806, 50.765105899617808 ], [ 1.989223257971747, 50.765162268254144 ], [ 1.989025578757597, 50.765879850968865 ], [ 1.988371722164056, 50.766588808362947 ], [ 1.988352914355327, 50.766609293943532 ], [ 1.988266709870529, 50.766674097950123 ], [ 1.987680647676822, 50.767108124357122 ], [ 1.987512360174568, 50.767528182073178 ], [ 1.987401856030731, 50.767523753501429 ], [ 1.987274241597092, 50.767537072684796 ], [ 1.987139443502681, 50.767568998854152 ], [ 1.987096657275085, 50.767585699870999 ], [ 1.986997478841064, 50.767642164101204 ], [ 1.986935980895142, 50.767717151588108 ], [ 1.986926592160166, 50.767736415244045 ], [ 1.986755224654072, 50.76789203452882 ], [ 1.986743907218961, 50.76790827847806 ], [ 1.986781000623084, 50.767927866838669 ], [ 1.986897424622385, 50.768015579406416 ], [ 1.98687796052946, 50.768070144755747 ], [ 1.986876902018792, 50.768069347028849 ], [ 1.986846644915836, 50.768046564716876 ], [ 1.986824592460105, 50.768018222787553 ], [ 1.986789112493145, 50.76800341466258 ], [ 1.986775295159191, 50.767993055585428 ], [ 1.986729021617813, 50.767958311644698 ], [ 1.98671428869287, 50.7679507899825 ], [ 1.986702740083755, 50.767967365692193 ], [ 1.986282994506186, 50.767792176231232 ], [ 1.986319088997127, 50.767756577283464 ], [ 1.986068107064384, 50.767643265873545 ], [ 1.986056807508097, 50.767642276532712 ], [ 1.985672731903886, 50.767603255296862 ], [ 1.985246568784949, 50.767755916506431 ], [ 1.985142665356252, 50.767908307704744 ], [ 1.98509721454813, 50.767947956055423 ], [ 1.98509197748948, 50.767944504681267 ], [ 1.985068126386472, 50.767931596980119 ], [ 1.985040762765198, 50.767921888149893 ], [ 1.985039835317335, 50.767921697313632 ], [ 1.985165254717316, 50.767812371592925 ], [ 1.985152396803984, 50.767806204403115 ], [ 1.985042136595018, 50.767781989295557 ], [ 1.984925473449471, 50.767780566864957 ], [ 1.984813827014347, 50.767802076346925 ], [ 1.9847181258921, 50.767844412268722 ], [ 1.984647737921963, 50.767903430537885 ], [ 1.98460955321097, 50.767973354078585 ], [ 1.984607309666194, 50.768047338315505 ], [ 1.984641227055953, 50.768118141157757 ], [ 1.984707985438322, 50.768178831904699 ], [ 1.984731296968684, 50.768194194948705 ], [ 1.984857593108698, 50.768082053080498 ], [ 1.984861470545701, 50.768085169602287 ], [ 1.984907072800101, 50.768115222876617 ], [ 1.984906477356294, 50.768115751429754 ], [ 1.984856623767655, 50.768159941783637 ], [ 1.984788468310889, 50.768220493576727 ], [ 1.984767533465782, 50.768238999192171 ], [ 1.984859317549142, 50.768437035728688 ], [ 1.9848835054387, 50.768476049397258 ], [ 1.984951099848644, 50.768561845847394 ], [ 1.984978284839725, 50.76859094127213 ], [ 1.985078309578181, 50.768682385927264 ], [ 1.985108441188225, 50.76870643357335 ], [ 1.9852069888156, 50.768775371075606 ], [ 1.985525060779782, 50.769050757842727 ], [ 1.985551026363619, 50.769070827591193 ], [ 1.985705725543736, 50.769177838788984 ], [ 1.985725124524041, 50.769191299321307 ], [ 1.986294386385404, 50.769586293108347 ], [ 1.986315655206882, 50.769598659584219 ], [ 1.986315950573331, 50.769596056239379 ], [ 1.986615540754006, 50.76960836543433 ], [ 1.986611803317854, 50.769653200911939 ], [ 1.986605068526493, 50.769732763275314 ], [ 1.98664631002483, 50.769800178693345 ], [ 1.986680062780383, 50.769841014592714 ], [ 1.986610225843055, 50.769991880394947 ], [ 1.986602594265627, 50.770011429993055 ], [ 1.986587418312478, 50.770058950608899 ], [ 1.986535542726995, 50.770221388434258 ], [ 1.98669950684141, 50.770262834326424 ], [ 1.986662666662839, 50.770321219044192 ], [ 1.986679763848398, 50.77032243496717 ], [ 1.986699101651444, 50.77039611693958 ], [ 1.986696982681731, 50.770402752083463 ], [ 1.986694176521641, 50.770416314860483 ], [ 1.986680173233036, 50.770561457945931 ], [ 1.986650795213242, 50.77057219167159 ], [ 1.986678195164108, 50.770581960418454 ], [ 1.986677363352679, 50.770590582049564 ], [ 1.986661040648005, 50.770618307394891 ], [ 1.986624851273772, 50.770679479049974 ], [ 1.986694211857598, 50.770701785569329 ], [ 1.986697965132838, 50.770719765418576 ], [ 1.986703957476344, 50.770736761898789 ], [ 1.986714567730695, 50.770752825834741 ], [ 1.986749102648261, 50.770794383423961 ], [ 1.986749565709035, 50.770794936387858 ], [ 1.986765985636622, 50.770814394979823 ], [ 1.986717445337574, 50.771268377567992 ], [ 1.986706720234698, 50.771286107985524 ], [ 1.986705786868766, 50.77128723360984 ], [ 1.986573123937108, 50.77139994866171 ], [ 1.98647158898008, 50.771522400769513 ], [ 1.986470602620098, 50.771524244785162 ], [ 1.986469213263225, 50.77152592036024 ], [ 1.986455089999035, 50.771578119741974 ], [ 1.98646658277373, 50.771628292842621 ], [ 1.986540551193224, 50.771782646839945 ], [ 1.986535076155716, 50.77199147817219 ], [ 1.986428887742749, 50.772189186322954 ], [ 1.986420285286598, 50.772199560777537 ], [ 1.98641856267237, 50.772205927425311 ], [ 1.986422226572135, 50.772221922454143 ], [ 1.986417964755067, 50.772432444166213 ], [ 1.986343717248157, 50.772571255053776 ], [ 1.986277622691328, 50.772320893380694 ], [ 1.985636832731834, 50.772099422160395 ], [ 1.985338120991543, 50.772455016883093 ], [ 1.984778308266086, 50.773125233936746 ], [ 1.984630388984842, 50.773301695894318 ], [ 1.98462757742967, 50.77330077565508 ], [ 1.98391697496701, 50.773172047277455 ], [ 1.983660379032043, 50.773125087523525 ], [ 1.983630284303068, 50.773143685471076 ], [ 1.983373707006435, 50.773304902010942 ], [ 1.983355058588351, 50.773317312145608 ], [ 1.982234947882661, 50.77265850669712 ], [ 1.981911211353164, 50.772712391007424 ], [ 1.981737978343931, 50.772741483198367 ], [ 1.981517777337192, 50.772227315565239 ], [ 1.981236834326311, 50.771569079588019 ], [ 1.981104443700321, 50.771260216838719 ], [ 1.980065762115941, 50.769872535925224 ], [ 1.979823918168532, 50.76715795493282 ], [ 1.978789572871315, 50.765216639911174 ], [ 1.978679874865915, 50.764559795077574 ], [ 1.978634055600642, 50.764289901515838 ], [ 1.978721738570535, 50.764239992514 ], [ 1.978765229487639, 50.764210607835658 ], [ 1.978768693896142, 50.764207824105263 ], [ 1.978727883332604, 50.764176043535883 ], [ 1.978623643668504, 50.764111126579827 ], [ 1.97868522497636, 50.764061644624064 ], [ 1.978802858126171, 50.764135022596633 ], [ 1.978831519908873, 50.764157341914185 ], [ 1.978884618472337, 50.764114675852177 ], [ 1.978936770205417, 50.764058043946747 ], [ 1.978962299670674, 50.763994490695218 ], [ 1.978959230539865, 50.763928936238287 ], [ 1.978927800525881, 50.763866455627571 ], [ 1.978814743578217, 50.763717410122403 ], [ 1.978713267736211, 50.763556729545101 ], [ 1.97873774999878, 50.763466281040323 ], [ 1.978710734874236, 50.763348241239861 ], [ 1.978708234676025, 50.763343137258595 ], [ 1.978653381686128, 50.763272618887981 ], [ 1.978607586930791, 50.763231535409332 ], [ 1.978509097269817, 50.763030473310074 ], [ 1.978488111746317, 50.762938776553625 ], [ 1.978491210776366, 50.762786850900838 ], [ 1.978562214802942, 50.762767959983023 ], [ 1.978577162645124, 50.762763733435243 ], [ 1.979325929119331, 50.76253926114525 ], [ 1.979338071701393, 50.76253544633844 ], [ 1.979826660476844, 50.762374794216839 ], [ 1.980038709896675, 50.762439561032195 ], [ 1.980190750564872, 50.76251175337692 ], [ 1.980219778474262, 50.762524217315352 ], [ 1.980364364832288, 50.762580138652311 ], [ 1.980471127704647, 50.762608013850645 ], [ 1.980586246733284, 50.762613600057918 ], [ 1.980698453115961, 50.762596350450451 ], [ 1.980796763175566, 50.762557953560353 ], [ 1.980871553570355, 50.762502167982348 ], [ 1.980915503319728, 50.762434454441305 ], [ 1.980924310423516, 50.762361441241595 ], [ 1.980897112930667, 50.762290275430701 ], [ 1.980836573255867, 50.762227923193706 ], [ 1.980748617512431, 50.762180487962389 ], [ 1.980619012984549, 50.762130361245951 ], [ 1.980452298567205, 50.762051201698519 ], [ 1.980391252813847, 50.762027691360416 ], [ 1.979980687892708, 50.761902291267845 ], [ 1.979871987995257, 50.761881395890036 ], [ 1.979758417612346, 50.761882457948893 ], [ 1.979650736249277, 50.761905376826292 ], [ 1.979018327257488, 50.762113318645739 ], [ 1.979040782450324, 50.762094239723076 ], [ 1.979200255697649, 50.762022732685722 ], [ 1.979320823368251, 50.761948214719283 ], [ 1.979338756082587, 50.761932978117756 ], [ 1.979359901089947, 50.761907477412578 ], [ 1.97936647067407, 50.76188320444944 ], [ 1.979337115699225, 50.761754944019913 ], [ 1.979341406367606, 50.761544418804689 ], [ 1.979375978483532, 50.761416682334392 ], [ 1.979370400358982, 50.76139230971139 ], [ 1.979329922197221, 50.761340270379023 ], [ 1.979230964062286, 50.761137134868342 ], [ 1.9791844449018, 50.760929324402461 ], [ 1.979181846832295, 50.760924020434558 ], [ 1.97917546213032, 50.76089612277346 ], [ 1.979174141365342, 50.760894424750028 ], [ 1.979172858852049, 50.760892770195696 ], [ 1.979095752891321, 50.760792951402479 ], [ 1.978998340916121, 50.760592631105482 ], [ 1.979002840848607, 50.760383018345841 ], [ 1.979007803081822, 50.76036468404088 ], [ 1.979008570257609, 50.760327053173484 ], [ 1.978973526694173, 50.760173927094314 ], [ 1.978970893108613, 50.76016855048357 ], [ 1.978970673161041, 50.76016758940056 ], [ 1.978918233477702, 50.760099924110641 ], [ 1.978788474209106, 50.760056638987713 ], [ 1.978760978875283, 50.760050722095421 ], [ 1.978494978099967, 50.75992477519474 ], [ 1.97830335859305, 50.75975285544019 ], [ 1.978292297235801, 50.759738633819396 ], [ 1.978290859164105, 50.759736777702479 ], [ 1.978222163514126, 50.759647766863921 ], [ 1.978196621678025, 50.759595144325317 ], [ 1.978373838848797, 50.759486453430732 ], [ 1.978430459389036, 50.759442087040362 ], [ 1.978548917230671, 50.759321919135886 ], [ 1.978581582620467, 50.759280015198641 ], [ 1.978682676136158, 50.75910945399287 ], [ 1.978683735467031, 50.759107644197236 ], [ 1.978812062284558, 50.758885615618809 ], [ 1.978987073501866, 50.758593075316547 ], [ 1.978991863173805, 50.758584581201809 ], [ 1.979054970781809, 50.75846550731238 ], [ 1.979115450852918, 50.758351390580238 ], [ 1.979117387866699, 50.758347631312837 ], [ 1.979197023253717, 50.758188558845362 ], [ 1.979204728330385, 50.758170778165649 ], [ 1.97923168781011, 50.758097417798865 ], [ 1.979237078610273, 50.75800840399819 ], [ 1.979224031353894, 50.757954456913922 ], [ 1.979163220223645, 50.757857029480164 ], [ 1.979145527397714, 50.757840686279785 ], [ 1.979123445601636, 50.757861899754047 ], [ 1.979104109917226, 50.757880495480265 ], [ 1.979084405374923, 50.757903305652498 ], [ 1.97905905099201, 50.757932620028399 ], [ 1.979044562759877, 50.757949371097418 ], [ 1.97903393191505, 50.757964269398848 ], [ 1.979015250513289, 50.757990329719483 ], [ 1.979011574563929, 50.757975130326038 ], [ 1.979002443620385, 50.757953754461013 ], [ 1.978986031702418, 50.757934207048322 ], [ 1.978981115431705, 50.757929665782463 ], [ 1.978981892098165, 50.757928577300547 ], [ 1.978985222127861, 50.757924835807323 ], [ 1.979009419393531, 50.757896768224114 ], [ 1.979040568707406, 50.757860771372712 ], [ 1.979043465252398, 50.757857474989812 ], [ 1.979098012045738, 50.757804982678351 ], [ 1.979062792465629, 50.757781493566647 ], [ 1.979043905454902, 50.757734728126771 ], [ 1.979026542182076, 50.757701971452775 ], [ 1.978966154472879, 50.757610845268267 ], [ 1.978927726971862, 50.757566777429616 ], [ 1.978837435427354, 50.757485276554441 ], [ 1.978821389491135, 50.757471843530297 ], [ 1.97872808649584, 50.757399291213879 ], [ 1.978695177786529, 50.757376860536517 ], [ 1.978631005107736, 50.757338472652009 ], [ 1.978620386738309, 50.757326859654768 ], [ 1.978610472229291, 50.757316016443006 ], [ 1.978607738519428, 50.757311314582999 ], [ 1.978621762442905, 50.757277270758742 ], [ 1.978649198034473, 50.757244565538485 ], [ 1.978690285820712, 50.757160551477625 ], [ 1.978696675297166, 50.75712471045729 ], [ 1.978694178126942, 50.757060410544284 ], [ 1.978664300313488, 50.756998946646988 ], [ 1.978627135755636, 50.756948390870967 ], [ 1.978622794630369, 50.756942841435702 ], [ 1.978621425776529, 50.756925538372528 ], [ 1.978630666282334, 50.756860373968465 ], [ 1.978631817447242, 50.756849366751581 ], [ 1.978633777125897, 50.756820325178708 ], [ 1.978636651034276, 50.756814556477927 ], [ 1.978636583140165, 50.756809225591098 ], [ 1.978638079655277, 50.756804727156599 ], [ 1.978642512245142, 50.756791403052773 ], [ 1.97864809348364, 50.756721897115042 ], [ 1.978658681062814, 50.756613846113034 ], [ 1.978658590019722, 50.756583243222565 ], [ 1.978647946130096, 50.756480859476 ], [ 1.978627465862508, 50.756417328873141 ], [ 1.978581077993364, 50.756333495877087 ], [ 1.978532595867134, 50.756274094911007 ], [ 1.978460097206874, 50.756225521577306 ], [ 1.978393718088691, 50.75619198659988 ], [ 1.978332932912364, 50.756160313649829 ], [ 1.978323728291582, 50.756157177785489 ], [ 1.978329603987849, 50.756058970771193 ], [ 1.978279920974622, 50.755946460539384 ], [ 1.978226141108155, 50.755662613231962 ], [ 1.977907468191691, 50.755397508516701 ], [ 1.976921919589341, 50.754021154659284 ], [ 1.976239492047088, 50.752781978737538 ], [ 1.975805266922403, 50.752019254215014 ], [ 1.975618153816064, 50.751692875910656 ], [ 1.975116518492207, 50.750813775586536 ], [ 1.975138180355196, 50.750685154789991 ], [ 1.975218767977457, 50.750272141998167 ], [ 1.975270785184955, 50.749976535792889 ], [ 1.975274149641516, 50.749957270547128 ], [ 1.975254644953895, 50.749955785795763 ], [ 1.975256393291986, 50.749952379413131 ], [ 1.975260086371299, 50.749943925334783 ], [ 1.9752713495041, 50.749912836314522 ], [ 1.975310782664091, 50.749915845551051 ], [ 1.975316022590818, 50.749915529753693 ], [ 1.975381159052078, 50.749918937523432 ], [ 1.975460057547361, 50.749927214484622 ], [ 1.975485600949536, 50.749929913859312 ], [ 1.975505442358165, 50.749875145924676 ], [ 1.975506083671536, 50.749873343282289 ], [ 1.975544423950887, 50.74976356613886 ], [ 1.975584009456298, 50.749659175172447 ], [ 1.975592814711969, 50.749625128116456 ], [ 1.975608639118714, 50.749512829764065 ], [ 1.975622120348887, 50.749448843106251 ], [ 1.975622526621442, 50.749447411412156 ], [ 1.975650617488043, 50.749365159781739 ], [ 1.976197684590251, 50.749290963656797 ], [ 1.976380647411957, 50.749266445539384 ], [ 1.97660384621166, 50.749141755127795 ], [ 1.976913544307896, 50.748937014123896 ], [ 1.976902524016042, 50.748922565970616 ], [ 1.977852490698558, 50.748116477024688 ], [ 1.977554314029964, 50.747965067840624 ], [ 1.977512315853436, 50.74793403003936 ], [ 1.97746881284847, 50.74784404340874 ], [ 1.977475011129397, 50.747839083970099 ], [ 1.977519031271866, 50.747803862037571 ], [ 1.977559011667329, 50.747739179984826 ], [ 1.977575501233581, 50.747693550650332 ], [ 1.977584868450856, 50.747640214991208 ], [ 1.977584571309114, 50.747585474247124 ], [ 1.977566641022123, 50.747514042615101 ], [ 1.977528564902987, 50.747439249793295 ], [ 1.977508195393865, 50.747412958007914 ], [ 1.977559454932551, 50.74737797880897 ], [ 1.977765903962772, 50.747251202902881 ], [ 1.977769015817232, 50.74724926920149 ], [ 1.97793664823181, 50.747143861386604 ], [ 1.977949720044371, 50.747135208441698 ], [ 1.978096066516153, 50.747033214987404 ], [ 1.978131619752886, 50.74700412411908 ], [ 1.978195104235936, 50.746942728225861 ], [ 1.9782327990958, 50.746895226545348 ], [ 1.978285574167341, 50.74680413011383 ], [ 1.978305621810627, 50.746750973140927 ], [ 1.978332626167082, 50.746605824072368 ], [ 1.978333493965897, 50.746600668249371 ], [ 1.978361303239333, 50.746416042319481 ], [ 1.97836263957747, 50.74640375284033 ], [ 1.978374838548226, 50.746221690756258 ], [ 1.97837516577087, 50.746212960156001 ], [ 1.978376075367567, 50.746099004034498 ], [ 1.978370092038445, 50.746055882925816 ], [ 1.978330468457837, 50.745918262884992 ], [ 1.978328291972847, 50.745911303655781 ], [ 1.978280275537274, 50.745769127905966 ], [ 1.978279061923456, 50.745765663215778 ], [ 1.978252280520364, 50.745691860497125 ], [ 1.978235666212398, 50.745665724653456 ], [ 1.979141797010235, 50.74564857886844 ], [ 1.979436102527784, 50.745364737526018 ], [ 1.979456283536825, 50.745346058633267 ], [ 1.979450773418404, 50.745338834630104 ], [ 1.979210182612509, 50.744999456908737 ], [ 1.979088480388969, 50.744794759497452 ], [ 1.978818150403806, 50.744526924982473 ], [ 1.978397364020604, 50.744493858656121 ], [ 1.978150900178717, 50.744304288221564 ], [ 1.978055006860396, 50.744286137382453 ], [ 1.978057793215148, 50.7442819448572 ], [ 1.978064079346831, 50.744248970286669 ], [ 1.978070336284749, 50.744216148810054 ], [ 1.978053868660667, 50.744150701998031 ], [ 1.978018585861409, 50.744077726577629 ], [ 1.978000168639246, 50.744047247871741 ], [ 1.977950635716939, 50.743979539512317 ], [ 1.977924872701472, 50.743950102733521 ], [ 1.977956634927189, 50.743890669030144 ], [ 1.977988250879796, 50.743773822744281 ], [ 1.977989018569862, 50.743736190813102 ], [ 1.977977208711002, 50.743684563599487 ], [ 1.97789277325126, 50.743575402575665 ], [ 1.977865056079229, 50.74351858825225 ], [ 1.9778164112013, 50.743456022624486 ], [ 1.977796784932775, 50.743453884681237 ], [ 1.977769723135957, 50.743456376851043 ], [ 1.977754162990632, 50.743460924996334 ], [ 1.977606925287759, 50.74348859102269 ], [ 1.977577033580744, 50.743497769145051 ], [ 1.977506532542409, 50.74351950069817 ], [ 1.977425551315237, 50.74353516497407 ], [ 1.977392096080387, 50.743512901483406 ], [ 1.977319748239493, 50.743477089854579 ], [ 1.977288184591327, 50.743447630241107 ], [ 1.977211924410944, 50.74336097011215 ], [ 1.977150285003621, 50.743309076228016 ], [ 1.977009282067343, 50.743219078997065 ], [ 1.976967407246575, 50.743196029397275 ], [ 1.976880562337235, 50.743154934418165 ], [ 1.976799958008526, 50.743125843068789 ], [ 1.976774616748009, 50.743121394235089 ], [ 1.976715842863433, 50.743066153222891 ], [ 1.976666246810239, 50.743028544940344 ], [ 1.976510791330932, 50.742932689659874 ], [ 1.976369838736825, 50.742842669956978 ], [ 1.976246985177249, 50.742761915192723 ], [ 1.976147886278313, 50.742668126171964 ], [ 1.97606001117111, 50.742568178838418 ], [ 1.975991083308389, 50.742511720788642 ], [ 1.975898909508608, 50.742470735979154 ], [ 1.975791748422437, 50.742448896577621 ], [ 1.975679201484099, 50.742448159353145 ], [ 1.975661208071835, 50.742451568054072 ], [ 1.97531618778459, 50.742252955737563 ], [ 1.974996402086328, 50.741984704357314 ], [ 1.97488484257264, 50.741769316956173 ], [ 1.974776001812469, 50.741559335923917 ], [ 1.974752018796536, 50.741418253126646 ], [ 1.97457266973451, 50.741112529199285 ], [ 1.97459855042191, 50.741007348923688 ], [ 1.974602868522273, 50.740963455641442 ], [ 1.974596040098357, 50.740820012468383 ], [ 1.974593199302662, 50.74068647422942 ], [ 1.974589627962101, 50.740656768154807 ], [ 1.97455598699716, 50.740503939860112 ], [ 1.974528261272499, 50.740441639594053 ], [ 1.974456848119489, 50.740337854704762 ], [ 1.97439490290098, 50.740276020141536 ], [ 1.974254152239855, 50.74017435566698 ], [ 1.974252126642217, 50.740172904533395 ], [ 1.974221460885028, 50.740151115102705 ], [ 1.974180781226313, 50.740126260854652 ], [ 1.974042373622705, 50.740053610488047 ], [ 1.973979305802996, 50.740020505967735 ], [ 1.973915840517268, 50.739993590773615 ], [ 1.973773971596585, 50.739945896284937 ], [ 1.973629991920048, 50.739884888687627 ], [ 1.973582398145235, 50.739867984232987 ], [ 1.973473692703226, 50.739893869079481 ], [ 1.973464144468456, 50.739876740462591 ], [ 1.973282844500105, 50.739925227610811 ], [ 1.973279978475497, 50.739925933825297 ], [ 1.973272974004605, 50.739923885571365 ], [ 1.97326295656102, 50.739921206226953 ], [ 1.973236684824401, 50.739914816990193 ], [ 1.973191826286644, 50.739846675419187 ], [ 1.973350390756109, 50.739817294066505 ], [ 1.973342410654669, 50.73979803332503 ], [ 1.973338055025849, 50.739796868334075 ], [ 1.973204375587039, 50.739764357677338 ], [ 1.97314139654879, 50.739752928910349 ], [ 1.973052397375247, 50.739742003413859 ], [ 1.972746154169197, 50.739801718349405 ], [ 1.97268396481056, 50.739813857707503 ], [ 1.972650068595971, 50.739820471898668 ], [ 1.972619544591057, 50.739789198769927 ], [ 1.97260102285241, 50.739773661395517 ], [ 1.972588843634328, 50.739766646686832 ], [ 1.972803519186172, 50.739724798540735 ], [ 1.972797943477113, 50.739719086008598 ], [ 1.972717979674906, 50.739660930481968 ], [ 1.97261289034695, 50.739622073320085 ], [ 1.972493730430478, 50.739606602113646 ], [ 1.972373034964451, 50.73961614435845 ], [ 1.972079175287403, 50.739671148229434 ], [ 1.972023705785594, 50.739684643875108 ], [ 1.971946860941832, 50.739707923836896 ], [ 1.971944205436777, 50.739710922765596 ], [ 1.971871029694957, 50.739789824323957 ], [ 1.971859458691034, 50.739802381502123 ], [ 1.97184410945723, 50.739833662297713 ], [ 1.971824769527496, 50.739873345304609 ], [ 1.971818953006374, 50.739885316213659 ], [ 1.971802889054943, 50.739881167391374 ], [ 1.971751980131386, 50.739871626165069 ], [ 1.971749341009252, 50.739871146843619 ], [ 1.971717821146881, 50.739865603971111 ], [ 1.971726304624467, 50.739847674762451 ], [ 1.971651778974362, 50.739826957997664 ], [ 1.971654230528534, 50.739824645120486 ], [ 1.971703322330737, 50.739775426776646 ], [ 1.971778977911088, 50.739816881881417 ], [ 1.971796384008113, 50.739781849174136 ], [ 1.971836719768696, 50.739738381547198 ], [ 1.971801339841667, 50.739732723744872 ], [ 1.971773926406222, 50.73973389597527 ], [ 1.971723679445507, 50.739725059860589 ], [ 1.971670105852835, 50.739710607506836 ], [ 1.971642228048024, 50.739741091378846 ], [ 1.97158392830438, 50.739804860578396 ], [ 1.971581612615678, 50.739807443785431 ], [ 1.971574092611061, 50.739815547615109 ], [ 1.971435841271953, 50.739764691103652 ], [ 1.971517148378799, 50.73967581490102 ], [ 1.971493529974389, 50.739670601334055 ], [ 1.971450486283042, 50.739662878088737 ], [ 1.97131370427013, 50.739643800149928 ], [ 1.971298693240132, 50.739642702823147 ], [ 1.971276614630769, 50.739614179932055 ], [ 1.971257388584656, 50.739589342176778 ], [ 1.971253095031414, 50.739583967127047 ], [ 1.971196524472852, 50.739515299964822 ], [ 1.971188176263415, 50.739505706992141 ], [ 1.971159128824173, 50.739474059177574 ], [ 1.971120461610648, 50.739439399976007 ], [ 1.97104385707174, 50.739382232767085 ], [ 1.971017544674385, 50.739364505252361 ], [ 1.970932346330298, 50.739312651067856 ], [ 1.97086324327716, 50.739279350313844 ], [ 1.97079728707018, 50.739254576022397 ], [ 1.970765631870732, 50.739243937413562 ], [ 1.970688327620133, 50.739220863918362 ], [ 1.97061379323933, 50.739204395387382 ], [ 1.970499105045434, 50.739187318823369 ], [ 1.97042387361278, 50.739174306221805 ], [ 1.970357102956666, 50.739166759090111 ], [ 1.970261049428808, 50.739161477410043 ], [ 1.97021598469669, 50.739160711776741 ], [ 1.970138289935014, 50.739162334532224 ], [ 1.970136720960193, 50.739162126221743 ], [ 1.970067532125617, 50.73914143598769 ], [ 1.970013639743614, 50.739135708407417 ], [ 1.969999346810202, 50.739128352813019 ], [ 1.969936175064201, 50.739097558452784 ], [ 1.969924118455347, 50.739053328403614 ], [ 1.969917597175601, 50.739034124811994 ], [ 1.969911157856604, 50.739018333590529 ], [ 1.969914285898458, 50.739010365311827 ], [ 1.96991886183914, 50.738907657431 ], [ 1.969902983345677, 50.738854581609658 ], [ 1.969850666711261, 50.738770689829259 ], [ 1.969779996943854, 50.738700110461231 ], [ 1.969752491398401, 50.73867607076491 ], [ 1.969682976585478, 50.738622620255164 ], [ 1.969637128966817, 50.738587312984002 ], [ 1.969623263383783, 50.738577222632763 ], [ 1.969499161678616, 50.738491842797771 ], [ 1.969467772367727, 50.738472605275504 ], [ 1.969355897856588, 50.738411555346765 ], [ 1.969298206587188, 50.738385609086556 ], [ 1.969167675105176, 50.738337864875596 ], [ 1.969156309324948, 50.738333871173587 ], [ 1.96902726325613, 50.738290348779451 ], [ 1.968889219353817, 50.738234797181356 ], [ 1.968816331955421, 50.738194092626287 ], [ 1.968732611450835, 50.738138305286839 ], [ 1.968607616149815, 50.738012069138698 ], [ 1.968506648438726, 50.737899326912355 ], [ 1.968418729766068, 50.737777170130755 ], [ 1.968363872591328, 50.737722195855191 ], [ 1.968176878407854, 50.737581474383958 ], [ 1.968024031421474, 50.737443409003895 ], [ 1.968011452383804, 50.737432693874901 ], [ 1.967820877378742, 50.73727945847066 ], [ 1.967803842969054, 50.737266702327474 ], [ 1.967647709662326, 50.737157723206408 ], [ 1.967644106397976, 50.737155243423587 ], [ 1.967510225580069, 50.737064396035706 ], [ 1.967431424328348, 50.737023628354216 ], [ 1.967244843670885, 50.736951187968877 ], [ 1.967180492056718, 50.736931250243344 ], [ 1.966958159105834, 50.736878254670863 ], [ 1.966943151328773, 50.736874904359887 ], [ 1.966912762948137, 50.736868573345305 ], [ 1.966905850640394, 50.736858302112829 ], [ 1.966905576628705, 50.736857895985445 ], [ 1.966728556629468, 50.736596190025971 ], [ 1.966665490426965, 50.736532713233288 ], [ 1.966574600976642, 50.736484710485463 ], [ 1.966464785142322, 50.736456880580143 ], [ 1.966346792347885, 50.73645194767024 ], [ 1.966232172392716, 50.736470394617278 ], [ 1.96613214493702, 50.7365104157277 ], [ 1.96605650129663, 50.736568093498434 ], [ 1.966012646026939, 50.736637782073217 ], [ 1.966004872102424, 50.73671265988088 ], [ 1.966033940646414, 50.736785397365999 ], [ 1.966122012459608, 50.736915605549264 ], [ 1.966210820387648, 50.737046901254018 ], [ 1.966284773191038, 50.737156792218904 ], [ 1.966340126015955, 50.737214697106154 ], [ 1.966418780231569, 50.737260474044341 ], [ 1.966514464314749, 50.737290472963778 ], [ 1.966699807177841, 50.737329086848348 ], [ 1.966881022465589, 50.737372281610966 ], [ 1.966993162287504, 50.737415820280987 ], [ 1.967022910481212, 50.737436006641076 ], [ 1.967015113722425, 50.737440826548919 ], [ 1.967004061072004, 50.73748164654873 ], [ 1.967013991398988, 50.73752510558991 ], [ 1.967067529604327, 50.737594248229591 ], [ 1.967112695971575, 50.737623669786373 ], [ 1.967278340464795, 50.737764432394115 ], [ 1.967380930234638, 50.737927604165044 ], [ 1.967413473423579, 50.738102065361382 ], [ 1.967412301849153, 50.738158914178555 ], [ 1.967440002877597, 50.738280138469719 ], [ 1.967435664193311, 50.738490670275354 ], [ 1.967433588700271, 50.738498335629401 ], [ 1.967433552746351, 50.738500080258255 ], [ 1.967443987070739, 50.738545742242216 ], [ 1.967439648380212, 50.738756273963418 ], [ 1.967332998110352, 50.738955650637152 ], [ 1.967134474940646, 50.739124355662113 ], [ 1.967113714146989, 50.739133666294599 ], [ 1.966931614953723, 50.739246234662353 ], [ 1.966855132114468, 50.739311228875266 ], [ 1.966806234037907, 50.739341455993106 ], [ 1.966802453923881, 50.739355416047374 ], [ 1.9668056570945, 50.739369434086548 ], [ 1.966827643966985, 50.739383755981159 ], [ 1.96683553417132, 50.739384616274755 ], [ 1.966964891865344, 50.73937271399204 ], [ 1.967054389260328, 50.739355079356265 ], [ 1.967064262566706, 50.739354170893769 ], [ 1.967126752043081, 50.739341857867629 ], [ 1.967153954368144, 50.739339354908964 ], [ 1.967485731208938, 50.739342108420892 ], [ 1.967799929486454, 50.739409784157822 ], [ 1.968065794276157, 50.739535757770383 ], [ 1.968212741169771, 50.739667691213803 ], [ 1.968289167615657, 50.739717472022882 ], [ 1.968362947026371, 50.739783712904249 ], [ 1.968458507685232, 50.739845956478668 ], [ 1.96852283665035, 50.739852969513493 ], [ 1.968731186288444, 50.739833796371627 ], [ 1.969062966489742, 50.739836545676241 ], [ 1.969163446626881, 50.739858186732135 ], [ 1.969273882291039, 50.739870225572183 ], [ 1.969588086295377, 50.73993789674013 ], [ 1.969635970745504, 50.739960584392378 ], [ 1.969754193708196, 50.740000049382601 ], [ 1.969833404002694, 50.740008683872027 ], [ 1.96989270927364, 50.740009174844289 ], [ 1.970083748072995, 50.739991592638532 ], [ 1.970357655122638, 50.739993859454231 ], [ 1.970412619365018, 50.739988800654636 ], [ 1.970744400684941, 50.739991545475526 ], [ 1.971058607436003, 50.740059212918005 ], [ 1.971324483864301, 50.740185179444509 ], [ 1.971447856013621, 50.740265531307649 ], [ 1.971498076059585, 50.740271004923684 ], [ 1.971611597772335, 50.740260555582942 ], [ 1.971943380957326, 50.740263297205964 ], [ 1.972257591031675, 50.740330961593223 ], [ 1.972523471916213, 50.74045692550623 ], [ 1.972602907852475, 50.740508660033726 ], [ 1.97280380684867, 50.740575716788591 ], [ 1.972806712767683, 50.740576342549176 ], [ 1.972860311804303, 50.740594232931031 ], [ 1.972862549241908, 50.740594714739537 ], [ 1.973128433045973, 50.740720677309646 ], [ 1.973214218914906, 50.740797686176307 ], [ 1.973272273562553, 50.740835494712762 ], [ 1.973368754236785, 50.740922103598407 ], [ 1.973020109780427, 50.741255907410597 ], [ 1.973880967609058, 50.741965640456272 ], [ 1.972760399946133, 50.742748761411988 ], [ 1.973875666710414, 50.742845903809339 ], [ 1.974642263616133, 50.74291144828851 ], [ 1.97501701362191, 50.74299784206768 ], [ 1.975011133801379, 50.743007495610158 ], [ 1.975005557464527, 50.743026619362318 ], [ 1.975005646047541, 50.743046067595373 ], [ 1.975011396506432, 50.743065170575498 ], [ 1.975013511656744, 50.743068584425387 ], [ 1.974910056726891, 50.743032195280158 ], [ 1.97488896211493, 50.743026368166923 ], [ 1.974803524371482, 50.74300271538641 ], [ 1.974796804536896, 50.743049945954219 ], [ 1.974819603427587, 50.743118723160983 ], [ 1.974873159473932, 50.743180244048055 ], [ 1.974920196286012, 50.743219233648105 ], [ 1.974983070628674, 50.743271351115951 ], [ 1.975011508001887, 50.743250998651042 ], [ 1.97508696592354, 50.743295590577041 ], [ 1.975046441914492, 50.743322259791654 ], [ 1.975069850172705, 50.743340184424582 ], [ 1.975104465626955, 50.743359626411547 ], [ 1.975232818001121, 50.743431843732004 ], [ 1.975237146435562, 50.743434571442172 ], [ 1.975278044526039, 50.743405654446839 ], [ 1.975353472728917, 50.743349793428195 ], [ 1.975423689893619, 50.743403560989258 ], [ 1.975428385405444, 50.743407231986936 ], [ 1.975622955345932, 50.743570154752824 ], [ 1.975710369318137, 50.74365699048586 ], [ 1.975769260233834, 50.743731751195241 ], [ 1.975602693997066, 50.743816530619945 ], [ 1.975615728200789, 50.743833077274154 ], [ 1.975641917804287, 50.743821523277113 ], [ 1.975733223495229, 50.743782791230522 ], [ 1.975741707730908, 50.743782861062982 ], [ 1.975784018855127, 50.743788593438879 ], [ 1.975806239961899, 50.743808518129825 ], [ 1.975878046013619, 50.743893460424971 ], [ 1.975878916989108, 50.743913119656753 ], [ 1.975852283813041, 50.743929142587589 ], [ 1.97572764476535, 50.743998709465473 ], [ 1.975770397992964, 50.744069341702868 ], [ 1.975783661396969, 50.744088646856582 ], [ 1.975953354706863, 50.744308451833085 ], [ 1.976154020108896, 50.744603039135391 ], [ 1.97616128502941, 50.744613704345042 ], [ 1.976162101813273, 50.744614894466778 ], [ 1.976315125902026, 50.744836206083683 ], [ 1.97632671039993, 50.744832104938332 ], [ 1.976391964073959, 50.744905596502619 ], [ 1.976580152947006, 50.744876214631567 ], [ 1.976622046846597, 50.744906137800719 ], [ 1.976646835484465, 50.744920569992971 ], [ 1.976675718859718, 50.744931516000293 ], [ 1.976685265782369, 50.744933620574557 ], [ 1.976680191926239, 50.744989087664251 ], [ 1.976677623059471, 50.744997142716556 ], [ 1.976654977610929, 50.745039491026198 ], [ 1.976609218815603, 50.745091699607656 ], [ 1.976601546768153, 50.745099752196644 ], [ 1.976628631818774, 50.745146835471594 ], [ 1.976672661899385, 50.745200725929408 ], [ 1.976685305781763, 50.745209603774171 ], [ 1.976695350875681, 50.745181694490135 ], [ 1.976828466983277, 50.745138729003479 ], [ 1.976863121407273, 50.745180148046693 ], [ 1.976866986973303, 50.745261720906946 ], [ 1.976795285515944, 50.745428105612483 ], [ 1.976780726417354, 50.745437106639777 ], [ 1.976784520622699, 50.745453085665915 ], [ 1.976784223511973, 50.74545377511425 ], [ 1.97661650957073, 50.745622058084656 ], [ 1.976378525569555, 50.745751838850978 ], [ 1.976251795354257, 50.745787076390748 ], [ 1.97589008606999, 50.745725954918314 ], [ 1.975869885236728, 50.745745530423115 ], [ 1.975747748208372, 50.745862743067647 ], [ 1.975692147549343, 50.745862285439735 ], [ 1.975695091375645, 50.745859383340083 ], [ 1.975694236099306, 50.745858853648066 ], [ 1.975502280087226, 50.745764797565322 ], [ 1.975651942833438, 50.74586195451451 ], [ 1.975435100220012, 50.745860169457806 ], [ 1.975266021080947, 50.745823767928563 ], [ 1.975245127145844, 50.74581387586241 ], [ 1.975244167938767, 50.745813425435884 ], [ 1.975214747213264, 50.745799722888371 ], [ 1.975208639179128, 50.745797021404485 ], [ 1.975194529858218, 50.745791101003526 ], [ 1.975158369618369, 50.745757228749255 ], [ 1.975124844681464, 50.745724100398512 ], [ 1.975272963687936, 50.745616872041225 ], [ 1.97524353114034, 50.745587787676612 ], [ 1.975032426250553, 50.745368432282753 ], [ 1.97502897736477, 50.745364918948503 ], [ 1.974776285628248, 50.745112514289694 ], [ 1.974644218988584, 50.744977764682886 ], [ 1.974633914321204, 50.744967824386023 ], [ 1.974557554427462, 50.74489809898953 ], [ 1.974551536020924, 50.7448927648961 ], [ 1.974482044670664, 50.744832966929557 ], [ 1.974409504341656, 50.74478610530339 ], [ 1.974339910741621, 50.744752304048347 ], [ 1.974296018097208, 50.74473042854563 ], [ 1.974211461207297, 50.744687136085908 ], [ 1.974110447008811, 50.744626287012125 ], [ 1.974107993305284, 50.74462482242776 ], [ 1.97397105055968, 50.744543828929785 ], [ 1.973896203525161, 50.744509590293568 ], [ 1.973751036480493, 50.74445938841373 ], [ 1.973654545967777, 50.744424181872795 ], [ 1.973607209979215, 50.744397340335354 ], [ 1.973572725246905, 50.744360106355643 ], [ 1.973567151720668, 50.744354284502222 ], [ 1.973524198407736, 50.744310857202265 ], [ 1.973481033465653, 50.74427532094591 ], [ 1.97344956981571, 50.744254011351998 ], [ 1.973381792589287, 50.744205540119914 ], [ 1.973367740222568, 50.744196038053154 ], [ 1.973212784992549, 50.744096947954723 ], [ 1.97320298790668, 50.744090911105282 ], [ 1.972855065789571, 50.743884340306046 ], [ 1.972851835389957, 50.743882445160111 ], [ 1.972712068626014, 50.743801426842758 ], [ 1.972709767659676, 50.743800104292873 ], [ 1.972597932500559, 50.743736366160611 ], [ 1.972570075457802, 50.743721983538585 ], [ 1.972436993321214, 50.743659864538209 ], [ 1.972426299323308, 50.743655056625855 ], [ 1.972297721175088, 50.743599403415388 ], [ 1.972285587143665, 50.74359347101575 ], [ 1.972269722552715, 50.743584171587337 ], [ 1.972256146884427, 50.74357659724199 ], [ 1.972218372939501, 50.743556543445131 ], [ 1.972158745139294, 50.74353074034493 ], [ 1.972024607647003, 50.743484202762673 ], [ 1.971886023247283, 50.743431575491464 ], [ 1.971721192469694, 50.743366606116624 ], [ 1.971632703661711, 50.743330554855184 ], [ 1.972009948397695, 50.743068304592441 ], [ 1.971750933046831, 50.74294053472611 ], [ 1.970849855714346, 50.742950135603671 ], [ 1.970610862424865, 50.742929863399986 ], [ 1.970586186573397, 50.742914649502517 ], [ 1.970583305106054, 50.74291287293272 ], [ 1.97055305495854, 50.742896155688641 ], [ 1.97047185344072, 50.742856000213472 ], [ 1.970400623720523, 50.742828387868812 ], [ 1.970290976272074, 50.742796073118775 ], [ 1.970238758661473, 50.742783639299219 ], [ 1.970147179999866, 50.742766729008139 ], [ 1.970130573601717, 50.742763927564809 ], [ 1.969975493743377, 50.742740210089551 ], [ 1.969944526363078, 50.742736356721352 ], [ 1.969830540785301, 50.742725368003683 ], [ 1.969805403378943, 50.742722944630962 ], [ 1.969755204894583, 50.742717488615114 ], [ 1.969736514753791, 50.742715769020258 ], [ 1.969565855641116, 50.742702893436238 ], [ 1.969430521973019, 50.742691239295297 ], [ 1.969409761654505, 50.74268983060734 ], [ 1.969279783768146, 50.742683369933282 ], [ 1.969248323510735, 50.742682662718302 ], [ 1.969109713932484, 50.74268330922532 ], [ 1.969055088302422, 50.74268615266768 ], [ 1.968965937897469, 50.742695070063291 ], [ 1.968879964535253, 50.742698040969408 ], [ 1.968860095339253, 50.742699070531557 ], [ 1.968732631552561, 50.742707885190804 ], [ 1.968689959984436, 50.742712459484963 ], [ 1.968580648355052, 50.742728419598137 ], [ 1.968489887199771, 50.742739323106797 ], [ 1.968468372420691, 50.742742333456576 ], [ 1.968313709730098, 50.742767074650097 ], [ 1.968260130207911, 50.742778484168547 ], [ 1.968202268133673, 50.742794033594016 ], [ 1.968041755605555, 50.742836853435648 ], [ 1.967594883856164, 50.74202671318298 ], [ 1.964720841333992, 50.742449096574347 ], [ 1.964697271563296, 50.742427934237412 ], [ 1.964687614653493, 50.742415508293732 ], [ 1.964857336852057, 50.742401077818506 ], [ 1.9647998394703, 50.742380899793389 ], [ 1.964654918425444, 50.742325994755362 ], [ 1.96465171897068, 50.742324796454504 ], [ 1.964603496696217, 50.742306943171521 ], [ 1.964600372375788, 50.742302908324838 ], [ 1.964576980435334, 50.742287671286242 ], [ 1.964455126136611, 50.742246989591244 ], [ 1.964449911601797, 50.742245866342614 ], [ 1.96439941038243, 50.742202143669225 ], [ 1.964323361838724, 50.742111904620309 ], [ 1.964321129110911, 50.742109295278254 ], [ 1.96424818508964, 50.742025323985473 ], [ 1.964198722405406, 50.741965796346264 ], [ 1.964195370836105, 50.741961854825888 ], [ 1.964093147577274, 50.741844347216947 ], [ 1.964085562884451, 50.741836036897944 ], [ 1.963995583572557, 50.741741962450689 ], [ 1.96397976237792, 50.741726786960491 ], [ 1.963908929722727, 50.741664279417385 ], [ 1.96387374019598, 50.741637652921398 ], [ 1.963864215122777, 50.74163144827952 ], [ 1.963780714120122, 50.741574421036354 ], [ 1.963740821370153, 50.741550926693918 ], [ 1.963665246264587, 50.741512608206179 ], [ 1.963644788782399, 50.741502952792821 ], [ 1.963559297465092, 50.741465449009368 ], [ 1.963461188351837, 50.741434919263348 ], [ 1.963354153597766, 50.741413388351411 ], [ 1.963340346174591, 50.741410798278871 ], [ 1.963205069281575, 50.741387237231578 ], [ 1.963135406827217, 50.741379571245645 ], [ 1.963022382198895, 50.741374142610859 ], [ 1.963018975242081, 50.741373989053251 ], [ 1.962938145147648, 50.741370584907614 ], [ 1.962873716701801, 50.741355779343145 ], [ 1.962782794253557, 50.74132686496359 ], [ 1.962729741597357, 50.741301822897093 ], [ 1.962729123341192, 50.741301398158349 ], [ 1.962743232941508, 50.741249010205543 ], [ 1.96279866635945, 50.74112756608271 ], [ 1.962877842233389, 50.741012399542001 ], [ 1.962881343093284, 50.741007136714401 ], [ 1.962892879764718, 50.74098919881407 ], [ 1.962953957925225, 50.740909201437006 ], [ 1.962825175200985, 50.740855388907789 ], [ 1.962790595567608, 50.740934068404357 ], [ 1.962781524192675, 50.740941889562649 ], [ 1.962767993165379, 50.740946532784861 ], [ 1.962752709436119, 50.740947033537381 ], [ 1.962738500920844, 50.740943415392636 ], [ 1.962733464546577, 50.740940771064793 ], [ 1.962725970355593, 50.740933888654247 ], [ 1.962723529032792, 50.740922023144854 ], [ 1.962730373152834, 50.740905658499322 ], [ 1.962749907655363, 50.740860451226098 ], [ 1.962797474331026, 50.740798150713722 ], [ 1.962881412622291, 50.740704692792434 ], [ 1.962968326059036, 50.740629744635477 ], [ 1.963088252898273, 50.740548045524385 ], [ 1.963107261779307, 50.740532236172584 ], [ 1.963121044798678, 50.74051437742726 ], [ 1.963129072287088, 50.740495155591617 ], [ 1.963131035758904, 50.740475309351091 ], [ 1.963126859766132, 50.74045560138584 ], [ 1.963116704796765, 50.740436789061356 ], [ 1.963100961106255, 50.740419595323395 ], [ 1.963080233719361, 50.740404680915887 ], [ 1.963072905579212, 50.740401133129723 ], [ 1.963095818575966, 50.740385542913515 ], [ 1.963082394608437, 50.740364522534151 ], [ 1.963116414300731, 50.740353858214341 ], [ 1.963128639725856, 50.740364459213126 ], [ 1.963141243934417, 50.740356757198199 ], [ 1.963163176142411, 50.740342492434912 ], [ 1.963008777995588, 50.740252187570661 ], [ 1.96299146642461, 50.740242033220206 ], [ 1.962899132490683, 50.74024411268109 ], [ 1.96280699606584, 50.740265429782518 ], [ 1.962788320734901, 50.74026975058122 ], [ 1.962695417728921, 50.740315862140889 ], [ 1.962569189108378, 50.740401853845448 ], [ 1.962541405587845, 50.74042312113594 ], [ 1.962443492468626, 50.740507554058219 ], [ 1.962419601144501, 50.740530886496593 ], [ 1.962328404281279, 50.740632425179555 ], [ 1.962316666707774, 50.740646572858324 ], [ 1.962209098256963, 50.740787458786933 ], [ 1.962199326078608, 50.740801369692051 ], [ 1.962184953172353, 50.740823717065176 ], [ 1.962103056642844, 50.740942838598983 ], [ 1.962086019370766, 50.740926799969799 ], [ 1.962028982875635, 50.740855086710823 ], [ 1.962028213146269, 50.740854124411932 ], [ 1.961936269491451, 50.740739829280074 ], [ 1.961884179452557, 50.740671491474167 ], [ 1.961864055803826, 50.740632389603654 ], [ 1.961857118731794, 50.740594464277102 ], [ 1.961858019554243, 50.740550989489314 ], [ 1.961874805873093, 50.740491882642367 ], [ 1.961900882204795, 50.740425664159318 ], [ 1.961919638444115, 50.740386595341469 ], [ 1.961966667199021, 50.740314045485327 ], [ 1.962019277192552, 50.740246250851548 ], [ 1.962045911493281, 50.740200446353896 ], [ 1.962055625399976, 50.740176244918899 ], [ 1.96211545762693, 50.740176395659162 ], [ 1.962159810462087, 50.74017481645344 ], [ 1.962410504193598, 50.740156267823991 ], [ 1.962444423193315, 50.740152738958635 ], [ 1.962620271131086, 50.740129078988083 ], [ 1.962690493864147, 50.740111999444728 ], [ 1.962728443257363, 50.740102769387867 ], [ 1.962818508437269, 50.740056536378752 ], [ 1.962856984999264, 50.740018980730383 ], [ 1.962881650431635, 50.739994905613472 ], [ 1.962911688523974, 50.73992390998162 ], [ 1.962905682508444, 50.739850499052679 ], [ 1.962864220447288, 50.73978185879519 ], [ 1.96282296401479, 50.739749497431397 ], [ 1.962796353774731, 50.739795185491488 ], [ 1.962691665179578, 50.739776634776192 ], [ 1.962728612224056, 50.739698822484833 ], [ 1.962728452486316, 50.739698756588382 ], [ 1.962533924124322, 50.739670328308272 ], [ 1.962527441476789, 50.739667389332439 ], [ 1.962466664226518, 50.7396693912995 ], [ 1.962307647979341, 50.739690786619235 ], [ 1.96209614652916, 50.739706435456448 ], [ 1.961964261538395, 50.739706103125748 ], [ 1.961874245648623, 50.739712918332764 ], [ 1.961861166588724, 50.739714962323632 ], [ 1.961770676158927, 50.739729104093655 ], [ 1.961695894158773, 50.739746380219984 ], [ 1.961606222034801, 50.739774347518072 ], [ 1.961525375667014, 50.73980858178885 ], [ 1.961461353890571, 50.739854986518793 ], [ 1.961429615206091, 50.73988523192719 ], [ 1.961378529902526, 50.739958637250048 ], [ 1.961366816876954, 50.739988460288686 ], [ 1.961337828563834, 50.740060679975372 ], [ 1.961296796679204, 50.740113553828337 ], [ 1.961286543900685, 50.740127970693102 ], [ 1.96122810781656, 50.740218116412997 ], [ 1.96121634107745, 50.74023902582384 ], [ 1.961189736879597, 50.740294440145398 ], [ 1.961184711201253, 50.740305949840966 ], [ 1.961153362829828, 50.740385553303597 ], [ 1.96114818729449, 50.740400842114738 ], [ 1.961123778292895, 50.740486785023364 ], [ 1.961117939911059, 50.740525365776939 ], [ 1.96111632137376, 50.74060342269167 ], [ 1.961118758056897, 50.74063359996147 ], [ 1.961132730165764, 50.740709992305113 ], [ 1.961148553347448, 50.740755840732874 ], [ 1.961187976682723, 50.740832445535659 ], [ 1.96120662591597, 50.740861811531218 ], [ 1.961271333213303, 50.740946703611648 ], [ 1.961274871050959, 50.740951220676699 ], [ 1.961368234120118, 50.74106728215132 ], [ 1.96143538676024, 50.741151716012212 ], [ 1.961458912564, 50.741177180515962 ], [ 1.961531043857909, 50.741245084530156 ], [ 1.961601201768717, 50.741294345581458 ], [ 1.961682337863673, 50.741337198554184 ], [ 1.961712698569437, 50.74135162965721 ], [ 1.961837875387924, 50.741405004024031 ], [ 1.961918735568754, 50.741445739672635 ], [ 1.961928020914663, 50.741450267396665 ], [ 1.961993845506527, 50.741481326740434 ], [ 1.962044445920719, 50.74149523775074 ], [ 1.962045100363433, 50.741496518483046 ], [ 1.962090776325276, 50.741544459540712 ], [ 1.962135384611615, 50.741582102950332 ], [ 1.962212075272477, 50.74163478942981 ], [ 1.962262785501254, 50.74166372076963 ], [ 1.962369225701199, 50.741713963158155 ], [ 1.962424009369728, 50.741735375753997 ], [ 1.962563101468811, 50.741779608706885 ], [ 1.962602693714433, 50.741790409211504 ], [ 1.962736408829291, 50.741821136748435 ], [ 1.96283739046328, 50.74183458440536 ], [ 1.962968507795391, 50.741840106414344 ], [ 1.963044416257615, 50.741843752347371 ], [ 1.963112670284968, 50.741855640085639 ], [ 1.963112979164439, 50.74185584129291 ], [ 1.963304477994936, 50.742027788976827 ], [ 1.963321865552399, 50.742063325166363 ], [ 1.963381197149183, 50.742139673285237 ], [ 1.963495521471241, 50.742214144204382 ], [ 1.963523429403869, 50.742232323394418 ], [ 1.963545575959285, 50.742246749616825 ], [ 1.963558644544874, 50.742252942198178 ], [ 1.963750146426784, 50.742424889110481 ], [ 1.963848536338563, 50.742625969180004 ], [ 1.963844182158009, 50.742836499493208 ], [ 1.963737508852594, 50.743035871863384 ], [ 1.963538957358193, 50.743204570107643 ], [ 1.96326796292634, 50.743326080512261 ], [ 1.963240406594079, 50.74333470208812 ], [ 1.963186067331874, 50.743368286779571 ], [ 1.963110495149541, 50.743459416970616 ], [ 1.963109508415347, 50.74346126104777 ], [ 1.96310145212038, 50.743470975880321 ], [ 1.9630967759777, 50.743488238607739 ], [ 1.963099978386236, 50.743502256702982 ], [ 1.963149874485284, 50.743534758368106 ], [ 1.963309211932823, 50.743552134621659 ], [ 1.963307173192018, 50.74355966106593 ], [ 1.963432012094555, 50.743579781118655 ], [ 1.963433558531391, 50.743574072720214 ], [ 1.963435089846241, 50.743574239731331 ], [ 1.963546380543334, 50.743598213543294 ], [ 1.963555011181918, 50.743599604512966 ], [ 1.96372017832884, 50.743617615945908 ], [ 1.964034398265451, 50.743685300757996 ], [ 1.964185068044048, 50.743756692697957 ], [ 1.964272641855812, 50.743785928960456 ], [ 1.964518489064036, 50.743902417657068 ], [ 1.964526029225282, 50.743904934890431 ], [ 1.964687511342504, 50.743922543047134 ], [ 1.964684884530015, 50.743932241419287 ], [ 1.964892576171485, 50.743957561226786 ], [ 1.965211797053572, 50.744079868529994 ], [ 1.965444570343562, 50.74426471941463 ], [ 1.965467246371697, 50.744308035179884 ], [ 1.965468188776891, 50.744307740314021 ], [ 1.965597903538147, 50.744474637990898 ], [ 1.965647151441278, 50.7445067147301 ], [ 1.965683264197319, 50.744510652129748 ], [ 1.965723455007982, 50.7445069549523 ], [ 1.965938602838859, 50.744439925567605 ], [ 1.966255088301796, 50.744377885877022 ], [ 1.966586301746425, 50.744380815399829 ], [ 1.966762176824629, 50.744418730195271 ], [ 1.966872893868911, 50.744430800724984 ], [ 1.967051158733863, 50.744414400161354 ], [ 1.967382968639787, 50.744417153891021 ], [ 1.967505539660636, 50.74443051609255 ], [ 1.967503735578779, 50.74443717825396 ], [ 1.967755967003933, 50.744469009106545 ], [ 1.968082904417464, 50.744599886674017 ], [ 1.968314207026871, 50.744796409752645 ], [ 1.968347000992149, 50.744838599916086 ], [ 1.968445739042717, 50.745041107182516 ], [ 1.968469456927229, 50.745146469133111 ], [ 1.96849512851549, 50.745179616103407 ], [ 1.968519607369035, 50.745195558562102 ], [ 1.968570607643369, 50.745212582088669 ], [ 1.968610395534095, 50.745216919164008 ], [ 1.968646658685257, 50.745213582473134 ], [ 1.968670788519827, 50.745198667427196 ], [ 1.968682971613539, 50.745183974268656 ], [ 1.968866554890161, 50.745027979161726 ], [ 1.968870521807555, 50.745023194897094 ], [ 1.96889497904381, 50.744932870379991 ], [ 1.96889851882374, 50.744908419810876 ], [ 1.968901015174998, 50.744899200438518 ], [ 1.969007671955409, 50.74469982474632 ], [ 1.969090701764996, 50.744629271189801 ], [ 1.96917851962753, 50.744523357372145 ], [ 1.96917964822065, 50.744523734086279 ], [ 1.969311751406308, 50.744410585986202 ], [ 1.969394448400122, 50.744310847119685 ], [ 1.969421815961611, 50.744259686990567 ], [ 1.969425091549804, 50.744255736411901 ], [ 1.96962362664816, 50.744087030848256 ], [ 1.969676143928476, 50.744063479271496 ], [ 1.969681472578926, 50.74406018537929 ], [ 1.969839046726173, 50.743962781001095 ], [ 1.970016663998231, 50.74381184676777 ], [ 1.970287644926229, 50.743690321674073 ], [ 1.970600104583617, 50.743628750721101 ], [ 1.97069724619481, 50.743641661099005 ], [ 1.970802575160473, 50.743636198348639 ], [ 1.970833651157177, 50.743631673511132 ], [ 1.970858683610061, 50.743629977219051 ], [ 1.970869050811483, 50.743630062961572 ], [ 1.970894613529811, 50.743633055426045 ], [ 1.970950989699612, 50.74364486622904 ], [ 1.970966537933235, 50.743647883683963 ], [ 1.971085075233848, 50.743669083849518 ], [ 1.971184438581737, 50.743703162004735 ], [ 1.971325652069558, 50.743760694052099 ], [ 1.971330298741397, 50.743762556225711 ], [ 1.971500052709172, 50.74382946627955 ], [ 1.971505255162412, 50.743831479201873 ], [ 1.971652605929294, 50.743887435614049 ], [ 1.971665047187183, 50.743891953806482 ], [ 1.971773658666642, 50.743929635504692 ], [ 1.971776686959196, 50.743931243200471 ], [ 1.971797995095927, 50.743943733562034 ], [ 1.971823112346967, 50.743957189074031 ], [ 1.971856717955449, 50.743973619118741 ], [ 1.971873958020533, 50.743981554450556 ], [ 1.972005923213099, 50.744038673880922 ], [ 1.972119244222941, 50.744091569136657 ], [ 1.972216549556971, 50.744147026564583 ], [ 1.972353546265016, 50.744226439584885 ], [ 1.972694875607991, 50.744429097192054 ], [ 1.972837785428682, 50.744520485112943 ], [ 1.972902055112327, 50.744566448238082 ], [ 1.972908774609991, 50.744571124599524 ], [ 1.972919363841189, 50.744578296490658 ], [ 1.972939293714697, 50.744598446527675 ], [ 1.972940582473051, 50.744599749522145 ], [ 1.973001511629923, 50.744665536993274 ], [ 1.973073598345932, 50.744721365912312 ], [ 1.973192433087013, 50.744788750668476 ], [ 1.973254233546744, 50.744817077335526 ], [ 1.973387595556608, 50.744865737324815 ], [ 1.973394936649352, 50.744868345511343 ], [ 1.973478164897088, 50.744897127715419 ], [ 1.973557392849568, 50.744948720621771 ], [ 1.973645538997968, 50.744990475364162 ], [ 1.973715206081894, 50.745032441711189 ], [ 1.973737494766262, 50.745044825210115 ], [ 1.973821725374153, 50.745087950814728 ], [ 1.973881457377606, 50.745141565468472 ], [ 1.973950639347703, 50.745186615785848 ], [ 1.973984001205248, 50.745197749876567 ], [ 1.97399445283554, 50.745202700728143 ], [ 1.974023843458063, 50.745229538021071 ], [ 1.974151886522117, 50.745360183908083 ], [ 1.974153761206324, 50.745362076442483 ], [ 1.974405646593411, 50.745613678707386 ], [ 1.97461721747568, 50.74583352106891 ], [ 1.974621632357686, 50.745837994126376 ], [ 1.974721445865167, 50.745936627862164 ], [ 1.974726426258729, 50.745941418886815 ], [ 1.974780547931852, 50.745992116466489 ], [ 1.974882288385059, 50.746055959815585 ], [ 1.974914040756117, 50.746069283437237 ], [ 1.974935038099384, 50.746079062861924 ], [ 1.975049105070467, 50.74613306699829 ], [ 1.975087201695052, 50.746151734001863 ], [ 1.975142388102238, 50.746178774799006 ], [ 1.975133968932426, 50.746262972952692 ], [ 1.975163090689414, 50.746301184883961 ], [ 1.975165020886773, 50.746303623627838 ], [ 1.975132985665146, 50.746314955475768 ], [ 1.975133174748607, 50.746406842941006 ], [ 1.975140295100472, 50.746450573301708 ], [ 1.975182309844251, 50.746460981940963 ], [ 1.975231959213223, 50.746543677879764 ], [ 1.975312629750485, 50.746527292459326 ], [ 1.975377688069657, 50.746513560236444 ], [ 1.975380831275261, 50.746512910779096 ], [ 1.975386563700415, 50.746525573325407 ], [ 1.97544395650148, 50.746623857091542 ], [ 1.975452166749876, 50.746635494675694 ], [ 1.975516041539034, 50.746712041359373 ], [ 1.975516526271279, 50.746721711053247 ], [ 1.975524047522294, 50.746742263148683 ], [ 1.975537743866324, 50.746761489386309 ], [ 1.975557088965893, 50.746778650910841 ], [ 1.975569957895687, 50.746786312325895 ], [ 1.975632194263605, 50.746873474311407 ], [ 1.975504984484814, 50.746921377330558 ], [ 1.975484744234248, 50.746929017657031 ], [ 1.975446243500785, 50.746943561517313 ], [ 1.975450279585273, 50.746949214065495 ], [ 1.975453453166757, 50.746953541289486 ], [ 1.97554747424907, 50.747078410818048 ], [ 1.975562233728018, 50.747098012837192 ], [ 1.975571908763577, 50.74710997090996 ], [ 1.97562859098388, 50.747175357698588 ], [ 1.975668053397959, 50.747163837654711 ], [ 1.975749814673595, 50.747260168103772 ], [ 1.97574614725053, 50.747266598840149 ], [ 1.97578680921533, 50.747304711920428 ], [ 1.975949421697349, 50.747248315499384 ], [ 1.976034689898694, 50.747298792558958 ], [ 1.976060083457828, 50.747310996064435 ], [ 1.976084858675301, 50.747318458100239 ], [ 1.976315064422622, 50.747687176398564 ], [ 1.976295041669761, 50.747707884447195 ], [ 1.976246950816533, 50.747786644005537 ], [ 1.976245849145366, 50.74787110401455 ], [ 1.976256639987528, 50.747910424641368 ], [ 1.976220721754628, 50.747934076664485 ], [ 1.976090487080613, 50.748009652608403 ], [ 1.976090493864006, 50.748009655922424 ], [ 1.976129986211697, 50.748028914891684 ], [ 1.976177179453362, 50.748052006064832 ], [ 1.976073885919013, 50.748137122286437 ], [ 1.976025151738768, 50.748113300519847 ], [ 1.975977819170716, 50.748090163834888 ], [ 1.975936811144305, 50.748120514921148 ], [ 1.975809543285916, 50.748210889943344 ], [ 1.97561419079688, 50.748338552225249 ], [ 1.975585061641378, 50.748360866551295 ], [ 1.975535334287742, 50.748508051161878 ], [ 1.975505976350316, 50.748601851591729 ], [ 1.975484032203876, 50.748672023043497 ], [ 1.975476197367111, 50.748694911106952 ], [ 1.975450995621383, 50.748717640747302 ], [ 1.975343935489626, 50.748810169270527 ], [ 1.975330056109338, 50.748825975735357 ], [ 1.975352972413399, 50.748759153402062 ], [ 1.975358542552417, 50.74874268805781 ], [ 1.975386822951045, 50.748660095660341 ], [ 1.975432834419883, 50.748512770937673 ], [ 1.975438281438373, 50.748495407222222 ], [ 1.975439842531939, 50.748490798836777 ], [ 1.975424217110974, 50.74850489850008 ], [ 1.975276530957149, 50.748638097711172 ], [ 1.975170754651008, 50.748729516401852 ], [ 1.975125811015441, 50.748780700024412 ], [ 1.975077582732091, 50.748856577437635 ], [ 1.9750599605886, 50.748892252648041 ], [ 1.975023964103236, 50.748992459151417 ], [ 1.975023475282748, 50.748993839070621 ], [ 1.974984840010172, 50.749104459219545 ], [ 1.974971441910242, 50.749140968077512 ], [ 1.974937354504937, 50.74923385354797 ], [ 1.974936106139657, 50.749237377629875 ], [ 1.974899853606185, 50.749343522674465 ], [ 1.974860733529316, 50.749367705091778 ], [ 1.974832083063128, 50.749385415604486 ], [ 1.974804545416157, 50.749402438200754 ], [ 1.974700141254338, 50.749449259777343 ], [ 1.97462913208175, 50.749493154369056 ], [ 1.974616949725052, 50.749507847970335 ], [ 1.974418409268577, 50.749676561922264 ], [ 1.974343080493749, 50.749723126128991 ], [ 1.974323436624732, 50.749795696703131 ], [ 1.974321531050533, 50.749888762592732 ], [ 1.974305041629127, 50.749919590163891 ], [ 1.974302142103327, 50.749930301936843 ], [ 1.974272021523989, 50.749986613400729 ], [ 1.974238011558169, 50.750112255284712 ], [ 1.974237906193131, 50.750117400656038 ], [ 1.974205383145093, 50.750274243628411 ], [ 1.974116044331702, 50.750421936272616 ], [ 1.974073462811121, 50.750473293562138 ], [ 1.97404572703468, 50.750575754310667 ], [ 1.974040910555289, 50.750575229568476 ], [ 1.97399608986716, 50.750730349800037 ], [ 1.973820163386963, 50.750926232890954 ], [ 1.973552127950452, 50.751074261392418 ], [ 1.97340044180446, 50.751112663009991 ], [ 1.973311255905875, 50.751069969246977 ], [ 1.973246945570686, 50.751045079059651 ], [ 1.973087432571615, 50.750996300301985 ], [ 1.972975235355878, 50.750958694606602 ], [ 1.972919928678933, 50.750940157135545 ], [ 1.972850961316811, 50.750915472028012 ], [ 1.972777840471559, 50.750888985979216 ], [ 1.972596993389969, 50.750806590787391 ], [ 1.972333571963277, 50.750673752921493 ], [ 1.972257076231759, 50.750630830220544 ], [ 1.97220917165366, 50.750601236834989 ], [ 1.972112391013885, 50.750557733918214 ], [ 1.97199925699663, 50.75053513090883 ], [ 1.971940848831199, 50.750529552589839 ], [ 1.971859589425375, 50.750432181414425 ], [ 1.971856064175273, 50.750428057399631 ], [ 1.971753693295684, 50.750311103352338 ], [ 1.971678400728945, 50.750207248582882 ], [ 1.971658866878934, 50.75018387348112 ], [ 1.971613173883472, 50.750135936562373 ], [ 1.97157255052125, 50.750101060836975 ], [ 1.971526544527452, 50.750068376188288 ], [ 1.971441282201015, 50.750023579902006 ], [ 1.971338944504587, 50.749996795076399 ], [ 1.971228696800173, 50.749990420557083 ], [ 1.971131023933363, 50.749994099891431 ], [ 1.971130452684471, 50.749994168880434 ], [ 1.971037668913527, 50.750005374218716 ], [ 1.971024119960579, 50.750008193326231 ], [ 1.971006034135048, 50.749984930056435 ], [ 1.970914958539451, 50.749954535057483 ], [ 1.970801385744357, 50.749942158452484 ], [ 1.9707535153862, 50.749878915899444 ], [ 1.970710461521576, 50.749815894372837 ], [ 1.970703479858057, 50.749795339663599 ], [ 1.970665796934249, 50.749731455350066 ], [ 1.970600748376309, 50.749677144242199 ], [ 1.97057884665893, 50.749663530432642 ], [ 1.970570023075495, 50.749658045809966 ], [ 1.970468863634516, 50.749613397439553 ], [ 1.970350200089407, 50.749592307515584 ], [ 1.970289463175465, 50.749588215627028 ], [ 1.970200708154572, 50.749589030534658 ], [ 1.970181591254662, 50.749592192131558 ], [ 1.970093987450501, 50.749549599343958 ], [ 1.970056043843233, 50.749537619827755 ], [ 1.969955723419428, 50.749516634546815 ], [ 1.969850144348257, 50.749514493093933 ], [ 1.969838888784907, 50.749515291220696 ], [ 1.969778168279054, 50.749507672310116 ], [ 1.969663250348663, 50.749516381823803 ], [ 1.969558199080646, 50.749547194198364 ], [ 1.969473297526504, 50.749597093337876 ], [ 1.969416856430297, 50.74966119481136 ], [ 1.969410220785413, 50.749682479390387 ], [ 1.969394400719537, 50.749733223957953 ], [ 1.969408128656322, 50.749806130079889 ], [ 1.969456696602402, 50.749872776607504 ], [ 1.969535350487368, 50.749926639680318 ], [ 1.969636391132556, 50.749962446761032 ], [ 1.969684252903666, 50.749973611155312 ], [ 1.969753921282838, 50.749978963744873 ], [ 1.969760281276596, 50.749982545932802 ], [ 1.969822029400607, 50.750009695496033 ], [ 1.969824763076043, 50.750010897443588 ], [ 1.969968653721484, 50.750048831954778 ], [ 1.970030308894565, 50.750056015986168 ], [ 1.970071965187444, 50.750061573771468 ], [ 1.970077538526744, 50.750069732080142 ], [ 1.970083487035324, 50.750077997253989 ], [ 1.970177126716542, 50.750201708626626 ], [ 1.970180143840136, 50.75020560202509 ], [ 1.97025007489638, 50.750293775272382 ], [ 1.970306304891061, 50.750371889883418 ], [ 1.970356959886777, 50.750423370257501 ], [ 1.970426729417543, 50.750464888907572 ], [ 1.970496795366664, 50.750496875620506 ], [ 1.970592323968405, 50.750528260397765 ], [ 1.970698047069202, 50.750540880865032 ], [ 1.970805023312423, 50.750533669667661 ], [ 1.970888757727398, 50.750520004523445 ], [ 1.970890439450163, 50.750519661049211 ], [ 1.970930759585558, 50.750511426076358 ], [ 1.971022431834976, 50.75048879282734 ], [ 1.971065596888477, 50.750485244273143 ], [ 1.971087396485722, 50.750515314024028 ], [ 1.971100070436848, 50.750531182522835 ], [ 1.971207456507484, 50.750653867992618 ], [ 1.971253216801941, 50.750708702332666 ], [ 1.971083988302933, 50.750756197282179 ], [ 1.971055352661846, 50.750765189801548 ], [ 1.970947679387989, 50.750802753419876 ], [ 1.970928394867231, 50.750806743924358 ], [ 1.970851527223438, 50.750822649944595 ], [ 1.970825689123747, 50.750828679098234 ], [ 1.97067210344743, 50.75086868690191 ], [ 1.970644793424426, 50.750876636532944 ], [ 1.970560781768167, 50.750903759405077 ], [ 1.970506772248525, 50.750925083781944 ], [ 1.970432494151173, 50.750960363190295 ], [ 1.970425522901491, 50.75096375685937 ], [ 1.970403109685335, 50.750974938202987 ], [ 1.970351207804842, 50.751000830603402 ], [ 1.97027242090094, 50.751054769519385 ], [ 1.970223763738826, 50.751121513819626 ], [ 1.970209999319366, 50.751194530141085 ], [ 1.970232475148139, 50.751266671148016 ], [ 1.970288991275554, 50.751330875159013 ], [ 1.970374015589342, 50.751380857400072 ], [ 1.970479225305663, 50.751411725216592 ], [ 1.970594321665621, 50.751420457017502 ], [ 1.970643044589055, 50.751414347641337 ], [ 1.970708038087277, 50.751406198062782 ], [ 1.970809243073841, 50.75137034413526 ], [ 1.970880104466, 50.751334993209554 ], [ 1.970925308834895, 50.75131352270062 ], [ 1.970967467028734, 50.751299912049063 ], [ 1.971094401952039, 50.751266846519634 ], [ 1.971210574076869, 50.751242807282189 ], [ 1.971274210587698, 50.751225306928063 ], [ 1.971398393964055, 50.751181983440446 ], [ 1.971604286295477, 50.751124198439861 ], [ 1.971613122115544, 50.751121630165912 ], [ 1.971682961780001, 50.751100622659116 ], [ 1.971745211003277, 50.751082686091316 ], [ 1.971817214814437, 50.751175635129087 ], [ 1.971951649869328, 50.751296292790613 ], [ 1.971965335627679, 50.751313895365961 ], [ 1.972003860626767, 50.751348472000366 ], [ 1.972044069435859, 50.751400188180199 ], [ 1.972063152202008, 50.751412613527357 ], [ 1.972254718208399, 50.751584544850111 ], [ 1.972264266220354, 50.751596825265899 ], [ 1.972338975555671, 50.751604965540025 ], [ 1.972398294621986, 50.751605455309935 ], [ 1.972639675764875, 50.751583240382473 ], [ 1.972648151326737, 50.7515815703768 ], [ 1.972700731932381, 50.751576731178453 ], [ 1.972913689006249, 50.751535495600038 ], [ 1.972919120778862, 50.751534995676892 ], [ 1.972990100371361, 50.751521009798061 ], [ 1.97302486058728, 50.751517810614772 ], [ 1.973329905718551, 50.751520327352466 ], [ 1.973362478342645, 50.751530709205895 ], [ 1.973315299923018, 50.751529518453978 ], [ 1.97320283133001, 50.751537205164013 ], [ 1.973149431053651, 50.7515408026591 ], [ 1.973043370482737, 50.751565727479239 ], [ 1.973077892000333, 50.751583807348467 ], [ 1.973149689119818, 50.751613509298501 ], [ 1.973302868777963, 50.751662332228392 ], [ 1.973313102941026, 50.751665474190922 ], [ 1.973453701650095, 50.751707014394619 ], [ 1.97346231016673, 50.751709476228697 ], [ 1.973618983481807, 50.751752812961847 ], [ 1.973716141250071, 50.751788781043771 ], [ 1.973741576951879, 50.751797399059605 ], [ 1.973861054291812, 50.751834277911463 ], [ 1.97395608909511, 50.751854359335546 ], [ 1.974050624449124, 50.751865906751711 ], [ 1.974227707820138, 50.751861006039874 ], [ 1.974235739902769, 50.75185955509194 ], [ 1.974280712279031, 50.751897461252341 ], [ 1.974416256060664, 50.752016167684907 ], [ 1.97443186249788, 50.752028908495461 ], [ 1.974481209026612, 50.752066506923775 ], [ 1.97448468305284, 50.752070615935139 ], [ 1.974509388077462, 50.752116125057448 ], [ 1.97455103902477, 50.752210296035763 ], [ 1.974551545194174, 50.752211429726394 ], [ 1.974592136816834, 50.752301498485444 ], [ 1.974638285798625, 50.752365885809027 ], [ 1.974704849030007, 50.752431042856642 ], [ 1.974713832469765, 50.752439440914131 ], [ 1.974771953074106, 50.752491369904241 ], [ 1.974773684309399, 50.752493569510271 ], [ 1.97477669636941, 50.752512156402481 ], [ 1.974788061364577, 50.752550771451062 ], [ 1.974824520997244, 50.752635421990469 ], [ 1.97485319815868, 50.752682108460853 ], [ 1.974920809158658, 50.752765220838434 ], [ 1.974943460315265, 50.752785150655576 ], [ 1.974936476304623, 50.75282517898232 ], [ 1.974940584461247, 50.752895411968098 ], [ 1.974955131887689, 50.75294488560678 ], [ 1.975009564288324, 50.753029366145029 ], [ 1.975010298175997, 50.753033768034896 ], [ 1.975028519476315, 50.753111089514874 ], [ 1.975054182958308, 50.753168951293851 ], [ 1.97509810054474, 50.753234818899195 ], [ 1.9751888347384, 50.753313642825567 ], [ 1.975195672596777, 50.753368216234179 ], [ 1.975224970172699, 50.753457294280103 ], [ 1.975254595440263, 50.753512542507032 ], [ 1.975304413032718, 50.753561602000104 ], [ 1.975386591266878, 50.753624195071623 ], [ 1.975395553074485, 50.753630774287849 ], [ 1.975398609852071, 50.753632937689446 ], [ 1.975412047680485, 50.753665647938377 ], [ 1.975441777321915, 50.75374638628044 ], [ 1.975477024641988, 50.753805467074116 ], [ 1.975523009311411, 50.753859617798405 ], [ 1.975566930443541, 50.753927271943226 ], [ 1.975651390529119, 50.754087341679075 ], [ 1.975727507898478, 50.754243307526025 ], [ 1.975732232444191, 50.754252347578962 ], [ 1.975770439485773, 50.754320859852541 ], [ 1.975771355225036, 50.754322483319868 ], [ 1.975841746116341, 50.754445872672115 ], [ 1.97586394705264, 50.754511900346991 ], [ 1.975863717033368, 50.754571603087157 ], [ 1.975866847999656, 50.754602966610584 ], [ 1.975880993254255, 50.75467217817009 ], [ 1.975908123489717, 50.754735328124617 ], [ 1.975961203007707, 50.754791456318728 ], [ 1.976014104564909, 50.754833169158999 ], [ 1.976016711693917, 50.754834908823739 ], [ 1.976020576799476, 50.75487612121799 ], [ 1.976031084568999, 50.754915690601379 ], [ 1.976072891553098, 50.754991678384457 ], [ 1.976152035975618, 50.75505458255455 ], [ 1.976227469791755, 50.755097259202621 ], [ 1.976261408287313, 50.755119353446467 ], [ 1.97626887390296, 50.755125384144748 ], [ 1.97627351737138, 50.755137125041806 ], [ 1.976314380576867, 50.755200358876436 ], [ 1.976341568862263, 50.755229642051901 ], [ 1.976343100372047, 50.755246638531474 ], [ 1.976364571856043, 50.755313671880891 ], [ 1.976415052379288, 50.75537411677 ], [ 1.976445050460307, 50.755400185981323 ], [ 1.976438499539889, 50.755468736199411 ], [ 1.976459045945944, 50.755562395966685 ], [ 1.976490421454695, 50.755619186290758 ], [ 1.976495333620023, 50.755627261464603 ], [ 1.976493759955947, 50.755655624318372 ], [ 1.976496970229622, 50.75569631096613 ], [ 1.97650988562402, 50.75575653883395 ], [ 1.976542529361204, 50.755826428841296 ], [ 1.976570065307781, 50.755863446111306 ], [ 1.976573944013065, 50.755868505437512 ], [ 1.976587737049299, 50.755885971981208 ], [ 1.976594766600037, 50.755897043060671 ], [ 1.976620363177923, 50.755937355938805 ], [ 1.976629042492417, 50.755949966723939 ], [ 1.976697281617115, 50.756041821925933 ], [ 1.976751090614411, 50.756147180720582 ], [ 1.976761808339434, 50.756165562908279 ], [ 1.976805712470201, 50.756232326798823 ], [ 1.97684919386358, 50.756281305644926 ], [ 1.976890892548405, 50.756317541889651 ], [ 1.976958289892188, 50.756362481030209 ], [ 1.97701473161117, 50.756384456472752 ], [ 1.976815939618112, 50.75655464841131 ], [ 1.975777865158695, 50.757440755917337 ], [ 1.974758680256402, 50.757009643404608 ], [ 1.974747326609157, 50.756963572386724 ], [ 1.97470520632138, 50.756878875779343 ], [ 1.974655440699445, 50.75681477956811 ], [ 1.974579965776625, 50.756746234601621 ], [ 1.974527059370965, 50.756695904386845 ], [ 1.974481492722116, 50.756639972091463 ], [ 1.974411260020781, 50.75655341812022 ], [ 1.974392193473016, 50.75653691462243 ], [ 1.974292860957659, 50.756399048095886 ], [ 1.974286137227913, 50.756390215950667 ], [ 1.974004731706654, 50.756039729604126 ], [ 1.973994886555481, 50.756028277464964 ], [ 1.973893794481527, 50.755918183323608 ], [ 1.973779871276292, 50.755769707245996 ], [ 1.973766339117563, 50.755753699400884 ], [ 1.973674994171907, 50.755655136337964 ], [ 1.973630512215609, 50.755616798384068 ], [ 1.973425485924615, 50.75547364427382 ], [ 1.973315051755469, 50.755387151291472 ], [ 1.973304663926871, 50.755379372180741 ], [ 1.973292636843457, 50.755370757584259 ], [ 1.973291868572975, 50.755369585962384 ], [ 1.973265756806928, 50.755342646417461 ], [ 1.973256511215951, 50.755291561261068 ], [ 1.973251581563594, 50.755201167377756 ], [ 1.973264179146328, 50.75509983440385 ], [ 1.973295448441057, 50.755025989549722 ], [ 1.973299362996559, 50.755015853253667 ], [ 1.97333843504063, 50.754904008048022 ], [ 1.973346277471707, 50.754869882930052 ], [ 1.973365264968326, 50.754701584958298 ], [ 1.97337554315416, 50.75461307837238 ], [ 1.973376151681181, 50.754606632814181 ], [ 1.973385281433807, 50.754481098607464 ], [ 1.973414670842547, 50.754338619649204 ], [ 1.973416475994981, 50.754328000794445 ], [ 1.973436518883326, 50.754178310183278 ], [ 1.973437716869263, 50.754152077564719 ], [ 1.973419615918696, 50.753723896501867 ], [ 1.973407621913626, 50.753670518400334 ], [ 1.973346975130467, 50.753523751481467 ], [ 1.97333349895848, 50.753497516444021 ], [ 1.973255457898467, 50.753371244828358 ], [ 1.973220909173375, 50.753328681574878 ], [ 1.973130763307667, 50.753240895703492 ], [ 1.973069421522618, 50.753195183806795 ], [ 1.972935212042928, 50.753117802320453 ], [ 1.972919333145109, 50.753109152934556 ], [ 1.972853900379576, 50.753075497398299 ], [ 1.972851258628731, 50.753073085482974 ], [ 1.972827479626075, 50.753050480179887 ], [ 1.972822159719554, 50.753041714198623 ], [ 1.972821664774284, 50.753022054041949 ], [ 1.972820316943188, 50.752950724150281 ], [ 1.972797722875802, 50.752872613634899 ], [ 1.972764938980386, 50.752815810471326 ], [ 1.972708850649013, 50.752751779602725 ], [ 1.972624450967585, 50.752701786449542 ], [ 1.972571168016468, 50.752678913048811 ], [ 1.972496922203183, 50.752654285588044 ], [ 1.972493173851969, 50.752653366997258 ], [ 1.972487385892465, 50.752645335110664 ], [ 1.972473002298102, 50.752617456918721 ], [ 1.972467594210451, 50.752538418091326 ], [ 1.9724666830116, 50.752529241755347 ], [ 1.972455684535197, 50.752444800680067 ], [ 1.972445842169933, 50.752407033161859 ], [ 1.972408193315812, 50.752311603920361 ], [ 1.972392495045138, 50.752280918458588 ], [ 1.97232672654062, 50.752177180912661 ], [ 1.972267090343506, 50.752113991758634 ], [ 1.972179592785577, 50.75206558603729 ], [ 1.972072798716609, 50.752036701993433 ], [ 1.971957161778164, 50.752030166966151 ], [ 1.971881184610207, 50.752041214141414 ], [ 1.971879060515328, 50.752044403877193 ], [ 1.971868982706612, 50.752073663779939 ], [ 1.971854995736119, 50.752114197922744 ], [ 1.971852076201026, 50.752132389887777 ], [ 1.971834974380896, 50.752242103986234 ], [ 1.971833439917869, 50.752245197764367 ], [ 1.97183020814618, 50.752264021568315 ], [ 1.971830844077163, 50.752268601239841 ], [ 1.971821287434706, 50.752329910124736 ], [ 1.971794231967456, 50.752504040474498 ], [ 1.971775832346806, 50.752621709657056 ], [ 1.971769153406806, 50.752664547488727 ], [ 1.971756899253473, 50.752743009083495 ], [ 1.971788559869138, 50.75280437516146 ], [ 1.971803741974041, 50.752829020692396 ], [ 1.971851879458868, 50.752895821717473 ], [ 1.971916680187885, 50.752957608835892 ], [ 1.971992002666686, 50.753009379508192 ], [ 1.972080061070539, 50.753047354763645 ], [ 1.972081159962129, 50.753091030449667 ], [ 1.972105888356349, 50.753171845809909 ], [ 1.972149673191572, 50.753243994787546 ], [ 1.972187308874962, 50.753290082990027 ], [ 1.972235870732402, 50.753336248445201 ], [ 1.97223979618326, 50.753339905278821 ], [ 1.972274509582483, 50.753371598888833 ], [ 1.972345541768424, 50.753420126918606 ], [ 1.972443793233672, 50.753470663110356 ], [ 1.972534952877617, 50.753523223549777 ], [ 1.97257835594414, 50.753565490824812 ], [ 1.972634598672271, 50.753656494397802 ], [ 1.972678872735356, 50.753763642600632 ], [ 1.972695265778522, 50.754151558613025 ], [ 1.972677686984266, 50.754282831613168 ], [ 1.972647364451063, 50.754429823828303 ], [ 1.972644621899528, 50.754449516640278 ], [ 1.972635006012597, 50.754581708336957 ], [ 1.972625072057498, 50.754667239829182 ], [ 1.972625015932271, 50.754667730051068 ], [ 1.972607944183337, 50.754819027804899 ], [ 1.97257654783853, 50.754908897300695 ], [ 1.97253854392401, 50.754998643413273 ], [ 1.972526988040571, 50.755041202740543 ], [ 1.972510046888624, 50.755177458543585 ], [ 1.972509119795433, 50.755204103093675 ], [ 1.972511527637699, 50.755248267192485 ], [ 1.972515286911896, 50.755317218788662 ], [ 1.972517486401014, 50.755335928817047 ], [ 1.972537815636208, 50.755448264051324 ], [ 1.972590365196221, 50.755544708719626 ], [ 1.972659629913817, 50.755616170205776 ], [ 1.972735163470639, 50.755672102062292 ], [ 1.972742615468366, 50.755674989195832 ], [ 1.972753036151421, 50.755682453237839 ], [ 1.972759579808804, 50.755687578339497 ], [ 1.972853126620085, 50.75576084560668 ], [ 1.972864926474386, 50.755770087408941 ], [ 1.972878402729641, 50.755780050634456 ], [ 1.973065024636395, 50.755910355381637 ], [ 1.973129990559307, 50.7559804558434 ], [ 1.97323270291039, 50.756114323057339 ], [ 1.973255335980993, 50.75621327962714 ], [ 1.973274498899345, 50.756237923262411 ], [ 1.973292499264852, 50.756249642243908 ], [ 1.973484088068594, 50.756421570514163 ], [ 1.973506459342892, 50.756450339774133 ], [ 1.973515225777592, 50.756461889300873 ], [ 1.973536665428371, 50.756490837594562 ], [ 1.973592018116548, 50.756607799754143 ], [ 1.973621895194327, 50.756661302108206 ], [ 1.973624353488791, 50.756676125249093 ], [ 1.973626355766653, 50.756680356108404 ], [ 1.973632546468628, 50.75670742192834 ], [ 1.973629588927437, 50.756707694115562 ], [ 1.97364798624221, 50.756818626682751 ], [ 1.97364683269293, 50.756874918278832 ], [ 1.973658376491976, 50.756925387572565 ], [ 1.973695416283209, 50.756973019613625 ], [ 1.973786819651118, 50.757055041342674 ], [ 1.973885278605311, 50.757256109000927 ], [ 1.973888974641035, 50.757272267542348 ], [ 1.97385954040568, 50.757340775007144 ], [ 1.973854153679286, 50.757355049451959 ], [ 1.973828490852299, 50.757433803506139 ], [ 1.973822243359499, 50.757460739026854 ], [ 1.973808979381939, 50.757555747331288 ], [ 1.973807561411773, 50.757573486279384 ], [ 1.973806311374717, 50.757634494835742 ], [ 1.973815284290996, 50.757682544136372 ], [ 1.973880291015176, 50.757741887688333 ], [ 1.973882383364289, 50.757777173668167 ], [ 1.973911787711716, 50.757802145910716 ], [ 1.973913356196515, 50.757803167008646 ], [ 1.973899945100271, 50.757818323256721 ], [ 1.973795128768855, 50.757893732745963 ], [ 1.973638620093151, 50.75800640403731 ], [ 1.974013868907522, 50.758341088247114 ], [ 1.973930273250616, 50.758454569596971 ], [ 1.973819816291255, 50.75853447582508 ], [ 1.973373334126971, 50.758594663058219 ], [ 1.973094533238207, 50.75878257238724 ], [ 1.972967096758279, 50.758807678851404 ], [ 1.972969351054011, 50.758805883422582 ], [ 1.972752603084696, 50.758675596625018 ], [ 1.972778164739164, 50.758659599778881 ], [ 1.972687456036339, 50.758631638349009 ], [ 1.972563462298111, 50.758607284290747 ], [ 1.972561693191346, 50.758606995793478 ], [ 1.972528799577589, 50.758601631658813 ], [ 1.972526450653392, 50.758601324981939 ], [ 1.972548557782652, 50.758615765330006 ], [ 1.972654371269835, 50.758685015575978 ], [ 1.972610499594329, 50.758720277690813 ], [ 1.972575689887056, 50.758748256437507 ], [ 1.972454324688314, 50.758678518825484 ], [ 1.972424122126083, 50.758661220147893 ], [ 1.972362879435155, 50.758626077453457 ], [ 1.972319813051475, 50.758601404138851 ], [ 1.972290648836827, 50.758616238593774 ], [ 1.972140107409271, 50.758520595989026 ], [ 1.972147728948001, 50.758515733504332 ], [ 1.972051012403476, 50.758480426178991 ], [ 1.972000719125899, 50.758462066073484 ], [ 1.971975703257108, 50.758453727841548 ], [ 1.971917585477797, 50.758436127970079 ], [ 1.971893044495594, 50.7584215271986 ], [ 1.971817094615861, 50.758365112550152 ], [ 1.97178624047239, 50.758344816577228 ], [ 1.971612893636899, 50.758243780358512 ], [ 1.971585944500649, 50.758229514869043 ], [ 1.971551941183756, 50.758213195294999 ], [ 1.971387270350077, 50.758305750343823 ], [ 1.971303177510058, 50.758265390589479 ], [ 1.971200731145537, 50.758213660751949 ], [ 1.971137419165129, 50.7581716328515 ], [ 1.971115542195638, 50.758156710954502 ], [ 1.971049188500736, 50.758097721183113 ], [ 1.970986503495115, 50.75802858549968 ], [ 1.970978258550707, 50.758020461374421 ], [ 1.970975262635977, 50.75801781072353 ], [ 1.971109021759073, 50.757979329674868 ], [ 1.971114868944255, 50.757949496712421 ], [ 1.971171331336958, 50.757958227997236 ], [ 1.971153578088795, 50.757940734959725 ], [ 1.971075770394307, 50.75787189429073 ], [ 1.971019094900818, 50.757832272779332 ], [ 1.970867124072915, 50.757747880399215 ], [ 1.970862482505228, 50.757743981813199 ], [ 1.970853141671041, 50.757726825210014 ], [ 1.970839119003909, 50.757681157656172 ], [ 1.970836155111305, 50.757669935194528 ], [ 1.970990966014945, 50.757562797344434 ], [ 1.971016794361969, 50.757545064119377 ], [ 1.970976236827194, 50.757522295432445 ], [ 1.970946847259825, 50.757506797750395 ], [ 1.969456988291029, 50.756692252540901 ], [ 1.969971013728309, 50.756392309456309 ], [ 1.970270034545052, 50.756228775860087 ], [ 1.969381497494495, 50.755754805889552 ], [ 1.96928776825646, 50.755703778787421 ], [ 1.969265378293705, 50.755691927970879 ], [ 1.969149277850054, 50.755628152751235 ], [ 1.968900234717999, 50.755494181067547 ], [ 1.968155127202594, 50.754857176317323 ], [ 1.967682495441111, 50.75445304325028 ], [ 1.96686890432456, 50.753752330837152 ], [ 1.966939661772141, 50.75368780171906 ], [ 1.966966281409987, 50.753648860250877 ], [ 1.967006755706046, 50.753589650880073 ], [ 1.967035674608914, 50.753518425076621 ], [ 1.967035496875865, 50.753516611120716 ], [ 1.967028481966322, 50.753445016354604 ], [ 1.96698588199574, 50.753376610465622 ], [ 1.966912044790556, 50.753319903424156 ], [ 1.966864262822156, 50.753300635035174 ], [ 1.966814198079698, 50.753280446066555 ], [ 1.966701919716167, 50.7532621007134 ], [ 1.966586200154803, 50.75326666311404 ], [ 1.966478366681034, 50.753293686674482 ], [ 1.966388974675143, 50.753340526170888 ], [ 1.966326774420659, 50.753402596670988 ], [ 1.966293001885643, 50.753452001158365 ], [ 1.966245023332413, 50.753461011707536 ], [ 1.966140535191447, 50.75349259265797 ], [ 1.966056501044755, 50.753543081286445 ], [ 1.966001342801506, 50.75360729112365 ], [ 1.966001118167096, 50.753607552620679 ], [ 1.965991449200436, 50.753624774597498 ], [ 1.965980558380176, 50.753644172875489 ], [ 1.965960506694106, 50.753743665473159 ], [ 1.965970358013905, 50.753814637376735 ], [ 1.96598934300379, 50.753870963341363 ], [ 1.966029349696824, 50.753922670025204 ], [ 1.966080661061311, 50.753972450088831 ], [ 1.966120878811746, 50.754004856487335 ], [ 1.966198413341397, 50.754057150857562 ], [ 1.966216966527838, 50.754069782164279 ], [ 1.966222423073559, 50.754073497066287 ], [ 1.966237944437401, 50.754093290200714 ], [ 1.966262182812275, 50.754142154014204 ], [ 1.966263508649978, 50.754145279490622 ], [ 1.966297612639546, 50.75422567471864 ], [ 1.966307426572102, 50.754268509906453 ], [ 1.966309596210858, 50.754276908641856 ], [ 1.966322795241952, 50.754322782687815 ], [ 1.966350677296308, 50.754378805068818 ], [ 1.966399585839404, 50.754428692671731 ], [ 1.966462231315909, 50.754477669308756 ], [ 1.966502000599478, 50.754504231129076 ], [ 1.966560171512149, 50.754537464776185 ], [ 1.966573199727025, 50.754547650263149 ], [ 1.966584780032801, 50.754567390955401 ], [ 1.966625035664449, 50.754617017548014 ], [ 1.966681931672136, 50.754670433029922 ], [ 1.966790658767154, 50.754737400052939 ], [ 1.966821769055217, 50.754749903427985 ], [ 1.966863904697276, 50.754808833272499 ], [ 1.966965079642367, 50.754910175189416 ], [ 1.966974173499445, 50.754918852426492 ], [ 1.967134117734711, 50.755064367308854 ], [ 1.96719433493879, 50.755125437093419 ], [ 1.967240623862298, 50.755163202831241 ], [ 1.967312163477738, 50.755210682592413 ], [ 1.967338381437429, 50.755228364728893 ], [ 1.967348303554367, 50.755236446678104 ], [ 1.967362145546854, 50.755260087873722 ], [ 1.967383480220806, 50.755344424195549 ], [ 1.96738527074087, 50.7554258780143 ], [ 1.967386019682259, 50.755525309092988 ], [ 1.967386083542239, 50.755528692050135 ], [ 1.967388606418626, 50.755612165591955 ], [ 1.967404668423435, 50.755676259639259 ], [ 1.967435867270508, 50.755741126911545 ], [ 1.967479317217043, 50.755800358199345 ], [ 1.96752131085233, 50.75584146985539 ], [ 1.967534782607179, 50.755854658649319 ], [ 1.96756870348005, 50.755882929871852 ], [ 1.967611920458473, 50.755913797861659 ], [ 1.967669366561737, 50.755947037032726 ], [ 1.967756975954853, 50.75598793182531 ], [ 1.967798129939569, 50.756019026711975 ], [ 1.967841602412285, 50.756046805383278 ], [ 1.967948500935564, 50.756104585422555 ], [ 1.967988483790402, 50.756135250895497 ], [ 1.967990789455593, 50.756138103019943 ], [ 1.967992994251458, 50.756148392773262 ], [ 1.96800101741853, 50.756253480518104 ], [ 1.968012352142909, 50.75645312326732 ], [ 1.96801363614889, 50.756465960657387 ], [ 1.968026005445414, 50.756552207706861 ], [ 1.968050405120339, 50.756617286637187 ], [ 1.968094224095444, 50.756687642294267 ], [ 1.968124703851295, 50.756725930630367 ], [ 1.968189831515461, 50.756791976190925 ], [ 1.968246177831948, 50.756836162350403 ], [ 1.968345362472808, 50.756897106072223 ], [ 1.968453217167004, 50.756943220156067 ], [ 1.968565483077488, 50.756974739874103 ], [ 1.96855411910815, 50.757047962691246 ], [ 1.968553654492559, 50.757051183491988 ], [ 1.968535250481464, 50.757189220987293 ], [ 1.968536598059417, 50.757200956477448 ], [ 1.968536040933778, 50.757202860958799 ], [ 1.968537781083083, 50.757211258928727 ], [ 1.968543673867619, 50.75726257662388 ], [ 1.968550672646719, 50.757273473592413 ], [ 1.968551070590517, 50.757275394065914 ], [ 1.968556816796695, 50.757283039914952 ], [ 1.968587421551123, 50.757330690863967 ], [ 1.968599386461861, 50.757339682635759 ], [ 1.968600700525284, 50.757341431111513 ], [ 1.968634542383385, 50.757372678901866 ], [ 1.968604816952633, 50.757397930552663 ], [ 1.968539059581458, 50.7573948653028 ], [ 1.968537286978769, 50.757394442566621 ], [ 1.968434292890338, 50.757381026362992 ], [ 1.968394093523346, 50.75737724026061 ], [ 1.968374401872976, 50.757376084546053 ], [ 1.968339783844677, 50.757341826899733 ], [ 1.968241564650808, 50.757241169555392 ], [ 1.968219322538896, 50.757220859501025 ], [ 1.968137239782265, 50.757153776117249 ], [ 1.968064709326561, 50.757108901501255 ], [ 1.967990447903581, 50.757074187006786 ], [ 1.96796492357701, 50.757063268090185 ], [ 1.967856864331737, 50.757021094588758 ], [ 1.967849724509011, 50.757018378054454 ], [ 1.967661598877856, 50.756948620312144 ], [ 1.967634712139311, 50.756939573545154 ], [ 1.967352136319276, 50.756853777201741 ], [ 1.967338705758745, 50.75684990688957 ], [ 1.967131916685046, 50.756793453558444 ], [ 1.967116682696674, 50.756789547517897 ], [ 1.967070229388997, 50.756778393988618 ], [ 1.967063179273425, 50.756776753112192 ], [ 1.966904521705288, 50.756740984930957 ], [ 1.966800053885022, 50.756702870107119 ], [ 1.96677073788574, 50.756693255090852 ], [ 1.966654027445524, 50.75665908474307 ], [ 1.966566359321861, 50.756641432686514 ], [ 1.966474531149081, 50.756638094563733 ], [ 1.966449665302865, 50.75663916585102 ], [ 1.966422142803762, 50.756640351588189 ], [ 1.966335140577569, 50.756650862961401 ], [ 1.966254600258996, 50.756674231914594 ], [ 1.966189000762174, 50.756699709928014 ], [ 1.966132130157595, 50.756726915394637 ], [ 1.965989637792327, 50.756809927765474 ], [ 1.965965588817871, 50.756822392187289 ], [ 1.965844256937438, 50.756885277516389 ], [ 1.965836980784375, 50.756878770494041 ], [ 1.965739597357129, 50.75681897408456 ], [ 1.965629644064569, 50.756772835487659 ], [ 1.965528092461613, 50.756725325408254 ], [ 1.965389229086529, 50.756660359038655 ], [ 1.965375150730451, 50.756654088610453 ], [ 1.965339335249449, 50.756638914723446 ], [ 1.965395764277785, 50.75653347277941 ], [ 1.965528705680383, 50.756420546717045 ], [ 1.965552644761588, 50.756391685225907 ], [ 1.965564071151919, 50.756349506695386 ], [ 1.965542192473525, 50.756253783156268 ], [ 1.965502462012035, 50.756202490788112 ], [ 1.965361092801842, 50.756155309388419 ], [ 1.965358186072039, 50.756154683468722 ], [ 1.965341670385944, 50.756149171408516 ], [ 1.965261021827488, 50.756131804930199 ], [ 1.965257180005433, 50.756130522729578 ], [ 1.965176531506309, 50.756113156196044 ], [ 1.965172689687846, 50.756111873992793 ], [ 1.965092041248047, 50.756094507403986 ], [ 1.965055544227618, 50.756082326513976 ], [ 1.965043917340938, 50.756079822805916 ], [ 1.96482660610077, 50.756007294744592 ], [ 1.9648236993862, 50.756006668812233 ], [ 1.964807183807729, 50.756001156679908 ], [ 1.964774529274038, 50.755994124836448 ], [ 1.964640107229436, 50.755979471244416 ], [ 1.964613311403316, 50.755981935366663 ], [ 1.964590023163623, 50.755989081023202 ], [ 1.964533078337567, 50.756006553684898 ], [ 1.964479070620733, 50.756023125103113 ], [ 1.964334281354359, 50.756068250439142 ], [ 1.964253390102536, 50.75611823342868 ], [ 1.964249608010926, 50.756132193050817 ], [ 1.964265145743207, 50.756200181753123 ], [ 1.964314481487827, 50.756300977567619 ], [ 1.964312241056198, 50.756409323370612 ], [ 1.964278989421311, 50.756413144579213 ], [ 1.964250041208963, 50.75641647123976 ], [ 1.964143073098875, 50.756454749263824 ], [ 1.964061836244413, 50.756513176809946 ], [ 1.96401114079747, 50.756564979140698 ], [ 1.963946155366688, 50.756615142660692 ], [ 1.963928566457791, 50.756629868362793 ], [ 1.963813224260533, 50.756734794258328 ], [ 1.963809986711458, 50.756737788664708 ], [ 1.963658400490724, 50.756880348403115 ], [ 1.963656381987786, 50.75688165899895 ], [ 1.963633989930609, 50.756878134742344 ], [ 1.963619592476696, 50.756876061779494 ], [ 1.963596512537894, 50.756873045347554 ], [ 1.962991090946208, 50.756793918127059 ], [ 1.962393721516061, 50.7567111495554 ], [ 1.962332994045295, 50.756706037097715 ], [ 1.962214240135908, 50.756702355059893 ], [ 1.962160849788859, 50.756708310529255 ], [ 1.962157546601651, 50.75670593652189 ], [ 1.962065240353417, 50.756658062733521 ], [ 1.961982404394074, 50.756627759789062 ], [ 1.961895822697838, 50.756604822382087 ], [ 1.961802919675858, 50.75659647929659 ], [ 1.961598857925091, 50.756594777143974 ], [ 1.961442248268123, 50.756593470579425 ], [ 1.961441058101936, 50.756593461867176 ], [ 1.961039127896291, 50.75659093027182 ], [ 1.961017690078042, 50.756590795207231 ], [ 1.960949736971107, 50.756586826503607 ], [ 1.960765999274464, 50.756499782488653 ], [ 1.960748526641483, 50.756488403533154 ], [ 1.96068442307465, 50.756446656373065 ], [ 1.96065650826805, 50.756428476947704 ], [ 1.960600678715058, 50.756392118076349 ], [ 1.960587837189401, 50.756383755050216 ], [ 1.960396292723872, 50.756211806826506 ], [ 1.960299570690041, 50.756014162449716 ], [ 1.960280954271867, 50.756002038340341 ], [ 1.960089412279644, 50.755830089493685 ], [ 1.960053703172464, 50.755784147565642 ], [ 1.960001028804945, 50.755676508992188 ], [ 1.959982497138797, 50.755652203349193 ], [ 1.959954955761886, 50.755616080757648 ], [ 1.959928833942905, 50.75558181970549 ], [ 1.959857704836629, 50.755489973533678 ], [ 1.959806827768364, 50.755456838621519 ], [ 1.959729738179643, 50.755448431682829 ], [ 1.95972836328268, 50.755448420192245 ], [ 1.959728426554159, 50.755445373857512 ], [ 1.959510349317577, 50.755443551100697 ], [ 1.959431581987049, 50.75543496102064 ], [ 1.95941968143443, 50.755436054890168 ], [ 1.959392211483292, 50.755444327147906 ], [ 1.959341660956914, 50.755459835354436 ], [ 1.959196869107568, 50.75550495461404 ], [ 1.959171734657239, 50.755520483462632 ], [ 1.959115491759589, 50.755588279095903 ], [ 1.959088107947938, 50.755639435522106 ], [ 1.95908608639369, 50.755641872316779 ], [ 1.95905870250056, 50.75569302873059 ], [ 1.959037325124291, 50.755718797092193 ], [ 1.959036338408717, 50.755720640433239 ], [ 1.959011410896896, 50.755750687967328 ], [ 1.958812793444576, 50.755919375053622 ], [ 1.958739145737963, 50.755964876016961 ], [ 1.9585992351053, 50.756083701813601 ], [ 1.958558620948825, 50.756132657006873 ], [ 1.958502864526141, 50.756236813172876 ], [ 1.958471498554991, 50.756274620623934 ], [ 1.958414754885962, 50.756380620502604 ], [ 1.958391264363264, 50.756408935011009 ], [ 1.958379831905797, 50.756451112934698 ], [ 1.958388442248919, 50.756488808857966 ], [ 1.958391165110613, 50.756489105821011 ], [ 1.958504565882871, 50.756478683440186 ], [ 1.958705943698561, 50.756439033184698 ], [ 1.959037833336454, 50.756441809018789 ], [ 1.959352127524608, 50.756509504208452 ], [ 1.959618061951431, 50.756635492500351 ], [ 1.959774723127398, 50.756776127783198 ], [ 1.95978832502226, 50.756784986106453 ], [ 1.959935912029104, 50.756917474673479 ], [ 1.960077170012394, 50.757009468975518 ], [ 1.960077170514109, 50.757009469211354 ], [ 1.960080357168833, 50.757011544515265 ], [ 1.960199768901035, 50.757068115201392 ], [ 1.960391315892654, 50.757240063504561 ], [ 1.960436255317033, 50.757297878358465 ], [ 1.960543511618696, 50.757367727646042 ], [ 1.96055140451174, 50.757368588310591 ], [ 1.960622447230594, 50.757362057824956 ], [ 1.960954343119791, 50.757364828662276 ], [ 1.961268645657511, 50.757432519041117 ], [ 1.961534589709099, 50.757558503177705 ], [ 1.961556600574533, 50.757572837015687 ], [ 1.961584516345739, 50.757591016207734 ], [ 1.961612432137312, 50.757609195393094 ], [ 1.961725271438155, 50.757682677847647 ], [ 1.96176539619177, 50.7576870527392 ], [ 1.961862571428541, 50.757707980320276 ], [ 1.96194653644747, 50.757717135102041 ], [ 1.962260842538004, 50.757784822930837 ], [ 1.962526790961875, 50.757910804871791 ], [ 1.962718349185954, 50.758082749284597 ], [ 1.962816765736142, 50.758283825395381 ], [ 1.962821787453953, 50.75830580081994 ], [ 1.962851802868781, 50.758325346398017 ], [ 1.963039679862609, 50.758414342979606 ], [ 1.963231241750546, 50.758586286463675 ], [ 1.963329661338719, 50.758787362001762 ], [ 1.96335120251689, 50.758881622384266 ], [ 1.963146556639289, 50.758790254781104 ], [ 1.963139561097789, 50.758787206400292 ], [ 1.962954450076219, 50.758708493479318 ], [ 1.962928998080992, 50.758698583824398 ], [ 1.962823271324603, 50.758661030174835 ], [ 1.962792093944186, 50.758642023299785 ], [ 1.962687775110679, 50.75859716185775 ], [ 1.962565855683303, 50.758576901247835 ], [ 1.96244025878225, 50.75858355521892 ], [ 1.962393414510362, 50.758591240789109 ], [ 1.962266976418495, 50.75862916709076 ], [ 1.962221267670668, 50.758650322110029 ], [ 1.962163503635527, 50.758683438389461 ], [ 1.962136924275596, 50.758702228461097 ], [ 1.96203428732752, 50.758774786662137 ], [ 1.961970907030418, 50.758836929647927 ], [ 1.961940903739462, 50.758908454109893 ], [ 1.961947214520009, 50.758982358757898 ], [ 1.961967391068647, 50.759015524509394 ], [ 1.961989221782621, 50.759051409285163 ], [ 1.962062813678307, 50.759108846514557 ], [ 1.962160786551196, 50.759149048045522 ], [ 1.962273550070478, 50.759168078630729 ], [ 1.962297663942087, 50.759167250140692 ], [ 1.962390066023026, 50.759164075401451 ], [ 1.962498928861856, 50.759137430226495 ], [ 1.962555302034139, 50.759108370734246 ], [ 1.962720684358872, 50.759178694807204 ], [ 1.96304560974315, 50.759323763357742 ], [ 1.963112639452251, 50.759359768592404 ], [ 1.963176654517948, 50.759387463701657 ], [ 1.963358663495851, 50.759449713785571 ], [ 1.963321645515625, 50.759517776939255 ], [ 1.963305924152306, 50.759536728398245 ], [ 1.963301773069149, 50.759552047733791 ], [ 1.963308969578541, 50.759583537987382 ], [ 1.963392362305001, 50.759753908858507 ], [ 1.963409145690784, 50.75982734807998 ], [ 1.963404788196476, 50.760037872875607 ], [ 1.963402475321003, 50.7600464083839 ], [ 1.963408045515045, 50.760070781785068 ], [ 1.963447204448819, 50.760121152053173 ], [ 1.963533115028809, 50.760198260799683 ], [ 1.963573322038217, 50.760249978861239 ], [ 1.963651586711152, 50.760300940469122 ], [ 1.963687710714305, 50.760304878357445 ], [ 1.963723985218089, 50.760301543167444 ], [ 1.963805444872926, 50.760251214157542 ], [ 1.963840885606226, 50.7602084917825 ], [ 1.963889435569947, 50.760117785171794 ], [ 1.963891843816151, 50.760108897389593 ], [ 1.963998552827731, 50.759909530051893 ], [ 1.964052243339024, 50.759844807412669 ], [ 1.964250859020578, 50.759676112598456 ], [ 1.964521939481637, 50.759554603045466 ], [ 1.964753963236161, 50.759508909549837 ], [ 1.964815510542906, 50.759555489845646 ], [ 1.964833688733698, 50.759568291587883 ], [ 1.965034685795941, 50.759700076385109 ], [ 1.965039951830081, 50.759703461787602 ], [ 1.965277921843997, 50.75985346545955 ], [ 1.965298944588019, 50.759872660324326 ], [ 1.965320495411648, 50.759897031784412 ], [ 1.965333873869897, 50.759904865756077 ], [ 1.965408103114457, 50.759948331813234 ], [ 1.965516416288851, 50.759979949632005 ], [ 1.965634832381636, 50.759988790232391 ], [ 1.965751759843547, 50.759973988223877 ], [ 1.965855752850837, 50.759936992548312 ], [ 1.965915779179272, 50.759895751436751 ], [ 1.965936631759207, 50.759881424640589 ], [ 1.965986479590464, 50.759812723921812 ], [ 1.966000416996595, 50.759737615332959 ], [ 1.965977079844233, 50.759663451037 ], [ 1.965970248229925, 50.759651728940973 ], [ 1.965925777762973, 50.759597630187777 ], [ 1.965884121331995, 50.759559596089062 ], [ 1.965839770641367, 50.759526050806279 ], [ 1.965654781370384, 50.759409444343206 ], [ 1.965647089949976, 50.759375795387804 ], [ 1.965623449064152, 50.759327501796442 ], [ 1.96560748271384, 50.7593069653173 ], [ 1.965585910604065, 50.759292919169404 ], [ 1.965375427368334, 50.759193222647909 ], [ 1.965183855798062, 50.75902128262171 ], [ 1.965085428306278, 50.758820208620975 ], [ 1.965089778630359, 50.75860968337755 ], [ 1.965117394578478, 50.758558083686715 ], [ 1.965353377825022, 50.758305392321695 ], [ 1.965356396629522, 50.758302100170553 ], [ 1.965505531575081, 50.758136435037798 ], [ 1.965524369257921, 50.758112484278449 ], [ 1.965595863449555, 50.758007192659129 ], [ 1.965596169128222, 50.758006741198223 ], [ 1.965791923618841, 50.757716804647195 ], [ 1.965940716440622, 50.757506327322176 ], [ 1.965950791122488, 50.757490601465626 ], [ 1.966002748866114, 50.757400436050432 ], [ 1.966083930203739, 50.757369948516555 ], [ 1.966263563931625, 50.757271981698622 ], [ 1.966464468351317, 50.75716785415139 ], [ 1.966480579405846, 50.757158999028547 ], [ 1.966515508547173, 50.757138650153344 ], [ 1.96656578490765, 50.757156993357825 ], [ 1.966626140540127, 50.757174631670502 ], [ 1.966812696977021, 50.757216689498087 ], [ 1.966847953045033, 50.757225154554135 ], [ 1.967040418771667, 50.75727769766587 ], [ 1.967302604109283, 50.757357303116144 ], [ 1.967473987768222, 50.757420852992581 ], [ 1.967565379922404, 50.757456521732365 ], [ 1.967586066975911, 50.757466192210998 ], [ 1.967624822399634, 50.757497865945517 ], [ 1.967714297978362, 50.757589563741973 ], [ 1.967717397872651, 50.757592685327779 ], [ 1.967803354264681, 50.757677747803214 ], [ 1.967814544295523, 50.757688189856516 ], [ 1.967865953738691, 50.75773348298199 ], [ 1.967935932521365, 50.757780006752782 ], [ 1.968014496089766, 50.757809410521929 ], [ 1.968023241123214, 50.757812683496105 ], [ 1.968121279330967, 50.757829042960978 ], [ 1.968227214023339, 50.757837099761112 ], [ 1.968237137181717, 50.757837768186114 ], [ 1.968305889541798, 50.757841803325242 ], [ 1.968388949401051, 50.757852622848112 ], [ 1.968432176866776, 50.757853870326535 ], [ 1.968436359803667, 50.757854492795254 ], [ 1.968438149870413, 50.757854576239538 ], [ 1.968960128145937, 50.757878907236666 ], [ 1.96889219673431, 50.757842986956128 ], [ 1.968973598319519, 50.757778335101172 ], [ 1.968892635725759, 50.757746078232351 ], [ 1.96887646599363, 50.757739650860756 ], [ 1.969442090157341, 50.757766014288158 ], [ 1.969480896341162, 50.757785407350056 ], [ 1.969517164655506, 50.757803474861255 ], [ 1.969478082863362, 50.757832763428674 ], [ 1.969468458466828, 50.757839862443468 ], [ 1.969400654052908, 50.757890000602636 ], [ 1.969388577615649, 50.757898876917423 ], [ 1.969468577172518, 50.757902605466391 ], [ 1.969469515519573, 50.757902822719814 ], [ 1.969516081163619, 50.757908592233115 ], [ 1.969616722219353, 50.7579121400316 ], [ 1.969715105557717, 50.757898234102257 ], [ 1.969798007322317, 50.757878642603821 ], [ 1.97013884578217, 50.757839673537269 ], [ 1.970149032362658, 50.757863726833889 ], [ 1.970185838532279, 50.757931331560528 ], [ 1.970240012371882, 50.757995807651845 ], [ 1.970302592281895, 50.758048370825236 ], [ 1.970353853735098, 50.75808332617062 ], [ 1.970502347461644, 50.758165788140843 ], [ 1.970544682575566, 50.758203244670597 ], [ 1.970601894827956, 50.758266345009709 ], [ 1.970621332102852, 50.758285545564014 ], [ 1.970697743804713, 50.75835347759493 ], [ 1.970727828016886, 50.758376863259613 ], [ 1.970757125837935, 50.758396846888544 ], [ 1.970760544429306, 50.758399147225248 ], [ 1.970831722722199, 50.75844639717203 ], [ 1.970868589918143, 50.758467759915391 ], [ 1.970980603240563, 50.758524320715409 ], [ 1.970987752594831, 50.758527840529247 ], [ 1.971127838170423, 50.758595073704839 ], [ 1.971271852426584, 50.758679013706008 ], [ 1.971346573524487, 50.758734516033435 ], [ 1.971374663868352, 50.758753184526363 ], [ 1.971455726054131, 50.7588014130896 ], [ 1.971481623040954, 50.758812636947454 ], [ 1.971548934149524, 50.758841809801972 ], [ 1.971645838544724, 50.758871155541677 ], [ 1.971802084711362, 50.758928194875921 ], [ 1.971831453419613, 50.758937829160608 ], [ 1.971936220388263, 50.758968495933047 ], [ 1.97200616092375, 50.758992954772339 ], [ 1.972071442985507, 50.759010810596536 ], [ 1.972158790178612, 50.759028581200631 ], [ 1.972196992344064, 50.759034941507572 ], [ 1.972352881330161, 50.759055294598653 ], [ 1.972430758052396, 50.759125177472747 ], [ 1.972446705275966, 50.759135559352437 ], [ 1.972552971999016, 50.759147136048398 ], [ 1.972603765518133, 50.759150339643412 ], [ 1.972670408571598, 50.759197624493567 ], [ 1.972810987880107, 50.759328124422389 ], [ 1.97281398001053, 50.759330780444863 ], [ 1.972819977840383, 50.759336104533531 ], [ 1.972943732075607, 50.759441216366668 ], [ 1.972950476953059, 50.759446769266944 ], [ 1.973049304544514, 50.759525652637777 ], [ 1.973075805699697, 50.759544597076832 ], [ 1.973167965943916, 50.759603683998257 ], [ 1.973274413646376, 50.759651176715806 ], [ 1.97336114553858, 50.759676757171285 ], [ 1.973441462673894, 50.759704386390197 ], [ 1.973509075823329, 50.759734743513697 ], [ 1.973519209860094, 50.759739134481357 ], [ 1.97364405137029, 50.759791311839841 ], [ 1.973707215029328, 50.759812447530244 ], [ 1.973829235488346, 50.759844104449499 ], [ 1.973925846442212, 50.759876769238126 ], [ 1.974024089893276, 50.75991764249607 ], [ 1.974061811777599, 50.759931385936866 ], [ 1.974140527288126, 50.759956262632322 ], [ 1.974143194292016, 50.759957096977793 ], [ 1.974244413192368, 50.759988440379878 ], [ 1.974261895740647, 50.759993499886107 ], [ 1.974347720683048, 50.760016640361236 ], [ 1.974429154794957, 50.760031848867442 ], [ 1.974491264095205, 50.760038641868057 ], [ 1.974594409395123, 50.760040611042754 ], [ 1.974694361636107, 50.760024339209551 ], [ 1.974744144556924, 50.760011289237873 ], [ 1.974828290986934, 50.759980420272775 ], [ 1.974896759249997, 50.759936653893668 ], [ 1.974927080058205, 50.759911306151416 ], [ 1.974931804651936, 50.75991354339007 ], [ 1.97505876612323, 50.759955900394353 ], [ 1.97518631043209, 50.759969792058854 ], [ 1.975205331201026, 50.75997389098994 ], [ 1.975132835650883, 50.760207771922545 ], [ 1.975132256054114, 50.760482204717093 ], [ 1.975203625472788, 50.760779268753829 ], [ 1.975457906711315, 50.761201528091703 ], [ 1.975465971345459, 50.761222808667682 ], [ 1.975429480911224, 50.762023260843954 ], [ 1.975419343919465, 50.762242125884754 ], [ 1.975272489562295, 50.762435637675289 ], [ 1.974033698353591, 50.764064853802275 ], [ 1.973963885224155, 50.764157600496702 ], [ 1.97403571806658, 50.764173447048712 ], [ 1.975056798354095, 50.764398844143798 ], [ 1.975090975161476, 50.764452280513495 ], [ 1.975158668921768, 50.76450611290921 ], [ 1.975247675988822, 50.764545540868838 ], [ 1.975299686672969, 50.764562120840914 ], [ 1.975429331606938, 50.764586320855663 ], [ 1.975564117417268, 50.764580087593046 ], [ 1.975660865721092, 50.764551811809568 ], [ 1.975669924689974, 50.764558679332836 ], [ 1.975605846365832, 50.764718775586893 ], [ 1.975592266575132, 50.764735149820773 ], [ 1.975583270752467, 50.764768375638106 ], [ 1.97559321891715, 50.764811853972766 ], [ 1.975588912209259, 50.765022377598697 ], [ 1.975482238446297, 50.765221753320795 ], [ 1.975456933977769, 50.765252264475535 ], [ 1.975316910413551, 50.765371215017545 ], [ 1.975218252044907, 50.765490172249514 ], [ 1.975217265480419, 50.765492016122288 ], [ 1.975192343177424, 50.765522066057578 ], [ 1.974993741169694, 50.765690776828471 ], [ 1.974947716835757, 50.765719217247081 ], [ 1.974890988874942, 50.765787615724172 ], [ 1.974692384798828, 50.765956325946291 ], [ 1.974421294363841, 50.766077856462815 ], [ 1.974404383312448, 50.766083146741082 ], [ 1.974176018713259, 50.766185522167767 ], [ 1.973858977570018, 50.766247975744506 ], [ 1.973580601487805, 50.76624568106709 ], [ 1.973543676471106, 50.766249078618166 ], [ 1.973531472321739, 50.766252896317255 ], [ 1.973289003602385, 50.766361591620978 ], [ 1.972971960238497, 50.766424042922274 ], [ 1.972888737387748, 50.766431699976899 ], [ 1.972710990534658, 50.766487099427607 ], [ 1.972510035870796, 50.766577182195348 ], [ 1.972192990170494, 50.766639631492602 ], [ 1.972150951540092, 50.766639284444871 ], [ 1.972015032132458, 50.766598578679215 ], [ 1.971981151255039, 50.7665897007751 ], [ 1.97181637029313, 50.766552447100331 ], [ 1.971816075975026, 50.766552412099749 ], [ 1.971807461419729, 50.766549616409705 ], [ 1.971790330985, 50.766546065521091 ], [ 1.971543601314257, 50.766489575536866 ], [ 1.971456354603663, 50.766476848952301 ], [ 1.971366839448193, 50.766477682984842 ], [ 1.971015316915474, 50.766507979235513 ], [ 1.970962659962709, 50.766515003309848 ], [ 1.970798448091156, 50.766544899815905 ], [ 1.970105690356914, 50.76641526270366 ], [ 1.969744000128937, 50.766370245596235 ], [ 1.969262104111331, 50.766325767380387 ], [ 1.968757854968548, 50.766244450482716 ], [ 1.967766405992889, 50.765880969630928 ], [ 1.967302242425255, 50.765640078535078 ], [ 1.967303725554336, 50.765482622128545 ], [ 1.967378481342053, 50.765356719150518 ], [ 1.96784005417229, 50.76458615342537 ], [ 1.96779829052381, 50.764484409148082 ], [ 1.967753753288389, 50.76437994985934 ], [ 1.967429500916712, 50.764323421272657 ], [ 1.967015496912752, 50.764433947506348 ], [ 1.966719153163698, 50.764601980599871 ], [ 1.966584623167089, 50.76467623950591 ], [ 1.966245467165565, 50.764861862605997 ], [ 1.965942095246668, 50.765011694573225 ], [ 1.965896662059091, 50.765002266255983 ], [ 1.965939478049712, 50.764922273927752 ], [ 1.965971453839396, 50.764883729746863 ], [ 1.96597803030429, 50.764859457538257 ], [ 1.965972770487753, 50.764836449893671 ], [ 1.965893411849809, 50.764784784029544 ], [ 1.965842440975969, 50.764767776077335 ], [ 1.965643560548729, 50.764724958813133 ], [ 1.96537756812758, 50.764598984833569 ], [ 1.965185975871004, 50.764427046221989 ], [ 1.965163573147901, 50.764381285974316 ], [ 1.965159496197736, 50.764376042552421 ], [ 1.965134237232326, 50.76432444796324 ], [ 1.965132316944458, 50.764321978249342 ], [ 1.965107058034318, 50.764270383650413 ], [ 1.965098802896324, 50.7642597665577 ], [ 1.965092384700458, 50.764251365585679 ], [ 1.965077504444499, 50.764231539066614 ], [ 1.965031146423569, 50.764134473934632 ], [ 1.964971179619726, 50.764057068068283 ], [ 1.964920866648876, 50.764024310813333 ], [ 1.96485770448913, 50.763994396311439 ], [ 1.964782089948861, 50.763969164021461 ], [ 1.964743819157288, 50.763964992785574 ], [ 1.96470538908491, 50.763968526208146 ], [ 1.964597713906078, 50.764002201217643 ], [ 1.964280674642308, 50.764064630611522 ], [ 1.963948734194762, 50.764061868657421 ], [ 1.963634386458396, 50.763994185724322 ], [ 1.963425632796299, 50.763895313317995 ], [ 1.963397295311888, 50.763885856777335 ], [ 1.963359024699328, 50.763881685115237 ], [ 1.963322747578284, 50.763885020180723 ], [ 1.963302486241838, 50.763897537323437 ], [ 1.963198041107173, 50.763944348223056 ], [ 1.963098338323628, 50.764005942704941 ], [ 1.963071493932138, 50.764038299165811 ], [ 1.963067079136712, 50.764054589850659 ], [ 1.963086403162045, 50.764139140793617 ], [ 1.963120288589529, 50.764208362596527 ], [ 1.963115929499736, 50.764418885981428 ], [ 1.963065126968094, 50.764513789264093 ], [ 1.962947434589425, 50.764472858322222 ], [ 1.962786285250717, 50.764210320282672 ], [ 1.962681040328426, 50.76400094647218 ], [ 1.962679575029836, 50.763998095501989 ], [ 1.962664073536406, 50.763968586525664 ], [ 1.962644927275768, 50.763491371418446 ], [ 1.96263466031162, 50.763442488449321 ], [ 1.962580957513368, 50.763302954800707 ], [ 1.96257002543794, 50.763279859801003 ], [ 1.962505881880829, 50.763166261656401 ], [ 1.962482584021412, 50.763133357052574 ], [ 1.962409358524209, 50.763048397717029 ], [ 1.962367651964954, 50.763009868333484 ], [ 1.962143344609337, 50.762841992385603 ], [ 1.962057015215486, 50.762794862102886 ], [ 1.961951948121848, 50.762766958174403 ], [ 1.961838427924205, 50.762761012000311 ], [ 1.961727566625084, 50.762777605626518 ], [ 1.961630215969048, 50.762815114772501 ], [ 1.96155590524868, 50.762869867820086 ], [ 1.961511908536967, 50.762936505202163 ], [ 1.961502532641989, 50.763008504018252 ], [ 1.96152869548703, 50.763078816529692 ], [ 1.961560689947508, 50.763112219095298 ], [ 1.961587836202345, 50.763140560038629 ], [ 1.961788200070846, 50.763290517471162 ], [ 1.961829980393542, 50.763338993473937 ], [ 1.961878088280148, 50.763424194504509 ], [ 1.961918003300771, 50.763527907785658 ], [ 1.961937529382194, 50.764014765593124 ], [ 1.961956076682974, 50.764081878376082 ], [ 1.961987996885173, 50.764142643987036 ], [ 1.962095984897387, 50.764357480725394 ], [ 1.962103585557165, 50.76437111152034 ], [ 1.962300671890938, 50.764692203355381 ], [ 1.962392385254662, 50.764777746520053 ], [ 1.962479051297379, 50.764828719166175 ], [ 1.962551561975252, 50.764861874443937 ], [ 1.962603257701605, 50.764879853219504 ], [ 1.962539454964654, 50.76490844762543 ], [ 1.962400788874848, 50.764951811025746 ], [ 1.962394987720786, 50.764973215890613 ], [ 1.962400628825397, 50.764997899179193 ], [ 1.962426822991454, 50.765031713053233 ], [ 1.962532901181327, 50.765100780150775 ], [ 1.962729211071463, 50.765166290814065 ], [ 1.962978680957357, 50.765220005498612 ], [ 1.963244670642476, 50.765345984484263 ], [ 1.963410648785827, 50.765454049112499 ], [ 1.963438569637855, 50.765472227680597 ], [ 1.963511887754021, 50.765519963176054 ], [ 1.963659510162307, 50.765652445374457 ], [ 1.963683534018517, 50.765668086542028 ], [ 1.963734553539276, 50.765685111526942 ], [ 1.963774357355007, 50.765689450022805 ], [ 1.963810635753122, 50.76568611483485 ], [ 1.963891502992877, 50.76563615751359 ], [ 1.963949245772542, 50.765587119978498 ], [ 1.964220358962474, 50.765465612173045 ], [ 1.964537407170888, 50.765403183065622 ], [ 1.964869356541718, 50.765405943444627 ], [ 1.964887988627382, 50.765409954861383 ], [ 1.964910572531646, 50.765426649328298 ], [ 1.964913874764815, 50.765433967202114 ], [ 1.96492852088673, 50.765452024995859 ], [ 1.964948440456765, 50.765467923695383 ], [ 1.964972867978708, 50.765481052320439 ], [ 1.965000864715361, 50.765490906343167 ], [ 1.965307569894139, 50.765575097093738 ], [ 1.96527672756272, 50.765613851058554 ], [ 1.965258860145298, 50.765636315189582 ], [ 1.965346096453646, 50.765687290476421 ], [ 1.965354625749937, 50.76569220692118 ], [ 1.965314838158482, 50.765723953441764 ], [ 1.965359236108564, 50.765737637105538 ], [ 1.965819853443066, 50.765881240322578 ], [ 1.965846372613609, 50.765905038082856 ], [ 1.96586371610182, 50.765927342551663 ], [ 1.965888976627294, 50.765978936867143 ], [ 1.965971039762544, 50.766084473059962 ], [ 1.966140182504705, 50.76619458872581 ], [ 1.966168104761392, 50.766212766661951 ], [ 1.966196027038372, 50.766230944591342 ], [ 1.966211335150655, 50.766240910452886 ], [ 1.966402937867487, 50.766412847012646 ], [ 1.966467826505567, 50.766496294069348 ], [ 1.96659582985239, 50.766611157863011 ], [ 1.966663719909996, 50.7666984638401 ], [ 1.966684961962547, 50.766705551415491 ], [ 1.966804254335203, 50.766762043912394 ], [ 1.966882625168233, 50.766788192770989 ], [ 1.96696587185312, 50.766797264011132 ], [ 1.967036272930481, 50.766812419300493 ], [ 1.967126684713669, 50.766822271185674 ], [ 1.967441054922637, 50.766889945010398 ], [ 1.967565702331903, 50.766931533337917 ], [ 1.967568609714855, 50.766932159195825 ], [ 1.96758512920236, 50.766937670870341 ], [ 1.967665795969538, 50.766955035558013 ], [ 1.967677324112618, 50.766958881873308 ], [ 1.967919324780366, 50.767010975597231 ], [ 1.967938620612603, 50.767017413509691 ], [ 1.967942991535743, 50.767017889762229 ], [ 1.968120569861459, 50.76705611534296 ], [ 1.96815298115634, 50.767059646797861 ], [ 1.968214976243531, 50.767072991792006 ], [ 1.968265784269839, 50.767078527663848 ], [ 1.968327779410502, 50.767091872601391 ], [ 1.968337617359654, 50.767092944503382 ], [ 1.96842640677238, 50.767112057042134 ], [ 1.96850406765357, 50.767120518559025 ], [ 1.96853926864688, 50.767128095770133 ], [ 1.968765612130114, 50.767152756590065 ], [ 1.96888153605683, 50.767153716701394 ], [ 1.969005159515443, 50.76714234674067 ], [ 1.969015248969747, 50.767139251239897 ], [ 1.969085808193456, 50.767119575482376 ], [ 1.969091377084379, 50.767118173331959 ], [ 1.96921661161266, 50.767096962167905 ], [ 1.969499815330768, 50.767124079663517 ], [ 1.969621257731446, 50.767135852648018 ], [ 1.972557569471971, 50.767947967925217 ], [ 1.972789118010247, 50.768012029049913 ], [ 1.972955241451946, 50.768150978167078 ], [ 1.973295478759966, 50.768618331797427 ], [ 1.973764741154726, 50.769041220969896 ], [ 1.974012632558436, 50.76918006014202 ], [ 1.974324517034304, 50.769270657201396 ], [ 1.974911470703199, 50.769386514540777 ], [ 1.974929693913627, 50.769423717417887 ], [ 1.974929989520258, 50.769425009310289 ], [ 1.975042874935674, 50.769498478338996 ], [ 1.97507080226558, 50.769516654186688 ], [ 1.975119555805467, 50.769548384236579 ], [ 1.975155687381037, 50.769552318741866 ], [ 1.975252522613488, 50.769543408049685 ], [ 1.975584500018988, 50.769546139843754 ], [ 1.975898898758135, 50.76961379203356 ], [ 1.975904929356946, 50.769615803493039 ], [ 1.975965814402888, 50.769644627626164 ], [ 1.976131551572031, 50.769699907656474 ], [ 1.976143123028728, 50.76970116761688 ], [ 1.976226739373301, 50.769693472667257 ], [ 1.976243809672721, 50.769690109925996 ], [ 1.977167537566585, 50.77002463597065 ], [ 1.97814245199139, 50.770367802529911 ], [ 1.978372880253683, 50.770529043265803 ], [ 1.978802376890146, 50.770934408058167 ], [ 1.978877391789188, 50.771067799167035 ], [ 1.978920555942263, 50.771122071416151 ], [ 1.978973312560152, 50.771171856466445 ], [ 1.979064072438408, 50.771232076523837 ], [ 1.979139344282012, 50.77126738915608 ], [ 1.97930931574288, 50.771486876201379 ], [ 1.979329939326059, 50.771541610988763 ], [ 1.979314124018909, 50.771551538943299 ], [ 1.979316843931731, 50.771556945137185 ], [ 1.979464872614867, 50.771899719463761 ], [ 1.979471694146158, 50.771917823436553 ], [ 1.979904375690683, 50.773311846796943 ], [ 1.980046257381483, 50.773644082014798 ], [ 1.980230924339445, 50.773927114668062 ], [ 1.980479142397532, 50.774223782270504 ], [ 1.980947844934318, 50.77465011632151 ], [ 1.980952978574418, 50.774669668608446 ], [ 1.980984900710123, 50.774700438441911 ], [ 1.982528302683591, 50.776171121953652 ], [ 1.982883527512649, 50.776718091284621 ], [ 1.982881403286068, 50.776773811070733 ], [ 1.982909801571477, 50.776840235567093 ], [ 1.982966867777069, 50.776898778220193 ], [ 1.983010075938598, 50.776931434196968 ], [ 1.983022670895355, 50.776938468305687 ], [ 1.982962538021442, 50.776989548872166 ], [ 1.982691407927775, 50.777111095340423 ], [ 1.982374308236689, 50.777173569552879 ], [ 1.982042279903831, 50.777170855891086 ], [ 1.981836902347199, 50.777148506749846 ], [ 1.98183552662593, 50.777148495501969 ], [ 1.981835646376751, 50.777142607397302 ], [ 1.981645772771621, 50.777141054850624 ], [ 1.981462796244721, 50.777121142789532 ], [ 1.981424234302619, 50.777118900859911 ], [ 1.981342727642662, 50.777110030939546 ], [ 1.980844088148094, 50.776890517936955 ], [ 1.980345473290922, 50.776635189733881 ], [ 1.980289459322968, 50.776606017179361 ], [ 1.979967873818143, 50.77641405115989 ], [ 1.979179293193971, 50.775943680007828 ], [ 1.97838771525695, 50.776679579856179 ], [ 1.977451763386688, 50.776269658467484 ], [ 1.977112446128198, 50.776088694011179 ], [ 1.97708396394389, 50.776054801292524 ], [ 1.977038370466268, 50.776000588128859 ], [ 1.977024550947333, 50.775984323013262 ], [ 1.974987607075806, 50.775247929428538 ], [ 1.974945508254383, 50.775230533965484 ], [ 1.974377204596965, 50.774994348034866 ], [ 1.973681753496672, 50.774706068116529 ], [ 1.973660106799381, 50.774661878683879 ], [ 1.973627240319751, 50.774518241561196 ], [ 1.973573396519799, 50.774449025963634 ], [ 1.973487446047686, 50.774371925849735 ], [ 1.973475863795734, 50.774357036913557 ], [ 1.973452341148651, 50.774341728725688 ], [ 1.973423104148048, 50.774338544908467 ], [ 1.973426419790701, 50.774326303228371 ], [ 1.973183894850972, 50.774293630280283 ], [ 1.972842617326425, 50.774144930783741 ], [ 1.972835025449912, 50.774139990003484 ], [ 1.972807094517416, 50.774121812496759 ], [ 1.972807109162398, 50.774121822027567 ], [ 1.972798818265254, 50.774116426318436 ], [ 1.972798835369511, 50.774116437449578 ], [ 1.972770889208936, 50.774098250097765 ], [ 1.972770902002331, 50.774098258423557 ], [ 1.972742960172985, 50.77408007387038 ], [ 1.97274297296637, 50.774080082196178 ], [ 1.972715031157311, 50.774061897636223 ], [ 1.9726312440924, 50.774007368802394 ], [ 1.972620584115015, 50.774000431249249 ], [ 1.972518088393967, 50.77395190894412 ], [ 1.972499509422985, 50.77393981762954 ], [ 1.972491231382022, 50.773934430223981 ], [ 1.972471580434457, 50.773921641246204 ], [ 1.972463302539264, 50.773916253929542 ], [ 1.972443651605432, 50.773903464946613 ], [ 1.972416807299305, 50.7738859944442 ], [ 1.97222515527994, 50.773714069024393 ], [ 1.972212838710614, 50.773698235252859 ], [ 1.972170751795099, 50.773660480100091 ], [ 1.972127726922615, 50.773605168604725 ], [ 1.972090957035771, 50.773572183089563 ], [ 1.971963373136651, 50.773408163852629 ], [ 1.971923058711573, 50.773371998273639 ], [ 1.971852764744643, 50.773281628986489 ], [ 1.971812450439252, 50.773245463264907 ], [ 1.971791380584444, 50.773218375842276 ], [ 1.971781395289693, 50.773205178847853 ], [ 1.971756566090257, 50.773171427093416 ], [ 1.971732279080786, 50.773139596870898 ], [ 1.971704719610434, 50.773103477749267 ], [ 1.971677160042054, 50.773067358438972 ], [ 1.971676136541568, 50.773066013242016 ], [ 1.971654913925927, 50.773038040849855 ], [ 1.971630882702731, 50.772988114079666 ], [ 1.971515424271655, 50.772839678955663 ], [ 1.97149218956991, 50.772818834882905 ], [ 1.971474785561322, 50.772783301450417 ], [ 1.971460588827102, 50.772765049734609 ], [ 1.971454170941616, 50.772756652453758 ], [ 1.97143928555903, 50.772736827042706 ], [ 1.97134722446978, 50.772544160123999 ], [ 1.971339823045436, 50.772511805343541 ], [ 1.971320402725844, 50.772472154867359 ], [ 1.971318619440636, 50.772464359326598 ], [ 1.971318193546651, 50.772463594730752 ], [ 1.971317588575968, 50.772459852952892 ], [ 1.971308243113241, 50.77241899968768 ], [ 1.971310943270506, 50.77241875132426 ], [ 1.971292563369729, 50.772305070125263 ], [ 1.971292586908958, 50.772304166539747 ], [ 1.971263068754791, 50.772175128701292 ], [ 1.971267008397507, 50.77198338703252 ], [ 1.971259593071075, 50.771950970937283 ], [ 1.971146707596072, 50.771877498699695 ], [ 1.971142082087226, 50.771874488150551 ], [ 1.971089228112, 50.771849464078869 ], [ 1.970897588607782, 50.771677536194566 ], [ 1.970871237369083, 50.77164365698826 ], [ 1.970766196962071, 50.771575289649888 ], [ 1.970692367611101, 50.771509053449542 ], [ 1.970595225302804, 50.771445826263616 ], [ 1.970459390673095, 50.771400513928612 ], [ 1.970208642982807, 50.771346548040405 ], [ 1.970092527172348, 50.77130781308712 ], [ 1.97002819454744, 50.77127735316477 ], [ 1.970020464057272, 50.771275247334067 ], [ 1.96996153783305, 50.77124579276736 ], [ 1.969826488621569, 50.771181849883988 ], [ 1.969802901624646, 50.771166497351047 ], [ 1.969802901022703, 50.771166497050146 ], [ 1.969672631694679, 50.771081705831996 ], [ 1.969598804231518, 50.771015468673816 ], [ 1.969531108756231, 50.770971405963955 ], [ 1.969494976727163, 50.770967469851179 ], [ 1.969346607643951, 50.770981115186984 ], [ 1.969014621070812, 50.770978366766094 ], [ 1.968700223071187, 50.770910697334699 ], [ 1.968614183214917, 50.770869957708946 ], [ 1.968517205735931, 50.770837605202836 ], [ 1.968437946717045, 50.7708289702421 ], [ 1.968265424043607, 50.77082754082452 ], [ 1.96816905742572, 50.770836402652861 ], [ 1.968017821471417, 50.770842690571271 ], [ 1.967965468930873, 50.770847504772085 ], [ 1.967957872989402, 50.770843103658095 ], [ 1.967771016777668, 50.77075562010603 ], [ 1.967600237041523, 50.770846972363358 ], [ 1.967530262092603, 50.77081421080053 ], [ 1.967516982726192, 50.770809379171261 ], [ 1.967689150938436, 50.770717291438601 ], [ 1.967659350437002, 50.770703339149691 ], [ 1.967585723017794, 50.770676550199035 ], [ 1.967487223767826, 50.770649711186067 ], [ 1.96731855377919, 50.77063111484015 ], [ 1.967167022612371, 50.770637036545743 ], [ 1.967120684675127, 50.770640721639772 ], [ 1.96667258934002, 50.770694770826125 ], [ 1.966457583180339, 50.770623038250015 ], [ 1.966376911600487, 50.770605673015702 ], [ 1.966374269654708, 50.770604791575693 ], [ 1.966291947527512, 50.770595821415824 ], [ 1.96617488458323, 50.770594849507098 ], [ 1.965999371522498, 50.770584101481987 ], [ 1.96575012714184, 50.770555430165899 ], [ 1.965695738690363, 50.770554978385377 ], [ 1.965616151202861, 50.770562295560531 ], [ 1.965596595072437, 50.770568410990997 ], [ 1.965279514876714, 50.770630842389927 ], [ 1.965232444685918, 50.770635169792854 ], [ 1.965143543339291, 50.770662969839513 ], [ 1.964962406837132, 50.770744144893825 ], [ 1.964738239544251, 50.770814242625583 ], [ 1.96461915247129, 50.770867609956504 ], [ 1.964552866429781, 50.770888337554624 ], [ 1.964368759340779, 50.770821555501243 ], [ 1.964268813219818, 50.770796939807859 ], [ 1.964068468570122, 50.770768353551482 ], [ 1.963966741332227, 50.770763218756848 ], [ 1.963866815765022, 50.770776351226729 ], [ 1.963776685506055, 50.770806700416721 ], [ 1.963703560637054, 50.770851838511568 ], [ 1.96365475236295, 50.77090651741112 ], [ 1.963566435827952, 50.770887504434839 ], [ 1.963300415890871, 50.770761527171672 ], [ 1.963108807202502, 50.770589586945128 ], [ 1.963082785741283, 50.770556122621002 ], [ 1.963070267094492, 50.770547972847389 ], [ 1.963029826363242, 50.770521645518876 ], [ 1.962886124702092, 50.770473696801034 ], [ 1.962883217332257, 50.770473070824295 ], [ 1.962834031381818, 50.770456659013071 ], [ 1.962822401302726, 50.770454155176942 ], [ 1.962752395907699, 50.770430796405314 ], [ 1.962721174415345, 50.770427393444585 ], [ 1.962419513271326, 50.770363884774149 ], [ 1.962387871422762, 50.770349523511811 ], [ 1.962184988581307, 50.770287919357287 ], [ 1.962141483934205, 50.770278958439235 ], [ 1.962077788448214, 50.770264398479966 ], [ 1.962057849204673, 50.770259379291375 ], [ 1.961903549749576, 50.770236756199552 ], [ 1.96183917105701, 50.770233624761367 ], [ 1.961838091863391, 50.770233571917025 ], [ 1.961717803611617, 50.770227642626715 ], [ 1.961349907606451, 50.770166124672677 ], [ 1.961039877811088, 50.770026269532771 ], [ 1.961025343222301, 50.77001680677914 ], [ 1.961005696740495, 50.770004015915617 ], [ 1.960997420726887, 50.769998627804938 ], [ 1.960977774259182, 50.769985836936549 ], [ 1.960969498251609, 50.769980448823873 ], [ 1.960810239657501, 50.769876762829121 ], [ 1.960783401848478, 50.76985928989383 ], [ 1.960709588233269, 50.769793047602271 ], [ 1.960698922856878, 50.769786103809558 ], [ 1.960671000748174, 50.769767924846626 ], [ 1.960644160703114, 50.769750450262094 ], [ 1.960570348533025, 50.769684208684424 ], [ 1.96055968416234, 50.769677265505734 ], [ 1.96047808699321, 50.769624140500127 ], [ 1.960330461469784, 50.769491655464158 ], [ 1.960309130663654, 50.769477767617694 ], [ 1.960281208728653, 50.769459588467861 ], [ 1.960255455981371, 50.769442821594566 ], [ 1.960107831212477, 50.769310335926853 ], [ 1.960057403108798, 50.769277503373054 ], [ 1.960035390651711, 50.769275103593067 ], [ 1.960018478919634, 50.769276657699798 ], [ 1.960013156610823, 50.769296290371202 ], [ 1.960021157591485, 50.769331303751187 ], [ 1.960031057691495, 50.769427207859778 ], [ 1.960063017109244, 50.769567065687212 ], [ 1.960082427409761, 50.769606718138711 ], [ 1.960082840434768, 50.769608525578029 ], [ 1.960085450211164, 50.769611882213567 ], [ 1.960095151954505, 50.769631135448456 ], [ 1.960110098082408, 50.769648164343323 ], [ 1.960171451665962, 50.769730817454722 ], [ 1.960195438798242, 50.769769800968831 ], [ 1.960228448590848, 50.769804924217908 ], [ 1.960340840613795, 50.769870245605951 ], [ 1.96033950790531, 50.769871167728368 ], [ 1.960419261006295, 50.769907616048819 ], [ 1.96059924706209, 50.770024797782298 ], [ 1.960599247563907, 50.770024798018085 ], [ 1.960627169789909, 50.770042976990077 ], [ 1.960655092175887, 50.770061156046239 ], [ 1.960672569244666, 50.770072534598647 ], [ 1.96086416746003, 50.770244478494362 ], [ 1.960904427529281, 50.770296258000414 ], [ 1.960948275609391, 50.770335607823455 ], [ 1.960959900524506, 50.77035055888507 ], [ 1.961003748630627, 50.770389908626896 ], [ 1.961015326088036, 50.770404798608382 ], [ 1.961105561307435, 50.77046354574501 ], [ 1.961297162894752, 50.770635489372324 ], [ 1.961314558934193, 50.770671024343066 ], [ 1.961328751376261, 50.770689277273561 ], [ 1.961329425569862, 50.770690145929926 ], [ 1.961460355460623, 50.770859146995434 ], [ 1.961500470098054, 50.770895145409952 ], [ 1.961511085690674, 50.770908797955443 ], [ 1.961549436680962, 50.770921594927998 ], [ 1.961609520538127, 50.770950049765823 ], [ 1.961559687165165, 50.770937518486171 ], [ 1.961130961702275, 50.770804102557086 ], [ 1.961049656662952, 50.770786063866218 ], [ 1.960963925998326, 50.770780759982067 ], [ 1.960687633758149, 50.770784684839022 ], [ 1.960605814450531, 50.770785847001747 ], [ 1.960494743000326, 50.770798625498173 ], [ 1.9603953347372, 50.770832543672654 ], [ 1.960317320354823, 50.770884281413352 ], [ 1.960268336450983, 50.770948774312032 ], [ 1.9602531780017, 50.771019709387602 ], [ 1.960273328961115, 50.771090143031898 ], [ 1.960326816948421, 50.771153180694206 ], [ 1.960408406266492, 50.771202651773528 ], [ 1.960510110377931, 50.771233713653594 ], [ 1.960621973685467, 50.77124332574801 ], [ 1.960892079288484, 50.771239488962067 ], [ 1.961254528629702, 50.771352280245111 ], [ 1.961280479096496, 50.771359567302881 ], [ 1.961719687362538, 50.771470011423979 ], [ 1.961768960406624, 50.771479877675759 ], [ 1.962103221231071, 50.771530445475371 ], [ 1.962101134340276, 50.771631112166261 ], [ 1.962047764959188, 50.771730790551096 ], [ 1.96202452197976, 50.771816536702175 ], [ 1.962031835518367, 50.771848534265928 ], [ 1.962055353770199, 50.771863844843331 ], [ 1.96207852235807, 50.771871575455691 ], [ 1.962197821598924, 50.771928071798285 ], [ 1.962382649109696, 50.771989742245466 ], [ 1.962472044324021, 50.772008987947558 ], [ 1.962677615656086, 50.772077579123469 ], [ 1.962678743911715, 50.772077822051067 ], [ 1.962944751564513, 50.772203798112962 ], [ 1.963136354356979, 50.772375730638927 ], [ 1.963165138892438, 50.772412746827577 ], [ 1.963249297692251, 50.772488263909686 ], [ 1.96328748533124, 50.772537371963836 ], [ 1.963362224492521, 50.772545517368194 ], [ 1.96337996719535, 50.772545665077729 ], [ 1.963746383783872, 50.772590311426455 ], [ 1.964065784468679, 50.772712616419625 ], [ 1.964298686629526, 50.772897461504229 ], [ 1.964416299152019, 50.773121997138752 ], [ 1.964437448949307, 50.773214507182949 ], [ 1.964550327290952, 50.773287985156216 ], [ 1.964550327792852, 50.773287985392017 ], [ 1.964565637416791, 50.773297951141728 ], [ 1.964757261563547, 50.77346988848582 ], [ 1.964857557590087, 50.773598856721783 ], [ 1.964894323071666, 50.773631844742297 ], [ 1.964918004754391, 50.773662296389233 ], [ 1.964918678983599, 50.773663164936451 ], [ 1.964991282988882, 50.773756863804081 ], [ 1.96506893200477, 50.773807408041428 ], [ 1.965105135189986, 50.773830973804216 ], [ 1.965105122398021, 50.773830965477707 ], [ 1.965133061314237, 50.773849151751449 ], [ 1.965133048522177, 50.77384914342484 ], [ 1.96516098745868, 50.773867329691839 ], [ 1.96516097035612, 50.773867318559553 ], [ 1.965224431176519, 50.773908626980521 ], [ 1.965224418384465, 50.773908618653984 ], [ 1.965416055959834, 50.774080557966769 ], [ 1.965514518851721, 50.774281632422856 ], [ 1.965519158267273, 50.774301923046096 ], [ 1.965612511487935, 50.774422395703944 ], [ 1.965629767636178, 50.774437878264045 ], [ 1.96572822802547, 50.774638947018992 ], [ 1.965759099341717, 50.774773959312874 ], [ 1.965770124220901, 50.774796473308875 ], [ 1.965770314567932, 50.774797305768864 ], [ 1.965818121857257, 50.774858776361732 ], [ 1.965898944016809, 50.774911383748659 ], [ 1.966090578828376, 50.775083318504336 ], [ 1.966173216114602, 50.775252068777917 ], [ 1.966232415275222, 50.77532846242066 ], [ 1.966402127445507, 50.775438926115214 ], [ 1.966402127947436, 50.775438926351008 ], [ 1.966430055299723, 50.775457103871915 ], [ 1.966561415534677, 50.775542604133918 ], [ 1.966569693063456, 50.775547991829349 ], [ 1.966589343142034, 50.77556078170695 ], [ 1.966625548310937, 50.775584346964976 ], [ 1.966645198418296, 50.775597136833241 ], [ 1.966673126086715, 50.77561531438613 ], [ 1.966687346520736, 50.775624570170535 ], [ 1.966878987027307, 50.775796503857798 ], [ 1.966896388821574, 50.775832037769483 ], [ 1.966910584761462, 50.775850289920228 ], [ 1.966914119999068, 50.775854879101388 ], [ 1.966940256248124, 50.775889136242483 ], [ 1.967011427795066, 50.77598097612394 ], [ 1.967034836166455, 50.77599621189232 ], [ 1.967160600908799, 50.776038165295297 ], [ 1.967426658717552, 50.776164133265503 ], [ 1.967618303684608, 50.776336065387596 ], [ 1.967681159392005, 50.77641687769276 ], [ 1.967704681256839, 50.776432186927188 ], [ 1.967740817172404, 50.776436123547278 ], [ 1.967766803010786, 50.776433734286897 ], [ 1.967932985614487, 50.77642682608527 ], [ 1.968207178335272, 50.776452029797383 ], [ 1.968461740384901, 50.776521370667837 ], [ 1.968544729165566, 50.77656285018503 ], [ 1.968659826943763, 50.776601243023357 ], [ 1.968727879897626, 50.776608656088591 ], [ 1.968928226599782, 50.776590233578567 ], [ 1.968990762196021, 50.776577920277354 ], [ 1.969030223849054, 50.77657429161961 ], [ 1.969114806759005, 50.776557637074134 ], [ 1.969446831083791, 50.776560385208612 ], [ 1.969646305523655, 50.776603312742196 ], [ 1.96983264951223, 50.776623609743609 ], [ 1.969876265535124, 50.776632995907853 ], [ 1.970018729221704, 50.776648513072622 ], [ 1.970035032426514, 50.776650371972316 ], [ 1.970122498910402, 50.776660792330475 ], [ 1.970231628561754, 50.776684880508007 ], [ 1.970382456314852, 50.776717337893913 ], [ 1.970521225795809, 50.776732452075834 ], [ 1.970665470650455, 50.776733644452136 ], [ 1.970853554577722, 50.776716346670533 ], [ 1.970923949061241, 50.776700538165763 ], [ 1.970947666476819, 50.776698956724083 ], [ 1.970954001908342, 50.776697709168417 ], [ 1.970996688006318, 50.776693783339049 ], [ 1.970997117196651, 50.776695659409455 ], [ 1.971172070572415, 50.776683993567147 ], [ 1.971232550460793, 50.776684493218937 ], [ 1.97133191780922, 50.776675354126176 ], [ 1.971517580489034, 50.776633659052088 ], [ 1.971765700520703, 50.776617113405678 ], [ 1.972054685389086, 50.776619499201118 ], [ 1.972151062233344, 50.776610634489039 ], [ 1.972317244296671, 50.776603720486918 ], [ 1.972422935783798, 50.776604592662451 ], [ 1.972650259136767, 50.776583682721984 ], [ 1.97268576626026, 50.776576690183937 ], [ 1.97268707914367, 50.776576569418928 ], [ 1.972725945062083, 50.776564414415553 ], [ 1.972738796142519, 50.776556475481897 ], [ 1.972804625794085, 50.776515808150272 ], [ 1.973075777652424, 50.776394282524222 ], [ 1.973392885352588, 50.776331831817565 ], [ 1.973440235177367, 50.776327476101081 ], [ 1.973672551604333, 50.776329391097804 ], [ 1.973672584923486, 50.776327765810272 ], [ 1.973758855752896, 50.776328476796714 ], [ 1.973957821225492, 50.776310172987728 ], [ 1.974047382681879, 50.776292534236084 ], [ 1.974090068191814, 50.776288607344036 ], [ 1.974091379576331, 50.776294338117715 ], [ 1.974321355225796, 50.7762613279302 ], [ 1.974344339916302, 50.776261517241018 ], [ 1.97451018113831, 50.776271168581395 ], [ 1.974664626038532, 50.776287984943373 ], [ 1.974728981780469, 50.776291920970806 ], [ 1.975014138567257, 50.776324698073054 ], [ 1.975103346303687, 50.776329889176267 ], [ 1.975119833392666, 50.776331684263219 ], [ 1.975128118049983, 50.776332607727447 ], [ 1.975300606424373, 50.776352281440005 ], [ 1.975568173848433, 50.776410599614458 ], [ 1.975630308766482, 50.776417364472685 ], [ 1.975944752315471, 50.776485016284795 ], [ 1.975952438871214, 50.776487579701602 ], [ 1.9761138098464, 50.776522297903703 ], [ 1.976141769581174, 50.776531622235481 ], [ 1.976144677454761, 50.776532247893897 ], [ 1.976155698137716, 50.776535923169213 ], [ 1.976248015463396, 50.77655578464077 ], [ 1.976329575743056, 50.776582983996434 ], [ 1.976388008907029, 50.77661064288727 ], [ 1.97646996917058, 50.776637975525212 ], [ 1.976528402218087, 50.776665634244182 ], [ 1.976553047251028, 50.776673853012838 ], [ 1.976550994227817, 50.776676327938048 ], [ 1.976652651517702, 50.776724446254164 ], [ 1.97666514080999, 50.7767286112256 ], [ 1.976726034957202, 50.776757434676874 ], [ 1.976749303664109, 50.776765194378676 ], [ 1.976810197599258, 50.776794017641635 ], [ 1.976985245035842, 50.776852392500579 ], [ 1.97722484494729, 50.77695808564274 ], [ 1.977315568132416, 50.776987290933491 ], [ 1.977334099932692, 50.776989595901412 ], [ 1.977382693868998, 50.777012596686198 ], [ 1.977574376159926, 50.777184513278002 ], [ 1.977599288371003, 50.777216531699445 ], [ 1.977680197411603, 50.777269177251284 ], [ 1.977823932743543, 50.777317108399409 ], [ 1.977826840697553, 50.777317734020777 ], [ 1.977871503691782, 50.777332627601957 ], [ 1.977957834498779, 50.777342024961335 ], [ 1.977962152788727, 50.777342500840362 ], [ 1.978208963522541, 50.777370032326694 ], [ 1.978259056460179, 50.77737044333221 ], [ 1.978369226175644, 50.777381027831453 ], [ 1.978458538189795, 50.777421022109039 ], [ 1.978929747929174, 50.777632164781892 ], [ 1.97894376980219, 50.777638560906418 ], [ 1.979164412856708, 50.777992114459273 ], [ 1.981164236949245, 50.778822348708665 ], [ 1.981561542619689, 50.779049924948282 ], [ 1.982293198873639, 50.779469563955352 ], [ 1.982869830612733, 50.779800455199087 ], [ 1.982814063567179, 50.779831867705127 ], [ 1.982734966807281, 50.779894668874014 ], [ 1.982708085431031, 50.779943990084988 ], [ 1.982693566850355, 50.779970628333743 ], [ 1.982694635065316, 50.780050992031732 ], [ 1.982738048540126, 50.780126498304334 ], [ 1.983098082866591, 50.780525046955979 ], [ 1.983111087627368, 50.780620293286944 ], [ 1.983039761469602, 50.780903484039499 ], [ 1.982679009084753, 50.781704207540749 ], [ 1.982493719312199, 50.782297370017695 ], [ 1.982354231992099, 50.782616237272109 ], [ 1.982175294199091, 50.782912570854634 ], [ 1.98186327353368, 50.783223768475239 ], [ 1.981558846978095, 50.783461448164758 ], [ 1.980572975962674, 50.783838865002913 ], [ 1.979849445879665, 50.783929153104758 ], [ 1.979396659262026, 50.783943092772674 ], [ 1.979079525043174, 50.783932502242102 ], [ 1.979084415015119, 50.783858029567817 ], [ 1.977869610537326, 50.783739657362744 ], [ 1.9767714038899, 50.783506809570447 ], [ 1.976337861104218, 50.783403311252414 ], [ 1.975508714554639, 50.783232293333505 ], [ 1.975075241968944, 50.783119822594379 ], [ 1.974699867390941, 50.782994068002196 ], [ 1.973132067897202, 50.782274710465295 ], [ 1.97231647461478, 50.781802380066168 ], [ 1.971778114331882, 50.781528161517251 ], [ 1.971168343249031, 50.781155079638616 ], [ 1.970302755673436, 50.780561516909252 ], [ 1.969927254015615, 50.780265351256318 ], [ 1.969132033829424, 50.779532980842916 ], [ 1.967870757047878, 50.7790870962151 ], [ 1.966608682059666, 50.778561378876347 ], [ 1.964558621258372, 50.777488013156031 ], [ 1.962791910768508, 50.776929348368739 ], [ 1.962232000727441, 50.776713314626676 ], [ 1.961800299497869, 50.776564928536779 ], [ 1.96123874660671, 50.776380274067755 ], [ 1.960161873483828, 50.776071185277182 ], [ 1.959694287522734, 50.775993531725589 ], [ 1.959295525040515, 50.775979760892547 ], [ 1.959049142360636, 50.776015779218696 ], [ 1.958771152314619, 50.776116271979518 ], [ 1.958326087987267, 50.776425213732892 ], [ 1.957835621419054, 50.776937593973564 ], [ 1.957586971268808, 50.777084808635237 ], [ 1.957319085235981, 50.777157527412463 ], [ 1.957007837148157, 50.777166438083107 ], [ 1.956736535179964, 50.777130629395472 ], [ 1.956431595931466, 50.777054359679227 ], [ 1.955658575541875, 50.776595498589266 ], [ 1.955296303692597, 50.776433851104784 ], [ 1.954793802446599, 50.776298674677662 ], [ 1.954545137133781, 50.776262930973978 ], [ 1.954289648313527, 50.776194879967527 ], [ 1.953943066541123, 50.776043081461793 ], [ 1.953598177764659, 50.775478307294243 ], [ 1.953613685732249, 50.77548112955202 ], [ 1.953356615685299, 50.77505186181186 ], [ 1.953342788208741, 50.774990817888458 ], [ 1.953331811738565, 50.774968390355603 ], [ 1.953330152238598, 50.774961124707012 ], [ 1.953286903364569, 50.774871200457213 ], [ 1.953281985403163, 50.774864646716317 ], [ 1.953189992095999, 50.774671969603183 ], [ 1.95318720546606, 50.77465976890312 ], [ 1.953148249900095, 50.774578770383108 ], [ 1.953140249650424, 50.774568479457713 ], [ 1.953136715064774, 50.774563888974399 ], [ 1.953124099407698, 50.77454734561833 ], [ 1.953029128552638, 50.774027832284936 ], [ 1.952943307224523, 50.773785422503146 ], [ 1.952814345391589, 50.77356328514081 ], [ 1.953051678722159, 50.77339193991552 ], [ 1.953017093566524, 50.773015672870883 ], [ 1.952613399375136, 50.772425431425475 ], [ 1.952541544546802, 50.772072180470673 ], [ 1.952544233023486, 50.771808391057782 ], [ 1.952545183101668, 50.771695336719574 ], [ 1.95252918124144, 50.771648541457701 ], [ 1.952314235946091, 50.771032965736062 ], [ 1.952290196261577, 50.770964567052424 ], [ 1.95224019538945, 50.770851981156262 ], [ 1.952144288488582, 50.770634022274216 ], [ 1.952077189410487, 50.770525163713501 ], [ 1.952622843221106, 50.770273603262289 ], [ 1.952628997046609, 50.770270704012113 ], [ 1.953337986834439, 50.769929402160344 ], [ 1.953418257561135, 50.769876314709961 ], [ 1.953420039600656, 50.7698739766995 ], [ 1.953468729894899, 50.769810095629822 ], [ 1.95348446334695, 50.769737226939945 ], [ 1.953463917964535, 50.769664841547417 ], [ 1.953409105016018, 50.76960002502323 ], [ 1.95332539005923, 50.769549122023051 ], [ 1.953220967691001, 50.769517115242508 ], [ 1.953106059405382, 50.769507137693225 ], [ 1.952991913078831, 50.7695201660352 ], [ 1.952927788049539, 50.769541973064889 ], [ 1.952889702005911, 50.769554924979161 ], [ 1.952183767728787, 50.76989475468126 ], [ 1.952097883837562, 50.76993434955768 ], [ 1.951084442357478, 50.768944412557858 ], [ 1.950926394630601, 50.7687887412226 ], [ 1.950786325856378, 50.768652962290318 ], [ 1.950786344655783, 50.768652065124158 ], [ 1.950709294418954, 50.768655417241391 ], [ 1.950372025098538, 50.768134553210565 ], [ 1.949237890441477, 50.767037763392729 ], [ 1.94904034861674, 50.766799482737042 ], [ 1.948855997000795, 50.766502051695042 ], [ 1.948643377676132, 50.766021576492122 ], [ 1.947973981437225, 50.764171893787264 ], [ 1.948044711786375, 50.764031661383441 ], [ 1.948188603978456, 50.763784798977085 ], [ 1.948200834763177, 50.763759577774657 ], [ 1.948301020433539, 50.763502889928489 ], [ 1.948310700010973, 50.76346544136198 ], [ 1.948339382974899, 50.763244939949075 ], [ 1.948338188532607, 50.763198319011757 ], [ 1.948321604286636, 50.763107107215831 ], [ 1.948356111199976, 50.763046505860025 ], [ 1.948440572237994, 50.762910375244665 ], [ 1.948466271640037, 50.762815039744645 ], [ 1.948463084475957, 50.762759268955065 ], [ 1.948612370943964, 50.762298680106859 ], [ 1.948638552691252, 50.76224390142049 ], [ 1.948655640954196, 50.762222927961574 ], [ 1.948670179083383, 50.762213511692366 ], [ 1.948988422822322, 50.762019592176287 ], [ 1.949069120036972, 50.761948495494103 ], [ 1.949108423566203, 50.761895884577036 ], [ 1.949130112693239, 50.761859611014394 ], [ 1.949134230581215, 50.761850612249674 ], [ 1.949155251132633, 50.761832930181605 ], [ 1.949171478629673, 50.761818172169463 ], [ 1.949228237270543, 50.761762243355719 ], [ 1.949260405745662, 50.761731225937325 ], [ 1.949303335322789, 50.76167534907065 ], [ 1.949388766469499, 50.761514549890052 ], [ 1.949400870886959, 50.761486202384233 ], [ 1.949466661143967, 50.761284441621264 ], [ 1.949530478825816, 50.761105986026742 ], [ 1.949537204232624, 50.761081363758869 ], [ 1.949551515695654, 50.761006108370403 ], [ 1.949549463081151, 50.760938697370996 ], [ 1.94953375624355, 50.760906263435537 ], [ 1.949526647864107, 50.760875121436086 ], [ 1.949472241624784, 50.760805108494779 ], [ 1.949386387736123, 50.760749185720734 ], [ 1.949277490179503, 50.760712827174324 ], [ 1.949156208509134, 50.760699591841863 ], [ 1.94910387161589, 50.760699150033794 ], [ 1.949078898489117, 50.760700096738979 ], [ 1.949045451734344, 50.760641019965043 ], [ 1.949023071951171, 50.760590594326587 ], [ 1.949022342789957, 50.760578034234811 ], [ 1.948916409896199, 50.760200130077756 ], [ 1.948944287909534, 50.7598116658341 ], [ 1.948788461541938, 50.759562967820322 ], [ 1.948553308589425, 50.759437568601477 ], [ 1.94817553341682, 50.75928840311451 ], [ 1.948172065682901, 50.759287501146119 ], [ 1.94751649463492, 50.758478334313374 ], [ 1.947486168687161, 50.758440389667406 ], [ 1.947486583490113, 50.758420651716406 ], [ 1.947369976090713, 50.758247376599812 ], [ 1.947009163994218, 50.757712202534279 ], [ 1.947020329341378, 50.757517574161902 ], [ 1.947022498267453, 50.757481698895177 ], [ 1.946955342201939, 50.75737883398309 ], [ 1.946870289535259, 50.757252486747348 ], [ 1.946878097339139, 50.75721755651572 ], [ 1.946903255792932, 50.757097525690746 ], [ 1.947039890090906, 50.756452595805101 ], [ 1.946775543137598, 50.756469093660449 ], [ 1.946776281335735, 50.756463286778796 ], [ 1.946773970533581, 50.756412517226863 ], [ 1.946709600722649, 50.756118928830304 ], [ 1.946739569757131, 50.756062972153217 ], [ 1.946744984976669, 50.756056447152851 ], [ 1.946749781288022, 50.756038767558067 ], [ 1.946754190770767, 50.755829078899197 ], [ 1.946773503702213, 50.755757889392463 ], [ 1.94678545869356, 50.75573556750016 ], [ 1.946793676706329, 50.755705274738197 ], [ 1.946812690538948, 50.755664403920029 ], [ 1.946817683268336, 50.75565508165095 ], [ 1.946818600735813, 50.755651699755347 ], [ 1.946826990587794, 50.755633665477568 ], [ 1.946926670270982, 50.755447545718276 ], [ 1.947005607064491, 50.75535242993562 ], [ 1.947006594488715, 50.755350586358333 ], [ 1.947034647981706, 50.755316782781257 ], [ 1.947035635408007, 50.755314939196467 ], [ 1.947063688861433, 50.755281135610971 ], [ 1.947064676285953, 50.755279292025882 ], [ 1.947092729699819, 50.755245488432017 ], [ 1.947093717122556, 50.75524364484663 ], [ 1.947108662329428, 50.755225636259283 ], [ 1.947127530601358, 50.755190405094645 ], [ 1.947326185081161, 50.755021735784581 ], [ 1.947421040388525, 50.754963148092649 ], [ 1.947463324833096, 50.754912195760795 ], [ 1.947484532042715, 50.754834017752515 ], [ 1.947472806229758, 50.754782630517575 ], [ 1.947495602809922, 50.754757951017687 ], [ 1.947537247870432, 50.75471944685178 ], [ 1.947558876724889, 50.754696784208399 ], [ 1.947615468687474, 50.754629064546222 ], [ 1.947641664326381, 50.754589140934954 ], [ 1.947688958891218, 50.754492627605003 ], [ 1.947697918847412, 50.754470596810975 ], [ 1.947737236115699, 50.754349787702914 ], [ 1.947741906555985, 50.75433197086425 ], [ 1.947781248395594, 50.754134902467698 ], [ 1.947842282587689, 50.753847384673143 ], [ 1.947843092315816, 50.753843297000415 ], [ 1.94790583180886, 50.753502195984652 ], [ 1.947936144605701, 50.753444014132903 ], [ 1.947983596676534, 50.753363311238985 ], [ 1.947993731570158, 50.75334337808679 ], [ 1.948031073988548, 50.753256773225097 ], [ 1.948256219179535, 50.752872242748396 ], [ 1.948270382952269, 50.75285517435232 ], [ 1.948273982272039, 50.752841904489685 ], [ 1.948305636933412, 50.752787840193349 ], [ 1.948328279674026, 50.752716450331484 ], [ 1.948315038745548, 50.752644115815428 ], [ 1.948267210407982, 50.752577917241574 ], [ 1.948189476529944, 50.752524334554302 ], [ 1.948089446257418, 50.752488612756679 ], [ 1.9479769111728, 50.75247424850965 ], [ 1.947862886856245, 50.75248264786881 ], [ 1.947758534656638, 50.75251298865642 ], [ 1.947674069196648, 50.752562300938045 ], [ 1.947617758531601, 50.75262575772765 ], [ 1.947337524262526, 50.753104365748094 ], [ 1.947327565266625, 50.753123998713768 ], [ 1.947290288464346, 50.75321044861829 ], [ 1.947246186073397, 50.753285452874451 ], [ 1.947241584445225, 50.753293754806066 ], [ 1.947197363911345, 50.753378628643816 ], [ 1.947181301768598, 50.75342469382656 ], [ 1.94711460154744, 50.753787299999573 ], [ 1.947053803537273, 50.754073685618515 ], [ 1.947053428597849, 50.754075505986215 ], [ 1.947015692183648, 50.754264518893152 ], [ 1.946982884268963, 50.754365322461631 ], [ 1.946951080418507, 50.754430222290914 ], [ 1.946920318120889, 50.754467032826604 ], [ 1.946883101467249, 50.754501442192527 ], [ 1.946869080929392, 50.754515450631395 ], [ 1.946851044998734, 50.754534976017347 ], [ 1.946829639195272, 50.754534644809368 ], [ 1.946708604182054, 50.754545702170269 ], [ 1.946600019149342, 50.754581376223683 ], [ 1.946515945038382, 50.754637704529536 ], [ 1.946465720361807, 50.754708430493302 ], [ 1.946258474891737, 50.755211054541469 ], [ 1.946111140728633, 50.755527746867614 ], [ 1.945858423881452, 50.755577478237051 ], [ 1.945774734504135, 50.755576769427783 ], [ 1.945648378370381, 50.755588369528965 ], [ 1.945316495138748, 50.755585557858694 ], [ 1.945002225791899, 50.755517827011502 ], [ 1.94473633419425, 50.755391807177787 ], [ 1.944649398061696, 50.755313730462262 ], [ 1.944488323084125, 50.755208785459885 ], [ 1.944466769984651, 50.755198570166343 ], [ 1.944367925522265, 50.755165559213019 ], [ 1.944329663158493, 50.755161381646367 ], [ 1.944291238401754, 50.755164908814756 ], [ 1.944164889729586, 50.75520440559368 ], [ 1.944158144535056, 50.755206495363858 ], [ 1.944007436016132, 50.755252768953405 ], [ 1.943921946507003, 50.755305566943527 ], [ 1.94387379856096, 50.755346443565308 ], [ 1.943602690793795, 50.755467908928061 ], [ 1.943570482584256, 50.755474246419482 ], [ 1.943530381861, 50.755486781613008 ], [ 1.943528362825365, 50.755487411061402 ], [ 1.943325034586697, 50.755550630101176 ], [ 1.943008371281301, 50.755612529107978 ], [ 1.942677049667232, 50.7556094365628 ], [ 1.94248605309629, 50.755568161397377 ], [ 1.942483901129585, 50.755563284496915 ], [ 1.942550668537491, 50.755541155646753 ], [ 1.942669361137532, 50.755501839364541 ], [ 1.942655401794504, 50.7554756058016 ], [ 1.942595813694197, 50.755424964387593 ], [ 1.942584893329355, 50.755415683615347 ], [ 1.942531829577919, 50.755382928438628 ], [ 1.942492762162467, 50.755361909933107 ], [ 1.942414575870472, 50.755325363024021 ], [ 1.942301724175082, 50.755260161461599 ], [ 1.942208933962733, 50.755199702372309 ], [ 1.942148122877874, 50.755158460994856 ], [ 1.942086012465772, 50.755112922553273 ], [ 1.94208122413501, 50.755109479539492 ], [ 1.941877723598471, 50.75496596933916 ], [ 1.941862633248279, 50.754955932132766 ], [ 1.941772319186241, 50.754899264583337 ], [ 1.941700891954012, 50.754835859053038 ], [ 1.941686945843487, 50.754811821736247 ], [ 1.941636601932976, 50.754752600774687 ], [ 1.941557406464659, 50.754684626485492 ], [ 1.941544473594974, 50.754674152096484 ], [ 1.941456575115871, 50.754606924040417 ], [ 1.941438980165112, 50.754588909926383 ], [ 1.941426185451831, 50.754572118217482 ], [ 1.941341888267219, 50.754459029988617 ], [ 1.941292629630107, 50.754364074658689 ], [ 1.941248592364116, 50.75426875688089 ], [ 1.941212165561448, 50.754169870415012 ], [ 1.941207746732112, 50.754159032432028 ], [ 1.941103737370662, 50.753926632381109 ], [ 1.941098180770758, 50.753915300532192 ], [ 1.941060510857335, 50.753844735371182 ], [ 1.940994386116767, 50.753707558109049 ], [ 1.940968310945928, 50.753667161700783 ], [ 1.940939350270055, 50.753631918772243 ], [ 1.940931686912042, 50.753623057575268 ], [ 1.940901274037992, 50.753589596971828 ], [ 1.940807812117288, 50.753521230724992 ], [ 1.940770470290174, 50.753502655522979 ], [ 1.940838564410756, 50.753321836363732 ], [ 1.94086648876456, 50.75330781479456 ], [ 1.940926824229606, 50.75325485598777 ], [ 1.940980519058973, 50.753190703868967 ], [ 1.940984886753271, 50.753185321361613 ], [ 1.941024134992023, 50.75313540385504 ], [ 1.941060695782309, 50.753058627493608 ], [ 1.941070205789097, 50.753010251647105 ], [ 1.941059142044415, 50.752916508236169 ], [ 1.941036248234458, 50.752864743148194 ], [ 1.941020084425749, 50.752823866161208 ], [ 1.941067730437722, 50.75269101750952 ], [ 1.941440838957499, 50.752197773016697 ], [ 1.94240864368143, 50.750714752275726 ], [ 1.94245626185947, 50.750668745710634 ], [ 1.942488367068706, 50.750626416951093 ], [ 1.94266244111576, 50.750514538583381 ], [ 1.942753267371701, 50.750448775644216 ], [ 1.942782887719318, 50.750437422975537 ], [ 1.942857012085002, 50.750384869177509 ], [ 1.942903401683359, 50.750340070045894 ], [ 1.942903760289557, 50.750339810394223 ], [ 1.944024098702235, 50.74953093678679 ], [ 1.944739367531328, 50.749014744759329 ], [ 1.944590752298748, 50.74898800381245 ], [ 1.944771952518072, 50.748834144373539 ], [ 1.945043023257936, 50.74871267504507 ], [ 1.945059980126702, 50.748707373466061 ], [ 1.945082615692831, 50.748700506316219 ], [ 1.945101027169049, 50.748695089457762 ], [ 1.94532275875957, 50.748653268159366 ], [ 1.945428913662067, 50.748620292988207 ], [ 1.945521566757982, 50.748594903581392 ], [ 1.945535377015836, 50.74859160437066 ], [ 1.945683528181055, 50.748575141946489 ], [ 1.945736114461293, 50.748595177669102 ], [ 1.945867818717834, 50.74865194127441 ], [ 1.945945670954899, 50.748677452151526 ], [ 1.946030848466612, 50.748690495308225 ], [ 1.946048940434035, 50.748691842920095 ], [ 1.94605097870433, 50.748692738150851 ], [ 1.946085412191267, 50.748706141769489 ], [ 1.946216537920762, 50.748751063673879 ], [ 1.946220838161387, 50.748755347781639 ], [ 1.94630640409783, 50.748814675514879 ], [ 1.94651221220243, 50.748915126550145 ], [ 1.946536883430296, 50.748923650391198 ], [ 1.946557658941254, 50.748933972317211 ], [ 1.946562599519937, 50.748935714424718 ], [ 1.946640712231243, 50.748988430651885 ], [ 1.946679192422463, 50.749010933738795 ], [ 1.94704678395611, 50.749196892277823 ], [ 1.947185376976262, 50.749297422915141 ], [ 1.947221135260801, 50.749320008449111 ], [ 1.947310625211646, 50.749369222389788 ], [ 1.947365773772932, 50.749394273211244 ], [ 1.947482265613868, 50.749437433936613 ], [ 1.947566822073663, 50.749460283365622 ], [ 1.947657685619845, 50.749469046331583 ], [ 1.947779287388961, 50.74947097182541 ], [ 1.947899506756248, 50.7494600886535 ], [ 1.948052917883202, 50.749429080785461 ], [ 1.948163037742876, 50.749392819141541 ], [ 1.94821679883246, 50.749366938819911 ], [ 1.948375233152275, 50.749445020157175 ], [ 1.948390996969598, 50.749452366567645 ], [ 1.948571789484099, 50.749531963597533 ], [ 1.948668157739861, 50.749562133449508 ], [ 1.948787874876818, 50.749586475806787 ], [ 1.948890920801815, 50.749597431717902 ], [ 1.949054948845439, 50.749599714268108 ], [ 1.949099415949043, 50.749598605676148 ], [ 1.949148988136793, 50.74959543484465 ], [ 1.949334608152869, 50.749583536076493 ], [ 1.94935246002402, 50.749582107945891 ], [ 1.949627416225584, 50.749555713556553 ], [ 1.949645641658051, 50.7495536618082 ], [ 1.950029998349132, 50.749503961298082 ], [ 1.950053840579906, 50.749500343420763 ], [ 1.950107786824232, 50.749490927653305 ], [ 1.950113772329355, 50.749489847920891 ], [ 1.950376469869045, 50.749440914699505 ], [ 1.950400601209153, 50.749435832105334 ], [ 1.950694842657775, 50.74936652516363 ], [ 1.950723919246103, 50.7493587501504 ], [ 1.950936005313317, 50.749295031425355 ], [ 1.95104430792082, 50.749245229964259 ], [ 1.951087449136938, 50.749216358491523 ], [ 1.951095951353482, 50.749210668532193 ], [ 1.951143123422357, 50.749165530996315 ], [ 1.951387250206811, 50.749218284018887 ], [ 1.951431691383952, 50.749233124687152 ], [ 1.951498173489014, 50.749240380354898 ], [ 1.951511684299639, 50.749239139188759 ], [ 1.951843525393635, 50.749241934377793 ], [ 1.951992840722949, 50.749258229652867 ], [ 1.952014936920606, 50.749256199700426 ], [ 1.952037515276011, 50.749242250740473 ], [ 1.952038872771291, 50.749237244161343 ], [ 1.952029988784314, 50.74919832223182 ], [ 1.951961853465452, 50.749054830767804 ], [ 1.95196847563878, 50.748845327679668 ], [ 1.952076347851067, 50.748647273249439 ], [ 1.952275010036691, 50.748479870254236 ], [ 1.952545199927378, 50.748359349439113 ], [ 1.952585635120251, 50.748351409918492 ], [ 1.952851226098772, 50.748268351048523 ], [ 1.952871941488805, 50.748259066156734 ], [ 1.952992151797811, 50.748235399214863 ], [ 1.953077865112385, 50.74820859354805 ], [ 1.953081241061893, 50.74819614142006 ], [ 1.953067735450108, 50.748136975470146 ], [ 1.95306986783603, 50.748034944567785 ], [ 1.953053876357468, 50.747964888158101 ], [ 1.953027697600256, 50.747931071650655 ], [ 1.953003222483503, 50.747915126304285 ], [ 1.952952225081322, 50.74789809659493 ], [ 1.952940659011836, 50.747896834412472 ], [ 1.952930093127923, 50.747897805197255 ], [ 1.952795041803571, 50.747939887394992 ], [ 1.952671570154037, 50.747995230322779 ], [ 1.952656863510982, 50.747999829503968 ], [ 1.952339912605626, 50.748062228274392 ], [ 1.952008081551439, 50.748059433695261 ], [ 1.951959546061722, 50.748048974651887 ], [ 1.952026673595671, 50.74792182933431 ], [ 1.952043011369588, 50.747875526149485 ], [ 1.952062139567726, 50.747772491652043 ], [ 1.952057607104566, 50.747700345410479 ], [ 1.952018156431565, 50.747632618849444 ], [ 1.951947649367211, 50.747575941488556 ], [ 1.951852987668392, 50.74753586126085 ], [ 1.951743437425288, 50.74751630145844 ], [ 1.951629722053471, 50.747519176708593 ], [ 1.951522972659204, 50.747544205565212 ], [ 1.951433638505222, 50.747588938057454 ], [ 1.951370464206761, 50.74764899549929 ], [ 1.951339633760762, 50.74771849908965 ], [ 1.951324901938454, 50.747797846284982 ], [ 1.951281111327041, 50.747880787319247 ], [ 1.951222268369424, 50.747934677847155 ], [ 1.951089589438426, 50.748034635450594 ], [ 1.951087733383728, 50.748036045108073 ], [ 1.951053571308665, 50.748062201750123 ], [ 1.950938431590831, 50.748147665845266 ], [ 1.950897177124186, 50.748165207953797 ], [ 1.950784842603694, 50.748241339024425 ], [ 1.950751546453841, 50.748277849760527 ], [ 1.950705359010814, 50.74836528500191 ], [ 1.950701255122856, 50.748386479944244 ], [ 1.950454651904932, 50.7484970033751 ], [ 1.950359009115217, 50.748526911690377 ], [ 1.950123945590864, 50.748579687822577 ], [ 1.949875957145129, 50.748596191074014 ], [ 1.949601927382593, 50.748570946160584 ], [ 1.94942288451172, 50.748522115056716 ], [ 1.949539391785086, 50.748433234675787 ], [ 1.94955274546676, 50.748422427314487 ], [ 1.94963340602812, 50.748353114616663 ], [ 1.949634658480729, 50.748352031980509 ], [ 1.949715803667426, 50.748281472036318 ], [ 1.950025080108052, 50.748012537770052 ], [ 1.950078523122845, 50.747946320675588 ], [ 1.950080519962723, 50.747938424224273 ], [ 1.950097097972241, 50.747872866816124 ], [ 1.950078986568879, 50.747799366381521 ], [ 1.950063332400644, 50.747779777586139 ], [ 1.950025961931817, 50.747733014092454 ], [ 1.949943214574263, 50.747680304936345 ], [ 1.949838844384737, 50.747646398406886 ], [ 1.949723067753298, 50.747634613474247 ], [ 1.949607217554979, 50.747646103715454 ], [ 1.949502633865665, 50.747679744399591 ], [ 1.949483743297494, 50.747691681363477 ], [ 1.949419553973246, 50.747732242579033 ], [ 1.949029754246614, 50.748071192596932 ], [ 1.948956152762439, 50.748134438716534 ], [ 1.948781591962613, 50.74826760531986 ], [ 1.948665468825438, 50.748356191239751 ], [ 1.948598511570221, 50.748386198769012 ], [ 1.948281551697284, 50.748448588760148 ], [ 1.947949716147551, 50.748445784157596 ], [ 1.947696907318742, 50.748391297027119 ], [ 1.947672124661178, 50.748387951116591 ], [ 1.947663084302863, 50.748384007205424 ], [ 1.947635488442001, 50.748378059504248 ], [ 1.947596960703302, 50.748365191863364 ], [ 1.947603072167539, 50.748357826514273 ], [ 1.947331099365838, 50.748239175861059 ], [ 1.947284552052788, 50.748208846462276 ], [ 1.947262549755514, 50.748206444378226 ], [ 1.947244593394932, 50.74820809335116 ], [ 1.946912758232758, 50.748205285903339 ], [ 1.946804538196026, 50.748193470663367 ], [ 1.946709842485767, 50.748187935170179 ], [ 1.94664077279048, 50.748180394193497 ], [ 1.946580303164799, 50.748185946938804 ], [ 1.946248468328706, 50.748183137734522 ], [ 1.94616140291438, 50.748173631644903 ], [ 1.946073805876722, 50.748172889864641 ], [ 1.946054552760325, 50.748174657730232 ], [ 1.945554880038554, 50.747984277549904 ], [ 1.945288064021063, 50.747865517690897 ], [ 1.945284728400046, 50.747864050436704 ], [ 1.944803866001506, 50.747655024248303 ], [ 1.944801216693337, 50.747653851609407 ], [ 1.944928799677037, 50.747547876091012 ], [ 1.94494407279427, 50.747534214828754 ], [ 1.945137634791674, 50.747347430153908 ], [ 1.945834007484856, 50.746713580702107 ], [ 1.94584377191011, 50.74670471073631 ], [ 1.946022798422486, 50.746542083037752 ], [ 1.946029043516334, 50.746536225768637 ], [ 1.946475047479957, 50.746104165970927 ], [ 1.946788464922528, 50.745800541836878 ], [ 1.946811330770907, 50.745775085334053 ], [ 1.946860623517198, 50.745711346239595 ], [ 1.946936566215698, 50.745650407011055 ], [ 1.94694375773887, 50.745644444562387 ], [ 1.946969682747721, 50.745622230022754 ], [ 1.94699682868325, 50.745595358550553 ], [ 1.947056258145683, 50.745526764942575 ], [ 1.947076565877145, 50.745499294806883 ], [ 1.947218885203906, 50.745269582651297 ], [ 1.947280337602922, 50.745194134129385 ], [ 1.947314056432751, 50.745160898179861 ], [ 1.947319123262878, 50.745155760785664 ], [ 1.947395967550883, 50.745075585030051 ], [ 1.947479945173112, 50.745003054002076 ], [ 1.947480966014119, 50.745002168014295 ], [ 1.947525705924103, 50.744963148952877 ], [ 1.947575347630326, 50.744941958897677 ], [ 1.947679446292604, 50.744901684311706 ], [ 1.947719952477338, 50.74488357065313 ], [ 1.947841151057682, 50.744821346915145 ], [ 1.948000259905923, 50.744746391921204 ], [ 1.948117410686512, 50.74470638371475 ], [ 1.948196139366186, 50.744670422622903 ], [ 1.948257623128122, 50.744622813854711 ], [ 1.948308207523105, 50.74457119461448 ], [ 1.948328759575274, 50.744544668892644 ], [ 1.948377874201898, 50.744525159816369 ], [ 1.948509755384163, 50.744491232088009 ], [ 1.948556023108722, 50.744476900354044 ], [ 1.948609924553181, 50.74445717691156 ], [ 1.948732931180824, 50.744510356852821 ], [ 1.948872801612659, 50.744603777752175 ], [ 1.948958474430934, 50.744646389882483 ], [ 1.949059869891276, 50.744671524551833 ], [ 1.94916838049806, 50.744677048067388 ], [ 1.94927479472314, 50.744662491535159 ], [ 1.949370079008609, 50.744629090666116 ], [ 1.949446144658578, 50.74457968087232 ], [ 1.949457520143199, 50.744565859527725 ], [ 1.949496534506276, 50.744518456560016 ], [ 1.949521532885062, 50.744472902343951 ], [ 1.94952482067081, 50.744466630849359 ], [ 1.949558773612204, 50.744398718267412 ], [ 1.949568504498581, 50.744375096276123 ], [ 1.949592903205364, 50.74430031646488 ], [ 1.949614893801293, 50.74424288771224 ], [ 1.949638559285995, 50.74420174952629 ], [ 1.949650338965898, 50.744177231085835 ], [ 1.949665288251405, 50.744138770865732 ], [ 1.949672764405406, 50.744095193141625 ], [ 1.949646652349222, 50.744094513026276 ], [ 1.949652857680006, 50.743997948893963 ], [ 1.949637352270045, 50.743965183057398 ], [ 1.949628542866046, 50.743948771661628 ], [ 1.949588909014712, 50.743882929954836 ], [ 1.949530631935722, 50.743818635453358 ], [ 1.949443894126028, 50.743768914085408 ], [ 1.949337186071077, 50.743738632879612 ], [ 1.949290918510077, 50.743735497409368 ], [ 1.949192909421352, 50.743765928362301 ], [ 1.94917057780338, 50.743737493617729 ], [ 1.949106572450352, 50.743746054299407 ], [ 1.949005240658882, 50.743783030473431 ], [ 1.948926876604625, 50.743838065013406 ], [ 1.948879151122908, 50.743905770800339 ], [ 1.948872354692274, 50.743946143729346 ], [ 1.948868195660264, 50.743970849650069 ], [ 1.948841031894578, 50.743959442768343 ], [ 1.948738417313825, 50.743929362105696 ], [ 1.948626320904432, 50.743920129491158 ], [ 1.948515003019, 50.74393259000049 ], [ 1.94841513956992, 50.743965442951627 ], [ 1.948483652242806, 50.744014966565395 ], [ 1.948440111778914, 50.74404098098622 ], [ 1.94848170801522, 50.744099772570017 ], [ 1.948458637593802, 50.744110449492567 ], [ 1.948455698458834, 50.744111842077139 ], [ 1.948403604094725, 50.744137108065928 ], [ 1.948393286483383, 50.744129154566792 ], [ 1.94826935542749, 50.744034221511136 ], [ 1.948267186606992, 50.744035273395895 ], [ 1.948205064146891, 50.744058005020349 ], [ 1.948066873004208, 50.744093555980001 ], [ 1.948009004133201, 50.744112312227664 ], [ 1.947926727006165, 50.744144993883587 ], [ 1.948028817736536, 50.744261909715263 ], [ 1.948012235758646, 50.744268496305359 ], [ 1.947994278348481, 50.744276757080492 ], [ 1.94795665116995, 50.744296675005529 ], [ 1.947863500917972, 50.744172439064023 ], [ 1.947859519335681, 50.744174270670115 ], [ 1.947779428370799, 50.744216666688516 ], [ 1.947713939824141, 50.744261628087663 ], [ 1.947668782164673, 50.744315731169301 ], [ 1.947664783258408, 50.744322522501896 ], [ 1.947622220962376, 50.744337057907977 ], [ 1.947588045719419, 50.744350841184421 ], [ 1.947576572538461, 50.744355468449037 ], [ 1.947389447038342, 50.744443621585674 ], [ 1.94737715365654, 50.744449668753234 ], [ 1.947269212223581, 50.744505086019331 ], [ 1.947179193936829, 50.744539912967056 ], [ 1.947165151100731, 50.744545622602601 ], [ 1.94705383659585, 50.74459313812217 ], [ 1.946960262825963, 50.744650366803832 ], [ 1.946877209775285, 50.744722799275351 ], [ 1.946784091529849, 50.744803224191976 ], [ 1.946765968160769, 50.744820398962887 ], [ 1.946683133802776, 50.744906823386088 ], [ 1.946642391562312, 50.744946981672612 ], [ 1.946624633299699, 50.744966458259043 ], [ 1.946546236169566, 50.745062709232116 ], [ 1.946530434300613, 50.745084816826342 ], [ 1.946389870296972, 50.745311690887213 ], [ 1.946354126710935, 50.74535294560043 ], [ 1.946346724796973, 50.745359288064989 ], [ 1.946249692273663, 50.745437149804289 ], [ 1.94620734745629, 50.745479756141023 ], [ 1.946150659905229, 50.745553056068978 ], [ 1.945406962132592, 50.74627349925246 ], [ 1.945221260252896, 50.746442188999445 ], [ 1.944521681191559, 50.747078949882841 ], [ 1.944515997495902, 50.747084275713398 ], [ 1.944326905305781, 50.747266745006989 ], [ 1.944149018785029, 50.747414503044332 ], [ 1.944138550401202, 50.747423003658604 ], [ 1.944029489014937, 50.747490371069922 ], [ 1.943949737284309, 50.747526108821056 ], [ 1.943795375699064, 50.747621457494809 ], [ 1.943729356132365, 50.747661172832842 ], [ 1.943723270470987, 50.747648556284389 ], [ 1.943643873969079, 50.747546336500221 ], [ 1.943622631516924, 50.747532493770493 ], [ 1.943622645223594, 50.747532502702349 ], [ 1.943594728794262, 50.747514310876525 ], [ 1.943594745883032, 50.747514322012229 ], [ 1.943540005083775, 50.747478649946387 ], [ 1.943539987717262, 50.74747863862914 ], [ 1.943392485492748, 50.747346137691771 ], [ 1.943232739848194, 50.747242037663632 ], [ 1.943224469506614, 50.74723664818567 ], [ 1.943204836503874, 50.7472238540715 ], [ 1.943196566168346, 50.747218464591526 ], [ 1.943001243228104, 50.747091179152605 ], [ 1.942973340051886, 50.747072995504432 ], [ 1.942953707177415, 50.747060201347487 ], [ 1.942925804035709, 50.747042017687832 ], [ 1.942898986760483, 50.747024541727662 ], [ 1.942751472725269, 50.746892030234605 ], [ 1.942685249823659, 50.746848874241806 ], [ 1.942620712867008, 50.7468068169823 ], [ 1.942620690394497, 50.746806802337019 ], [ 1.942546942974066, 50.746740552223386 ], [ 1.94250947917143, 50.746716137737387 ], [ 1.942435723820769, 50.74664988228848 ], [ 1.942397163187125, 50.746624752897155 ], [ 1.942369260489932, 50.74660656910072 ], [ 1.942341357813179, 50.746588385297613 ], [ 1.942315622688049, 50.746571614041393 ], [ 1.942124178607997, 50.746399635343188 ], [ 1.942077141245208, 50.746339071974631 ], [ 1.942061448700704, 50.746317950336113 ], [ 1.942038939492261, 50.746286238515438 ], [ 1.942019092656599, 50.746260187562385 ], [ 1.94194348874482, 50.74616248761032 ], [ 1.941789946161642, 50.746024556613811 ], [ 1.941736263765106, 50.745978831779482 ], [ 1.941633739709503, 50.745814380874357 ], [ 1.941602280193586, 50.745638662392508 ], [ 1.941602307902084, 50.745637720921557 ], [ 1.941591512918148, 50.745590378739131 ], [ 1.941568013402124, 50.745575063782624 ], [ 1.941520818339047, 50.745559297455749 ], [ 1.94131411346219, 50.745514732302702 ], [ 1.941048284319449, 50.745388702948048 ], [ 1.941020585239987, 50.745363818888023 ], [ 1.941009638470248, 50.745356684592075 ], [ 1.94089534047605, 50.745282193418554 ], [ 1.940814921038922, 50.745255327198151 ], [ 1.940761461299348, 50.745229981567022 ], [ 1.9407340891351, 50.745220837138561 ], [ 1.940570835923786, 50.745143437283616 ], [ 1.94051111880122, 50.745059643972496 ], [ 1.9405278786695, 50.745029507581187 ], [ 1.940582020297264, 50.744964192258394 ], [ 1.94070556200319, 50.74486529729672 ], [ 1.940858072007525, 50.744743896086632 ], [ 1.941003642786751, 50.744630251468649 ], [ 1.941009876870709, 50.744625247270996 ], [ 1.941116394323845, 50.744537315144903 ], [ 1.941155897046654, 50.744496766099964 ], [ 1.941206158735656, 50.744431079014575 ], [ 1.941280488424443, 50.744383486187083 ], [ 1.941297772196354, 50.744371630634042 ], [ 1.941327941191358, 50.744349453316985 ], [ 1.9413343367897, 50.744344622192514 ], [ 1.94141361244132, 50.74428307871851 ], [ 1.941544543110058, 50.74420531570275 ], [ 1.941623441364992, 50.74413789156953 ], [ 1.941659912620565, 50.744057166394825 ], [ 1.941649294363401, 50.743973460602739 ], [ 1.941640694309372, 50.743952953165369 ], [ 1.942514221545169, 50.743599157229234 ], [ 1.943549531662846, 50.743126965866935 ], [ 1.943955427800427, 50.742858510882591 ], [ 1.944177718522797, 50.742712332612925 ], [ 1.94357129132597, 50.742504053259232 ], [ 1.943582579166831, 50.742499058855543 ], [ 1.94364411221326, 50.74247425576344 ], [ 1.943728486073697, 50.742440245774588 ], [ 1.94374542935597, 50.742432991929199 ], [ 1.943814523319199, 50.742401615364173 ], [ 1.943854527616097, 50.742390940830582 ], [ 1.943872131985035, 50.742385896437064 ], [ 1.94394615130046, 50.742363193235931 ], [ 1.944022167023848, 50.74233208887302 ], [ 1.944059688553001, 50.74231222804751 ], [ 1.944146636948749, 50.742284400855084 ], [ 1.944246905243258, 50.742256560991756 ], [ 1.944340232219153, 50.742241749877955 ], [ 1.944426186832702, 50.742220599351789 ], [ 1.944538723531418, 50.742182070017613 ], [ 1.944637069400769, 50.742133202490265 ], [ 1.944713144519776, 50.742080005970259 ], [ 1.944734565132953, 50.74206358810769 ], [ 1.944813751452064, 50.741996957480183 ], [ 1.944816513873388, 50.741994602589351 ], [ 1.944866929101675, 50.741951059357 ], [ 1.944901757629402, 50.741908248414965 ], [ 1.94483860830183, 50.741879264389169 ], [ 1.944832618294557, 50.741876525984736 ], [ 1.944903252223387, 50.741853616629967 ], [ 1.944925693027746, 50.741863903959278 ], [ 1.944930642406725, 50.741844732902081 ], [ 1.944995485133294, 50.741823701784988 ], [ 1.944935736175083, 50.74180066252115 ], [ 1.944921260098057, 50.741740612750185 ], [ 1.944869232395388, 50.741674964583993 ], [ 1.944787780289792, 50.741622730964572 ], [ 1.944684876882491, 50.741589024837829 ], [ 1.944570594987745, 50.741577145557905 ], [ 1.944456121169307, 50.741588255937252 ], [ 1.944417169770717, 50.741600684696131 ], [ 1.944078043541441, 50.741469538218027 ], [ 1.944062603367331, 50.741464023020718 ], [ 1.943654822888281, 50.741621189890608 ], [ 1.943497431976173, 50.74170779520211 ], [ 1.942667519524476, 50.742165579802617 ], [ 1.942646747890442, 50.742176996808929 ], [ 1.942646543203691, 50.742177036318687 ], [ 1.942553585447871, 50.74220040485033 ], [ 1.942546003793221, 50.74219942235252 ], [ 1.942484571024203, 50.742191461333007 ], [ 1.942382810730334, 50.742196320636282 ], [ 1.94230905613111, 50.742206462101471 ], [ 1.942202275279935, 50.742232636977178 ], [ 1.942113204877368, 50.742278261960877 ], [ 1.942018962631542, 50.742344230415583 ], [ 1.941936616006728, 50.742390668885406 ], [ 1.941870856338405, 50.742426961773667 ], [ 1.941804778704866, 50.742474864502036 ], [ 1.941722494309689, 50.742554029920413 ], [ 1.941669721606891, 50.742633651747497 ], [ 1.941619970179723, 50.742779498496901 ], [ 1.94161647383932, 50.742791167948553 ], [ 1.941576430605317, 50.742946070828097 ], [ 1.941572757837103, 50.742965607760645 ], [ 1.941412242623074, 50.74294189353725 ], [ 1.941271259005812, 50.742920952186047 ], [ 1.940357956936325, 50.743909248624334 ], [ 1.939821156418673, 50.743745843796802 ], [ 1.939588357342137, 50.743452218123622 ], [ 1.939566742628486, 50.743440097976595 ], [ 1.939552116568385, 50.743423467045389 ], [ 1.939500428201856, 50.743378005224265 ], [ 1.939391711198978, 50.74330259773123 ], [ 1.939326042188425, 50.743266371791172 ], [ 1.93927468844816, 50.743244011027052 ], [ 1.939256408231203, 50.743227245137447 ], [ 1.939250689656931, 50.743222142520857 ], [ 1.939176953252892, 50.743158116810882 ], [ 1.939094644428226, 50.743064982939096 ], [ 1.938647861711715, 50.74272632322041 ], [ 1.938341086909738, 50.742555827303995 ], [ 1.937808359927325, 50.742357021962746 ], [ 1.937826845278303, 50.74228890928979 ], [ 1.937827262687984, 50.742269221116985 ], [ 1.937816069613362, 50.742220112967033 ], [ 1.937709886211775, 50.742150900048486 ], [ 1.937505082764926, 50.742053786600614 ], [ 1.937503199121815, 50.742052558784764 ], [ 1.937449100988499, 50.742026906474621 ], [ 1.937262660280057, 50.741859384159234 ], [ 1.937206707055183, 50.741822911731248 ], [ 1.937183555667685, 50.741815175957903 ], [ 1.937127643122815, 50.74178866292835 ], [ 1.93686668278507, 50.741701465325043 ], [ 1.936863777249968, 50.741700838726317 ], [ 1.936848469702251, 50.741695723816484 ], [ 1.93679145232224, 50.741689493184069 ], [ 1.936801324925017, 50.741667874496528 ], [ 1.936809489475104, 50.741646245257705 ], [ 1.936818620632961, 50.741615812916955 ], [ 1.936817740880382, 50.741524350813989 ], [ 1.936793224291957, 50.741486993395377 ], [ 1.936911494717813, 50.741188666256761 ], [ 1.936922801705307, 50.741122742994207 ], [ 1.936905361753206, 50.74105736033998 ], [ 1.936860495736751, 50.740997469875147 ], [ 1.936791601541034, 50.740947607229138 ], [ 1.936764957836545, 50.740932988605792 ], [ 1.936938706514265, 50.740686372793903 ], [ 1.936972850538383, 50.740676793477554 ], [ 1.93806385208924, 50.739649857369258 ], [ 1.938114197340116, 50.739655894588168 ], [ 1.938227036515397, 50.739647738329069 ], [ 1.938331028398173, 50.739618773396302 ], [ 1.938416871596732, 50.739571590516896 ], [ 1.938869455499429, 50.739235349159657 ], [ 1.938931534457137, 50.739171068702412 ], [ 1.938959271729646, 50.739097761296321 ], [ 1.938949952342304, 50.739022602802386 ], [ 1.938904488700016, 50.738952950250329 ], [ 1.938904076297207, 50.738952643832576 ], [ 1.939701004522079, 50.738330126740919 ], [ 1.939257811832018, 50.738023038990789 ], [ 1.937577504257699, 50.739101766698496 ], [ 1.937159280430715, 50.739224452100956 ], [ 1.937066511756157, 50.739262980445567 ], [ 1.937018296514507, 50.739299433745117 ], [ 1.93699523451537, 50.739316869822957 ], [ 1.93652023804213, 50.739806562262714 ], [ 1.936431254996539, 50.739896926380631 ], [ 1.935889938307001, 50.739594288175574 ], [ 1.935016484726613, 50.739104929458108 ], [ 1.93483682679319, 50.739174283645688 ], [ 1.934655289056841, 50.739076013711227 ], [ 1.934424735978288, 50.738483011633292 ], [ 1.934403680346408, 50.738290115025109 ], [ 1.9343690223546, 50.738174881634492 ], [ 1.934884751685235, 50.737784670802654 ], [ 1.935012663915875, 50.73768795247711 ], [ 1.935028798597018, 50.73713645271927 ], [ 1.935325665212188, 50.736968691996495 ], [ 1.935401454561593, 50.736909961760354 ], [ 1.935408072962919, 50.736899197482096 ], [ 1.935460855876643, 50.736862379457435 ], [ 1.935566721406021, 50.736793589427734 ], [ 1.935587143365652, 50.73677916567636 ], [ 1.935651833084474, 50.736729466333628 ], [ 1.935669015613273, 50.736710912601659 ], [ 1.935710820809007, 50.736665771190921 ], [ 1.935745972333305, 50.736608640160732 ], [ 1.935762483150764, 50.736574143078272 ], [ 1.935780554318336, 50.736522250157591 ], [ 1.935789192347458, 50.736469519580297 ], [ 1.935787351918953, 50.736356435130368 ], [ 1.935782539427035, 50.736328096912096 ], [ 1.935834693245409, 50.73637496618619 ], [ 1.935921027755574, 50.736431250790254 ], [ 1.935971240072941, 50.736436738775062 ], [ 1.936023819106962, 50.736431913971408 ], [ 1.936064548132966, 50.73641918021795 ], [ 1.936255634029222, 50.736333549783105 ], [ 1.936293029249924, 50.736321858218922 ], [ 1.936299772230427, 50.736319768815214 ], [ 1.936450430923191, 50.736273503232233 ], [ 1.936547353769944, 50.736213630910783 ], [ 1.936584547455736, 50.736182047375813 ], [ 1.937151909150711, 50.736569277280381 ], [ 1.937464532755242, 50.736097238383437 ], [ 1.937913813645649, 50.735648799326476 ], [ 1.937914377663976, 50.735555477507845 ], [ 1.937913838669238, 50.735514193814815 ], [ 1.937888821262421, 50.735426935204472 ], [ 1.937806326949205, 50.735149236999185 ], [ 1.937873403005562, 50.735078013090458 ], [ 1.937892623493474, 50.735054713375597 ], [ 1.937964028746226, 50.734954817218316 ], [ 1.93797240982995, 50.734942106718592 ], [ 1.938041330799861, 50.734828248835989 ], [ 1.938127364339286, 50.734722627028745 ], [ 1.938229629441735, 50.734598764412191 ], [ 1.938309436282996, 50.734510352623531 ], [ 1.938312861665207, 50.734487505795236 ], [ 1.938318774355283, 50.734448700001359 ], [ 1.938329152431454, 50.734379331888256 ], [ 1.938329633589705, 50.734376643874896 ], [ 1.938329419271183, 50.734373411503 ], [ 1.938327049933564, 50.734298370891587 ], [ 1.938320043624635, 50.734210044457441 ], [ 1.93837733192983, 50.734122166408405 ], [ 1.938382327728283, 50.734113361794279 ], [ 1.938382978952034, 50.734112021003938 ], [ 1.93838525513784, 50.734140660648997 ], [ 1.938390954138776, 50.734212050457252 ], [ 1.938397789396896, 50.734296551601126 ], [ 1.938400124625401, 50.734373207190963 ], [ 1.93840031043602, 50.734377785379031 ], [ 1.938394598200317, 50.734416007949321 ], [ 1.938437605782415, 50.734368362824952 ], [ 1.93845577958569, 50.734345376483041 ], [ 1.93850830964303, 50.73426865057921 ], [ 1.938510836016877, 50.734264869789982 ], [ 1.938570757792423, 50.734172951570187 ], [ 1.938582366198317, 50.734152492731504 ], [ 1.938629677927296, 50.734055082649334 ], [ 1.938645939250101, 50.733982853156462 ], [ 1.938626234399235, 50.733910969786606 ], [ 1.938572492364096, 50.73384646897 ], [ 1.938552315197916, 50.733834046423013 ], [ 1.938485265787671, 50.7338851343603 ], [ 1.938439681515677, 50.733934370189552 ], [ 1.938426330168989, 50.733951912025667 ], [ 1.938418315174229, 50.733939474862844 ], [ 1.938401207258112, 50.733923067429352 ], [ 1.938380496685854, 50.733909805688803 ], [ 1.938422632556385, 50.733864767995151 ], [ 1.938429142693315, 50.733857824027815 ], [ 1.93848921249495, 50.733812301284345 ], [ 1.938501615523472, 50.733802831933275 ], [ 1.938489973874038, 50.733795664459571 ], [ 1.938417021334457, 50.733772951836798 ], [ 1.938600586666415, 50.733617058411568 ], [ 1.938622399827647, 50.733603582245948 ], [ 1.93864924370112, 50.733571229567197 ], [ 1.938653663748935, 50.733554938997074 ], [ 1.938650086942304, 50.733539244460601 ], [ 1.938626193770824, 50.733508356562311 ], [ 1.938551820635548, 50.733500229022106 ], [ 1.938549071609506, 50.733500205568532 ], [ 1.938344657602924, 50.733518968472637 ], [ 1.938333448215318, 50.73352247351459 ], [ 1.938292124613175, 50.733572276949516 ], [ 1.938252184819436, 50.733606195807759 ], [ 1.938237774635137, 50.733623562980632 ], [ 1.938052300932042, 50.733781075557914 ], [ 1.938011468999314, 50.733830285732701 ], [ 1.937977986784084, 50.733852188653636 ], [ 1.937927350268214, 50.733917693686053 ], [ 1.937885089337587, 50.734004702210349 ], [ 1.937832960126628, 50.734084665212663 ], [ 1.937789805591666, 50.734147695932357 ], [ 1.937588481036472, 50.734370725352647 ], [ 1.937581841982019, 50.734378411506825 ], [ 1.937475897567869, 50.734506728507071 ], [ 1.937474957691588, 50.734507874567321 ], [ 1.937379137455038, 50.734625509450723 ], [ 1.937362542335717, 50.734648970282684 ], [ 1.937290237820056, 50.734768415181996 ], [ 1.937231891689935, 50.734850040097697 ], [ 1.937168761437835, 50.734917073299478 ], [ 1.937165136396266, 50.734921009310916 ], [ 1.937068110215586, 50.735028762496569 ], [ 1.937050691750123, 50.735050717714905 ], [ 1.937036252916616, 50.735071588512689 ], [ 1.937005903974023, 50.735112985016222 ], [ 1.937000010883569, 50.73512145938551 ], [ 1.936943026877468, 50.735208017619563 ], [ 1.936942880686662, 50.735208240004667 ], [ 1.936807379312576, 50.735414663485066 ], [ 1.936732541132065, 50.735526888554261 ], [ 1.936730392527683, 50.735529621178259 ], [ 1.936703448331063, 50.735565150349025 ], [ 1.936684308593491, 50.735579242570026 ], [ 1.936631458842048, 50.735605340842028 ], [ 1.936570597573974, 50.735625737954308 ], [ 1.936458395372266, 50.73565266341717 ], [ 1.936443238103686, 50.735656547398534 ], [ 1.936253377567364, 50.735708343781774 ], [ 1.936189183238087, 50.73567409285252 ], [ 1.936144322587163, 50.735655761844669 ], [ 1.936016249704743, 50.735623009058763 ], [ 1.935878170525673, 50.735622564038046 ], [ 1.935807289995975, 50.735630931516447 ], [ 1.93570565763795, 50.735653069791432 ], [ 1.935623066402503, 50.735680181796759 ], [ 1.935584916415892, 50.735694623477684 ], [ 1.935407946603681, 50.735771180705711 ], [ 1.935361937616396, 50.73579473591429 ], [ 1.935188617471437, 50.73589914257083 ], [ 1.935163261944117, 50.735916024349763 ], [ 1.935088561718177, 50.73597102204392 ], [ 1.935027630689117, 50.736033688096448 ], [ 1.935000526065267, 50.736105286341505 ], [ 1.934995388339675, 50.736147418811122 ], [ 1.934999177191742, 50.736203306904144 ], [ 1.935018782585962, 50.736278853886127 ], [ 1.935021546267328, 50.736288288377978 ], [ 1.935052789589963, 50.736383947241528 ], [ 1.935053825493467, 50.736447655367222 ], [ 1.9350509745225, 50.736455841840041 ], [ 1.935047628313347, 50.736461280245926 ], [ 1.935030221745452, 50.736474653118194 ], [ 1.93493049645977, 50.736539452868918 ], [ 1.934921576719294, 50.736545457716666 ], [ 1.93489351429481, 50.736565032164783 ], [ 1.934857262800417, 50.736571203277713 ], [ 1.93475757112299, 50.736612312515369 ], [ 1.93470477589806, 50.73665370960348 ], [ 1.934677238988866, 50.736636953041028 ], [ 1.934618468677836, 50.736607733967567 ], [ 1.934492521625508, 50.736545634259407 ], [ 1.933911759206329, 50.736259782329199 ], [ 1.933772425609301, 50.736191186002117 ], [ 1.933490057520612, 50.735252248854479 ], [ 1.933493232310136, 50.735197867085049 ], [ 1.933499060061006, 50.735120202959941 ], [ 1.933496106406122, 50.735077019797608 ], [ 1.933478108525913, 50.734992512464956 ], [ 1.933472507111006, 50.734972619185584 ], [ 1.933447957669369, 50.734902722005877 ], [ 1.933445250888473, 50.734878093353501 ], [ 1.93344912365226, 50.734857236942581 ], [ 1.933450172892094, 50.73480794218365 ], [ 1.933438997398502, 50.734729602575975 ], [ 1.933435699192384, 50.734640599326092 ], [ 1.933433149530609, 50.73461793712336 ], [ 1.933422985216499, 50.734564007577205 ], [ 1.933363214464146, 50.734460805657285 ], [ 1.9333198716763, 50.734419312758988 ], [ 1.933270293451665, 50.734350502036115 ], [ 1.933265826856544, 50.734344523956786 ], [ 1.933223165367904, 50.734289418363268 ], [ 1.93319105040718, 50.734257942713789 ], [ 1.933076958175401, 50.733878534045282 ], [ 1.932942293752344, 50.733257888503317 ], [ 1.933083429650044, 50.733189946692939 ], [ 1.933281427558041, 50.733055243404067 ], [ 1.933185522171982, 50.732711623484555 ], [ 1.933922884624788, 50.732413733553351 ], [ 1.933664783423641, 50.732117182078021 ], [ 1.934447673848077, 50.731672509223735 ], [ 1.93440522320118, 50.731607534459272 ], [ 1.934360021614432, 50.731538946599393 ], [ 1.934117471288522, 50.731176122886239 ], [ 1.932264799545879, 50.730864101105254 ], [ 1.932193200597461, 50.730848710156224 ], [ 1.932194594139703, 50.730830210359315 ], [ 1.932174208774695, 50.730770685723762 ], [ 1.932130244052855, 50.730716537940992 ], [ 1.932095571739347, 50.730684832053683 ], [ 1.932046707384317, 50.730648675664298 ], [ 1.931966630847418, 50.730600412392739 ], [ 1.931906301638521, 50.730556828347453 ], [ 1.931885839322336, 50.730536244327226 ], [ 1.931769691293512, 50.730462855490693 ], [ 1.931723423271517, 50.730444510606269 ], [ 1.931649601791238, 50.730422060578732 ], [ 1.931572213209211, 50.730404946471651 ], [ 1.93155860180775, 50.730371680019751 ], [ 1.931542135371897, 50.730348206730419 ], [ 1.931482679285217, 50.730289258787963 ], [ 1.93138103270559, 50.730215697946342 ], [ 1.931380239212883, 50.730215125589467 ], [ 1.931080841003785, 50.72999987439497 ], [ 1.931051488001048, 50.729981042952332 ], [ 1.93087395669594, 50.729879394657885 ], [ 1.93082199742316, 50.729847163786197 ], [ 1.930819831912433, 50.729845831474606 ], [ 1.930714231867418, 50.729781392950294 ], [ 1.930631258468046, 50.729730761316638 ], [ 1.930502489185771, 50.729643652472362 ], [ 1.930452212556062, 50.729609641606778 ], [ 1.930357295838922, 50.729544151873306 ], [ 1.930338446314821, 50.72953206186952 ], [ 1.930191854273625, 50.729444652764748 ], [ 1.930182003420787, 50.72943898820202 ], [ 1.930165262745896, 50.729429705930329 ], [ 1.930148886287101, 50.729419026374586 ], [ 1.93007193946967, 50.729367950460116 ], [ 1.930068158825147, 50.729365477742611 ], [ 1.929957449927598, 50.729294130452487 ], [ 1.929831825226311, 50.729213170171199 ], [ 1.929775411132891, 50.729176380421478 ], [ 1.929763140282518, 50.7291687436568 ], [ 1.929513226990121, 50.72902032019649 ], [ 1.929507857752105, 50.729017194148852 ], [ 1.92947458859459, 50.728998206207393 ], [ 1.929471874043614, 50.728987218921979 ], [ 1.929432947614934, 50.728913425371132 ], [ 1.929410885722958, 50.728887211436664 ], [ 1.929380069948525, 50.728856598006665 ], [ 1.929317667404645, 50.728804111925314 ], [ 1.929272277806848, 50.728757229811372 ], [ 1.929200683643694, 50.728703533238019 ], [ 1.929154571559616, 50.728678009612274 ], [ 1.929096615244108, 50.728651739281716 ], [ 1.92904891709829, 50.728634278400804 ], [ 1.928978111644589, 50.72861433797361 ], [ 1.928923211346745, 50.728603096712412 ], [ 1.928855160577285, 50.728593567525628 ], [ 1.928831249856396, 50.728591703293901 ], [ 1.928819509727593, 50.728583336727752 ], [ 1.928794287175362, 50.728567042969061 ], [ 1.92865744238028, 50.728486894874557 ], [ 1.928648479318315, 50.728481814922333 ], [ 1.928561450704742, 50.728434089456016 ], [ 1.928497406944085, 50.728393868787528 ], [ 1.928442912002161, 50.728358328763441 ], [ 1.928428416729748, 50.728346502970012 ], [ 1.928394374707358, 50.728311711435552 ], [ 1.928364415581573, 50.728285377761729 ], [ 1.928305984918433, 50.728240902639094 ], [ 1.928262799446657, 50.728213126628674 ], [ 1.928246028259728, 50.728204008309518 ], [ 1.928245240816514, 50.728203581403726 ], [ 1.928196321692228, 50.728177135828531 ], [ 1.928151395780053, 50.728157594587223 ], [ 1.928103731245254, 50.728106769586979 ], [ 1.928048051425523, 50.72806590756305 ], [ 1.927989425563367, 50.728031334296503 ], [ 1.927905627666536, 50.7279917649944 ], [ 1.927849621760334, 50.727962526590716 ], [ 1.927752185371267, 50.727927508003319 ], [ 1.927748261305064, 50.727925232799258 ], [ 1.927744045050162, 50.727921869835448 ], [ 1.927738806454609, 50.727911993474557 ], [ 1.927726501674668, 50.727891912814819 ], [ 1.927703181124832, 50.727858508608229 ], [ 1.92764816195785, 50.727807015620122 ], [ 1.927629777204787, 50.727789809116132 ], [ 1.927523128517263, 50.727741765871585 ], [ 1.927502649762568, 50.727735671738287 ], [ 1.927500070179347, 50.727730527986679 ], [ 1.927419392006527, 50.727642687635353 ], [ 1.927398628453091, 50.727628467852313 ], [ 1.927393040336674, 50.727612477625513 ], [ 1.927379415958397, 50.727554146551704 ], [ 1.927367942023413, 50.727521433629647 ], [ 1.927338187767789, 50.727458360181622 ], [ 1.927312554624262, 50.727418105268264 ], [ 1.927292077901781, 50.727392972923376 ], [ 1.927269847962494, 50.727365688713924 ], [ 1.927269324658185, 50.727365048853535 ], [ 1.927189790454123, 50.727268165995945 ], [ 1.927117653805873, 50.727306298963612 ], [ 1.927049445059261, 50.727342234211548 ], [ 1.927018338301702, 50.727315941759962 ], [ 1.927006259292225, 50.727305607390718 ], [ 1.926997265481651, 50.727309657782051 ], [ 1.926991555521371, 50.727312210944675 ], [ 1.926988106411382, 50.727313760854003 ], [ 1.926984815925702, 50.727309752590038 ], [ 1.92697566103486, 50.727300010598611 ], [ 1.926872478301816, 50.727203305729986 ], [ 1.926861545762991, 50.727191883297834 ], [ 1.926886304677144, 50.727100700305506 ], [ 1.926885757964048, 50.727098298551404 ], [ 1.926890266035727, 50.7268877639981 ], [ 1.926895777147911, 50.726867467410983 ], [ 1.926888111176539, 50.726833789938389 ], [ 1.926812764690758, 50.726736334976628 ], [ 1.926749233133653, 50.726679214519606 ], [ 1.926651025002045, 50.726478101443448 ], [ 1.926655534281002, 50.726267568655778 ], [ 1.926658651878321, 50.726256087037996 ], [ 1.926660226436527, 50.726182566536018 ], [ 1.926645552468423, 50.726118099810051 ], [ 1.926650061423091, 50.725907565524992 ], [ 1.926665296142346, 50.725851458001003 ], [ 1.926632284183004, 50.725706426291673 ], [ 1.926629657985463, 50.725701048240097 ], [ 1.926629619972904, 50.725700881238673 ], [ 1.926603470517062, 50.725667057824189 ], [ 1.926580531007601, 50.725652095755798 ], [ 1.92655853927826, 50.725649689893658 ], [ 1.926534301149151, 50.725651912689109 ], [ 1.926492185251987, 50.725665079075291 ], [ 1.926365818918047, 50.725721705205906 ], [ 1.926284969119595, 50.725771647072335 ], [ 1.926227969851024, 50.725840328882981 ], [ 1.926214058917199, 50.725891559396707 ], [ 1.926214040227354, 50.725892431721654 ], [ 1.926207704355368, 50.725892377029155 ], [ 1.926206550981133, 50.725946208938943 ], [ 1.926212886859923, 50.725946263631513 ], [ 1.926211349032828, 50.726018039504467 ], [ 1.926205013144967, 50.726017984811854 ], [ 1.926204872265151, 50.726024560125609 ], [ 1.926200564139715, 50.726040425802765 ], [ 1.926197028412921, 50.726039023425606 ], [ 1.92616437558392, 50.726031170987902 ], [ 1.92612993668805, 50.726027512868647 ], [ 1.926095035184332, 50.726028189646456 ], [ 1.926061012309076, 50.726033175313319 ], [ 1.92602917553428, 50.726042278273965 ], [ 1.926000748323434, 50.726055148708703 ], [ 1.925976823115403, 50.726071292016407 ], [ 1.925958319343059, 50.726090087821433 ], [ 1.925945948099909, 50.726110813813897 ], [ 1.925940184812566, 50.726132673507259 ], [ 1.925940393976483, 50.726137019660591 ], [ 1.925824660480745, 50.726068594258166 ], [ 1.925772770541702, 50.726042391177941 ], [ 1.925767740501096, 50.726035335595093 ], [ 1.925734418508762, 50.726094650449127 ], [ 1.925730955850472, 50.726172103031949 ], [ 1.925810046140134, 50.726559979239141 ], [ 1.925844886417187, 50.726556318673723 ], [ 1.925824263125621, 50.72654887176629 ], [ 1.925826119938762, 50.726534798846359 ], [ 1.925937499162762, 50.72650973639287 ], [ 1.926005296203984, 50.726697516365057 ], [ 1.926022226063126, 50.726699188086371 ], [ 1.92602520637951, 50.726699497045736 ], [ 1.925995065007926, 50.726810496349799 ], [ 1.925977694098753, 50.726804605334202 ], [ 1.92589505339709, 50.726788277291618 ], [ 1.925867126683225, 50.726785164520443 ], [ 1.925862869742804, 50.726789710476943 ], [ 1.925917208963202, 50.726881073474409 ], [ 1.925960698380547, 50.72692201396265 ], [ 1.925946966945773, 50.726975573489888 ], [ 1.925809325625602, 50.727153360642106 ], [ 1.925596095113762, 50.72729800941196 ], [ 1.925325750473484, 50.727396986553089 ], [ 1.925161157772233, 50.727421201489641 ], [ 1.925163234171692, 50.727426795769219 ], [ 1.92510711305372, 50.727435187596129 ], [ 1.925031628402827, 50.727455280288254 ], [ 1.924961726505549, 50.72753445183691 ], [ 1.924957475821333, 50.727542202566148 ], [ 1.924759525852295, 50.727708767568295 ], [ 1.924490713341802, 50.727828846207949 ], [ 1.924400256102603, 50.72785712197323 ], [ 1.924333956585446, 50.727937002005504 ], [ 1.924135332404395, 50.728105641203058 ], [ 1.924048885837963, 50.72814437440956 ], [ 1.924029963852597, 50.728156061461497 ], [ 1.923914131586691, 50.728227604386987 ], [ 1.923914011902607, 50.72822804505396 ], [ 1.923832622186105, 50.728379957893267 ], [ 1.923819242250034, 50.728429221289133 ], [ 1.923824134371323, 50.728450718110018 ], [ 1.923900461934013, 50.7284762398358 ], [ 1.924143683851616, 50.728591645452234 ], [ 1.924205883686048, 50.728612443025149 ], [ 1.924407320442087, 50.72865591985061 ], [ 1.92467302406868, 50.728781994373335 ], [ 1.924864340237821, 50.728954012574775 ], [ 1.924962540062029, 50.729155135462968 ], [ 1.924962874448339, 50.729156605034078 ], [ 1.924958352386114, 50.729367112897236 ], [ 1.924920705898256, 50.729505731589398 ], [ 1.924919128682522, 50.729579251760974 ], [ 1.924929556695181, 50.729625068574236 ], [ 1.925033688104577, 50.729636460794673 ], [ 1.925031999345784, 50.729655587328246 ], [ 1.92506129996988, 50.729726010409749 ], [ 1.925123454204062, 50.729787239989157 ], [ 1.925212378020659, 50.729833282448674 ], [ 1.925224203092021, 50.729837651875549 ], [ 1.925226915597784, 50.729832712248538 ], [ 1.925295145235822, 50.729709081834201 ], [ 1.925317082339443, 50.729719135508311 ], [ 1.925381318423087, 50.729742871046113 ], [ 1.925311189057701, 50.729869793594382 ], [ 1.925532207182284, 50.72995146035322 ], [ 1.925829360994041, 50.730075114663066 ], [ 1.926014191142762, 50.730155355781505 ], [ 1.926109553073506, 50.730199222089034 ], [ 1.926111155050381, 50.730199954827839 ], [ 1.92617312568187, 50.730228139410258 ], [ 1.926180582171499, 50.730256894823036 ], [ 1.926192321563506, 50.730255818385011 ], [ 1.926215743890021, 50.730358713995201 ], [ 1.926242503282794, 50.730393197625908 ], [ 1.926383550244185, 50.730485185327282 ], [ 1.926403172394527, 50.730497982418264 ], [ 1.926411438303747, 50.730503373241028 ], [ 1.926517415267562, 50.730572488655859 ], [ 1.926660968275844, 50.730620482477391 ], [ 1.926663873416065, 50.730621109424909 ], [ 1.926713007114419, 50.730637536118572 ], [ 1.926724626100044, 50.730640043466913 ], [ 1.926794559318805, 50.730663423955853 ], [ 1.926955985921454, 50.730681081507313 ], [ 1.926955208437205, 50.730683944646174 ], [ 1.927095877283989, 50.730696934932155 ], [ 1.927105039597262, 50.730699436721274 ], [ 1.927178409929965, 50.73072796466878 ], [ 1.927257685994111, 50.730741117007156 ], [ 1.927350149001308, 50.730766364018585 ], [ 1.92756744448429, 50.730875195120213 ], [ 1.92758146455435, 50.730884338320386 ], [ 1.927655177420241, 50.730950604473811 ], [ 1.927752186676043, 50.731013868793262 ], [ 1.927775331644223, 50.731021606453119 ], [ 1.928041051443544, 50.731147667211516 ], [ 1.928170588018502, 50.731232142895479 ], [ 1.928223253087245, 50.731249749206007 ], [ 1.928488974649151, 50.731375808735685 ], [ 1.928600702098559, 50.731476245413837 ], [ 1.928718550496147, 50.731553097182569 ], [ 1.928820915141893, 50.731601657391167 ], [ 1.928841155203563, 50.731614856337167 ], [ 1.928965066237523, 50.73167363901289 ], [ 1.92900660872574, 50.731687526480755 ], [ 1.929030745750213, 50.731690166208843 ], [ 1.929177385045649, 50.73167671706053 ], [ 1.929215885081025, 50.73167704842573 ], [ 1.929278469322007, 50.731717621609086 ], [ 1.929296222924338, 50.731729198923276 ], [ 1.92930083260963, 50.731732151740715 ], [ 1.929599591868711, 50.73192013951158 ], [ 1.929656895222646, 50.731968839096311 ], [ 1.92966908344519, 50.731978637890805 ], [ 1.929726388897742, 50.732022251518849 ], [ 1.929881686515065, 50.73214278412388 ], [ 1.930053373142732, 50.732288219162015 ], [ 1.930244995557717, 50.732468971679467 ], [ 1.93025483494691, 50.732477802796033 ], [ 1.930389532592262, 50.732592927767925 ], [ 1.930431274261511, 50.732622850072772 ], [ 1.930503531680923, 50.732666453648491 ], [ 1.930631613443364, 50.732773186209386 ], [ 1.930678327239351, 50.732823209190947 ], [ 1.93093753778348, 50.733142866420437 ], [ 1.930941028322426, 50.733153933485447 ], [ 1.930975414784, 50.733215827415172 ], [ 1.931009433581465, 50.733257256589667 ], [ 1.931077449792166, 50.733370706410049 ], [ 1.93108117503558, 50.733383032075885 ], [ 1.931081428810047, 50.733383863557798 ], [ 1.931098620771388, 50.733439648544199 ], [ 1.93114882430268, 50.733519624214033 ], [ 1.93117904926195, 50.733540171442478 ], [ 1.931204017594107, 50.733581817717194 ], [ 1.931333821668229, 50.733932532503601 ], [ 1.931181708655938, 50.734061689379914 ], [ 1.93116966093486, 50.73406913098416 ], [ 1.931163440805126, 50.734092042711758 ], [ 1.931168336641903, 50.7341135391001 ], [ 1.931307848815153, 50.734160171729648 ], [ 1.931310753843556, 50.734160798465254 ], [ 1.931327258537777, 50.73416631522354 ], [ 1.931407859977246, 50.734183704262932 ], [ 1.931411699250242, 50.734184987550719 ], [ 1.931428610066994, 50.734188635899223 ], [ 1.931668652031791, 50.734837179188325 ], [ 1.931709028655709, 50.735085747037623 ], [ 1.931689176298264, 50.735267748510807 ], [ 1.931618352447361, 50.735461242420726 ], [ 1.931455937262304, 50.735621251649633 ], [ 1.931203518670028, 50.735726255982968 ], [ 1.930918981571682, 50.735783619854722 ], [ 1.930791611413312, 50.73579229457458 ], [ 1.930732471196495, 50.735750611568754 ], [ 1.930639293078868, 50.735802668249029 ], [ 1.930592331571375, 50.735805866534555 ], [ 1.930267387260957, 50.735792242818015 ], [ 1.929640888039948, 50.735670000669877 ], [ 1.929368777598218, 50.735590179439136 ], [ 1.928791702347177, 50.735473476987785 ], [ 1.928475387125423, 50.735441939433073 ], [ 1.928166558648355, 50.73553150447232 ], [ 1.927936384803334, 50.735680522722042 ], [ 1.927876748737738, 50.735886607704479 ], [ 1.927913316550298, 50.73608045431601 ], [ 1.927918126923731, 50.736092968256997 ], [ 1.927364568536496, 50.73639285673957 ], [ 1.927793968794383, 50.736943954513734 ], [ 1.927312434362435, 50.737098299052121 ], [ 1.926798247054227, 50.736936869582706 ], [ 1.926598617485044, 50.736807954351214 ], [ 1.926432730158374, 50.736700675766073 ], [ 1.926655420360656, 50.737118462216053 ], [ 1.926636991577788, 50.737296879630613 ], [ 1.926623786704486, 50.737319023911823 ], [ 1.926550238822203, 50.737342597082453 ], [ 1.926534672090982, 50.737328604476495 ], [ 1.926529814376659, 50.737322345552265 ], [ 1.926512533649558, 50.737306812255099 ], [ 1.926501881628363, 50.737299866335398 ], [ 1.926448263149385, 50.737264902831662 ], [ 1.926448275925623, 50.737264911162647 ], [ 1.926423132571866, 50.737242310635246 ], [ 1.926143944937063, 50.736669486828603 ], [ 1.925637641198888, 50.736481579956433 ], [ 1.925585166766582, 50.736447361112305 ], [ 1.925524520667588, 50.73641859136746 ], [ 1.92530036572269, 50.736343656640216 ], [ 1.925298125146064, 50.736343173141705 ], [ 1.924775951342854, 50.735971182523237 ], [ 1.925183745045095, 50.735814076179921 ], [ 1.924210094600237, 50.735257366058391 ], [ 1.92403409602569, 50.735156235623698 ], [ 1.92396983995698, 50.735185293270604 ], [ 1.923492017972417, 50.734784520370027 ], [ 1.922917014596287, 50.734300345509396 ], [ 1.922734241366958, 50.733725339843993 ], [ 1.922807219882017, 50.733356252565699 ], [ 1.922831145289435, 50.733229929567621 ], [ 1.92302248300954, 50.732814305598325 ], [ 1.922896733429462, 50.732744118901607 ], [ 1.92223442853173, 50.732375842469175 ], [ 1.922090496016468, 50.732296523588559 ], [ 1.921965005245701, 50.73201724889114 ], [ 1.921958538954654, 50.732003457905165 ], [ 1.921960387766099, 50.732002070198263 ], [ 1.922003353798362, 50.731935303002132 ], [ 1.922011707713701, 50.731863377113449 ], [ 1.921984631917756, 50.73179333314566 ], [ 1.921969214825839, 50.731777542417703 ], [ 1.921924776908092, 50.731732027470443 ], [ 1.921888873550856, 50.731712760564541 ], [ 1.921838001775371, 50.731685461075877 ], [ 1.921732800649807, 50.73165819216274 ], [ 1.921619471245816, 50.731652889972082 ], [ 1.921523989156933, 50.73166775637597 ], [ 1.91926169170712, 50.730689389951536 ], [ 1.919290548192378, 50.730666538412784 ], [ 1.919347503483384, 50.730603191201673 ], [ 1.919370828018846, 50.730531774011965 ], [ 1.919358238768347, 50.730459277673205 ], [ 1.919310968201822, 50.730392798622582 ], [ 1.919233643590904, 50.730338844259798 ], [ 1.919133834021434, 50.730302695969975 ], [ 1.919021309473184, 50.730287892161712 ], [ 1.918907084495318, 50.730295881917399 ], [ 1.918802340078138, 50.730325883153675 ], [ 1.918717329235768, 50.730374959173496 ], [ 1.918648686984701, 50.730429316666743 ], [ 1.918482281609137, 50.730526069001932 ], [ 1.918385941706084, 50.73057508111232 ], [ 1.918333671040624, 50.730607606644924 ], [ 1.918253170065126, 50.730668825995757 ], [ 1.918183412732131, 50.730751088372216 ], [ 1.918171561135019, 50.730776111982145 ], [ 1.91817100662251, 50.730777294121033 ], [ 1.918160626780192, 50.730799638384241 ], [ 1.918145927825158, 50.730874896916603 ], [ 1.918170067215006, 50.730949167741315 ], [ 1.918189180593247, 50.730980742275797 ], [ 1.91828428934837, 50.731069234081254 ], [ 1.918336216219627, 50.731099346872611 ], [ 1.918381514664566, 50.731136567233122 ], [ 1.91842946161319, 50.73119010421641 ], [ 1.918433594184967, 50.731193388119763 ], [ 1.918483603586992, 50.731249674018606 ], [ 1.91856926236546, 50.731314650707063 ], [ 1.918640001529359, 50.731351766953061 ], [ 1.918772247500401, 50.73142172196205 ], [ 1.918821555365732, 50.731443708606989 ], [ 1.918976866980364, 50.731501475525938 ], [ 1.919099806979352, 50.731554246995259 ], [ 1.919285134637791, 50.731640717224799 ], [ 1.919437457828607, 50.731716813711202 ], [ 1.919572135399856, 50.731787839178622 ], [ 1.919671134251092, 50.731824747476388 ], [ 1.919678742206456, 50.731833672471843 ], [ 1.919693857730057, 50.731852520819032 ], [ 1.919725625813202, 50.731908358468537 ], [ 1.919759160066407, 50.731952236973093 ], [ 1.919851543700478, 50.73204644505865 ], [ 1.919925287559966, 50.732124671137242 ], [ 1.92002154503926, 50.732239674285147 ], [ 1.920040002122567, 50.73225932581871 ], [ 1.920127286488229, 50.732342642310158 ], [ 1.920129900331152, 50.732345103107015 ], [ 1.920155518486424, 50.732368892176069 ], [ 1.920226868300414, 50.732436149092209 ], [ 1.920274336652768, 50.732472351030793 ], [ 1.920334333477939, 50.732509664225212 ], [ 1.920347425349089, 50.732515573208936 ], [ 1.920396833651625, 50.732564956898194 ], [ 1.920451442242501, 50.732619500952339 ], [ 1.920470520681462, 50.732653182823981 ], [ 1.920505176004756, 50.732698231919464 ], [ 1.920531174690453, 50.73272436006841 ], [ 1.92054653198977, 50.73276277877445 ], [ 1.920584908905806, 50.732819603595424 ], [ 1.920587976282998, 50.732831228118918 ], [ 1.920626014286342, 50.732903348362548 ], [ 1.920648020105191, 50.732936554907383 ], [ 1.92074717991401, 50.733059458499753 ], [ 1.920777883647956, 50.733091179603569 ], [ 1.920871596788277, 50.733173009749763 ], [ 1.920887206647962, 50.733204781813342 ], [ 1.920905063438729, 50.733229165883188 ], [ 1.920923302945154, 50.73324907974429 ], [ 1.920922901497974, 50.733252010742135 ], [ 1.920928090860442, 50.733316106914714 ], [ 1.920937330077443, 50.733346697872406 ], [ 1.920939074886378, 50.733352125438557 ], [ 1.920943064915896, 50.733363825947464 ], [ 1.920971329512763, 50.733415930354504 ], [ 1.921000206502556, 50.733453870633753 ], [ 1.921013048743674, 50.733469250132636 ], [ 1.921120830031943, 50.733587442256109 ], [ 1.921157489619559, 50.733635607346351 ], [ 1.921177729123816, 50.733658746399378 ], [ 1.921255237507983, 50.733736592856765 ], [ 1.92129199502828, 50.733767493857407 ], [ 1.921345904096533, 50.733805743214312 ], [ 1.921380649484118, 50.73387690082393 ], [ 1.921382075263985, 50.733883166578607 ], [ 1.92140144110323, 50.733922827188053 ], [ 1.92140880456296, 50.733955186654413 ], [ 1.921428170451193, 50.733994847255396 ], [ 1.921432867745215, 50.734015489911442 ], [ 1.921488339541476, 50.734129093584393 ], [ 1.921493857356742, 50.734153341888131 ], [ 1.921496483446057, 50.734158719979611 ], [ 1.921507814837499, 50.734208516228016 ], [ 1.921497108429699, 50.734439822372664 ], [ 1.921385110553277, 50.734620421139724 ], [ 1.921196082958893, 50.734631822274338 ], [ 1.920453317190401, 50.733797101521986 ], [ 1.919391018874749, 50.734011326186774 ], [ 1.917994997940442, 50.732916058603905 ], [ 1.917634149833416, 50.732994581220176 ], [ 1.917119497273329, 50.732992794900433 ], [ 1.916937416276304, 50.733043257876517 ], [ 1.916837835121425, 50.733071107042335 ], [ 1.916617655957133, 50.733248665534148 ], [ 1.916490488116535, 50.733506002902757 ], [ 1.916489783982345, 50.733587375804468 ], [ 1.916451458336286, 50.733577257347889 ], [ 1.916357251437819, 50.733561282039865 ], [ 1.91627114933213, 50.733554250418642 ], [ 1.916185855506525, 50.733553622079 ], [ 1.916066907572558, 50.733561559599124 ], [ 1.915942419521925, 50.733584458972615 ], [ 1.915764459925816, 50.733640340392434 ], [ 1.915670695661466, 50.733682513100604 ], [ 1.915602055155607, 50.733741010068904 ], [ 1.915565257462183, 50.733810105248665 ], [ 1.915563904715053, 50.73388303514897 ], [ 1.915598129480498, 50.7339526608841 ], [ 1.915664581723413, 50.734012166976946 ], [ 1.915756756684963, 50.734055728515024 ], [ 1.915865631594707, 50.734079081349343 ], [ 1.915980548898654, 50.734079939515063 ], [ 1.916090259540455, 50.73405821900792 ], [ 1.916209209514441, 50.734020867297822 ], [ 1.916217066299853, 50.73402034300598 ], [ 1.916262074665493, 50.734032225770086 ], [ 1.916381846967866, 50.734070724477228 ], [ 1.916390626118981, 50.734073453831606 ], [ 1.916504422153747, 50.734107647842848 ], [ 1.916627300843643, 50.734129052123592 ], [ 1.916733215924661, 50.734135358616861 ], [ 1.91680364631952, 50.73413524829941 ], [ 1.916904177926412, 50.734128944502707 ], [ 1.916955080887225, 50.734123438049345 ], [ 1.917207620705038, 50.73408435684356 ], [ 1.917212969583187, 50.734083502031794 ], [ 1.917258157012623, 50.734076051148854 ], [ 1.91733054220655, 50.734071369394762 ], [ 1.917400732038607, 50.734075165641471 ], [ 1.917526756262494, 50.73408828595803 ], [ 1.917585481984276, 50.734100777782473 ], [ 1.917699653057669, 50.734134106399708 ], [ 1.917714623804324, 50.734140705190534 ], [ 1.917735673347742, 50.734153117345208 ], [ 1.917789737916139, 50.734176170371384 ], [ 1.918031481881712, 50.73429498303004 ], [ 1.918172321402051, 50.734367183031843 ], [ 1.918513142747277, 50.734602498346497 ], [ 1.918519515622738, 50.734631068948332 ], [ 1.918540199593414, 50.734802297743855 ], [ 1.918542609442697, 50.734816547401913 ], [ 1.918560620799566, 50.734899262501692 ], [ 1.918601109034249, 50.734978262022899 ], [ 1.918636957209108, 50.735020750236203 ], [ 1.918700991288541, 50.735075670255348 ], [ 1.918766548382595, 50.735117519241072 ], [ 1.918870840830511, 50.73516432446818 ], [ 1.919002904084872, 50.735204059082641 ], [ 1.919048105212752, 50.735215424116234 ], [ 1.919253074043436, 50.735257338962889 ], [ 1.91942008728223, 50.73529853540218 ], [ 1.91947290830322, 50.735308768972956 ], [ 1.919572996976217, 50.735323098784782 ], [ 1.919702911414471, 50.735326886973056 ], [ 1.919784056893674, 50.735320151495046 ], [ 1.919897431986039, 50.735321135778804 ], [ 1.920047098104726, 50.735328881472341 ], [ 1.92035985831373, 50.735349903497216 ], [ 1.920654396099079, 50.735374540830058 ], [ 1.920655866505345, 50.735374661929612 ], [ 1.921035700853615, 50.735405454589191 ], [ 1.921104919160837, 50.735415199333637 ], [ 1.921212937932348, 50.735430406429813 ], [ 1.921267088340839, 50.73544434648371 ], [ 1.921286745852658, 50.735449001128224 ], [ 1.921351490535728, 50.73546302306179 ], [ 1.921425399586493, 50.735473836901342 ], [ 1.921461883812956, 50.735476730149777 ], [ 1.921531739591958, 50.7354923695531 ], [ 1.921623620104345, 50.735514813460952 ], [ 1.921774409530964, 50.735551647020571 ], [ 1.921999651127565, 50.735606584654036 ], [ 1.922001038347152, 50.735606890066407 ], [ 1.922048121245404, 50.735639558852689 ], [ 1.922050741841257, 50.735641377168953 ], [ 1.922146898217672, 50.735689189660143 ], [ 1.922177733219906, 50.73569986128264 ], [ 1.922213718328982, 50.73573821897687 ], [ 1.922253620280671, 50.735758457920483 ], [ 1.922265883347122, 50.735746260125651 ], [ 1.922322651807414, 50.735777902527225 ], [ 1.922312084081504, 50.735773621548638 ], [ 1.922299613850505, 50.735781786598757 ], [ 1.922304554090687, 50.735784292365665 ], [ 1.922319585609494, 50.735797765207387 ], [ 1.922411065382982, 50.735841439519348 ], [ 1.922454584550121, 50.735856174403203 ], [ 1.922472508193321, 50.735861431260325 ], [ 1.922529960012268, 50.735893454313342 ], [ 1.922573762573181, 50.735936730808611 ], [ 1.922618138730143, 50.73596955964733 ], [ 1.922694071793628, 50.735935764732737 ], [ 1.922782775445429, 50.735879937971738 ], [ 1.922796109551103, 50.735887415438981 ], [ 1.922820112958911, 50.735896538807147 ], [ 1.922872286341836, 50.735912434390663 ], [ 1.922860432486081, 50.735919526818414 ], [ 1.922708890914541, 50.736014814385619 ], [ 1.922725382926813, 50.736021756229562 ], [ 1.922779578784779, 50.736038268003135 ], [ 1.922836597675709, 50.736056554908821 ], [ 1.922940940167553, 50.736074536340361 ], [ 1.922943174191323, 50.736075272675961 ], [ 1.923009322175696, 50.736096564917212 ], [ 1.923031852024347, 50.736104421982432 ], [ 1.923042095610645, 50.7361128910579 ], [ 1.923107756666633, 50.736154953555605 ], [ 1.923172117138431, 50.736186918648379 ], [ 1.92321160679657, 50.736204047218422 ], [ 1.923277535449775, 50.73622884684184 ], [ 1.923299111337259, 50.736236360720021 ], [ 1.923328230362312, 50.736245718024456 ], [ 1.923361391504642, 50.736269407002659 ], [ 1.923403723753843, 50.73629521151571 ], [ 1.923479240916433, 50.736334451957767 ], [ 1.923490267254345, 50.736339963757949 ], [ 1.923617633245962, 50.736401189646479 ], [ 1.923679345368297, 50.736421994745662 ], [ 1.923689774002945, 50.736429647549571 ], [ 1.923785072381238, 50.736477317378885 ], [ 1.923790988169398, 50.736485261312488 ], [ 1.923807139648724, 50.736501133362303 ], [ 1.923173835719266, 50.737154421785213 ], [ 1.924231757317992, 50.737673279889314 ], [ 1.924761006812326, 50.737853739245203 ], [ 1.925479324656544, 50.737856355131761 ], [ 1.925675152641469, 50.73785696357448 ], [ 1.925689968546397, 50.73786383455986 ], [ 1.9256959091135, 50.737869595997488 ], [ 1.925786044122146, 50.737930120727398 ], [ 1.925847282410489, 50.737958807483245 ], [ 1.925894315305286, 50.737981832897262 ], [ 1.926176760875289, 50.738120558991014 ], [ 1.926179527884837, 50.738121904888338 ], [ 1.926467862698492, 50.738260793134771 ], [ 1.926563885035529, 50.738294177951964 ], [ 1.926671080327697, 50.738308328746697 ], [ 1.926703580190348, 50.738309506462286 ], [ 1.926797193754886, 50.738305357349461 ], [ 1.926873232790232, 50.738289191117666 ], [ 1.92699769004837, 50.738463116998133 ], [ 1.92704111698338, 50.738550004300137 ], [ 1.926483623125988, 50.738899691051387 ], [ 1.925701549461723, 50.7392976544227 ], [ 1.926218607667074, 50.739652091057494 ], [ 1.926191666443938, 50.739655448034071 ], [ 1.926190252532925, 50.73965543583229 ], [ 1.926139236357748, 50.739660379768395 ], [ 1.925327121703152, 50.739744002539425 ], [ 1.925135112556178, 50.740161421578676 ], [ 1.924654134507772, 50.740196165081876 ], [ 1.92433612610906, 50.740195105309901 ], [ 1.924044771130922, 50.740218349223291 ], [ 1.923753423762205, 50.740261013790843 ], [ 1.923628559120764, 50.740211207388192 ], [ 1.923207929321474, 50.740042452462752 ], [ 1.922253515174637, 50.740560944308946 ], [ 1.921502640214014, 50.739966662662766 ], [ 1.92108188804309, 50.739679165450958 ], [ 1.921068523142677, 50.739642183582326 ], [ 1.921000719696824, 50.73955034701082 ], [ 1.92094564577923, 50.739504455058309 ], [ 1.920854975546053, 50.739413042386964 ], [ 1.92085105726524, 50.739409174629159 ], [ 1.920752699423691, 50.739314097807359 ], [ 1.92073012413379, 50.739294509370161 ], [ 1.920603566126395, 50.739195598327591 ], [ 1.920515451787365, 50.73914538387897 ], [ 1.920407196862382, 50.739114905334652 ], [ 1.920289397990862, 50.739107146112275 ], [ 1.920200917606463, 50.739119155912363 ], [ 1.92006698111294, 50.738998747284803 ], [ 1.919925846702331, 50.738906704639817 ], [ 1.919906222913426, 50.738893906689718 ], [ 1.919897956459192, 50.738888515593871 ], [ 1.919878332684772, 50.738875717639189 ], [ 1.919870066236298, 50.738870326541168 ], [ 1.919850442475882, 50.738857528581541 ], [ 1.919736190626877, 50.738783017154113 ], [ 1.919685213529691, 50.738765973463529 ], [ 1.919645434901426, 50.738761620695584 ], [ 1.919609173079108, 50.73876494314635 ], [ 1.919529262366913, 50.738814282664663 ], [ 1.919523036313903, 50.738837193634424 ], [ 1.919528272089333, 50.738860204159693 ], [ 1.919549072263685, 50.738873769514591 ], [ 1.91975256797328, 50.73900648309133 ], [ 1.919752568474625, 50.739006483327309 ], [ 1.9197804585912, 50.739024672311672 ], [ 1.919808348867243, 50.739042861380064 ], [ 1.919836239163943, 50.739061050442011 ], [ 1.919846892335734, 50.739067998057386 ], [ 1.919949270642537, 50.739116569518139 ], [ 1.919958840552092, 50.739122810643693 ], [ 1.920057936338999, 50.739169824583179 ], [ 1.91999196386501, 50.739216438944055 ], [ 1.919943932115393, 50.739285133031117 ], [ 1.919931703743828, 50.739359883498253 ], [ 1.919956475904426, 50.739433373258535 ], [ 1.920015823870871, 50.739498408603069 ], [ 1.920091192071833, 50.739557312978683 ], [ 1.920057602632575, 50.739561082056881 ], [ 1.919980795820282, 50.739843983920458 ], [ 1.920387218499558, 50.740080826627263 ], [ 1.920460441236972, 50.740292343381931 ], [ 1.920420417235395, 50.740574666937867 ], [ 1.920911689831566, 50.740890326929609 ], [ 1.921023763231024, 50.741003732150965 ], [ 1.921080020235039, 50.741047990022302 ], [ 1.921135844038543, 50.741082573970118 ], [ 1.921217973911573, 50.741121211059834 ], [ 1.921236190661667, 50.741127563630663 ], [ 1.921453951796451, 50.741308701956328 ], [ 1.921662869775947, 50.741326665185419 ], [ 1.921667111647158, 50.741326701944942 ], [ 1.92167546021657, 50.741333055855662 ], [ 1.921741778425146, 50.741348299925548 ], [ 1.921763448930646, 50.741444588845063 ], [ 1.921797407714627, 50.741455941250585 ], [ 1.921837713152406, 50.741460350693977 ], [ 1.92215186300421, 50.74152814146187 ], [ 1.922326283273708, 50.741610882373003 ], [ 1.922482982946098, 50.741663265785533 ], [ 1.922496077497143, 50.74166469825952 ], [ 1.922532643270511, 50.741661347300024 ], [ 1.922785734146935, 50.741611579396782 ], [ 1.922826008726775, 50.741617545703626 ], [ 1.922901333040198, 50.741673903579105 ], [ 1.923117863731297, 50.741855763376044 ], [ 1.923077974192005, 50.741917242932814 ], [ 1.923050849447623, 50.741989618481355 ], [ 1.923060299723564, 50.7420637702783 ], [ 1.923105400115066, 50.742132439821766 ], [ 1.923181735991492, 50.742188905225888 ], [ 1.923281835089157, 50.742227639218221 ], [ 1.923395898939471, 50.742244850205019 ], [ 1.923512762038628, 50.742238853434422 ], [ 1.923620984858157, 50.74221023591943 ], [ 1.923709973684532, 50.742161798974308 ], [ 1.923771017647649, 50.742098283990011 ], [ 1.923823746257872, 50.742017014531768 ], [ 1.923865801070999, 50.741958910721934 ], [ 1.923873596864127, 50.741947342304002 ], [ 1.923908746320207, 50.741891112272853 ], [ 1.923933851823776, 50.741815562208032 ], [ 1.924120230798669, 50.741681756137858 ], [ 1.924163593864421, 50.741638160147247 ], [ 1.92419730060442, 50.741618950565773 ], [ 1.924257974115607, 50.741628511153813 ], [ 1.924642182763448, 50.74187471455879 ], [ 1.924691228925341, 50.741895777793239 ], [ 1.925897927527682, 50.742406928917994 ], [ 1.926711501640869, 50.741993084917361 ], [ 1.927277718421153, 50.741704529121591 ], [ 1.929240242256246, 50.741327488823494 ], [ 1.929322616172319, 50.741311147687284 ], [ 1.930067297589249, 50.740942454297823 ], [ 1.930195897406839, 50.740878718888482 ], [ 1.930699844109453, 50.740994642500681 ], [ 1.931004399304116, 50.741086225844867 ], [ 1.933128584746506, 50.741983767732755 ], [ 1.933452582550944, 50.742119354974477 ], [ 1.933686173409359, 50.742248368717007 ], [ 1.933813368391572, 50.742302534540123 ], [ 1.934354069261874, 50.743188548151011 ], [ 1.934650250972807, 50.743293383388625 ], [ 1.934661925592763, 50.743276433466683 ], [ 1.934781771159674, 50.743227207165262 ], [ 1.935000916311155, 50.743030765938883 ], [ 1.934999540447734, 50.743028959440039 ], [ 1.935141959194807, 50.742908683946354 ], [ 1.935147685111687, 50.742912624020626 ], [ 1.935261162111867, 50.742965707291063 ], [ 1.935320492951375, 50.742975482731374 ], [ 1.935272445283928, 50.742931418390135 ], [ 1.935374799937676, 50.742886618392866 ], [ 1.935342331888972, 50.742857176346178 ], [ 1.93534324553608, 50.742844572417461 ], [ 1.935350157321827, 50.742847201148642 ], [ 1.935379694634876, 50.74285402889813 ], [ 1.93541073571695, 50.742857182116936 ], [ 1.935411889526029, 50.742857228624402 ], [ 1.935978514667595, 50.743022476624027 ], [ 1.93594400524189, 50.743047607448723 ], [ 1.935983340593606, 50.743051417388187 ], [ 1.936042503090996, 50.743063365265215 ], [ 1.936109235360051, 50.743069810582554 ], [ 1.935858350329724, 50.743545110397669 ], [ 1.936860829772395, 50.744223109810562 ], [ 1.936936646382443, 50.744382590193545 ], [ 1.936915435677173, 50.744382408997751 ], [ 1.936464297574447, 50.744381246302225 ], [ 1.937456833268355, 50.745129148837776 ], [ 1.938027193512352, 50.745644614217291 ], [ 1.938636475918193, 50.746192713290519 ], [ 1.939161315508083, 50.746187317393726 ], [ 1.939685533340926, 50.746679049496542 ], [ 1.939825624514261, 50.746809462276531 ], [ 1.941034988875813, 50.747943247347607 ], [ 1.941796421833632, 50.748656838714638 ], [ 1.941993368142537, 50.748841573155651 ], [ 1.940908464105561, 50.749779949685305 ], [ 1.940960380299023, 50.749943436942075 ], [ 1.94064386428052, 50.750169529752789 ], [ 1.940065533872224, 50.750718348511974 ], [ 1.940019710606249, 50.750779011675064 ], [ 1.939920155628553, 50.750810018434393 ], [ 1.939858867194125, 50.75083747756932 ], [ 1.939835762781766, 50.750851746635519 ], [ 1.939812253826162, 50.750938366919272 ], [ 1.939705467710582, 50.751137716178796 ], [ 1.939506803317463, 50.751306373980015 ], [ 1.939235706937129, 50.751427830579217 ], [ 1.938918715776648, 50.751490196618846 ], [ 1.938880476112506, 50.751493705384718 ], [ 1.938742532538744, 50.751536822659098 ], [ 1.938421769804566, 50.751599528880703 ], [ 1.938253396731487, 50.751614586151661 ], [ 1.938144255015828, 50.751648453599756 ], [ 1.938095361131354, 50.751678648146864 ], [ 1.938087141012637, 50.751682330771317 ], [ 1.938077153658139, 50.751677572121736 ], [ 1.938073484075877, 50.751688449095255 ], [ 1.938005871760275, 50.75171873944835 ], [ 1.937991245710089, 50.751714478136329 ], [ 1.937994669804003, 50.751708832593685 ], [ 1.938009331554313, 50.751664449155932 ], [ 1.938008887955507, 50.751646130718093 ], [ 1.937926838582901, 50.751618399307674 ], [ 1.937866876646775, 50.751602264138974 ], [ 1.937796272784969, 50.751587777246996 ], [ 1.93780034556818, 50.751607389039556 ], [ 1.937785650320091, 50.751659030397747 ], [ 1.937258390993957, 50.751539807799269 ], [ 1.936269801025655, 50.751412845562747 ], [ 1.935335511229656, 50.751390087152323 ], [ 1.934469478704447, 50.751493103803391 ], [ 1.934086027387343, 50.751534008867779 ], [ 1.932890438652739, 50.751655672444492 ], [ 1.932579709360053, 50.751619680380465 ], [ 1.931989863646877, 50.751485017232774 ], [ 1.9317546086968, 50.751382005564757 ], [ 1.931503039033483, 50.751217974647346 ], [ 1.931500967065647, 50.751208880788042 ], [ 1.931453829936957, 50.751112424827646 ], [ 1.931447472994052, 50.751084524024449 ], [ 1.93143466030143, 50.751068022981599 ], [ 1.931382752315348, 50.751034189090305 ], [ 1.931197953098015, 50.750946563299202 ], [ 1.930985869153422, 50.750875698371487 ], [ 1.930982963049494, 50.750875071586577 ], [ 1.930929743578316, 50.750857288971119 ], [ 1.930663911858088, 50.750731238156128 ], [ 1.930472491641362, 50.7505592424139 ], [ 1.930400796471293, 50.750466904448139 ], [ 1.930318254159194, 50.750413100809737 ], [ 1.93011963621539, 50.750318918731253 ], [ 1.929928219611937, 50.750146922154713 ], [ 1.92982995108007, 50.74994581759362 ], [ 1.929834448796795, 50.749735290770907 ], [ 1.929941271243811, 50.749535949508925 ], [ 1.92996659186315, 50.749505451253263 ], [ 1.929973447586581, 50.74948020896958 ], [ 1.929968956143252, 50.749460492569995 ], [ 1.929909789051958, 50.749454024735719 ], [ 1.929709537021962, 50.749472385135377 ], [ 1.92964702571904, 50.74948467918167 ], [ 1.929583641141164, 50.749490490585117 ], [ 1.929544731212127, 50.749498142927031 ], [ 1.929212889233344, 50.749495288300096 ], [ 1.928898679865692, 50.749427516174613 ], [ 1.928632861102987, 50.749301460781972 ], [ 1.928441453491918, 50.749129461653951 ], [ 1.928422966251714, 50.749091624679345 ], [ 1.928437593176624, 50.749076290604485 ], [ 1.928448779630227, 50.749063700108152 ], [ 1.928607527096435, 50.748871354155327 ], [ 1.928669519791591, 50.748857211071346 ], [ 1.928677010915537, 50.748855443474575 ], [ 1.928804977016676, 50.748824240180383 ], [ 1.928841369034093, 50.748813896689654 ], [ 1.928952691543991, 50.748777536321562 ], [ 1.928996626151615, 50.748763186274722 ], [ 1.929011326130667, 50.748758113216077 ], [ 1.929189516438121, 50.748693242227226 ], [ 1.929205598412754, 50.748687035049912 ], [ 1.929349714028654, 50.748628152134259 ], [ 1.929373558187777, 50.748617412283842 ], [ 1.929376822887442, 50.748615941801994 ], [ 1.929499763997937, 50.748555081842667 ], [ 1.929578278312919, 50.748501731804602 ], [ 1.929626964180824, 50.748435600110717 ], [ 1.929641055986173, 50.748363160225779 ], [ 1.929619174470682, 50.748291503081155 ], [ 1.929563461688993, 50.748227642960963 ], [ 1.929479371276171, 50.748177830901348 ], [ 1.929375134577412, 50.748146942809825 ], [ 1.929260954910573, 50.748138002194217 ], [ 1.929148008831171, 50.748151884213527 ], [ 1.929047352148953, 50.748187230015461 ], [ 1.928937530311885, 50.748241595296228 ], [ 1.928815320886793, 50.748291527618477 ], [ 1.928652556697106, 50.748350782536946 ], [ 1.928522494698599, 50.748393263609522 ], [ 1.928416898478497, 50.748419012200564 ], [ 1.928410874254098, 50.7484203865748 ], [ 1.928124405454413, 50.748279610351013 ], [ 1.927842592557433, 50.748131074458165 ], [ 1.927778664272996, 50.748073625923553 ], [ 1.927651977203334, 50.747910439521533 ], [ 1.92760994508946, 50.747872667415486 ], [ 1.927585352536803, 50.747840989384457 ], [ 1.927501288589454, 50.747765445103049 ], [ 1.927461128843878, 50.747713714417692 ], [ 1.927440975063067, 50.747700575819245 ], [ 1.927249577660646, 50.74752857444139 ], [ 1.927244718917609, 50.747522315707911 ], [ 1.927227434139064, 50.747506782472875 ], [ 1.927217861759357, 50.747500542009519 ], [ 1.927144125396012, 50.747434277514685 ], [ 1.927047084849803, 50.747371014119878 ], [ 1.926976423294567, 50.747347398786509 ], [ 1.926710620405895, 50.747221338891535 ], [ 1.926519227341961, 50.747049336265754 ], [ 1.926420978570667, 50.746848228070178 ], [ 1.926423881524768, 50.746712770797679 ], [ 1.92641836141374, 50.746712723177623 ], [ 1.926419149191196, 50.746675964064693 ], [ 1.926401452564021, 50.74659825047322 ], [ 1.926354296761504, 50.746537282949078 ], [ 1.926257805115129, 50.746474374927104 ], [ 1.926155405555979, 50.746425809141677 ], [ 1.926153008128552, 50.746424246122857 ], [ 1.926097618760606, 50.746397976125145 ], [ 1.925984002161262, 50.746295866960537 ], [ 1.925912464393341, 50.74624922703898 ], [ 1.925749569649178, 50.746194783754788 ], [ 1.925722363684842, 50.746191808587646 ], [ 1.925700267953621, 50.746193833866535 ], [ 1.925680004374175, 50.746206345220777 ], [ 1.925408901964115, 50.74632777263686 ], [ 1.925395543293324, 50.746331946859932 ], [ 1.925315129866112, 50.746367963978571 ], [ 1.92499815328561, 50.746430295000778 ], [ 1.924666331887245, 50.746427428238583 ], [ 1.924599642109974, 50.746413040271932 ], [ 1.924402755855512, 50.746391507434552 ], [ 1.924338146463692, 50.746397428748743 ], [ 1.924315561559607, 50.74641137281705 ], [ 1.924309336762992, 50.746434283774491 ], [ 1.924314886423327, 50.746458659424682 ], [ 1.924341653160374, 50.746493142679228 ], [ 1.924442243454374, 50.746558725979291 ], [ 1.924633627513049, 50.746730731926739 ], [ 1.924673783550575, 50.746782463600859 ], [ 1.924674220517823, 50.746782748493075 ], [ 1.924612733008211, 50.746807012477518 ], [ 1.924538971915358, 50.746862548817781 ], [ 1.924495870269257, 50.746929828406216 ], [ 1.924487647265952, 50.747002265478351 ], [ 1.924515107977577, 50.747072769395146 ], [ 1.924575564490036, 50.747134438721645 ], [ 1.924663098964456, 50.747181236795377 ], [ 1.92476914289136, 50.747208582651822 ], [ 1.924814260059117, 50.747215253952753 ], [ 1.924909916153858, 50.747221174477183 ], [ 1.925004701902963, 50.747211086302634 ], [ 1.92508850099814, 50.74719476032972 ], [ 1.925154666402061, 50.747174258490695 ], [ 1.925559349779451, 50.747445378550445 ], [ 1.926186583663808, 50.747942543720541 ], [ 1.926312406704837, 50.74819924016623 ], [ 1.926227786806178, 50.748198815020004 ], [ 1.926120771329664, 50.748219171083768 ], [ 1.926027968123266, 50.748258635651936 ], [ 1.925957623733894, 50.748313701894887 ], [ 1.925915989072064, 50.74837947660253 ], [ 1.925904233967298, 50.748411005391375 ], [ 1.92590026692382, 50.748416269134367 ], [ 1.925793839977115, 50.748512014011759 ], [ 1.925592838017455, 50.748689889314385 ], [ 1.925540265263751, 50.748756386405809 ], [ 1.925522654822605, 50.74882993575067 ], [ 1.92554173067581, 50.74890333784024 ], [ 1.925595625693845, 50.748969407551847 ], [ 1.925679064347019, 50.749021677484421 ], [ 1.925783879076633, 50.749055031047014 ], [ 1.925899809793284, 50.749066203323814 ], [ 1.926015508241565, 50.749054100680937 ], [ 1.926119648903347, 50.749019907824135 ], [ 1.926202037674879, 50.748966971825766 ], [ 1.926235402226462, 50.748937445903032 ], [ 1.926311974758037, 50.749126404932738 ], [ 1.926666254038858, 50.749536548498071 ], [ 1.927117072903378, 50.749897683099888 ], [ 1.927388586946262, 50.750059119750787 ], [ 1.928466834908793, 50.750795486165913 ], [ 1.928424265296269, 50.750862955131481 ], [ 1.928436564694491, 50.750870421432758 ], [ 1.928532056641295, 50.750912428073534 ], [ 1.928550989502111, 50.750916040152092 ], [ 1.928736079661044, 50.75099345516638 ], [ 1.928797350177724, 50.751027786647008 ], [ 1.928802414554279, 50.751031823974614 ], [ 1.928832173001705, 50.751048178343524 ], [ 1.928834382795619, 50.751046487874781 ], [ 1.928977687914238, 50.751144351208673 ], [ 1.929456829551483, 50.751331543249592 ], [ 1.929892949637207, 50.751525654259453 ], [ 1.929896162427541, 50.751527067998502 ], [ 1.930588498620551, 50.751828247070613 ], [ 1.930589414559953, 50.751828644220147 ], [ 1.931131937996557, 50.75206311292667 ], [ 1.931443390831781, 50.752223163454481 ], [ 1.931539896517916, 50.752258817688158 ], [ 1.931636983473267, 50.752282982187637 ], [ 1.931666490103882, 50.752289418071172 ], [ 1.931720196271601, 50.752299527159693 ], [ 1.931772997012712, 50.752335929477766 ], [ 1.931750713466877, 50.752222008026777 ], [ 1.931892742837319, 50.752275187698494 ], [ 1.931916480081096, 50.752427016171993 ], [ 1.93193525547493, 50.752428792519602 ], [ 1.932138205218263, 50.752450365347656 ], [ 1.932176891613952, 50.752433827086868 ], [ 1.932234532450863, 50.752457114270818 ], [ 1.932276293626763, 50.752445344634808 ], [ 1.932296654804675, 50.752456188840014 ], [ 1.932320663214176, 50.752466665787324 ], [ 1.932432982896991, 50.752506215259189 ], [ 1.932438402068964, 50.752507706850515 ], [ 1.93232016523494, 50.752567415233322 ], [ 1.932313342098677, 50.752582252701423 ], [ 1.932366029372006, 50.752605676794261 ], [ 1.93234177134767, 50.752627711880301 ], [ 1.932394745318699, 50.75264229261029 ], [ 1.932504600189528, 50.752664771227586 ], [ 1.932542479520397, 50.752670805352565 ], [ 1.9325235096965, 50.752741632587316 ], [ 1.932521337874944, 50.752750867883691 ], [ 1.932496479875053, 50.752873505436163 ], [ 1.932467592305064, 50.753016022182358 ], [ 1.932465405855743, 50.753030301466566 ], [ 1.932435148200567, 50.75332168019456 ], [ 1.932445537509704, 50.753393666253373 ], [ 1.932486047101524, 50.753453534143155 ], [ 1.932576533608226, 50.753454310183173 ], [ 1.932652667032486, 50.753452899175265 ], [ 1.932692920785125, 50.753405794767005 ], [ 1.932705844303344, 50.753413478286149 ], [ 1.932731186863637, 50.753423482547312 ], [ 1.932759119152694, 50.753430158213114 ], [ 1.932788567743415, 50.753433248740222 ], [ 1.932818400936802, 50.753432635360781 ], [ 1.932847472253457, 50.753428341646746 ], [ 1.932874664493136, 50.753420532603975 ], [ 1.932882712123248, 50.753416876818505 ], [ 1.933054841028966, 50.753497831402129 ], [ 1.93307852459316, 50.753484664250848 ], [ 1.933136818896835, 50.753422552127041 ], [ 1.933162003436158, 50.753352052559606 ], [ 1.933191513350325, 50.753067834856012 ], [ 1.933242873718102, 50.752814429953482 ], [ 1.933275449109098, 50.752692797247676 ], [ 1.933279024330629, 50.752675528306732 ], [ 1.933283467805493, 50.752645268881444 ], [ 1.933371593372801, 50.752605422033554 ], [ 1.933418407288407, 50.752594183929915 ], [ 1.93346865395014, 50.75258261270686 ], [ 1.933605959692346, 50.752526638465746 ], [ 1.933637513078578, 50.752506269775253 ], [ 1.933670787197025, 50.752474826015423 ], [ 1.933966830382428, 50.752462765460585 ], [ 1.93403753085222, 50.752461201870553 ], [ 1.934597436117784, 50.75245405432026 ], [ 1.93546324656778, 50.752380632427069 ], [ 1.936072645249556, 50.752371845002472 ], [ 1.936362175981786, 50.75240775965041 ], [ 1.936628763340969, 50.752483957990059 ], [ 1.937402155395353, 50.752828158884171 ], [ 1.938373008387413, 50.75340886371599 ], [ 1.939006711013207, 50.753898791614112 ], [ 1.939220242211236, 50.754069880228997 ], [ 1.939631757477929, 50.754412006320607 ], [ 1.94114314170032, 50.755924752107376 ], [ 1.941246802962678, 50.756525494777961 ], [ 1.941465300988051, 50.756829757426758 ], [ 1.941888672608199, 50.757413937059425 ], [ 1.943357143347739, 50.758014291398133 ], [ 1.94443786512194, 50.758826392514834 ], [ 1.944630149782866, 50.759007268450411 ], [ 1.944868876068812, 50.759216093397598 ], [ 1.944918235932801, 50.759232392958822 ], [ 1.945281861769506, 50.759381523660771 ], [ 1.945399944698665, 50.759452606607724 ], [ 1.9454190110261, 50.759502982192934 ], [ 1.945450066805677, 50.75955573535439 ], [ 1.94551075479369, 50.75962983114497 ], [ 1.945544650228741, 50.759661303976813 ], [ 1.945543067125989, 50.759664259489028 ], [ 1.945505702493072, 50.759709276254057 ], [ 1.945501282365771, 50.759725566422695 ], [ 1.94550486318929, 50.759741260140203 ], [ 1.945587859167787, 50.759848468970695 ], [ 1.945727813231664, 50.759939641497269 ], [ 1.945727813232028, 50.759939641497425 ], [ 1.945755724591545, 50.759957824183211 ], [ 1.94575572459189, 50.759957824183388 ], [ 1.945783635971596, 50.759976006862345 ], [ 1.945783635971972, 50.75997600686253 ], [ 1.945802218649182, 50.759988112410454 ], [ 1.945823380281807, 50.759998140779111 ], [ 1.946014889119132, 50.760170110343786 ], [ 1.946113242693618, 50.760371199010962 ], [ 1.946113934098332, 50.760374229032166 ], [ 1.94617301038161, 50.760450260450263 ], [ 1.946207502307079, 50.760481232756867 ], [ 1.946304177355003, 50.760678886740465 ], [ 1.946327220440844, 50.760693897562689 ], [ 1.946466935063361, 50.760709147717201 ], [ 1.946789378071909, 50.760779620707865 ], [ 1.946816951531868, 50.760793045741501 ], [ 1.946824461625216, 50.760828523228476 ], [ 1.946807989927469, 50.761126224023307 ], [ 1.946739144768091, 50.761430934405176 ], [ 1.946525021576941, 50.762086043343572 ], [ 1.946478515583983, 50.762095194054012 ], [ 1.946323583926671, 50.762109416412024 ], [ 1.946197219337459, 50.762148914837589 ], [ 1.946190473292427, 50.762151004695838 ], [ 1.946039745753624, 50.76219728025827 ], [ 1.945944994554991, 50.762255792504739 ], [ 1.945912109042172, 50.762283708965512 ], [ 1.945640968664951, 50.762405177488759 ], [ 1.945323915889621, 50.762467558759965 ], [ 1.944991987082673, 50.762464746258154 ], [ 1.944677674999518, 50.762397015300373 ], [ 1.944411747689296, 50.762270996088077 ], [ 1.944323201305139, 50.762213313917151 ], [ 1.944323201304788, 50.762213313916995 ], [ 1.944295289208424, 50.762195130972366 ], [ 1.944295289208047, 50.762195130972188 ], [ 1.944267377131873, 50.762176948020738 ], [ 1.944267377131528, 50.762176948020574 ], [ 1.944239465075699, 50.762158765062431 ], [ 1.944239465075322, 50.762158765062253 ], [ 1.94421155303972, 50.762140582097302 ], [ 1.944211553039363, 50.762140582097125 ], [ 1.944183641023993, 50.762122399125403 ], [ 1.944183641023646, 50.762122399125282 ], [ 1.944155729028622, 50.762104216146795 ], [ 1.944155729028245, 50.762104216146639 ], [ 1.94412781705341, 50.762086033161381 ], [ 1.944127817053064, 50.762086033161246 ], [ 1.944099905098575, 50.762067850169288 ], [ 1.944099905098198, 50.762067850169117 ], [ 1.944079666426368, 50.762054665855722 ], [ 1.944016519200924, 50.762024740691942 ], [ 1.943856808790104, 50.761971409441188 ], [ 1.943740013042083, 50.761916060023708 ], [ 1.943567986034838, 50.761858615321707 ], [ 1.943448780017476, 50.761832925935408 ], [ 1.943428456083153, 50.76182329432271 ], [ 1.943294786264543, 50.761778657691238 ], [ 1.943215546118801, 50.761770006594723 ], [ 1.943071345055815, 50.76176878239707 ], [ 1.942974991589233, 50.761777624809866 ], [ 1.942880070716387, 50.761781552810866 ], [ 1.94276722161211, 50.761791908850149 ], [ 1.942714407267598, 50.761824521198847 ], [ 1.942687550876784, 50.761856873370796 ], [ 1.942678270090341, 50.761891068374958 ], [ 1.942685224533207, 50.761921553954899 ], [ 1.942719501016437, 50.761933000170679 ], [ 1.942893996254237, 50.761952051384618 ], [ 1.943208303132403, 50.762019786891265 ], [ 1.943271850830188, 50.762049902482801 ], [ 1.943299596036308, 50.762059167466418 ], [ 1.943565519423202, 50.76218518909478 ], [ 1.943757028869026, 50.762357161556018 ], [ 1.943855377676459, 50.762558251332997 ], [ 1.943860134936004, 50.762579102825477 ], [ 1.943962907881929, 50.762646052910362 ], [ 1.944049026689833, 50.762686863691428 ], [ 1.944240539714404, 50.76285883527791 ], [ 1.944348950323051, 50.762998360943222 ], [ 1.944352820235439, 50.763001835944685 ], [ 1.944451172700919, 50.763202925053953 ], [ 1.944446735218964, 50.76341344810065 ], [ 1.944422645863197, 50.76350221395149 ], [ 1.944421114593253, 50.763574858247729 ], [ 1.944412383284747, 50.763574784215301 ], [ 1.94440979890357, 50.763697387182546 ], [ 1.944303003842009, 50.763896736576832 ], [ 1.944104304233384, 50.76406539847958 ], [ 1.944024283114903, 50.76411480998329 ], [ 1.943975314513527, 50.764173798751486 ], [ 1.943954096292096, 50.764251980828305 ], [ 1.94395405950176, 50.76425372538224 ], [ 1.943965575077243, 50.764304196860593 ], [ 1.944016950972884, 50.764370316852187 ], [ 1.944071300048187, 50.764419118735496 ], [ 1.944169654166987, 50.764620207634366 ], [ 1.944183962797227, 50.764682919041128 ], [ 1.944198117406943, 50.764701135552166 ], [ 1.944348430154004, 50.764836104564772 ], [ 1.944446786204547, 50.765037193117323 ], [ 1.944442348541668, 50.765247715577424 ], [ 1.944335550303504, 50.765447064530093 ], [ 1.944279619604056, 50.765514438713161 ], [ 1.944268173196264, 50.765556614701566 ], [ 1.944277525881327, 50.765597604183412 ], [ 1.944363130274028, 50.765653365852202 ], [ 1.944554655722035, 50.76582533618042 ], [ 1.944617198443411, 50.765953200829365 ], [ 1.944722064944438, 50.766088154605676 ], [ 1.944762353954671, 50.766124329469143 ], [ 1.944815586982395, 50.76619283513466 ], [ 1.944899707979881, 50.766268365608369 ], [ 1.944957030129019, 50.766342133009594 ], [ 1.945104398201861, 50.766474450580795 ], [ 1.945202760505947, 50.766675538035457 ], [ 1.945198325876007, 50.766886059998285 ], [ 1.945091527153211, 50.767085409102982 ], [ 1.944892817547968, 50.767254071446828 ], [ 1.944690990947667, 50.767344475984423 ], [ 1.944688829432389, 50.767325431919353 ], [ 1.944529681838626, 50.767311559690668 ], [ 1.944527726346967, 50.76730690492078 ], [ 1.944485023131976, 50.767243659241252 ], [ 1.944415718950578, 50.76719072802554 ], [ 1.94439418688352, 50.767181596506575 ], [ 1.944325538336112, 50.767152483345129 ], [ 1.944163851415038, 50.767103553923867 ], [ 1.944162887750934, 50.767103263360283 ], [ 1.943766386376689, 50.766984144964219 ], [ 1.943712182533087, 50.766967864494113 ], [ 1.943651413737227, 50.766923287916669 ], [ 1.943238519842777, 50.766739020868144 ], [ 1.942857507987976, 50.766636466158033 ], [ 1.942468204776601, 50.766509669200914 ], [ 1.942410654857391, 50.766479303513989 ], [ 1.942265729405066, 50.766354000687642 ], [ 1.942238373459813, 50.766332972974482 ], [ 1.9421574788513, 50.76627754859657 ], [ 1.94208028432163, 50.766237067256192 ], [ 1.941989018907122, 50.766210887639282 ], [ 1.941987645325311, 50.766210626075548 ], [ 1.94196154203291, 50.766197729437287 ], [ 1.941801498795661, 50.766055536692456 ], [ 1.94160240434322, 50.765839659757198 ], [ 1.941367246982641, 50.765713351207779 ], [ 1.940674697308415, 50.765469668641543 ], [ 1.940791013776269, 50.765301158906382 ], [ 1.939706238012876, 50.764745450442398 ], [ 1.939688749628744, 50.764769529452387 ], [ 1.939589981710138, 50.764823425457941 ], [ 1.939576410915887, 50.76482763411429 ], [ 1.939384547477443, 50.764661285452256 ], [ 1.937315369390264, 50.763118333957863 ], [ 1.93706793154689, 50.762763281931434 ], [ 1.936636089313841, 50.76195293301469 ], [ 1.936543255325856, 50.761715865777589 ], [ 1.936416874666203, 50.760902914876809 ], [ 1.936274930476257, 50.76061905218176 ], [ 1.935700850812169, 50.760092537688152 ], [ 1.935685209692237, 50.760081086272059 ], [ 1.935610876263414, 50.759871164754109 ], [ 1.9355995763541, 50.759872201108209 ], [ 1.935558865290657, 50.759693618112429 ], [ 1.935554640276121, 50.759684975693766 ], [ 1.935524041345083, 50.759645580750231 ], [ 1.935491691392023, 50.759624500962275 ], [ 1.935305735149402, 50.759536352410429 ], [ 1.935114265509455, 50.759364366213511 ], [ 1.935050761731897, 50.759282605755679 ], [ 1.935025740662955, 50.759266301274842 ], [ 1.934957324208243, 50.759243447705273 ], [ 1.934833248365778, 50.759184630979462 ], [ 1.9344176516483, 50.758418042839246 ], [ 1.934310079375593, 50.758487114545936 ], [ 1.934206727865517, 50.758424313172519 ], [ 1.933359052625188, 50.757905567876023 ], [ 1.933178808737892, 50.757932738205717 ], [ 1.933003569146337, 50.757959211669615 ], [ 1.933002604653769, 50.757958947756904 ], [ 1.932913923197737, 50.757879282849046 ], [ 1.932902356864549, 50.757864389815609 ], [ 1.932854292059842, 50.757833066670152 ], [ 1.932706774192901, 50.757700546384655 ], [ 1.932654858486669, 50.757666713372444 ], [ 1.932647066393049, 50.757664110255448 ], [ 1.93238119448424, 50.757538064441931 ], [ 1.932189742525605, 50.757366073225619 ], [ 1.932091450750066, 50.757164972650671 ], [ 1.932071686386156, 50.757078242286013 ], [ 1.932075894929229, 50.75688086768573 ], [ 1.93207324766026, 50.75686925081996 ], [ 1.932053522262325, 50.756856395522696 ], [ 1.931906009390499, 50.756723874091904 ], [ 1.931737983032614, 50.756614368013018 ], [ 1.931737983032251, 50.756614368012841 ], [ 1.931710078625028, 50.756596182092274 ], [ 1.931710078624683, 50.75659618209211 ], [ 1.931689269573268, 50.756582620359204 ], [ 1.931642694610833, 50.75657753047404 ], [ 1.931331762844893, 50.756574861398462 ], [ 1.931017506199218, 50.756507095349136 ], [ 1.930961623267756, 50.756488425028913 ], [ 1.930862918977634, 50.756410716189123 ], [ 1.930749292317164, 50.756365770305877 ], [ 1.930306928382679, 50.75619109441535 ], [ 1.93028452094035, 50.756176490327903 ], [ 1.930256616307162, 50.756158303328277 ], [ 1.930168771172472, 50.756101049930024 ], [ 1.930080925363512, 50.756043795894463 ], [ 1.930070267532474, 50.756036849575381 ], [ 1.929967844316273, 50.755988287442925 ], [ 1.929948770295123, 50.755975855758066 ], [ 1.929856863499164, 50.755945148605853 ], [ 1.929857980837227, 50.755920801989397 ], [ 1.929829327018561, 50.755854459318165 ], [ 1.929771364812293, 50.755796322564251 ], [ 1.929720060891754, 50.75576832985157 ], [ 1.929701560816911, 50.755778785910422 ], [ 1.929674927654709, 50.755793811769927 ], [ 1.929636407588223, 50.755815644965836 ], [ 1.929633108525423, 50.755817770225434 ], [ 1.929596507181174, 50.755842491412771 ], [ 1.929580132646071, 50.75584746546776 ], [ 1.929568802355139, 50.755848085907743 ], [ 1.929553234583604, 50.755858184041948 ], [ 1.929503356600571, 50.755838254888722 ], [ 1.929492913609, 50.755833417392346 ], [ 1.929517822188816, 50.755817496682923 ], [ 1.929520162341646, 50.755807287071775 ], [ 1.929523648866369, 50.755803009798484 ], [ 1.929527714560257, 50.755798109364214 ], [ 1.92956863570494, 50.755769835962937 ], [ 1.929637582593156, 50.755730860370939 ], [ 1.929624073787456, 50.75572546281952 ], [ 1.929590828202033, 50.755710062506516 ], [ 1.929583943646933, 50.755706949854364 ], [ 1.929113071551599, 50.755499202197335 ], [ 1.929094992887287, 50.755491716447175 ], [ 1.928891560927981, 50.755412794297484 ], [ 1.92885458331957, 50.755400230893876 ], [ 1.928760397131044, 50.755372499959407 ], [ 1.928697682559331, 50.75536178717369 ], [ 1.928651363961548, 50.755330708540185 ], [ 1.928461414534065, 50.755177562305626 ], [ 1.928435986857852, 50.755159142987132 ], [ 1.928306237706774, 50.755074572702036 ], [ 1.928252286505609, 50.755045598327776 ], [ 1.928072572415992, 50.754966583213331 ], [ 1.92798614218689, 50.754765576758899 ], [ 1.928013796586722, 50.754729921192379 ], [ 1.928034186245113, 50.754705674694094 ], [ 1.928074858593233, 50.754623350530025 ], [ 1.928082851901167, 50.754580346702262 ], [ 1.928081182792062, 50.754517982602167 ], [ 1.928053475221283, 50.754458137173089 ], [ 1.928019153889894, 50.754409384828492 ], [ 1.928010701276768, 50.754398189590873 ], [ 1.927948688799718, 50.75432138095487 ], [ 1.927924281079366, 50.754295447102585 ], [ 1.927792493824208, 50.754174067330545 ], [ 1.927778667972516, 50.754162161160323 ], [ 1.927555408275086, 50.75398216250526 ], [ 1.927467047787313, 50.753910112526178 ], [ 1.927015622103399, 50.753542011409429 ], [ 1.926985427813968, 50.753515206018911 ], [ 1.926824075087358, 50.753371493988674 ], [ 1.926659278871137, 50.753217867865182 ], [ 1.926564160196873, 50.753119320735955 ], [ 1.926551266343521, 50.753103540725647 ], [ 1.926525829827096, 50.753070749604341 ], [ 1.926470905209011, 50.752964435797253 ], [ 1.926456658404537, 50.752932751003414 ], [ 1.926420968846339, 50.752879549001733 ], [ 1.926386688578644, 50.752842161903835 ], [ 1.926348111133793, 50.752865470751075 ], [ 1.926300197083165, 50.752896644143647 ], [ 1.926230016452288, 50.752942278651986 ], [ 1.926193133107242, 50.752902052386773 ], [ 1.926230582346419, 50.75287773765811 ], [ 1.926298867727168, 50.752833279778216 ], [ 1.926359629088153, 50.752796530362119 ], [ 1.926333321968846, 50.752752153661959 ], [ 1.926294493965608, 50.752704317152819 ], [ 1.926220333772293, 50.752634251318248 ], [ 1.92615069605737, 50.752563360047148 ], [ 1.92608657773954, 50.752437090783978 ], [ 1.926044748487214, 50.752351013171072 ], [ 1.926025276124604, 50.752308608220936 ], [ 1.926005991423567, 50.752275950005803 ], [ 1.925926291788243, 50.752166682813566 ], [ 1.925910788774335, 50.752147754924671 ], [ 1.925843090504909, 50.752073612866639 ], [ 1.925783685567433, 50.752008515849219 ], [ 1.9257570174196, 50.751983254237587 ], [ 1.925662502727351, 50.751905266242957 ], [ 1.92565991583149, 50.751903156848257 ], [ 1.925580785995662, 50.751839391539718 ], [ 1.925563413340047, 50.751820635814916 ], [ 1.92553725893498, 50.751758475370387 ], [ 1.925535597805338, 50.751754657990141 ], [ 1.925527086376172, 50.751735727294239 ], [ 1.925511018320207, 50.751688517557596 ], [ 1.925509338572116, 50.751680727750106 ], [ 1.925516481329649, 50.751602986248535 ], [ 1.925517104212233, 50.751589651797602 ], [ 1.925517107788902, 50.751587447941084 ], [ 1.925517212364468, 50.751523010940701 ], [ 1.925517335763952, 50.751446974863789 ], [ 1.92551677163565, 50.751433815367506 ], [ 1.925499807531284, 50.751239780143869 ], [ 1.925485527812154, 50.751052049895854 ], [ 1.925462073374325, 50.750980593435351 ], [ 1.925404960395639, 50.750917232283882 ], [ 1.925319779568624, 50.750868168634462 ], [ 1.925214868971642, 50.750838205135025 ], [ 1.925100497885214, 50.750830274788711 ], [ 1.924987861601367, 50.75084515386353 ], [ 1.9248879856065, 50.750881385909594 ], [ 1.924878598509075, 50.750887944864949 ], [ 1.924826339600897, 50.750853876450037 ], [ 1.924752601466397, 50.750787610875975 ], [ 1.924655557443724, 50.750724345937265 ], [ 1.924604566448074, 50.750707304554126 ], [ 1.924593000677702, 50.750706039768026 ], [ 1.924590266521097, 50.750706290329461 ], [ 1.924587364778077, 50.750716969710943 ], [ 1.924590867806675, 50.750732354190902 ], [ 1.92463187705526, 50.750785180558999 ], [ 1.924662178540263, 50.750810999354499 ], [ 1.924764657104697, 50.750975463054139 ], [ 1.92476819265138, 50.750995246457308 ], [ 1.924763414446297, 50.751001979481735 ], [ 1.924750913288198, 50.751074536545623 ], [ 1.924765253958036, 50.751263104435353 ], [ 1.924765390842046, 50.75126477925118 ], [ 1.924781850578797, 50.751453077118597 ], [ 1.924781774957188, 50.751499255754958 ], [ 1.9247427224519, 50.751503060221324 ], [ 1.924651806287225, 50.751521119130842 ], [ 1.924640254641291, 50.751523658215106 ], [ 1.924491922955932, 50.751484523152122 ], [ 1.924465041969312, 50.751478183256516 ], [ 1.924272119024578, 50.751437929827425 ], [ 1.92424364944768, 50.751432769028845 ], [ 1.924179312363329, 50.751422828456271 ], [ 1.923950071760638, 50.751384580403169 ], [ 1.923935142133522, 50.751382295399161 ], [ 1.923732512573734, 50.751354050494164 ], [ 1.923684091017975, 50.751346724235169 ], [ 1.923556075019387, 50.751296216411525 ], [ 1.923542919831005, 50.751291258957785 ], [ 1.923284647735711, 50.751198392309689 ], [ 1.923261215138345, 50.751190644460266 ], [ 1.923029846027698, 50.751120594921389 ], [ 1.922995915601205, 50.751110241829352 ], [ 1.922528809298316, 50.750956987756901 ], [ 1.922417274094842, 50.750933522538617 ], [ 1.922299767896099, 50.750933071066342 ], [ 1.92218779287072, 50.750955677532779 ], [ 1.922092309786385, 50.750999129086075 ], [ 1.922022665142392, 50.75105917242896 ], [ 1.921985676288388, 50.751129930144593 ], [ 1.921984964076869, 50.751204476002222 ], [ 1.92202059838087, 50.751275512934505 ], [ 1.922089091194426, 50.751336087324951 ], [ 1.922183738013991, 50.751380269686663 ], [ 1.922655681165118, 50.751535110929112 ], [ 1.922665419483208, 50.751538193358961 ], [ 1.922704767511699, 50.751550199525134 ], [ 1.922705794293934, 50.751550511609594 ], [ 1.922925747384876, 50.751617104926162 ], [ 1.923165862272264, 50.751703442972065 ], [ 1.923336094152508, 50.75177060687939 ], [ 1.923434697305392, 50.751797987866603 ], [ 1.923467109431932, 50.751803652328057 ], [ 1.923479727709195, 50.751805708861248 ], [ 1.923561503752762, 50.751818081715385 ], [ 1.923568033189988, 50.751819030670227 ], [ 1.923766434222538, 50.751846686155403 ], [ 1.923991567980374, 50.751884248981305 ], [ 1.923998221862401, 50.751885318010892 ], [ 1.924051498781583, 50.751893549706189 ], [ 1.924216717320412, 50.751928022612546 ], [ 1.924386319201347, 50.751972769487594 ], [ 1.924425744300872, 50.75198157334286 ], [ 1.924507463073731, 50.751996637126666 ], [ 1.924621053725926, 50.752006035605589 ], [ 1.924697462246442, 50.752004901059614 ], [ 1.924822260029889, 50.751989386150413 ], [ 1.924871168949763, 50.751977578591145 ], [ 1.924905224749567, 50.752029247404188 ], [ 1.924960524270884, 50.752088950235297 ], [ 1.924988578957344, 50.752115016201934 ], [ 1.925081828518264, 50.752190160320382 ], [ 1.925160422253501, 50.752255011885524 ], [ 1.925207818300855, 50.752306950028363 ], [ 1.925267149356658, 50.752371929356812 ], [ 1.925328205229429, 50.752455637699669 ], [ 1.925340767043314, 50.752482994374638 ], [ 1.925342407756305, 50.752486466571668 ], [ 1.925385758912053, 50.752575678560589 ], [ 1.925387149381396, 50.752578477223551 ], [ 1.925465866902785, 50.752733501076939 ], [ 1.925503720326731, 50.752785252265284 ], [ 1.925536108729861, 50.752818224171101 ], [ 1.925600622374237, 50.752883899920427 ], [ 1.925607406977464, 50.752890551847386 ], [ 1.925661248685049, 50.752941421570647 ], [ 1.925695054179634, 50.752998448283329 ], [ 1.925872367938939, 50.752986734313858 ], [ 1.925935627306592, 50.753068511959512 ], [ 1.925958722420583, 50.753089264981689 ], [ 1.925974375708816, 50.75312130262742 ], [ 1.925967809451726, 50.753126100197434 ], [ 1.925914062671321, 50.753165388982204 ], [ 1.925863617728014, 50.753195822477373 ], [ 1.925846705881691, 50.753206085781656 ], [ 1.925828230587941, 50.753215736701918 ], [ 1.925836300274174, 50.753231357014897 ], [ 1.925855760219264, 50.753261647706019 ], [ 1.925894302308289, 50.753311334529926 ], [ 1.925897763563479, 50.753315681284249 ], [ 1.925918439317749, 50.75334098548587 ], [ 1.925931280877115, 50.753355419827457 ], [ 1.925971073842814, 50.753396647680475 ], [ 1.926037834892236, 50.753465815867685 ], [ 1.9260474118544, 50.753475222457816 ], [ 1.926219380821281, 50.753635536911482 ], [ 1.92622386349892, 50.753639621235877 ], [ 1.926387655426493, 50.753785507287596 ], [ 1.926387984383331, 50.753785799803566 ], [ 1.926422688304369, 50.753816608991315 ], [ 1.926431622504858, 50.75382420856242 ], [ 1.926436774447732, 50.753828409634508 ], [ 1.926694853078565, 50.754038854651249 ], [ 1.92688763557594, 50.754196053705599 ], [ 1.9268892274255, 50.754197351728955 ], [ 1.926976614525565, 50.754268608636245 ], [ 1.926977856464922, 50.75426961561562 ], [ 1.927194527467321, 50.754444303842966 ], [ 1.927232811293873, 50.754479564769206 ], [ 1.9273061668302, 50.754547127957586 ], [ 1.92732210840668, 50.754566873516126 ], [ 1.927287928549908, 50.754610941702204 ], [ 1.927262425002389, 50.754654198003678 ], [ 1.927250495422405, 50.754682810300217 ], [ 1.927239577821961, 50.75476180428852 ], [ 1.927244447322305, 50.754798637486715 ], [ 1.92725813379751, 50.7548449979666 ], [ 1.9272746593491, 50.754880569659605 ], [ 1.927277433992824, 50.754887022749578 ], [ 1.927362018409101, 50.755083742949196 ], [ 1.927372045005334, 50.755107061957396 ], [ 1.927378848088571, 50.755121119361824 ], [ 1.927402358365954, 50.755164739092358 ], [ 1.927412861876379, 50.755184226725532 ], [ 1.927454976050988, 50.755238251964776 ], [ 1.927517539251752, 50.75528361048729 ], [ 1.927537109656712, 50.755294547265379 ], [ 1.927562365809175, 50.755307450430536 ], [ 1.927611387932905, 50.755330306447242 ], [ 1.927619673664031, 50.755334058433405 ], [ 1.927804906552912, 50.755415500351731 ], [ 1.927828580287619, 50.7554309309686 ], [ 1.927869920697436, 50.755517404360745 ], [ 1.927881997523816, 50.755570421906022 ], [ 1.927916939932161, 50.755615423793998 ], [ 1.927933184290714, 50.755637330177585 ], [ 1.927955041706079, 50.755668237537542 ], [ 1.92797529085838, 50.755712474037146 ], [ 1.928082570837152, 50.755851313548995 ], [ 1.928115113843191, 50.755897796891212 ], [ 1.928124316006264, 50.755912405681471 ], [ 1.928172207232655, 50.756025771614958 ], [ 1.928230940164635, 50.756101843733539 ], [ 1.928328431958222, 50.756302787258385 ], [ 1.928326245091601, 50.756394345087315 ], [ 1.928279094896237, 50.75643687611209 ], [ 1.928245845788028, 50.756496149698513 ], [ 1.928240969942172, 50.756539750080705 ], [ 1.928287091571082, 50.756551523100271 ], [ 1.928301888472101, 50.756553013722609 ], [ 1.928278717294038, 50.756596084801323 ], [ 1.928271158343533, 50.756595355796151 ], [ 1.928241792434721, 50.756587932534437 ], [ 1.92824350614559, 50.756604710884652 ], [ 1.928250828379141, 50.756628844504149 ], [ 1.92825452995498, 50.756641044655083 ], [ 1.928219668396561, 50.756705845780971 ], [ 1.928001956916127, 50.756832987565787 ], [ 1.927480507615089, 50.757137182062749 ], [ 1.927254287343596, 50.757065239870485 ], [ 1.927120822378782, 50.757021914423802 ], [ 1.92553950933554, 50.75773422599368 ], [ 1.924927714689582, 50.758009030604597 ], [ 1.924920951726085, 50.758008972195682 ], [ 1.924726507713861, 50.757967032682657 ], [ 1.92416557121924, 50.757615575105376 ], [ 1.923726867449985, 50.757951399238522 ], [ 1.923676972754679, 50.757971927634664 ], [ 1.923537719272973, 50.757932293495912 ], [ 1.923468292907134, 50.757912684437485 ], [ 1.923448593552533, 50.757904388592436 ], [ 1.923349817012577, 50.757874967533084 ], [ 1.92330348942971, 50.757866136470128 ], [ 1.919703223323343, 50.756849181377746 ], [ 1.917683913285649, 50.755501772138679 ], [ 1.917220326554948, 50.755810017193284 ], [ 1.916439692769158, 50.755341090041924 ], [ 1.915537580247002, 50.754799311293851 ], [ 1.915161923697739, 50.754574392557309 ], [ 1.915158477432435, 50.754537571201226 ], [ 1.914884231960025, 50.754461251217855 ], [ 1.913699128956643, 50.753303649123289 ], [ 1.913670524852073, 50.75326996097936 ], [ 1.913484780750593, 50.752983118860755 ], [ 1.913290291373851, 50.752754390908905 ], [ 1.913232709076638, 50.752710210128647 ], [ 1.913227219876335, 50.752682278720144 ], [ 1.91320719319888, 50.752627365373264 ], [ 1.91314897804104, 50.752543817307469 ], [ 1.91308379220659, 50.752484022817711 ], [ 1.913076082301299, 50.752477204945109 ], [ 1.913005972514503, 50.752417411303192 ], [ 1.912991742520829, 50.752363614259586 ], [ 1.913009806703767, 50.752354175173657 ], [ 1.913036283782325, 50.752338950503628 ], [ 1.913095086351428, 50.752301775212118 ], [ 1.913160080430983, 50.752246757546821 ], [ 1.913197766458614, 50.752182295300486 ], [ 1.913208347607881, 50.752150980345107 ], [ 1.91321507096673, 50.752078299035105 ], [ 1.913210134182062, 50.752045053868805 ], [ 1.913180282742269, 50.751971711103664 ], [ 1.913147372377181, 50.751923864008241 ], [ 1.913135234100797, 50.751907862296108 ], [ 1.913011163774763, 50.751758715502575 ], [ 1.913000301689254, 50.751746533881601 ], [ 1.912957339876024, 50.751701476998988 ], [ 1.913117886188888, 50.751638373351547 ], [ 1.91310230565246, 50.751313395227541 ], [ 1.912772810521014, 50.751113996803163 ], [ 1.912553450576915, 50.751006146482915 ], [ 1.912566967279428, 50.750944027891045 ], [ 1.912546953562602, 50.750871205677761 ], [ 1.912492897994744, 50.750805720724806 ], [ 1.912470679494723, 50.750786682131029 ], [ 1.912370724472608, 50.750727444377596 ], [ 1.912330062754865, 50.750710936647266 ], [ 1.912276401515064, 50.750692834882521 ], [ 1.912033144660771, 50.750626099119167 ], [ 1.91201770421539, 50.75062277780625 ], [ 1.912029473219387, 50.750600793607937 ], [ 1.912048760353031, 50.750529648953652 ], [ 1.912032449134986, 50.750458205274498 ], [ 1.911982136361938, 50.750393455963348 ], [ 1.911971009699912, 50.750386207688329 ], [ 1.911896803608509, 50.750443644752032 ], [ 1.911810688353834, 50.750527063773227 ], [ 1.911775507456521, 50.750570801120737 ], [ 1.911724463031792, 50.750535916863484 ], [ 1.911750519497003, 50.750503475650397 ], [ 1.911800220952285, 50.750455453034434 ], [ 1.911840821780495, 50.750416144911355 ], [ 1.911921333687258, 50.750353847054754 ], [ 1.911902747088218, 50.75034173909971 ], [ 1.91180205249297, 50.750308117047446 ], [ 1.911689909181502, 50.750295880931745 ], [ 1.911577294383881, 50.750306228494473 ], [ 1.911475231480119, 50.750338146856315 ], [ 1.911404135543399, 50.750382071204946 ], [ 1.911226424825097, 50.750327074378674 ], [ 1.909531842633978, 50.748790680593146 ], [ 1.908243910390365, 50.74797994646466 ], [ 1.907734137726398, 50.747752170132166 ], [ 1.906833513459111, 50.747441419464089 ], [ 1.906180447423047, 50.747275022266997 ], [ 1.905588914904964, 50.747185966450758 ], [ 1.905008150169901, 50.746996496400889 ], [ 1.904464939408339, 50.746552444757612 ], [ 1.904373307870857, 50.746523424858673 ], [ 1.904314001146151, 50.74651604266495 ], [ 1.904279951401451, 50.746530273520193 ], [ 1.904230153996186, 50.746730100645713 ], [ 1.904323304799961, 50.746909799448531 ], [ 1.904453302353063, 50.74707886448568 ], [ 1.904652643457052, 50.747239202868457 ], [ 1.904760033593408, 50.747407291680986 ], [ 1.904792463341543, 50.747488488847935 ], [ 1.904619957702694, 50.747449851824854 ], [ 1.904576583175568, 50.747439673780001 ], [ 1.904118556276269, 50.747250346911621 ], [ 1.903898502563433, 50.747158672869752 ], [ 1.903175849182279, 50.747218710676854 ], [ 1.902782545808084, 50.747352539974962 ], [ 1.902807724903764, 50.747365325017661 ], [ 1.903630275277707, 50.747781770558589 ], [ 1.903777912689554, 50.747702999208741 ], [ 1.903792925455162, 50.747715758470449 ], [ 1.903886432366374, 50.747757698659633 ], [ 1.90406343558113, 50.747813099111013 ] ], [ [ 2.036657576856316, 50.804236484316924 ], [ 2.036657576856318, 50.804236484316924 ], [ 2.036639746185597, 50.804259381992125 ], [ 2.036657576856316, 50.804236484316924 ] ], [ [ 2.038635311250098, 50.804702927658916 ], [ 2.038635311250099, 50.804702927658916 ], [ 2.038492737096046, 50.804875757565355 ], [ 2.038635311250098, 50.804702927658916 ] ], [ [ 1.927029682272315, 50.754089985537547 ], [ 1.927029682272317, 50.754089985537547 ], [ 1.9268892274255, 50.754197351728955 ], [ 1.927029682272315, 50.754089985537547 ] ], [ [ 1.910738897477628, 50.751777663683498 ], [ 1.910756516283686, 50.751743719186763 ], [ 1.910876095926338, 50.751882063828091 ], [ 1.910738897477628, 50.751777663683498 ] ], [ [ 1.91662043804528, 50.755782693503541 ], [ 1.916630097525109, 50.755784641985983 ], [ 1.916726523819824, 50.755859631392326 ], [ 1.916610087782612, 50.755819380791998 ], [ 1.916583054088722, 50.755804076688122 ], [ 1.91662043804528, 50.755782693503541 ] ], [ [ 1.916859247495074, 50.755892953089244 ], [ 1.916858380251938, 50.755892227063477 ], [ 1.916808355586616, 50.755850513777787 ], [ 1.916738905758341, 50.755806590406756 ], [ 1.917139434563612, 50.755887382701673 ], [ 1.91710515060214, 50.756010115172245 ], [ 1.91688768964303, 50.755916858519363 ], [ 1.916859247495074, 50.755892953089244 ] ], [ [ 1.926087520382503, 50.753314842422149 ], [ 1.926087520382505, 50.753314842422149 ], [ 1.926005676203021, 50.753372210934678 ], [ 1.926087520382503, 50.753314842422149 ] ], [ [ 1.925682758262995, 50.759571380983957 ], [ 1.925708988587772, 50.75953571372159 ], [ 1.925738559191522, 50.759476131820541 ], [ 1.925742694827259, 50.759413722567331 ], [ 1.925739009515055, 50.7593876678744 ], [ 1.92571977877507, 50.759330899346203 ], [ 1.925679467222988, 50.759278768008926 ], [ 1.925622648210045, 50.759223539816134 ], [ 1.925592695087526, 50.759198265030221 ], [ 1.925442281616487, 50.759087491068627 ], [ 1.925420397910909, 50.759072697975135 ], [ 1.925288001397353, 50.758990510921393 ], [ 1.925258659629926, 50.75897229653723 ], [ 1.925118374300725, 50.758864629586931 ], [ 1.925078381304345, 50.75883155498164 ], [ 1.925096951813772, 50.758815798013046 ], [ 1.925128873487136, 50.758777362275154 ], [ 1.925234346958376, 50.758585758803882 ], [ 1.925450099888074, 50.758411741230759 ], [ 1.925743200858262, 50.758291547260093 ], [ 1.925794545859511, 50.758277443336503 ], [ 1.925858769090775, 50.758265902153106 ], [ 1.925937112807477, 50.758241427753667 ], [ 1.925962820391841, 50.758225559101533 ], [ 1.926003037079153, 50.75817713370283 ], [ 1.926052388732121, 50.758085070176499 ], [ 1.926103961024406, 50.758041309533589 ], [ 1.92720931475576, 50.757711836973073 ], [ 1.927759668558297, 50.757547298389653 ], [ 1.927894160528298, 50.757534971631131 ], [ 1.927896837923875, 50.757534135152135 ], [ 1.927899654222453, 50.757533258556109 ], [ 1.927912171400137, 50.757529377035773 ], [ 1.929189198932251, 50.757478525743423 ], [ 1.929530521086717, 50.757464821593913 ], [ 1.929662571135881, 50.757481523209748 ], [ 1.929989494028185, 50.757612498387545 ], [ 1.930032844479881, 50.757649357480283 ], [ 1.930034778343056, 50.757648163616132 ], [ 1.930036961568949, 50.757650039172276 ], [ 1.930047227880879, 50.757654694311896 ], [ 1.930050492467703, 50.757657235811159 ], [ 1.930056563471441, 50.757659720170068 ], [ 1.930233366293895, 50.757774948344938 ], [ 1.930308056343187, 50.757783111403135 ], [ 1.930362567660745, 50.757783579827198 ], [ 1.930362625272812, 50.757783608299079 ], [ 1.930459933832513, 50.757839623506975 ], [ 1.930525311539224, 50.757869712341488 ], [ 1.930578657432875, 50.757889014846377 ], [ 1.930655603818298, 50.757909945710665 ], [ 1.930670771168475, 50.75791283596628 ], [ 1.930738079181902, 50.757926867893886 ], [ 1.930742020724029, 50.757927628168396 ], [ 1.930684974365773, 50.758053120426197 ], [ 1.932566317718426, 50.758526911644566 ], [ 1.93253877397149, 50.758558082391275 ], [ 1.932218606611339, 50.758910683454268 ], [ 1.932758583104549, 50.759263482160407 ], [ 1.933001355191936, 50.759422597804232 ], [ 1.933534273655398, 50.759159190466363 ], [ 1.933684440829957, 50.759404382422488 ], [ 1.933897938857698, 50.759929733614769 ], [ 1.9340997312951, 50.760329487374008 ], [ 1.93429713256904, 50.760573174977047 ], [ 1.934836252028086, 50.761050255579924 ], [ 1.934901271706011, 50.761139931962546 ], [ 1.935090839366579, 50.761467430331649 ], [ 1.935155698527138, 50.761538216176788 ], [ 1.935211312387738, 50.761567636617286 ], [ 1.935409072603135, 50.761908601974653 ], [ 1.935457667449001, 50.762086546448145 ], [ 1.93544223140766, 50.762146311036652 ], [ 1.935437855760007, 50.762172044796877 ], [ 1.935422629567389, 50.762355868395154 ], [ 1.935422589481663, 50.762356362231174 ], [ 1.935399430584521, 50.762647617246259 ], [ 1.935395624484388, 50.762694065216763 ], [ 1.935398946741574, 50.762719659719814 ], [ 1.935353925437939, 50.762785536925051 ], [ 1.934905599168146, 50.762969728713671 ], [ 1.934402020569225, 50.762991410558755 ], [ 1.933575569798234, 50.7629577190947 ], [ 1.932990286932701, 50.762863792352256 ], [ 1.932671588939357, 50.762814398986237 ], [ 1.932641295132494, 50.762834168134653 ], [ 1.932296831791718, 50.762775584179927 ], [ 1.93159421592324, 50.762581361415513 ], [ 1.930475205737791, 50.762122992883135 ], [ 1.929199264375273, 50.761664097199052 ], [ 1.927866751012657, 50.761209485340643 ], [ 1.927529022315344, 50.761055423220846 ], [ 1.927506099512089, 50.761033982347136 ], [ 1.927455999230936, 50.760996150962164 ], [ 1.927334512298428, 50.76092152243956 ], [ 1.927295225822814, 50.760900465212401 ], [ 1.927216781953754, 50.76086389568588 ], [ 1.92716138556316, 50.760842437970233 ], [ 1.927050485489182, 50.760807353619889 ], [ 1.926767322282105, 50.760710067670018 ], [ 1.926415488303776, 50.760554776734622 ], [ 1.925829883251609, 50.759792518524158 ], [ 1.925659455422837, 50.759596932928432 ], [ 1.925682758262995, 50.759571380983957 ] ], [ [ 1.925153931072973, 50.759047898971879 ], [ 1.92515393107297, 50.759047898971879 ], [ 1.925288001397353, 50.758990510921393 ], [ 1.925153931072973, 50.759047898971879 ] ], [ [ 1.934126297054524, 50.758481054328755 ], [ 1.934018911037609, 50.758535446939682 ], [ 1.934018911037605, 50.758535446939682 ], [ 1.934126297054524, 50.758481054328755 ] ], [ [ 1.925070857786975, 50.758938900301771 ], [ 1.924979458603329, 50.758915490094573 ], [ 1.92497945860333, 50.758915490094573 ], [ 1.925070857786975, 50.758938900301771 ] ], [ [ 1.90217389108602, 50.776674075294231 ], [ 1.90215529727035, 50.776658529270684 ], [ 1.902183967977739, 50.776669761167895 ], [ 1.90217389108602, 50.776674075294231 ] ], [ [ 1.90209506703241, 50.776654536624939 ], [ 1.902050942803997, 50.776617647771374 ], [ 1.902116719018487, 50.776643416023255 ], [ 1.90209506703241, 50.776654536624939 ] ], [ [ 1.930593443784298, 50.783375607151825 ], [ 1.933448237018368, 50.786139649313654 ], [ 1.933238760168153, 50.786132085542469 ], [ 1.933006746276695, 50.786132226070308 ], [ 1.931651568548857, 50.78611793502364 ], [ 1.930536496336685, 50.785978863067761 ], [ 1.930106113994091, 50.785843825083724 ], [ 1.929601894228068, 50.785569536509321 ], [ 1.928794623887616, 50.784643159453516 ], [ 1.92868247290248, 50.784345943683661 ], [ 1.928667730518133, 50.783901073941749 ], [ 1.928702784212314, 50.78376666688235 ], [ 1.928795954074888, 50.783618102199064 ], [ 1.928806204174678, 50.783608059616967 ], [ 1.930593443784298, 50.783375607151825 ] ], [ [ 1.899166127791309, 50.775508551655449 ], [ 1.89918673983122, 50.775511716545068 ], [ 1.899165622127561, 50.775509493574731 ], [ 1.899166127791309, 50.775508551655449 ] ], [ [ 1.89784383959985, 50.7753342476298 ], [ 1.897892362732398, 50.775365366886575 ], [ 1.897926684740677, 50.775384751328012 ], [ 1.898149167426952, 50.775495198419755 ], [ 1.898146231081876, 50.775436359803251 ], [ 1.898028476811589, 50.775398258347479 ], [ 1.898077449518356, 50.775333635756716 ], [ 1.898099136512736, 50.775299889726647 ], [ 1.898641878946526, 50.775569321074954 ], [ 1.898557511213244, 50.775666751885169 ], [ 1.898424028566173, 50.775631646502298 ], [ 1.898517442023183, 50.77567801901187 ], [ 1.898590324281419, 50.775706120064413 ], [ 1.89881807410872, 50.775772078310801 ], [ 1.898829308356742, 50.77572748164863 ], [ 1.899254610999567, 50.775789489300386 ], [ 1.899116048760424, 50.775802151611991 ], [ 1.898784034203059, 50.775799215974409 ], [ 1.898469700972605, 50.775731369746616 ], [ 1.898203819187882, 50.775605254413854 ], [ 1.898198275994296, 50.775601640197685 ], [ 1.898170373344106, 50.775583447386126 ], [ 1.898170386125468, 50.775583455719605 ], [ 1.898050491962336, 50.775505283279486 ], [ 1.897966783976479, 50.775450704444545 ], [ 1.897948632814137, 50.775438869596705 ], [ 1.8979265080659, 50.775428375024021 ], [ 1.897807639982829, 50.775321531940882 ], [ 1.89784383959985, 50.7753342476298 ] ], [ [ 1.897933657368697, 50.775276190795971 ], [ 1.897720850876425, 50.775223070054963 ], [ 1.897763641490041, 50.775152629059207 ], [ 1.897971203704024, 50.775225538701619 ], [ 1.897933657368697, 50.775276190795971 ] ], [ [ 1.900674003541463, 50.775577137758624 ], [ 1.90062939914009, 50.775568505163577 ], [ 1.900629837440148, 50.775567604955164 ], [ 1.900646386080609, 50.775568020249722 ], [ 1.900674003541463, 50.775577137758624 ] ], [ [ 1.899321097867885, 50.775717332241889 ], [ 1.899665634303607, 50.77573261611321 ], [ 1.89968073311831, 50.775732805619128 ], [ 1.899720373799828, 50.775732044742817 ], [ 1.899713783245946, 50.775734753485317 ], [ 1.89941164327264, 50.775770092205491 ], [ 1.899412767090902, 50.775775036236148 ], [ 1.899305690151596, 50.775784821464725 ], [ 1.899321097867885, 50.775717332241889 ] ], [ [ 1.944299588530439, 50.747998213354876 ], [ 1.944386209107794, 50.748036553600251 ], [ 1.944388754507983, 50.748037670132852 ], [ 1.944869221050014, 50.748246524886355 ], [ 1.944932069381381, 50.748274498881173 ], [ 1.944842686860869, 50.748273682760903 ], [ 1.944526755478004, 50.748204890763127 ], [ 1.944260208696221, 50.748077177814054 ], [ 1.944216385433938, 50.748048265993901 ], [ 1.944299588530439, 50.747998213354876 ] ], [ [ 1.927548918753714, 50.767545172635835 ], [ 1.927499893578939, 50.767528508669635 ], [ 1.927509473551279, 50.767518166871916 ], [ 1.927641025319409, 50.76754653213289 ], [ 1.927906938434943, 50.767672586153957 ], [ 1.928012631535261, 50.767767525835652 ], [ 1.927981136471018, 50.76777205659392 ], [ 1.927953343774838, 50.767797799558352 ], [ 1.927487598988489, 50.767611602580715 ], [ 1.927548918753714, 50.767545172635835 ] ], [ [ 1.976545695018146, 50.763422529369961 ], [ 1.976565115986949, 50.763462179619388 ], [ 1.976576198247634, 50.763510611834306 ], [ 1.976571895615904, 50.763721135772286 ], [ 1.976529443461316, 50.763800485420525 ], [ 1.976522362709068, 50.763781258300348 ], [ 1.976500808967595, 50.763633216895556 ], [ 1.976533726580443, 50.763370224315899 ], [ 1.976545695018146, 50.763422529369961 ] ], [ [ 1.970571537699333, 50.742926527700703 ], [ 1.97057153769933, 50.742926527700703 ], [ 1.970586117090372, 50.742914751938159 ], [ 1.970571537699333, 50.742926527700703 ] ], [ [ 1.970754528238059, 50.757666559682818 ], [ 1.970793224431529, 50.757680383555822 ], [ 1.970783309484481, 50.757685900092625 ], [ 1.970753793075146, 50.757702333106742 ], [ 1.970754528238059, 50.757666559682818 ] ], [ [ 1.96814087194668, 50.755583384294589 ], [ 1.968129626310199, 50.755572374983217 ], [ 1.96812867350862, 50.755570394017901 ], [ 1.968127191063476, 50.755521368832362 ], [ 1.968127167451787, 50.755518240245799 ], [ 1.96824603248521, 50.755634274754577 ], [ 1.968231966235937, 50.755625905583649 ], [ 1.96814087194668, 50.755583384294589 ] ], [ [ 1.976365318825691, 50.747773939713888 ], [ 1.976368664331201, 50.747773025979299 ], [ 1.976407627900653, 50.747835432709827 ], [ 1.976425133321467, 50.747823822924019 ], [ 1.976467698158203, 50.747884910075705 ], [ 1.976475302315162, 50.747912618314487 ], [ 1.976477182135781, 50.747955887433669 ], [ 1.976473184340063, 50.747964270555585 ], [ 1.976420243269283, 50.747999132193627 ], [ 1.976277989342842, 50.747797719022643 ], [ 1.976365318825691, 50.747773939713888 ] ], [ [ 1.970728137460593, 50.773139207818119 ], [ 1.970395716734696, 50.773374143149042 ], [ 1.972058223493846, 50.774627069272022 ], [ 1.972510958853765, 50.774948929524271 ], [ 1.972506999444382, 50.775141844179004 ], [ 1.972400291277809, 50.775341214467929 ], [ 1.972201640083485, 50.775509918344433 ], [ 1.97193049093845, 50.775631441486716 ], [ 1.971889102041228, 50.775644385381504 ], [ 1.971887733235117, 50.775644812683922 ], [ 1.971622599635715, 50.775727429372935 ], [ 1.971563334944714, 50.775753990265791 ], [ 1.971521529231013, 50.775767064474152 ], [ 1.971204423349666, 50.775829510834669 ], [ 1.970872403587527, 50.775826767485462 ], [ 1.970789504203454, 50.775817738522996 ], [ 1.97072749762009, 50.775804394965057 ], [ 1.970515233756716, 50.775781275863388 ], [ 1.970428963810397, 50.775780562628469 ], [ 1.970429077689818, 50.775775025098085 ], [ 1.970235717919082, 50.775773426135281 ], [ 1.969921288710338, 50.775705760240029 ], [ 1.969795157991945, 50.775646045713543 ], [ 1.969655621635277, 50.775599501636862 ], [ 1.969642111152317, 50.775596594095205 ], [ 1.969441936374417, 50.775574789878583 ], [ 1.969224430736523, 50.775572989647074 ], [ 1.969062495418745, 50.775555350154413 ], [ 1.968748068566762, 50.775487681318999 ], [ 1.968482011121843, 50.775361716022942 ], [ 1.968479675149383, 50.775360195647998 ], [ 1.968451746966864, 50.775342018492843 ], [ 1.968337339560545, 50.775267555824307 ], [ 1.968225474116921, 50.775230239732394 ], [ 1.968039632037617, 50.775190242481784 ], [ 1.967773578016233, 50.775064275635252 ], [ 1.967749619043533, 50.775048681477216 ], [ 1.967544622984484, 50.774951622429981 ], [ 1.967529548046561, 50.774941810537833 ], [ 1.967439508589415, 50.774899179557273 ], [ 1.967374652056044, 50.774840992355799 ], [ 1.967245097510601, 50.774756667856771 ], [ 1.967040103625104, 50.774659607935853 ], [ 1.966891969750685, 50.774563189289502 ], [ 1.966789472945038, 50.774514658832274 ], [ 1.966762630703121, 50.774497187400002 ], [ 1.966735194127692, 50.774479329100998 ], [ 1.966734061939151, 50.774478793010971 ], [ 1.966542432957022, 50.774306860948656 ], [ 1.966504864930828, 50.77423014369792 ], [ 1.966400159216444, 50.77409482608067 ], [ 1.966302489738163, 50.773894304536846 ], [ 1.966306989343677, 50.77368445649978 ], [ 1.96631982333162, 50.77363709684726 ], [ 1.966334627931499, 50.773609442350924 ], [ 1.966363296052196, 50.773503651686624 ], [ 1.966359707699411, 50.773487958855419 ], [ 1.96633350651806, 50.773454146352201 ], [ 1.966281413120192, 50.773420237933109 ], [ 1.966089783993464, 50.773248303003527 ], [ 1.96599132490075, 50.773047234048164 ], [ 1.965995672673736, 50.772836713308195 ], [ 1.966033872863462, 50.772695748811806 ], [ 1.96603473250572, 50.772695842479919 ], [ 1.966036331574428, 50.772685543463254 ], [ 1.966080730958377, 50.772533571325063 ], [ 1.966088863390116, 50.772534526657623 ], [ 1.966102821329857, 50.77247348570355 ], [ 1.966192727103654, 50.772340793914552 ], [ 1.966192202256487, 50.77234062202691 ], [ 1.966193728946587, 50.772339315291696 ], [ 1.966212181765804, 50.772312080704914 ], [ 1.966265218708765, 50.772269420399113 ], [ 1.966315369023294, 50.77220897726437 ], [ 1.966402399392835, 50.772046401841102 ], [ 1.966601055498287, 50.771877706321561 ], [ 1.966872196313011, 50.771756193824793 ], [ 1.967189281091322, 50.771693758500035 ], [ 1.96752127238418, 50.771696511746846 ], [ 1.967835673808185, 50.771764184067727 ], [ 1.968059550868571, 50.771870189082513 ], [ 1.968079461152229, 50.77187683128313 ], [ 1.968098700079421, 50.771878927302069 ], [ 1.968413103348306, 50.771946598195193 ], [ 1.968679142412349, 50.772072564325939 ], [ 1.96880008298706, 50.772181070960642 ], [ 1.968840462293029, 50.772207353520301 ], [ 1.9689209403196, 50.772234200653294 ], [ 1.969037787597056, 50.772289525421549 ], [ 1.969201684463932, 50.772344200152631 ], [ 1.969381878177933, 50.772429517172114 ], [ 1.969510357787358, 50.77247237642478 ], [ 1.96977640258368, 50.772598340117263 ], [ 1.969791713316166, 50.772608305416696 ], [ 1.969819640459769, 50.772626482346666 ], [ 1.96984756762371, 50.772644659269879 ], [ 1.969967554049113, 50.772722754478707 ], [ 1.970016741070712, 50.772754768583077 ], [ 1.970145393408855, 50.772797684298915 ], [ 1.970411441949491, 50.772923646788847 ], [ 1.97047350375266, 50.772979324514296 ], [ 1.97049137421269, 50.772990955562811 ], [ 1.970667217888758, 50.773105403570192 ], [ 1.970684518170776, 50.773116663430827 ], [ 1.970724766211441, 50.773135718789867 ], [ 1.970727237393379, 50.773138267247852 ], [ 1.970728137460593, 50.773139207818119 ] ], [ [ 1.989490156105146, 50.74733755981886 ], [ 1.989523656247125, 50.747360203343142 ], [ 1.989549654513623, 50.747354491935809 ], [ 1.98955818099652, 50.747352497263876 ], [ 1.98959479881071, 50.747416326787025 ], [ 1.989641519614955, 50.747407014741668 ], [ 1.989689912439328, 50.747455056771159 ], [ 1.989625727291447, 50.747474726017344 ], [ 1.98967169576639, 50.747558821738146 ], [ 1.98967728749474, 50.747569096894601 ], [ 1.98968748815844, 50.747587921930283 ], [ 1.989479722389812, 50.747693900683622 ], [ 1.989462807221712, 50.747703878610032 ], [ 1.989088529970487, 50.747958804455727 ], [ 1.989046818726832, 50.747980639237902 ], [ 1.989039143370503, 50.747967362071002 ], [ 1.988973801302692, 50.747961945975163 ], [ 1.988926910362531, 50.747914852867936 ], [ 1.988896999774846, 50.747884575013259 ], [ 1.988870305687968, 50.747898548650383 ], [ 1.988816434933587, 50.747915415366613 ], [ 1.988768684603588, 50.747944943960725 ], [ 1.988687804417123, 50.747938239748748 ], [ 1.988657947395496, 50.74790839318625 ], [ 1.988670105616781, 50.747936772676262 ], [ 1.988592429569858, 50.74793033399483 ], [ 1.988563979839445, 50.747902024255076 ], [ 1.98855748999218, 50.747894893308136 ], [ 1.988625490246491, 50.747767682930295 ], [ 1.98882397528913, 50.747598945830894 ], [ 1.989094930783917, 50.747477380550542 ], [ 1.989100455178406, 50.74747565085481 ], [ 1.989101825671542, 50.747475222529886 ], [ 1.98924949518442, 50.747429154546467 ], [ 1.989303260603695, 50.747395905470391 ], [ 1.989315438136824, 50.747381210387651 ], [ 1.989357189939193, 50.747345715318758 ], [ 1.989363670874976, 50.747337894512057 ], [ 1.989370911916578, 50.747338297809755 ], [ 1.989490156105146, 50.74733755981886 ] ], [ [ 1.984405308484017, 50.774770555090313 ], [ 1.98426352561492, 50.774783755643206 ], [ 1.984304048570488, 50.774809210891767 ], [ 1.984320983985475, 50.774819197033068 ], [ 1.983202850375749, 50.774673727719069 ], [ 1.983087150449062, 50.774618046581423 ], [ 1.983563140297231, 50.774359893487905 ], [ 1.983575710512884, 50.774368071899957 ], [ 1.983599490691943, 50.774381725681394 ], [ 1.98359956354629, 50.774378137028549 ], [ 1.984171463287465, 50.774299353726796 ], [ 1.984164461585907, 50.77429570736107 ], [ 1.984397575153307, 50.774035593709804 ], [ 1.984167971512803, 50.773913481008051 ], [ 1.984367462475638, 50.773776024820393 ], [ 1.984553317925351, 50.7738224061886 ], [ 1.984746084438817, 50.773876919432318 ], [ 1.985072029476189, 50.773993535150666 ], [ 1.985252698615997, 50.773667488547829 ], [ 1.985189447022504, 50.77364633489492 ], [ 1.984784616259309, 50.773512027336871 ], [ 1.985091223641564, 50.773256100557042 ], [ 1.985170405578405, 50.773189447412697 ], [ 1.985423647325601, 50.772843353418004 ], [ 1.986106902501559, 50.77292829558845 ], [ 1.986032382315846, 50.772991608237376 ], [ 1.985949901741938, 50.773091075578023 ], [ 1.985926720736615, 50.773176745963795 ], [ 1.985820003409409, 50.773376209362965 ], [ 1.985666162569626, 50.773561669129876 ], [ 1.98566517659424, 50.773563512283914 ], [ 1.985639309180557, 50.773594706422656 ], [ 1.98563536380708, 50.773602082271786 ], [ 1.985598545955972, 50.773646481662198 ], [ 1.985576177494263, 50.773729145778745 ], [ 1.985469536155666, 50.773928513847721 ], [ 1.985468030313736, 50.773930329852739 ], [ 1.985269418398026, 50.774099068339808 ], [ 1.985241870841668, 50.774116092523492 ], [ 1.985213209904028, 50.774133804749269 ], [ 1.985191836648754, 50.774147013234007 ], [ 1.985180790725476, 50.774187832555597 ], [ 1.985190491262422, 50.774230183861292 ], [ 1.985261128251258, 50.774320953588536 ], [ 1.985296093757892, 50.774392295355426 ], [ 1.985251339653418, 50.774407823891671 ], [ 1.984844541708476, 50.774642328064445 ], [ 1.984728973021183, 50.774581169777662 ], [ 1.984405308484017, 50.774770555090313 ] ], [ [ 1.989555159013852, 50.748868467839543 ], [ 1.98955309614145, 50.748852730115324 ], [ 1.989555159013854, 50.748868467839543 ], [ 1.989555159013852, 50.748868467839543 ] ], [ [ 1.989381460960447, 50.754899329893256 ], [ 1.989417704597851, 50.754885279212267 ], [ 1.989498278749567, 50.755016545780528 ], [ 1.989494782274525, 50.755017890872487 ], [ 1.989381460960447, 50.754899329893256 ] ], [ [ 1.989209593719645, 50.754821554063447 ], [ 1.989193714668667, 50.754795819524112 ], [ 1.989183531990951, 50.754782277411849 ], [ 1.989181434840543, 50.75477993796747 ], [ 1.989303947991141, 50.754758805573388 ], [ 1.989310002374409, 50.754758100815103 ], [ 1.989354837888825, 50.754798319482774 ], [ 1.989321035843165, 50.754802285738087 ], [ 1.989209593719645, 50.754821554063447 ] ], [ [ 1.994477823755691, 50.75410731632806 ], [ 1.994413811049701, 50.754100353631273 ], [ 1.994411061208263, 50.754100331415394 ], [ 1.994315864066943, 50.754109109261123 ], [ 1.99441772103192, 50.754058574384665 ], [ 1.994477823755691, 50.75410731632806 ] ], [ [ 1.996753042904867, 50.755596250069971 ], [ 1.996753042904872, 50.755596250069971 ], [ 1.996730322391926, 50.755608541175349 ], [ 1.996753042904867, 50.755596250069971 ] ], [ [ 1.996868895496231, 50.755611452680327 ], [ 1.996834329781314, 50.755596429348344 ], [ 1.996834329781322, 50.755596429348344 ], [ 1.996868895496231, 50.755611452680327 ] ], [ [ 1.989376299434719, 50.755842026663743 ], [ 1.989414187765391, 50.755850177235338 ], [ 1.989387707076544, 50.755858723533557 ], [ 1.989376299434719, 50.755842026663743 ] ] ], [ [ [ 1.894697244634095, 50.774543922611031 ], [ 1.894709939908366, 50.774603395110667 ], [ 1.894712957931493, 50.77460399442429 ], [ 1.894759343527925, 50.774554155931618 ], [ 1.894704362100408, 50.774519068517215 ], [ 1.894697244634095, 50.774543922611031 ] ] ], [ [ [ 1.894880763108487, 50.774714508768241 ], [ 1.894791151490003, 50.774699573655717 ], [ 1.894840063748679, 50.774732018500103 ], [ 1.894867699486371, 50.774741450413657 ], [ 1.894880763108487, 50.774714508768241 ] ] ], [ [ [ 1.908421469068715, 50.77835170776514 ], [ 1.908415386527226, 50.778351564717617 ], [ 1.908404374962698, 50.778350301683233 ], [ 1.908378620865747, 50.778347586762187 ], [ 1.908387163574463, 50.778352327036401 ], [ 1.908413388607346, 50.778362291945378 ], [ 1.908414184754175, 50.778361245216395 ], [ 1.908421469068715, 50.77835170776514 ] ] ], [ [ [ 1.884265012913693, 50.779895296383835 ], [ 1.884406555329814, 50.779799564137356 ], [ 1.884474378536145, 50.779753780245372 ], [ 1.884627683239689, 50.779650090855625 ], [ 1.884623461683725, 50.779649299922809 ], [ 1.88451004444595, 50.77965122938258 ], [ 1.884403118585082, 50.779675284941376 ], [ 1.884313150635879, 50.779719111900505 ], [ 1.884248947250399, 50.779778420213205 ], [ 1.884216793155909, 50.779847404408521 ], [ 1.884219835941925, 50.779919311856105 ], [ 1.884222651927185, 50.779924343257342 ], [ 1.884225210495751, 50.779922128568678 ], [ 1.884237854792095, 50.779913627585138 ], [ 1.884265012913693, 50.779895296383835 ] ] ], [ [ [ 1.932159691906916, 50.75255968027848 ], [ 1.932195846895907, 50.7525754578499 ], [ 1.932229542905477, 50.752545191177845 ], [ 1.931987259872556, 50.752464325139464 ], [ 1.931983607877177, 50.752465898898855 ], [ 1.932159691906916, 50.75255968027848 ] ] ], [ [ [ 1.969299538100781, 50.757874626544613 ], [ 1.969275113355306, 50.757893588585837 ], [ 1.9693398900022, 50.757896607702513 ], [ 1.969299538100781, 50.757874626544613 ] ] ], [ [ [ 1.975795803872993, 50.747343911562716 ], [ 1.975888036589926, 50.747398511569017 ], [ 1.976017029455603, 50.747448209788871 ], [ 1.976088203921528, 50.747464219161657 ], [ 1.976086759982476, 50.747458832211812 ], [ 1.976019217399287, 50.747338031627642 ], [ 1.975990784680707, 50.747296699057443 ], [ 1.975935205369188, 50.747296421197866 ], [ 1.975903994363003, 50.747335647764622 ], [ 1.97579324018042, 50.74734182195288 ], [ 1.975795803872993, 50.747343911562716 ] ] ], [ [ [ 1.975460673915598, 50.749994578313931 ], [ 1.975469464407964, 50.749974455212474 ], [ 1.975469696554351, 50.749973814424322 ], [ 1.975369219766549, 50.749963257877596 ], [ 1.975344498556607, 50.74996170833294 ], [ 1.975297756232762, 50.750227655849066 ], [ 1.975312390719301, 50.750231365721483 ], [ 1.975352308119332, 50.750241627681241 ], [ 1.975415931597009, 50.750081752745409 ], [ 1.975460673915598, 50.749994578313931 ] ] ], [ [ [ 1.975283890606076, 50.750303905830712 ], [ 1.975260669595237, 50.750422612965124 ], [ 1.975271779581649, 50.750425755414312 ], [ 1.97528333341383, 50.750428997299359 ], [ 1.975310506115218, 50.750346668385703 ], [ 1.975328704802358, 50.750300938508957 ], [ 1.975297628760476, 50.750303031860327 ], [ 1.975283890606076, 50.750303905830712 ] ] ], [ [ [ 1.971767282017469, 50.752075759265608 ], [ 1.971744393699618, 50.752084452438723 ], [ 1.971668089571401, 50.752139959157368 ], [ 1.971622557984688, 50.752207707457565 ], [ 1.971612255994411, 50.752281065696039 ], [ 1.971638192181817, 50.752352853065197 ], [ 1.971694449346156, 50.752441590176431 ], [ 1.971701614519527, 50.752459752549171 ], [ 1.971722166693716, 50.752328104190177 ], [ 1.971756713322482, 50.752106027794412 ], [ 1.971766932630536, 50.75207676907057 ], [ 1.971767282017469, 50.752075759265608 ] ] ], [ [ [ 1.983529192540832, 50.738447675728693 ], [ 1.983545224690903, 50.738438115200282 ], [ 1.983471359468217, 50.738398656046272 ], [ 1.983466882350511, 50.738396286331501 ], [ 1.983463420125006, 50.738394421420757 ], [ 1.983458627072344, 50.738447805411042 ], [ 1.983487750576974, 50.738518054817703 ], [ 1.983549658256365, 50.738579155039005 ], [ 1.983701449931053, 50.73868711552737 ], [ 1.983687531400957, 50.738658951510452 ], [ 1.983658919493248, 50.738619413418746 ], [ 1.983623295151504, 50.738570036807026 ], [ 1.983584232612858, 50.738515876083646 ], [ 1.983573162800224, 50.738469033163206 ], [ 1.983554693028973, 50.738473279353592 ], [ 1.983529192540832, 50.738447675728693 ] ] ], [ [ [ 1.986493114427789, 50.770707300412113 ], [ 1.986477437863103, 50.770702256629264 ], [ 1.986479749673057, 50.77071333145711 ], [ 1.986491746671669, 50.770711955324629 ], [ 1.986493114427789, 50.770707300412113 ] ] ], [ [ [ 1.99363483143478, 50.738094241537482 ], [ 1.993664891688213, 50.738146531527327 ], [ 1.993733010403316, 50.73813451939948 ], [ 1.994223495964801, 50.738630041817729 ], [ 1.994163615298991, 50.738645195188361 ], [ 1.99409116489784, 50.738683354689385 ], [ 1.994074952976068, 50.73869189346653 ], [ 1.993933035825497, 50.738794289080531 ], [ 1.993947451401944, 50.738807567893318 ], [ 1.994103699478139, 50.738744849434298 ], [ 1.994113368979914, 50.738706969322834 ], [ 1.994168672290196, 50.738678252220325 ], [ 1.994172237658071, 50.738676755531102 ], [ 1.99417820665469, 50.738675278271629 ], [ 1.994305350934572, 50.738753079793248 ], [ 1.994287161438323, 50.738756997877879 ], [ 1.994259281669383, 50.738767509635714 ], [ 1.99423544282912, 50.738781461421731 ], [ 1.994080471739312, 50.738893275886049 ], [ 1.994060449626288, 50.738911511037585 ], [ 1.994047364634404, 50.738932126599408 ], [ 1.994045355052826, 50.738936733120006 ], [ 1.994025424215769, 50.738958369759224 ], [ 1.993892645246091, 50.73883578671753 ], [ 1.993873596360086, 50.738858140221609 ], [ 1.99387105539948, 50.73885719771171 ], [ 1.993840696766236, 50.73889015450159 ], [ 1.993808243664395, 50.738936106428959 ], [ 1.993794995978338, 50.738962022701372 ], [ 1.993776988795016, 50.739036022779835 ], [ 1.993777426873386, 50.739074342595117 ], [ 1.993752788289849, 50.739205500854524 ], [ 1.993738950311017, 50.739279164077161 ], [ 1.993739171296399, 50.739282810769936 ], [ 1.993737777728716, 50.739286351397752 ], [ 1.993737842793391, 50.739286945288342 ], [ 1.993738438239662, 50.739286592717292 ], [ 1.993805604781826, 50.739272778141476 ], [ 1.993820993141085, 50.739259980619394 ], [ 1.993828712021525, 50.739262914582554 ], [ 1.993841620951895, 50.739267954436556 ], [ 1.993874309681322, 50.739224607148863 ], [ 1.993947529154237, 50.739155833376657 ], [ 1.993981767100337, 50.739123665097587 ], [ 1.993963504838792, 50.739220882469333 ], [ 1.993935369987945, 50.739247265607801 ], [ 1.993923340665805, 50.73926314906101 ], [ 1.993903214719791, 50.73927559878733 ], [ 1.993787456518472, 50.739347205565394 ], [ 1.99378610347398, 50.739352212642927 ], [ 1.99378756776089, 50.739358605421003 ], [ 1.993800986997369, 50.739375857586296 ], [ 1.993753296067309, 50.73937993139387 ], [ 1.993781209137186, 50.73945679410447 ], [ 1.993782259115223, 50.739462738813394 ], [ 1.993780103713324, 50.73947151275641 ], [ 1.993811448805735, 50.739509907386896 ], [ 1.993859161460338, 50.739492488487585 ], [ 1.99390228313901, 50.739580503743525 ], [ 1.993900985705522, 50.739645115320904 ], [ 1.993870859852161, 50.739635838405441 ], [ 1.993755564924851, 50.739536894630554 ], [ 1.99375187411961, 50.739546506739849 ], [ 1.993733861904701, 50.739598407828737 ], [ 1.993728460183791, 50.739679303340836 ], [ 1.993733580500243, 50.739703761781612 ], [ 1.993673434034035, 50.739776071442982 ], [ 1.993654946402541, 50.739790042612249 ], [ 1.993717365282523, 50.739814786581213 ], [ 1.993617464959882, 50.739916367123342 ], [ 1.993531065797794, 50.739882116901555 ], [ 1.993513266419927, 50.739895267487029 ], [ 1.99346545526896, 50.739940285562817 ], [ 1.993433555601947, 50.739979511242367 ], [ 1.993401222533657, 50.740036319882279 ], [ 1.993383209779448, 50.740088220881972 ], [ 1.993374633536134, 50.740141252992032 ], [ 1.993375223344801, 50.740171811744773 ], [ 1.993425888150043, 50.740188780683347 ], [ 1.993473918083895, 50.740120970068894 ], [ 1.993623750220748, 50.740166690870133 ], [ 1.99362837492794, 50.740154703689605 ], [ 1.993754068880366, 50.740155989407171 ], [ 1.993778245470931, 50.740156274648918 ], [ 1.993809210780896, 50.740156525045663 ], [ 1.993842335291045, 50.740084465917754 ], [ 1.993824699934128, 50.740061261240008 ], [ 1.99389944359791, 50.739994115140355 ], [ 1.994013509568315, 50.739989922437289 ], [ 1.994021894869243, 50.740044190600223 ], [ 1.994194419369978, 50.740107948490042 ], [ 1.99420224638672, 50.740102033545142 ], [ 1.99423637307924, 50.740060820501981 ], [ 1.994265445152067, 50.740000394144019 ], [ 1.994293796624922, 50.739919502205559 ], [ 1.994319172511164, 50.739860033042298 ], [ 1.994336445757185, 50.739816740551724 ], [ 1.99413604755521, 50.739753920982814 ], [ 1.994157856300068, 50.739724215271224 ], [ 1.99403795350684, 50.739687292867686 ], [ 1.994117133670585, 50.739651757478441 ], [ 1.994153797629579, 50.739629077541331 ], [ 1.994199083351146, 50.73959056679552 ], [ 1.994203854276171, 50.739584807711985 ], [ 1.994208716190221, 50.739585805166186 ], [ 1.994164871908083, 50.739684698514175 ], [ 1.994372648444908, 50.739753320763164 ], [ 1.99438580059981, 50.739732159683534 ], [ 1.994387980919471, 50.739729216024486 ], [ 1.994442188975082, 50.739663518855096 ], [ 1.994481361659886, 50.739620703380439 ], [ 1.994491342303096, 50.739597012592476 ], [ 1.994499428096942, 50.739572692813638 ], [ 1.994515067079529, 50.739509027834991 ], [ 1.994506886172339, 50.73948385225156 ], [ 1.994511819546615, 50.739477610612241 ], [ 1.994507742579764, 50.73947641110226 ], [ 1.994504087989155, 50.739475304741028 ], [ 1.994412977249014, 50.739449083500055 ], [ 1.994274596822555, 50.739419330149033 ], [ 1.994275908032532, 50.739354007931766 ], [ 1.994290815120251, 50.73935647594076 ], [ 1.99434488449071, 50.739368129919797 ], [ 1.994382914939008, 50.739284085624512 ], [ 1.99448301397869, 50.739311501864066 ], [ 1.994476662623302, 50.739294013158144 ], [ 1.99450433453346, 50.739146696369644 ], [ 1.994511827296112, 50.739106807036592 ], [ 1.994511264271439, 50.73909751835486 ], [ 1.994514126526564, 50.739085485822805 ], [ 1.994515182024158, 50.739083899487021 ], [ 1.994566872169892, 50.739046603922873 ], [ 1.994581504121415, 50.739043459271542 ], [ 1.994712518450314, 50.738994282978169 ], [ 1.994784059897934, 50.738952685106973 ], [ 1.994855982583955, 50.7388953101213 ], [ 1.994896444760151, 50.738826639864044 ], [ 1.99490148582121, 50.738753396287592 ], [ 1.994885792575137, 50.738717485562681 ], [ 1.994896321455477, 50.738723615908 ], [ 1.995368499737694, 50.73866012724428 ], [ 1.995376242143213, 50.738556096128974 ], [ 1.995456179098768, 50.73724928828274 ], [ 1.99546910518274, 50.737027744515387 ], [ 1.995411684096605, 50.736929468561222 ], [ 1.995164287826205, 50.736503018892265 ], [ 1.995141008287883, 50.736465141690786 ], [ 1.994088654145911, 50.736549963880613 ], [ 1.994076163506173, 50.736679082989028 ], [ 1.994028586881126, 50.737147120960074 ], [ 1.99319576342769, 50.73756573384906 ], [ 1.99363483143478, 50.738094241537482 ] ], [ [ 1.994438035025051, 50.738556734201246 ], [ 1.994499347006646, 50.738492479432907 ], [ 1.99459817070837, 50.738550019386096 ], [ 1.994492792686247, 50.738547098587574 ], [ 1.994438035025051, 50.738556734201246 ] ] ], [ [ [ 1.994452098044635, 50.739812168838768 ], [ 1.994458424797113, 50.7397862952418 ], [ 1.994436619683021, 50.739821229288175 ], [ 1.994426790736005, 50.739845916919862 ], [ 1.994434106581706, 50.739847365607709 ], [ 1.994452098044635, 50.739812168838768 ] ] ], [ [ [ 1.991303772705004, 50.744315607757052 ], [ 1.991304336827793, 50.744312891781995 ], [ 1.991106927468387, 50.744311291494675 ], [ 1.991118747639047, 50.74441960793321 ], [ 1.991129404481544, 50.744486173992691 ], [ 1.991207303598451, 50.744446922589951 ], [ 1.991271325727425, 50.74438654056349 ], [ 1.9912839008034, 50.74435928209703 ], [ 1.991303546479469, 50.744316696922183 ], [ 1.991303772705004, 50.744315607757052 ] ] ], [ [ [ 1.995888236328409, 50.753204787107585 ], [ 1.995807728924139, 50.75320366893159 ], [ 1.995807693516538, 50.753224862311157 ], [ 1.995880607669662, 50.753242769195865 ], [ 1.995918027265167, 50.753211388296492 ], [ 1.995888236328409, 50.753204787107585 ] ] ], [ [ [ 2.000578934865231, 50.758980874333311 ], [ 2.000693383963276, 50.758981324759979 ], [ 2.000802450892622, 50.75895932029033 ], [ 2.000895459300875, 50.758917014900391 ], [ 2.000963304829282, 50.758858549777742 ], [ 2.000999346329032, 50.75878964793759 ], [ 2.001000049276185, 50.75871773432344 ], [ 2.000839526178746, 50.758789616748764 ], [ 2.000774704270995, 50.758819426212938 ], [ 2.000770421481608, 50.758821365962113 ], [ 2.000472003537998, 50.75895837018367 ], [ 2.000578934865231, 50.758980874333311 ] ] ], [ [ [ 1.999530846787342, 50.789305221914049 ], [ 1.999494699038562, 50.789301294600186 ], [ 1.999455762928392, 50.78930488369145 ], [ 1.999402432618798, 50.789321511467499 ], [ 1.999377293540141, 50.789337047709076 ], [ 1.999328365508494, 50.789396055966264 ], [ 1.999307223058823, 50.789474244452904 ], [ 1.999306111952329, 50.789529816327565 ], [ 1.999335867616933, 50.789659519465587 ], [ 1.999342368892366, 50.78966786719122 ], [ 1.99944974896593, 50.789737679592299 ], [ 1.999471772347038, 50.789740072334993 ], [ 1.999493884306975, 50.789738034094611 ], [ 1.999604020671009, 50.789669968821244 ], [ 1.99963085519052, 50.789637605750812 ], [ 1.9996425231452, 50.789594454729482 ], [ 1.99963036659745, 50.78954146653092 ], [ 1.999627817044877, 50.789516967752519 ], [ 1.999594817984578, 50.789373130100131 ], [ 1.999553298894343, 50.789319819062307 ], [ 1.999530846787342, 50.789305221914049 ] ] ] ] } }
]
}
