{
"type": "FeatureCollection",
"name": "MRVBF_LISSER",
"crs": { "type": "name", "properties": { "name": "urn:ogc:def:crs:OGC:1.3:CRS84" } },
"features": [
{ "type": "Feature", "properties": { "fid": 9, "DN": 1, "AREA": 1266.7778223932837 }, "geometry": { "type": "MultiPolygon", "coordinates": [ [ [ [ 1.918121265237969, 50.734006879168973 ], [ 1.917855555388347, 50.73388079782098 ], [ 1.917828751847825, 50.733863314681912 ], [ 1.91782875184745, 50.733863314681727 ], [ 1.917800865157533, 50.733845125017488 ], [ 1.917800865157157, 50.733845125017318 ], [ 1.917772978487585, 50.733826935346386 ], [ 1.917772978486871, 50.733826935346038 ], [ 1.917717205208037, 50.733790555983681 ], [ 1.917717205207674, 50.733790555983489 ], [ 1.917689318598657, 50.7337723662922 ], [ 1.917689318598312, 50.733772366292037 ], [ 1.917668522819484, 50.733758801747172 ], [ 1.917660634346189, 50.733757938328829 ], [ 1.917611008670732, 50.733762484908773 ], [ 1.917369504269376, 50.733809971455763 ], [ 1.917324001166526, 50.73381414022338 ], [ 1.9172892677288, 50.733824993590019 ], [ 1.917285883863219, 50.733837444980097 ], [ 1.917288728480452, 50.73384995057306 ], [ 1.917335644126855, 50.733865639160655 ], [ 1.917420357799847, 50.733874911518761 ], [ 1.917734454122384, 50.733942714214876 ], [ 1.917760858524855, 50.733951543709502 ], [ 1.917775382759985, 50.733954678969269 ], [ 1.917812261801993, 50.73396701110768 ], [ 1.917873070101706, 50.733995865196924 ], [ 1.917896309645666, 50.734003636337889 ], [ 1.91795711803821, 50.734032490384458 ], [ 1.918177304008721, 50.734106118510283 ], [ 1.918220507293805, 50.734110847019913 ], [ 1.918226739039899, 50.734087914978083 ], [ 1.918221504379072, 50.734064904248129 ], [ 1.918153904060792, 50.734020811152135 ], [ 1.91813236544415, 50.734010590971977 ], [ 1.918121265237969, 50.734006879168973 ] ] ], [ [ [ 1.932657457409261, 50.752021543214077 ], [ 1.932466025580904, 50.751849551043364 ], [ 1.932439231720477, 50.751815045792561 ], [ 1.932378163245298, 50.751808371703682 ], [ 1.932063935060607, 50.751740607854487 ], [ 1.931798096010471, 50.751614559704187 ], [ 1.931606668627623, 50.751442566075703 ], [ 1.931508390739447, 50.751241463249336 ], [ 1.931500967065647, 50.751208880788042 ], [ 1.931453829936957, 50.751112424827653 ], [ 1.931447472994051, 50.751084524024449 ], [ 1.93143466030143, 50.751068022981599 ], [ 1.931382752315347, 50.751034189090312 ], [ 1.931197953098014, 50.750946563299223 ], [ 1.930985869153422, 50.750875698371473 ], [ 1.930982963049494, 50.750875071586577 ], [ 1.930929743578315, 50.750857288971133 ], [ 1.930663911858088, 50.750731238156106 ], [ 1.930472491641362, 50.7505592424139 ], [ 1.930400796471293, 50.750466904448132 ], [ 1.930318254159194, 50.750413100809745 ], [ 1.93011963621539, 50.750318918731246 ], [ 1.929928219611936, 50.75014692215472 ], [ 1.92982995108007, 50.749945817593613 ], [ 1.929834448796795, 50.7497352907709 ], [ 1.929941271243811, 50.749535949508925 ], [ 1.92996659186315, 50.74950545125327 ], [ 1.929973447586581, 50.749480208969587 ], [ 1.929968956143252, 50.749460492570016 ], [ 1.929909789051958, 50.749454024735712 ], [ 1.929709537021962, 50.749472385135377 ], [ 1.92964702571904, 50.74948467918167 ], [ 1.929583641141163, 50.749490490585124 ], [ 1.929544731212127, 50.749498142927038 ], [ 1.929212889233344, 50.749495288300096 ], [ 1.928898679865692, 50.749427516174606 ], [ 1.928632861102987, 50.749301460781965 ], [ 1.928441453491918, 50.749129461653936 ], [ 1.928343192924384, 50.748928355609124 ], [ 1.928347158665092, 50.748742982852875 ], [ 1.928342831650293, 50.748723985192257 ], [ 1.928316060967158, 50.74868950291475 ], [ 1.928296368262996, 50.748676665447341 ], [ 1.928104964194471, 50.748504665639132 ], [ 1.928027895701551, 50.748346928236202 ], [ 1.92795509884983, 50.748253159606584 ], [ 1.927914836350005, 50.748216978324514 ], [ 1.927860959029672, 50.748147579279461 ], [ 1.927778664272996, 50.748073625923553 ], [ 1.927651977203333, 50.747910439521533 ], [ 1.927609945089459, 50.747872667415486 ], [ 1.927585352536803, 50.74784098938445 ], [ 1.927501288589454, 50.747765445103049 ], [ 1.927461128843878, 50.747713714417699 ], [ 1.927440975063067, 50.747700575819245 ], [ 1.927249577660646, 50.747528574441368 ], [ 1.927244718917609, 50.747522315707926 ], [ 1.927227434139064, 50.747506782472882 ], [ 1.927217861759357, 50.747500542009519 ], [ 1.927144125396012, 50.747434277514692 ], [ 1.927047084849802, 50.747371014119885 ], [ 1.926976423294567, 50.747347398786509 ], [ 1.926710620405895, 50.747221338891535 ], [ 1.926519227341961, 50.747049336265754 ], [ 1.926420978570667, 50.746848228070178 ], [ 1.926423881524767, 50.746712770797693 ], [ 1.92641836141374, 50.74671272317763 ], [ 1.926419149191196, 50.7466759640647 ], [ 1.926401452564021, 50.74659825047322 ], [ 1.926354296761504, 50.74653728294907 ], [ 1.926257805115128, 50.746474374927125 ], [ 1.926155405555979, 50.746425809141677 ], [ 1.926153008128552, 50.746424246122857 ], [ 1.926097618760606, 50.746397976125131 ], [ 1.925984002161262, 50.746295866960544 ], [ 1.925912464393341, 50.746249227038973 ], [ 1.925749569649178, 50.746194783754788 ], [ 1.925722363684841, 50.74619180858766 ], [ 1.925700267953622, 50.746193833866528 ], [ 1.925680004374175, 50.746206345220784 ], [ 1.925408901964115, 50.746327772636867 ], [ 1.925395543293324, 50.746331946859925 ], [ 1.925315129866112, 50.746367963978564 ], [ 1.924998153285609, 50.746430295000778 ], [ 1.924666331887245, 50.746427428238583 ], [ 1.924599642109974, 50.746413040271946 ], [ 1.924402755855511, 50.746391507434566 ], [ 1.924338146463692, 50.746397428748736 ], [ 1.924315561559607, 50.746411372817036 ], [ 1.924309336762992, 50.746434283774491 ], [ 1.924314886423327, 50.746458659424697 ], [ 1.924341653160374, 50.746493142679228 ], [ 1.924442243454373, 50.746558725979284 ], [ 1.924633627513049, 50.746730731926753 ], [ 1.924673783550575, 50.746782463600859 ], [ 1.924788060915559, 50.746856969547387 ], [ 1.924788060915922, 50.746856969547551 ], [ 1.924815957385533, 50.746875157288059 ], [ 1.924815957385879, 50.74687515728823 ], [ 1.924843853875668, 50.746893345021938 ], [ 1.924843853876044, 50.746893345022109 ], [ 1.924864657049676, 50.746906908098424 ], [ 1.92492477589678, 50.746913482842317 ], [ 1.925236763263595, 50.746916177597654 ], [ 1.925550951926225, 50.746983959225311 ], [ 1.925816750637401, 50.747110021642264 ], [ 1.926008141521338, 50.747282025332531 ], [ 1.926075551812556, 50.747368862833632 ], [ 1.926123602338972, 50.747400189093057 ], [ 1.926271072460123, 50.747532719247936 ], [ 1.926377759344732, 50.747602272468292 ], [ 1.926582563901869, 50.747699403412419 ], [ 1.926608294307272, 50.747716177872405 ], [ 1.926608294307641, 50.747716177872576 ], [ 1.926636191916526, 50.747734365181429 ], [ 1.926636191916872, 50.747734365181586 ], [ 1.926664089545934, 50.747752552483647 ], [ 1.92666408954631, 50.747752552483824 ], [ 1.926691987195671, 50.747770739779156 ], [ 1.926691987196028, 50.74777073977932 ], [ 1.92671988486568, 50.747788927067916 ], [ 1.926719884866026, 50.747788927068086 ], [ 1.926747782555855, 50.747807114349875 ], [ 1.926747782556232, 50.74780711435006 ], [ 1.926775680266396, 50.747825301625141 ], [ 1.926775680266742, 50.747825301625291 ], [ 1.926803577997084, 50.747843488893587 ], [ 1.92680357799746, 50.74784348889375 ], [ 1.926831475748101, 50.74786167615531 ], [ 1.926831475748457, 50.747861676155495 ], [ 1.926859373518761, 50.747879863409899 ], [ 1.926859373520553, 50.747879863410759 ], [ 1.926984527202435, 50.747961453981482 ], [ 1.927080337359429, 50.748006892075203 ], [ 1.927271736008196, 50.748178893588758 ], [ 1.927369990804458, 50.748380000707648 ], [ 1.927383960463715, 50.748441339918443 ], [ 1.927424692372447, 50.748493806928835 ], [ 1.927453908494237, 50.74851865474421 ], [ 1.927556390561191, 50.74868185667372 ], [ 1.927576306258947, 50.748789061636757 ], [ 1.92757718329051, 50.748788981239734 ], [ 1.927607513142187, 50.748922152386243 ], [ 1.927677567873181, 50.749065535575241 ], [ 1.927673061152277, 50.749276062533454 ], [ 1.927566230233731, 50.7494754019271 ], [ 1.927396106388654, 50.749619788904809 ], [ 1.927342484844154, 50.749684369834739 ], [ 1.927302524791415, 50.749718284351651 ], [ 1.927241899955692, 50.749791299554666 ], [ 1.927237738651771, 50.749806617912391 ], [ 1.92724093141906, 50.749820636746605 ], [ 1.927336460115435, 50.749882910944834 ], [ 1.92736046578641, 50.74989429510542 ], [ 1.927427461573528, 50.749916683839395 ], [ 1.927483378056061, 50.749943200900894 ], [ 1.927691131337335, 50.750012627626056 ], [ 1.927806564240739, 50.750037526512564 ], [ 1.92807238482994, 50.750163583529421 ], [ 1.928263795125079, 50.750335582955621 ], [ 1.928302278470174, 50.75038515017139 ], [ 1.928323517231046, 50.750398994986455 ], [ 1.928397259517612, 50.750465258484361 ], [ 1.928493224083728, 50.75052781412225 ], [ 1.928599262462745, 50.7505632484161 ], [ 1.928802647366205, 50.750607116287703 ], [ 1.9290684734466, 50.750733171022958 ], [ 1.929259889343393, 50.750905168709735 ], [ 1.929280698092752, 50.75093196955887 ], [ 1.929331446085019, 50.750965049195443 ], [ 1.929354601230761, 50.750972786586168 ], [ 1.929605318751798, 50.75109167433839 ], [ 1.929754633674965, 50.751141567760087 ], [ 1.929763351427966, 50.75114344801343 ], [ 1.929805476096486, 50.751157523831843 ], [ 1.930071308892944, 50.751283576778043 ], [ 1.930145173779185, 50.751331723610534 ], [ 1.930350000959806, 50.7514288478731 ], [ 1.93036907329851, 50.751441279549141 ], [ 1.930564035648693, 50.751506423997988 ], [ 1.930829870763048, 50.751632474775526 ], [ 1.930852353220656, 50.751647128982064 ], [ 1.930874676961089, 50.751661679722901 ], [ 1.931005616888952, 50.751705430973686 ], [ 1.931035322222314, 50.751711837307262 ], [ 1.931301160070923, 50.751837887223203 ], [ 1.931492587952012, 50.752009881441246 ], [ 1.931521147965997, 50.752046662167821 ], [ 1.931598191914092, 50.752096878515012 ], [ 1.931653995764277, 50.752133250718956 ], [ 1.931690167561094, 50.752156826970186 ], [ 1.931745971405398, 50.7521931990387 ], [ 1.931766778637171, 50.752206760844871 ], [ 1.931923219964253, 50.752223858703957 ], [ 1.931957342882503, 50.752224151523997 ], [ 1.932271573894899, 50.752291915643298 ], [ 1.932388947000346, 50.752347567025957 ], [ 1.932522965413005, 50.75239234412998 ], [ 1.932648668131021, 50.752406081667871 ], [ 1.932692256330243, 50.752415481241513 ], [ 1.932873123704133, 50.752435247194192 ], [ 1.932964357309683, 50.752426880514605 ], [ 1.933027442308532, 50.752414687484482 ], [ 1.933043666921384, 50.752409617157916 ], [ 1.933050904244832, 50.75240737704835 ], [ 1.933104918458409, 50.752390819175424 ], [ 1.933249725214256, 50.752345729916428 ], [ 1.933274866230097, 50.752330206151555 ], [ 1.933297735867294, 50.752302658896753 ], [ 1.933390149912146, 50.752224217968127 ], [ 1.933312588431414, 50.752223553270632 ], [ 1.933237532504174, 50.752215351110443 ], [ 1.932923300695657, 50.752147589446317 ], [ 1.932657457409261, 50.752021543214077 ] ] ], [ [ [ 1.908365846319031, 50.749298959670732 ], [ 1.908300570945382, 50.749354332239207 ], [ 1.908298046827042, 50.749357370486564 ], [ 1.908289009135154, 50.749390592204591 ], [ 1.908295940913974, 50.749421080280555 ], [ 1.908398712318556, 50.749455444992094 ], [ 1.908479330395114, 50.74947284848156 ], [ 1.908514009157232, 50.749484444305935 ], [ 1.908564999352184, 50.749508637499503 ], [ 1.908708259712249, 50.749556540389086 ], [ 1.908974029683444, 50.74968263828228 ], [ 1.908998671823847, 50.749698709753147 ], [ 1.908998671824199, 50.749698709753325 ], [ 1.90902656414319, 50.749716900954311 ], [ 1.909026564143536, 50.749716900954489 ], [ 1.909054456482706, 50.749735092148669 ], [ 1.909054456483082, 50.749735092148846 ], [ 1.909082348842587, 50.749753283336354 ], [ 1.909082348842933, 50.74975328333651 ], [ 1.909093002780794, 50.749760231749534 ], [ 1.909114546324842, 50.749770453251095 ], [ 1.909297426386581, 50.74983160261408 ], [ 1.909540717416023, 50.749947032661495 ], [ 1.909549630143643, 50.749950012757893 ], [ 1.909587885622833, 50.749954201047885 ], [ 1.909624156224591, 50.749950881570093 ], [ 1.909675865847895, 50.749918969998639 ], [ 1.909704115123794, 50.749884965671448 ], [ 1.90970828179567, 50.749869647902131 ], [ 1.909705093931768, 50.749855628619542 ], [ 1.909637479801237, 50.749811531949454 ], [ 1.909615936133155, 50.749801310539212 ], [ 1.909604833059012, 50.749797598065065 ], [ 1.909544010341061, 50.749768740624475 ], [ 1.909520764779368, 50.749760968108788 ], [ 1.909270100942508, 50.749642039460205 ], [ 1.90915829537247, 50.749604655047243 ], [ 1.909070336687252, 50.749585667484126 ], [ 1.908804566988158, 50.749459569778089 ], [ 1.908619565535089, 50.749293239188795 ], [ 1.908508518107096, 50.749220813206534 ], [ 1.908500627356961, 50.749219949227644 ], [ 1.908492701978, 50.749220674495952 ], [ 1.908365846319031, 50.749298959670732 ] ] ], [ [ [ 1.924796032837462, 50.751152125700081 ], [ 1.924806468457161, 50.75119795518065 ], [ 1.924853402705017, 50.751213640522046 ], [ 1.924921414703122, 50.75122107779633 ], [ 1.924986030247412, 50.751215156222621 ], [ 1.925036617830189, 50.751183925790919 ], [ 1.925095025060831, 50.751113588294537 ], [ 1.925106484311074, 50.751071413145795 ], [ 1.9250971500256, 50.751030421321616 ], [ 1.924984379505051, 50.750956904966941 ], [ 1.924984379504331, 50.750956904966593 ], [ 1.924928581917439, 50.750920529779457 ], [ 1.924928581915659, 50.750920529778611 ], [ 1.924826339600897, 50.75085387645003 ], [ 1.924752601466397, 50.750787610875982 ], [ 1.924655557443724, 50.750724345937265 ], [ 1.924604566448074, 50.750707304554119 ], [ 1.924593000677702, 50.750706039768041 ], [ 1.924590266521097, 50.750706290329468 ], [ 1.924587364778076, 50.750716969710943 ], [ 1.924590867806675, 50.750732354190902 ], [ 1.92463187705526, 50.750785180559006 ], [ 1.924662178540263, 50.750810999354478 ], [ 1.924764657104697, 50.750975463054132 ], [ 1.92479606085963, 50.751151184429496 ], [ 1.924796032837462, 50.751152125700081 ] ] ], [ [ [ 1.912767580300164, 50.752361677800558 ], [ 1.912772149942596, 50.752151152369827 ], [ 1.912780104250327, 50.752121904899674 ], [ 1.912779886468938, 50.752121902997295 ], [ 1.912780275937645, 50.752103959779276 ], [ 1.912784973542109, 50.752104000813993 ], [ 1.912745848972823, 50.751931997642053 ], [ 1.912743222891245, 50.751926619510492 ], [ 1.912725808664144, 50.751850060995352 ], [ 1.912678577151238, 50.751749122389384 ], [ 1.912639881780934, 50.751699258653147 ], [ 1.912512040293283, 50.751584336815888 ], [ 1.912419200951244, 50.751464700670113 ], [ 1.912366988377651, 50.751357768106011 ], [ 1.912259922773395, 50.751219798112878 ], [ 1.912259756261672, 50.751219648426193 ], [ 1.912161556553515, 50.75101853024006 ], [ 1.912142742784638, 50.750935812956961 ], [ 1.912120766481344, 50.750921481653954 ], [ 1.911961423379262, 50.750904040056611 ], [ 1.911965722596192, 50.750888232666426 ], [ 1.911895220751732, 50.750876840771241 ], [ 1.9118936686548, 50.750882547504048 ], [ 1.911647516395059, 50.750855603253882 ], [ 1.911647513393228, 50.750855741411065 ], [ 1.911646138410378, 50.750855729387361 ], [ 1.911568726970863, 50.750862815198644 ], [ 1.911546136499393, 50.750876756855241 ], [ 1.911537470498357, 50.750908619053732 ], [ 1.911544748756677, 50.750940620690329 ], [ 1.911592258857909, 50.750971603652445 ], [ 1.911783615650915, 50.751143628208354 ], [ 1.911881814081335, 50.751344746647327 ], [ 1.911877240770675, 50.751555272302582 ], [ 1.911770342135936, 50.751754597446045 ], [ 1.911725027792147, 50.751793038680695 ], [ 1.911657712081685, 50.751874069824744 ], [ 1.911627213399485, 50.751986202376074 ], [ 1.911633742817387, 50.752014910557079 ], [ 1.911782348365745, 50.752031176849997 ], [ 1.9120965509005, 50.752098991916576 ], [ 1.912362342889939, 50.752225082088955 ], [ 1.91255370711592, 50.752397105134236 ], [ 1.912585686885688, 50.752438314498626 ], [ 1.91259931096673, 50.752447198713689 ], [ 1.912749574001723, 50.752518481293883 ], [ 1.912750438589917, 50.752478650271406 ], [ 1.912774025471082, 50.752391923497079 ], [ 1.912774063338625, 50.752390178921111 ], [ 1.912767580300164, 50.752361677800558 ] ] ], [ [ [ 1.914297939243525, 50.754448917246492 ], [ 1.914119210062532, 50.754288266882753 ], [ 1.914114352304377, 50.754282007700752 ], [ 1.913979421250565, 50.754160724284567 ], [ 1.913965755049174, 50.754143115363327 ], [ 1.913927267814497, 50.754108520765968 ], [ 1.913911257049043, 50.754087890811412 ], [ 1.913885147774624, 50.754034425059778 ], [ 1.91387759152322, 50.754024688764403 ], [ 1.913873039498299, 50.754018750085997 ], [ 1.913851857341068, 50.753990767030615 ], [ 1.913803836602298, 50.753890696673992 ], [ 1.913795847741266, 50.753880402898695 ], [ 1.91378943948121, 50.753871999151485 ], [ 1.913774582618469, 50.753852166192665 ], [ 1.913682779885785, 50.75365945376705 ], [ 1.913682590486874, 50.753658621211216 ], [ 1.913610495638122, 50.753565724844222 ], [ 1.913572009092418, 50.753531130106722 ], [ 1.91353185910995, 50.753479395379308 ], [ 1.913487061219695, 50.753450184153479 ], [ 1.913295689765303, 50.753278162817679 ], [ 1.913272049038471, 50.753247700453116 ], [ 1.913271375161565, 50.753246830545002 ], [ 1.91319889766195, 50.753153098615023 ], [ 1.913124364382825, 50.753104497144328 ], [ 1.913113521770423, 50.753099353696783 ], [ 1.913112657460226, 50.753139184684322 ], [ 1.913100590652377, 50.753183553680635 ], [ 1.91310931812618, 50.753221920091903 ], [ 1.913104749803131, 50.753432445193368 ], [ 1.913089728223114, 50.753487678332725 ], [ 1.913088151818233, 50.75356032334178 ], [ 1.91308629241473, 50.7535603071045 ], [ 1.913085266982194, 50.753607561616519 ], [ 1.913098542549293, 50.753665921197509 ], [ 1.913160369803507, 50.753745983662846 ], [ 1.913257811426293, 50.753946569853944 ], [ 1.913253205292393, 50.754151574009235 ], [ 1.913256603352981, 50.754166511546003 ], [ 1.913332965091404, 50.754192038912961 ], [ 1.913598771299422, 50.754318126045121 ], [ 1.913612981748835, 50.754327392016798 ], [ 1.913760439161177, 50.754459935602426 ], [ 1.913928418985535, 50.754569466302456 ], [ 1.913928418985899, 50.754569466302634 ], [ 1.913956315807409, 50.754587656264597 ], [ 1.913956315807784, 50.754587656264768 ], [ 1.913974860651889, 50.754599748312629 ], [ 1.914048590139155, 50.754666019887978 ], [ 1.914144111675952, 50.754728303754767 ], [ 1.914207543775663, 50.754735245303415 ], [ 1.914520213154275, 50.754802718751499 ], [ 1.91441066562406, 50.75470425366899 ], [ 1.914312450453929, 50.754503138249177 ], [ 1.914301016958796, 50.754452882820374 ], [ 1.914297939243525, 50.754448917246492 ] ] ], [ [ [ 1.915050231940526, 50.755166189111499 ], [ 1.915067589822123, 50.755201731330303 ], [ 1.915126863419948, 50.755278100921316 ], [ 1.915203895968259, 50.755328327212908 ], [ 1.915277628154359, 50.755394597987312 ], [ 1.915374669379894, 50.755457869789467 ], [ 1.915455091573473, 50.755484752051117 ], [ 1.915508549581048, 50.755510108224144 ], [ 1.915510354871953, 50.755510711666027 ], [ 1.915776173558747, 50.755636793896457 ], [ 1.915816987580441, 50.755673476917714 ], [ 1.915904768559774, 50.755730709836655 ], [ 1.915926772984066, 50.755733117472701 ], [ 1.916017097691451, 50.755724847284782 ], [ 1.916032610008819, 50.755667799859111 ], [ 1.916029109263681, 50.755652415253458 ], [ 1.916002343354861, 50.755617930689837 ], [ 1.915894719627263, 50.755547760338338 ], [ 1.91587156518834, 50.755540020761266 ], [ 1.915605746774952, 50.755413938716011 ], [ 1.915581099702985, 50.755397868692448 ], [ 1.915581099702645, 50.755397868692299 ], [ 1.91555320184008, 50.75537967911697 ], [ 1.915553201839346, 50.755379679116608 ], [ 1.915542545809938, 50.755372731315624 ], [ 1.915440138450073, 50.755324157369273 ], [ 1.915413324278677, 50.755306674277392 ], [ 1.915413324276938, 50.755306674276568 ], [ 1.915273835724755, 50.755215726131432 ], [ 1.915273835721901, 50.755215726130082 ], [ 1.915095794217149, 50.755099640290005 ], [ 1.914993387848903, 50.755051065956003 ], [ 1.914972150802084, 50.755037218965356 ], [ 1.914869738811898, 50.755002985450517 ], [ 1.914978961884292, 50.755101157058455 ], [ 1.914981460605783, 50.75510437649546 ], [ 1.915050231940526, 50.755166189111499 ] ] ], [ [ [ 1.93730362371264, 50.764396146442195 ], [ 1.937263440505596, 50.764344420224717 ], [ 1.937210505484447, 50.764309931839236 ], [ 1.937149236958499, 50.764289469530077 ], [ 1.936910188311582, 50.764237942365725 ], [ 1.936906346593786, 50.764236659305979 ], [ 1.936825694877117, 50.764219274619734 ], [ 1.936803892990164, 50.764211993185206 ], [ 1.936761205286671, 50.764202791704228 ], [ 1.936495288309812, 50.764076755928798 ], [ 1.936303797225472, 50.763904772747154 ], [ 1.936290443892907, 50.763877461397819 ], [ 1.936228089219031, 50.763797191202094 ], [ 1.936209010740879, 50.763784760670198 ], [ 1.936017521756163, 50.763612776971954 ], [ 1.935960085211301, 50.763538836910172 ], [ 1.935861766180891, 50.763337741196743 ], [ 1.93586623974454, 50.763127218432821 ], [ 1.935973066747549, 50.762927876043463 ], [ 1.936063978552179, 50.762818385329709 ], [ 1.93609199972459, 50.762715195090685 ], [ 1.936092417986507, 50.762695507533117 ], [ 1.936056860833359, 50.762539549068251 ], [ 1.93605981892281, 50.762539277776099 ], [ 1.93605163298993, 50.762489697345231 ], [ 1.936008309918809, 50.762299674848968 ], [ 1.935997301165069, 50.76227715775569 ], [ 1.935992061562061, 50.762254175812828 ], [ 1.935996534481217, 50.762043652697784 ], [ 1.93609540646402, 50.761859149379795 ], [ 1.936111440518488, 50.761800101371676 ], [ 1.936113383502024, 50.761708641674247 ], [ 1.936080519841244, 50.761564494479259 ], [ 1.936069511216639, 50.76154197736723 ], [ 1.936059478066372, 50.761497969540542 ], [ 1.936049263400868, 50.761477076348797 ], [ 1.935931794942387, 50.76132584806011 ], [ 1.935839699202218, 50.761148917076291 ], [ 1.935838131561602, 50.761143452711941 ], [ 1.935836386221771, 50.76090876381182 ], [ 1.93584836625469, 50.760864645374284 ], [ 1.935850690953025, 50.760755242497027 ], [ 1.935821927996063, 50.760629076384603 ], [ 1.935794161135967, 50.760572280028079 ], [ 1.935792732793383, 50.760566014691776 ], [ 1.935773345256636, 50.760526357922245 ], [ 1.935767094559066, 50.76049893953423 ], [ 1.935771568267092, 50.760288415866228 ], [ 1.935776080441664, 50.760271798912441 ], [ 1.935776117513938, 50.7602700543504 ], [ 1.935758375584558, 50.760192229728474 ], [ 1.935695917808946, 50.760111326403454 ], [ 1.935610876263414, 50.759871164754102 ], [ 1.9355995763541, 50.759872201108216 ], [ 1.935558865290657, 50.759693618112443 ], [ 1.935554640276121, 50.759684975693766 ], [ 1.935524041345083, 50.759645580750231 ], [ 1.935491691392023, 50.759624500962275 ], [ 1.935305735149402, 50.759536352410436 ], [ 1.935114265509455, 50.759364366213504 ], [ 1.935050761731897, 50.759282605755686 ], [ 1.935025740662955, 50.759266301274842 ], [ 1.934957324208243, 50.759243447705288 ], [ 1.934691438101624, 50.759117407127988 ], [ 1.934499972172656, 50.758945419876852 ], [ 1.934482320541025, 50.758922692963935 ], [ 1.934481646219436, 50.758921823178206 ], [ 1.934409120816715, 50.758828104408281 ], [ 1.934295348181834, 50.758753964679869 ], [ 1.934295348181484, 50.758753964679698 ], [ 1.934284688834761, 50.758747018519003 ], [ 1.93418225640175, 50.758698460241213 ], [ 1.934155433882276, 50.758680981276441 ], [ 1.934155433880824, 50.758680981275759 ], [ 1.934043808256701, 50.758608239948551 ], [ 1.934043808256331, 50.758608239948366 ], [ 1.93401590190103, 50.758590054599708 ], [ 1.934015901900684, 50.758590054599544 ], [ 1.933987995565724, 50.758571869244186 ], [ 1.933987995565348, 50.758571869244001 ], [ 1.933960089251545, 50.758553683882468 ], [ 1.933960089249038, 50.758553683881274 ], [ 1.933829913114129, 50.758468853349591 ], [ 1.933756151856866, 50.758402593874685 ], [ 1.933659081708025, 50.758339336686575 ], [ 1.933635923234305, 50.758331600446851 ], [ 1.933370045293679, 50.758205556872944 ], [ 1.933362637934996, 50.758200729699723 ], [ 1.933260207513186, 50.758152170623028 ], [ 1.933233385607594, 50.758134691444788 ], [ 1.93323338560722, 50.758134691444617 ], [ 1.933205479810093, 50.758116505901285 ], [ 1.933205479809717, 50.7581165059011 ], [ 1.933177574032778, 50.758098320350946 ], [ 1.933177574032432, 50.758098320350797 ], [ 1.933149668275835, 50.758080134793929 ], [ 1.933149668275459, 50.758080134793744 ], [ 1.933121762539053, 50.758061949230097 ], [ 1.93312176253872, 50.758061949229933 ], [ 1.933105379604893, 50.758051272817703 ], [ 1.932913923197737, 50.757879282849046 ], [ 1.932902356864549, 50.757864389815609 ], [ 1.932854292059842, 50.757833066670152 ], [ 1.932706774192901, 50.757700546384655 ], [ 1.932654858486669, 50.757666713372451 ], [ 1.932647066393049, 50.75766411025544 ], [ 1.932381194484239, 50.757538064441931 ], [ 1.932189742525605, 50.757366073225619 ], [ 1.932091450750066, 50.757164972650671 ], [ 1.932071686386156, 50.757078242286013 ], [ 1.932075894929228, 50.756880867685737 ], [ 1.93207324766026, 50.756869250819967 ], [ 1.932053522262325, 50.756856395522696 ], [ 1.931906009390499, 50.756723874091904 ], [ 1.931737983032614, 50.756614368013018 ], [ 1.93173798303225, 50.756614368012833 ], [ 1.931710078625028, 50.756596182092288 ], [ 1.931710078624682, 50.756596182092125 ], [ 1.931689269573267, 50.756582620359211 ], [ 1.931642694610833, 50.756577530474047 ], [ 1.931331762844893, 50.756574861398462 ], [ 1.931017506199219, 50.756507095349122 ], [ 1.930932129349996, 50.756478571183301 ], [ 1.930683839475809, 50.756360852452588 ], [ 1.930593581394011, 50.756330697051006 ], [ 1.930327722027224, 50.75620464669592 ], [ 1.930312424441734, 50.75619467647892 ], [ 1.93028452094035, 50.756176490327903 ], [ 1.930256616307162, 50.756158303328277 ], [ 1.930168771172472, 50.756101049930024 ], [ 1.930080925363512, 50.75604379589447 ], [ 1.930070267532474, 50.756036849575374 ], [ 1.929967844316273, 50.755988287442925 ], [ 1.929948770295123, 50.755975855758066 ], [ 1.929728565851706, 50.755902282659079 ], [ 1.929646274493114, 50.755893288079506 ], [ 1.929641517748542, 50.75589324717599 ], [ 1.929236670769042, 50.755838535450096 ], [ 1.929100323854641, 50.75577903291574 ], [ 1.929052944838974, 50.755763202557048 ], [ 1.928928804099848, 50.755704341499538 ], [ 1.928705932008741, 50.755629874266127 ], [ 1.928703025657483, 50.755629247432502 ], [ 1.928662948159866, 50.755615856474925 ], [ 1.928632131003213, 50.755609210317807 ], [ 1.928366278778353, 50.755483155312447 ], [ 1.92817484763724, 50.755311156764449 ], [ 1.92814505516907, 50.755272787435004 ], [ 1.92810301670544, 50.755235016089728 ], [ 1.928083425166127, 50.755209784318602 ], [ 1.927986443125381, 50.755122646092374 ], [ 1.927888172627924, 50.754921541514612 ], [ 1.927891128557232, 50.754783447478587 ], [ 1.927886266310276, 50.754783405598282 ], [ 1.927886669059742, 50.754764590118562 ], [ 1.927875101254698, 50.754713806374141 ], [ 1.927795304654196, 50.754610660457075 ], [ 1.92766943720934, 50.754497566329469 ], [ 1.927572069372731, 50.754372163188968 ], [ 1.927552996632691, 50.754359731152881 ], [ 1.927361573400818, 50.7541877316824 ], [ 1.92735000957064, 50.754172838049385 ], [ 1.927275134100868, 50.754124032016044 ], [ 1.927127641917695, 50.753991504373843 ], [ 1.927064219165274, 50.753950163173869 ], [ 1.926872799176913, 50.753778162844945 ], [ 1.926855433412601, 50.753742622196569 ], [ 1.926841258702201, 50.753724365409624 ], [ 1.926840584583242, 50.753723495575606 ], [ 1.92674610390939, 50.753601362175068 ], [ 1.926729444589337, 50.753586392772135 ], [ 1.926553549756841, 50.753471735872218 ], [ 1.92640606140423, 50.753339207244679 ], [ 1.926391543286398, 50.753329743523921 ], [ 1.926200127978707, 50.753157741998805 ], [ 1.926101868507649, 50.752956635411842 ], [ 1.926095980109779, 50.752930779675886 ], [ 1.926015370185415, 50.752826572518174 ], [ 1.925954767851405, 50.752772115638123 ], [ 1.925887135479839, 50.75272802799055 ], [ 1.925879243878158, 50.752727165118074 ], [ 1.925826496224247, 50.752731999312672 ], [ 1.925791751511526, 50.752742854742209 ], [ 1.925778875555635, 50.752790244749661 ], [ 1.925778838140716, 50.752791989328522 ], [ 1.925800786237356, 50.752888365484516 ], [ 1.925808521452437, 50.752904197365069 ], [ 1.925935627306592, 50.753068511959519 ], [ 1.925958722420583, 50.753089264981689 ], [ 1.925976087322495, 50.753124805791074 ], [ 1.925990261547589, 50.753143062692736 ], [ 1.925992987630729, 50.753146600053505 ], [ 1.926028815538938, 50.753193437002508 ], [ 1.926101464850377, 50.753343680391254 ], [ 1.926116768320394, 50.753363391627886 ], [ 1.926168675147766, 50.753397227585772 ], [ 1.926373502993191, 50.753494358021442 ], [ 1.926437794212826, 50.753536266462191 ], [ 1.926540208581399, 50.753584831492283 ], [ 1.926567025714994, 50.753602312233141 ], [ 1.926567025715358, 50.753602312233326 ], [ 1.926583405800441, 50.753612989578038 ], [ 1.926774824163923, 50.75378499039509 ], [ 1.926786387733237, 50.753799884089915 ], [ 1.926789766184989, 50.753802086309825 ], [ 1.926981185979651, 50.753974086760209 ], [ 1.927018454521366, 50.754050359413633 ], [ 1.927062708697406, 50.754107357270023 ], [ 1.92709923929971, 50.75413116914563 ], [ 1.927290661414658, 50.754303169034308 ], [ 1.927308027682119, 50.754338709591785 ], [ 1.92732220273645, 50.754356966308521 ], [ 1.927322897894717, 50.754357863315064 ], [ 1.927465309881659, 50.754541970912406 ], [ 1.927573688572625, 50.754847554036282 ], [ 1.927572795657285, 50.754889256608855 ], [ 1.927591923648699, 50.754973232174045 ], [ 1.92763434398885, 50.755061574460207 ], [ 1.927654357060724, 50.755087349559858 ], [ 1.927752626948267, 50.75528845428714 ], [ 1.927753458084363, 50.755292103051367 ], [ 1.927758332591883, 50.755298503058007 ], [ 1.927760483906254, 50.755301344606615 ], [ 1.927777332095456, 50.755323732621726 ], [ 1.927869920697436, 50.755517404360745 ], [ 1.927881997523816, 50.755570421906022 ], [ 1.927916939932161, 50.755615423793998 ], [ 1.927933184290714, 50.755637330177578 ], [ 1.92795504170608, 50.755668237537535 ], [ 1.92797529085838, 50.755712474037146 ], [ 1.928082570837151, 50.755851313548995 ], [ 1.928115113843191, 50.755897796891212 ], [ 1.928124316006264, 50.755912405681478 ], [ 1.928172207232655, 50.756025771614951 ], [ 1.928230940164635, 50.756101843733546 ], [ 1.928328431958222, 50.75630278725837 ], [ 1.928323410818398, 50.756513007454728 ], [ 1.928216365605363, 50.756711985043388 ], [ 1.928017743850631, 50.756880297906491 ], [ 1.92787595284797, 50.756943765702594 ], [ 1.927853149643376, 50.756957842624104 ], [ 1.927701294108062, 50.757051586081943 ], [ 1.927672622594396, 50.757069285518845 ], [ 1.927643950353737, 50.757086985296418 ], [ 1.927623777398461, 50.757099438396118 ], [ 1.92759621946208, 50.757116450351369 ], [ 1.927491755211688, 50.757163231719616 ], [ 1.927466204341442, 50.75717900460706 ], [ 1.927195046729182, 50.757300433939527 ], [ 1.927139017259325, 50.757311450108965 ], [ 1.927110235136758, 50.757320442105829 ], [ 1.927108864016538, 50.757320869687618 ], [ 1.926961108179066, 50.757366863222451 ], [ 1.926939842892556, 50.757379990329973 ], [ 1.92693982947218, 50.757379998614262 ], [ 1.926835369685996, 50.75742677602814 ], [ 1.926824426002379, 50.757433531558938 ], [ 1.926682178956398, 50.757521340334328 ], [ 1.92657771300785, 50.757568120906811 ], [ 1.926566761323689, 50.757574881311655 ], [ 1.926538089109634, 50.757592580473165 ], [ 1.926437471941379, 50.757654690519004 ], [ 1.926166309462477, 50.757776117294569 ], [ 1.925872083158118, 50.757833962628979 ], [ 1.925767713389266, 50.757866567709321 ], [ 1.925641091470485, 50.757923268043193 ], [ 1.925599438637221, 50.757936280270727 ], [ 1.925569899424008, 50.757949507651546 ], [ 1.925252849866068, 50.758011838228605 ], [ 1.924920951726085, 50.758008972195675 ], [ 1.924606694757311, 50.757941190109989 ], [ 1.924340841613313, 50.757815127177921 ], [ 1.924328075817919, 50.757806806083806 ], [ 1.924328075817549, 50.757806806083636 ], [ 1.924300173436615, 50.757788618535066 ], [ 1.924300173436258, 50.757788618534896 ], [ 1.924272271075856, 50.757770430979754 ], [ 1.924272271074847, 50.757770430979264 ], [ 1.924249946533681, 50.757755879191578 ], [ 1.924198948517335, 50.757738837823837 ], [ 1.924159154453095, 50.757734486624109 ], [ 1.924122879178333, 50.75773781029833 ], [ 1.924101496815315, 50.757751008623018 ], [ 1.923876756843783, 50.757889729354041 ], [ 1.923529467327075, 50.75803261622891 ], [ 1.923122407080587, 50.758080325033674 ], [ 1.923111230950834, 50.758080228347922 ], [ 1.922631205410862, 50.758002721299015 ], [ 1.922406253724587, 50.757927548471805 ], [ 1.922164344515183, 50.757875365581363 ], [ 1.922157613035066, 50.757873116071288 ], [ 1.921977552825608, 50.757787729152518 ], [ 1.921933240975384, 50.757772921001809 ], [ 1.92185401067599, 50.757764256219474 ], [ 1.921739484863477, 50.757763264224451 ], [ 1.921739632624085, 50.757756401004229 ], [ 1.921711344772004, 50.757756155965431 ], [ 1.92171119700752, 50.757763019185631 ], [ 1.921705518248335, 50.75776296999355 ], [ 1.921660597295384, 50.757755716357778 ], [ 1.921559541871933, 50.75775484088831 ], [ 1.921545428544321, 50.757753297401059 ], [ 1.92154964110502, 50.757737799566627 ], [ 1.921225497965121, 50.757685457500536 ], [ 1.921115603325752, 50.757648731904304 ], [ 1.921062140249245, 50.75762337825369 ], [ 1.920799750751949, 50.757535689615572 ], [ 1.920796844389064, 50.757535062599167 ], [ 1.920743562253693, 50.757517256022282 ], [ 1.920740655886338, 50.757516629003206 ], [ 1.920687373913804, 50.757498822442969 ], [ 1.920684467283167, 50.757498195380037 ], [ 1.920631186069841, 50.757480389035727 ], [ 1.920628279980089, 50.757479762059553 ], [ 1.920574997699005, 50.757461955365521 ], [ 1.920572091601256, 50.757461328385887 ], [ 1.920558329407158, 50.757456729117415 ], [ 1.920471881176601, 50.757438079575508 ], [ 1.920321954813745, 50.75738797434925 ], [ 1.920319049265085, 50.757387347541609 ], [ 1.920268517198837, 50.757370459681809 ], [ 1.920259797902446, 50.757368578644325 ], [ 1.920097204392838, 50.757314239555193 ], [ 1.920094298325774, 50.757313612567756 ], [ 1.920045139675922, 50.757297183645619 ], [ 1.920033514536861, 50.757294675723649 ], [ 1.919816262550393, 50.75722206899448 ], [ 1.919813357020886, 50.757221442175563 ], [ 1.919798220771512, 50.75721638353486 ], [ 1.919714679692344, 50.757198360521798 ], [ 1.919670578200317, 50.757183621438109 ], [ 1.919470760922657, 50.757140512701802 ], [ 1.91945044376211, 50.757130877224334 ], [ 1.919191158909411, 50.757044221014873 ], [ 1.919074970759445, 50.757019154005633 ], [ 1.919043784365231, 50.757015742620865 ], [ 1.918729541558156, 50.756947945594106 ], [ 1.918582137751186, 50.756898680215848 ], [ 1.918396403555951, 50.756858607819439 ], [ 1.918324703144559, 50.756824602487164 ], [ 1.918165147701821, 50.756771274966262 ], [ 1.918132249846954, 50.756767676102513 ], [ 1.91781800985436, 50.756699876751874 ], [ 1.917552180386019, 50.756573799084912 ], [ 1.917541904454358, 50.756567099621421 ], [ 1.917508593683529, 50.756555966004932 ], [ 1.917436026485713, 50.756540308764002 ], [ 1.917324182958972, 50.756528072858558 ], [ 1.917262934908362, 50.756533681336414 ], [ 1.917236990902606, 50.756629098910992 ], [ 1.917130102768564, 50.756828427123956 ], [ 1.916931339710423, 50.756997047459514 ], [ 1.916675199876273, 50.757111719576983 ], [ 1.916671485021084, 50.757114012180921 ], [ 1.916644864670784, 50.757146057612715 ], [ 1.916446098718597, 50.757314677092246 ], [ 1.916174913799567, 50.757436082349798 ], [ 1.916123682243234, 50.757452082272138 ], [ 1.916046385327766, 50.757499784586159 ], [ 1.915980082557718, 50.75755603018488 ], [ 1.915785147238228, 50.757643298261982 ], [ 1.915727131607489, 50.757679101058763 ], [ 1.91572577026508, 50.75768410714614 ], [ 1.915726569912575, 50.757687621272773 ], [ 1.915773507397848, 50.757703309883532 ], [ 1.915841526859476, 50.757710752045945 ], [ 1.915950979084221, 50.75770073102381 ], [ 1.916047921626117, 50.757670455588553 ], [ 1.916069751329009, 50.757656983867975 ], [ 1.91609731346957, 50.757639974483482 ], [ 1.916368499679172, 50.757518569433415 ], [ 1.916392671357758, 50.757511020428872 ], [ 1.916453664214418, 50.757483714867355 ], [ 1.916702347333116, 50.757434843630833 ], [ 1.916731144836367, 50.757425849832103 ], [ 1.916785530514066, 50.757392286129772 ], [ 1.916818216768929, 50.75735293862671 ], [ 1.917016981620204, 50.757184318562828 ], [ 1.917288163135028, 50.757062911424512 ], [ 1.917605216596451, 50.757000601042868 ], [ 1.917937107634703, 50.757003486584914 ], [ 1.91825134969332, 50.757071285603672 ], [ 1.918425923073366, 50.757154080034944 ], [ 1.918530567328396, 50.757189054282946 ], [ 1.918609795984748, 50.757197721152473 ], [ 1.918670251769849, 50.757198246345617 ], [ 1.918898251738373, 50.757216003137309 ], [ 1.918949813800733, 50.757223683282668 ], [ 1.919201824753469, 50.757283448509121 ], [ 1.919222178098159, 50.757290250826038 ], [ 1.919383447271747, 50.757325043443736 ], [ 1.919411386789013, 50.757334381137312 ], [ 1.919414293378463, 50.757335008226754 ], [ 1.919467574847734, 50.757352815377622 ], [ 1.919470481189651, 50.757353442426584 ], [ 1.919487002110524, 50.757358963860497 ], [ 1.919567640268063, 50.757376361072502 ], [ 1.919573866066679, 50.757378441853454 ], [ 1.919839696856527, 50.75750451394768 ], [ 1.919876791765792, 50.757537849535616 ], [ 1.91990987907736, 50.757559419297664 ], [ 1.919936696172489, 50.757576901457803 ], [ 1.920010437990906, 50.75764316919787 ], [ 1.920021096522154, 50.757650117539221 ], [ 1.920048995592726, 50.757668304955956 ], [ 1.920048982812295, 50.75766829662453 ], [ 1.920186332318981, 50.757757834538857 ], [ 1.920333817332729, 50.757890369698501 ], [ 1.92035782382314, 50.757906019336858 ], [ 1.920495524883914, 50.75795203834425 ], [ 1.920670666725195, 50.758035095870106 ], [ 1.92068727174766, 50.758040645129277 ], [ 1.920811408666295, 50.758099514230125 ], [ 1.920856536659126, 50.758114595551291 ], [ 1.921122382317404, 50.75824066576503 ], [ 1.921148116201114, 50.758257441015218 ], [ 1.92116943121719, 50.758271335707562 ], [ 1.921293399493009, 50.758330123795979 ], [ 1.921419052867674, 50.758372114995943 ], [ 1.921472516753129, 50.758397468399458 ], [ 1.921499892236024, 50.75840661675943 ], [ 1.921765739552855, 50.758532684427223 ], [ 1.921792557958242, 50.758550166162919 ], [ 1.921811108118554, 50.758562258246442 ], [ 1.921811091030944, 50.758562247108003 ], [ 1.921884843002158, 50.758628517729043 ], [ 1.921895511204339, 50.758635471862632 ], [ 1.921923413532047, 50.758653660244768 ], [ 1.921951315151595, 50.758671848054341 ], [ 1.92195129806398, 50.758671836915958 ], [ 1.922099095629102, 50.758768179161194 ], [ 1.922154899653496, 50.758804555020866 ], [ 1.922154900155031, 50.758804555256809 ], [ 1.922182802168443, 50.758822743157488 ], [ 1.922211610452504, 50.758841521788852 ], [ 1.922336153912536, 50.758900580281583 ], [ 1.922352082922354, 50.75891489350164 ], [ 1.922426038340953, 50.75896310087149 ], [ 1.922540340363272, 50.759037607687716 ], [ 1.922586851029308, 50.759053149926793 ], [ 1.92285270640578, 50.759179216366554 ], [ 1.923044133287918, 50.759351221488807 ], [ 1.923089514686482, 50.759444103271662 ], [ 1.923127638109273, 50.759493205412447 ], [ 1.923174614624776, 50.759523825789771 ], [ 1.923366043872266, 50.759695830306597 ], [ 1.92337760779279, 50.759710724184792 ], [ 1.923402625291563, 50.759727030995606 ], [ 1.92346721307272, 50.759748613085087 ], [ 1.923637212143344, 50.759785280619028 ], [ 1.923845824229999, 50.759854987834309 ], [ 1.9238486626261, 50.759855298186537 ], [ 1.923859775129863, 50.759856551876943 ], [ 1.923988162930934, 50.759871483549801 ], [ 1.92402179618169, 50.759878864664756 ], [ 1.924123583045131, 50.759889993915031 ], [ 1.924437851588135, 50.759957777019842 ], [ 1.924560950197937, 50.760016145553429 ], [ 1.924663942982716, 50.760050559260826 ], [ 1.924929808805988, 50.760176621075274 ], [ 1.924998511256923, 50.760221400197423 ], [ 1.925088488454258, 50.760264063008592 ], [ 1.925153276731339, 50.760322273331909 ], [ 1.925195159298873, 50.760349571471693 ], [ 1.92538659864216, 50.760521572666462 ], [ 1.925387348239505, 50.760522538039446 ], [ 1.925463905530779, 50.760679206711757 ], [ 1.925518745379986, 50.760749831979069 ], [ 1.925562435144792, 50.760789085077533 ], [ 1.92561434929562, 50.760822920886689 ], [ 1.925757988820431, 50.760870913755184 ], [ 1.925760895328717, 50.760871540595012 ], [ 1.925777408213893, 50.760877057866409 ], [ 1.9258580507125, 50.760894449797703 ], [ 1.925861891890843, 50.760895733204848 ], [ 1.925942534448882, 50.760913125080926 ], [ 1.925946375630822, 50.760914408485441 ], [ 1.926027018248268, 50.760931800306295 ], [ 1.926042734339247, 50.760937051303834 ], [ 1.926098275361426, 50.760949029532725 ], [ 1.926193813718823, 50.760994327147181 ], [ 1.926312223750702, 50.761033889501277 ], [ 1.926578098942848, 50.761159947607489 ], [ 1.926680889389853, 50.761226940463857 ], [ 1.92676132691554, 50.761253815185583 ], [ 1.927027204405522, 50.761379872290526 ], [ 1.927050774198304, 50.761395233492088 ], [ 1.927050774201142, 50.761395233493431 ], [ 1.92723952475108, 50.761518247860103 ], [ 1.927444387886367, 50.761615375336895 ], [ 1.927462454190127, 50.761627149552673 ], [ 1.927652204000165, 50.761717110949178 ], [ 1.927719171718106, 50.761739484419586 ], [ 1.927902024884773, 50.761778915820202 ], [ 1.928037045812863, 50.761842929072905 ], [ 1.928161226884076, 50.761884416497701 ], [ 1.928241996167873, 50.761893244573123 ], [ 1.928273036842293, 50.761893511804963 ], [ 1.928275445260583, 50.761893291074898 ], [ 1.928558346222452, 50.761895726231394 ], [ 1.928630901883679, 50.761889076358479 ], [ 1.92863793490469, 50.761889136885081 ], [ 1.928628263018552, 50.761846685761014 ], [ 1.928604759985107, 50.761831368829526 ], [ 1.928461114977667, 50.761783379315574 ], [ 1.928458208382702, 50.761782752539652 ], [ 1.928426247481272, 50.761772074873839 ], [ 1.928339953029272, 50.761762643002939 ], [ 1.928304761893789, 50.761755054366091 ], [ 1.928152943095011, 50.761738460568658 ], [ 1.927838658350386, 50.761670687025507 ], [ 1.927572777274075, 50.761544631709171 ], [ 1.927557541600106, 50.761530944178531 ], [ 1.927457413823501, 50.761465688575583 ], [ 1.927265963759959, 50.761293690812344 ], [ 1.927254398317482, 50.761278797331009 ], [ 1.927120934409085, 50.761191814598526 ], [ 1.926916073633367, 50.761094686526889 ], [ 1.926894830727697, 50.761080841697421 ], [ 1.926752564513291, 50.761033309554925 ], [ 1.926746751453169, 50.761032055921795 ], [ 1.926638800253375, 50.760995988488567 ], [ 1.926635893726914, 50.760995361669359 ], [ 1.926588530991893, 50.760979537320132 ], [ 1.926537520413376, 50.760955351931699 ], [ 1.926451488692996, 50.760926607766734 ], [ 1.926185615058267, 50.760800549345483 ], [ 1.926131973367397, 50.760765588074847 ], [ 1.926131973367064, 50.760765588074676 ], [ 1.926109646950489, 50.760751036686642 ], [ 1.925974776357637, 50.760705974073666 ], [ 1.92570890509406, 50.760579914592114 ], [ 1.925517464421328, 50.760407913908779 ], [ 1.925419193467366, 50.760206808994489 ], [ 1.925410328525789, 50.760167887039444 ], [ 1.92531785572652, 50.760107615328522 ], [ 1.925126418202048, 50.759935613920533 ], [ 1.925028149744971, 50.759734508553358 ], [ 1.92502359867386, 50.75971452596125 ], [ 1.92498578751376, 50.759665829190197 ], [ 1.924896562439402, 50.759585661600852 ], [ 1.924798295591892, 50.759384555945452 ], [ 1.924802815305982, 50.759174032317553 ], [ 1.92490967790965, 50.758974698226709 ], [ 1.925096951813772, 50.758815798013046 ], [ 1.925128873487135, 50.758777362275161 ], [ 1.925234346958376, 50.758585758803875 ], [ 1.925450099888074, 50.758411741230759 ], [ 1.925743200858262, 50.758291547260107 ], [ 1.925794545859511, 50.758277443336503 ], [ 1.925858769090775, 50.758265902153099 ], [ 1.925937112807476, 50.758241427753674 ], [ 1.925962820391841, 50.758225559101533 ], [ 1.926003037079153, 50.758177133702837 ], [ 1.926052388732121, 50.758085070176506 ], [ 1.926251125507078, 50.75791643548483 ], [ 1.926522288766289, 50.757795008344239 ], [ 1.926666022534798, 50.757750104790013 ], [ 1.926763461275817, 50.757706471121999 ], [ 1.92681949140049, 50.757695455102578 ], [ 1.926835426639084, 50.757690476775004 ], [ 1.927152469666541, 50.757628142615481 ], [ 1.927162348966077, 50.757627237182618 ], [ 1.927224871281872, 50.757614944468742 ], [ 1.927257412207928, 50.757611962122006 ], [ 1.927436499251562, 50.757576751026228 ], [ 1.927471147028515, 50.757573575486973 ], [ 1.927490620028673, 50.757569761247623 ], [ 1.92767211125897, 50.757553378436562 ], [ 1.927710192547589, 50.75755183303739 ], [ 1.927894160528298, 50.757534971631131 ], [ 1.927896837923875, 50.75753413515212 ], [ 1.927899654222453, 50.757533258556101 ], [ 1.928191437894829, 50.757442777265773 ], [ 1.928544245891403, 50.757392599605545 ], [ 1.92854174604759, 50.757381626308437 ], [ 1.928652600263818, 50.757371465329385 ], [ 1.928984494330452, 50.757374321473478 ], [ 1.929192398125251, 50.757419156774574 ], [ 1.929409952674817, 50.75744293575314 ], [ 1.929408209782287, 50.757449351593763 ], [ 1.929662571135881, 50.757481523209734 ], [ 1.929989494028184, 50.757612498387552 ], [ 1.930032844479881, 50.757649357480283 ], [ 1.930036859832505, 50.757646878615304 ], [ 1.930233366293894, 50.757774948344938 ], [ 1.930308056343187, 50.757783111403128 ], [ 1.930534358617401, 50.757785055896889 ], [ 1.930555971222579, 50.757787417941955 ], [ 1.930876786187076, 50.75785739219895 ], [ 1.931096619284707, 50.757932085612858 ], [ 1.931254253352116, 50.757966076666534 ], [ 1.931333109545226, 50.757992421200171 ], [ 1.931411496015821, 50.758009323726434 ], [ 1.93141705312331, 50.758009931020737 ], [ 1.931479027214251, 50.75802329448819 ], [ 1.931570781403743, 50.758033321522461 ], [ 1.931605970419153, 50.758040909278982 ], [ 1.931711838327521, 50.758052478559527 ], [ 1.931747027377683, 50.758060066275931 ], [ 1.931816530254908, 50.75806766150022 ], [ 1.932130797773199, 50.758135425372018 ], [ 1.932259525084865, 50.75817842965634 ], [ 1.932439604459913, 50.758263801773069 ], [ 1.932631219196731, 50.758327814171132 ], [ 1.932634125643416, 50.758328440852914 ], [ 1.932686038032849, 50.75834578305173 ], [ 1.932691850929847, 50.758347036412644 ], [ 1.932727467291585, 50.758358934629669 ], [ 1.932993344429306, 50.758484979546651 ], [ 1.933055346920243, 50.758540677222065 ], [ 1.933248911135251, 50.758666817330152 ], [ 1.933248911135601, 50.758666817330322 ], [ 1.933276817255063, 50.758685002848722 ], [ 1.933276817255434, 50.758685002848885 ], [ 1.933295368280577, 50.758697091942871 ], [ 1.933369129361467, 50.758763351660711 ], [ 1.933393997938664, 50.758779557628735 ], [ 1.933585459435768, 50.758951546624097 ], [ 1.933602831781906, 50.758987086053111 ], [ 1.933617010446171, 50.759005341924066 ], [ 1.933620542144558, 50.759009933069805 ], [ 1.933648066544096, 50.759046061589963 ], [ 1.933674171305485, 50.759080326637807 ], [ 1.933785390548649, 50.759224048795915 ], [ 1.933828676657569, 50.759262931864107 ], [ 1.933893759477075, 50.759305343042186 ], [ 1.934085224700254, 50.75947733113167 ], [ 1.934183529019259, 50.759678429426735 ], [ 1.934188083741707, 50.759698411685072 ], [ 1.934222519618573, 50.759742748385115 ], [ 1.934394249745432, 50.759897006222985 ], [ 1.934520989101967, 50.760060182796515 ], [ 1.934563036655815, 50.760097951870669 ], [ 1.934585579269769, 50.760126975232588 ], [ 1.93467498695592, 50.760207285044196 ], [ 1.93468728850629, 50.760223123062914 ], [ 1.934729336322326, 50.760260892071557 ], [ 1.934769560991239, 50.760312680396609 ], [ 1.934813379722635, 50.760352039946973 ], [ 1.934824947199081, 50.76036693274726 ], [ 1.934992918152771, 50.760476385332119 ], [ 1.934992918153153, 50.760476385332304 ], [ 1.935008032128455, 50.760486233807121 ], [ 1.935199875367878, 50.760658696286342 ], [ 1.935298055098309, 50.760860368089617 ], [ 1.935338625157302, 50.761040337072757 ], [ 1.935366248882674, 50.761096841235599 ], [ 1.935367677187045, 50.761103106571717 ], [ 1.935387064625843, 50.761142763369719 ], [ 1.935392391516384, 50.761166129994834 ], [ 1.935420158250091, 50.761222926389763 ], [ 1.935420570439544, 50.761224734468165 ], [ 1.935485693844657, 50.761308575686755 ], [ 1.935670156645297, 50.761474259493625 ], [ 1.935768471248029, 50.761675355927487 ], [ 1.935763997403091, 50.761885879152082 ], [ 1.935739893392826, 50.76197464352817 ], [ 1.935739474998349, 50.761994331106102 ], [ 1.935753839958403, 50.762057340405306 ], [ 1.935819497053441, 50.762175081102242 ], [ 1.935831561541429, 50.762248155637543 ], [ 1.93583420382171, 50.76224791331223 ], [ 1.935850601687414, 50.762319838569866 ], [ 1.935846128130147, 50.762530361591381 ], [ 1.935840853035487, 50.762549787304835 ], [ 1.935840191553385, 50.762580915947296 ], [ 1.935824893027418, 50.762686065771767 ], [ 1.935801445911867, 50.762772410014023 ], [ 1.935799546012956, 50.762861813384383 ], [ 1.93569271846018, 50.763061155644834 ], [ 1.935493993170148, 50.763229804019097 ], [ 1.93522282240431, 50.763351249677548 ], [ 1.934905750665296, 50.763413604327397 ], [ 1.934842377149682, 50.763419415711056 ], [ 1.934510442625559, 50.763416575268309 ], [ 1.934407865247746, 50.763405369245525 ], [ 1.934319024143385, 50.763413515649283 ], [ 1.933987089688107, 50.763410673811201 ], [ 1.93392147319012, 50.763403505289716 ], [ 1.933797510422103, 50.763376780973857 ], [ 1.933617975557225, 50.763357166628282 ], [ 1.933616600225923, 50.763357154847519 ], [ 1.933616680214034, 50.763353398606966 ], [ 1.933405636996501, 50.763351590681779 ], [ 1.933357040009131, 50.763341113759623 ], [ 1.933258223343577, 50.763330317615711 ], [ 1.9332230303613, 50.763322730387173 ], [ 1.933199078712944, 50.763320113547096 ], [ 1.933110309476086, 50.763300975779259 ], [ 1.93303266050589, 50.763292492137985 ], [ 1.932718359405976, 50.763224731073521 ], [ 1.932705835726861, 50.763220547775596 ], [ 1.932697115532483, 50.763218667749008 ], [ 1.932616875277132, 50.763191864955445 ], [ 1.932399042346103, 50.76314490092831 ], [ 1.932307074003789, 50.763134852224717 ], [ 1.932000426356464, 50.763132221937269 ], [ 1.931686127658789, 50.763064458250362 ], [ 1.931652069558873, 50.76304831335711 ], [ 1.931510566468927, 50.763001045086078 ], [ 1.931244669087633, 50.762874997866405 ], [ 1.931053200629937, 50.76270300629546 ], [ 1.930999571129703, 50.762633954882766 ], [ 1.930923902609246, 50.76247914990185 ], [ 1.930908636241754, 50.762459493323711 ], [ 1.930857224877228, 50.76242599088598 ], [ 1.930835216794687, 50.762423585913616 ], [ 1.93081031716431, 50.762425868443856 ], [ 1.930677380378526, 50.762467201537824 ], [ 1.930361119710846, 50.762529072229363 ], [ 1.930030188417998, 50.762526128747247 ], [ 1.93001249486376, 50.762524195136095 ], [ 1.92985280262087, 50.762538832803862 ], [ 1.929831045295262, 50.762538826417853 ], [ 1.929830359418418, 50.762570921778163 ], [ 1.929841720308782, 50.762571019439555 ], [ 1.929841701668433, 50.762571891716654 ], [ 1.929853273282695, 50.762622674672755 ], [ 1.92991889703034, 50.762707480460563 ], [ 1.930007884856496, 50.762787418731222 ], [ 1.930019498818474, 50.762802372893503 ], [ 1.930063315995028, 50.762841733966916 ], [ 1.930074882634067, 50.762856627152367 ], [ 1.930181457963076, 50.762926078084547 ], [ 1.930214775788405, 50.76293720820231 ], [ 1.930287356249407, 50.762952857841739 ], [ 1.930292913891813, 50.76295346518166 ], [ 1.930607210007648, 50.763021232397094 ], [ 1.930635156313386, 50.763030567970461 ], [ 1.930638063008089, 50.763031194694385 ], [ 1.930691354675083, 50.76304899695613 ], [ 1.930694261371485, 50.763049623678704 ], [ 1.930747869408147, 50.763067531586699 ], [ 1.930750107444329, 50.763068014135875 ], [ 1.9310160046051, 50.763194062374765 ], [ 1.931101764203121, 50.763271097638395 ], [ 1.931191497849265, 50.763329571488264 ], [ 1.931261310245419, 50.763352892002267 ], [ 1.931509069036861, 50.763406310191591 ], [ 1.931553704481652, 50.763421220296379 ], [ 1.931563741747441, 50.763422317053802 ], [ 1.931721521492754, 50.763407852751129 ], [ 1.931757025084696, 50.763400871733324 ], [ 1.93188058374135, 50.763389544431895 ], [ 1.93221251793704, 50.763392391886228 ], [ 1.932526819405116, 50.763460154210534 ], [ 1.932597791712105, 50.763483861148096 ], [ 1.932731324511928, 50.763498450839798 ], [ 1.933045627347522, 50.763566211843454 ], [ 1.933311532931526, 50.763692255084386 ], [ 1.933361873704795, 50.763725056934973 ], [ 1.933467549483407, 50.763760354771925 ], [ 1.933549854361941, 50.763769346712607 ], [ 1.933580896227496, 50.763769612620287 ], [ 1.933663022849987, 50.763762082466926 ], [ 1.933684161127259, 50.76375560405652 ], [ 1.933822391384052, 50.763712749813628 ], [ 1.934138690764402, 50.763651113238012 ], [ 1.934469545941085, 50.763654267961812 ], [ 1.934525710857758, 50.763666396153766 ], [ 1.934807725436587, 50.763697204055255 ], [ 1.934865201065883, 50.763697695811025 ], [ 1.935179508039146, 50.763765451407181 ], [ 1.935445420051648, 50.763891490052501 ], [ 1.935636908137416, 50.764063474557858 ], [ 1.935735227689723, 50.764264570227162 ], [ 1.935751676583486, 50.764336716818896 ], [ 1.935771065578203, 50.764376373362317 ], [ 1.935777204157005, 50.764403297694194 ], [ 1.935783691556496, 50.764411649055532 ], [ 1.935864535982367, 50.764464322821183 ], [ 1.936008195773887, 50.764512303597591 ], [ 1.936011102621789, 50.764512930194641 ], [ 1.936063022591511, 50.764530270822405 ], [ 1.936068836290868, 50.764531524013861 ], [ 1.936084150739034, 50.7645366388426 ], [ 1.936164925696652, 50.764545461742316 ], [ 1.93619596805717, 50.764545726997675 ], [ 1.936401288259741, 50.764526897085233 ], [ 1.936733230250377, 50.764529732481968 ], [ 1.936841726605747, 50.764541582745409 ], [ 1.936837518156418, 50.764557081001371 ], [ 1.937161721166861, 50.764609381752265 ], [ 1.937187532744793, 50.764618002181791 ], [ 1.937343498400475, 50.764635036519884 ], [ 1.93754043933543, 50.764677486241169 ], [ 1.937497519822489, 50.764643393168193 ], [ 1.937474859067802, 50.764600074095597 ], [ 1.937473916223974, 50.764600368706773 ], [ 1.93734213499997, 50.764430733270252 ], [ 1.93730362371264, 50.764396146442195 ] ] ], [ [ [ 1.920782482837119, 50.765907535898613 ], [ 1.920755610088818, 50.765939883137563 ], [ 1.920743879673512, 50.765983028303559 ], [ 1.920753213182694, 50.766024019524082 ], [ 1.92083035938354, 50.766074301138197 ], [ 1.920983256384011, 50.766125388848714 ], [ 1.921187291791718, 50.766147699873187 ], [ 1.921183036269133, 50.766163352388837 ], [ 1.921506217572858, 50.766215529783729 ], [ 1.921518880751911, 50.766219760861858 ], [ 1.921659838658552, 50.766235173820299 ], [ 1.921974143686668, 50.766302962491196 ], [ 1.92224003593339, 50.76642902885262 ], [ 1.922321437301504, 50.766482081394145 ], [ 1.92238457718045, 50.766512017358004 ], [ 1.922460174186689, 50.766537275296074 ], [ 1.922539418287657, 50.766545939539988 ], [ 1.922625671790986, 50.76654668596165 ], [ 1.922625606248286, 50.766549732233521 ], [ 1.922843730511751, 50.766551619573285 ], [ 1.922963614406688, 50.766564726810209 ], [ 1.923269765766732, 50.76656737487194 ], [ 1.923566474571468, 50.766631363714062 ], [ 1.923697490679484, 50.766645687252669 ], [ 1.923700241518079, 50.766645711033206 ], [ 1.92372655599511, 50.766643300557639 ], [ 1.924058511291525, 50.766646169737129 ], [ 1.924060593828055, 50.766646397406262 ], [ 1.924149365536508, 50.766665541529122 ], [ 1.924227018232429, 50.766674030667275 ], [ 1.924262212206752, 50.766681620400064 ], [ 1.924368096685357, 50.76669319577401 ], [ 1.924403290694529, 50.766700785466689 ], [ 1.924447559991487, 50.766705624978805 ], [ 1.92476187174586, 50.766773406563985 ], [ 1.924845505385819, 50.76681305623876 ], [ 1.925027759811637, 50.766873944682004 ], [ 1.925110583763507, 50.766882998507498 ], [ 1.925424897528671, 50.766950778400684 ], [ 1.925690801902072, 50.767076837268689 ], [ 1.925816881536338, 50.767159000030652 ], [ 1.925870505412049, 50.767176914331372 ], [ 1.926012913427919, 50.767192480404987 ], [ 1.926051465235779, 50.767194739525699 ], [ 1.926067947468667, 50.7671965411188 ], [ 1.926186529807058, 50.767213996419812 ], [ 1.926198164664145, 50.767216161886793 ], [ 1.926393899374874, 50.767266484011444 ], [ 1.926430805071172, 50.767278812973103 ], [ 1.926491658786354, 50.767307661394383 ], [ 1.926514915126683, 50.767315430533472 ], [ 1.926702395154476, 50.767404307178126 ], [ 1.926889911991407, 50.767466949338456 ], [ 1.926892818896673, 50.767467576145577 ], [ 1.926908133305363, 50.767472692080098 ], [ 1.926963583244113, 50.76747875260628 ], [ 1.926994743811381, 50.767475897432803 ], [ 1.92732670481536, 50.76747875789551 ], [ 1.927641025319408, 50.767546532132904 ], [ 1.927906938434943, 50.767672586153957 ], [ 1.928027349118852, 50.767780745987324 ], [ 1.928064190297234, 50.767804752666237 ], [ 1.928137957872647, 50.767871014567717 ], [ 1.928324347209537, 50.767992469819021 ], [ 1.9283243472099, 50.767992469819191 ], [ 1.928352256738023, 50.768010656183932 ], [ 1.928352256738369, 50.768010656184089 ], [ 1.928380166286686, 50.768028842542016 ], [ 1.928380166287063, 50.768028842542186 ], [ 1.92840807585573, 50.768047028893406 ], [ 1.928408075856076, 50.768047028893562 ], [ 1.928435985444938, 50.768065215237982 ], [ 1.928435985445314, 50.76806521523816 ], [ 1.928463895054491, 50.768083401575822 ], [ 1.928463895054848, 50.768083401575993 ], [ 1.928491804684332, 50.768101587906948 ], [ 1.928491804684678, 50.768101587907104 ], [ 1.928514135070726, 50.768116138705395 ], [ 1.928565145124329, 50.768133178036877 ], [ 1.928645924558277, 50.768142005766435 ], [ 1.928846730876019, 50.768143733504765 ], [ 1.928929769325521, 50.768136123684847 ], [ 1.928949183358275, 50.768130731000149 ], [ 1.929246736101566, 50.768079122067164 ], [ 1.929341863875244, 50.768080616556254 ], [ 1.929394054718752, 50.768075833464877 ], [ 1.929726019836787, 50.768078687528195 ], [ 1.930040347353809, 50.768146455646892 ], [ 1.930241475857777, 50.768213636964767 ], [ 1.930244382848374, 50.76821426369294 ], [ 1.930272775617553, 50.768223747456418 ], [ 1.930328325733288, 50.768235723665505 ], [ 1.930360565332273, 50.768251005348283 ], [ 1.930571690254062, 50.768321524822881 ], [ 1.930751803227837, 50.768406898065784 ], [ 1.930943454619501, 50.768470912075273 ], [ 1.930946361633733, 50.768471538786798 ], [ 1.930999659200242, 50.768489340769428 ], [ 1.931002566216311, 50.768489967479617 ], [ 1.931019082191192, 50.76849548399187 ], [ 1.931099738779107, 50.768512872326518 ], [ 1.931140362341702, 50.768526440977524 ], [ 1.931143269361687, 50.768527067684403 ], [ 1.931159785364306, 50.768532584177684 ], [ 1.931240442060837, 50.768549972420203 ], [ 1.931244283964362, 50.768551255646337 ], [ 1.931324940720298, 50.768568643833625 ], [ 1.931362813884977, 50.768581293723926 ], [ 1.931371534963136, 50.768583173828652 ], [ 1.93149739725239, 50.768625212531667 ], [ 1.931578054215329, 50.768642600553022 ], [ 1.931618678012841, 50.768656169045336 ], [ 1.931621585046361, 50.768656795740931 ], [ 1.931668956633219, 50.768672617990781 ], [ 1.931719977551477, 50.768696800993027 ], [ 1.931863314950698, 50.768744675834618 ], [ 1.932129245057314, 50.768870720608582 ], [ 1.932153904069921, 50.768886787026041 ], [ 1.932153904072041, 50.768886787027043 ], [ 1.932232058760081, 50.768937708096942 ], [ 1.932283070915091, 50.768954745883782 ], [ 1.932308757847655, 50.768957552167166 ], [ 1.932338090363449, 50.76895486329412 ], [ 1.93249256338749, 50.768924958919385 ], [ 1.93244361453303, 50.76888099666045 ], [ 1.932316217374499, 50.768797992311065 ], [ 1.932294660909341, 50.768787775120941 ], [ 1.932283551944504, 50.768784064776938 ], [ 1.932222693098487, 50.768755219251204 ], [ 1.932084856373871, 50.768709182164123 ], [ 1.931818927236864, 50.7685831372644 ], [ 1.931802016266206, 50.768572118868967 ], [ 1.931721564279606, 50.768545247702889 ], [ 1.931663165414244, 50.768517567593008 ], [ 1.931638532464229, 50.768509340089658 ], [ 1.931372605512171, 50.7683832941985 ], [ 1.931345778785373, 50.768365814885215 ], [ 1.931345778784984, 50.76836581488503 ], [ 1.931335117801344, 50.768358868573166 ], [ 1.931232668566957, 50.768310308577476 ], [ 1.931205841928132, 50.768292829232138 ], [ 1.931205841927744, 50.768292829231939 ], [ 1.931177931206286, 50.768274643514829 ], [ 1.93117793120521, 50.768274643514339 ], [ 1.931127689289106, 50.768241907467754 ], [ 1.930984023474464, 50.76819392133207 ], [ 1.930981116475793, 50.768193294621163 ], [ 1.930927819231078, 50.768175492622625 ], [ 1.930924912234215, 50.768174865910382 ], [ 1.930871615029148, 50.768157063887294 ], [ 1.930868708034018, 50.768156437173722 ], [ 1.930815410868546, 50.768138635126078 ], [ 1.93081250387519, 50.768138008411178 ], [ 1.930759206749314, 50.768120206338978 ], [ 1.930756299757731, 50.768119579622734 ], [ 1.930703002671498, 50.768101777526013 ], [ 1.930700095681655, 50.768101150808441 ], [ 1.930646798634918, 50.768083348687107 ], [ 1.93064389164692, 50.76808272196822 ], [ 1.930611926258498, 50.768072044965734 ], [ 1.930607555598868, 50.768071567403524 ], [ 1.93029322778438, 50.768003800709003 ], [ 1.930289385947229, 50.768002517452445 ], [ 1.930208730462752, 50.767985128579404 ], [ 1.930193011723482, 50.767979878164191 ], [ 1.930137461922381, 50.76796790188974 ], [ 1.92987154162388, 50.767841852688917 ], [ 1.929718310516676, 50.767742007700626 ], [ 1.929527162626122, 50.767651400140039 ], [ 1.929463290781208, 50.767594028986842 ], [ 1.929360149499824, 50.767526821410989 ], [ 1.929333704831834, 50.767517987973442 ], [ 1.929083021085334, 50.767463939033007 ], [ 1.928941714525122, 50.767416737165902 ], [ 1.928862467938657, 50.767408077008213 ], [ 1.928840245917237, 50.767407885825598 ], [ 1.928544802084101, 50.767378621416697 ], [ 1.928273964203459, 50.767298245705064 ], [ 1.928049240814531, 50.767173141744735 ], [ 1.927888477911897, 50.767013244638115 ], [ 1.92780444171094, 50.766831252479804 ], [ 1.927780784008316, 50.766727418998919 ], [ 1.927777327876553, 50.766722882372733 ], [ 1.927706241439382, 50.766631018744853 ], [ 1.927681765483756, 50.766615069026606 ], [ 1.927544033643228, 50.766569058438115 ], [ 1.927429704374489, 50.766514859893093 ], [ 1.927264612211773, 50.766459708762966 ], [ 1.927261773420077, 50.766459398491726 ], [ 1.927199790014438, 50.766446033096031 ], [ 1.927148987176488, 50.766440480462222 ], [ 1.926834674280857, 50.766372704868793 ], [ 1.926806726818476, 50.766363368489763 ], [ 1.926803819978346, 50.766362741679558 ], [ 1.926787305171246, 50.766357224590308 ], [ 1.926706653552858, 50.766339833405254 ], [ 1.926666032965485, 50.766326263262648 ], [ 1.926663126129296, 50.766325636449118 ], [ 1.926645883688927, 50.766319876250407 ], [ 1.926494824089803, 50.766288972505279 ], [ 1.926247157014263, 50.766182713107746 ], [ 1.926056070265169, 50.766036851869622 ], [ 1.925936738374506, 50.765862972280978 ], [ 1.925902439390841, 50.765693652783142 ], [ 1.925888160004481, 50.765630968516803 ], [ 1.925843089949988, 50.765626041889028 ], [ 1.925819404255738, 50.765628212019891 ], [ 1.925487455604987, 50.765625347530531 ], [ 1.9251731500742, 50.765557567658732 ], [ 1.925161417953493, 50.76555364805418 ], [ 1.925151380400798, 50.765552550784172 ], [ 1.925141299470973, 50.765553474364062 ], [ 1.925107017148529, 50.76556418214286 ], [ 1.924789918805208, 50.765626510820333 ], [ 1.924681502437374, 50.765625574462113 ], [ 1.924598509403766, 50.765633177639465 ], [ 1.924266560791443, 50.765630309895258 ], [ 1.92426447829623, 50.765630082229237 ], [ 1.924175708379322, 50.765610938158311 ], [ 1.924059039337898, 50.765598183319895 ], [ 1.923744735910945, 50.76553039983942 ], [ 1.923478844647593, 50.765404336519111 ], [ 1.923474982851347, 50.765401819650727 ], [ 1.923372547287389, 50.765353252969021 ], [ 1.923301435540276, 50.765306906706336 ], [ 1.923109985065969, 50.765134903555847 ], [ 1.923093512695275, 50.765113690073392 ], [ 1.92291471723802, 50.764953054939781 ], [ 1.922890119267971, 50.764921376802079 ], [ 1.92280603373207, 50.764845831306552 ], [ 1.922724915295781, 50.764741363329534 ], [ 1.922639059767303, 50.764664226964413 ], [ 1.922627494922195, 50.764649333129121 ], [ 1.922548181311215, 50.764597639629976 ], [ 1.922540287896276, 50.764596776561298 ], [ 1.922534747102062, 50.764597284081589 ], [ 1.922510014264056, 50.764627057911923 ], [ 1.922490007082319, 50.764700657312204 ], [ 1.92248125002715, 50.764760732607698 ], [ 1.922466905267341, 50.764813501701596 ], [ 1.922489309166189, 50.764911883078518 ], [ 1.922545018401627, 50.765031403196872 ], [ 1.922526010419257, 50.765259007478228 ], [ 1.922388294931267, 50.765469532527106 ], [ 1.922147669135021, 50.765638827211042 ], [ 1.921831736741345, 50.765747470089693 ], [ 1.921618145992653, 50.765768846120018 ], [ 1.921619763800149, 50.765775950743198 ], [ 1.921421289531154, 50.765794128277506 ], [ 1.92108934003277, 50.76579125206306 ], [ 1.921029107326528, 50.765784665627336 ], [ 1.921004360644282, 50.765786931983442 ], [ 1.920951029356506, 50.765803526760088 ], [ 1.920928644951963, 50.765817340093086 ], [ 1.920899966010455, 50.765835037744026 ], [ 1.920782482837119, 50.765907535898613 ] ] ], [ [ [ 1.935834693245409, 50.73637496618619 ], [ 1.935921027755574, 50.736431250790254 ], [ 1.935971240072941, 50.736436738775069 ], [ 1.936023819106962, 50.736431913971408 ], [ 1.936064548132966, 50.736419180217965 ], [ 1.936255634029222, 50.736333549783105 ], [ 1.936293029249924, 50.736321858218922 ], [ 1.936299772230427, 50.736319768815214 ], [ 1.936450430923191, 50.736273503232233 ], [ 1.936547353769944, 50.736213630910783 ], [ 1.936623871185705, 50.736148655027222 ], [ 1.936642920959756, 50.736136887311055 ], [ 1.936671577344269, 50.736119185237136 ], [ 1.936788967685164, 50.736046668819178 ], [ 1.936835432440909, 50.735990674788944 ], [ 1.937034045189387, 50.735822017316515 ], [ 1.937305062587921, 50.73570056264996 ], [ 1.937621955983454, 50.735638199272735 ], [ 1.937622230345405, 50.735638174092394 ], [ 1.937673907365346, 50.73560625020022 ], [ 1.937730902054018, 50.735537564157532 ], [ 1.937737751955192, 50.735512320913131 ], [ 1.937732196977722, 50.735487945458495 ], [ 1.937661055433819, 50.735396312122063 ], [ 1.937562784794966, 50.735195209181654 ], [ 1.937567248699668, 50.734984677384958 ], [ 1.93759506483593, 50.734882169293293 ], [ 1.937701824747336, 50.734682816894825 ], [ 1.937711956181293, 50.73467060695755 ], [ 1.937712943518954, 50.734668763296128 ], [ 1.937737872950856, 50.734638719461842 ], [ 1.9377759771694, 50.73460636062336 ], [ 1.937881556810496, 50.734479120063597 ], [ 1.937968785169661, 50.734405043439857 ], [ 1.938067470754987, 50.7342861101382 ], [ 1.93809683894762, 50.734231269412511 ], [ 1.938138345437843, 50.734181246567218 ], [ 1.938174072336137, 50.734114531541699 ], [ 1.938180176685936, 50.734092034361183 ], [ 1.938286932585723, 50.733892681223686 ], [ 1.938287722662153, 50.733891729026993 ], [ 1.938331336062692, 50.733854690548412 ], [ 1.938344298861542, 50.733839067799614 ], [ 1.938389748872008, 50.733800469485715 ], [ 1.938401987929392, 50.733785718945896 ], [ 1.938600586666415, 50.733617058411575 ], [ 1.938622399827647, 50.733603582245941 ], [ 1.93864924370112, 50.73357122956719 ], [ 1.938653663748935, 50.733554938997067 ], [ 1.938650086942304, 50.733539244460594 ], [ 1.938626193770823, 50.733508356562318 ], [ 1.938551820635547, 50.733500229022106 ], [ 1.938549071609506, 50.733500205568525 ], [ 1.938344657602924, 50.733518968472644 ], [ 1.938333448215318, 50.733522473514569 ], [ 1.938292124613175, 50.733572276949538 ], [ 1.938252184819436, 50.733606195807752 ], [ 1.938237774635137, 50.733623562980618 ], [ 1.938052300932042, 50.733781075557907 ], [ 1.937954212959557, 50.733899289860496 ], [ 1.937896463904834, 50.734007127623315 ], [ 1.937872972278592, 50.734035439201548 ], [ 1.937845171556164, 50.734137894508287 ], [ 1.937826786921274, 50.734135885337238 ], [ 1.937801953189147, 50.73419784722914 ], [ 1.937810946178893, 50.734198830031971 ], [ 1.937802578057435, 50.734229669255996 ], [ 1.9377494008071, 50.734328968543167 ], [ 1.937737985062795, 50.734357451406055 ], [ 1.93772716285797, 50.734370493926377 ], [ 1.937695819512257, 50.734429021877276 ], [ 1.937592620779961, 50.734553392489019 ], [ 1.937552679730791, 50.734587311072474 ], [ 1.937433911855773, 50.734730443757329 ], [ 1.937406517347479, 50.734781596967885 ], [ 1.937385138714344, 50.73480736119992 ], [ 1.937384151361896, 50.734809204858358 ], [ 1.937359221633215, 50.734839248613902 ], [ 1.937273828390317, 50.734911764968153 ], [ 1.937231145443876, 50.734963203482089 ], [ 1.937224558978287, 50.734987475269591 ], [ 1.937251920308992, 50.735107544338874 ], [ 1.937247455068542, 50.735318076085207 ], [ 1.93714069199613, 50.735517427902629 ], [ 1.936942080813863, 50.735686085622852 ], [ 1.936671062613873, 50.735807539501444 ], [ 1.936354166964074, 50.735869900440981 ], [ 1.936310592618676, 50.735873899116477 ], [ 1.936294448940975, 50.735877075949738 ], [ 1.93596269678252, 50.735874239260312 ], [ 1.935940814769446, 50.735871847625006 ], [ 1.935932891899272, 50.735872574655225 ], [ 1.935854208922151, 50.735921179245977 ], [ 1.935825552354494, 50.735938881141358 ], [ 1.935798008854814, 50.735955895448001 ], [ 1.935693596274133, 50.736002685250483 ], [ 1.935682650405853, 50.736009446756604 ], [ 1.935625337046679, 50.736044850445758 ], [ 1.935596680334086, 50.736062552281282 ], [ 1.935480846267649, 50.736134105146263 ], [ 1.935479487484123, 50.736139111612729 ], [ 1.935480633086933, 50.73614413950623 ], [ 1.935593385669966, 50.73621764799735 ], [ 1.935593385670329, 50.73621764799752 ], [ 1.935621280138543, 50.736235833608376 ], [ 1.9356212801389, 50.736235833608553 ], [ 1.935622755718595, 50.736236795602252 ], [ 1.935745966777523, 50.736295229960106 ], [ 1.935834693245409, 50.73637496618619 ] ] ], [ [ [ 1.984299425576605, 50.73878388339071 ], [ 1.984273230372309, 50.738750072775005 ], [ 1.984159429567215, 50.73867597638047 ], [ 1.984159429566852, 50.738675976380286 ], [ 1.984131516129283, 50.738657801721118 ], [ 1.984131516128937, 50.738657801720962 ], [ 1.984110266931728, 50.738643966187844 ], [ 1.984001993232035, 50.738607837345441 ], [ 1.983921251679183, 50.738599045137164 ], [ 1.983890225146521, 50.738598791771118 ], [ 1.983818032298817, 50.738605444434299 ], [ 1.983817565178757, 50.738607171777559 ], [ 1.983819436132796, 50.738615347362718 ], [ 1.983825353604586, 50.738623149601594 ], [ 1.98384938031563, 50.738673076345677 ], [ 1.983854314831773, 50.738679422412105 ], [ 1.983854989737912, 50.738680291956918 ], [ 1.983967746620416, 50.738825831057959 ], [ 1.984011054041686, 50.738864697870028 ], [ 1.984062984932856, 50.738898510419546 ], [ 1.984196144576376, 50.73894294283923 ], [ 1.984221185693914, 50.738948332823291 ], [ 1.984231774675081, 50.73895334805335 ], [ 1.984266946732786, 50.738923445328375 ], [ 1.984297419092569, 50.738886672182254 ], [ 1.984311011522524, 50.738836407735697 ], [ 1.984311046889041, 50.738834663102885 ], [ 1.984299425576605, 50.73878388339071 ] ] ], [ [ [ 1.994268278917893, 50.739507039225089 ], [ 1.994275100876826, 50.739481793026073 ], [ 1.994273484636953, 50.739474737176941 ], [ 1.99427771064182, 50.73926420476073 ], [ 1.994384254347797, 50.739064805098046 ], [ 1.994402529946574, 50.739042743856913 ], [ 1.994447941482972, 50.739004125378813 ], [ 1.994535021990097, 50.738899006301743 ], [ 1.994548866678046, 50.738847769172843 ], [ 1.994548901688106, 50.738846024537168 ], [ 1.994538408095127, 50.738800214210869 ], [ 1.994535685941784, 50.73879991802621 ], [ 1.994525213825829, 50.738800883958405 ], [ 1.994414374204494, 50.738835349896448 ], [ 1.994306126720322, 50.73890231213548 ], [ 1.994173511887685, 50.739062396546828 ], [ 1.993975078676454, 50.739231144355919 ], [ 1.993960490583568, 50.739240168435906 ], [ 1.993931852661297, 50.73925788361548 ], [ 1.993903214719791, 50.73927559878733 ], [ 1.993787456518472, 50.73934720556538 ], [ 1.99378610347398, 50.73935221264292 ], [ 1.993787567760889, 50.739358605421018 ], [ 1.993803778594103, 50.739379446543452 ], [ 1.99390228313901, 50.739580503743532 ], [ 1.993898885480433, 50.739749705175633 ], [ 1.994117133670585, 50.739651757478448 ], [ 1.994153797629579, 50.739629077541316 ], [ 1.994199083351146, 50.739590566795513 ], [ 1.994268278917893, 50.739507039225089 ] ] ], [ [ [ 1.980568321796564, 50.771712018969552 ], [ 1.980544234195953, 50.771681059663521 ], [ 1.980409217627322, 50.771559961128681 ], [ 1.980300380416022, 50.771489139559954 ], [ 1.980108710556815, 50.771317225716267 ], [ 1.980010198964121, 50.771116167276077 ], [ 1.97999615035069, 50.771054800428217 ], [ 1.979999108704674, 50.77105452809564 ], [ 1.979990877873761, 50.771004951203309 ], [ 1.979950442233315, 50.770828319964949 ], [ 1.979886994856095, 50.770746472180981 ], [ 1.97969926677233, 50.77057808927912 ], [ 1.979641342900943, 50.7704598650161 ], [ 1.979632090885575, 50.770447672837051 ], [ 1.979608053133129, 50.770397747683774 ], [ 1.979557924844927, 50.770333314963779 ], [ 1.979484059166805, 50.770285247484857 ], [ 1.979292396718514, 50.770113332069798 ], [ 1.979252165555241, 50.770061619861586 ], [ 1.979173859240661, 50.770010661978453 ], [ 1.978982198908381, 50.769838746014102 ], [ 1.978883694747607, 50.76963768623051 ], [ 1.978864763774201, 50.769554981400255 ], [ 1.978751872624035, 50.769481515842791 ], [ 1.978751872623672, 50.769481515842607 ], [ 1.978723943976773, 50.769463340819215 ], [ 1.978723943976427, 50.769463340819044 ], [ 1.978723808128361, 50.769463252413665 ], [ 1.978595479996849, 50.769402403481607 ], [ 1.978403514621107, 50.769229341095659 ], [ 1.978305781361451, 50.769027032646029 ], [ 1.978260838061292, 50.768823911019354 ], [ 1.978252627985373, 50.768807152349424 ], [ 1.978256923820079, 50.768596629842662 ], [ 1.978345090512332, 50.768431837307567 ], [ 1.978363629719709, 50.768363354246823 ], [ 1.97836366531428, 50.768361609693798 ], [ 1.97833479088072, 50.768235454879779 ], [ 1.978306971588473, 50.768178668669698 ], [ 1.978301422515836, 50.768154424141436 ], [ 1.978298788543867, 50.76814904752721 ], [ 1.978292403377603, 50.768121149970746 ], [ 1.978291082754182, 50.768119452346994 ], [ 1.978256511929454, 50.768070117742965 ], [ 1.978254300271534, 50.768066586236941 ], [ 1.978190373103703, 50.76791485998298 ], [ 1.978166910289678, 50.767812346471011 ], [ 1.978164276350146, 50.767806969851158 ], [ 1.978140813640098, 50.767704456317439 ], [ 1.978138179709042, 50.76769907969615 ], [ 1.978117420199846, 50.767608376618917 ], [ 1.978103757424865, 50.767580486810978 ], [ 1.978083218157356, 50.767490745518302 ], [ 1.978072303342293, 50.767385376845908 ], [ 1.978073304827189, 50.767336305209419 ], [ 1.978056829374315, 50.767264319211947 ], [ 1.977978427500566, 50.767104275475369 ], [ 1.977982724341935, 50.766893752432992 ], [ 1.978004700249296, 50.766812573874518 ], [ 1.978013391051795, 50.766752494875981 ], [ 1.978020406754317, 50.766726578903466 ], [ 1.978016633539744, 50.766710092368008 ], [ 1.977934613510014, 50.766604269697453 ], [ 1.977793707158808, 50.766512564813951 ], [ 1.977793707158458, 50.76651256481378 ], [ 1.977765780515228, 50.766494389493488 ], [ 1.977765780514851, 50.766494389493317 ], [ 1.977737853892797, 50.766476214166829 ], [ 1.977737853889988, 50.766476214165515 ], [ 1.977709240347694, 50.766457591753884 ], [ 1.977517598642281, 50.766285672606436 ], [ 1.977432740980191, 50.766112442637208 ], [ 1.97742060912934, 50.766090725291122 ], [ 1.977419843912606, 50.766086114215739 ], [ 1.977419107350967, 50.766084610578048 ], [ 1.977409952370639, 50.766044606452226 ], [ 1.977412910442706, 50.766044334179028 ], [ 1.977408701934709, 50.766018974313454 ], [ 1.977405813351462, 50.766019240190666 ], [ 1.977376971975664, 50.765893212711596 ], [ 1.977381271241589, 50.765682689302452 ], [ 1.977487938425787, 50.765483312092996 ], [ 1.977686531207834, 50.765314597290512 ], [ 1.977781967147593, 50.765255618650414 ], [ 1.977799901683804, 50.765240382206258 ], [ 1.977835160137438, 50.765197865834381 ], [ 1.97803375061753, 50.765029150404978 ], [ 1.978050575120203, 50.765018752858737 ], [ 1.978079233659171, 50.765001041948537 ], [ 1.97810788999473, 50.7649833322033 ], [ 1.978116385973074, 50.764978081672673 ], [ 1.978134323739877, 50.764966996093335 ], [ 1.978343190223782, 50.764873349226143 ], [ 1.978367848266648, 50.764858110377581 ], [ 1.978394683189125, 50.764825750705924 ], [ 1.978406363656752, 50.764782600037975 ], [ 1.978390278494144, 50.764712317517713 ], [ 1.978385396548737, 50.764705919518363 ], [ 1.978290439752521, 50.764509441813182 ], [ 1.978290419487422, 50.764509353260252 ], [ 1.97829471685344, 50.764298832328507 ], [ 1.978401376585448, 50.764099456829271 ], [ 1.978438714979034, 50.764054430398652 ], [ 1.978455882509419, 50.763991007837006 ], [ 1.97856254181061, 50.763791629185981 ], [ 1.978618895539759, 50.763743750840938 ], [ 1.978672995412391, 50.763678510787088 ], [ 1.978694318979098, 50.763599732393942 ], [ 1.978709113825585, 50.76357207592774 ], [ 1.97873774999878, 50.76346628104033 ], [ 1.978710734874235, 50.763348241239875 ], [ 1.978708234676025, 50.763343137258595 ], [ 1.978653381686127, 50.763272618887989 ], [ 1.978607586930791, 50.763231535409325 ], [ 1.978509097269817, 50.763030473310089 ], [ 1.978488111746317, 50.762938776553625 ], [ 1.978492406087752, 50.762728252161168 ], [ 1.978599062555807, 50.762528873104898 ], [ 1.978731990048563, 50.762415934030763 ], [ 1.978811970989198, 50.762319480312627 ], [ 1.978842206719951, 50.762262957761898 ], [ 1.979040782450324, 50.762094239723069 ], [ 1.979200255697649, 50.762022732685722 ], [ 1.979320823368251, 50.761948214719283 ], [ 1.979338756082587, 50.761932978117748 ], [ 1.979359901089947, 50.761907477412578 ], [ 1.97936647067407, 50.761883204449433 ], [ 1.979337115699225, 50.761754944019927 ], [ 1.979341406367606, 50.761544418804689 ], [ 1.979375978483532, 50.761416682334385 ], [ 1.979370400358981, 50.76139230971139 ], [ 1.979329922197221, 50.761340270379016 ], [ 1.979230964062286, 50.761137134868342 ], [ 1.9791844449018, 50.760929324402461 ], [ 1.979181846832295, 50.760924020434551 ], [ 1.97917546213032, 50.76089612277346 ], [ 1.979174141365342, 50.760894424750042 ], [ 1.979172858852049, 50.760892770195689 ], [ 1.979095752891321, 50.760792951402486 ], [ 1.97899834091612, 50.760592631105474 ], [ 1.979002840848608, 50.760383018345834 ], [ 1.979007803081822, 50.760364684040873 ], [ 1.979008570257609, 50.760327053173491 ], [ 1.978973526694173, 50.760173927094314 ], [ 1.978970893108612, 50.76016855048357 ], [ 1.978970673161041, 50.760167589400567 ], [ 1.978918233477702, 50.760099924110648 ], [ 1.978788474209106, 50.760056638987713 ], [ 1.978760978875282, 50.760050722095428 ], [ 1.978494978099967, 50.759924775194733 ], [ 1.97830335859305, 50.75975285544019 ], [ 1.978292297235801, 50.759738633819396 ], [ 1.978290859164105, 50.759736777702493 ], [ 1.978222163514126, 50.759647766863914 ], [ 1.978124810531304, 50.759447194849386 ], [ 1.978129600599931, 50.759237354668926 ], [ 1.978148690686188, 50.759201726456958 ], [ 1.978150737553365, 50.759194164037531 ], [ 1.978210980812005, 50.759081541121205 ], [ 1.978223576976633, 50.759035002559308 ], [ 1.978235518781676, 50.759012677622707 ], [ 1.978239630774513, 50.758997485161153 ], [ 1.97826975221947, 50.758941173670728 ], [ 1.978283082859236, 50.758891921100805 ], [ 1.978389731991016, 50.7586925410628 ], [ 1.978397766738918, 50.758682850838511 ], [ 1.978398753052191, 50.758681006921478 ], [ 1.978426787262113, 50.758647196516741 ], [ 1.978427773573619, 50.75864535259938 ], [ 1.978455807744048, 50.758611542186216 ], [ 1.978456794053771, 50.75860969826855 ], [ 1.978484828184599, 50.75857588784708 ], [ 1.978485814492564, 50.758574043929052 ], [ 1.97851384858387, 50.758540233499204 ], [ 1.978514834890059, 50.758538389580856 ], [ 1.978523522147926, 50.758527912328518 ], [ 1.978550887648478, 50.758476751910884 ], [ 1.978561595685885, 50.75846383746871 ], [ 1.978569920648166, 50.75844827373087 ], [ 1.978575483944713, 50.758427718405727 ], [ 1.978682130924073, 50.758228337976796 ], [ 1.978685611674319, 50.758224139975049 ], [ 1.978711880769717, 50.758127079175722 ], [ 1.978687993411938, 50.758022693645287 ], [ 1.978600685957951, 50.757841571560718 ], [ 1.978582361356126, 50.757761493512454 ], [ 1.978540890838733, 50.757708172907215 ], [ 1.978492797650486, 50.757676867380802 ], [ 1.978301186852497, 50.757504947147048 ], [ 1.978290088581466, 50.757490677381362 ], [ 1.978244875050447, 50.757450109897306 ], [ 1.978146398214016, 50.757249045746661 ], [ 1.978148899681129, 50.757126440889913 ], [ 1.978140169447755, 50.757126369222121 ], [ 1.978140187244939, 50.757125496930747 ], [ 1.978106278587974, 50.756977308384066 ], [ 1.978110574023196, 50.756766782099852 ], [ 1.978119918219311, 50.756732257015308 ], [ 1.97812367047271, 50.756548349636333 ], [ 1.978245522814722, 50.756243812994491 ], [ 1.978316611932832, 50.756158072418351 ], [ 1.978323707129336, 50.756131856224947 ], [ 1.978300811131449, 50.756031795105294 ], [ 1.978296029993862, 50.75602203303027 ], [ 1.978285346637567, 50.75600794966693 ], [ 1.978261317157309, 50.755958023158662 ], [ 1.978256381647588, 50.755951677036435 ], [ 1.97825284607402, 50.755947087136441 ], [ 1.978226571629866, 50.755912646687548 ], [ 1.978124653135859, 50.755780918478926 ], [ 1.978096929020083, 50.755724105421528 ], [ 1.978021567256851, 50.755627203398781 ], [ 1.977893565779411, 50.755512349437353 ], [ 1.977882556362906, 50.755498193127615 ], [ 1.977832870898278, 50.755396742621976 ], [ 1.977763909876947, 50.755307746634394 ], [ 1.977587568430172, 50.755149515527151 ], [ 1.977539402734753, 50.755087581161149 ], [ 1.977442105244589, 50.755000275383182 ], [ 1.977384815297848, 50.754883294035402 ], [ 1.977318742423303, 50.754798332453831 ], [ 1.977314076792404, 50.754792256299751 ], [ 1.977231193065729, 50.754682923495807 ], [ 1.977225874650246, 50.754675801423062 ], [ 1.977197874854558, 50.754637731303553 ], [ 1.977197021885227, 50.754636568666818 ], [ 1.977188475293758, 50.754624890187877 ], [ 1.977100845155994, 50.754438185224714 ], [ 1.977100579897934, 50.754437025815932 ], [ 1.977049483953571, 50.754370857882478 ], [ 1.976993251929128, 50.754255466471619 ], [ 1.976924688046727, 50.754115459557987 ], [ 1.976921197972075, 50.754100204541864 ], [ 1.976910172630113, 50.754077690789238 ], [ 1.976906699209824, 50.75406250853694 ], [ 1.976895215261825, 50.754038471035329 ], [ 1.976877717140039, 50.754015532618801 ], [ 1.976851030907739, 50.753980549393887 ], [ 1.976797021862462, 50.753910420345079 ], [ 1.976791959809177, 50.753903754758682 ], [ 1.976765326917303, 50.753868186439945 ], [ 1.976745264734364, 50.753841736869617 ], [ 1.976721237828327, 50.753791809900093 ], [ 1.976716302727159, 50.753785463695955 ], [ 1.976712767447556, 50.753780873737071 ], [ 1.97668608145565, 50.7537458904646 ], [ 1.976632250034141, 50.7536759913325 ], [ 1.976495335111879, 50.753498551170253 ], [ 1.976481067190959, 50.75347929491204 ], [ 1.976459873779671, 50.753449476235609 ], [ 1.976396198829791, 50.753367295026678 ], [ 1.976368013708554, 50.753357890953538 ], [ 1.976102037349356, 50.753231926431162 ], [ 1.975910447118915, 50.753059984385402 ], [ 1.975883117338427, 50.75302483451496 ], [ 1.975882464348802, 50.75302399320239 ], [ 1.975750853341457, 50.752854126209272 ], [ 1.975712506427329, 50.752819713973999 ], [ 1.975662807372269, 50.752755800895152 ], [ 1.975635603768353, 50.752717904811625 ], [ 1.975626611576703, 50.752704275179759 ], [ 1.975573800440268, 50.752583337174798 ], [ 1.975572708828817, 50.752581933349099 ], [ 1.975496917753846, 50.752427153123328 ], [ 1.975413650324033, 50.752320069304218 ], [ 1.975397305209905, 50.752305401026788 ], [ 1.975298849917333, 50.752104333055271 ], [ 1.975303156733641, 50.75189380531274 ], [ 1.975326095986946, 50.751809058101109 ], [ 1.97532288963658, 50.751795040545211 ], [ 1.975308870973746, 50.75178591341357 ], [ 1.975117293636917, 50.75161398674372 ], [ 1.975018840827274, 50.751412918340087 ], [ 1.975016723447235, 50.7514036612247 ], [ 1.9750058185878, 50.751298289711023 ], [ 1.97500718992748, 50.751231273470268 ], [ 1.974974221223407, 50.751087134269156 ], [ 1.974963197419654, 50.751064620241308 ], [ 1.974945716682463, 50.750988193979182 ], [ 1.974943083973305, 50.750982817153897 ], [ 1.974933103024083, 50.750939180045407 ], [ 1.974935933941015, 50.750800844010008 ], [ 1.97493113197876, 50.750800804460738 ], [ 1.974932266094183, 50.750745384633831 ], [ 1.974950849091457, 50.750628410355816 ], [ 1.974983796339935, 50.750518487566623 ], [ 1.974999997895963, 50.750463766690565 ], [ 1.975020243059517, 50.750426865842066 ], [ 1.975026821042568, 50.750402563804201 ], [ 1.975047851575781, 50.750363245620299 ], [ 1.975095126508114, 50.750188589529635 ], [ 1.975098663631935, 50.750164138791376 ], [ 1.975112948750724, 50.750111362472417 ], [ 1.975085570488878, 50.749991662999577 ], [ 1.975059311090806, 50.749938032129613 ], [ 1.975063618727585, 50.749727503704563 ], [ 1.975170261162573, 50.749528123654812 ], [ 1.975190398430835, 50.749503834925761 ], [ 1.975191384681447, 50.749501991008472 ], [ 1.97520951745008, 50.749480119997621 ], [ 1.975224000777154, 50.749453041579279 ], [ 1.975422537634637, 50.74928432628522 ], [ 1.975693534761936, 50.749162790492456 ], [ 1.975736578122737, 50.749154307677969 ], [ 1.97586307421369, 50.749114719789212 ], [ 1.975888761308531, 50.749098840601683 ], [ 1.975900943190332, 50.749084146869698 ], [ 1.975989976836215, 50.749008484905239 ], [ 1.976045292908497, 50.748941762484819 ], [ 1.976243824973766, 50.748773045750049 ], [ 1.976371943124068, 50.748693844473017 ], [ 1.976485938556201, 50.748596967582522 ], [ 1.976756929385354, 50.74847542934792 ], [ 1.976866909683721, 50.74844100858693 ], [ 1.976889831788746, 50.748426838089642 ], [ 1.976918480977005, 50.748409127078865 ], [ 1.976947130145029, 50.74839141606099 ], [ 1.977033077526339, 50.748338282965612 ], [ 1.977061726617457, 50.74832057191707 ], [ 1.977090375681409, 50.748302860865572 ], [ 1.977256629839048, 50.74820008099676 ], [ 1.977374483424351, 50.74809992191522 ], [ 1.977430954349106, 50.748074594169765 ], [ 1.977521682184842, 50.748018504699431 ], [ 1.977530305716053, 50.747986637778453 ], [ 1.977522461517025, 50.74795234833276 ], [ 1.977518988766193, 50.747947833030359 ], [ 1.977422119943857, 50.747747458031675 ], [ 1.977427112494251, 50.747537893786607 ], [ 1.97753348091831, 50.747339467509718 ], [ 1.977578352513707, 50.747285338758033 ], [ 1.977620112551658, 50.747249847621788 ], [ 1.977633789781931, 50.747233348673248 ], [ 1.977726489446245, 50.747154564533837 ], [ 1.977788334661269, 50.747079959674807 ], [ 1.977788821897463, 50.747078159097455 ], [ 1.977839963605259, 50.746982527841979 ], [ 1.977882481490971, 50.74682540188855 ], [ 1.977900872386538, 50.746827405102337 ], [ 1.977925662782179, 50.746765436397929 ], [ 1.977916666750881, 50.746764456513219 ], [ 1.977931254679297, 50.746710545994453 ], [ 1.977991483419684, 50.746597921053599 ], [ 1.978003813763656, 50.746552353152644 ], [ 1.978004563903637, 50.74654961485971 ], [ 1.978047959593902, 50.746393119950433 ], [ 1.9780486987516, 50.746356886588991 ], [ 1.978016854297849, 50.746217685780195 ], [ 1.97802114918633, 50.746007156067201 ], [ 1.978030839943387, 50.745971342470639 ], [ 1.978033287444107, 50.745851367204914 ], [ 1.97803340771754, 50.745850922715462 ], [ 1.978054433980369, 50.745811603752955 ], [ 1.978099358914447, 50.745645575579957 ], [ 1.97820598057916, 50.745446191697333 ], [ 1.978224881081261, 50.745423390578544 ], [ 1.97822902643044, 50.745408070417653 ], [ 1.978219126994259, 50.745364797177501 ], [ 1.978146705835184, 50.745216893530824 ], [ 1.978151000178261, 50.745006363383347 ], [ 1.978189888919802, 50.744933640084597 ], [ 1.978212090892344, 50.74485158641194 ], [ 1.978196151093679, 50.744781908015753 ], [ 1.978194786758789, 50.744780122209548 ], [ 1.978179907021102, 50.744760296762685 ], [ 1.978087871378116, 50.744567626474748 ], [ 1.978079058512397, 50.744529101594267 ], [ 1.978065402131753, 50.744501210972793 ], [ 1.978047180855437, 50.744421557837825 ], [ 1.978010412772469, 50.744373962968552 ], [ 1.9779129926563, 50.744173710872893 ], [ 1.977917386478775, 50.743964154447525 ], [ 1.977917410192122, 50.743964066611852 ], [ 1.977956634927189, 50.743890669030137 ], [ 1.977988250879796, 50.743773822744288 ], [ 1.977989018569862, 50.743736190813095 ], [ 1.977977208711002, 50.743684563599487 ], [ 1.97789277325126, 50.743575402575665 ], [ 1.977865056079229, 50.74351858825225 ], [ 1.977816411201299, 50.743456022624493 ], [ 1.977796784932775, 50.743453884681244 ], [ 1.977769723135957, 50.74345637685105 ], [ 1.977754162990632, 50.743460924996342 ], [ 1.977606925287759, 50.743488591022697 ], [ 1.977577033580744, 50.743497769145058 ], [ 1.977506532542409, 50.74351950069817 ], [ 1.977190639828072, 50.7435806037711 ], [ 1.976860440400851, 50.743577095370242 ], [ 1.976547949180632, 50.743509315656226 ], [ 1.976283463973496, 50.743383836268734 ], [ 1.976135446165322, 50.743287450919091 ], [ 1.976033005012014, 50.743238926059654 ], [ 1.976006176163596, 50.743221455699889 ], [ 1.975986536364999, 50.743208666680573 ], [ 1.975978263166348, 50.743203279346531 ], [ 1.975958623521174, 50.74319049041307 ], [ 1.975958640615729, 50.743190501544433 ], [ 1.975810785468609, 50.743094220993534 ], [ 1.975754959777887, 50.743057868185389 ], [ 1.97573532010729, 50.743045079123092 ], [ 1.975707407306598, 50.743026902704159 ], [ 1.975679494526108, 50.743008726278418 ], [ 1.975520707243411, 50.742905325764603 ], [ 1.975355611106512, 50.742827120175427 ], [ 1.97516406780768, 50.742655191225644 ], [ 1.975154414501301, 50.742635472779078 ], [ 1.975134379916953, 50.742609702193889 ], [ 1.975133705109235, 50.74260883260694 ], [ 1.975061127287223, 50.742515135217324 ], [ 1.975016849807053, 50.742486301521893 ], [ 1.974825309031203, 50.74231437198263 ], [ 1.974807969727235, 50.742292067963675 ], [ 1.974782711959595, 50.742240473605442 ], [ 1.974774458401045, 50.742229856799867 ], [ 1.974773783604689, 50.742228987210467 ], [ 1.974633049932145, 50.742047297217667 ], [ 1.974618482631712, 50.742034221211007 ], [ 1.97458114730457, 50.741957954761695 ], [ 1.97444125847633, 50.74177735332043 ], [ 1.974424996589927, 50.741762756046747 ], [ 1.974326565916074, 50.741561684097782 ], [ 1.974330875911577, 50.741351153029726 ], [ 1.974363268850337, 50.741231461595227 ], [ 1.974368079827037, 50.740996448819708 ], [ 1.974335119696112, 50.740852307216933 ], [ 1.974324098431373, 50.740829792783771 ], [ 1.974311752919983, 50.740775802956236 ], [ 1.974295779287747, 50.740755254623245 ], [ 1.974287015421173, 50.740743704876742 ], [ 1.974265582075088, 50.740714756022079 ], [ 1.974219729240608, 50.740617837353646 ], [ 1.974213660125565, 50.740610030052991 ], [ 1.974210126004866, 50.740605439931493 ], [ 1.974184003150594, 50.740571182429818 ], [ 1.974112868742716, 50.740479341672277 ], [ 1.973999079036352, 50.74040523618001 ], [ 1.973999079035994, 50.740405236179832 ], [ 1.973980524964777, 50.740393152818321 ], [ 1.973906737230706, 50.740326915329248 ], [ 1.973837562010057, 50.740281864656417 ], [ 1.973814405682027, 50.740274135680828 ], [ 1.973695168470341, 50.740217647632718 ], [ 1.973532746274415, 50.740163434904112 ], [ 1.973415968586953, 50.740108111502984 ], [ 1.973281603985294, 50.740063263276348 ], [ 1.973155921108717, 50.740049566519183 ], [ 1.973112336081783, 50.740040180940881 ], [ 1.9730109236748, 50.740029129011091 ], [ 1.972975741043722, 50.740021552752999 ], [ 1.972667256314135, 50.739987933435422 ], [ 1.972671535441249, 50.739972123691956 ], [ 1.972601035175236, 50.7399607659979 ], [ 1.972599490331062, 50.739966473580296 ], [ 1.972409798367997, 50.739945800030554 ], [ 1.972247956352466, 50.739960698241291 ], [ 1.972193374245074, 50.739971455508957 ], [ 1.971861592979018, 50.73996871455126 ], [ 1.971807470720637, 50.739957059239863 ], [ 1.971587235122704, 50.739933055420089 ], [ 1.971516870436609, 50.739917902086667 ], [ 1.971511464718564, 50.739917312900516 ], [ 1.971422722320443, 50.739898201774068 ], [ 1.971386051273047, 50.739894204846607 ], [ 1.971071845114666, 50.739826538214061 ], [ 1.971043587951961, 50.739817105818567 ], [ 1.971041350566569, 50.739816623976807 ], [ 1.97077547680638, 50.739690656775274 ], [ 1.970689696580913, 50.73961364609854 ], [ 1.97052790192187, 50.739508266206272 ], [ 1.97042547370296, 50.739459736340407 ], [ 1.970320501380743, 50.73939136529328 ], [ 1.970292103787637, 50.73938188571384 ], [ 1.970045660521534, 50.739328809407333 ], [ 1.969779791852352, 50.739202839985516 ], [ 1.969760987309097, 50.73919059187827 ], [ 1.969742504419936, 50.739181827000046 ], [ 1.969550831162468, 50.739009287137293 ], [ 1.969473017741692, 50.738908749616513 ], [ 1.96929512213477, 50.738749032157884 ], [ 1.969283549404753, 50.738734142074676 ], [ 1.969259611457922, 50.738718550033859 ], [ 1.969236456558544, 50.738710820188118 ], [ 1.969180530522112, 50.738684321437788 ], [ 1.969097262142687, 50.738656523670791 ], [ 1.968912273269014, 50.738568872022242 ], [ 1.968786630462506, 50.738526927772298 ], [ 1.968520769213564, 50.738400955508006 ], [ 1.968506553130773, 50.738391695583935 ], [ 1.968358998222568, 50.738259213661223 ], [ 1.968340930731265, 50.738247444961786 ], [ 1.968149429066222, 50.7380755040464 ], [ 1.968130198207384, 50.738050759343345 ], [ 1.967958439108868, 50.737896542955276 ], [ 1.967934772412136, 50.737866090270572 ], [ 1.967934097793202, 50.737865220638277 ], [ 1.967828065773355, 50.737728288530263 ], [ 1.967767436266067, 50.737673850772026 ], [ 1.967671447298159, 50.737611324206981 ], [ 1.967533758477969, 50.737565355840452 ], [ 1.967267905480463, 50.737439380716253 ], [ 1.967249913284433, 50.737427660531978 ], [ 1.967198921340584, 50.737410636258552 ], [ 1.9671309218222, 50.737403221931629 ], [ 1.967066329078507, 50.737409165507394 ], [ 1.967015113722424, 50.737440826548927 ], [ 1.967004061072004, 50.73748164654873 ], [ 1.967013991398988, 50.73752510558991 ], [ 1.967067529604327, 50.737594248229584 ], [ 1.967112695971575, 50.737623669786373 ], [ 1.967278340464796, 50.737764432394108 ], [ 1.967380930234638, 50.737927604165044 ], [ 1.967413473423579, 50.738102065361382 ], [ 1.967412301849153, 50.738158914178555 ], [ 1.967440002877597, 50.738280138469719 ], [ 1.967435664193311, 50.738490670275347 ], [ 1.96743358870027, 50.738498335629401 ], [ 1.967433552746351, 50.738500080258255 ], [ 1.967443987070739, 50.738545742242202 ], [ 1.967439648380212, 50.738756273963432 ], [ 1.967332998110353, 50.738955650637138 ], [ 1.967134474940646, 50.739124355662121 ], [ 1.967113714146989, 50.739133666294592 ], [ 1.966931614953723, 50.739246234662353 ], [ 1.966855132114468, 50.739311228875266 ], [ 1.966806234037907, 50.739341455993113 ], [ 1.966802453923881, 50.739355416047367 ], [ 1.966805657094501, 50.739369434086541 ], [ 1.966827643966985, 50.739383755981159 ], [ 1.96683553417132, 50.739384616274748 ], [ 1.966964891865343, 50.739372713992047 ], [ 1.967054389260328, 50.739355079356258 ], [ 1.967064262566706, 50.739354170893755 ], [ 1.967126752043081, 50.739341857867629 ], [ 1.967153954368144, 50.739339354908971 ], [ 1.967485731208938, 50.739342108420892 ], [ 1.967799929486454, 50.739409784157836 ], [ 1.968065794276157, 50.739535757770383 ], [ 1.968212741169771, 50.73966769121381 ], [ 1.968289167615657, 50.739717472022896 ], [ 1.968362947026371, 50.739783712904249 ], [ 1.968458507685232, 50.739845956478668 ], [ 1.96852283665035, 50.739852969513478 ], [ 1.968731186288444, 50.739833796371627 ], [ 1.969062966489742, 50.739836545676241 ], [ 1.969163446626881, 50.739858186732128 ], [ 1.969273882291038, 50.73987022557219 ], [ 1.969588086295377, 50.739937896740123 ], [ 1.969635970745504, 50.739960584392385 ], [ 1.969754193708196, 50.740000049382594 ], [ 1.969833404002694, 50.74000868387202 ], [ 1.96989270927364, 50.740009174844289 ], [ 1.970083748072995, 50.739991592638532 ], [ 1.970357655122638, 50.739993859454231 ], [ 1.970412619365018, 50.739988800654629 ], [ 1.970744400684941, 50.739991545475526 ], [ 1.971058607436003, 50.740059212918005 ], [ 1.9713244838643, 50.740185179444509 ], [ 1.971447856013621, 50.740265531307649 ], [ 1.971498076059585, 50.740271004923677 ], [ 1.971611597772335, 50.740260555582942 ], [ 1.971943380957326, 50.740263297205964 ], [ 1.972257591031674, 50.740330961593223 ], [ 1.972523471916213, 50.74045692550623 ], [ 1.972602907852474, 50.740508660033733 ], [ 1.972803806848669, 50.740575716788591 ], [ 1.972806712767682, 50.740576342549183 ], [ 1.972860311804303, 50.740594232931031 ], [ 1.972862549241908, 50.740594714739537 ], [ 1.973128433045973, 50.740720677309646 ], [ 1.973214218914905, 50.740797686176322 ], [ 1.973272273562553, 50.740835494712776 ], [ 1.973419849049009, 50.740967970293646 ], [ 1.973523921550447, 50.741035747649612 ], [ 1.97371545297265, 50.741207679524258 ], [ 1.973813880498552, 50.741408752064153 ], [ 1.973833383871764, 50.741494047476095 ], [ 1.973890814528955, 50.741568446924624 ], [ 1.973917527756299, 50.741623286678539 ], [ 1.974025930395418, 50.741762733533548 ], [ 1.974069763737314, 50.741802080367378 ], [ 1.974081385984495, 50.741817030892598 ], [ 1.974125219417429, 50.741856377703677 ], [ 1.974139590645072, 50.741874864382673 ], [ 1.974176338670508, 50.74190785093419 ], [ 1.974235652950645, 50.741984150580663 ], [ 1.974334084089569, 50.742185222473111 ], [ 1.974334720600468, 50.742188005998322 ], [ 1.974382507373243, 50.742249476435923 ], [ 1.974486407079233, 50.74231713774676 ], [ 1.974560198511174, 50.742383374693276 ], [ 1.97456543919793, 50.742386787501857 ], [ 1.974756979358908, 50.742558717422312 ], [ 1.974825813039399, 50.742647259561785 ], [ 1.974855592163837, 50.74266665189473 ], [ 1.975110710063139, 50.742787502369545 ], [ 1.975302253584671, 50.742959431191267 ], [ 1.97533101989025, 50.742996432907077 ], [ 1.97535809928284, 50.743051746130675 ], [ 1.975449753660889, 50.743169639449917 ], [ 1.975539196328826, 50.743249921758213 ], [ 1.975550771814922, 50.743264810977166 ], [ 1.975568768149276, 50.743276529923136 ], [ 1.975716356721855, 50.743409002157556 ], [ 1.975737680699589, 50.743422887913397 ], [ 1.975761256913893, 50.743438240267935 ], [ 1.975952805273925, 50.743610168171926 ], [ 1.97604062339216, 50.743723123493488 ], [ 1.976109454981444, 50.743784903987759 ], [ 1.976126852232691, 50.743820438465342 ], [ 1.97614104225919, 50.743838690186074 ], [ 1.976145599106903, 50.743844624547982 ], [ 1.976166811863424, 50.743872597413841 ], [ 1.97619083364126, 50.7439225255143 ], [ 1.976312899126509, 50.744079528823171 ], [ 1.976318956098625, 50.744084965240717 ], [ 1.976417399749248, 50.744286034744079 ], [ 1.976424269800507, 50.744316071150202 ], [ 1.976490511481968, 50.744462146440384 ], [ 1.976520454587532, 50.744594147364602 ], [ 1.976521567328024, 50.744595578566347 ], [ 1.976522241924413, 50.744596447805733 ], [ 1.97665247578833, 50.744764562981139 ], [ 1.976694344011825, 50.744802140767455 ], [ 1.97673635104561, 50.744856169374707 ], [ 1.976756757639138, 50.744874154470438 ], [ 1.976857556152425, 50.745062707127346 ], [ 1.976866986973303, 50.745261720906946 ], [ 1.976784223511973, 50.74545377511425 ], [ 1.97661650957073, 50.745622058084663 ], [ 1.976378525569555, 50.745751838850971 ], [ 1.976091103648481, 50.745831756717948 ], [ 1.975932929107876, 50.745843458355608 ], [ 1.975933860495423, 50.74584753050533 ], [ 1.975766920697258, 50.745862900863351 ], [ 1.975435100220012, 50.745860169457814 ], [ 1.975120851176684, 50.745792513659467 ], [ 1.974854935445569, 50.745666556312429 ], [ 1.974663383066645, 50.745494627350972 ], [ 1.974628849178822, 50.745450208251469 ], [ 1.974592098257147, 50.745417222010325 ], [ 1.974574757982628, 50.745394918062885 ], [ 1.974549498890856, 50.745343323899448 ], [ 1.974541244870607, 50.745332707128306 ], [ 1.974540570036483, 50.745331837541691 ], [ 1.974463472854248, 50.745232309611396 ], [ 1.974401404602102, 50.745176598948568 ], [ 1.974214988474789, 50.74505520849187 ], [ 1.974214988474426, 50.745055208491692 ], [ 1.974187075090815, 50.745037031777535 ], [ 1.974187075089391, 50.74503703177686 ], [ 1.974075421755865, 50.744964324851537 ], [ 1.974075421754412, 50.744964324850848 ], [ 1.973963768744445, 50.744891617817011 ], [ 1.973963768744112, 50.744891617816847 ], [ 1.973935855542418, 50.744873441041598 ], [ 1.973935855542041, 50.744873441041413 ], [ 1.973907942360559, 50.744855264259385 ], [ 1.973907942360202, 50.744855264259222 ], [ 1.973880029198939, 50.744837087470394 ], [ 1.973880029198593, 50.744837087470223 ], [ 1.973869367325861, 50.744830144553447 ], [ 1.973847812701979, 50.744819934187298 ], [ 1.973836705975802, 50.744816227416329 ], [ 1.973570798655158, 50.744690267139561 ], [ 1.973543969896185, 50.744672796292576 ], [ 1.97354396989581, 50.744672796292392 ], [ 1.973516056968777, 50.744654619417261 ], [ 1.973516056967318, 50.744654619416565 ], [ 1.973421656546323, 50.74459314579218 ], [ 1.973319215129503, 50.744544618681729 ], [ 1.973245918368007, 50.744496887445123 ], [ 1.973172125560485, 50.744430649930784 ], [ 1.972985715187249, 50.744309257495843 ], [ 1.972985715186167, 50.744309257495331 ], [ 1.972919228540517, 50.74426596046311 ], [ 1.972816788280392, 50.744217432915569 ], [ 1.972734135276556, 50.744163607771512 ], [ 1.972734135276192, 50.744163607771334 ], [ 1.972706222926176, 50.744145430700243 ], [ 1.972706222925819, 50.744145430700065 ], [ 1.97267831059602, 50.744127253622196 ], [ 1.972678310595675, 50.74412725362204 ], [ 1.972650398286208, 50.744109076537462 ], [ 1.972650398285831, 50.744109076537278 ], [ 1.97262248599654, 50.744090899445879 ], [ 1.972622485996194, 50.744090899445723 ], [ 1.97259457372744, 50.744072722347752 ], [ 1.972594573726427, 50.74407272234729 ], [ 1.97251083704113, 50.744018191012451 ], [ 1.972510837039659, 50.744018191011747 ], [ 1.972399188408751, 50.743945482470203 ], [ 1.972399188408418, 50.743945482470032 ], [ 1.972388526930638, 50.74393853941703 ], [ 1.972364513885755, 50.743927163840318 ], [ 1.972297506037544, 50.743904799095439 ], [ 1.972051640745055, 50.74378832575325 ], [ 1.971975851288609, 50.743763029709001 ], [ 1.971805871146244, 50.743726427262914 ], [ 1.971737038183405, 50.743703452849743 ], [ 1.971471142352505, 50.743577487976552 ], [ 1.971453147123625, 50.7435657686095 ], [ 1.971201460999375, 50.743481761735133 ], [ 1.971001741345843, 50.743438753730445 ], [ 1.970932671358137, 50.74343122582853 ], [ 1.970719989934865, 50.743385426041137 ], [ 1.970552007249068, 50.743367117184917 ], [ 1.970457318031372, 50.743361599719307 ], [ 1.970279135074249, 50.743342178747241 ], [ 1.970279414424311, 50.743341146916762 ], [ 1.970186128519354, 50.743333918788046 ], [ 1.970134573047899, 50.743326259796326 ], [ 1.970070269397846, 50.743311035439397 ], [ 1.969922770173317, 50.743294958355769 ], [ 1.969904815765783, 50.743296610651626 ], [ 1.969622018021489, 50.743294269401773 ], [ 1.969501170628785, 50.743305390347153 ], [ 1.969312392542236, 50.743340931740313 ], [ 1.968985937067643, 50.743336653430688 ], [ 1.968701411130572, 50.743274866913843 ], [ 1.96865049083088, 50.743269316155768 ], [ 1.968612076823226, 50.743272850902386 ], [ 1.968465128337211, 50.743318834606285 ], [ 1.968463245399585, 50.743316412092845 ], [ 1.968356740938696, 50.74336029984066 ], [ 1.967949842653781, 50.743408156282115 ], [ 1.967793791346737, 50.743399060006539 ], [ 1.967756859048035, 50.743398753656614 ], [ 1.967756805466473, 50.743401354190276 ], [ 1.967696864877279, 50.74340085696543 ], [ 1.967665786951347, 50.743397998175325 ], [ 1.96764751732188, 50.74339784661305 ], [ 1.967591074806817, 50.743391693424456 ], [ 1.96759122484637, 50.743391139338144 ], [ 1.967422854699211, 50.743375651092293 ], [ 1.967168463491987, 50.743306305234057 ], [ 1.967023568997735, 50.743233829971373 ], [ 1.966938041827645, 50.743205279051196 ], [ 1.96685729587153, 50.743196475834345 ], [ 1.966854546222349, 50.743196453005858 ], [ 1.966796442361403, 50.743201798703261 ], [ 1.966464640008269, 50.74319904336366 ], [ 1.966150419781702, 50.743131364640504 ], [ 1.96588454073735, 50.743005387621629 ], [ 1.96576410782293, 50.742897260294185 ], [ 1.965695580900455, 50.742852625084041 ], [ 1.965644583963944, 50.742835600313377 ], [ 1.965515834213423, 50.74282156203143 ], [ 1.965201617469535, 50.742753880824154 ], [ 1.965193525801456, 50.742751179463461 ], [ 1.964927651327553, 50.742625200378733 ], [ 1.964888778222736, 50.742599879599148 ], [ 1.964697271563296, 50.742427934237405 ], [ 1.964673604776481, 50.742397481195091 ], [ 1.964672930496652, 50.74239661199374 ], [ 1.964600372375788, 50.742302908324838 ], [ 1.964576980435334, 50.742287671286242 ], [ 1.964455126136611, 50.742246989591237 ], [ 1.964285156804137, 50.742210376824119 ], [ 1.964101786948981, 50.742149157189552 ], [ 1.964048318382973, 50.742123821274703 ], [ 1.963877590720248, 50.742066821797842 ], [ 1.963611723043891, 50.741940839720918 ], [ 1.963500833446932, 50.741841272259862 ], [ 1.96342647345311, 50.741792833780401 ], [ 1.963403318032769, 50.74178510288511 ], [ 1.963347391649982, 50.741758601636363 ], [ 1.96321702147942, 50.741715074748917 ], [ 1.963040280104533, 50.741695799631074 ], [ 1.962945041125725, 50.74170455913923 ], [ 1.962910312106164, 50.741715425110009 ], [ 1.962906939045521, 50.741727877590321 ], [ 1.962910141277923, 50.741741895679482 ], [ 1.963005698895028, 50.741804143255415 ], [ 1.963108124716711, 50.74185267905515 ], [ 1.963112979164439, 50.74185584129291 ], [ 1.963304477994935, 50.742027788976834 ], [ 1.963321865552399, 50.742063325166356 ], [ 1.963381197149183, 50.742139673285216 ], [ 1.963495521471241, 50.742214144204382 ], [ 1.963495521471591, 50.74221414420456 ], [ 1.963523429403869, 50.742232323394418 ], [ 1.963523429404245, 50.742232323394596 ], [ 1.963545575959285, 50.742246749616818 ], [ 1.963558644544874, 50.742252942198171 ], [ 1.963750146426784, 50.742424889110481 ], [ 1.963848536338563, 50.742625969180004 ], [ 1.963844182158009, 50.742836499493208 ], [ 1.963737508852594, 50.743035871863391 ], [ 1.963538957358193, 50.743204570107636 ], [ 1.96326796292634, 50.743326080512254 ], [ 1.963240406594079, 50.74333470208812 ], [ 1.963186067331874, 50.743368286779578 ], [ 1.963110495149541, 50.743459416970595 ], [ 1.963109508415347, 50.743461261047777 ], [ 1.96310145212038, 50.743470975880321 ], [ 1.9630967759777, 50.743488238607739 ], [ 1.963099978386236, 50.743502256702982 ], [ 1.963149874485284, 50.743534758368121 ], [ 1.963309211932823, 50.743552134621666 ], [ 1.963307173192018, 50.743559661065937 ], [ 1.963432012094555, 50.743579781118669 ], [ 1.963433558531391, 50.743574072720214 ], [ 1.963435089846241, 50.743574239731338 ], [ 1.963546380543334, 50.743598213543308 ], [ 1.963555011181918, 50.743599604512958 ], [ 1.96372017832884, 50.743617615945908 ], [ 1.964034398265451, 50.743685300758003 ], [ 1.964185068044047, 50.743756692697957 ], [ 1.964272641855811, 50.743785928960456 ], [ 1.964518489064036, 50.743902417657068 ], [ 1.964526029225282, 50.743904934890423 ], [ 1.964687511342504, 50.74392254304712 ], [ 1.964684884530015, 50.743932241419287 ], [ 1.964892576171485, 50.743957561226772 ], [ 1.965211797053572, 50.744079868529994 ], [ 1.965444570343562, 50.74426471941463 ], [ 1.965467246371697, 50.744308035179884 ], [ 1.965468188776891, 50.744307740314028 ], [ 1.965597903538147, 50.744474637990905 ], [ 1.965647151441278, 50.744506714730115 ], [ 1.965683264197319, 50.744510652129755 ], [ 1.965723455007982, 50.7445069549523 ], [ 1.965938602838859, 50.744439925567605 ], [ 1.966255088301796, 50.744377885877022 ], [ 1.966586301746424, 50.74438081539985 ], [ 1.966762176824629, 50.744418730195264 ], [ 1.966872893868911, 50.744430800724977 ], [ 1.967051158733863, 50.744414400161354 ], [ 1.967382968639787, 50.744417153891021 ], [ 1.967505539660636, 50.74443051609255 ], [ 1.967503735578779, 50.74443717825396 ], [ 1.967755967003933, 50.744469009106552 ], [ 1.968082904417464, 50.744599886674003 ], [ 1.968314207026871, 50.744796409752645 ], [ 1.968347000992149, 50.744838599916079 ], [ 1.968445739042717, 50.745041107182516 ], [ 1.968469456927229, 50.745146469133118 ], [ 1.96849512851549, 50.7451796161034 ], [ 1.968519607369035, 50.745195558562095 ], [ 1.968570607643368, 50.745212582088676 ], [ 1.968610395534095, 50.745216919164015 ], [ 1.968646658685257, 50.745213582473141 ], [ 1.968670788519826, 50.745198667427196 ], [ 1.968682971613539, 50.745183974268656 ], [ 1.968866554890161, 50.745027979161712 ], [ 1.968870521807555, 50.745023194897087 ], [ 1.96889497904381, 50.744932870379998 ], [ 1.96889851882374, 50.744908419810869 ], [ 1.968901015174998, 50.744899200438518 ], [ 1.969007671955409, 50.74469982474632 ], [ 1.969090701764995, 50.744629271189822 ], [ 1.96917851962753, 50.744523357372131 ], [ 1.96917964822065, 50.744523734086272 ], [ 1.969311751406308, 50.744410585986209 ], [ 1.969394448400122, 50.744310847119678 ], [ 1.969421815961611, 50.74425968699056 ], [ 1.969425091549804, 50.744255736411894 ], [ 1.96962362664816, 50.744087030848263 ], [ 1.969676143928476, 50.744063479271496 ], [ 1.969681472578925, 50.744060185379304 ], [ 1.969839046726173, 50.743962781001095 ], [ 1.970016663998231, 50.74381184676777 ], [ 1.970287644926228, 50.74369032167408 ], [ 1.970604548108176, 50.743627875106739 ], [ 1.970936353828129, 50.743630619574013 ], [ 1.970987967621126, 50.743636244941968 ], [ 1.971302195597429, 50.74370391096565 ], [ 1.971343070479872, 50.743717553940648 ], [ 1.971403921731577, 50.743746381549492 ], [ 1.971484450979805, 50.7437732600823 ], [ 1.971750347883076, 50.743899224889709 ], [ 1.971758841008159, 50.743904755945039 ], [ 1.971846164393678, 50.743946123831506 ], [ 1.971937091340499, 50.743976472268415 ], [ 1.972184797646708, 50.744029811071677 ], [ 1.972186298681828, 50.744030312062769 ], [ 1.972452199020608, 50.744156275424025 ], [ 1.972468585792838, 50.744166946880888 ], [ 1.972542377281006, 50.744233184838095 ], [ 1.972579867028011, 50.744257598949154 ], [ 1.972653658798146, 50.744323836832471 ], [ 1.972815068852254, 50.74442894969448 ], [ 1.972871773377702, 50.744455811413516 ], [ 1.972912620085473, 50.744492476325874 ], [ 1.973025015320149, 50.74456566926262 ], [ 1.973172601140339, 50.74469814438946 ], [ 1.973274174761382, 50.744764289465984 ], [ 1.973364165291484, 50.744806918376469 ], [ 1.973428989659126, 50.744865104928358 ], [ 1.973557392849568, 50.744948720621771 ], [ 1.973762277991341, 50.745045774301332 ], [ 1.973789107026087, 50.745063245091337 ], [ 1.97378910702647, 50.745063245091529 ], [ 1.973807662781037, 50.74507532839624 ], [ 1.973881457377606, 50.745141565468465 ], [ 1.973950639347703, 50.74518661578584 ], [ 1.973984001205248, 50.74519774987656 ], [ 1.974249912258422, 50.745323709173825 ], [ 1.974441462564922, 50.745495638816138 ], [ 1.97445887315791, 50.745518033257575 ], [ 1.97450093861036, 50.745555789669879 ], [ 1.974505803065761, 50.745562046576516 ], [ 1.974596898112867, 50.745643809887746 ], [ 1.974764981333271, 50.745753259918807 ], [ 1.974764981333635, 50.745753259918985 ], [ 1.974792895326421, 50.745771436484119 ], [ 1.974792895326766, 50.74577143648429 ], [ 1.97482080933973, 50.745789613042618 ], [ 1.974820809340107, 50.745789613042788 ], [ 1.974840677801231, 50.745802550627381 ], [ 1.974858926797049, 50.745811194717959 ], [ 1.975050481057296, 50.745983123295993 ], [ 1.975095788769656, 50.746041398721928 ], [ 1.975188164934637, 50.74610154972946 ], [ 1.97537972143507, 50.746273477725282 ], [ 1.975397119031018, 50.74630901199896 ], [ 1.975404975074504, 50.746319116382914 ], [ 1.975430235539253, 50.74637071029651 ], [ 1.975493138957781, 50.746451615874221 ], [ 1.975503120888505, 50.746464814408633 ], [ 1.975527939225419, 50.746498566653038 ], [ 1.975550794398497, 50.746528533806433 ], [ 1.975619668784864, 50.74661744104494 ], [ 1.975638992284486, 50.746619546212912 ], [ 1.975810876255848, 50.746603721072582 ], [ 1.975846361789535, 50.74659672730489 ], [ 1.975885490527999, 50.746593124724768 ], [ 1.976067245310198, 50.746559575804064 ], [ 1.976396732623304, 50.746565621862857 ], [ 1.97670738467954, 50.746635551078356 ], [ 1.976969200582686, 50.746762610122239 ], [ 1.977156895255268, 50.746934528358302 ], [ 1.977252341274853, 50.74713470277301 ], [ 1.977246319728898, 50.747343801318166 ], [ 1.977139410934651, 50.747541629867172 ], [ 1.976941938855887, 50.747709082508557 ], [ 1.976814962570962, 50.747787580691984 ], [ 1.976786760040705, 50.747821600346903 ], [ 1.976764100868392, 50.74790532927873 ], [ 1.976657468231251, 50.748104711183991 ], [ 1.976458940207645, 50.748273428749307 ], [ 1.976438677685586, 50.748285954991594 ], [ 1.976410028396829, 50.748303665896032 ], [ 1.976218697645088, 50.748421945491366 ], [ 1.976142212845757, 50.748486944510503 ], [ 1.976067974760015, 50.748532837689559 ], [ 1.976050489068478, 50.748547697466591 ], [ 1.976026621326235, 50.748558401875989 ], [ 1.976008569452263, 50.74856956131088 ], [ 1.975891206550913, 50.748642113348183 ], [ 1.975848895419756, 50.748693149273194 ], [ 1.975650362341064, 50.748861865398403 ], [ 1.975545941149769, 50.748926416083997 ], [ 1.975479823500388, 50.749006166178454 ], [ 1.975281287938214, 50.749174881634957 ], [ 1.975010289745352, 50.749296416527905 ], [ 1.974940957459762, 50.749318113928943 ], [ 1.974918034395648, 50.749332284048194 ], [ 1.974860733529316, 50.749367705091778 ], [ 1.974832083063128, 50.749385415604486 ], [ 1.974804545416157, 50.749402438200768 ], [ 1.974700141254337, 50.749449259777357 ], [ 1.97462913208175, 50.749493154369048 ], [ 1.974616949725051, 50.749507847970335 ], [ 1.974418409268577, 50.749676561922264 ], [ 1.974343080493748, 50.749723126128998 ], [ 1.974323436624732, 50.749795696703146 ], [ 1.974321531050533, 50.749888762592732 ], [ 1.974305041629127, 50.749919590163884 ], [ 1.974302142103327, 50.749930301936836 ], [ 1.974272021523989, 50.749986613400729 ], [ 1.974238011558169, 50.750112255284719 ], [ 1.974237906193131, 50.750117400656038 ], [ 1.974205383145093, 50.750274243628404 ], [ 1.974116044331702, 50.750421936272623 ], [ 1.974073462811121, 50.750473293562131 ], [ 1.974045727034679, 50.750575754310681 ], [ 1.974040910555289, 50.750575229568462 ], [ 1.973996089867159, 50.750730349800037 ], [ 1.973820163386963, 50.750926232890968 ], [ 1.973552127950452, 50.751074261392404 ], [ 1.97322206627987, 50.751157821128423 ], [ 1.972867023405027, 50.751167533602931 ], [ 1.972526848493165, 50.751102308714053 ], [ 1.972239721780685, 50.750969467116462 ], [ 1.972094627028865, 50.750874990969315 ], [ 1.971974278282027, 50.750814810591315 ], [ 1.971947446653975, 50.750797339376298 ], [ 1.971918353013338, 50.75077839534638 ], [ 1.971731072192203, 50.750689687450084 ], [ 1.971539511264293, 50.750517754947232 ], [ 1.971522069093709, 50.750495320207079 ], [ 1.971518534522215, 50.750490730077772 ], [ 1.971463440544875, 50.750418488846847 ], [ 1.971460119054507, 50.750414093040391 ], [ 1.971435396830331, 50.750381068198386 ], [ 1.971365948092916, 50.750291414796187 ], [ 1.971252140162233, 50.750217307892356 ], [ 1.971252140161856, 50.750217307892179 ], [ 1.971236835943736, 50.750207342408302 ], [ 1.971045278619359, 50.750035409060011 ], [ 1.971006034135048, 50.749984930056428 ], [ 1.970914958539451, 50.749954535057483 ], [ 1.970786188823124, 50.749940502358356 ], [ 1.970600265213706, 50.749900470082657 ], [ 1.97048027016495, 50.749887393281199 ], [ 1.970429832687478, 50.749892034488717 ], [ 1.970407259041438, 50.749905986845043 ], [ 1.970401054891642, 50.749928899982692 ], [ 1.97041285448969, 50.749980510251042 ], [ 1.970460067147032, 50.750041460754431 ], [ 1.970532263534909, 50.750088473143627 ], [ 1.970723819301307, 50.750260407267568 ], [ 1.970747493548499, 50.750290858850249 ], [ 1.970748168383549, 50.750291728450868 ], [ 1.970820749405342, 50.750385427252937 ], [ 1.970845231162957, 50.750401368881199 ], [ 1.970986133880673, 50.750448392476947 ], [ 1.970994853288006, 50.750450269857872 ], [ 1.971036988827775, 50.750464331737845 ], [ 1.971302920426801, 50.75059029632741 ], [ 1.971397634028297, 50.750651969262627 ], [ 1.971589194899156, 50.750823901881674 ], [ 1.97164019419674, 50.750889498315829 ], [ 1.971648959231558, 50.750901048074866 ], [ 1.9716703954455, 50.750929996960394 ], [ 1.971738608154251, 50.751074162516048 ], [ 1.971817214814437, 50.75117563512908 ], [ 1.971951649869328, 50.751296292790627 ], [ 1.971965335627679, 50.751313895365953 ], [ 1.972003860626766, 50.751348472000373 ], [ 1.972044069435859, 50.751400188180199 ], [ 1.972063152202008, 50.751412613527357 ], [ 1.972254718208399, 50.751584544850111 ], [ 1.972264266220354, 50.751596825265899 ], [ 1.972338975555671, 50.751604965540025 ], [ 1.972398294621986, 50.751605455309935 ], [ 1.972639675764874, 50.75158324038248 ], [ 1.972648151326737, 50.7515815703768 ], [ 1.972700731932381, 50.751576731178453 ], [ 1.972913689006249, 50.751535495600045 ], [ 1.972919120778862, 50.751534995676892 ], [ 1.972990100371361, 50.751521009798061 ], [ 1.97302486058728, 50.751517810614779 ], [ 1.97335671634462, 50.75152054851452 ], [ 1.973387340552509, 50.75152388503124 ], [ 1.973388715771796, 50.75152389637455 ], [ 1.973388549898665, 50.751531989636 ], [ 1.97355637482121, 50.7515333713473 ], [ 1.973576804950834, 50.7515377695034 ], [ 1.973608546567836, 50.751541227740496 ], [ 1.973697309838157, 50.751560336850162 ], [ 1.973910073265134, 50.751583516767518 ], [ 1.974224357011549, 50.75165117502759 ], [ 1.974490302934858, 50.75177713258168 ], [ 1.974681878749402, 50.751949060177772 ], [ 1.974701714891924, 50.751974570758058 ], [ 1.974702389818315, 50.751975440335023 ], [ 1.974774980676016, 50.752069136592127 ], [ 1.974888798025692, 50.752143240066928 ], [ 1.974888798026042, 50.752143240067085 ], [ 1.974916715624475, 50.752161416428535 ], [ 1.974916715624852, 50.752161416428713 ], [ 1.974939119536524, 50.752176002969691 ], [ 1.974951625742798, 50.752181926019681 ], [ 1.975143204682878, 50.75235385279646 ], [ 1.975241659840969, 50.752554920814916 ], [ 1.975258758568079, 50.752629672434146 ], [ 1.975333788859525, 50.752782899960856 ], [ 1.975338510127959, 50.752803539990502 ], [ 1.975394124967043, 50.752917116376757 ], [ 1.975403805690041, 50.752959437348665 ], [ 1.975414830108826, 50.752981951272858 ], [ 1.975417202346009, 50.752992321895519 ], [ 1.975462403661297, 50.753099653385391 ], [ 1.97550293112694, 50.753151771745607 ], [ 1.975583201287328, 50.753376688134097 ], [ 1.975600934930202, 50.753375055676479 ], [ 1.975624469554551, 50.753477938360071 ], [ 1.975681333708047, 50.753551064708709 ], [ 1.975721634989978, 50.753587230239646 ], [ 1.975737731313129, 50.753607929753834 ], [ 1.975917672571296, 50.753769404328622 ], [ 1.97599490019867, 50.753927110752691 ], [ 1.976054237555604, 50.75400341595541 ], [ 1.976152699613067, 50.75420448275068 ], [ 1.976153980539674, 50.754210082016087 ], [ 1.976158459244004, 50.754215953297553 ], [ 1.976193931306031, 50.754262249086445 ], [ 1.976289664726618, 50.754459779440865 ], [ 1.976307371893105, 50.754537180614086 ], [ 1.976309871407125, 50.754542284711782 ], [ 1.976340609734432, 50.754581811947936 ], [ 1.976439074078391, 50.75478287834035 ], [ 1.976445973779781, 50.754813037580952 ], [ 1.976531871514777, 50.754923896632768 ], [ 1.976568456873995, 50.754956725856545 ], [ 1.976592136894577, 50.754987176111534 ], [ 1.976596696442124, 50.754993112485728 ], [ 1.976617914069683, 50.755021084812448 ], [ 1.976711820807723, 50.755216214483838 ], [ 1.976717367677565, 50.755240459559232 ], [ 1.976719867268458, 50.755245563643236 ], [ 1.976775460897183, 50.75531705090701 ], [ 1.97681930826025, 50.75535639596486 ], [ 1.976821234854762, 50.755358873342729 ], [ 1.976890082831597, 50.755420651751201 ], [ 1.976988551030229, 50.755621717453209 ], [ 1.976990113725986, 50.755628547688474 ], [ 1.977001139445251, 50.755651061381094 ], [ 1.977007299116724, 50.755677984033042 ], [ 1.977020127966931, 50.755694480233309 ], [ 1.977128989243624, 50.755765347396128 ], [ 1.977141496605044, 50.755771270193861 ], [ 1.977333096790216, 50.755943192664624 ], [ 1.977431567794385, 50.756144257856739 ], [ 1.977436423675572, 50.756165480874344 ], [ 1.977549282883598, 50.756238949110312 ], [ 1.977549282883951, 50.756238949110475 ], [ 1.97756777499503, 50.756250986934383 ], [ 1.977759378478632, 50.756422908623982 ], [ 1.977857852137218, 50.756623973332736 ], [ 1.977853555652017, 50.756834499653841 ], [ 1.977746908342103, 50.757033879794648 ], [ 1.977656580456631, 50.757142820228736 ], [ 1.977523930143726, 50.757255533369921 ], [ 1.977515916922175, 50.757265197669312 ], [ 1.977317355481237, 50.757433914261711 ], [ 1.977146908974724, 50.757539265136735 ], [ 1.976875870052742, 50.757660802550824 ], [ 1.976558886236964, 50.757723263810881 ], [ 1.976226987142887, 50.757720534565806 ], [ 1.975912662617205, 50.757652881982629 ], [ 1.975862269494728, 50.757636069416051 ], [ 1.97578303028437, 50.757627438994611 ], [ 1.975616522994851, 50.757626068855586 ], [ 1.975329089726419, 50.757598435428392 ], [ 1.975064273971822, 50.757522349497123 ], [ 1.974841961181278, 50.757403524505605 ], [ 1.974678844861188, 50.757250883211668 ], [ 1.974660608560555, 50.757227432774904 ], [ 1.974561749207426, 50.757024612456078 ], [ 1.974538464205765, 50.756920898841443 ], [ 1.974426142208742, 50.756847775808986 ], [ 1.974426142208392, 50.756847775808815 ], [ 1.974398222175922, 50.756829599466471 ], [ 1.974398222175545, 50.756829599466279 ], [ 1.974391086211997, 50.756824953848273 ], [ 1.974343943695628, 50.756802628617201 ], [ 1.974152350482795, 50.756630701769708 ], [ 1.974053891685855, 50.756429634131919 ], [ 1.974047250813223, 50.756400601076557 ], [ 1.974027834603115, 50.75636095001849 ], [ 1.974018377515855, 50.75631960466125 ], [ 1.974007352990133, 50.756297090727294 ], [ 1.9740071625786, 50.756296258266815 ], [ 1.973987999277445, 50.756271614746503 ], [ 1.973886240182879, 50.756205366462133 ], [ 1.973694650825757, 50.756033438754478 ], [ 1.973654436751175, 50.755981723631976 ], [ 1.973606348274787, 50.755950416135846 ], [ 1.973458728153128, 50.755817943781345 ], [ 1.97335581148206, 50.755750940326251 ], [ 1.973164225683797, 50.755579011683722 ], [ 1.973152647915632, 50.755564122340182 ], [ 1.97307438097775, 50.755513166339327 ], [ 1.973052373908793, 50.755510768805053 ], [ 1.973035467245618, 50.755512324710899 ], [ 1.973010646115066, 50.755604001113831 ], [ 1.973010025710928, 50.755634257985847 ], [ 1.972991884922475, 50.755701260394254 ], [ 1.972991481222667, 50.755720948282615 ], [ 1.973003024095425, 50.755771417725477 ], [ 1.973040062410106, 50.755819050044884 ], [ 1.973131462599026, 50.755901072398693 ], [ 1.973229916654051, 50.756102140927212 ], [ 1.973255335980993, 50.756213279627133 ], [ 1.973274498899345, 50.756237923262411 ], [ 1.973292499264851, 50.756249642243908 ], [ 1.973484088068594, 50.756421570514171 ], [ 1.973506459342892, 50.756450339774126 ], [ 1.973515225777592, 50.756461889300887 ], [ 1.973536665428371, 50.756490837594555 ], [ 1.973592018116548, 50.756607799754143 ], [ 1.973621895194327, 50.756661302108192 ], [ 1.973624353488791, 50.756676125249093 ], [ 1.973626355766652, 50.756680356108411 ], [ 1.973632546468628, 50.756707421928326 ], [ 1.973629588927437, 50.756707694115562 ], [ 1.97364798624221, 50.756818626682751 ], [ 1.973646832692931, 50.756874918278825 ], [ 1.973658376491976, 50.756925387572579 ], [ 1.973695416283209, 50.756973019613625 ], [ 1.973786819651118, 50.757055041342667 ], [ 1.973885278605311, 50.757256109000934 ], [ 1.973904509038251, 50.757340181593534 ], [ 1.973962650524964, 50.757414948470299 ], [ 1.973999666135725, 50.757448164287752 ], [ 1.97409812671718, 50.75764923165778 ], [ 1.974093814340912, 50.757859757521459 ], [ 1.974078150387045, 50.757917613827757 ], [ 1.974078114650626, 50.757919358407221 ], [ 1.97409209296984, 50.757980467648203 ], [ 1.974102997361852, 50.758085838174466 ], [ 1.974102801921065, 50.758095379392287 ], [ 1.974056834583665, 50.758282761985996 ], [ 1.973930273250616, 50.758454569596971 ], [ 1.973733167898266, 50.758597158323845 ], [ 1.973481171060201, 50.758699204553039 ], [ 1.973331572269924, 50.758727051276942 ], [ 1.973255430923613, 50.758750873453941 ], [ 1.972938435694224, 50.758813325391785 ], [ 1.972606529574308, 50.758810586498576 ], [ 1.97229220309836, 50.75874292488578 ], [ 1.972133384664375, 50.758689933813137 ], [ 1.972082354433351, 50.758665767006306 ], [ 1.971996300520968, 50.758637054219697 ], [ 1.971730324453824, 50.758511092648213 ], [ 1.971682234754254, 50.7584797845306 ], [ 1.971601777593533, 50.758452938724055 ], [ 1.97154828806109, 50.758427606759753 ], [ 1.971520902842492, 50.758418469208962 ], [ 1.971460034001176, 50.758389642410691 ], [ 1.971424399911389, 50.758377752437887 ], [ 1.971158426659597, 50.758251789594993 ], [ 1.971142483967022, 50.758237482642279 ], [ 1.971125406356, 50.758226364281398 ], [ 1.97093381874529, 50.758054432851786 ], [ 1.970922193669874, 50.758039482400299 ], [ 1.970878348590502, 50.758000135425426 ], [ 1.970850976749576, 50.757964933694758 ], [ 1.970752528582996, 50.757763863852929 ], [ 1.970756854995215, 50.757553338074558 ], [ 1.970767430982361, 50.757514284215482 ], [ 1.970764571669788, 50.757501780295797 ], [ 1.970624957764679, 50.757455193559153 ], [ 1.970622050893664, 50.75745456776361 ], [ 1.970568750993325, 50.757436782445211 ], [ 1.970565844124044, 50.757436156648332 ], [ 1.970550528327135, 50.757431046006388 ], [ 1.97050919892417, 50.757426542742579 ], [ 1.970453999940266, 50.757431621288795 ], [ 1.970415374453544, 50.757433228403528 ], [ 1.970124719598799, 50.757459969397971 ], [ 1.970089225569921, 50.757466961419183 ], [ 1.970008516344666, 50.757474386725299 ], [ 1.96967661925788, 50.757471640014934 ], [ 1.969362305142895, 50.757403970866925 ], [ 1.969096342248021, 50.757278003432191 ], [ 1.968904765229954, 50.757106068632467 ], [ 1.968880985507573, 50.757075484057744 ], [ 1.968861354355502, 50.757073344756115 ], [ 1.968839255571555, 50.757075377660023 ], [ 1.96881623328671, 50.757089604542891 ], [ 1.968758954447238, 50.757158667017883 ], [ 1.968652682428401, 50.757357268979781 ], [ 1.968454090768027, 50.757525971410104 ], [ 1.96843970059617, 50.757534863809155 ], [ 1.9684310696374, 50.757566729638967 ], [ 1.968438385211784, 50.757598727617427 ], [ 1.968516217202649, 50.757649404126816 ], [ 1.9685933113882, 50.757657805550473 ], [ 1.968679550256898, 50.757658520078067 ], [ 1.968679429933091, 50.757664363322661 ], [ 1.968869677434246, 50.757665939396887 ], [ 1.969021282826187, 50.757698579352805 ], [ 1.969145277511188, 50.757712091252998 ], [ 1.9692341028295, 50.757703919928161 ], [ 1.969566001431218, 50.757706667817381 ], [ 1.969777722451558, 50.757729738360453 ], [ 1.969774518821157, 50.757741567442984 ], [ 1.970020231621106, 50.757774688676328 ], [ 1.97036138922112, 50.757923399607783 ], [ 1.970517714986086, 50.758025177688374 ], [ 1.970655462790563, 50.758071141329935 ], [ 1.970921433818288, 50.758197105282044 ], [ 1.97096357551125, 50.758224541732915 ], [ 1.971037385721478, 50.75829077917323 ], [ 1.971134502972578, 50.758354007212525 ], [ 1.971165703804382, 50.758364418045815 ], [ 1.971431677672701, 50.758490380851683 ], [ 1.971623268660099, 50.758662311401395 ], [ 1.971667499651326, 50.75871919266676 ], [ 1.971736698382382, 50.758764243286699 ], [ 1.971760718397737, 50.758775618728649 ], [ 1.971948259254034, 50.758838193840496 ], [ 1.971951166221956, 50.758838819603781 ], [ 1.972005309827857, 50.758856885141029 ], [ 1.972006437709779, 50.758857127931854 ], [ 1.972272416313082, 50.758983088847799 ], [ 1.972430758052396, 50.759125177472747 ], [ 1.972446705275966, 50.759135559352444 ], [ 1.972552971999016, 50.759147136048398 ], [ 1.972680965243527, 50.759155208662214 ], [ 1.972887025831486, 50.759179696016204 ], [ 1.973192652807581, 50.75924794339894 ], [ 1.97345155321196, 50.759371516721821 ], [ 1.973488673802404, 50.759395682015246 ], [ 1.973626428100997, 50.759441642273224 ], [ 1.973679919767471, 50.759466973305635 ], [ 1.973868841002983, 50.759530004340228 ], [ 1.97402724805199, 50.759564100197295 ], [ 1.974049698934067, 50.75957159056081 ], [ 1.97406423411853, 50.759574719127698 ], [ 1.974101145875073, 50.759587034101358 ], [ 1.974288681383527, 50.75967584012087 ], [ 1.974421199480491, 50.759720052026871 ], [ 1.974540416346482, 50.759745711837454 ], [ 1.974624077642584, 50.759785328491013 ], [ 1.974749186997798, 50.759827068101835 ], [ 1.974931804651936, 50.759913543390077 ], [ 1.97505876612323, 50.759955900394345 ], [ 1.97518631043209, 50.759969792058854 ], [ 1.975501361848671, 50.760037684435666 ], [ 1.975767766478819, 50.760164132437787 ], [ 1.975959321887157, 50.760336699358795 ], [ 1.976057186811505, 50.760538412361889 ], [ 1.976051734498103, 50.760749431745602 ], [ 1.975943499961253, 50.760949002240082 ], [ 1.975836876297161, 50.761076167734451 ], [ 1.975823273901887, 50.761126412690125 ], [ 1.975822871270162, 50.761146100485121 ], [ 1.975834418248308, 50.761196569266112 ], [ 1.975882126738369, 50.761257911044645 ], [ 1.975946056126028, 50.761315270097796 ], [ 1.976044532150469, 50.761516334631821 ], [ 1.976041555919354, 50.761661900040949 ], [ 1.976050465289495, 50.761700839355484 ], [ 1.976073285953202, 50.761730180806339 ], [ 1.97620387455405, 50.761847786027552 ], [ 1.976301751264513, 50.762051422038056 ], [ 1.976311992318265, 50.762098517086592 ], [ 1.976308210309577, 50.762243936139669 ], [ 1.976309733848866, 50.762243948667724 ], [ 1.976309482141031, 50.76225626217613 ], [ 1.976307540741551, 50.762269681083936 ], [ 1.976306639408913, 50.762304337352681 ], [ 1.976297806118419, 50.762336966458371 ], [ 1.97629426869046, 50.762361416989947 ], [ 1.976287252715427, 50.762387333008029 ], [ 1.976290772467633, 50.762402715876519 ], [ 1.976298429400102, 50.762412560492351 ], [ 1.97630841496247, 50.762425758982907 ], [ 1.976332992958962, 50.76245917211341 ], [ 1.976361787297718, 50.762496806218749 ], [ 1.976457495905348, 50.762695058329228 ], [ 1.976485361184912, 50.762818279590242 ], [ 1.976566323546778, 50.762983576313594 ], [ 1.976562020854274, 50.763194101044007 ], [ 1.976552971799334, 50.763211015275211 ], [ 1.976522799161633, 50.763322468673664 ], [ 1.976545695018146, 50.763422529369969 ], [ 1.976565115986949, 50.763462179619381 ], [ 1.976576198247634, 50.763510611834313 ], [ 1.976571895615903, 50.763721135772286 ], [ 1.976465228510369, 50.763920512580398 ], [ 1.976266637243783, 50.764089225669679 ], [ 1.976160454886549, 50.76415484462062 ], [ 1.976069351669481, 50.764232240513238 ], [ 1.975840562275082, 50.764334815051093 ], [ 1.975767431788965, 50.764380007791587 ], [ 1.975740595382864, 50.764412366965274 ], [ 1.975712592244743, 50.764515797495918 ], [ 1.975688153245227, 50.764513136065617 ], [ 1.975605846365832, 50.7647187755869 ], [ 1.975592266575132, 50.764735149820766 ], [ 1.975583270752466, 50.76476837563812 ], [ 1.97559321891715, 50.764811853972759 ], [ 1.975588912209259, 50.76502237759869 ], [ 1.975482238446297, 50.76522175332078 ], [ 1.975456933977769, 50.765252264475535 ], [ 1.975316910413551, 50.765371215017538 ], [ 1.975218252044906, 50.765490172249521 ], [ 1.975217265480419, 50.765492016122288 ], [ 1.975192343177423, 50.765522066057571 ], [ 1.974993741169693, 50.765690776828471 ], [ 1.974947716835757, 50.765719217247089 ], [ 1.974890988874942, 50.765787615724172 ], [ 1.974692384798828, 50.765956325946277 ], [ 1.974421294363841, 50.7660778564628 ], [ 1.974404383312448, 50.766083146741082 ], [ 1.974176018713259, 50.76618552216776 ], [ 1.973858977570018, 50.766247975744506 ], [ 1.973580601487805, 50.766245681067069 ], [ 1.973543676471106, 50.766249078618159 ], [ 1.973531472321739, 50.766252896317269 ], [ 1.973289003602385, 50.766361591620978 ], [ 1.972971960238496, 50.766424042922289 ], [ 1.972888737387748, 50.766431699976899 ], [ 1.972710990534658, 50.766487099427614 ], [ 1.972510035870796, 50.766577182195334 ], [ 1.972192990170494, 50.766639631492609 ], [ 1.971975242152644, 50.76663783373148 ], [ 1.971975178831455, 50.766640918041389 ], [ 1.971917217431475, 50.76664043943898 ], [ 1.971820859691198, 50.766649304110608 ], [ 1.971782227138623, 50.766650911626954 ], [ 1.971598536554025, 50.766667810427926 ], [ 1.971494241532225, 50.766666948902234 ], [ 1.971475618204821, 50.766668662142358 ], [ 1.97140866463883, 50.766668109018511 ], [ 1.971408582033146, 50.766672130437023 ], [ 1.971351996033509, 50.766671662934712 ], [ 1.971352078643736, 50.766667641516243 ], [ 1.971267199653073, 50.766666940214627 ], [ 1.971267117036031, 50.766670961633046 ], [ 1.970869639648412, 50.766667676757677 ], [ 1.970694722863179, 50.766683767095728 ], [ 1.970693181801878, 50.766684111819373 ], [ 1.970685877152766, 50.76668458079282 ], [ 1.970623737310027, 50.766690296879283 ], [ 1.970623348124822, 50.76668859526665 ], [ 1.970545765060793, 50.76669357619155 ], [ 1.970273872099393, 50.766718586379014 ], [ 1.970184326935014, 50.766736222598894 ], [ 1.970178895945779, 50.766736722160203 ], [ 1.970107894742743, 50.766750706026329 ], [ 1.969879390384881, 50.766771724290244 ], [ 1.969547431685017, 50.766768977274296 ], [ 1.969233059388988, 50.766701308755408 ], [ 1.969028467425841, 50.766633050164387 ], [ 1.968974970457667, 50.766607717409137 ], [ 1.968817801588616, 50.766555280243814 ], [ 1.96877552466736, 50.766550674035244 ], [ 1.968617073266783, 50.766525312475274 ], [ 1.968608500408158, 50.766523484772051 ], [ 1.968452581939176, 50.766481175830904 ], [ 1.968326694029188, 50.766439174350531 ], [ 1.968246027863841, 50.766421810077439 ], [ 1.968205395959043, 50.766408253490418 ], [ 1.96820248859855, 50.766407627646871 ], [ 1.968150555557537, 50.766390300472565 ], [ 1.968144740840074, 50.766389048782791 ], [ 1.968076288481465, 50.76636620997197 ], [ 1.967989807811655, 50.766347593837637 ], [ 1.967843934794449, 50.766298923637891 ], [ 1.967832305396309, 50.766296420229089 ], [ 1.967614945783102, 50.766223898160476 ], [ 1.967612038440668, 50.766223272302952 ], [ 1.967558730276502, 50.766205485932645 ], [ 1.967555822935806, 50.766204860073799 ], [ 1.967508016881855, 50.766188909460823 ], [ 1.967493480187266, 50.766185780159901 ], [ 1.967221438104638, 50.7660950120218 ], [ 1.967218530774637, 50.766094386154961 ], [ 1.967165222887391, 50.766076599612688 ], [ 1.967162315559128, 50.76607597374452 ], [ 1.967145796402415, 50.766070462006702 ], [ 1.967065131240459, 50.766053096958807 ], [ 1.967024499954516, 50.76603953997882 ], [ 1.967021592630188, 50.766038914107355 ], [ 1.966968284871941, 50.766021127479242 ], [ 1.96696537754936, 50.766020501606448 ], [ 1.96691206983068, 50.766002714953771 ], [ 1.966909162509871, 50.766002089079628 ], [ 1.966858605843154, 50.765985220307989 ], [ 1.966849883885963, 50.765983342681558 ], [ 1.96668721007898, 50.765929064592896 ], [ 1.966684302765297, 50.765928438713466 ], [ 1.966667783709864, 50.765922926910974 ], [ 1.966587118951315, 50.765905561549495 ], [ 1.966571397051629, 50.765900315710468 ], [ 1.96651584086468, 50.76588835562945 ], [ 1.966420256710245, 50.765843089300937 ], [ 1.96638446078456, 50.765831145391218 ], [ 1.966118460624034, 50.765705173206264 ], [ 1.965926861591535, 50.765533236023806 ], [ 1.965828418317466, 50.765332164598924 ], [ 1.965832766083828, 50.765121641411298 ], [ 1.965939478049711, 50.764922273927759 ], [ 1.965971453839395, 50.76488372974687 ], [ 1.96597803030429, 50.764859457538272 ], [ 1.965972770487753, 50.764836449893679 ], [ 1.965893411849809, 50.764784784029558 ], [ 1.965842440975969, 50.764767776077328 ], [ 1.965643560548729, 50.764724958813133 ], [ 1.96537756812758, 50.764598984833569 ], [ 1.965185975871004, 50.764427046221989 ], [ 1.965163573147901, 50.764381285974309 ], [ 1.965159496197736, 50.764376042552428 ], [ 1.965134237232326, 50.764324447963247 ], [ 1.965132316944458, 50.764321978249342 ], [ 1.965107058034318, 50.764270383650413 ], [ 1.965098802896323, 50.7642597665577 ], [ 1.965092384700458, 50.764251365585672 ], [ 1.965077504444499, 50.764231539066614 ], [ 1.965031146423568, 50.764134473934647 ], [ 1.964971179619726, 50.764057068068283 ], [ 1.964920866648876, 50.764024310813333 ], [ 1.96485770448913, 50.763994396311432 ], [ 1.964782089948861, 50.763969164021461 ], [ 1.964743819157288, 50.763964992785574 ], [ 1.96470538908491, 50.763968526208146 ], [ 1.964597713906077, 50.764002201217643 ], [ 1.964280674642308, 50.7640646306115 ], [ 1.963948734194761, 50.764061868657414 ], [ 1.963634386458396, 50.763994185724329 ], [ 1.963425632796299, 50.763895313317988 ], [ 1.963397295311888, 50.763885856777328 ], [ 1.963359024699328, 50.763881685115244 ], [ 1.963322747578284, 50.76388502018073 ], [ 1.963302486241838, 50.763897537323437 ], [ 1.963198041107172, 50.763944348223056 ], [ 1.963098338323628, 50.764005942704941 ], [ 1.963071493932138, 50.764038299165811 ], [ 1.963067079136712, 50.764054589850666 ], [ 1.963086403162045, 50.764139140793624 ], [ 1.963120288589529, 50.764208362596527 ], [ 1.963115929499736, 50.764418885981428 ], [ 1.963009207365869, 50.764618251197312 ], [ 1.962810567901031, 50.764786942764481 ], [ 1.962539454964654, 50.764908447625437 ], [ 1.962400788874847, 50.76495181102576 ], [ 1.962394987720786, 50.764973215890599 ], [ 1.962400628825397, 50.7649978991792 ], [ 1.962426822991454, 50.765031713053247 ], [ 1.962532901181327, 50.765100780150789 ], [ 1.962729211071463, 50.765166290814072 ], [ 1.962978680957357, 50.765220005498612 ], [ 1.963244670642476, 50.765345984484256 ], [ 1.963410648785827, 50.765454049112499 ], [ 1.963410648786184, 50.76545404911267 ], [ 1.963438569637855, 50.765472227680583 ], [ 1.96343856964036, 50.765472227681762 ], [ 1.963511887754021, 50.765519963176054 ], [ 1.963659510162307, 50.765652445374442 ], [ 1.963683534018517, 50.765668086542021 ], [ 1.963734553539276, 50.765685111526935 ], [ 1.963774357355007, 50.765689450022798 ], [ 1.963810635753121, 50.765686114834871 ], [ 1.963891502992877, 50.76563615751359 ], [ 1.963949245772542, 50.765587119978498 ], [ 1.964220358962473, 50.765465612173045 ], [ 1.964537407170888, 50.765403183065629 ], [ 1.964869356541718, 50.76540594344462 ], [ 1.965183714808966, 50.765473623114431 ], [ 1.965449711388166, 50.765599597340717 ], [ 1.965654773750598, 50.765733100533929 ], [ 1.965846372613609, 50.765905038082863 ], [ 1.96586371610182, 50.765927342551663 ], [ 1.965888976627294, 50.765978936867157 ], [ 1.965971039762544, 50.766084473059955 ], [ 1.966140182504705, 50.766194588725824 ], [ 1.966140182505069, 50.766194588726002 ], [ 1.966168104761392, 50.766212766661951 ], [ 1.966168104761749, 50.766212766662129 ], [ 1.966196027038372, 50.766230944591342 ], [ 1.966196027038747, 50.766230944591506 ], [ 1.966211335150655, 50.766240910452879 ], [ 1.966402937867487, 50.766412847012646 ], [ 1.966467826505567, 50.766496294069341 ], [ 1.96659582985239, 50.766611157863004 ], [ 1.966663719909996, 50.7666984638401 ], [ 1.966684961962547, 50.766705551415491 ], [ 1.966804254335203, 50.766762043912394 ], [ 1.966882625168232, 50.766788192770989 ], [ 1.96696587185312, 50.766797264011146 ], [ 1.967036272930481, 50.7668124193005 ], [ 1.967126684713669, 50.766822271185667 ], [ 1.967441054922636, 50.766889945010405 ], [ 1.967565702331903, 50.766931533337917 ], [ 1.967568609714855, 50.766932159195839 ], [ 1.96758512920236, 50.766937670870341 ], [ 1.967665795969538, 50.766955035558006 ], [ 1.967677324112618, 50.766958881873293 ], [ 1.967919324780365, 50.767010975597238 ], [ 1.967938620612603, 50.767017413509691 ], [ 1.967942991535743, 50.767017889762229 ], [ 1.968120569861459, 50.767056115342974 ], [ 1.968152981156339, 50.767059646797875 ], [ 1.968214976243531, 50.767072991792006 ], [ 1.968265784269839, 50.767078527663834 ], [ 1.968327779410502, 50.767091872601391 ], [ 1.968337617359654, 50.767092944503382 ], [ 1.968426406772379, 50.767112057042127 ], [ 1.96850406765357, 50.767120518559025 ], [ 1.96853926864688, 50.767128095770133 ], [ 1.968765612130114, 50.767152756590065 ], [ 1.968881536056829, 50.767153716701422 ], [ 1.969005159515442, 50.76714234674067 ], [ 1.969015248969746, 50.767139251239897 ], [ 1.969085808193456, 50.767119575482369 ], [ 1.969091377084379, 50.767118173331959 ], [ 1.969330632856152, 50.767077650089313 ], [ 1.9693329525581, 50.767077436732791 ], [ 1.969356245277587, 50.767070290309263 ], [ 1.969360421153538, 50.767069016239468 ], [ 1.969396653618544, 50.767058023340461 ], [ 1.969708573393533, 50.766998531856217 ], [ 1.970034252036789, 50.767001844078266 ], [ 1.970211520757333, 50.76702115594982 ], [ 1.970486951096049, 50.767023433764663 ], [ 1.970652761013878, 50.767033090381325 ], [ 1.970721860443738, 50.76704061783127 ], [ 1.970722299026404, 50.767040577487229 ], [ 1.971054259591185, 50.767043321369712 ], [ 1.971145128191188, 50.767062879276878 ], [ 1.971180724138734, 50.767066756832463 ], [ 1.971358305109128, 50.767104977792691 ], [ 1.971431687057388, 50.767112971323421 ], [ 1.971470548703328, 50.767117679137733 ], [ 1.971507004256746, 50.767122543871636 ], [ 1.971802570509699, 50.767192362898967 ], [ 1.972052720381568, 50.767314193349641 ], [ 1.972285051942614, 50.76746714073218 ], [ 1.972310882246383, 50.767483953688995 ], [ 1.972310882246753, 50.76748395368918 ], [ 1.972329445952526, 50.767496036803415 ], [ 1.972403271633741, 50.767562272499823 ], [ 1.972472483248675, 50.767607322106926 ], [ 1.972485794267708, 50.767611762552633 ], [ 1.972751820572908, 50.767737720768849 ], [ 1.97294345147329, 50.767909646871871 ], [ 1.972948075489702, 50.767915591954029 ], [ 1.972981828778029, 50.767919268213852 ], [ 1.973037039066154, 50.767914188627664 ], [ 1.97320319218081, 50.767907273348648 ], [ 1.973225115057674, 50.767907454143355 ], [ 1.973449521186392, 50.767924571441306 ], [ 1.973504387235713, 50.767932586558366 ], [ 1.973795089889334, 50.768004961083278 ], [ 1.974039980915578, 50.768127867278409 ], [ 1.974217848402551, 50.768290659462409 ], [ 1.974241232030768, 50.768320722227671 ], [ 1.974339714960309, 50.768521786086218 ], [ 1.974336671861143, 50.768670347597435 ], [ 1.974338920734791, 50.768670366122954 ], [ 1.974336697624913, 50.768778896114796 ], [ 1.974348614179412, 50.768830978561176 ], [ 1.974358463353184, 50.768843886863692 ], [ 1.974429638504466, 50.7689357235313 ], [ 1.974517688099567, 50.768993030061139 ], [ 1.974639564434661, 50.769050731447365 ], [ 1.974831206841233, 50.769222654301743 ], [ 1.974929693913627, 50.769423717417872 ], [ 1.974929989520258, 50.769425009310275 ], [ 1.975042874935673, 50.769498478338996 ], [ 1.975042874936024, 50.76949847833918 ], [ 1.97507080226558, 50.769516654186688 ], [ 1.975070802267725, 50.769516654187704 ], [ 1.975119555805466, 50.769548384236579 ], [ 1.975155687381037, 50.769552318741866 ], [ 1.975252522613488, 50.769543408049685 ], [ 1.975584500018988, 50.769546139843747 ], [ 1.975898898758135, 50.769613792033553 ], [ 1.975904929356946, 50.769615803493039 ], [ 1.975965814402888, 50.769644627626185 ], [ 1.97613155157203, 50.769699907656474 ], [ 1.976143123028728, 50.769701167616887 ], [ 1.976226739373301, 50.769693472667264 ], [ 1.976403625384959, 50.769658627102928 ], [ 1.97673560361629, 50.769661355827459 ], [ 1.976810718568408, 50.769669534345567 ], [ 1.977125119738403, 50.769737183426201 ], [ 1.977391169004962, 50.769863131323014 ], [ 1.977412294546435, 50.769876879462338 ], [ 1.977412294547884, 50.769876879463013 ], [ 1.977490496792967, 50.769927772040695 ], [ 1.977634212125104, 50.769975704381984 ], [ 1.977637119810648, 50.769976330001896 ], [ 1.977686308422214, 50.769992735464122 ], [ 1.977697939171334, 50.769995237938453 ], [ 1.977794784586363, 50.770027537869211 ], [ 1.977850750186888, 50.770054031488897 ], [ 1.977934075635281, 50.770081822075149 ], [ 1.977992501893146, 50.77010948041292 ], [ 1.978017143242491, 50.770117698724611 ], [ 1.978141377587161, 50.770176509630311 ], [ 1.97818653323178, 50.770191569714051 ], [ 1.978244959757157, 50.770219227928749 ], [ 1.978326909970961, 50.770246559421182 ], [ 1.978385336638051, 50.77027421756771 ], [ 1.978524595947871, 50.770320662104425 ], [ 1.978580562262159, 50.770347155384286 ], [ 1.978580993114077, 50.7703472990775 ], [ 1.978847049284173, 50.7704732437467 ], [ 1.978887921590199, 50.770509905250734 ], [ 1.978889751493538, 50.77051109605911 ], [ 1.979081414082049, 50.770683011989995 ], [ 1.979095795412713, 50.770701497288407 ], [ 1.979132567858282, 50.770734480934252 ], [ 1.979156256899561, 50.77076492997174 ], [ 1.979156932156553, 50.770765799499706 ], [ 1.979288601797175, 50.770935658271235 ], [ 1.979326965042455, 50.770970068458162 ], [ 1.979367197013492, 50.771021780571523 ], [ 1.979436419673413, 50.771066826069173 ], [ 1.979538921276154, 50.771115346190697 ], [ 1.979565766294403, 50.771132815044425 ], [ 1.979565766294809, 50.771132815044623 ], [ 1.979584333103975, 50.771144897010103 ], [ 1.979658173761464, 50.771211128037088 ], [ 1.979835365447718, 50.771326431023525 ], [ 1.979919888825198, 50.771366440347073 ], [ 1.980111558224499, 50.771538354468532 ], [ 1.980210071054812, 50.771739412699361 ], [ 1.980216174707591, 50.771766073661816 ], [ 1.980228046049986, 50.771781331795594 ], [ 1.980336607182033, 50.771817534944283 ], [ 1.980411394053662, 50.771852934635604 ], [ 1.980537672865468, 50.771796321595041 ], [ 1.980574303790992, 50.771784861514739 ], [ 1.980580097962729, 50.771763456025162 ], [ 1.980568321796564, 50.771712018969552 ] ] ], [ [ [ 1.996398155721677, 50.755175200968672 ], [ 1.996318108448408, 50.755182583012399 ], [ 1.996264813428428, 50.755199210308653 ], [ 1.996149439894898, 50.755270559004224 ], [ 1.996106328132229, 50.755307429883558 ], [ 1.996095989724341, 50.755313896777118 ], [ 1.99619904536579, 50.755346654601716 ], [ 1.996394911229309, 50.755427123607753 ], [ 1.996441222832567, 50.755451120618794 ], [ 1.996508332899707, 50.755490110160011 ], [ 1.996566666342005, 50.755509560385477 ], [ 1.99664590578024, 50.755518177604863 ], [ 1.996675567726805, 50.755518416699736 ], [ 1.996675430238179, 50.755525280154743 ], [ 1.99670371705843, 50.755525508158591 ], [ 1.99670385454318, 50.75551864470355 ], [ 1.996763758038274, 50.755519127530086 ], [ 1.99683656231701, 50.755526578862117 ], [ 1.996855516470357, 50.755526731616854 ], [ 1.996869631421806, 50.75552826657507 ], [ 1.996869185189701, 50.755529917715272 ], [ 1.996893710905656, 50.755532427842788 ], [ 1.99690741841165, 50.755520774194828 ], [ 1.997129056345397, 50.755421330853295 ], [ 1.997148000536254, 50.755409615255111 ], [ 1.997203560969578, 50.755342563695926 ], [ 1.997208226453569, 50.755325300039914 ], [ 1.9972050137545, 50.755311283122943 ], [ 1.997153565401929, 50.755277807710854 ], [ 1.99712789776137, 50.75526924942006 ], [ 1.996965201097907, 50.755251556796665 ], [ 1.996963825974711, 50.755251545715552 ], [ 1.996963988033638, 50.755243453332888 ], [ 1.996796134605979, 50.755242100611326 ], [ 1.996571352732266, 50.75519375938044 ], [ 1.996400905963627, 50.755175223143368 ], [ 1.996398155721677, 50.755175200968672 ] ] ], [ [ [ 1.958471498554991, 50.756274620623948 ], [ 1.958414754885961, 50.756380620502604 ], [ 1.958391264363264, 50.756408935011009 ], [ 1.958379831905797, 50.756451112934698 ], [ 1.958388442248918, 50.756488808857974 ], [ 1.958391165110613, 50.756489105820997 ], [ 1.958504565882871, 50.756478683440172 ], [ 1.958705943698561, 50.756439033184705 ], [ 1.959037833336454, 50.756441809018796 ], [ 1.959352127524608, 50.756509504208452 ], [ 1.95961806195143, 50.756635492500344 ], [ 1.959774723127397, 50.756776127783205 ], [ 1.95978832502226, 50.756784986106446 ], [ 1.959935912029104, 50.756917474673479 ], [ 1.960077170012394, 50.757009468975525 ], [ 1.960077170514109, 50.757009469211354 ], [ 1.960080357168833, 50.757011544515258 ], [ 1.960199768901035, 50.757068115201392 ], [ 1.960391315892654, 50.757240063504561 ], [ 1.960436255317033, 50.757297878358486 ], [ 1.960543511618696, 50.757367727646042 ], [ 1.96055140451174, 50.757368588310584 ], [ 1.960622447230594, 50.757362057824956 ], [ 1.960954343119791, 50.75736482866229 ], [ 1.961268645657511, 50.75743251904111 ], [ 1.961534589709099, 50.757558503177691 ], [ 1.961556600574533, 50.757572837015694 ], [ 1.961584516345739, 50.757591016207734 ], [ 1.961612432137312, 50.757609195393087 ], [ 1.961725271438155, 50.757682677847647 ], [ 1.96176539619177, 50.757687052739207 ], [ 1.961862571428541, 50.757707980320276 ], [ 1.96194653644747, 50.757717135102041 ], [ 1.962260842538004, 50.757784822930844 ], [ 1.962526790961875, 50.757910804871791 ], [ 1.962718349185954, 50.758082749284597 ], [ 1.962816765736142, 50.758283825395374 ], [ 1.962821787453953, 50.758305800819954 ], [ 1.962851802868781, 50.75832534639801 ], [ 1.963039679862609, 50.758414342979584 ], [ 1.963231241750546, 50.758586286463675 ], [ 1.963329661338718, 50.758787362001762 ], [ 1.963369469003179, 50.758961553003303 ], [ 1.963380489333432, 50.75898406778817 ], [ 1.96338700742401, 50.759012589588117 ], [ 1.963435494467565, 50.759120957758164 ], [ 1.963426543927188, 50.759324904821675 ], [ 1.963321645515624, 50.759517776939269 ], [ 1.963305924152305, 50.759536728398238 ], [ 1.963301773069149, 50.759552047733791 ], [ 1.963308969578542, 50.759583537987382 ], [ 1.963392362305001, 50.759753908858499 ], [ 1.963409145690784, 50.759827348079988 ], [ 1.963404788196476, 50.760037872875607 ], [ 1.963402475321003, 50.7600464083839 ], [ 1.963408045515045, 50.76007078178506 ], [ 1.963447204448819, 50.760121152053181 ], [ 1.963533115028809, 50.76019826079969 ], [ 1.963573322038217, 50.760249978861246 ], [ 1.963651586711152, 50.760300940469129 ], [ 1.963687710714305, 50.760304878357431 ], [ 1.963723985218088, 50.760301543167436 ], [ 1.963805444872927, 50.760251214157542 ], [ 1.963840885606226, 50.760208491782507 ], [ 1.963889435569947, 50.760117785171801 ], [ 1.963891843816151, 50.760108897389593 ], [ 1.963998552827731, 50.7599095300519 ], [ 1.964052243339024, 50.759844807412655 ], [ 1.964250859020578, 50.759676112598441 ], [ 1.964521939481637, 50.759554603045459 ], [ 1.964838949895731, 50.759492172609718 ], [ 1.965170860106118, 50.75949493220957 ], [ 1.965320890261895, 50.759511285366635 ], [ 1.965418070433408, 50.759532210104815 ], [ 1.965556631031811, 50.759547312801473 ], [ 1.965578731039788, 50.759545280487913 ], [ 1.965631528090542, 50.759512658328184 ], [ 1.965658368402466, 50.759480301092985 ], [ 1.96566520750244, 50.759455057227676 ], [ 1.965647089949976, 50.759375795387811 ], [ 1.965623449064152, 50.759327501796442 ], [ 1.96560748271384, 50.7593069653173 ], [ 1.965585910604064, 50.759292919169411 ], [ 1.965375427368334, 50.759193222647909 ], [ 1.965183855798061, 50.759021282621703 ], [ 1.965085428306277, 50.758820208620968 ], [ 1.965089778630358, 50.75860968337755 ], [ 1.965196479679353, 50.758410314559477 ], [ 1.96521939678799, 50.75839084873386 ], [ 1.96535964553988, 50.758221769912168 ], [ 1.965383514921696, 50.758133664913977 ], [ 1.965358409435549, 50.758023825862288 ], [ 1.965331343612047, 50.757968533481602 ], [ 1.965335692828538, 50.757758007957506 ], [ 1.96534238003886, 50.757733324424791 ], [ 1.965449078215474, 50.757533955125105 ], [ 1.96545922844461, 50.757521718109501 ], [ 1.965487449275999, 50.757417548955203 ], [ 1.965488967821045, 50.757344031434187 ], [ 1.965477432157346, 50.75729356141516 ], [ 1.965411670511914, 50.757208972267136 ], [ 1.965394336477811, 50.757193413978364 ], [ 1.965295911700262, 50.756992339731198 ], [ 1.965284718822788, 50.756943368371715 ], [ 1.965289068038067, 50.756732842432847 ], [ 1.965395764277785, 50.75653347277941 ], [ 1.965528705680382, 50.756420546717067 ], [ 1.965552644761588, 50.756391685225907 ], [ 1.965564071151919, 50.756349506695386 ], [ 1.965542192473525, 50.756253783156275 ], [ 1.965502462012035, 50.756202490788112 ], [ 1.965361092801842, 50.756155309388426 ], [ 1.965358186072039, 50.756154683468729 ], [ 1.965341670385944, 50.756149171408524 ], [ 1.965261021827488, 50.756131804930199 ], [ 1.965257180005432, 50.756130522729578 ], [ 1.965176531506309, 50.756113156196037 ], [ 1.965172689687847, 50.756111873992765 ], [ 1.965092041248047, 50.756094507403986 ], [ 1.965055544227618, 50.756082326513976 ], [ 1.965043917340938, 50.756079822805908 ], [ 1.96482660610077, 50.756007294744585 ], [ 1.9648236993862, 50.756006668812248 ], [ 1.964807183807729, 50.756001156679901 ], [ 1.964774529274038, 50.755994124836448 ], [ 1.964640107229436, 50.755979471244409 ], [ 1.964613311403315, 50.755981935366663 ], [ 1.964590023163623, 50.755989081023202 ], [ 1.964533078337567, 50.756006553684891 ], [ 1.964479070620732, 50.756023125103113 ], [ 1.964334281354359, 50.756068250439135 ], [ 1.964253390102536, 50.756118233428687 ], [ 1.964249608010927, 50.756132193050796 ], [ 1.964265145743207, 50.756200181753123 ], [ 1.964314481487827, 50.756300977567626 ], [ 1.964310128112133, 50.756511503512826 ], [ 1.964203427594515, 50.756710872139578 ], [ 1.964004823531569, 50.756879567635949 ], [ 1.96373375631584, 50.75700107656111 ], [ 1.963416760310643, 50.757063504430178 ], [ 1.963084866322343, 50.757060740161165 ], [ 1.962971713323871, 50.757048403864914 ], [ 1.962933167303827, 50.757046156112338 ], [ 1.962913624114127, 50.757044025425586 ], [ 1.962674104821193, 50.756992444018877 ], [ 1.962555467131754, 50.756979509339551 ], [ 1.962554091967453, 50.756979497878341 ], [ 1.962554214683517, 50.756973573562114 ], [ 1.962364777567696, 50.756971994607426 ], [ 1.962330263589714, 50.756964561764242 ], [ 1.962178477369177, 50.756948012581411 ], [ 1.961864176072803, 50.756880324353048 ], [ 1.961772497596882, 50.756849724076737 ], [ 1.961747962819154, 50.756844440178327 ], [ 1.961610994105125, 50.756829505810103 ], [ 1.961296694930339, 50.756761816230686 ], [ 1.961030755741115, 50.756635831444967 ], [ 1.960970906677199, 50.756596855416227 ], [ 1.960765999274463, 50.756499782488653 ], [ 1.960748526641483, 50.756488403533147 ], [ 1.96068442307465, 50.756446656373065 ], [ 1.96065650826805, 50.756428476947711 ], [ 1.960600678715058, 50.756392118076342 ], [ 1.960587837189401, 50.756383755050223 ], [ 1.960396292723872, 50.756211806826514 ], [ 1.960299570690041, 50.756014162449709 ], [ 1.960280954271867, 50.756002038340355 ], [ 1.960089412279644, 50.755830089493685 ], [ 1.960053703172464, 50.755784147565642 ], [ 1.960001028804945, 50.755676508992181 ], [ 1.959982497138796, 50.755652203349193 ], [ 1.959954955761886, 50.755616080757648 ], [ 1.959928833942905, 50.75558181970549 ], [ 1.959857704836628, 50.755489973533692 ], [ 1.959806827768364, 50.755456838621527 ], [ 1.959729738179643, 50.755448431682822 ], [ 1.959728363282681, 50.755448420192231 ], [ 1.959728426554159, 50.755445373857505 ], [ 1.959510349317577, 50.755443551100704 ], [ 1.959431581987049, 50.755434961020647 ], [ 1.959419681434429, 50.755436054890176 ], [ 1.959392211483292, 50.755444327147913 ], [ 1.959341660956914, 50.755459835354436 ], [ 1.959196869107568, 50.755504954614032 ], [ 1.959171734657239, 50.755520483462625 ], [ 1.959115491759589, 50.755588279095903 ], [ 1.959088107947938, 50.755639435522099 ], [ 1.95908608639369, 50.755641872316772 ], [ 1.95905870250056, 50.755693028730597 ], [ 1.959037325124291, 50.755718797092193 ], [ 1.959036338408717, 50.755720640433239 ], [ 1.959011410896896, 50.755750687967335 ], [ 1.958812793444576, 50.755919375053622 ], [ 1.958739145737963, 50.755964876016961 ], [ 1.9585992351053, 50.756083701813594 ], [ 1.958558620948825, 50.756132657006866 ], [ 1.958502864526141, 50.756236813172876 ], [ 1.958471498554991, 50.756274620623948 ] ] ], [ [ [ 1.93383231992332, 50.769307217535832 ], [ 1.933979874961961, 50.769439734151057 ], [ 1.934082767066929, 50.769506768758887 ], [ 1.934230323356193, 50.769639285036945 ], [ 1.934252822357215, 50.769653943091178 ], [ 1.934260716770787, 50.769654805410603 ], [ 1.934268645010336, 50.76965407852407 ], [ 1.934321473113157, 50.769621470146426 ], [ 1.934341664053989, 50.769597157726196 ], [ 1.934350713935873, 50.769563840050516 ], [ 1.934343085297007, 50.769530379625728 ], [ 1.934323936453663, 50.769505730497947 ], [ 1.934209593213738, 50.769431235867792 ], [ 1.934209593213387, 50.769431235867629 ], [ 1.93418168076631, 50.769413050855192 ], [ 1.934181680765934, 50.769413050855015 ], [ 1.934153768339502, 50.769394865836055 ], [ 1.934153768338078, 50.76939486583538 ], [ 1.934048708043607, 50.769326418599249 ], [ 1.933843800551308, 50.769229303128235 ], [ 1.933823636438843, 50.769216165993804 ], [ 1.933717948895035, 50.769180868751668 ], [ 1.933704846827691, 50.769179437518218 ], [ 1.933661481026301, 50.769183413268244 ], [ 1.933712177894663, 50.769228943676481 ], [ 1.93383231992332, 50.769307217535832 ] ] ], [ [ [ 1.99944974896593, 50.789737679592299 ], [ 1.999471772347038, 50.789740072334986 ], [ 1.999493884306975, 50.789738034094619 ], [ 1.999604020671009, 50.789669968821229 ], [ 1.99963085519052, 50.789637605750819 ], [ 1.9996425231452, 50.789594454729482 ], [ 1.99963036659745, 50.789541466530906 ], [ 1.999627817044877, 50.789516967752519 ], [ 1.999594817984578, 50.789373130100131 ], [ 1.999553298894342, 50.789319819062314 ], [ 1.999530846787342, 50.789305221914049 ], [ 1.999494699038561, 50.789301294600186 ], [ 1.999455762928392, 50.789304883691443 ], [ 1.999402432618798, 50.789321511467506 ], [ 1.999377293540141, 50.789337047709076 ], [ 1.999328365508494, 50.789396055966286 ], [ 1.999307223058824, 50.789474244452904 ], [ 1.999306111952329, 50.789529816327565 ], [ 1.999335867616933, 50.78965951946558 ], [ 1.999342368892366, 50.789667867191213 ], [ 1.99944974896593, 50.789737679592299 ] ] ], [ [ [ 1.893700883084541, 50.785222137628352 ], [ 1.893724386418207, 50.785237460601977 ], [ 1.893868065414486, 50.785285488475722 ], [ 1.893870972940777, 50.785286116036694 ], [ 1.893918348327163, 50.785301952245653 ], [ 1.894184270819205, 50.785428074862963 ], [ 1.894206757904286, 50.785442735050211 ], [ 1.894206757904625, 50.785442735050374 ], [ 1.894234664764359, 50.785460928577095 ], [ 1.894234664764735, 50.785460928577265 ], [ 1.894262571644083, 50.785479122096788 ], [ 1.89426257164695, 50.785479122098153 ], [ 1.894264299953904, 50.785480248844259 ], [ 1.89445572911274, 50.785652291007736 ], [ 1.894553925619482, 50.785853412557969 ], [ 1.89454927628222, 50.786063926523518 ], [ 1.894523745024517, 50.786157605611983 ], [ 1.894528630219357, 50.786179101740785 ], [ 1.894547736200743, 50.786185488064611 ], [ 1.894666993536356, 50.78624204797368 ], [ 1.894745357152526, 50.786268241449548 ], [ 1.894755398191978, 50.786269341136084 ], [ 1.894763329635584, 50.786268616783332 ], [ 1.894792693528596, 50.786250516400138 ], [ 1.89493570602707, 50.78612933923165 ], [ 1.895026233570767, 50.786088859702971 ], [ 1.895040081886033, 50.786080323288019 ], [ 1.895311473232262, 50.785958969366497 ], [ 1.895383971585465, 50.785936356602797 ], [ 1.895701235179386, 50.785874104746981 ], [ 1.895781235624484, 50.78586679786229 ], [ 1.895797397992617, 50.785863626526456 ], [ 1.896129479129453, 50.785866570081296 ], [ 1.896290625059246, 50.785884216857767 ], [ 1.896358064140033, 50.785888686275399 ], [ 1.89649161032645, 50.785905350282626 ], [ 1.8965226540881, 50.785912306803766 ], [ 1.896702018683118, 50.785931948054426 ], [ 1.896752499287931, 50.785927336978574 ], [ 1.896802599868709, 50.785896452366792 ], [ 1.897026617365269, 50.785758355564347 ], [ 1.897298002151228, 50.78563699725435 ], [ 1.897307486251113, 50.785634038889867 ], [ 1.897548785965028, 50.785586687979105 ], [ 1.897551974936704, 50.785585712229405 ], [ 1.897612770154364, 50.785567086382414 ], [ 1.897923266185658, 50.785506919427782 ], [ 1.898058170183031, 50.78549459531208 ], [ 1.89812073420724, 50.785482317804252 ], [ 1.898200144116068, 50.785475063221092 ], [ 1.898208627975108, 50.785473398347143 ], [ 1.898343934629872, 50.785461037121259 ], [ 1.89867601324563, 50.785463973888824 ], [ 1.898890217972061, 50.78548742667536 ], [ 1.898977879687985, 50.785488201620829 ], [ 1.899057500622062, 50.785480927200787 ], [ 1.899169040899482, 50.785446132426372 ], [ 1.899233077131998, 50.785417494861584 ], [ 1.89955033265008, 50.785355233152721 ], [ 1.899743726043674, 50.785356941683034 ], [ 1.899743847764838, 50.78535140427514 ], [ 1.899858436540721, 50.785352416465813 ], [ 1.900103441583861, 50.785330030028128 ], [ 1.900105387852071, 50.785329648058401 ], [ 1.900437465698605, 50.785332580130593 ], [ 1.900451944105821, 50.785334165144313 ], [ 1.900520450330728, 50.785327905354109 ], [ 1.900523129491111, 50.785327069555116 ], [ 1.900525579245304, 50.785326307800062 ], [ 1.900693502723967, 50.785274261179616 ], [ 1.900717664793667, 50.785267009836033 ], [ 1.900764886185399, 50.7852532968069 ], [ 1.901055527037342, 50.785199044361711 ], [ 1.901074836162199, 50.785197279884201 ], [ 1.901119429095928, 50.785188527771432 ], [ 1.901451506066636, 50.785191457140726 ], [ 1.901544736572726, 50.785201662704559 ], [ 1.901583187392043, 50.785198148892398 ], [ 1.901664066867359, 50.785172916520466 ], [ 1.901783255149595, 50.785119610532966 ], [ 1.901986771440021, 50.785056117880423 ], [ 1.902038836225104, 50.785032832097748 ], [ 1.902264401296714, 50.784962459969144 ], [ 1.902585838553825, 50.78489981310365 ], [ 1.902847866028988, 50.784876540586005 ], [ 1.903175752643468, 50.78487984276132 ], [ 1.903392570183311, 50.784903573848418 ], [ 1.903436181183298, 50.784912983201451 ], [ 1.903603034037252, 50.784931245223078 ], [ 1.90374225721846, 50.784918519889288 ], [ 1.903840341858965, 50.784899266687468 ], [ 1.903883303736574, 50.784895339799519 ], [ 1.904068813000763, 50.784837671068097 ], [ 1.904101554508209, 50.784823026666579 ], [ 1.904157620169768, 50.784812021253501 ], [ 1.90427809144355, 50.784774433797551 ], [ 1.904324173425081, 50.784746020340364 ], [ 1.904595535029402, 50.784624645943779 ], [ 1.904617874918665, 50.784617675708297 ], [ 1.904778005827304, 50.784586241853589 ], [ 1.904986235671233, 50.784521582795911 ], [ 1.905302666629503, 50.784459778635615 ], [ 1.905633741453294, 50.78446278774522 ], [ 1.905693802737213, 50.784469360444135 ], [ 1.905758463470502, 50.784463449151069 ], [ 1.905817993979167, 50.784426741902337 ], [ 1.905911176873865, 50.784347760293123 ], [ 1.905933757304916, 50.784337660064828 ], [ 1.905952423648891, 50.784326150092831 ], [ 1.906124592258913, 50.784219987730324 ], [ 1.906148637340962, 50.784205161030386 ], [ 1.906496158030761, 50.784062328339438 ], [ 1.906798343045114, 50.784026972879467 ], [ 1.906797218312216, 50.784022028977887 ], [ 1.906959519842653, 50.784007189673041 ], [ 1.907060258454427, 50.783975755529156 ], [ 1.907231864250758, 50.783942064980621 ], [ 1.907448231856061, 50.783874549514032 ], [ 1.907451119858527, 50.783878269108577 ], [ 1.907548442022291, 50.783838267682299 ], [ 1.90782311149909, 50.783806129000773 ], [ 1.907821197741821, 50.783797717577784 ], [ 1.908131264055056, 50.783769365139037 ], [ 1.908166785376151, 50.783762391064869 ], [ 1.908183624500608, 50.783760851268489 ], [ 1.908317126409323, 50.78373464005854 ], [ 1.908553954628178, 50.783661005582672 ], [ 1.908610764509032, 50.783635592322575 ], [ 1.908692369692567, 50.783610126972462 ], [ 1.908714212686509, 50.783596657073339 ], [ 1.908741791607985, 50.783579649988809 ], [ 1.908950865407383, 50.783486122284721 ], [ 1.908971670624719, 50.783473292232365 ], [ 1.908994791403386, 50.78345903421971 ], [ 1.909266134704268, 50.783337649410726 ], [ 1.909288473367807, 50.783330678324191 ], [ 1.909605703151074, 50.783268390806349 ], [ 1.909656743902062, 50.783263722899946 ], [ 1.909719302292755, 50.783251439524705 ], [ 1.909770343015889, 50.783246771571633 ], [ 1.909832901357508, 50.783234488139044 ], [ 1.909909480137193, 50.783227484509077 ], [ 1.90992900122405, 50.783223671099492 ], [ 1.910063252319916, 50.783211644053431 ], [ 1.910393789636238, 50.783214990979978 ], [ 1.910498241948403, 50.783237574920328 ], [ 1.910607374340121, 50.783249513530571 ], [ 1.910775743586793, 50.783281113896201 ], [ 1.910792031931562, 50.783282895737869 ], [ 1.910827235545197, 50.783290489076002 ], [ 1.910933152046304, 50.783302075581936 ], [ 1.910968355694794, 50.78330966887993 ], [ 1.911181996635334, 50.783333039310314 ], [ 1.911292870035642, 50.783322897992782 ], [ 1.911302966317103, 50.78331980724559 ], [ 1.911359960778753, 50.783302359663139 ], [ 1.911365973618179, 50.783300533704846 ], [ 1.911397256984255, 50.783291110134677 ], [ 1.911701228340184, 50.783232881981156 ], [ 1.911705273475111, 50.783232511966411 ], [ 1.911857426530185, 50.783202633800208 ], [ 1.911936981465139, 50.783195356655405 ], [ 1.912026576567244, 50.783177762771537 ], [ 1.912045884415263, 50.783175996597997 ], [ 1.912090473756164, 50.783167240505101 ], [ 1.912422537910062, 50.783170140619838 ], [ 1.912544007202393, 50.783183426906746 ], [ 1.912627604174202, 50.78317577955066 ], [ 1.912722568168857, 50.783171874735842 ], [ 1.912880321893781, 50.783157443326573 ], [ 1.913053297030521, 50.783103457457322 ], [ 1.913370520188078, 50.783041160372136 ], [ 1.913702583131451, 50.783044056931956 ], [ 1.914016982575772, 50.78311186361227 ], [ 1.914282943997966, 50.783237943266293 ], [ 1.914297573955372, 50.78325108512697 ], [ 1.91440144618533, 50.783318771947137 ], [ 1.914478570810796, 50.7833272065524 ], [ 1.914537926920191, 50.783327723872297 ], [ 1.914660238441966, 50.783316532973764 ], [ 1.914662917141609, 50.783315696904502 ], [ 1.91466818144232, 50.78331406525276 ], [ 1.914824767075383, 50.783265870974432 ], [ 1.914910514924355, 50.783249194694235 ], [ 1.914920732520878, 50.783246005584509 ], [ 1.914927972731034, 50.783243767371538 ], [ 1.914982026554461, 50.783227217991417 ], [ 1.915185748662454, 50.783163862684994 ], [ 1.915350888727233, 50.783089974529126 ], [ 1.915668111774589, 50.783027670916169 ], [ 1.915752476456058, 50.783019951165571 ], [ 1.915965614189312, 50.782978814949921 ], [ 1.915983655088185, 50.782977164073756 ], [ 1.916315719033038, 50.782980053790574 ], [ 1.916531856864614, 50.78302666371971 ], [ 1.916609329816599, 50.783035135104299 ], [ 1.916634946413609, 50.783032790872156 ], [ 1.916650112005318, 50.783028104740367 ], [ 1.916965621010022, 50.782966790742677 ], [ 1.917295584820791, 50.782969868724102 ], [ 1.917304250323683, 50.782970816216832 ], [ 1.917343187202311, 50.782967252787046 ], [ 1.917396538121393, 50.782950659930357 ], [ 1.917404849517369, 50.782945533347522 ], [ 1.917676170139058, 50.78282412996662 ], [ 1.917993386873206, 50.782761821093054 ], [ 1.91801834162488, 50.782759537147903 ], [ 1.918026824585289, 50.78275787084106 ], [ 1.918027399915406, 50.782757818184301 ], [ 1.918116144939691, 50.78273028088028 ], [ 1.918432764015608, 50.782668520717159 ], [ 1.918763994470785, 50.782671644879763 ], [ 1.918791703290744, 50.782677627438098 ], [ 1.918818825853208, 50.782680592738018 ], [ 1.919133226180955, 50.782748385826416 ], [ 1.919167930249367, 50.782759977944131 ], [ 1.91943390554356, 50.782886048041931 ], [ 1.91950513034912, 50.782932454999361 ], [ 1.919527146851912, 50.782934861899484 ], [ 1.919549259094158, 50.782932837820795 ], [ 1.919649732832144, 50.782870860728927 ], [ 1.919921048065382, 50.782749452300322 ], [ 1.92023826208772, 50.782687137753115 ], [ 1.92025286462216, 50.782685801017621 ], [ 1.920291511294745, 50.782684209549494 ], [ 1.920295840405729, 50.782683813254138 ], [ 1.920300213966127, 50.78268385117223 ], [ 1.920419071906716, 50.782678956523718 ], [ 1.920438494069342, 50.782679124877092 ], [ 1.920438366307721, 50.782685048852521 ], [ 1.920627900699724, 50.782686691728387 ], [ 1.92094230651882, 50.782754481061673 ], [ 1.920957262837147, 50.782759476636684 ], [ 1.920960170399762, 50.782760103581353 ], [ 1.921013479733002, 50.782777909421526 ], [ 1.921016387305858, 50.782778536366678 ], [ 1.921052465205753, 50.78279058671712 ], [ 1.921318443574897, 50.782916651998718 ], [ 1.921509956460033, 50.783088653622372 ], [ 1.921515880797059, 50.783096280555988 ], [ 1.921568824753075, 50.783130774550905 ], [ 1.921619847986701, 50.783147816428254 ], [ 1.921700650286092, 50.783156648445278 ], [ 1.921702026265881, 50.783156660358252 ], [ 1.921701899427873, 50.783162548339988 ], [ 1.921891794042089, 50.783164192265005 ], [ 1.922011586819931, 50.783177285806474 ], [ 1.922015469798937, 50.783177319414776 ], [ 1.922243588284653, 50.783195069230317 ], [ 1.922295177525976, 50.783202747639614 ], [ 1.922529666478372, 50.783258319286539 ], [ 1.92260549510937, 50.783266607074275 ], [ 1.922751771294503, 50.783253213814945 ], [ 1.922836381209276, 50.783236590847046 ], [ 1.923168446436514, 50.783239462310775 ], [ 1.923482860234111, 50.783307245381948 ], [ 1.923515229784346, 50.78331805620396 ], [ 1.923692925240667, 50.783402272082242 ], [ 1.923708163471973, 50.783407361323583 ], [ 1.92397415109656, 50.783533420751915 ], [ 1.924021150748067, 50.78356403972785 ], [ 1.924201886595676, 50.78362440060414 ], [ 1.924363244867261, 50.783659185523831 ], [ 1.924391198943187, 50.783668521370664 ], [ 1.924394106583929, 50.783669148230473 ], [ 1.924447420246815, 50.783686953290953 ], [ 1.924450327384892, 50.783687579979599 ], [ 1.924503638096802, 50.783705384103158 ], [ 1.924506546287886, 50.783706011049965 ], [ 1.924559857636396, 50.783723815306814 ], [ 1.924562765573129, 50.783724442211721 ], [ 1.924616076961617, 50.783742246444106 ], [ 1.924618984900133, 50.783742873347691 ], [ 1.924621626782922, 50.783743755647727 ], [ 1.924744942971403, 50.783757231348929 ], [ 1.924804299585482, 50.783757743775112 ], [ 1.924920162924447, 50.783747133189962 ], [ 1.925252231957043, 50.783749999114661 ], [ 1.925367596735865, 50.783762605316028 ], [ 1.925455255787565, 50.78376336162907 ], [ 1.925540699126127, 50.783755536424209 ], [ 1.925844465699102, 50.783699641674268 ], [ 1.925943801148063, 50.783700877586114 ], [ 1.926046029670713, 50.783691514690638 ], [ 1.926378098232329, 50.783694377578811 ], [ 1.926692519353933, 50.78376215253617 ], [ 1.92675966699, 50.783784576147006 ], [ 1.92688544662323, 50.783798318806781 ], [ 1.927044663268658, 50.783832638057 ], [ 1.927164728135269, 50.783845756027731 ], [ 1.927350936443675, 50.783828699751176 ], [ 1.927386455613209, 50.783821720091211 ], [ 1.927388037850991, 50.783821575159763 ], [ 1.927529014956412, 50.783777716041925 ], [ 1.92755262366656, 50.78376714956859 ], [ 1.927592269147027, 50.78374268981436 ], [ 1.92761649892838, 50.783727740941998 ], [ 1.927887798215415, 50.78360631571433 ], [ 1.927969393878901, 50.783580837608099 ], [ 1.928051372900397, 50.78353025892509 ], [ 1.928079628594403, 50.783496252231885 ], [ 1.928090819794659, 50.783455083013123 ], [ 1.928197721146439, 50.783255753506616 ], [ 1.928215712782483, 50.783240494464444 ], [ 1.928325933751201, 50.783107837958696 ], [ 1.928336654988019, 50.78308784676527 ], [ 1.928345404555716, 50.78304971987032 ], [ 1.928401188625916, 50.782967514715473 ], [ 1.928407236095776, 50.782956238324353 ], [ 1.928415991465912, 50.782945700735084 ], [ 1.928454908073033, 50.782888351765379 ], [ 1.928626558904765, 50.782750449443519 ], [ 1.928641165264412, 50.782741437437039 ], [ 1.928643587487842, 50.7827399430331 ], [ 1.92891487067962, 50.782618524889294 ], [ 1.929232057223788, 50.782556191756228 ], [ 1.929297275905739, 50.782550216623072 ], [ 1.929312808609095, 50.782545366246325 ], [ 1.929420586975099, 50.78251627818252 ], [ 1.929432886144234, 50.782513456075527 ], [ 1.92970050572878, 50.78247590928887 ], [ 1.929974368110143, 50.782483058901477 ], [ 1.929996270281985, 50.782485451423739 ], [ 1.930039625423285, 50.782481479090556 ], [ 1.930296060465851, 50.782431272225807 ], [ 1.930462255989293, 50.782416275407783 ], [ 1.93051455058061, 50.782400004056548 ], [ 1.930588900224377, 50.782354128330972 ], [ 1.93086018523506, 50.782232696256628 ], [ 1.931177381290141, 50.782170353703023 ], [ 1.93150944004851, 50.782173202988986 ], [ 1.931600687909881, 50.782183169506773 ], [ 1.931604570752768, 50.782183202815631 ], [ 1.931780117505412, 50.782193999177899 ], [ 1.932116463785341, 50.782232775128151 ], [ 1.932114566855313, 50.782239388492627 ], [ 1.932230429215886, 50.782256485905876 ], [ 1.932231198593806, 50.782253654943155 ], [ 1.932232730987601, 50.782253822328357 ], [ 1.932276928083607, 50.782263347551435 ], [ 1.93244148582054, 50.782287630500818 ], [ 1.932452096328694, 50.782290829099964 ], [ 1.93249090974288, 50.782303152736404 ], [ 1.932544222313352, 50.782320953572608 ], [ 1.932547130533762, 50.782321580334965 ], [ 1.932599068171117, 50.782338922050606 ], [ 1.932604883810928, 50.78234017535177 ], [ 1.932607525473805, 50.782341057389694 ], [ 1.932608832932357, 50.782341200184163 ], [ 1.932644039120081, 50.782348787358757 ], [ 1.932952758111839, 50.782382503732336 ], [ 1.932952323529627, 50.782384103063691 ], [ 1.932990248227018, 50.782386729970277 ], [ 1.933082817545438, 50.782398879340398 ], [ 1.933135315154497, 50.782410819090941 ], [ 1.933274226553279, 50.782425989648502 ], [ 1.933588648972842, 50.782493747328274 ], [ 1.933687974745712, 50.782540809553936 ], [ 1.93368937221133, 50.782541276142915 ], [ 1.933955380273876, 50.782667314367096 ], [ 1.934146935112407, 50.782839296266673 ], [ 1.93420934513248, 50.782966902385247 ], [ 1.934255648779804, 50.78302648914616 ], [ 1.934352767550828, 50.783089743492056 ], [ 1.934455250058466, 50.78313829982752 ], [ 1.934482085787442, 50.783155778077543 ], [ 1.93448208578783, 50.783155778077727 ], [ 1.934510006006842, 50.783173962642209 ], [ 1.934510006007188, 50.783173962642373 ], [ 1.934537926246281, 50.783192147199927 ], [ 1.93453792624667, 50.783192147200126 ], [ 1.934553233241655, 50.783202116695506 ], [ 1.934744792129452, 50.783374097517118 ], [ 1.934772705064636, 50.783410016918531 ], [ 1.934856459901669, 50.78356072192711 ], [ 1.934881805892472, 50.78371969701778 ], [ 1.934881245742885, 50.783739126860574 ], [ 1.934901394913737, 50.783827472988676 ], [ 1.934981450913647, 50.783996935022941 ], [ 1.93500570498055, 50.784103277910766 ], [ 1.935081320829458, 50.784200935275564 ], [ 1.93518166396591, 50.784266286658479 ], [ 1.935373229084903, 50.784438266234211 ], [ 1.935478718132087, 50.784574007311775 ], [ 1.935501943036885, 50.784594857487967 ], [ 1.935519325643028, 50.784630395262951 ], [ 1.935539789888332, 50.784656728056561 ], [ 1.935638149497905, 50.784857817496992 ], [ 1.935633673032963, 50.785068333287569 ], [ 1.935624983691282, 50.785084539981078 ], [ 1.935619981464924, 50.785102951611712 ], [ 1.935589796305087, 50.785159250532814 ], [ 1.935565157802929, 50.785249936627729 ], [ 1.935576880493314, 50.785301331205709 ], [ 1.93557240371219, 50.785511846921075 ], [ 1.935465526832425, 50.785711182167354 ], [ 1.935459039214794, 50.785718991634049 ], [ 1.935444696803431, 50.785771780137509 ], [ 1.935443943781233, 50.785774517889692 ], [ 1.935400380787799, 50.785930988635862 ], [ 1.9353984653015, 50.78602104669595 ], [ 1.935409665797858, 50.786070151800786 ], [ 1.93548608215857, 50.786119917784859 ], [ 1.935677655190983, 50.786291896114555 ], [ 1.935776018647294, 50.786492984592726 ], [ 1.935773412149194, 50.786615583775507 ], [ 1.935782147423636, 50.78661565841081 ], [ 1.935780984402538, 50.786670357593906 ], [ 1.935792567676774, 50.786721138271048 ], [ 1.935860949078623, 50.786809445194592 ], [ 1.935942934628519, 50.786883043373848 ], [ 1.936011760846481, 50.78697160127679 ], [ 1.936126146911655, 50.787046092309879 ], [ 1.936129074067755, 50.787047998541901 ], [ 1.936320653087416, 50.787219975930242 ], [ 1.936419020870699, 50.787421063967059 ], [ 1.936414547460648, 50.787631578961729 ], [ 1.936411428280868, 50.787643059746046 ], [ 1.936411391210464, 50.787644804235569 ], [ 1.936435616455161, 50.787750998841283 ], [ 1.936484113271168, 50.787860115167511 ], [ 1.936473707151127, 50.788065590777471 ], [ 1.936365918100425, 50.788259485550633 ], [ 1.936277329847874, 50.788334046081211 ], [ 1.936238474585675, 50.788380816594071 ], [ 1.936237760947994, 50.788383411163927 ], [ 1.936206447168109, 50.788495885142687 ], [ 1.936217058866507, 50.788542403003454 ], [ 1.936273869689939, 50.788661448476368 ], [ 1.936274059597039, 50.788662280953453 ], [ 1.936286883475432, 50.788678780521202 ], [ 1.936305971461466, 50.788691210569802 ], [ 1.936497557378706, 50.788863187254591 ], [ 1.936518614724052, 50.788890279918625 ], [ 1.936520615403962, 50.788892867983876 ], [ 1.936593386840536, 50.788987516808064 ], [ 1.936643203273883, 50.789019956657555 ], [ 1.936720340420978, 50.78902837741731 ], [ 1.9369495362833, 50.78903033364918 ], [ 1.937148564945427, 50.789012089114706 ], [ 1.937238161592981, 50.788994477252807 ], [ 1.937251609647472, 50.788993244475918 ], [ 1.937307373338934, 50.788982283055226 ], [ 1.937639477561946, 50.78898511593048 ], [ 1.937811376864438, 50.789022148217683 ], [ 1.937886274381614, 50.789030323762972 ], [ 1.937890593609128, 50.789030801056469 ], [ 1.938081966831043, 50.789052206683131 ], [ 1.938104384733295, 50.789050151491182 ], [ 1.938158776798603, 50.78903316412935 ], [ 1.93818061422784, 50.789019689175305 ], [ 1.938353420735708, 50.78891305718642 ], [ 1.938460990091557, 50.788821812049591 ], [ 1.938732290988764, 50.788700364049994 ], [ 1.939049518141458, 50.788638002056842 ], [ 1.93938162017868, 50.788640830289005 ], [ 1.939696089891519, 50.788708571909282 ], [ 1.939962145786873, 50.788834596119322 ], [ 1.940041020262429, 50.788885953964609 ], [ 1.940114834678302, 50.788952206577882 ], [ 1.940210454006067, 50.789014467145336 ], [ 1.940218351710838, 50.78901532907588 ], [ 1.940226282976151, 50.789014601827418 ], [ 1.940295818751169, 50.788971691936759 ], [ 1.940372411866916, 50.788906719015138 ], [ 1.940399983106716, 50.7888897049666 ], [ 1.940428668346441, 50.788872003456099 ], [ 1.940457353565994, 50.788854301938443 ], [ 1.940485525532467, 50.78883691712781 ], [ 1.94053370812905, 50.788796044083199 ], [ 1.940805003776604, 50.788674591339351 ], [ 1.940837234011999, 50.788668254802474 ], [ 1.940864509133314, 50.788659735637239 ], [ 1.94094590770486, 50.788643732472899 ], [ 1.940949802208975, 50.788642516043339 ], [ 1.941267028327558, 50.788580147894422 ], [ 1.941286688692506, 50.788578344980515 ], [ 1.941618790436265, 50.788581167383761 ], [ 1.941933262715414, 50.788648903482397 ], [ 1.94202706306528, 50.788680209714627 ], [ 1.942080569761587, 50.78870555310592 ], [ 1.942306361499443, 50.788780911283169 ], [ 1.942387055044123, 50.788798291846533 ], [ 1.942425970412884, 50.788811279820543 ], [ 1.942548149081382, 50.788837595735536 ], [ 1.942814212422696, 50.788963613688821 ], [ 1.942873446837529, 50.789002180345456 ], [ 1.942924483038873, 50.789019213236571 ], [ 1.942978426389458, 50.789025099224524 ], [ 1.943148522808972, 50.789009498464132 ], [ 1.943405745771775, 50.788961176514725 ], [ 1.943732497997111, 50.788965521235397 ], [ 1.944041680735239, 50.789032665292538 ], [ 1.944157349644723, 50.789071267307982 ], [ 1.944423418896824, 50.789197281916117 ], [ 1.944615034789874, 50.789369246035527 ], [ 1.944687332336998, 50.789516978516382 ], [ 1.944705221166885, 50.789539988184259 ], [ 1.944785030811946, 50.78959194791603 ], [ 1.944808205472396, 50.789599681713639 ], [ 1.944929988428049, 50.789657358598092 ], [ 1.944976527608399, 50.789672889454906 ], [ 1.945242601924521, 50.789798902201056 ], [ 1.94531863304336, 50.789848400993385 ], [ 1.945344309552312, 50.789856969514339 ], [ 1.945507100418882, 50.789874728667741 ], [ 1.945509852544331, 50.789874751965598 ], [ 1.94558731950708, 50.789867645467396 ], [ 1.945640161569965, 50.789835033292967 ], [ 1.945699755006837, 50.78976328148859 ], [ 1.945722678854568, 50.789720512057784 ], [ 1.945921474906212, 50.789551854146914 ], [ 1.946192761723847, 50.789430390037367 ], [ 1.94650998427404, 50.789368009140631 ], [ 1.946842091626428, 50.789370817527825 ], [ 1.947156576041587, 50.789438540304189 ], [ 1.947191845480549, 50.789450309532327 ], [ 1.94725838020459, 50.789457566997918 ], [ 1.947482605656462, 50.789436993961417 ], [ 1.947502037278211, 50.789433180490548 ], [ 1.94766371002311, 50.789418469067478 ], [ 1.947728143706791, 50.789378700486481 ], [ 1.947999425631476, 50.789257232252801 ], [ 1.948055486660848, 50.78924620717536 ], [ 1.94808428390315, 50.789237210632791 ], [ 1.948091523496346, 50.789234970512759 ], [ 1.948145698887577, 50.789218368259412 ], [ 1.948395971729543, 50.78914051540734 ], [ 1.948566684937502, 50.789107042825862 ], [ 1.948743805926111, 50.789051707081477 ], [ 1.949061022548649, 50.788989319707326 ], [ 1.949393127174982, 50.78899212120723 ], [ 1.949546816049494, 50.789008882549901 ], [ 1.949678133322635, 50.788996831456231 ], [ 1.949845351116245, 50.788963943199292 ], [ 1.950057310958552, 50.788965729875827 ], [ 1.950057388052728, 50.78896205486145 ], [ 1.950087069351447, 50.788962305042936 ], [ 1.950295826064857, 50.788943146200346 ], [ 1.950366864197602, 50.788929174104155 ], [ 1.95045049622579, 50.788921498567227 ], [ 1.950592826324306, 50.788877029282283 ], [ 1.95060140377555, 50.788873188352142 ], [ 1.950787927555071, 50.78883650140358 ], [ 1.950807163111913, 50.788830639402953 ], [ 1.951041222608889, 50.788785398983016 ], [ 1.951101192896574, 50.788766661618176 ], [ 1.951178161824391, 50.788719151487953 ], [ 1.951449431126801, 50.788597675928187 ], [ 1.951533632362433, 50.788571367295859 ], [ 1.951695698478245, 50.788498792580292 ], [ 1.951751757451075, 50.788487765882138 ], [ 1.951780553067286, 50.788478768615221 ], [ 1.951781924830181, 50.788478340782 ], [ 1.951925123922155, 50.788433760065963 ], [ 1.951928450529263, 50.788421501605391 ], [ 1.951926740241622, 50.788414014841791 ], [ 1.951931148393876, 50.788203499474115 ], [ 1.952037964921239, 50.788004150840472 ], [ 1.952069895536768, 50.787977055586651 ], [ 1.952198171640103, 50.787822571437559 ], [ 1.952217048513001, 50.787787341443568 ], [ 1.95241581520986, 50.787618672377853 ], [ 1.952441373611718, 50.787602895189714 ], [ 1.952517948866446, 50.787537914665215 ], [ 1.952602875522881, 50.787485489197678 ], [ 1.952619470699837, 50.787475244927464 ], [ 1.95268673835007, 50.787418162349155 ], [ 1.952778540294916, 50.787377050286679 ], [ 1.952795135400011, 50.78736680599134 ], [ 1.952851381532423, 50.787332084740811 ], [ 1.952955885038308, 50.787285284242678 ], [ 1.953055646626785, 50.787223700093683 ], [ 1.953086466841731, 50.787186581354028 ], [ 1.953148609721846, 50.787070598116074 ], [ 1.953347370105823, 50.786901927773911 ], [ 1.953374125217226, 50.786885411212793 ], [ 1.953428349098899, 50.786820104855643 ], [ 1.953497838337215, 50.786690407562041 ], [ 1.953696596151567, 50.786521736549147 ], [ 1.953967847612379, 50.786400255008097 ], [ 1.954285041164602, 50.786337854048689 ], [ 1.954460924055861, 50.786321705350112 ], [ 1.954793011529866, 50.786324492534348 ], [ 1.955107487476145, 50.786392195492184 ], [ 1.955202205647298, 50.786437045305675 ], [ 1.955294360789354, 50.786467791311949 ], [ 1.955304403258875, 50.786468886123629 ], [ 1.955312333991166, 50.786468157903911 ], [ 1.955428255856968, 50.786396592249211 ], [ 1.955428256228963, 50.786396591931002 ], [ 1.955456934581568, 50.786378886981254 ], [ 1.955475590451061, 50.786367369529792 ], [ 1.955492129169927, 50.786353333574603 ], [ 1.955619199385224, 50.786296421626787 ], [ 1.955678695419541, 50.78625969070626 ], [ 1.955702086106195, 50.786173468190817 ], [ 1.955703456670556, 50.786107782716755 ], [ 1.955715184103289, 50.786085891817912 ], [ 1.955719366956306, 50.786070473036695 ], [ 1.95574952979252, 50.786014169766119 ], [ 1.955762819069179, 50.785965182239551 ], [ 1.955869615629476, 50.78576582945626 ], [ 1.956068362015868, 50.785597154164371 ], [ 1.956154529996788, 50.785558560260469 ], [ 1.95623218616163, 50.785510616436973 ], [ 1.956233235186102, 50.785506749304759 ], [ 1.956346506150503, 50.785299715101019 ], [ 1.956558702926442, 50.785126729366702 ], [ 1.956749285904722, 50.785047098672742 ], [ 1.956744773415657, 50.785042551021228 ], [ 1.956870898057801, 50.784992256694089 ], [ 1.956892118669314, 50.784977063396575 ], [ 1.957079774980478, 50.784810201244539 ], [ 1.957095039416383, 50.784800776835361 ], [ 1.957123716408637, 50.784783071370164 ], [ 1.957246923932846, 50.784707001574965 ], [ 1.95730074044801, 50.784673774502956 ], [ 1.957389771751734, 50.784597607824232 ], [ 1.957489644019555, 50.784477302268719 ], [ 1.957490631631764, 50.784475458690721 ], [ 1.957501928243633, 50.784461850769908 ], [ 1.957565045179662, 50.784344021013602 ], [ 1.957763779855932, 50.784175342922644 ], [ 1.957786543868552, 50.78416128776535 ], [ 1.957944539666012, 50.784027186072564 ], [ 1.9582157672516, 50.783905694814059 ], [ 1.958532939654009, 50.783843282779273 ], [ 1.958865010878563, 50.783846059081945 ], [ 1.959024613159989, 50.783863454794449 ], [ 1.959044336658818, 50.783861643029454 ], [ 1.959104595188321, 50.78378905119569 ], [ 1.959123646061673, 50.783753483075714 ], [ 1.959322372534673, 50.783584802189765 ], [ 1.959593593761568, 50.783463307536245 ], [ 1.959616410219314, 50.783456175868885 ], [ 1.959776246940613, 50.78342472151224 ], [ 1.959968531694951, 50.783364619435311 ], [ 1.960285698758355, 50.783302202846194 ], [ 1.960617766770017, 50.783304974550781 ], [ 1.96062142580366, 50.783305373319159 ], [ 1.960793440707293, 50.783289569782248 ], [ 1.960883019516996, 50.783271940600137 ], [ 1.960902632047311, 50.783270138716759 ], [ 1.960946627009651, 50.783261480484143 ], [ 1.96107421362655, 50.783249758374851 ], [ 1.961086519697104, 50.783246006420967 ], [ 1.961394322842229, 50.783186477366336 ], [ 1.961397173800279, 50.783186215424927 ], [ 1.961544633651798, 50.783140121571272 ], [ 1.961674023727777, 50.783082157340615 ], [ 1.961991190114686, 50.783019736703707 ], [ 1.962004062124899, 50.783018554018987 ], [ 1.962145570626421, 50.783019733532718 ], [ 1.962282090156171, 50.783007189303127 ], [ 1.962448294815861, 50.783000288537515 ], [ 1.962582301776802, 50.783001404827331 ], [ 1.962678692584505, 50.78299254753199 ], [ 1.962829965924682, 50.782986266233522 ], [ 1.962933783978516, 50.782976726208496 ], [ 1.963099988873128, 50.782969824533801 ], [ 1.963167135013797, 50.782970383534092 ], [ 1.963332996729055, 50.782980049706168 ], [ 1.963416238742298, 50.782989119743327 ], [ 1.963453302092475, 50.782985713758769 ], [ 1.963785368137217, 50.782988476890601 ], [ 1.96400750093859, 50.783036285066018 ], [ 1.964066192669661, 50.7830426797616 ], [ 1.964074122473348, 50.783041951003625 ], [ 1.964179937434811, 50.782976605653538 ], [ 1.964451144397459, 50.782855100514205 ], [ 1.964768302639291, 50.782792672488952 ], [ 1.964896292450554, 50.7827809092406 ], [ 1.965228355816048, 50.782783668521525 ], [ 1.965309356295679, 50.782792493024637 ], [ 1.965371370176098, 50.782805839138469 ], [ 1.96558366200296, 50.782828966761947 ], [ 1.965699622216543, 50.782829929813175 ], [ 1.965779229362268, 50.78282261270607 ], [ 1.965924553144289, 50.782777179891617 ], [ 1.966241708824587, 50.782714748129713 ], [ 1.96657377302254, 50.782717503909439 ], [ 1.966888242244565, 50.782785177485565 ], [ 1.966976464549045, 50.782814603123498 ], [ 1.966986506478305, 50.782815696992728 ], [ 1.966996590110912, 50.782814770049285 ], [ 1.967024060091738, 50.78280618174437 ], [ 1.967341214627283, 50.782743747145837 ], [ 1.967673279137867, 50.782746499976682 ], [ 1.967987750087682, 50.782814170780263 ], [ 1.968253845862849, 50.782940135690048 ], [ 1.968382955310788, 50.783055945538315 ], [ 1.968385561404957, 50.783057641446348 ], [ 1.968533248428386, 50.783190114328633 ], [ 1.968669012835893, 50.783278461789962 ], [ 1.968694689971322, 50.783287025583718 ], [ 1.968777964421294, 50.783296095384458 ], [ 1.968794270423338, 50.783297954508356 ], [ 1.96888174829772, 50.783308375672732 ], [ 1.968990890940981, 50.783332464468742 ], [ 1.969251775105099, 50.783388600250518 ], [ 1.969288293054619, 50.783400779404325 ], [ 1.969299926499128, 50.783403282611928 ], [ 1.969517363146743, 50.783475799841831 ], [ 1.969520271515009, 50.783476425638412 ], [ 1.969573598767994, 50.783494210701157 ], [ 1.969576507137972, 50.783494836496395 ], [ 1.969629834430499, 50.783512621534562 ], [ 1.969632742802289, 50.783513247328465 ], [ 1.969649267988782, 50.783518758589942 ], [ 1.969729962191098, 50.783536121501861 ], [ 1.969754175477456, 50.783544196767359 ], [ 1.969996258484449, 50.783596285138948 ], [ 1.970018719541281, 50.783603775955406 ], [ 1.97003326145177, 50.783606904878518 ], [ 1.970305403799347, 50.78369766445249 ], [ 1.970308312190331, 50.783698290230447 ], [ 1.970361639959646, 50.783716074949787 ], [ 1.970364548352366, 50.783716700726416 ], [ 1.970379872172435, 50.783721811186872 ], [ 1.970382712209824, 50.783722120466841 ], [ 1.970399018410224, 50.783723979379459 ], [ 1.970486497363152, 50.783734399410008 ], [ 1.97078467208101, 50.783800204148967 ], [ 1.970812637475962, 50.783809530407567 ], [ 1.97081554587979, 50.783810156173601 ], [ 1.970868873948386, 50.783827940672687 ], [ 1.970871782354017, 50.783828566437379 ], [ 1.970925110462305, 50.783846350911936 ], [ 1.970928018869637, 50.783846976675271 ], [ 1.970944544308904, 50.783852487762111 ], [ 1.971025239498453, 50.783869849826011 ], [ 1.971029083597099, 50.78387113179452 ], [ 1.971109778846011, 50.783888493803154 ], [ 1.971113622948254, 50.783889775769033 ], [ 1.971194318256541, 50.783907137722402 ], [ 1.971198162362381, 50.783908419685616 ], [ 1.971278857730044, 50.78392578158374 ], [ 1.971316752604922, 50.783938419024217 ], [ 1.971325477857999, 50.783940296286396 ], [ 1.971488215224027, 50.783994566826316 ], [ 1.971491123647009, 50.783995192576377 ], [ 1.971506447667343, 50.784000302896075 ], [ 1.971588792646768, 50.784009269412969 ], [ 1.97173305846411, 50.784010460539299 ], [ 1.97181266644116, 50.784003139599633 ], [ 1.971828195202676, 50.783998284015397 ], [ 1.971850752553969, 50.783991438947268 ], [ 1.971906247055014, 50.783975105583529 ], [ 1.972219430869913, 50.783917900744775 ], [ 1.972545229489862, 50.783923631518562 ], [ 1.972852927916723, 50.783991757628698 ], [ 1.973113517376314, 50.784115856385043 ], [ 1.973129811638895, 50.784126458312578 ], [ 1.973129811639278, 50.784126458312763 ], [ 1.973157746435889, 50.784144634184827 ], [ 1.973157746436217, 50.784144634184983 ], [ 1.973176316524868, 50.784156716866356 ], [ 1.973250167897478, 50.784222950379799 ], [ 1.973403208204307, 50.784322525829708 ], [ 1.973514474618824, 50.784359628919056 ], [ 1.973586046287858, 50.784375026190219 ], [ 1.973852164446992, 50.784500978839517 ], [ 1.974043863299049, 50.784672898859064 ], [ 1.974106189476187, 50.784800101288816 ], [ 1.974131678447671, 50.784832859239764 ], [ 1.974246116263922, 50.784907315453133 ], [ 1.974246116264286, 50.784907315453317 ], [ 1.974250743014571, 50.784910325730088 ], [ 1.974303612432839, 50.784935347982319 ], [ 1.974495314498847, 50.785107267193091 ], [ 1.974521675278599, 50.785141144930321 ], [ 1.974573647764796, 50.785174959061976 ], [ 1.974778699521652, 50.785272005136939 ], [ 1.974878908449331, 50.785337201999859 ], [ 1.974952763816889, 50.785403434384932 ], [ 1.975098588850287, 50.785498308739996 ], [ 1.975290666044159, 50.78567070285407 ], [ 1.975389056335314, 50.78587233533726 ], [ 1.975423526057518, 50.786024609282485 ], [ 1.975450432790159, 50.78608190253189 ], [ 1.975464528220412, 50.78610001644563 ], [ 1.975578970916182, 50.786174471290423 ], [ 1.975578970916546, 50.786174471290607 ], [ 1.975606907745377, 50.78619264655655 ], [ 1.975606907745752, 50.786192646556728 ], [ 1.975625479185342, 50.78620472883518 ], [ 1.975699336820229, 50.786270960689436 ], [ 1.9757685772694, 50.786316007180375 ], [ 1.975912338003935, 50.786363940311702 ], [ 1.975915246619906, 50.786364565956205 ], [ 1.975962648959273, 50.786380370926167 ], [ 1.976228783759742, 50.786506318112266 ], [ 1.976356449421762, 50.786589373281586 ], [ 1.976561510428819, 50.78668641621195 ], [ 1.976637567784832, 50.78673589612044 ], [ 1.97668918809036, 50.786753106931016 ], [ 1.977002481281068, 50.786820493199393 ], [ 1.97726862103797, 50.786946438079205 ], [ 1.97748531940355, 50.787087409763679 ], [ 1.977485319403896, 50.787087409763842 ], [ 1.977495990778842, 50.787094351924992 ], [ 1.977517564350435, 50.787104561003289 ], [ 1.977528680732265, 50.787108267207564 ], [ 1.977794823343106, 50.787234210907705 ], [ 1.977821676397331, 50.787251679708227 ], [ 1.977821676397683, 50.787251679708397 ], [ 1.977849614642037, 50.787269854441433 ], [ 1.977849614642395, 50.78726985444159 ], [ 1.977877552907073, 50.787288029167897 ], [ 1.977877552907419, 50.78728802916806 ], [ 1.977905491192308, 50.787306203887532 ], [ 1.977905491192685, 50.787306203887709 ], [ 1.977926325534065, 50.787319757258935 ], [ 1.9780341231579, 50.787331488736626 ], [ 1.978194313558801, 50.787332802948761 ], [ 1.978508827539467, 50.787400446712546 ], [ 1.978707032969269, 50.787494238354434 ], [ 1.978888787000466, 50.787554832271034 ], [ 1.978891695722825, 50.787555457844888 ], [ 1.97894503065111, 50.787573238784553 ], [ 1.97894793937532, 50.787573864357107 ], [ 1.97896540739586, 50.787579687883643 ], [ 1.979231556128194, 50.787705628423467 ], [ 1.97941457918353, 50.787869732787641 ], [ 1.979498665528581, 50.787924430684093 ], [ 1.97952184477843, 50.787932158042729 ], [ 1.979787996784988, 50.788058097325816 ], [ 1.979807746732673, 50.788070944445799 ], [ 1.979879248331621, 50.78807872464705 ], [ 1.98014049134479, 50.78808086389089 ], [ 1.980455012659574, 50.788148502665727 ], [ 1.980721168164585, 50.788274439913458 ], [ 1.980831122914397, 50.788373023897066 ], [ 1.980947345417862, 50.788448622681607 ], [ 1.981139083758168, 50.788620530744673 ], [ 1.981237634336044, 50.788821582926566 ], [ 1.98124840929147, 50.788868626689307 ], [ 1.981267588646828, 50.788893267869227 ], [ 1.981291120497108, 50.788908574224649 ], [ 1.981415474863035, 50.788922103622276 ], [ 1.981730003186885, 50.788989739090994 ], [ 1.981996166373126, 50.789115673452699 ], [ 1.982131620393354, 50.789237113318563 ], [ 1.982280530428402, 50.789333969176582 ], [ 1.982280530428766, 50.789333969176759 ], [ 1.982308471453839, 50.789352142851513 ], [ 1.982308471455633, 50.789352142852373 ], [ 1.982330826961661, 50.789366683524847 ], [ 1.982389396537174, 50.789386206778389 ], [ 1.982572393729316, 50.789425556217687 ], [ 1.982644184459478, 50.789459522845881 ], [ 1.98285862744594, 50.78953100302477 ], [ 1.982914108581904, 50.789537038429685 ], [ 1.98310671070357, 50.78951931064104 ], [ 1.9834388210258, 50.789522021412196 ], [ 1.983479161638824, 50.789526409595503 ], [ 1.983625451611752, 50.789527603323961 ], [ 1.984030630430515, 50.789582135352838 ], [ 1.984126244242977, 50.789623769378395 ], [ 1.984129288213576, 50.789620100022759 ], [ 1.984329158170164, 50.789686719327172 ], [ 1.984492327736127, 50.789704467286384 ], [ 1.98449006027576, 50.789712843257554 ], [ 1.984763311140335, 50.789749617454561 ], [ 1.984986572963926, 50.789846831949966 ], [ 1.985063010163056, 50.789872308744975 ], [ 1.985187288793663, 50.789885825748797 ], [ 1.985230919487968, 50.789895206387158 ], [ 1.985452942624933, 50.78991935403284 ], [ 1.98548400097728, 50.789919606989514 ], [ 1.985606312675106, 50.789908346535249 ], [ 1.985645185830967, 50.789896187734996 ], [ 1.985658797589144, 50.789887778540241 ], [ 1.985929989693103, 50.789766227967881 ], [ 1.986247164738398, 50.789703745894251 ], [ 1.986579276453939, 50.789706448292129 ], [ 1.986609169178621, 50.789709699184556 ], [ 1.986706416877344, 50.789730606342488 ], [ 1.986982537470706, 50.789760634403159 ], [ 1.986981106551621, 50.789765921195141 ], [ 1.987114097739971, 50.789778685303652 ], [ 1.987379102466391, 50.789854741865469 ], [ 1.987601589149971, 50.789973538596676 ], [ 1.987741324480326, 50.790104162482926 ], [ 1.987749888837798, 50.790109732135249 ], [ 1.987827036246247, 50.790118121232602 ], [ 1.987828412325316, 50.790118132414037 ], [ 1.987828300337712, 50.790123669864272 ], [ 1.988021715048137, 50.790125241320752 ], [ 1.988336259858641, 50.790192859984714 ], [ 1.98860244606391, 50.790318779999239 ], [ 1.988624553371034, 50.79033315664423 ], [ 1.988711243795841, 50.790362047337062 ], [ 1.988950470485594, 50.790413472984525 ], [ 1.98895982717114, 50.790416591187586 ], [ 1.989226016134972, 50.790542509826594 ], [ 1.989248533339448, 50.790557152730763 ], [ 1.989248533339801, 50.790557152730933 ], [ 1.98927647757833, 50.790575324809168 ], [ 1.989276477578676, 50.790575324809332 ], [ 1.989304421837418, 50.790593496880746 ], [ 1.989304421837795, 50.790593496880923 ], [ 1.989332366116906, 50.790611668945616 ], [ 1.989332366117253, 50.790611668945786 ], [ 1.989360310416578, 50.79062984100365 ], [ 1.989360310416955, 50.790629841003835 ], [ 1.989388254736614, 50.790648013054948 ], [ 1.989388254736971, 50.790648013055112 ], [ 1.989416199076957, 50.790666185099496 ], [ 1.989416199077303, 50.790666185099653 ], [ 1.989444143437503, 50.790684357137202 ], [ 1.98944414343788, 50.790684357137373 ], [ 1.989466501611928, 50.79069889649967 ], [ 1.989547020187879, 50.790725729442357 ], [ 1.989813212273102, 50.790851646767173 ], [ 1.989948593829504, 50.790939683099104 ], [ 1.98994859382985, 50.790939683099261 ], [ 1.989976538536125, 50.790957855009843 ], [ 1.989976538536471, 50.790957855010014 ], [ 1.990004483262959, 50.790976026913761 ], [ 1.990004483263337, 50.790976026913931 ], [ 1.990032428010159, 50.790994198810942 ], [ 1.990032428010516, 50.79099419881112 ], [ 1.990060372777666, 50.791012370701374 ], [ 1.990060372778012, 50.791012370701544 ], [ 1.990088317565376, 50.79103054258497 ], [ 1.990088317565753, 50.79103054258514 ], [ 1.990116262373487, 50.791048714461851 ], [ 1.990116262373833, 50.791048714462008 ], [ 1.99014420720178, 50.791066886331912 ], [ 1.990144207202157, 50.791066886332089 ], [ 1.990172152050439, 50.791085058195229 ], [ 1.990172152050797, 50.791085058195392 ], [ 1.99019451061532, 50.791099597418103 ], [ 1.990232880259026, 50.791112383776323 ], [ 1.990234188178496, 50.791112525971506 ], [ 1.990269409333575, 50.79112009676205 ], [ 1.99028014069035, 50.791121263456297 ], [ 1.990594694811399, 50.791188876314848 ], [ 1.990626967586034, 50.791204141854671 ], [ 1.990900166857483, 50.791295181373421 ], [ 1.990905985037169, 50.791296431952958 ], [ 1.990950778666788, 50.791311358658433 ], [ 1.991004313159757, 50.7913366810171 ], [ 1.991245652763795, 50.791417102670543 ], [ 1.991534872063944, 50.791448543207579 ], [ 1.991534654514217, 50.791449347233801 ], [ 1.991556233000732, 50.791450724181985 ], [ 1.991728869545035, 50.791471530263159 ], [ 1.992033033507894, 50.79153982852587 ], [ 1.992079278047625, 50.791561908522254 ], [ 1.992190880890289, 50.791599096646117 ], [ 1.992215050114317, 50.791601723869469 ], [ 1.992325455485484, 50.791591553836369 ], [ 1.992478442268173, 50.791561408811788 ], [ 1.992668819354302, 50.791562948435207 ], [ 1.992668936959027, 50.791557105469295 ], [ 1.992674619686738, 50.791557151422353 ], [ 1.992712898964638, 50.791563304875702 ], [ 1.992810566645986, 50.791564094589248 ], [ 1.992834832425554, 50.791566732186034 ], [ 1.992830639042773, 50.791582231692438 ], [ 1.993155075534097, 50.791634384479018 ], [ 1.993291474734687, 50.791679833610665 ], [ 1.993461200944663, 50.791716311072349 ], [ 1.993727408145385, 50.79184221984255 ], [ 1.99391920338001, 50.792014107340741 ], [ 1.993947106306799, 50.792070995388471 ], [ 1.993953409621583, 50.792079089901904 ], [ 1.993954085423214, 50.792079959321384 ], [ 1.994026770482393, 50.792173638630395 ], [ 1.994077130795717, 50.792206382716451 ], [ 1.994201269081374, 50.792265095329618 ], [ 1.994212387845575, 50.792268800016039 ], [ 1.994478599874649, 50.792394707074671 ], [ 1.994554683616482, 50.79244417561052 ], [ 1.994663081393796, 50.792480292315183 ], [ 1.994750184243128, 50.79248975851624 ], [ 1.994959266046581, 50.792491445546268 ], [ 1.995273835099614, 50.792559046448289 ], [ 1.995417372778516, 50.792626931539402 ], [ 1.995604831634214, 50.792689388353018 ], [ 1.995660424518507, 50.792701334965585 ], [ 1.995926642491095, 50.792827238846684 ], [ 1.995933766668496, 50.79283187067584 ], [ 1.995996583087864, 50.792838696761095 ], [ 1.996311155724486, 50.792906295007917 ], [ 1.996335245161811, 50.792917687557953 ], [ 1.996466952906677, 50.792961567966394 ], [ 1.996519374010568, 50.792967264177165 ], [ 1.996607176453766, 50.792959173369582 ], [ 1.996939310328241, 50.792961848134013 ], [ 1.997239029214951, 50.793026251793933 ], [ 1.997533022841726, 50.793058195668387 ], [ 1.997531926937754, 50.793062247647278 ], [ 1.997679019253738, 50.793076351388848 ], [ 1.997944057493782, 50.793152385091794 ], [ 1.998166583912137, 50.79327116235423 ], [ 1.998275004307882, 50.793372476897908 ], [ 1.998419760758862, 50.793466584265616 ], [ 1.998419760759213, 50.793466584265779 ], [ 1.998447709951945, 50.793484754205771 ], [ 1.998447709952323, 50.793484754205949 ], [ 1.998475659165427, 50.793502924139212 ], [ 1.998475659165773, 50.793502924139361 ], [ 1.998486334819799, 50.793509864434014 ], [ 1.998588900851858, 50.793558367212789 ], [ 1.998611192248074, 50.793572858895793 ], [ 1.998803010887789, 50.793744738420024 ], [ 1.998860492616466, 50.793861901185359 ], [ 1.99891782841959, 50.793935783389657 ], [ 1.998997228993581, 50.793987400960617 ], [ 1.999202364203717, 50.794084405517907 ], [ 1.999228142782917, 50.794101163774563 ], [ 1.999228142784353, 50.794101163775245 ], [ 1.99933994226911, 50.794173842698967 ], [ 1.99933994226948, 50.794173842699152 ], [ 1.999357553289007, 50.794185291291164 ], [ 1.999381001988303, 50.794196379621219 ], [ 1.99939789686849, 50.794211517861676 ], [ 1.999527833553529, 50.794295986873685 ], [ 1.999665707816156, 50.79434191587346 ], [ 1.999931944591371, 50.794467810879567 ], [ 1.999956637973254, 50.794483863237403 ], [ 1.999956637973587, 50.794483863237566 ], [ 1.999976904473027, 50.794497037812654 ], [ 2.000182043672712, 50.79459404068205 ], [ 2.000315123099925, 50.794680550286422 ], [ 2.000458931365253, 50.794728454473706 ], [ 2.000461840774054, 50.794729079536999 ], [ 2.000513814403373, 50.79474639248469 ], [ 2.000519633224628, 50.794747642608662 ], [ 2.000588139200839, 50.794770462593426 ], [ 2.000674681102269, 50.7947890552785 ], [ 2.000761405495102, 50.794817943815687 ], [ 2.00092576493268, 50.794835796907719 ], [ 2.000983759259912, 50.794836261986177 ], [ 2.000983645854479, 50.794841942817314 ], [ 2.001175650608204, 50.794843482383314 ], [ 2.001490242840963, 50.794911067345367 ], [ 2.001633544823993, 50.794958800922949 ], [ 2.001687177645539, 50.794964626261901 ], [ 2.002001771330505, 50.795032209919739 ], [ 2.002268017654368, 50.795158099800737 ], [ 2.002310224603306, 50.79519591455869 ], [ 2.002516293890872, 50.795329862797914 ], [ 2.002516293891223, 50.795329862798091 ], [ 2.002537572243312, 50.795343693995783 ], [ 2.002663716853364, 50.795385710759227 ], [ 2.002825166475679, 50.79542039312107 ], [ 2.00284050053407, 50.795425500609177 ], [ 2.002985798385716, 50.795456713027342 ], [ 2.003252049443287, 50.795582600723669 ], [ 2.003443891724552, 50.79575447257384 ], [ 2.003465150350172, 50.795781761769724 ], [ 2.003539930714964, 50.795789882770876 ], [ 2.003541306953467, 50.795789893778661 ], [ 2.003541188994163, 50.795795817773545 ], [ 2.003730775046982, 50.795797334023732 ], [ 2.003765321481701, 50.795804754862395 ], [ 2.003792716336728, 50.795807729826116 ], [ 2.004107318164991, 50.79587530808007 ], [ 2.004152004177508, 50.795890191414429 ], [ 2.004218705832323, 50.795897434690382 ], [ 2.004392875367333, 50.795881375297299 ], [ 2.004725029049899, 50.795884029293028 ], [ 2.005039632616615, 50.795951605184861 ], [ 2.00530589147337, 50.796077488396662 ], [ 2.005352468458542, 50.796119214196381 ], [ 2.005436956453544, 50.796174127513723 ], [ 2.005458982952845, 50.796176519174317 ], [ 2.005550372485583, 50.796168091707898 ], [ 2.005748836237508, 50.796130521496067 ], [ 2.006077558221322, 50.796134828250892 ], [ 2.006388439754782, 50.796202667162525 ], [ 2.006591860777162, 50.796299162392664 ], [ 2.006676061749987, 50.796327204346788 ], [ 2.006715893653305, 50.796331528911971 ], [ 2.006754834709493, 50.796327937590064 ], [ 2.006808170042891, 50.796311306844373 ], [ 2.006904597093671, 50.796251711448797 ], [ 2.007175772071694, 50.796130115811984 ], [ 2.007492960912717, 50.796067580254615 ], [ 2.007825115995089, 50.796070225984764 ], [ 2.008139724917926, 50.7961377940291 ], [ 2.008151759368331, 50.796141801762779 ], [ 2.008232487272519, 50.796159139394057 ], [ 2.008236333267956, 50.79616042019012 ], [ 2.00831706123162, 50.796177757766138 ], [ 2.008340482170663, 50.796185557397202 ], [ 2.008606750574802, 50.79631143350958 ], [ 2.008798614039452, 50.796483296922396 ], [ 2.008804553242586, 50.796490919518988 ], [ 2.008913481019061, 50.796561710780011 ], [ 2.009057302919808, 50.796609604904141 ], [ 2.00906021254535, 50.796610229764845 ], [ 2.009113567838356, 50.796627997540106 ], [ 2.009116477465707, 50.796628622399467 ], [ 2.009133011329049, 50.796634128311482 ], [ 2.009192513349594, 50.796646906687286 ], [ 2.009327066962643, 50.796661512273047 ], [ 2.009358129618499, 50.796661759274869 ], [ 2.009480452416998, 50.796650475496541 ], [ 2.0094943975586, 50.79664611102686 ], [ 2.009734435988213, 50.79659254238836 ], [ 2.00988654011313, 50.796583035401838 ], [ 2.010108084251457, 50.796562597774113 ], [ 2.010284137733432, 50.796527883741732 ], [ 2.010616296018394, 50.796530522028661 ], [ 2.010930911603363, 50.796598082977191 ], [ 2.011197188717943, 50.796723953473865 ], [ 2.011389062660201, 50.796895812788954 ], [ 2.011487751054813, 50.797096838481181 ], [ 2.011510369295213, 50.797195307363751 ], [ 2.011561870342358, 50.797228774704514 ], [ 2.011705696694276, 50.797276665722386 ], [ 2.011708606391701, 50.79727729052059 ], [ 2.011761963336224, 50.797295057143572 ], [ 2.011764873035387, 50.79729568194044 ], [ 2.011818230019442, 50.797313448538809 ], [ 2.011821139720416, 50.797314073334356 ], [ 2.011874496744057, 50.797331839908104 ], [ 2.011877406446802, 50.797332464702336 ], [ 2.011930763510029, 50.7973502312515 ], [ 2.011933673214545, 50.797350856044382 ], [ 2.011962097979209, 50.797360320754642 ], [ 2.012017699955498, 50.797372259982225 ], [ 2.012113385556204, 50.797417489123426 ], [ 2.012117243915843, 50.797418773848882 ], [ 2.012178183637803, 50.797447579050647 ], [ 2.012201467273721, 50.797455331824537 ], [ 2.012467752145232, 50.797581199440565 ], [ 2.012617127918999, 50.797678266157007 ], [ 2.012719716188313, 50.797726756992162 ], [ 2.012746587061252, 50.797744217981986 ], [ 2.012746587061641, 50.797744217982171 ], [ 2.012774543844845, 50.797762384588907 ], [ 2.012774543845191, 50.797762384589063 ], [ 2.012802500648615, 50.797780551188971 ], [ 2.012802500648992, 50.797780551189142 ], [ 2.012830457472757, 50.797798717782292 ], [ 2.012830457473114, 50.797798717782456 ], [ 2.012858414317211, 50.797816884368864 ], [ 2.012858414317558, 50.79781688436902 ], [ 2.012878685563677, 50.797830056778388 ], [ 2.01308386343039, 50.797927037907385 ], [ 2.013098954284466, 50.797936843980473 ], [ 2.013189074339366, 50.797979440641903 ], [ 2.01325401387597, 50.798037601736361 ], [ 2.013446220208889, 50.798162496601151 ], [ 2.013446220209252, 50.798162496601321 ], [ 2.013474177480075, 50.798180663039417 ], [ 2.013474177480432, 50.798180663039588 ], [ 2.013502134771588, 50.798198829470913 ], [ 2.013502134771935, 50.798198829471083 ], [ 2.013530092083311, 50.798216995895586 ], [ 2.013530092083688, 50.798216995895764 ], [ 2.013540770831027, 50.798223934850213 ], [ 2.013625760834615, 50.79826410599884 ], [ 2.013836786291092, 50.798334366728305 ], [ 2.013839696076589, 50.798334991475748 ], [ 2.01389305490534, 50.798352757157275 ], [ 2.01389596469268, 50.798353381903375 ], [ 2.013912499651751, 50.7983588871666 ], [ 2.013993233128173, 50.798376221006336 ], [ 2.014033903385019, 50.79838976198856 ], [ 2.014036813176243, 50.798390386731334 ], [ 2.014090172134138, 50.798408152326985 ], [ 2.014093081927088, 50.798408777068424 ], [ 2.014109616926097, 50.798414282304989 ], [ 2.014190350560201, 50.798431616015556 ], [ 2.014231020915452, 50.798445156932289 ], [ 2.014233930712326, 50.798445781670409 ], [ 2.014287289799213, 50.798463547180106 ], [ 2.014290199597883, 50.798464171916898 ], [ 2.014343558724356, 50.798481937402002 ], [ 2.014346468524798, 50.798482562137451 ], [ 2.014394320348781, 50.79849849397899 ], [ 2.014408869359628, 50.798501617649585 ], [ 2.014445819751119, 50.798513919929484 ], [ 2.014712115900228, 50.798639782544726 ], [ 2.014738987958612, 50.798657243080449 ], [ 2.014738987959001, 50.798657243080633 ], [ 2.014766945974775, 50.798675409214404 ], [ 2.014766945976923, 50.798675409215413 ], [ 2.014934694503053, 50.798784405879033 ], [ 2.014934694503423, 50.798784405879225 ], [ 2.014962652662061, 50.79880257196605 ], [ 2.014962652662437, 50.79880257196622 ], [ 2.014981238281343, 50.798814648142688 ], [ 2.015055166605095, 50.798880855376993 ], [ 2.015092718024055, 50.798905254648744 ], [ 2.015240575433013, 50.799037668918899 ], [ 2.015291503906559, 50.79907075974063 ], [ 2.01543533912135, 50.799118646317908 ], [ 2.015438248972407, 50.799119271027266 ], [ 2.015489739144297, 50.799136413412832 ], [ 2.015612806459016, 50.799162848753063 ], [ 2.015879289144143, 50.799288924875533 ], [ 2.016021849572664, 50.799381674662378 ], [ 2.016102152334343, 50.799408408845174 ], [ 2.016368457409695, 50.799534267748122 ], [ 2.016411494208771, 50.799562229853748 ], [ 2.016603396941108, 50.799734080391715 ], [ 2.016702111879995, 50.799935101079946 ], [ 2.016699702726121, 50.800057698697671 ], [ 2.016708440503406, 50.800057767656718 ], [ 2.016708423363216, 50.800058639896427 ], [ 2.016726279119653, 50.80013633427297 ], [ 2.016802078633602, 50.800233939582547 ], [ 2.016821939556263, 50.800246843400245 ], [ 2.016895872432291, 50.800313049398106 ], [ 2.01690546609079, 50.800319282459007 ], [ 2.016979399184868, 50.80038548840043 ], [ 2.01716612512948, 50.800506804565032 ], [ 2.017166125129844, 50.800506804565217 ], [ 2.017194085060837, 50.800524970103382 ], [ 2.017194085061195, 50.800524970103559 ], [ 2.017215369678942, 50.800538798684258 ], [ 2.017379743012089, 50.800593517960571 ], [ 2.017460481294759, 50.800610849494362 ], [ 2.01746432786835, 50.800612129996772 ], [ 2.01754506621036, 50.800629461475253 ], [ 2.017580231564732, 50.800641167779133 ], [ 2.017594781397481, 50.800644291067492 ], [ 2.017867102613407, 50.800734944346502 ], [ 2.017870012588812, 50.80073556899751 ], [ 2.017886548772253, 50.800741073713262 ], [ 2.017967287468586, 50.800758404914731 ], [ 2.01800202710748, 50.800769969318686 ], [ 2.01805312244122, 50.800794115748225 ], [ 2.018081916274147, 50.800803700833974 ], [ 2.018206273870143, 50.800862469006461 ], [ 2.018423546789547, 50.800934795579046 ], [ 2.018689865826559, 50.80106064922613 ], [ 2.018712396384261, 50.80107528656815 ], [ 2.0187123963846, 50.80107528656832 ], [ 2.018740357194517, 50.801093451743661 ], [ 2.018740357194894, 50.801093451743846 ], [ 2.018768318025189, 50.801111616912479 ], [ 2.018768318025536, 50.801111616912635 ], [ 2.018796278876053, 50.801129782074433 ], [ 2.01879627887643, 50.801129782074618 ], [ 2.018806958975593, 50.801136720546737 ], [ 2.01890956033312, 50.801185206028421 ], [ 2.018919154407181, 50.801191438924334 ], [ 2.019021755985993, 50.801239924309755 ], [ 2.019043041412854, 50.801253752563028 ], [ 2.019056046565559, 50.801258081632845 ], [ 2.019139360033, 50.801267117513028 ], [ 2.01917459270632, 50.801274680013243 ], [ 2.019356128029623, 50.801294368423299 ], [ 2.019670785364458, 50.801361906808978 ], [ 2.019937109811638, 50.801487757708017 ], [ 2.020129032036316, 50.801659602309051 ], [ 2.020173946684606, 50.801717220144639 ], [ 2.020212543949505, 50.801751779352749 ], [ 2.020251878660141, 50.801802238853625 ], [ 2.020393799041032, 50.801849477948075 ], [ 2.020396709112829, 50.801850102539007 ], [ 2.02043137683293, 50.801861641868591 ], [ 2.020697705852765, 50.801987491045622 ], [ 2.020889632606202, 50.802159334343564 ], [ 2.020900627812404, 50.8021734388388 ], [ 2.020925963373962, 50.802225019122986 ], [ 2.020934236617675, 50.802235631896757 ], [ 2.020934913025246, 50.802236501156351 ], [ 2.021074949292398, 50.802416789923221 ], [ 2.021092232118384, 50.802432264015287 ], [ 2.021190970413216, 50.802633280316165 ], [ 2.021200161201884, 50.80267325339171 ], [ 2.021222191450983, 50.802687564293457 ], [ 2.021299363856265, 50.80269593249978 ], [ 2.021500311898147, 50.802697510729537 ], [ 2.021577787884494, 50.802690357119239 ], [ 2.021659258335772, 50.802639993523037 ], [ 2.021671439810152, 50.802625296512424 ], [ 2.021807784172388, 50.80250942238392 ], [ 2.02184447795513, 50.802465150791534 ], [ 2.021886252641078, 50.802429647791406 ], [ 2.021899930356788, 50.802413145367403 ], [ 2.021945378178641, 50.802374520580862 ], [ 2.021957609373021, 50.802359763368635 ], [ 2.022156198544623, 50.802190987158575 ], [ 2.022162411290412, 50.802187146456724 ], [ 2.022244894125356, 50.802117045800777 ], [ 2.022516063607012, 50.80199541786925 ], [ 2.022833270449907, 50.801932843820225 ], [ 2.022846679837726, 50.801931605524473 ], [ 2.022882198026256, 50.801924598937241 ], [ 2.023002780356471, 50.801913463605139 ], [ 2.023011262839713, 50.801911790274957 ], [ 2.023121028186461, 50.801901653737339 ], [ 2.023453222814653, 50.801904257779512 ], [ 2.023767889514072, 50.80197178575569 ], [ 2.024034227511348, 50.802097627779908 ], [ 2.024176953908283, 50.802190337454988 ], [ 2.024254126040919, 50.802198703837725 ], [ 2.024285192207167, 50.802198947115897 ], [ 2.024303383410289, 50.802197267034131 ], [ 2.024635580062568, 50.802199867922958 ], [ 2.024950250216583, 50.80226739288274 ], [ 2.024975694268258, 50.80227941454207 ], [ 2.025106700633876, 50.802323014062466 ], [ 2.025130876763739, 50.802325634856587 ], [ 2.025156889437943, 50.802323232233988 ], [ 2.025350500730906, 50.802262833474039 ], [ 2.025469042007991, 50.802209659911128 ], [ 2.025692338721252, 50.802139746231013 ], [ 2.025927573729812, 50.802086831875656 ], [ 2.026045988469719, 50.802078887612161 ], [ 2.026045656964035, 50.802077446412326 ], [ 2.026209723301493, 50.80206229125919 ], [ 2.026318781275871, 50.802028268376674 ], [ 2.02634391836423, 50.802012727000779 ], [ 2.026348239376432, 50.802007512857031 ], [ 2.026446277397398, 50.801824034137667 ], [ 2.026644849302732, 50.801655250635619 ], [ 2.026916005586644, 50.80153361304292 ], [ 2.026944887977178, 50.801524569518946 ], [ 2.026952128195555, 50.801522324119169 ], [ 2.027009103005156, 50.801504824122986 ], [ 2.027010159977961, 50.801504499927269 ], [ 2.027059916956437, 50.801489259917709 ], [ 2.027373388393472, 50.801428828054078 ], [ 2.02770100946615, 50.801431836595931 ], [ 2.027718983116838, 50.801433784667893 ], [ 2.027807856116431, 50.801452853856858 ], [ 2.028006126267824, 50.801474343006383 ], [ 2.028037192002656, 50.801474585349396 ], [ 2.028132779692852, 50.801465754065774 ], [ 2.028464971687368, 50.801468344748372 ], [ 2.028779642408295, 50.801535860113198 ], [ 2.028990027534118, 50.80160587007056 ], [ 2.029256376716213, 50.801731701002907 ], [ 2.029391558268606, 50.801852709996282 ], [ 2.029477813874331, 50.80190873113186 ], [ 2.029554986458769, 50.801917094235193 ], [ 2.029727618438881, 50.801918438675813 ], [ 2.029759033777656, 50.801915535834297 ], [ 2.03009122884227, 50.801918122179501 ], [ 2.030405904585829, 50.801985633390892 ], [ 2.030672259349783, 50.802111461223518 ], [ 2.03085880105631, 50.802278437813769 ], [ 2.030998858858268, 50.802293613959215 ], [ 2.031313538187694, 50.802361122839635 ], [ 2.03157989723271, 50.802486948659705 ], [ 2.031603384074501, 50.802507971519979 ], [ 2.031726672529449, 50.802588039009564 ], [ 2.031874584834796, 50.802720432790508 ], [ 2.031954580870079, 50.802772384239532 ], [ 2.032061611039511, 50.802807996362617 ], [ 2.032142357979241, 50.802825318323862 ], [ 2.032146205098715, 50.802826598368661 ], [ 2.032226952097761, 50.80284392027459 ], [ 2.032267630919131, 50.80285745521202 ], [ 2.032270541197703, 50.802858079524682 ], [ 2.032322040982252, 50.802875214855746 ], [ 2.032445126382224, 50.802901633418465 ], [ 2.032711671383414, 50.803027672816143 ], [ 2.032937946792142, 50.803174812702615 ], [ 2.033081794813873, 50.803222673325003 ], [ 2.033084705123831, 50.803223297618302 ], [ 2.033095735254934, 50.803226967514696 ], [ 2.033188124478924, 50.803246785958557 ], [ 2.033300265363397, 50.803284096767989 ], [ 2.03337958677188, 50.80329268997739 ], [ 2.033437591197486, 50.803293139942781 ], [ 2.033437518638558, 50.803296896015596 ], [ 2.033648733772886, 50.803298534274404 ], [ 2.033963422996988, 50.803366036358838 ], [ 2.033985069964156, 50.80337323842361 ], [ 2.033987980294178, 50.803373862695658 ], [ 2.034041351648138, 50.803391619610927 ], [ 2.034044261979933, 50.803392243881653 ], [ 2.034097633373391, 50.803410000772274 ], [ 2.034100543706904, 50.803410625041678 ], [ 2.034128976105821, 50.803420084606614 ], [ 2.034184590102731, 50.803432013830609 ], [ 2.0342168840672, 50.803447267789856 ], [ 2.03437343919354, 50.803499353908997 ], [ 2.034495290806412, 50.803512553424376 ], [ 2.034632227877146, 50.803499895181858 ], [ 2.034964433821119, 50.803502468540771 ], [ 2.035036868681611, 50.803518005279699 ], [ 2.035095162583129, 50.803524319642115 ], [ 2.035409854640896, 50.803591817937672 ], [ 2.035676230188457, 50.803717634460391 ], [ 2.035702322453915, 50.803734577432955 ], [ 2.03579493749624, 50.803765389018579 ], [ 2.035995041152109, 50.803808307981257 ], [ 2.03626141925185, 50.803934123374823 ], [ 2.036348712321897, 50.803990805913891 ], [ 2.036492581272589, 50.80403866766023 ], [ 2.036495491783153, 50.80403929193055 ], [ 2.03654886446527, 50.804057047643688 ], [ 2.036551775249178, 50.804057671956294 ], [ 2.036567112227492, 50.804062774165764 ], [ 2.036636745849552, 50.804070315851547 ], [ 2.036651369233344, 50.804068963854377 ], [ 2.036983579623317, 50.804071531841217 ], [ 2.037298278767718, 50.80413902570767 ], [ 2.037310805262226, 50.804143192855626 ], [ 2.037327238741868, 50.804146717327299 ], [ 2.037363962238948, 50.804150694434895 ], [ 2.037678663435571, 50.804218187493781 ], [ 2.037705274740588, 50.804227040073449 ], [ 2.037711095794785, 50.804228288462767 ], [ 2.037813285212343, 50.804262282892871 ], [ 2.038079670115483, 50.804388094250363 ], [ 2.038179439165029, 50.804452874259887 ], [ 2.038380683800268, 50.80451981894749 ], [ 2.038383593560192, 50.804520442953716 ], [ 2.038400134258337, 50.804525945256906 ], [ 2.038480886436208, 50.804543263126007 ], [ 2.038521566392443, 50.804556795390425 ], [ 2.038524476946409, 50.804557419610276 ], [ 2.038577850901173, 50.804575174440252 ], [ 2.038580761740565, 50.804575798704981 ], [ 2.038583406769883, 50.804576678572168 ], [ 2.038789184486518, 50.804598961583494 ], [ 2.038789089165878, 50.804599315042161 ], [ 2.038801393066928, 50.804600060708886 ], [ 2.038981200760063, 50.804620620566325 ], [ 2.03910612172475, 50.804609068764016 ], [ 2.039195708822733, 50.80459138420342 ], [ 2.03920753585549, 50.804590290473413 ], [ 2.039539758504064, 50.804592851690416 ], [ 2.039551540044521, 50.804594127426903 ], [ 2.039866239551616, 50.804661613577281 ], [ 2.039900986606228, 50.804673171653434 ], [ 2.040015525716045, 50.804727264095867 ], [ 2.040244289933137, 50.804803358473976 ], [ 2.040247200263233, 50.804803982611119 ], [ 2.040294640147616, 50.804819762512267 ], [ 2.040294045922133, 50.804820479828393 ], [ 2.040561036643636, 50.804945569249611 ], [ 2.040575284948428, 50.804954819991991 ], [ 2.040583575308401, 50.80496020252356 ], [ 2.040603255847464, 50.804972980142985 ], [ 2.040611545990806, 50.804978362618783 ], [ 2.040611546493212, 50.804978362854165 ], [ 2.040626880954886, 50.804988318766235 ], [ 2.040626863824994, 50.804988307644905 ], [ 2.040818887757106, 50.80516013061078 ], [ 2.040892850756115, 50.805254942708359 ], [ 2.041028104143244, 50.805375969022521 ], [ 2.041048385922142, 50.805389136731534 ], [ 2.041048368791933, 50.805389125610212 ], [ 2.041196533485355, 50.805485319495148 ], [ 2.041229044097537, 50.805506426487092 ], [ 2.041349326783672, 50.805563402756469 ], [ 2.041541911581854, 50.805737347122943 ], [ 2.041568455993022, 50.805771882396336 ], [ 2.041697345446027, 50.805937698210109 ], [ 2.041741081044818, 50.805976831999651 ], [ 2.041749692374641, 50.805987870249275 ], [ 2.041801482294168, 50.806034210753225 ], [ 2.041859466282248, 50.806152139398236 ], [ 2.041872768562309, 50.806169521380461 ], [ 2.041972625957585, 50.80629798550504 ], [ 2.041996281117944, 50.806313342669498 ], [ 2.04213422738025, 50.806359223775587 ], [ 2.042400635068732, 50.806485025743051 ], [ 2.042414884152037, 50.806494276253254 ], [ 2.042442856439604, 50.806512435857726 ], [ 2.042470829166731, 50.80653059572758 ], [ 2.042526774123016, 50.806566915084119 ], [ 2.042544905794547, 50.806578686112779 ], [ 2.042554746631581, 50.806585074752185 ], [ 2.042618982564642, 50.806626776450344 ], [ 2.042646954917187, 50.806644936042119 ], [ 2.042646955419738, 50.806644936277557 ], [ 2.042669336044796, 50.806659465644699 ], [ 2.042758306416319, 50.806689056526608 ], [ 2.04287726256313, 50.806714561683357 ], [ 2.043143673817728, 50.806840362027913 ], [ 2.043217177649684, 50.806906128042961 ], [ 2.043228150198955, 50.806913251178955 ], [ 2.043253951736191, 50.80693000103723 ], [ 2.043401907844332, 50.807062380626498 ], [ 2.043437520646231, 50.807085499587352 ], [ 2.043629545119021, 50.807257306599936 ], [ 2.043647012249059, 50.807292827780273 ], [ 2.043705578814413, 50.807367893281778 ], [ 2.043792430205804, 50.807396778046325 ], [ 2.043911796334543, 50.807422369639028 ], [ 2.043932157859587, 50.807431984054176 ], [ 2.043978151306014, 50.807447280281615 ], [ 2.044244569417318, 50.807573078094876 ], [ 2.044350801652042, 50.807642039140056 ], [ 2.0445428313267, 50.807813844508729 ], [ 2.044600338809516, 50.807930785345114 ], [ 2.044629676625159, 50.807968386349067 ], [ 2.044744272220964, 50.808042775129877 ], [ 2.044744272221328, 50.808042775130055 ], [ 2.044772246374835, 50.80806093426898 ], [ 2.044772246375193, 50.808060934269143 ], [ 2.044793107464743, 50.808074476021496 ], [ 2.044829272326864, 50.808078390077661 ], [ 2.044830779538001, 50.808078250640385 ], [ 2.045163016293404, 50.808080796780253 ], [ 2.045477751127863, 50.808148269290776 ], [ 2.04574417659913, 50.808274063715217 ], [ 2.045864011180619, 50.808351850623929 ], [ 2.045927529367594, 50.808358724465947 ], [ 2.046242267019146, 50.808426195008344 ], [ 2.046508695926731, 50.808551987749013 ], [ 2.046584168664298, 50.808619506744542 ], [ 2.046652593281937, 50.808663921236217 ], [ 2.046667370096293, 50.808668835084433 ], [ 2.046933801330665, 50.808794626865129 ], [ 2.04699692666658, 50.808851098776081 ], [ 2.04719040129622, 50.808976681114935 ], [ 2.047190401296584, 50.808976681115112 ], [ 2.047218376860126, 50.808994839678945 ], [ 2.047218376860473, 50.808994839679109 ], [ 2.047246352444244, 50.809012998236099 ], [ 2.047246352444621, 50.80901299823627 ], [ 2.047274328048777, 50.809031156786524 ], [ 2.047274328049124, 50.809031156786681 ], [ 2.047296711221239, 50.809045685357773 ], [ 2.047440605734623, 50.809093534252959 ], [ 2.047443516565209, 50.809094158205262 ], [ 2.047496898796123, 50.809111909201413 ], [ 2.047499809628517, 50.809112533152394 ], [ 2.04750245488322, 50.809113412768134 ], [ 2.047598977083706, 50.809123856769446 ], [ 2.047657725882261, 50.809118420491188 ], [ 2.047963312305322, 50.809058080379678 ], [ 2.048295555726479, 50.809060618164459 ], [ 2.048610300949053, 50.809128082662177 ], [ 2.048876739514042, 50.809253870200408 ], [ 2.048983858547356, 50.809323396237595 ], [ 2.049152526897224, 50.809466936180186 ], [ 2.049255516892305, 50.809633568924845 ], [ 2.04926949219624, 50.809716387427727 ], [ 2.049273936604966, 50.809715976112926 ], [ 2.049297334494053, 50.809817470823148 ], [ 2.049410420196579, 50.809890867869804 ], [ 2.049410420196943, 50.809890867869981 ], [ 2.049431717702076, 50.809904690747821 ], [ 2.049512299323712, 50.809931484136079 ], [ 2.049568347513569, 50.809957943897906 ], [ 2.049594397709027, 50.809966605550215 ], [ 2.049655374285229, 50.809995391864653 ], [ 2.049914132162785, 50.810081427804967 ], [ 2.049917043081694, 50.810082051698551 ], [ 2.049970427244288, 50.81009980160826 ], [ 2.049973338165006, 50.810100425500515 ], [ 2.050013219557732, 50.810113685796459 ], [ 2.050160388521113, 50.810145228077431 ], [ 2.050426836400241, 50.810271012105332 ], [ 2.050618897030554, 50.810442807417928 ], [ 2.050670445607256, 50.810508858701397 ], [ 2.050751485385013, 50.810561454109425 ], [ 2.050895387561765, 50.810609298904183 ], [ 2.050898298523605, 50.810609922774347 ], [ 2.05095168359767, 50.810627672249375 ], [ 2.050954594561287, 50.810628296118196 ], [ 2.051002043572241, 50.810644071938526 ], [ 2.051116607404112, 50.810698153303399 ], [ 2.051345416774621, 50.810774226958145 ], [ 2.051348327751722, 50.810774850817637 ], [ 2.051364870935355, 50.810780351005178 ], [ 2.051445637423234, 50.81079766024552 ], [ 2.05146979612815, 50.810805692370941 ], [ 2.051736250816996, 50.810931473471875 ], [ 2.051870577742739, 50.811051621091671 ], [ 2.051930988394855, 50.811090826412183 ], [ 2.051961519065203, 50.811100976829344 ], [ 2.052227979795856, 50.811226758920078 ], [ 2.052420051150083, 50.811398554363599 ], [ 2.052491812386137, 50.811490499739385 ], [ 2.052518336012994, 50.811499317722472 ], [ 2.052765222128575, 50.811552224849976 ], [ 2.053031684050322, 50.811678003037152 ], [ 2.053128250310723, 50.811740669900622 ], [ 2.053286435109959, 50.811815337098658 ], [ 2.053326461828079, 50.811851136575925 ], [ 2.053527422300206, 50.811981548539691 ], [ 2.053550624120122, 50.811989261835684 ], [ 2.053609141094532, 50.812016882911436 ], [ 2.053633815494512, 50.812025085730113 ], [ 2.053900282118414, 50.812150861968838 ], [ 2.053927175107492, 50.812168313688872 ], [ 2.053927175108614, 50.812168313689419 ], [ 2.054011114550018, 50.812222784556809 ], [ 2.05401111455037, 50.81222278455698 ], [ 2.05403909440469, 50.812240941499141 ], [ 2.054039094405048, 50.812240941499311 ], [ 2.054067074279713, 50.812259098434708 ], [ 2.05406707428006, 50.812259098434865 ], [ 2.054095054174957, 50.812277255363433 ], [ 2.054095054175335, 50.812277255363618 ], [ 2.054105741548813, 50.81228419069091 ], [ 2.054193252371581, 50.812325496499966 ], [ 2.05433969397462, 50.812374178598219 ], [ 2.05460616423267, 50.81249995326035 ], [ 2.054620645798821, 50.812509350575027 ], [ 2.054638932900873, 50.812517982085247 ], [ 2.05483101662159, 50.812689770313831 ], [ 2.054876477646133, 50.812748010743753 ], [ 2.054991099426021, 50.812822389555905 ], [ 2.054991099426385, 50.812822389556082 ], [ 2.054998250857235, 50.812827030154565 ], [ 2.055108929778465, 50.812879269626585 ], [ 2.055301016500406, 50.813051057035558 ], [ 2.055399913199059, 50.813252042937037 ], [ 2.055401222727574, 50.813257719872766 ], [ 2.055414941060728, 50.813285599239641 ], [ 2.055432869090159, 50.813363318744869 ], [ 2.055507523678636, 50.813411761302334 ], [ 2.055699613813935, 50.813583547956547 ], [ 2.055711229569217, 50.813598428296949 ], [ 2.055735230272119, 50.813614001921117 ], [ 2.055843966263047, 50.813650146717556 ], [ 2.056110447099712, 50.813775917917091 ], [ 2.05622074645951, 50.813874556706814 ], [ 2.056379819702927, 50.813977774251683 ], [ 2.056403022888486, 50.813985486993012 ], [ 2.056522529232593, 50.814041889420452 ], [ 2.056655789413525, 50.814086184770503 ], [ 2.056736665543065, 50.814094928774594 ], [ 2.056760682845623, 50.814095110545637 ], [ 2.057048485537416, 50.814122553568474 ], [ 2.057313725436476, 50.814198458496875 ], [ 2.057536486367249, 50.814317125852561 ], [ 2.057700041462964, 50.814469645205236 ], [ 2.057759923808171, 50.81454635090185 ], [ 2.05787455399564, 50.814620726856731 ], [ 2.057874553996004, 50.814620726856901 ], [ 2.057902536593746, 50.814638882864848 ], [ 2.057902536594104, 50.814638882865026 ], [ 2.057920739629505, 50.814650693568169 ], [ 2.057942915192569, 50.814661159035381 ], [ 2.058032909312021, 50.814741633748383 ], [ 2.058088696714321, 50.814777830147136 ], [ 2.058236714820797, 50.814910190152901 ], [ 2.058283900943232, 50.814940805541049 ], [ 2.058357910397527, 50.815006985436433 ], [ 2.058489436668404, 50.81509232197606 ], [ 2.058678407688426, 50.815181501918971 ], [ 2.058870515508169, 50.815353283219082 ], [ 2.058936445033009, 50.815437730218889 ], [ 2.058976856332557, 50.815473865361518 ], [ 2.059005687761836, 50.815510794428164 ], [ 2.059117443506138, 50.815605462558921 ], [ 2.05922049577728, 50.815769179646708 ], [ 2.059252904791046, 50.815944233640089 ], [ 2.059251623074577, 50.815999874975645 ], [ 2.059262744791414, 50.816048069394597 ], [ 2.05927609268036, 50.816056729365371 ], [ 2.059502316010356, 50.81616348505495 ], [ 2.059517368346722, 50.816176944208308 ], [ 2.059559780042497, 50.816204460203444 ], [ 2.05975189481746, 50.816376239875154 ], [ 2.059820980453397, 50.816464724993452 ], [ 2.059953134199878, 50.816550462780341 ], [ 2.060027148242999, 50.816616641519971 ], [ 2.060114974418252, 50.816673620339714 ], [ 2.060307092901556, 50.816845399031806 ], [ 2.060404327738658, 50.817042947358438 ], [ 2.060484922126326, 50.817095233453095 ], [ 2.060523329660448, 50.81710799764803 ], [ 2.060524638458888, 50.817108139099517 ], [ 2.060559888541201, 50.817115689713113 ], [ 2.060586575309832, 50.817118573937734 ], [ 2.060901387805994, 50.817186006558465 ], [ 2.061167900194238, 50.817311766261454 ], [ 2.061360024744224, 50.817483543162169 ], [ 2.061414023024677, 50.817552699182308 ], [ 2.061473619570415, 50.81759136140311 ], [ 2.061725352187739, 50.817710144146453 ], [ 2.061917480182125, 50.817881920082726 ], [ 2.062016413016114, 50.818082899241745 ], [ 2.06204044855198, 50.818187023642245 ], [ 2.062093082208933, 50.81825442949868 ], [ 2.062182798367387, 50.818334640510201 ], [ 2.062203306519264, 50.818360904316989 ], [ 2.062302241449014, 50.818561883101154 ], [ 2.062309619779355, 50.818593845693741 ], [ 2.062357009127198, 50.818654754919791 ], [ 2.062471107643401, 50.818728770740677 ], [ 2.062471107643765, 50.81872877074084 ], [ 2.062499094208007, 50.818746925602198 ], [ 2.062499094208353, 50.818746925602369 ], [ 2.062518442814186, 50.818759477015483 ], [ 2.062538029429485, 50.81876871872219 ], [ 2.062730164280646, 50.818940493126291 ], [ 2.062747265201341, 50.818962392790063 ], [ 2.062861912924315, 50.819036763653209 ], [ 2.06286191292468, 50.819036763653394 ], [ 2.062889899802701, 50.819054918418161 ], [ 2.062889899803054, 50.819054918418317 ], [ 2.062897507598669, 50.819059853504079 ], [ 2.063089644802861, 50.819231627277304 ], [ 2.063188585016213, 50.819432605089062 ], [ 2.063192881549017, 50.81945121567162 ], [ 2.063272427346123, 50.819502815166757 ], [ 2.063338332151675, 50.819524714660751 ], [ 2.063506143946624, 50.819560653964579 ], [ 2.063772675536003, 50.819686407639054 ], [ 2.0639648181521, 50.819858179897693 ], [ 2.064063763121114, 50.820059156821024 ], [ 2.064059823988059, 50.820269665595973 ], [ 2.063953385088654, 50.820469100148244 ], [ 2.063909693324558, 50.8205218628053 ], [ 2.063903157064964, 50.820546138102323 ], [ 2.063908854520143, 50.820570814674866 ], [ 2.063935146382213, 50.82060460429436 ], [ 2.064025713031205, 50.820663350181597 ], [ 2.06420601267692, 50.820748415251273 ], [ 2.064398160853988, 50.82092018653676 ], [ 2.064497109681382, 50.821121162760939 ], [ 2.064493172328473, 50.821331671183422 ], [ 2.064386732956591, 50.821531105768869 ], [ 2.06434307273343, 50.821583829856415 ], [ 2.064341358367755, 50.82159019696558 ], [ 2.064342834076639, 50.821596588088667 ], [ 2.064383160774972, 50.821648225368094 ], [ 2.064467411918145, 50.821723603248977 ], [ 2.064566232570334, 50.821925153889751 ], [ 2.064588914315391, 50.822024477316432 ], [ 2.064647895959035, 50.822030849228298 ], [ 2.064866720682154, 50.822010575353225 ], [ 2.064894351671207, 50.822005116800533 ], [ 2.065226681823441, 50.822007609457074 ], [ 2.065541531214798, 50.822075029861317 ], [ 2.065808081212587, 50.822200778661632 ], [ 2.0659678555333, 50.822304407355361 ], [ 2.06604367622696, 50.822329598182826 ], [ 2.066190555975377, 50.822361049152299 ], [ 2.066457109236604, 50.822486796545213 ], [ 2.066649271829582, 50.822658563925977 ], [ 2.066748233125074, 50.822859537852651 ], [ 2.066754971154003, 50.822888712515905 ], [ 2.066762655056781, 50.822898550527263 ], [ 2.066772676318481, 50.822911740193696 ], [ 2.066796209376296, 50.822943595773886 ], [ 2.066864304982427, 50.82303109783274 ], [ 2.066915321656438, 50.82306418554402 ], [ 2.066917938986207, 50.823064468243778 ], [ 2.067232797441907, 50.823131884256902 ], [ 2.06749935743151, 50.823257629272057 ], [ 2.067514650176933, 50.823271298365498 ], [ 2.067531111327041, 50.823281974293934 ], [ 2.067679179588505, 50.823414321355656 ], [ 2.067701741851994, 50.823428954071723 ], [ 2.067861369988855, 50.823446194348072 ], [ 2.067860044573668, 50.823451118043607 ], [ 2.068160936841562, 50.823491372553811 ], [ 2.068502834182232, 50.823639799507539 ], [ 2.068528913871118, 50.823656713007395 ], [ 2.068649903193992, 50.823713785154716 ], [ 2.068842077990276, 50.823885548737444 ], [ 2.068858820594622, 50.823906983067204 ], [ 2.068911909367313, 50.823941412281904 ], [ 2.068937624587669, 50.823949954890125 ], [ 2.069148664052737, 50.823972745323644 ], [ 2.069463528448233, 50.824040154764567 ], [ 2.069483605996191, 50.824046824369645 ], [ 2.069720449989457, 50.824154028359779 ], [ 2.069902461060227, 50.824297927959989 ], [ 2.070015971833814, 50.824467718010169 ], [ 2.070036283068876, 50.824569552307295 ], [ 2.070040894133705, 50.824569124921027 ], [ 2.070064656486005, 50.824671978497868 ], [ 2.070120311785582, 50.824743225906772 ], [ 2.070199220436352, 50.824794397286652 ], [ 2.070265705419611, 50.824816482320813 ], [ 2.070533438598766, 50.824942971610682 ], [ 2.070725932786223, 50.825115863081891 ], [ 2.070795168951324, 50.825258389185628 ], [ 2.070814933202513, 50.825284608764228 ], [ 2.070881304628032, 50.825308441484367 ], [ 2.07123346122465, 50.82539324940155 ], [ 2.071311492792831, 50.825403429670509 ], [ 2.071435409445459, 50.825366704261072 ], [ 2.071466981363336, 50.825352956743998 ], [ 2.071782798570205, 50.825293109313129 ], [ 2.072112375845445, 50.825297461724389 ], [ 2.072423980210117, 50.825365594909499 ], [ 2.072687608993791, 50.825490948708897 ], [ 2.072877878357116, 50.825661453450657 ], [ 2.072881098024743, 50.825665574671632 ], [ 2.072906499088378, 50.825717142515117 ], [ 2.072960136868775, 50.825785799399434 ], [ 2.072985236139362, 50.825802074477231 ], [ 2.073015126429248, 50.825812002405776 ], [ 2.073296624516232, 50.825875526709481 ], [ 2.07341972671974, 50.825919726525569 ], [ 2.073630903158019, 50.825970577528871 ], [ 2.073889500609702, 50.826060618541931 ], [ 2.074099016839857, 50.826192240973455 ], [ 2.074124964533218, 50.826213853002734 ], [ 2.074275459675817, 50.826309722229936 ], [ 2.074518296508407, 50.826550387627194 ], [ 2.07453599019128, 50.826580636380001 ], [ 2.074585219081561, 50.826620158411792 ], [ 2.074687229768443, 50.82663640363895 ], [ 2.074987086994653, 50.826716736845306 ], [ 2.075234453090095, 50.826850812995687 ], [ 2.0754060957714, 50.827026040084718 ], [ 2.075485893942676, 50.82722596120535 ], [ 2.075466351971045, 50.827431800057568 ], [ 2.075443840418092, 50.827468808699997 ], [ 2.075415815290325, 50.82754876727973 ], [ 2.075424739909816, 50.827562604771636 ], [ 2.075446874306011, 50.827579215793165 ], [ 2.075577663307179, 50.827629514992744 ], [ 2.075809145032644, 50.827749803039993 ], [ 2.07597844118475, 50.827906221159061 ], [ 2.07599063241018, 50.827921823803514 ], [ 2.075994182038295, 50.82792641041943 ], [ 2.076020561615449, 50.827960826417417 ], [ 2.076122884950086, 50.828092459849763 ], [ 2.076150760507716, 50.82814924474981 ], [ 2.076156292273061, 50.828156324371136 ], [ 2.076160870304727, 50.828162256430282 ], [ 2.076182174639378, 50.828190208637899 ], [ 2.076253972291568, 50.828338493381402 ], [ 2.07634327446841, 50.828452782279491 ], [ 2.076381931170995, 50.82848732266126 ], [ 2.076422309729724, 50.82853899882695 ], [ 2.076473886474595, 50.828572437715337 ], [ 2.076481792627873, 50.828573290939673 ], [ 2.076491883447273, 50.828572355198176 ], [ 2.076557841242495, 50.82855168215243 ], [ 2.076881775099432, 50.828488372110861 ], [ 2.077220705822476, 50.828492910549521 ], [ 2.077540125254845, 50.828564835386921 ], [ 2.077807511556917, 50.828696823575029 ], [ 2.077932045140217, 50.828815058444071 ], [ 2.077971601155026, 50.828843552191778 ], [ 2.078035699629694, 50.828868801944978 ], [ 2.078150235347145, 50.828900316408713 ], [ 2.078219222069734, 50.828912467923836 ], [ 2.078229446965547, 50.828912429757182 ], [ 2.078240288584805, 50.828910411082141 ], [ 2.078336916003524, 50.828840494555543 ], [ 2.078340017837829, 50.82884221408127 ], [ 2.078379364445364, 50.828805909075747 ], [ 2.078660448457275, 50.828673829666755 ], [ 2.078994042232144, 50.828606762017159 ], [ 2.079082955298167, 50.828598716801068 ], [ 2.079414396228275, 50.828601809236105 ], [ 2.079728200889848, 50.828669442512748 ], [ 2.079993822776245, 50.828795033053154 ], [ 2.080185405127888, 50.828966355523654 ], [ 2.0801927139681, 50.828975708099961 ], [ 2.08019729255349, 50.828981640003306 ], [ 2.080218599493269, 50.829009591485857 ], [ 2.080242765828902, 50.829059492698235 ], [ 2.080247721489623, 50.829065834062845 ], [ 2.080251271589409, 50.82907042054952 ], [ 2.080278940418645, 50.829106512720735 ], [ 2.080305182160717, 50.829140743294751 ], [ 2.080376637601098, 50.829232510847881 ], [ 2.080440746803913, 50.829274070143278 ], [ 2.080632983503379, 50.829445814170768 ], [ 2.080650484795388, 50.829481329188532 ], [ 2.08066473709473, 50.829499566314084 ], [ 2.080669315784164, 50.829505498195438 ], [ 2.08069062321096, 50.82953344957474 ], [ 2.080714790270748, 50.829583350655355 ], [ 2.080719746043194, 50.829589691996041 ], [ 2.080720423859695, 50.829590560894331 ], [ 2.080826959602217, 50.82972737748694 ], [ 2.080887823697668, 50.829781752463909 ], [ 2.081013218061272, 50.829863038235061 ], [ 2.081120341123047, 50.829898606732051 ], [ 2.081201148780471, 50.829915896179521 ], [ 2.081204999238886, 50.82991717465621 ], [ 2.081285806955597, 50.829934464048314 ], [ 2.081321007825057, 50.829946151833084 ], [ 2.081335570159792, 50.829949267537081 ], [ 2.081372560236781, 50.829961549371333 ], [ 2.081433579479692, 50.829990319250541 ], [ 2.081514305640016, 50.830017122672139 ], [ 2.08157285915018, 50.830044729851124 ], [ 2.081769797452825, 50.830110118566125 ], [ 2.081823419428006, 50.830135400374708 ], [ 2.081850864042947, 50.830144512652502 ], [ 2.081911883784269, 50.830173282289508 ], [ 2.081935193457913, 50.830181021639724 ], [ 2.082201827985346, 50.830306733850321 ], [ 2.082303354679801, 50.830372544714862 ], [ 2.082495601998627, 50.83054428557967 ], [ 2.082524295888498, 50.830580999032009 ], [ 2.082524463173644, 50.830581148472419 ], [ 2.082623503950042, 50.830782107347858 ], [ 2.082649243741476, 50.830893381410185 ], [ 2.082696669516354, 50.830954281748383 ], [ 2.082721226350146, 50.830970199395601 ], [ 2.08272744913945, 50.830972265419156 ], [ 2.082994089877215, 50.831097975782093 ], [ 2.083186342357083, 50.831269715389823 ], [ 2.083285387151407, 50.831470673518979 ], [ 2.083281528033481, 50.83168117919638 ], [ 2.083175141505998, 50.831880626651113 ], [ 2.083136879935784, 50.831913176046399 ], [ 2.083075730296495, 50.83198704641449 ], [ 2.083071609891326, 50.832002368027879 ], [ 2.083075540649642, 50.832019359754895 ], [ 2.083085430322173, 50.832032258196811 ], [ 2.083156894996546, 50.832124023747745 ], [ 2.083261667899893, 50.832191934539381 ], [ 2.08333573593637, 50.83225809784242 ], [ 2.083345344001687, 50.832264325480281 ], [ 2.083419412257662, 50.832330488727621 ], [ 2.083429020346343, 50.832336716357716 ], [ 2.083503088820267, 50.832402879547999 ], [ 2.083690095631695, 50.832524090013777 ], [ 2.083690095632046, 50.832524090013962 ], [ 2.083718097619357, 50.83254223972498 ], [ 2.083718097619735, 50.832542239725143 ], [ 2.083746099627414, 50.832560389429403 ], [ 2.083746099627773, 50.832560389429581 ], [ 2.083774101655815, 50.83257853912707 ], [ 2.083774101656162, 50.832578539127219 ], [ 2.08379498353246, 50.832592073838804 ], [ 2.083845308538969, 50.832597501344353 ], [ 2.083915645529934, 50.832590975161779 ], [ 2.084248047037801, 50.832593417003793 ], [ 2.08456298880359, 50.832660788228644 ], [ 2.084829643141114, 50.832786494295988 ], [ 2.085021908434623, 50.832958230575507 ], [ 2.08506896027755, 50.833018424747081 ], [ 2.085112960983101, 50.833057727010178 ], [ 2.085124637747009, 50.83307266523407 ], [ 2.085168638540693, 50.833111967489828 ], [ 2.0851929145788, 50.83314302404797 ], [ 2.085274039276487, 50.833368489597795 ], [ 2.085291552233119, 50.833366864493009 ], [ 2.085338429999767, 50.833569459428958 ], [ 2.08534448538358, 50.833581769152872 ], [ 2.085367996793449, 50.833684216462608 ], [ 2.085447349952911, 50.833735646321244 ], [ 2.085585411708185, 50.833781477388705 ], [ 2.085852074760486, 50.833907181145022 ], [ 2.085861802028051, 50.833913485420055 ], [ 2.086054446860637, 50.834085695800894 ], [ 2.086153378908479, 50.834287225659246 ], [ 2.086177363522502, 50.834392024521968 ], [ 2.086255239347152, 50.834492073886295 ], [ 2.086308881111898, 50.834601215683733 ], [ 2.08632097974091, 50.83461708217277 ], [ 2.086369423685172, 50.834717074242533 ], [ 2.086377461401705, 50.834727356246354 ], [ 2.086379416558206, 50.834729870475464 ], [ 2.086430176853962, 50.834795489908238 ], [ 2.086527285776462, 50.834993929186929 ], [ 2.08654007600711, 50.835049197789409 ], [ 2.086592498027318, 50.835116721175943 ], [ 2.086689246335763, 50.835311676490015 ], [ 2.086689115998526, 50.835516031708273 ], [ 2.086594191484865, 50.835706770655797 ], [ 2.086609199902155, 50.835757582583284 ], [ 2.086665555895771, 50.835856709672463 ], [ 2.086731779737437, 50.835933971915082 ], [ 2.086849243908246, 50.836157384866041 ], [ 2.086861955090856, 50.836212308982674 ], [ 2.086867062339219, 50.83621114465587 ], [ 2.086949016938554, 50.83635529527929 ], [ 2.086941612994175, 50.836356983196353 ], [ 2.087006028063557, 50.836470461538099 ], [ 2.087031563153523, 50.836553261335325 ], [ 2.087031560675007, 50.836553261641832 ], [ 2.087031577492591, 50.836553299469053 ], [ 2.087042670916106, 50.836589279154914 ], [ 2.087040123828118, 50.836589594058751 ], [ 2.087069469456572, 50.836679286601125 ], [ 2.087070393709611, 50.836679172306489 ], [ 2.087084713507503, 50.836725605148764 ], [ 2.087087397847534, 50.83673167747304 ], [ 2.087120089268434, 50.836839406586677 ], [ 2.087150098886782, 50.836889337598961 ], [ 2.087218518268673, 50.837098452740626 ], [ 2.087224145910942, 50.837177718689233 ], [ 2.087247083117015, 50.837252092405116 ], [ 2.087277013265722, 50.837301890459884 ], [ 2.087293453295215, 50.837307905654846 ], [ 2.08752652392841, 50.837423305062018 ], [ 2.087650446828528, 50.837531418264199 ], [ 2.087739132592818, 50.837583678538117 ], [ 2.088126951948281, 50.83774558642817 ], [ 2.088119672777945, 50.837752577603297 ], [ 2.088384694561829, 50.837880682284279 ], [ 2.088388309889234, 50.83788336273922 ], [ 2.088520783916574, 50.837931724914334 ], [ 2.088764821309351, 50.838054153192758 ], [ 2.088802054653515, 50.83808812231262 ], [ 2.088819790376339, 50.83809961499859 ], [ 2.088967958967378, 50.838231933796678 ], [ 2.089033275945337, 50.838274258619919 ], [ 2.089225576694492, 50.838445986928619 ], [ 2.089324659999904, 50.838646937931962 ], [ 2.089341752831528, 50.838720774572572 ], [ 2.089353835246444, 50.838736423340393 ], [ 2.089403473622031, 50.838837982509979 ], [ 2.089502482469478, 50.83896461231398 ], [ 2.089525797052888, 50.838985432205995 ], [ 2.089543307851957, 50.839020945179207 ], [ 2.089551201537738, 50.839031040938082 ], [ 2.089576626487212, 50.83908260419318 ], [ 2.089665448056605, 50.839196203473435 ], [ 2.089757027883806, 50.839368926564688 ], [ 2.089772067254107, 50.8395508747994 ], [ 2.089766370223382, 50.839593967034268 ], [ 2.089780281887102, 50.839631735100568 ], [ 2.089796819882317, 50.839686974973432 ], [ 2.089839687304982, 50.839872138779064 ], [ 2.089855008216881, 50.839903209427888 ], [ 2.089853314175692, 50.839996264238508 ], [ 2.089870178507517, 50.840069108459346 ], [ 2.089978827507001, 50.840139507593022 ], [ 2.090116183415887, 50.840204240362354 ], [ 2.090308495273089, 50.840375966567088 ], [ 2.090407586660693, 50.84057691618311 ], [ 2.090403756794853, 50.84078741907863 ], [ 2.09039000814702, 50.840813196974921 ], [ 2.09036129652095, 50.840919999636647 ], [ 2.090364856864486, 50.840935377295068 ], [ 2.090377820008493, 50.840951955605831 ], [ 2.090488080663754, 50.841258251820626 ], [ 2.090487999272347, 50.841262725766043 ], [ 2.090499364434254, 50.841311812661061 ], [ 2.090612581839533, 50.841385168753781 ], [ 2.090612581839898, 50.841385168753959 ], [ 2.090640591302996, 50.841403316662088 ], [ 2.090640591303355, 50.841403316662259 ], [ 2.090668600786824, 50.841421464563624 ], [ 2.090668600787171, 50.84142146456378 ], [ 2.090671523882428, 50.841423358494183 ], [ 2.090728401656736, 50.84145016250843 ], [ 2.090769413974559, 50.841486783266802 ], [ 2.090827268316108, 50.841524268033496 ], [ 2.090901360191011, 50.841590425890267 ], [ 2.090937892735561, 50.841614095796636 ], [ 2.091086077241187, 50.841746411310226 ], [ 2.091227816338851, 50.841838244969765 ], [ 2.091227816339202, 50.841838244969928 ], [ 2.091255826279411, 50.841856392727152 ], [ 2.091255826279788, 50.841856392727337 ], [ 2.091283836240409, 50.841874540477832 ], [ 2.091283836240756, 50.841874540477988 ], [ 2.091306246901347, 50.841889060408199 ], [ 2.091450278035038, 50.841936856064208 ], [ 2.091453191326559, 50.841937478956993 ], [ 2.091482297908069, 50.841947137725946 ], [ 2.091786850243603, 50.842098657031677 ], [ 2.091985416028818, 50.842309215998775 ], [ 2.092051617028167, 50.842550844655676 ], [ 2.092050953096508, 50.842587401644053 ], [ 2.091929583588859, 50.84289200910144 ], [ 2.091887044432857, 50.842943399306641 ], [ 2.091878111827093, 50.842976629507795 ], [ 2.091884526596992, 50.843004330919555 ], [ 2.09188070279556, 50.843214833114345 ], [ 2.091840422210251, 50.843290357449995 ], [ 2.09181634907674, 50.843379910857429 ], [ 2.091822062910853, 50.843404585283992 ], [ 2.091905511354997, 50.8435116826589 ], [ 2.09191879616727, 50.843520289488616 ], [ 2.092111127073329, 50.843692012041188 ], [ 2.092210232351165, 50.843892959226253 ], [ 2.092216177866517, 50.843918632960538 ], [ 2.09223543301105, 50.843943254948158 ], [ 2.092295084846274, 50.843981900857742 ], [ 2.092483513865695, 50.844070690315284 ], [ 2.092675848828968, 50.844242411850885 ], [ 2.0927749574678, 50.844443358416221 ], [ 2.092800282196394, 50.844552707911888 ], [ 2.092823819187929, 50.844601265717877 ], [ 2.092828777984981, 50.844607606430237 ], [ 2.092832330342501, 50.844612192448551 ], [ 2.092858610376643, 50.844646447661269 ], [ 2.092995977541997, 50.844822774521397 ], [ 2.093094572309634, 50.845023687650396 ], [ 2.093090342873858, 50.845234057348797 ], [ 2.093083022025605, 50.845261105392787 ], [ 2.093053036832011, 50.845317220603512 ], [ 2.093019406782997, 50.845442332330975 ], [ 2.09301904962185, 50.845462017880415 ], [ 2.093043719507687, 50.845568535208592 ], [ 2.093090131661877, 50.845662633619575 ], [ 2.093086312733591, 50.845873134986277 ], [ 2.09307876976245, 50.845901196413664 ], [ 2.093079583284158, 50.845904708917537 ], [ 2.093107544182824, 50.845913986243779 ], [ 2.093347143869204, 50.845965206993085 ], [ 2.093417276192522, 50.845988476406525 ], [ 2.09342018974464, 50.845989099249451 ], [ 2.093433991472204, 50.84599367855818 ], [ 2.093520656512881, 50.846012205276502 ], [ 2.093665078894916, 50.846060123238708 ], [ 2.093906796215811, 50.846174013288163 ], [ 2.094064833168385, 50.846226447614335 ], [ 2.094067746742431, 50.84622707044192 ], [ 2.094083102348713, 50.846232165187935 ], [ 2.094165571715084, 50.846241049808555 ], [ 2.094451712718056, 50.846243127739264 ], [ 2.094454124460796, 50.846242903823885 ], [ 2.094786617308969, 50.846245317526368 ], [ 2.094871478679563, 50.846254459347314 ], [ 2.094868768752886, 50.846264542139501 ], [ 2.095178461996259, 50.846309753034028 ], [ 2.095189096500181, 50.846312937418958 ], [ 2.095228004336413, 50.846325210526899 ], [ 2.095275501172736, 50.846340968615927 ], [ 2.095542255432765, 50.846466649160121 ], [ 2.095584539847186, 50.846494039674774 ], [ 2.095612553962609, 50.846512186313184 ], [ 2.095639480141718, 50.846529628202767 ], [ 2.095831835478198, 50.846701344310247 ], [ 2.095843518469367, 50.846716281007808 ], [ 2.095887539650092, 50.846755578590979 ], [ 2.095899222670521, 50.846770515281996 ], [ 2.095943243942787, 50.846809812842196 ], [ 2.095948824269296, 50.846816947245784 ], [ 2.096038522955719, 50.84689702052129 ], [ 2.096057748023821, 50.846909473649717 ], [ 2.096131855079052, 50.846975628108659 ], [ 2.096141467661937, 50.846981854680415 ], [ 2.096215574215374, 50.847048008434378 ], [ 2.096226274961682, 50.847054939840731 ], [ 2.096253201507189, 50.84707238149246 ], [ 2.096445561057643, 50.847244096531554 ], [ 2.096457244485293, 50.847259033321905 ], [ 2.096501266621143, 50.847298330650766 ], [ 2.096512950054227, 50.847313267402711 ], [ 2.0965569720619, 50.847352564514011 ], [ 2.096568655762081, 50.847367501564854 ], [ 2.096612678599281, 50.847406799241881 ], [ 2.096625052367713, 50.847422618501561 ], [ 2.096667295682562, 50.847460327625448 ], [ 2.096707758196687, 50.847512056660086 ], [ 2.09675178053258, 50.847551353690555 ], [ 2.096764154695256, 50.847567173298408 ], [ 2.0968063985403, 50.84760488261751 ], [ 2.096811352671575, 50.847611216144983 ], [ 2.096946813585941, 50.847732136573669 ], [ 2.097045945568144, 50.847933078443774 ], [ 2.097042142696332, 50.848143578841984 ], [ 2.096935775965378, 50.848343032582214 ], [ 2.096890516669512, 50.848381535318971 ], [ 2.096878228955169, 50.848396380246221 ], [ 2.096679708527794, 50.84856526352312 ], [ 2.096641208955981, 50.848589085007994 ], [ 2.096576012540228, 50.848644547830943 ], [ 2.096496082674935, 50.848741110264072 ], [ 2.096495098850534, 50.848742954930863 ], [ 2.096468539324127, 50.848775041169198 ], [ 2.096465588058036, 50.848780575000738 ], [ 2.096380128577137, 50.848883817205099 ], [ 2.09637914481482, 50.848885661700692 ], [ 2.096371911057034, 50.848894400683619 ], [ 2.096342649117352, 50.848949269208674 ], [ 2.096283806031563, 50.849020355951282 ], [ 2.096269773983218, 50.849072567345175 ], [ 2.096269093707854, 50.84911019379642 ], [ 2.096279858166445, 50.849156654540025 ], [ 2.096276052394928, 50.849367155328551 ], [ 2.096263610922271, 50.849413447910685 ], [ 2.096263270782227, 50.849432261007742 ], [ 2.096254427773399, 50.849432196933279 ], [ 2.096252221213108, 50.849554375236629 ], [ 2.096145870881684, 50.849753813128842 ], [ 2.096145105860582, 50.849754737435326 ], [ 2.095946572466485, 50.849923638384077 ], [ 2.095919020987648, 50.849940684871711 ], [ 2.095919020699013, 50.849940685138513 ], [ 2.095890333636032, 50.849958434212283 ], [ 2.095890333264433, 50.849958434530919 ], [ 2.09587938373601, 50.849965209180723 ], [ 2.095802899706428, 50.850030271157628 ], [ 2.095775347831185, 50.850047317877518 ], [ 2.095746682549439, 50.850065053457875 ], [ 2.095735733585605, 50.850071827718125 ], [ 2.095719640206221, 50.850085517663025 ], [ 2.095683699758284, 50.850128934542482 ], [ 2.095592831420881, 50.850206231992146 ], [ 2.095508242401213, 50.850308416647472 ], [ 2.095493139474041, 50.850364607748695 ], [ 2.095386761854684, 50.85056405998332 ], [ 2.095188227677958, 50.8507329403309 ], [ 2.094961280629948, 50.85083482494489 ], [ 2.094917026097586, 50.850862204758414 ], [ 2.094888845869048, 50.8508962457121 ], [ 2.094887134358516, 50.850902613081985 ], [ 2.094888686665858, 50.850909313617677 ], [ 2.094913870789388, 50.850941626440289 ], [ 2.095055628946038, 50.850988653406247 ], [ 2.095058542649544, 50.850989276219103 ], [ 2.095087014897335, 50.850998721563755 ], [ 2.095142696216624, 50.851010622666898 ], [ 2.095238559942433, 50.851055784348112 ], [ 2.095478150528953, 50.851135265185746 ], [ 2.095481064246287, 50.85113588798859 ], [ 2.095530373057099, 50.851152245355181 ], [ 2.095542028541011, 50.851154736484425 ], [ 2.095612208975546, 50.851178017699212 ], [ 2.095678847292693, 50.851185195198155 ], [ 2.095800324207319, 50.85117391674568 ], [ 2.096021242805914, 50.851131589860401 ], [ 2.096352050238877, 50.85113549720446 ], [ 2.0966649328867, 50.85120360714108 ], [ 2.09692957366783, 50.851329320098671 ], [ 2.097120329465838, 50.851500454947598 ], [ 2.097218715794363, 50.851700429209835 ], [ 2.097226355114821, 50.851733396955282 ], [ 2.09723575192048, 50.851745408925893 ], [ 2.09739919806157, 50.851891295142252 ], [ 2.097498340854477, 50.85209223557586 ], [ 2.097502969266039, 50.852112208986505 ], [ 2.097531986490261, 50.852149301157766 ], [ 2.097604362572469, 50.852210758992129 ], [ 2.097707602128637, 50.852377340689678 ], [ 2.097721669654284, 50.852460148286795 ], [ 2.097726117463864, 50.85245973527141 ], [ 2.097750021857556, 50.852562889033287 ], [ 2.097816731081038, 50.852648470317 ], [ 2.097860225578448, 50.852687290705823 ], [ 2.097910828332929, 50.852720063255298 ], [ 2.097988090783795, 50.852728383320972 ], [ 2.09798946860976, 50.852728393284565 ], [ 2.097989357962139, 50.852734524462676 ], [ 2.098177091876755, 50.852735881896898 ], [ 2.098492179358501, 50.852803215863034 ], [ 2.098758976190175, 50.852928888261658 ], [ 2.09895136680157, 50.853100597754946 ], [ 2.098966881551376, 50.853120428636025 ], [ 2.098971970609934, 50.85312702364844 ], [ 2.099010256113266, 50.853177332480158 ], [ 2.099104318813677, 50.853371676090035 ], [ 2.099122871564456, 50.853451724699141 ], [ 2.099149816118588, 50.853486164661014 ], [ 2.099172326139144, 50.853500742412209 ], [ 2.099332061067135, 50.853517941572314 ], [ 2.099330446572571, 50.853523949719012 ], [ 2.099467999427937, 50.853537356657561 ], [ 2.099739579243718, 50.853617349253433 ], [ 2.099965120420209, 50.853742126551651 ], [ 2.100126712253993, 50.853901779921536 ], [ 2.100211521918862, 50.854083631108068 ], [ 2.100228673244859, 50.85415762503645 ], [ 2.100278884774738, 50.854259375061247 ], [ 2.100296772503121, 50.854336545121129 ], [ 2.100363005701135, 50.854358512177186 ], [ 2.10052179983492, 50.854392442257918 ], [ 2.100549827143736, 50.85440173781565 ], [ 2.10055274137565, 50.854402360539055 ], [ 2.100606191416883, 50.854420087714317 ], [ 2.100609105673784, 50.85442071044217 ], [ 2.100625886100135, 50.854426275820309 ], [ 2.100892696697373, 50.854551943269939 ], [ 2.1010851007417, 50.854723648891131 ], [ 2.101177860541529, 50.854842201504738 ], [ 2.101197629191167, 50.854859872279441 ], [ 2.101216670294678, 50.85489877263997 ], [ 2.10127591492697, 50.854976292694523 ], [ 2.10133031088797, 50.855012625696695 ], [ 2.101405942714336, 50.855049648534695 ], [ 2.101405930220178, 50.855049658761082 ], [ 2.101406463242317, 50.855049879521616 ], [ 2.101462496792198, 50.855077332547097 ], [ 2.101461330239567, 50.855078286533335 ], [ 2.101573568852849, 50.855132977922217 ], [ 2.101574543173352, 50.855132180445601 ], [ 2.101643367847976, 50.855165870823051 ], [ 2.101678137746791, 50.855177559264668 ], [ 2.101932344620443, 50.855300185770183 ], [ 2.101973218144982, 50.855313394122817 ], [ 2.102011590172287, 50.85531582036937 ], [ 2.102360239070114, 50.855377034767621 ], [ 2.102656256083154, 50.855508722538062 ], [ 2.102865346814085, 50.85569562748379 ], [ 2.102935880095994, 50.855789211994249 ], [ 2.10298823285006, 50.855824178203179 ], [ 2.103204371420501, 50.85592997432849 ], [ 2.103197721724242, 50.855935417216834 ], [ 2.103222610735684, 50.855947532281142 ], [ 2.103229208743806, 50.855942131697908 ], [ 2.103716927070468, 50.856180858138508 ], [ 2.103848941001559, 50.856282885052281 ], [ 2.103855164680525, 50.856279034108987 ], [ 2.103893594682678, 50.856303917352854 ], [ 2.104046886371517, 50.856430109053726 ], [ 2.104056775869946, 50.856440625165376 ], [ 2.104054806433469, 50.856441367184374 ], [ 2.104080578029301, 50.856461989305501 ], [ 2.104196466340764, 50.856663202960782 ], [ 2.104223769178124, 50.856753183105319 ], [ 2.104593458630242, 50.857321075761377 ], [ 2.104685518087013, 50.857417616918397 ], [ 2.104789658353393, 50.857498630014874 ], [ 2.10491034450156, 50.857705215147142 ], [ 2.104968678810803, 50.857897449531649 ], [ 2.10505316174253, 50.858027221264003 ], [ 2.105156877068912, 50.858137500834331 ], [ 2.10527932889284, 50.858330600859453 ], [ 2.105315678424448, 50.858430460541385 ], [ 2.105643167359574, 50.858933490329505 ], [ 2.105718990556041, 50.859129015117226 ], [ 2.105700023746051, 50.859329984995 ], [ 2.105587963995209, 50.859518406427568 ], [ 2.105392843553564, 50.859677409209411 ], [ 2.105370585816217, 50.859687256839422 ], [ 2.105274385302657, 50.859746779363554 ], [ 2.105261246990419, 50.859795687635255 ], [ 2.105259930913561, 50.859869195192772 ], [ 2.105271314815106, 50.859918279327019 ], [ 2.105367275500715, 50.859980406241149 ], [ 2.105470081567582, 50.860028816026585 ], [ 2.105497018320972, 50.860046255326928 ], [ 2.105497018321361, 50.86004625532712 ], [ 2.105525043647391, 50.860064399367843 ], [ 2.105525043647738, 50.860064399368007 ], [ 2.105553068994039, 50.860082543401873 ], [ 2.105553068994417, 50.860082543402051 ], [ 2.105581094361138, 50.860100687429146 ], [ 2.105581094361514, 50.860100687429323 ], [ 2.105599724658036, 50.860112748941283 ], [ 2.10567386364324, 50.860178896115791 ], [ 2.105710416772336, 50.860202561013871 ], [ 2.105858695501834, 50.8603348551651 ], [ 2.105910834965149, 50.860368610545571 ], [ 2.106054933320285, 50.860416387966637 ], [ 2.106057847871013, 50.86041701050042 ], [ 2.106111305723762, 50.860434734981034 ], [ 2.106114220276228, 50.860435357513481 ], [ 2.106163540019378, 50.860451709929279 ], [ 2.106175198236385, 50.86045420005378 ], [ 2.106253846275696, 50.860480276462589 ], [ 2.106522816490244, 50.860535089183976 ], [ 2.106773479498097, 50.86064309357679 ], [ 2.106965768263628, 50.860791493345097 ], [ 2.10708403767198, 50.860968214716898 ], [ 2.107108592417426, 50.861027215825935 ], [ 2.107606527887746, 50.861723918097809 ], [ 2.107698677564052, 50.861956626867261 ], [ 2.107762357843527, 50.8625634122007 ], [ 2.107774560091224, 50.862598667566836 ], [ 2.107781188599499, 50.862776161320426 ], [ 2.107787080692057, 50.862776058705329 ], [ 2.107788782585966, 50.862815199088629 ], [ 2.107901326365733, 50.863887537504816 ], [ 2.107900250418857, 50.863986002664376 ], [ 2.107864828024118, 50.864265079384445 ], [ 2.107857399592225, 50.864264701758714 ], [ 2.107851235363941, 50.864336557906256 ], [ 2.107855726419183, 50.864336786209819 ], [ 2.1077965653504, 50.864802880363925 ], [ 2.107789979863429, 50.864802545589725 ], [ 2.107783738668636, 50.864856355407319 ], [ 2.107789739002216, 50.864856660435116 ], [ 2.107673857290388, 50.865769593809532 ], [ 2.107682787544571, 50.865836867932138 ], [ 2.107680651679395, 50.865963780833241 ], [ 2.107677011603954, 50.865985616153637 ], [ 2.107695575299199, 50.866037393232844 ], [ 2.109083883305246, 50.868191625967093 ], [ 2.109084772863211, 50.868193010620764 ], [ 2.110377270168049, 50.870211196514198 ], [ 2.11037716582128, 50.87021122327279 ], [ 2.11038673933953, 50.870223585296472 ], [ 2.110404165784061, 50.870251702813803 ], [ 2.110482446617618, 50.870335886729755 ], [ 2.110588393770347, 50.870420488298727 ], [ 2.110704126173934, 50.870615418626855 ], [ 2.11070866650676, 50.870674446936775 ], [ 2.110751889456411, 50.870796116273311 ], [ 2.111182004526574, 50.871467666615992 ], [ 2.111229268233044, 50.871524913765882 ], [ 2.111317363162462, 50.871610408018029 ], [ 2.111308367086, 50.871614119417885 ], [ 2.111327125966947, 50.871632139710812 ], [ 2.111335988456922, 50.871628483422612 ], [ 2.112217852230128, 50.872484292474645 ], [ 2.112269563644855, 50.872520319632613 ], [ 2.112374515281625, 50.872512060074619 ], [ 2.112702403812857, 50.872518519716245 ], [ 2.113011577927402, 50.872587909932776 ], [ 2.113272613122528, 50.872713626778562 ], [ 2.113460665869397, 50.872883705576228 ], [ 2.113557837959875, 50.873081959520611 ], [ 2.113565275894569, 50.873113997215142 ], [ 2.113579043060141, 50.873141867485046 ], [ 2.113597399932213, 50.873220936403428 ], [ 2.113647337151319, 50.873284708477492 ], [ 2.113746587477417, 50.873485628574436 ], [ 2.113759828818858, 50.873542661678393 ], [ 2.113756865063908, 50.873542937152827 ], [ 2.113765245503322, 50.87359249713316 ], [ 2.113795377645105, 50.87372228239466 ], [ 2.113814789108049, 50.873762266030518 ], [ 2.113822839123782, 50.873772546115902 ], [ 2.113823846112632, 50.87377383552974 ], [ 2.113923292150034, 50.87390151572545 ], [ 2.114021537348019, 50.87410114576366 ], [ 2.11403459151012, 50.874157370838788 ], [ 2.114120999532229, 50.874268114454722 ], [ 2.114157762828783, 50.874300897386831 ], [ 2.114181583147946, 50.874331315790798 ], [ 2.114185139837119, 50.874335901330937 ], [ 2.114212858227021, 50.874371983509228 ], [ 2.114240318850979, 50.874407729992498 ], [ 2.114272581447446, 50.874449609304278 ], [ 2.114356524803345, 50.874685832503936 ], [ 2.114368119546576, 50.874684754774876 ], [ 2.114392068920846, 50.874787901797973 ], [ 2.114461088630134, 50.874876357721682 ], [ 2.114490129923494, 50.874900868400054 ], [ 2.11459348178377, 50.875063884236923 ], [ 2.114610503776169, 50.875153438352186 ], [ 2.114615045981021, 50.875153016150101 ], [ 2.114638924120531, 50.875255853099375 ], [ 2.114679709319269, 50.875307933570525 ], [ 2.114762490309654, 50.875381749110943 ], [ 2.114786311510759, 50.875412167438029 ], [ 2.114789352012068, 50.875416081824881 ], [ 2.114821873657816, 50.875458295738554 ], [ 2.114929319010483, 50.875760638571705 ], [ 2.114927992148834, 50.875835532313801 ], [ 2.114939706081286, 50.875885979102968 ], [ 2.114941034171067, 50.875887674962854 ], [ 2.114968340010176, 50.875942946252088 ], [ 2.115025875734164, 50.876016414372941 ], [ 2.115125137342175, 50.876217333484384 ], [ 2.115144403358919, 50.876300301760317 ], [ 2.115181598437607, 50.876347796005142 ], [ 2.115233527622824, 50.876452906472807 ], [ 2.115353213674457, 50.87660628686254 ], [ 2.115396313963948, 50.876644717448499 ], [ 2.115495578260366, 50.876845635856732 ], [ 2.115498646162129, 50.876858847024458 ], [ 2.115584653112057, 50.877037265585997 ], [ 2.115594250131152, 50.877078592382098 ], [ 2.115605365061977, 50.877101089492889 ], [ 2.115616844733727, 50.877150523164566 ], [ 2.115644880782701, 50.877207269312528 ], [ 2.115646334959094, 50.877213531274158 ], [ 2.115665910457971, 50.877253152722766 ], [ 2.115673420785366, 50.87728549346545 ], [ 2.115692996341087, 50.877325114901673 ], [ 2.115699851863958, 50.87735463577696 ], [ 2.115722081945115, 50.877399630018814 ], [ 2.115754043865612, 50.877537260934652 ], [ 2.115773619665426, 50.87757688252583 ], [ 2.115781130111217, 50.877609223245727 ], [ 2.115800705879212, 50.877648844645094 ], [ 2.115806129577471, 50.877672199494427 ], [ 2.115834166118722, 50.877728945522442 ], [ 2.115834359246608, 50.877729777144914 ], [ 2.115907424911964, 50.877823069464839 ], [ 2.116006693595662, 50.87802398720391 ], [ 2.116027449297671, 50.878113360271634 ], [ 2.116047025481778, 50.878152981648221 ], [ 2.116058709967946, 50.878203294250383 ], [ 2.116061364521004, 50.878208666975311 ], [ 2.116067653863171, 50.878235748327882 ], [ 2.116140043884503, 50.878328511831093 ], [ 2.116268075265485, 50.878442662999568 ], [ 2.116291898841303, 50.878473080984044 ], [ 2.116296483973035, 50.878479008170778 ], [ 2.116317832319948, 50.878506951328553 ], [ 2.11634205886209, 50.878556842041576 ], [ 2.116347024825497, 50.878563182527643 ], [ 2.116351612294221, 50.878569112714935 ], [ 2.116372960568689, 50.878597055858357 ], [ 2.116397187027615, 50.878646946212214 ], [ 2.116465517738667, 50.878734189381767 ], [ 2.116564790854775, 50.878935107046097 ], [ 2.116582543292246, 50.879011543156871 ], [ 2.11658861187137, 50.87902385047407 ], [ 2.116612571071778, 50.879127857571497 ], [ 2.116676165737516, 50.879209052623963 ], [ 2.116699510447014, 50.879229866162596 ], [ 2.116798785037766, 50.879430783100091 ], [ 2.116800370562253, 50.879437609658616 ], [ 2.116811486533949, 50.879460106517456 ], [ 2.116829229183433, 50.879536497636138 ], [ 2.116831883893179, 50.879541870339544 ], [ 2.116838334973443, 50.879569645438238 ], [ 2.116841908561325, 50.879574296382891 ], [ 2.116956287619388, 50.879721005919251 ], [ 2.117055173390775, 50.87992288508913 ], [ 2.117091348982867, 50.880082077773679 ], [ 2.117117269106107, 50.880115480968456 ], [ 2.117214803729332, 50.880314160677543 ], [ 2.117215223475098, 50.880315967803782 ], [ 2.11724541186328, 50.880354509369674 ], [ 2.117355504599757, 50.880452661051294 ], [ 2.11745478430739, 50.880653576868305 ], [ 2.11745189577758, 50.880817058636104 ], [ 2.117475134612755, 50.880917105049853 ], [ 2.117542332090663, 50.881053092893943 ], [ 2.117548809385861, 50.881080978282611 ], [ 2.117568091256854, 50.881105594843426 ], [ 2.117642066400098, 50.881153451095109 ], [ 2.11780861056045, 50.881293982111835 ], [ 2.117911986477072, 50.881456993577643 ], [ 2.117932363558536, 50.881564146282741 ], [ 2.117933242627462, 50.881564064560166 ], [ 2.117952029084479, 50.881644938430405 ], [ 2.117948312180966, 50.881855428053214 ], [ 2.117945265686898, 50.881866774498278 ], [ 2.117953012270471, 50.881900122444065 ], [ 2.117965995250193, 50.881916696894905 ], [ 2.11804990420756, 50.882065685536581 ], [ 2.118067486631657, 50.882169591828053 ], [ 2.118107478910491, 50.882341749448152 ], [ 2.118129713410215, 50.882386742889253 ], [ 2.118166514767113, 50.882545162855337 ], [ 2.118163550460905, 50.882545438432487 ], [ 2.118167840245286, 50.882570788936896 ], [ 2.118170734884559, 50.882570519836342 ], [ 2.118207302657795, 50.882727933071564 ], [ 2.118255192813947, 50.882824841691424 ], [ 2.11825306261579, 50.88294549609607 ], [ 2.118262298079546, 50.882945561337934 ], [ 2.118262282683987, 50.882946433480299 ], [ 2.118290943961044, 50.883069809727111 ], [ 2.118302701960874, 50.883093602563875 ], [ 2.118343108885655, 50.883165495666027 ], [ 2.118345578070128, 50.88318036407329 ], [ 2.118347028798648, 50.883183299674315 ], [ 2.118353313512771, 50.883210352916905 ], [ 2.118350600188007, 50.883210605160741 ], [ 2.118369376344533, 50.883323666961275 ], [ 2.118368959012661, 50.883342800413288 ], [ 2.118382944103625, 50.883403000057271 ], [ 2.118393170786112, 50.883498874544912 ], [ 2.118408454069679, 50.883564661965565 ], [ 2.118411066661583, 50.883589154679086 ], [ 2.118446959640091, 50.883743656470863 ], [ 2.118486120288595, 50.883822897896586 ], [ 2.118505321960531, 50.883905550517717 ], [ 2.118527557572093, 50.883950544022284 ], [ 2.118547783134738, 50.884037603732402 ], [ 2.118614987311543, 50.884173589476433 ], [ 2.118623936454569, 50.884212109989576 ], [ 2.118635173262478, 50.884317447427236 ], [ 2.118634307498594, 50.884366511296982 ], [ 2.118665691005256, 50.884501597080252 ], [ 2.118685271809136, 50.884541217714258 ], [ 2.118696960301633, 50.884591529034132 ], [ 2.118699615658823, 50.884596902016732 ], [ 2.118724076682784, 50.884702189589099 ], [ 2.118721112273559, 50.884702465177554 ], [ 2.118739879001236, 50.884813354499492 ], [ 2.118738885978286, 50.88486963636818 ], [ 2.118753076734202, 50.884930717306091 ], [ 2.118763304439312, 50.88502659152936 ], [ 2.118793061594362, 50.885154673656274 ], [ 2.118804763717081, 50.885178351829254 ], [ 2.118844621974083, 50.885249116494634 ], [ 2.118847166110086, 50.885264148981385 ], [ 2.118849149878082, 50.885268162936718 ], [ 2.118855435126482, 50.885295216066083 ], [ 2.118852470629266, 50.88529549165991 ], [ 2.118871237726234, 50.885406380001967 ], [ 2.118870877816355, 50.885426781520898 ], [ 2.118903695260069, 50.885568033353017 ], [ 2.118917468832644, 50.885595902484759 ], [ 2.118957591091494, 50.885768593919444 ], [ 2.118968709659884, 50.885791090792708 ], [ 2.118978806821013, 50.885834549931445 ], [ 2.1189750940083, 50.886045039019749 ], [ 2.118868734235328, 50.88624450017258 ], [ 2.118670137744039, 50.886413408507067 ], [ 2.118638475677419, 50.886432994234795 ], [ 2.11862534343136, 50.886481901883037 ], [ 2.118624362901814, 50.886537466436764 ], [ 2.118642368461764, 50.886614965293909 ], [ 2.11866165309049, 50.886639581568126 ], [ 2.118741363163193, 50.886691140288136 ], [ 2.118777590722905, 50.886695032409534 ], [ 2.118816104242366, 50.886691452113055 ], [ 2.118894246003947, 50.886666957937834 ], [ 2.118956181991313, 50.886639156359792 ], [ 2.11898085717878, 50.886623892568458 ], [ 2.119037145010671, 50.886555900287412 ], [ 2.119235740774101, 50.886386991470992 ], [ 2.119507131374219, 50.886265168426469 ], [ 2.119555741778269, 50.886249930630477 ], [ 2.119591572474334, 50.886206648235714 ], [ 2.11964517068185, 50.886106130315021 ], [ 2.11965985926559, 50.8860883868578 ], [ 2.11966084287899, 50.886086542186149 ], [ 2.11966952270332, 50.886076057158618 ], [ 2.119696813490938, 50.886024875840128 ], [ 2.119698832560391, 50.886022436845316 ], [ 2.119726123288709, 50.885971255516068 ], [ 2.119728142354524, 50.885968816520659 ], [ 2.119755433023502, 50.885917635180739 ], [ 2.119776782221482, 50.885891845663693 ], [ 2.11977776582669, 50.88589000099055 ], [ 2.119804330215656, 50.885857911553543 ], [ 2.119807281025992, 50.885852377533169 ], [ 2.119844062260064, 50.885807946190504 ], [ 2.119855648827013, 50.885764790366551 ], [ 2.119852750929446, 50.88575231846464 ], [ 2.119856460110468, 50.885541829326563 ], [ 2.119962814457714, 50.885342367192536 ], [ 2.120161402265897, 50.885173456583772 ], [ 2.120432784014822, 50.885051631296257 ], [ 2.120526480014017, 50.885033100784362 ], [ 2.120629177018301, 50.885000906647136 ], [ 2.120654887931345, 50.884985000930968 ], [ 2.120667060352184, 50.884970296125985 ], [ 2.120850682612999, 50.88481411048469 ], [ 2.120868742578463, 50.884792293058268 ], [ 2.120910515705178, 50.884756761409271 ], [ 2.120984394850061, 50.88466751094326 ], [ 2.121118896146074, 50.884553105088912 ], [ 2.12118639037265, 50.884471567122453 ], [ 2.121322727195341, 50.884355598867415 ], [ 2.121329287584394, 50.884347673367373 ], [ 2.121372896525377, 50.884310579390714 ], [ 2.121431955331886, 50.884239231114407 ], [ 2.121436068279816, 50.884223909476098 ], [ 2.121432495286222, 50.884208533738899 ], [ 2.121377184940683, 50.884137934120325 ], [ 2.121331740650927, 50.88409742654548 ], [ 2.121232438466463, 50.883896515060407 ], [ 2.121234595128585, 50.88377393142418 ], [ 2.121225842565429, 50.883773869803214 ], [ 2.121227420720675, 50.883684168872534 ], [ 2.121228418039252, 50.883684175894025 ], [ 2.121231119755454, 50.883530617556374 ], [ 2.121337464354098, 50.883331153747307 ], [ 2.12144453174734, 50.88324007957241 ], [ 2.121492712956567, 50.883181870919955 ], [ 2.121534484141744, 50.883146339095255 ], [ 2.121578255421486, 50.883093457918719 ], [ 2.121579388292079, 50.883093833170257 ], [ 2.121776829046498, 50.882924543878481 ], [ 2.121803276277187, 50.882908181440072 ], [ 2.12181422965353, 50.882901404773065 ], [ 2.121890730130687, 50.882836330172537 ], [ 2.121912398910206, 50.882822924015201 ], [ 2.121922114139237, 50.882814659798633 ], [ 2.122193478794899, 50.882692830200632 ], [ 2.12251107298744, 50.882630010263959 ], [ 2.122824681384023, 50.882632214609444 ], [ 2.122856410242574, 50.882629263720403 ], [ 2.122879446473792, 50.882615011127918 ], [ 2.122951763121427, 50.882527638917757 ], [ 2.122952246446339, 50.882525838149867 ], [ 2.122973216151592, 50.882486503027344 ], [ 2.122974890959814, 50.882480263024547 ], [ 2.123044019350444, 50.882350590989553 ], [ 2.12304713368701, 50.882338987491693 ], [ 2.123153468474327, 50.882139521643502 ], [ 2.123161494985744, 50.882129823933482 ], [ 2.123162478391887, 50.882127979222844 ], [ 2.12318976123484, 50.882095015788323 ], [ 2.123191728043567, 50.882091326366442 ], [ 2.123229134479858, 50.882046131404287 ], [ 2.123256419418591, 50.881994948986005 ], [ 2.123258438151283, 50.881992509918398 ], [ 2.123285723030679, 50.881941327489493 ], [ 2.1232917792175, 50.881934010284319 ], [ 2.123373633489666, 50.881780462931474 ], [ 2.123375652207995, 50.881778023861109 ], [ 2.123402936850155, 50.881726841389437 ], [ 2.123422837135533, 50.881702797261923 ], [ 2.123425787299546, 50.881697263120145 ], [ 2.123500599090684, 50.881606872985721 ], [ 2.123555167876076, 50.881504507950389 ], [ 2.123558645036856, 50.881500306701533 ], [ 2.12355938909514, 50.881497534304799 ], [ 2.123665720045907, 50.881298067758529 ], [ 2.123687065250719, 50.881272277387062 ], [ 2.123688048620571, 50.881270432669815 ], [ 2.123715330648346, 50.881237469076368 ], [ 2.123717297384492, 50.881233779641271 ], [ 2.123774029141331, 50.881165233149275 ], [ 2.123775012505858, 50.881163388431041 ], [ 2.12378369061119, 50.881152903036991 ], [ 2.123810974493832, 50.881101720426258 ], [ 2.123812993163377, 50.881099281346252 ], [ 2.123840276986709, 50.881048098724847 ], [ 2.123850973723381, 50.881035174243543 ], [ 2.123905541166255, 50.880932808963891 ], [ 2.123920226715576, 50.880915064862194 ], [ 2.123921210069771, 50.880913220142112 ], [ 2.123948491748564, 50.880880256479394 ], [ 2.123950458453431, 50.88087656703857 ], [ 2.123987140696884, 50.880832244858851 ], [ 2.124015407544012, 50.880779217456883 ], [ 2.124026826772941, 50.880765419859422 ], [ 2.12408041021746, 50.880664899181902 ], [ 2.124095095625831, 50.88064715505233 ], [ 2.124096078968305, 50.880645310330074 ], [ 2.124104756916266, 50.880634824905215 ], [ 2.124132040186981, 50.880583642182991 ], [ 2.12415121707607, 50.880560470993075 ], [ 2.124155150430401, 50.880553092101273 ], [ 2.124250007709962, 50.880438476859155 ], [ 2.124277290724618, 50.880387294089523 ], [ 2.124298635224581, 50.880361503576793 ], [ 2.124299618553908, 50.880359658852143 ], [ 2.124308296409501, 50.880349173408476 ], [ 2.124335579315661, 50.880297990618992 ], [ 2.124337597927085, 50.880295551527482 ], [ 2.124364880773918, 50.880244368727354 ], [ 2.124366899381812, 50.880241929635076 ], [ 2.124394182169367, 50.880190746824205 ], [ 2.12441552652494, 50.880164956283664 ], [ 2.124416509846093, 50.880163111557501 ], [ 2.124443068209807, 50.88013102084691 ], [ 2.124446018167963, 50.880125486667502 ], [ 2.124476131883379, 50.880089099927041 ], [ 2.124490823089686, 50.880034354208988 ], [ 2.124597147206813, 50.879834886414621 ], [ 2.124616092413476, 50.879811994465804 ], [ 2.124656022465825, 50.879778023495348 ], [ 2.124793201298413, 50.879612265951486 ], [ 2.124795167890972, 50.879608576490071 ], [ 2.124851896323082, 50.879540029334649 ], [ 2.124852879615813, 50.879538184603277 ], [ 2.124877768740764, 50.879508110040412 ], [ 2.124915862147197, 50.879475701183019 ], [ 2.124961071760572, 50.879421072319239 ], [ 2.125004673703989, 50.879383976789057 ], [ 2.125138014031759, 50.879222854349123 ], [ 2.125176107051837, 50.879190445397882 ], [ 2.125314727640036, 50.879022940919747 ], [ 2.125315710905493, 50.879021096183259 ], [ 2.12534299063078, 50.8789881321186 ], [ 2.125344957158173, 50.878984442644914 ], [ 2.12539857045291, 50.878919657665953 ], [ 2.125483936565832, 50.878847028447332 ], [ 2.125593305766245, 50.87871486824389 ], [ 2.125647867104418, 50.878612501832556 ], [ 2.125659437718141, 50.878598519963205 ], [ 2.125744802903031, 50.878525890529822 ], [ 2.125864817902468, 50.878380863877894 ], [ 2.125865801134982, 50.878379019135195 ], [ 2.125874478317769, 50.878368533550322 ], [ 2.125901758537579, 50.878317350260645 ], [ 2.125919987718495, 50.878295321896552 ], [ 2.125958079524001, 50.878262912659842 ], [ 2.125973188663911, 50.878244654539763 ], [ 2.126018624973032, 50.878205996355909 ], [ 2.126135025813504, 50.87806533492617 ], [ 2.126162305600821, 50.878014151555341 ], [ 2.126183648113643, 50.877988360625004 ], [ 2.126184631326655, 50.877986515878668 ], [ 2.126209518876818, 50.877956440977592 ], [ 2.126247610236097, 50.877924031635423 ], [ 2.126347575902473, 50.877803229313891 ], [ 2.126401151500048, 50.877702707176418 ], [ 2.126415835213421, 50.877684962691845 ], [ 2.126416818411881, 50.877683117942816 ], [ 2.126424864480185, 50.877673394691371 ], [ 2.126431899212299, 50.877647174998934 ], [ 2.12640693132137, 50.877539761932326 ], [ 2.126385851488747, 50.877497116247469 ], [ 2.126389532530251, 50.877286624208381 ], [ 2.126495843218379, 50.87708715394313 ], [ 2.126694376121707, 50.87691823076895 ], [ 2.126808810693877, 50.876847413985324 ], [ 2.126832681775577, 50.876758437910908 ], [ 2.12683615360394, 50.876733987658312 ], [ 2.126853741624497, 50.876668430538331 ], [ 2.126867331652469, 50.876572722537887 ], [ 2.126894410625281, 50.876471788426933 ], [ 2.126897882403511, 50.876447338161732 ], [ 2.126914212029505, 50.876386470889365 ], [ 2.126914442439693, 50.876373287167787 ], [ 2.126929373609894, 50.876268132553314 ], [ 2.126956452292266, 50.87616719838104 ], [ 2.126959924018966, 50.876142748102509 ], [ 2.126977511668963, 50.87607719090478 ], [ 2.126991101298973, 50.87598148280285 ], [ 2.126993906273688, 50.87597102733276 ], [ 2.126995835107512, 50.875964059846645 ], [ 2.127019360629502, 50.875881631060025 ], [ 2.12706936196029, 50.875789412663309 ], [ 2.127102575981557, 50.875665606712914 ], [ 2.127111106434576, 50.87560552747469 ], [ 2.12712869369707, 50.875539970200805 ], [ 2.127142282891346, 50.87544426200234 ], [ 2.12716936069703, 50.875343327654456 ], [ 2.127172832262281, 50.875318877338664 ], [ 2.127189161184453, 50.875258009923435 ], [ 2.127189391516881, 50.875244826178189 ], [ 2.12720432177112, 50.875139671346155 ], [ 2.127226654018521, 50.875056425474632 ], [ 2.127235184218313, 50.874996346171002 ], [ 2.127252771103545, 50.874930788817487 ], [ 2.127266359894434, 50.874835080514764 ], [ 2.127288691902309, 50.874751834592708 ], [ 2.127297221975486, 50.874691755256372 ], [ 2.127300287470586, 50.874680328116689 ], [ 2.127342213415346, 50.874601655443726 ], [ 2.127383515527252, 50.874447693701171 ], [ 2.127386986925466, 50.874423243345333 ], [ 2.127403315294009, 50.87436237581727 ], [ 2.127403545565796, 50.874349192053231 ], [ 2.127418475101642, 50.87424403704906 ], [ 2.127421279889375, 50.874233581541112 ], [ 2.127422023757143, 50.874230842889141 ], [ 2.12746506232797, 50.874074326830723 ], [ 2.127465268163466, 50.874062541212226 ], [ 2.12748019748375, 50.873957386153741 ], [ 2.127497783681762, 50.873891828659737 ], [ 2.127511371720708, 50.873796120175648 ], [ 2.127533702855947, 50.87371287407516 ], [ 2.127542232457117, 50.873652794624974 ], [ 2.127552268950443, 50.873615380374503 ], [ 2.127585133729075, 50.873553708641587 ], [ 2.127628836284304, 50.87339079202323 ], [ 2.12763230748903, 50.873366341620354 ], [ 2.127649893279407, 50.873300784044638 ], [ 2.127663480866226, 50.873205075455971 ], [ 2.127690556405407, 50.873104140643392 ], [ 2.127694027560009, 50.873079690227918 ], [ 2.127710355115401, 50.873018822532472 ], [ 2.127710585299976, 50.873005638740324 ], [ 2.12772551378813, 50.872900483479619 ], [ 2.127747844166262, 50.872817237224844 ], [ 2.127756373357025, 50.872757157676311 ], [ 2.127773380384494, 50.872693756220592 ], [ 2.127797184644467, 50.872649085535429 ], [ 2.127798365528466, 50.872644683232878 ], [ 2.127904660714816, 50.872445210326887 ], [ 2.12792145208509, 50.872424915608235 ], [ 2.127921935133152, 50.872423114792781 ], [ 2.127942896685546, 50.872383778216722 ], [ 2.127944570534429, 50.872377538049108 ], [ 2.127974591575697, 50.872321200251669 ], [ 2.127980834185575, 50.872297927485661 ], [ 2.128001795639075, 50.872258590892038 ], [ 2.128010440162309, 50.872226363554397 ], [ 2.128031401562469, 50.872187026951451 ], [ 2.1280330753937, 50.872180786780767 ], [ 2.128139368656116, 50.871981313530888 ], [ 2.128140664349725, 50.871979747477695 ], [ 2.128168921780175, 50.871926718404502 ], [ 2.128179055378713, 50.871914470299437 ], [ 2.128179538412553, 50.871912669481553 ], [ 2.128209558909562, 50.871856331586869 ], [ 2.128229742378599, 50.871781084397121 ], [ 2.128235403129845, 50.871761705060841 ], [ 2.128244723037098, 50.871732221556464 ], [ 2.128272506090327, 50.871682499664132 ], [ 2.12827532502042, 50.871671990167563 ], [ 2.128296285979466, 50.871632653486195 ], [ 2.128304930204452, 50.871600426096784 ], [ 2.12841122114683, 50.871400952435408 ], [ 2.128425179911784, 50.871384080674268 ], [ 2.128427145912275, 50.871380391108374 ], [ 2.128443936712465, 50.871360096285819 ], [ 2.128451390063227, 50.871332308236553 ], [ 2.128472350741148, 50.871292971504857 ], [ 2.128480994793802, 50.871260744086221 ], [ 2.128587284310656, 50.871061270169541 ], [ 2.128601965295774, 50.871043525244453 ], [ 2.128602948282843, 50.871041680459122 ], [ 2.128617862286454, 50.871023653867852 ], [ 2.128636646296138, 50.870988401594509 ], [ 2.128707975415989, 50.870927699441864 ], [ 2.128709999817917, 50.870925252529453 ], [ 2.128755427353412, 50.870886592909024 ], [ 2.128767643763755, 50.870871826787443 ], [ 2.128966144289826, 50.870702898366218 ], [ 2.128986852483307, 50.870690080858246 ], [ 2.128999018969496, 50.870675374913368 ], [ 2.129197517932922, 50.870506446072454 ], [ 2.129206240239034, 50.870501047275525 ], [ 2.129282712569499, 50.870435966501368 ], [ 2.129349878378867, 50.870394393056856 ], [ 2.129426350358486, 50.870329312184332 ], [ 2.129542074044866, 50.87025768250561 ], [ 2.129633008076827, 50.870180293171323 ], [ 2.129904285295071, 50.870058444448823 ], [ 2.130221789446716, 50.869995603678774 ], [ 2.130359746325906, 50.869982761317431 ], [ 2.130422358789738, 50.86997036879572 ], [ 2.130459266464104, 50.869966933025381 ], [ 2.13054893986948, 50.869949184392233 ], [ 2.130583650836579, 50.869945953078307 ], [ 2.130603152139614, 50.869942107741885 ], [ 2.130784984283104, 50.869925431729698 ], [ 2.13093444896332, 50.869919136480355 ], [ 2.131038215643622, 50.869909476267075 ], [ 2.131204685703582, 50.869902351279393 ], [ 2.131225520622621, 50.869902496340764 ], [ 2.131322048995482, 50.869893509751158 ], [ 2.13148851896177, 50.86988638438465 ], [ 2.131509353874975, 50.869886529398627 ], [ 2.131605882165941, 50.869877542589265 ], [ 2.13170099326804, 50.869873471384594 ], [ 2.131833010918697, 50.869861180276253 ], [ 2.131999480704403, 50.869854054227737 ], [ 2.132020315605637, 50.869854199156407 ], [ 2.132254395544512, 50.869832405123049 ], [ 2.132587047151515, 50.869834717971003 ], [ 2.132641617017631, 50.869840576603899 ], [ 2.13342795895539, 50.869846039982285 ], [ 2.13359414119201, 50.86985547809973 ], [ 2.133690334151232, 50.869865804576825 ], [ 2.134505028734764, 50.869871458001654 ], [ 2.134671211259354, 50.869880894684378 ], [ 2.134767404490098, 50.869891220330771 ], [ 2.135355282393373, 50.869895295259958 ], [ 2.135521465157815, 50.869904730810013 ], [ 2.13561765861015, 50.869915055800618 ], [ 2.136404002044761, 50.869920500424925 ], [ 2.136570185091057, 50.869929934577996 ], [ 2.136666378808616, 50.869940258759762 ], [ 2.137254257443507, 50.869944324742484 ], [ 2.13742044072957, 50.869953757762886 ], [ 2.137516634668671, 50.869964081288849 ], [ 2.138001378696572, 50.869967430850444 ], [ 2.138097905975844, 50.869958439020365 ], [ 2.138264375191555, 50.869951304615377 ], [ 2.139192480489838, 50.869957710576024 ], [ 2.139289007535969, 50.869948717824442 ], [ 2.139455476549197, 50.869941581830403 ], [ 2.140695456041229, 50.869950127021326 ], [ 2.140791982802187, 50.869941133107041 ], [ 2.14095845157546, 50.869933995107907 ], [ 2.14191490909933, 50.869940576003088 ], [ 2.142011435622321, 50.86993158114538 ], [ 2.142177904189538, 50.869924441519387 ], [ 2.142367474012085, 50.869925744582574 ], [ 2.142367380605623, 50.869931186224022 ], [ 2.142424085004031, 50.869931575942182 ], [ 2.142424178404318, 50.869926134300698 ], [ 2.143446235924919, 50.869933154282073 ], [ 2.143542762157882, 50.869924158239741 ], [ 2.14358146893656, 50.869922497697601 ], [ 2.143590619717898, 50.869921644856994 ], [ 2.143599868676213, 50.869921708334374 ], [ 2.143709230481522, 50.869917016570838 ], [ 2.143728687133884, 50.869917150086287 ], [ 2.143728593875684, 50.869922591728823 ], [ 2.143785298274946, 50.869922980828441 ], [ 2.143785391526972, 50.86991753918587 ], [ 2.144949210089087, 50.869925519493599 ], [ 2.14502677254563, 50.869918289885952 ], [ 2.145048144475003, 50.869905055945502 ], [ 2.145105462803096, 50.869869563197838 ], [ 2.145134121939243, 50.869851816811874 ], [ 2.145162781051494, 50.869834070420943 ], [ 2.145307805174795, 50.869744267798389 ], [ 2.145460705372835, 50.869614086311053 ], [ 2.145509031324519, 50.86958416134182 ], [ 2.145601566560136, 50.869505374890373 ], [ 2.145607399092821, 50.869498321167463 ], [ 2.145805837225063, 50.869329365602653 ], [ 2.14581455753087, 50.869323965635175 ], [ 2.145832478146153, 50.869308707461897 ], [ 2.145837588574831, 50.869302526963899 ], [ 2.14603602515114, 50.869133570981617 ], [ 2.146084350293832, 50.869103645767034 ], [ 2.146237246508446, 50.868973463198508 ], [ 2.146331941280375, 50.868914823161774 ], [ 2.146408388875443, 50.868849731733746 ], [ 2.146475538301682, 50.868808148970274 ], [ 2.146551985546468, 50.868743057443524 ], [ 2.146619134709733, 50.868701474595937 ], [ 2.146695581604525, 50.868636382970188 ], [ 2.146734072670365, 50.868612546831898 ], [ 2.14681051927909, 50.868547455126979 ], [ 2.146858843391272, 50.868517529585091 ], [ 2.147011735794297, 50.868387345949259 ], [ 2.147033551510278, 50.868373836081396 ], [ 2.147075789062379, 50.868322751460312 ], [ 2.147274217560848, 50.868153793251849 ], [ 2.147309368671518, 50.868132024883899 ], [ 2.147385813795671, 50.868066932777914 ], [ 2.147452961356226, 50.868025349438064 ], [ 2.147529406130649, 50.867960257232873 ], [ 2.147539239106697, 50.867954167808975 ], [ 2.147615683659558, 50.867889075543964 ], [ 2.147654173710503, 50.867865239094385 ], [ 2.147730617977851, 50.867800146749737 ], [ 2.147740450898313, 50.867794057308203 ], [ 2.147816894943351, 50.867728964904373 ], [ 2.147941355461874, 50.86765188713742 ], [ 2.147957439758733, 50.867638191199383 ], [ 2.148009340965432, 50.867575415975317 ], [ 2.148022803718854, 50.867525143667663 ], [ 2.148028951569416, 50.86716458529267 ], [ 2.148014730062953, 50.867103505970462 ], [ 2.148003435238436, 50.866998168565765 ], [ 2.148006107323484, 50.866841458900254 ], [ 2.147991885936909, 50.866780379544792 ], [ 2.147980591233588, 50.866675042085163 ], [ 2.147984181118946, 50.866464510164008 ], [ 2.147969959866452, 50.866403430770269 ], [ 2.147958665294553, 50.866298093246982 ], [ 2.147961337482569, 50.866141383412035 ], [ 2.147947116349958, 50.866080303985051 ], [ 2.14793582189925, 50.865974966406831 ], [ 2.147940023776043, 50.865728552765106 ], [ 2.147925802786973, 50.86566747329654 ], [ 2.147914508474504, 50.865562135648844 ], [ 2.147917180761642, 50.865405425635728 ], [ 2.147902959892452, 50.865344346133902 ], [ 2.147891665701166, 50.865239008431288 ], [ 2.147893114285781, 50.865154061395486 ], [ 2.147860273635945, 50.865013007498789 ], [ 2.147846306025901, 50.864984769546766 ], [ 2.147849895740648, 50.864774272795273 ], [ 2.147872689649418, 50.86468915212658 ], [ 2.147872719396442, 50.864687407740568 ], [ 2.147836428966612, 50.864531534770158 ], [ 2.147839392036586, 50.864531258480781 ], [ 2.147820568401254, 50.864420370332475 ], [ 2.147823058061743, 50.864274382564687 ], [ 2.147808837639146, 50.864213302972658 ], [ 2.147797543906934, 50.864107965098214 ], [ 2.147798992620271, 50.864023017825694 ], [ 2.147788332306618, 50.863977229294527 ], [ 2.147716227289603, 50.863969496105689 ], [ 2.147655640050349, 50.863969082217139 ], [ 2.14742473617516, 50.863935488304897 ], [ 2.147423978026197, 50.863938319474336 ], [ 2.147381377339874, 50.863933750491682 ], [ 2.147313886446865, 50.863919360749897 ], [ 2.147254201675789, 50.863910677152205 ], [ 2.147214505457357, 50.863906419602799 ], [ 2.147179209381423, 50.863898894053889 ], [ 2.146948336237426, 50.863874131803598 ], [ 2.146633113089305, 50.863806921215911 ], [ 2.146609880387762, 50.86379922835151 ], [ 2.146342905417311, 50.863673660388912 ], [ 2.146150311467175, 50.863502026835732 ], [ 2.146050950548088, 50.863301128714831 ], [ 2.146041895582942, 50.863262228908496 ], [ 2.145963208776823, 50.863211341510464 ], [ 2.145902282374397, 50.863182684913191 ], [ 2.145753485492242, 50.86313341314839 ], [ 2.145547785818394, 50.863111348109854 ], [ 2.145518059369095, 50.863111144523309 ], [ 2.145518193565148, 50.863103296592563 ], [ 2.145347545929507, 50.863102127351567 ], [ 2.145032333202297, 50.863034913194461 ], [ 2.145005092795226, 50.863025892713431 ], [ 2.144925657330192, 50.863017371341485 ], [ 2.144678038883848, 50.863015674030628 ], [ 2.144511877335001, 50.86300625057757 ], [ 2.144336117396852, 50.86298739528609 ], [ 2.144273566265948, 50.862986965944934 ], [ 2.143958356810027, 50.862919748394042 ], [ 2.143840490249732, 50.862864306569911 ], [ 2.143613028342826, 50.862788980692621 ], [ 2.143610113346775, 50.862788359025451 ], [ 2.143556637429841, 50.862770649997572 ], [ 2.143553722955309, 50.862770028500918 ], [ 2.143500249953406, 50.862752320314314 ], [ 2.143497334692439, 50.862751698600768 ], [ 2.143486687280283, 50.86274817259396 ], [ 2.143273938248853, 50.862702602495311 ], [ 2.143005524591942, 50.862575279942241 ], [ 2.142813153909188, 50.862401367947363 ], [ 2.142739591874524, 50.862305562333901 ], [ 2.142641624718068, 50.86224219958801 ], [ 2.142483146800064, 50.862167651538414 ], [ 2.14244301607585, 50.862131883611255 ], [ 2.14243951743408, 50.86212962075458 ], [ 2.14242523987479, 50.862120386290549 ], [ 2.142232664777098, 50.861948745723822 ], [ 2.142215108452745, 50.861913241167798 ], [ 2.142114101214974, 50.86178433595979 ], [ 2.142027740807475, 50.861707362701573 ], [ 2.1420170565839, 50.861693727401565 ], [ 2.141985510737768, 50.861683279913585 ], [ 2.141718558964342, 50.861557701912744 ], [ 2.141631154684899, 50.861479797154395 ], [ 2.141628526117088, 50.861478096986595 ], [ 2.141507369038008, 50.861399731929829 ], [ 2.141507386209695, 50.861399743036337 ], [ 2.141314805426469, 50.861228096934234 ], [ 2.141251637217472, 50.861100345860947 ], [ 2.141250570435758, 50.861098984372703 ], [ 2.141249891494185, 50.86109811629904 ], [ 2.141176830208665, 50.86100453283445 ], [ 2.141062518570042, 50.860930593854611 ], [ 2.141054896758684, 50.860925663907743 ], [ 2.140862331434545, 50.860754021498863 ], [ 2.140762997105443, 50.860553118321157 ], [ 2.140758278456562, 50.860532836614858 ], [ 2.140731913775347, 50.860499065450355 ], [ 2.140687251232217, 50.860470176252278 ], [ 2.140529370748812, 50.860395902762313 ], [ 2.14033680889947, 50.860224259297198 ], [ 2.14023747753907, 50.860023355343472 ], [ 2.140241098896042, 50.859812857019541 ], [ 2.140347317230054, 50.859613369391987 ], [ 2.140348455807159, 50.859611992354758 ], [ 2.140376431909466, 50.859507568281209 ], [ 2.140381091850749, 50.859508068387633 ], [ 2.140388970584123, 50.859466489307103 ], [ 2.140400958041709, 50.859433766579947 ], [ 2.140424868823612, 50.859392940234869 ], [ 2.140445148342519, 50.859317243609532 ], [ 2.140439480800509, 50.859292882004176 ], [ 2.140401060661685, 50.859243844860487 ], [ 2.140252832261107, 50.859100073289305 ], [ 2.140196083350584, 50.858908630991777 ], [ 2.140188276473116, 50.858909358538021 ], [ 2.14016435357468, 50.858806523931626 ], [ 2.140135523373362, 50.858769726105692 ], [ 2.140081793187909, 50.858661049124841 ], [ 2.140080003998897, 50.858658765464767 ], [ 2.140054516773771, 50.858607213713057 ], [ 2.14005258372479, 50.858604746421612 ], [ 2.140027096646237, 50.858553194767566 ], [ 2.140018788199431, 50.858542590023852 ], [ 2.140015231693632, 50.858538006955385 ], [ 2.139987503455156, 50.858501929801996 ], [ 2.139978512552835, 50.858489932209572 ], [ 2.139971123363317, 50.858479815326653 ], [ 2.139882327657454, 50.858286388325666 ], [ 2.139887967994507, 50.858084993354794 ], [ 2.139900147902454, 50.858039530575567 ], [ 2.139894408700508, 50.8580148590828 ], [ 2.139868045779863, 50.857981087410359 ], [ 2.139791642413997, 50.857931663411406 ], [ 2.139599092880021, 50.857760018148696 ], [ 2.139499769608326, 50.857559112902948 ], [ 2.139492649828686, 50.857528505196527 ], [ 2.139444767465868, 50.857467165078468 ], [ 2.139269291974085, 50.85731060643748 ], [ 2.139170100206361, 50.857109125940802 ], [ 2.139146006669241, 50.857004397857629 ], [ 2.139120026231992, 50.856971114653774 ], [ 2.138983295975413, 50.856882662539142 ], [ 2.138949822677354, 50.85687157452751 ], [ 2.13868290378552, 50.856745988865185 ], [ 2.138521335325275, 50.856601953343763 ], [ 2.138423365566403, 50.856538574349486 ], [ 2.138243177635919, 50.856478885560549 ], [ 2.138238797277316, 50.856478415352036 ], [ 2.137923633110016, 50.856411182168834 ], [ 2.137920983762576, 50.856410304536929 ], [ 2.137893705279815, 50.856407376255532 ], [ 2.137871569503489, 50.856409438847592 ], [ 2.137794076868866, 50.856457429076634 ], [ 2.137522892750945, 50.856579297510272 ], [ 2.137205483059329, 50.856642158170132 ], [ 2.136872919090032, 50.856639857609466 ], [ 2.13655775576869, 50.856572621031148 ], [ 2.13632207585739, 50.856494545567671 ], [ 2.136319161319202, 50.856493923724102 ], [ 2.13626569468933, 50.856476211388099 ], [ 2.136262780405328, 50.856475589672534 ], [ 2.136215260668328, 50.856459847298424 ], [ 2.135948351465724, 50.856334255913012 ], [ 2.135937574531148, 50.85632728357195 ], [ 2.135847244865899, 50.856284779558266 ], [ 2.135782087065429, 50.85622668769529 ], [ 2.135680582417645, 50.856161016803277 ], [ 2.135520826551281, 50.856143864259927 ], [ 2.135523997256396, 50.856132032728915 ], [ 2.135277691713056, 50.856099243171307 ], [ 2.134935374167474, 50.855951006836612 ], [ 2.134920192006269, 50.855941184117043 ], [ 2.134892158338091, 50.85592304657446 ], [ 2.134865213544026, 50.855905613505264 ], [ 2.134791042350796, 50.855839483306234 ], [ 2.134781423449497, 50.855833259927934 ], [ 2.134588898038256, 50.855661604883316 ], [ 2.134578112574014, 50.855647835242841 ], [ 2.134478814675805, 50.855446926082863 ], [ 2.134481755956709, 50.855277092791177 ], [ 2.134471673500913, 50.855233727521536 ], [ 2.134393011099188, 50.855182832218055 ], [ 2.134187363288556, 50.855086059615381 ], [ 2.134168200732368, 50.855073661149518 ], [ 2.133998567635907, 50.855017459628073 ], [ 2.133812296603674, 50.854977714661473 ], [ 2.133676761139233, 50.854913933929716 ], [ 2.133607020190315, 50.854890827513827 ], [ 2.133527599568417, 50.854882298777888 ], [ 2.133495367181006, 50.854882074883328 ], [ 2.133264494269927, 50.854848450983937 ], [ 2.133263735103556, 50.854851283082432 ], [ 2.133262199815934, 50.854851118189494 ], [ 2.133217896074242, 50.854841664452259 ], [ 2.13305300281476, 50.854817649347353 ], [ 2.133042364532828, 50.85481446829494 ], [ 2.133003448558474, 50.854802209448124 ], [ 2.132949987943028, 50.854784496562161 ], [ 2.132947073012315, 50.854783874552353 ], [ 2.132893611837984, 50.854766161484918 ], [ 2.132890697165691, 50.854765539513913 ], [ 2.132837236030949, 50.8547478264218 ], [ 2.132834321360431, 50.85474720444946 ], [ 2.132817754251179, 50.854741715318831 ], [ 2.132736888689753, 50.854724460026816 ], [ 2.132733036007343, 50.854723183523149 ], [ 2.132652170423152, 50.85470592813224 ], [ 2.132611422566656, 50.854692427196731 ], [ 2.132608508170212, 50.854691805262696 ], [ 2.132591940255257, 50.854686315834236 ], [ 2.132511074589374, 50.854669060336299 ], [ 2.132475844274519, 50.854657387425029 ], [ 2.132461271540549, 50.854654277793763 ], [ 2.132188449791911, 50.854563882789527 ], [ 2.132185534880084, 50.854563260760962 ], [ 2.132140758247593, 50.854548424690137 ], [ 2.132136378524258, 50.854547954311649 ], [ 2.132074231265968, 50.854534692718786 ], [ 2.13202331589043, 50.854529224386049 ], [ 2.131961168301435, 50.854515962638949 ], [ 2.131748496560646, 50.85449312128415 ], [ 2.131642637817369, 50.854492384414421 ], [ 2.131476505356364, 50.854482943293355 ], [ 2.131459987049363, 50.85448116912368 ], [ 2.131429371399361, 50.854477588067596 ], [ 2.13138279132816, 50.854471691865491 ], [ 2.131304237510595, 50.854454113655478 ], [ 2.131195236876979, 50.854442406214496 ], [ 2.131141692228825, 50.854447392717852 ], [ 2.130809143045991, 50.854445075916857 ], [ 2.130494001672659, 50.854377823689092 ], [ 2.130227117351808, 50.85425221937539 ], [ 2.130034614950397, 50.854080558356273 ], [ 2.130014861928532, 50.854055335585713 ], [ 2.129989730217728, 50.854039072903639 ], [ 2.129845627838707, 50.853991322807829 ], [ 2.129842712988324, 50.853990700723756 ], [ 2.129797937085676, 50.853975863640265 ], [ 2.129631802629699, 50.853958017333476 ], [ 2.129626854331741, 50.853957982806612 ], [ 2.129397819446365, 50.853921481780148 ], [ 2.129396288550247, 50.85392719126385 ], [ 2.12939475330377, 50.853927026323078 ], [ 2.129283137683821, 50.853903204900654 ], [ 2.129145589586706, 50.853881283646658 ], [ 2.129082552366079, 50.853860394922783 ], [ 2.129079637529681, 50.853859772820051 ], [ 2.129026179560223, 50.853842058350153 ], [ 2.129023265264725, 50.853841436332957 ], [ 2.129020614963895, 50.853840558098888 ], [ 2.128938136006591, 50.853831697593733 ], [ 2.128793814598619, 50.853845135453213 ], [ 2.12867808862594, 50.853868046662093 ], [ 2.128345544020624, 50.853865723351099 ], [ 2.128175122519072, 50.853847414470742 ], [ 2.12785998825379, 50.853780155588574 ], [ 2.127730962386568, 50.853737398261444 ], [ 2.127616189707053, 50.853725067291165 ], [ 2.127521273063616, 50.853719670134879 ], [ 2.127504755149272, 50.853717895439374 ], [ 2.127488422642054, 50.85371605755347 ], [ 2.127400788696052, 50.853705748959648 ], [ 2.127147731486243, 50.853650341247217 ], [ 2.127001223713798, 50.853634599955257 ], [ 2.126913439241437, 50.853633985552193 ], [ 2.126750414129573, 50.853649162226993 ], [ 2.126560906689567, 50.853647835401375 ], [ 2.126464972160695, 50.853656766118519 ], [ 2.126412516088489, 50.853673224580575 ], [ 2.126095111726908, 50.853736057125275 ], [ 2.125762568471897, 50.853733727152616 ], [ 2.125744263852914, 50.853731760264751 ], [ 2.125429130405753, 50.853664494462336 ], [ 2.125407041342684, 50.853657173874986 ], [ 2.125292299542491, 50.853603164680145 ], [ 2.125210952081039, 50.853576205061934 ], [ 2.125144306398012, 50.853569043370321 ], [ 2.125073635856458, 50.853575621397141 ], [ 2.124741092814733, 50.853573288457319 ], [ 2.12442596513346, 50.853506020870817 ], [ 2.124159100704169, 50.853380403479576 ], [ 2.123966622437149, 50.853208732939841 ], [ 2.12393791181886, 50.853172064408561 ], [ 2.12387579711699, 50.853165388902475 ], [ 2.123646809010138, 50.853186700815108 ], [ 2.123638321201359, 50.853188380862008 ], [ 2.12363805680044, 50.853188405469517 ], [ 2.123433487267877, 50.853252352810308 ], [ 2.123116696704111, 50.853314817987744 ], [ 2.123005109365768, 50.853314008021748 ], [ 2.122853975642148, 50.853328072956998 ], [ 2.12268755959408, 50.853335186987522 ], [ 2.122468332660159, 50.853333644912006 ], [ 2.122388636476117, 50.853341061336494 ], [ 2.122313016710917, 50.853364784654815 ], [ 2.122184447414463, 50.853422542890591 ], [ 2.121867038436084, 50.853485364826028 ], [ 2.121783910338742, 50.853484779590751 ], [ 2.121632086640708, 50.853498907166134 ], [ 2.121537005878079, 50.853502970799624 ], [ 2.121295035902013, 50.853525486122471 ], [ 2.121168952443058, 50.853564896176501 ], [ 2.121164973467877, 50.853567359418605 ], [ 2.12089376445066, 50.853689192259331 ], [ 2.120576352157065, 50.853752010884548 ], [ 2.120243808146304, 50.853749665960656 ], [ 2.120054694414229, 50.85372933617812 ], [ 2.120023595778079, 50.853729116794455 ], [ 2.119901158371051, 50.853740508091811 ], [ 2.119862268276525, 50.853752707571061 ], [ 2.119859507490417, 50.853754416612162 ], [ 2.119588294312412, 50.85387624656807 ], [ 2.119270879233946, 50.853939061857332 ], [ 2.118938334079433, 50.853936713474283 ], [ 2.118623211933566, 50.853869431303181 ], [ 2.118604678714945, 50.853863287936377 ], [ 2.118543608926984, 50.853834537310846 ], [ 2.118520282370794, 50.85382680503006 ], [ 2.118459212981938, 50.853798054506754 ], [ 2.118200109763209, 50.853712166359742 ], [ 2.118197196144813, 50.853711544264755 ], [ 2.11814374182004, 50.853693824962868 ], [ 2.118140827402964, 50.853693202648131 ], [ 2.118087372643201, 50.853675483205741 ], [ 2.118084458218805, 50.853674860887736 ], [ 2.118031003523646, 50.853657141428961 ], [ 2.118028089101258, 50.853656519109705 ], [ 2.117980577928903, 50.853640769812053 ], [ 2.117929380625556, 50.853616666484911 ], [ 2.117927639624623, 50.853616089364365 ], [ 2.11766079104025, 50.85349045808919 ], [ 2.117473331209211, 50.853323234688212 ], [ 2.117400814521673, 50.853276293581409 ], [ 2.117298010890475, 50.853227893176502 ], [ 2.117278199926017, 50.853215069180976 ], [ 2.117245391003847, 50.853211541395837 ], [ 2.116930275344265, 50.853144254781192 ], [ 2.116663431448969, 50.8530186211065 ], [ 2.116581531948008, 50.852945560124404 ], [ 2.116488791315057, 50.852885525894592 ], [ 2.116344705253737, 50.852837760127095 ], [ 2.116341790906151, 50.852837137768923 ], [ 2.116326430828844, 50.852832045763606 ], [ 2.116224687674391, 50.852821104884399 ], [ 2.115909576138004, 50.852753815711303 ], [ 2.115770317920916, 50.852688248950749 ], [ 2.115554928659948, 50.852616843644711 ], [ 2.115552014606278, 50.852616221312211 ], [ 2.115498561651092, 50.85259850068789 ], [ 2.11549564758666, 50.852597878351389 ], [ 2.1154421939493, 50.85258015746313 ], [ 2.1154392793462, 50.852579535038075 ], [ 2.115394508935681, 50.852564692736415 ], [ 2.115241154947495, 50.852548200614542 ], [ 2.11503416070446, 50.852567451172277 ], [ 2.114701625449726, 50.852565091497027 ], [ 2.114578750154798, 50.852551876478877 ], [ 2.114580071732681, 50.852546952522438 ], [ 2.114278966787551, 50.852506811800083 ], [ 2.114183124610848, 50.852465281826213 ], [ 2.114180086367403, 50.852468953996734 ], [ 2.11412263153125, 50.852449905746852 ], [ 2.113855798486396, 50.852324266060727 ], [ 2.113744790964375, 50.852252401089096 ], [ 2.113734086757885, 50.852245471294417 ], [ 2.113631288797392, 50.852197067790442 ], [ 2.113612659480228, 50.852185007308584 ], [ 2.113442826487597, 50.852075058280818 ], [ 2.113237231516828, 50.851978250436943 ], [ 2.113211384865362, 50.851961517258005 ], [ 2.113209330300007, 50.851960187127155 ], [ 2.113086924466125, 50.851902549874474 ], [ 2.112924509523433, 50.851757645211443 ], [ 2.112881023628494, 50.851729491980841 ], [ 2.112736944347268, 50.851681721960645 ], [ 2.112734030112002, 50.851681099517059 ], [ 2.112680579420809, 50.851663377702572 ], [ 2.112677665181051, 50.851662755256299 ], [ 2.112661102487477, 50.851657263813699 ], [ 2.112601506779414, 50.851644535551337 ], [ 2.112447517539638, 50.851627971236539 ], [ 2.112132418610024, 50.851560672397611 ], [ 2.111865595414717, 50.851435028314462 ], [ 2.111860219389739, 50.851431547703783 ], [ 2.111839975337786, 50.851418441049823 ], [ 2.111816746477386, 50.851410739160741 ], [ 2.111817340159811, 50.851410021642891 ], [ 2.111549924493865, 50.85128509424819 ], [ 2.111531296158897, 50.851273033529175 ], [ 2.111522990482182, 50.851267656103538 ], [ 2.111494967048783, 50.851249512513853 ], [ 2.111466945392098, 50.851231370145229 ], [ 2.11144722867546, 50.85121860472308 ], [ 2.111447245837099, 50.851218615833993 ], [ 2.111438922876773, 50.851213227200731 ], [ 2.111419206174478, 50.851200461773807 ], [ 2.111419219010714, 50.851200470084379 ], [ 2.111401041966543, 50.85118870148866 ], [ 2.111391183693685, 50.851182318817621 ], [ 2.111391196530034, 50.851182327128285 ], [ 2.11138287790715, 50.851176941291286 ], [ 2.111382895068604, 50.851176952402099 ], [ 2.111354855452763, 50.851158798326303 ], [ 2.11135486828894, 50.85115880663686 ], [ 2.111242765698945, 50.851086226307878 ], [ 2.111214743346351, 50.851068083308931 ], [ 2.111186721014126, 50.851049940303199 ], [ 2.111168491990945, 50.851038137946055 ], [ 2.111146289103447, 50.851027682506214 ], [ 2.111056144315736, 50.850947250763667 ], [ 2.111055234306894, 50.850946661576586 ], [ 2.111042413702411, 50.850938360847792 ], [ 2.110849989884632, 50.850766669419365 ], [ 2.11075079604986, 50.850565739188198 ], [ 2.110754540949302, 50.85035523881411 ], [ 2.110860856750477, 50.85015577353213 ], [ 2.110882477948003, 50.85013737397405 ], [ 2.110950155768063, 50.85005557931138 ], [ 2.110956673038567, 50.850031302657079 ], [ 2.110951020896571, 50.850006939260012 ], [ 2.110937376337024, 50.849989504330118 ], [ 2.110852856336281, 50.849838587272835 ], [ 2.110827059150538, 50.849679301062423 ], [ 2.110827588215096, 50.849659717847587 ], [ 2.110816655075215, 50.849612589923737 ], [ 2.110794578512409, 50.849598295904194 ], [ 2.110686615613699, 50.849586680444219 ], [ 2.110554562995552, 50.849585738830342 ], [ 2.110239479540925, 50.849518434992937 ], [ 2.109972672047919, 50.849392786477857 ], [ 2.109885561069729, 50.849336382763731 ], [ 2.109693775160767, 50.849246063329979 ], [ 2.10962959248074, 50.849188791915431 ], [ 2.109436377615642, 50.849063684821054 ], [ 2.109436377615278, 50.849063684820869 ], [ 2.109408857808516, 50.849045865601887 ], [ 2.109344196435209, 50.849015413545942 ], [ 2.109151785852462, 50.848843718986814 ], [ 2.109141708840792, 50.848823304359016 ], [ 2.109128195695791, 50.848806035914663 ], [ 2.109102745537894, 50.848754477294221 ], [ 2.109049033479746, 50.848685838400705 ], [ 2.109027702972248, 50.848672026539077 ], [ 2.108835294798275, 50.848500331400473 ], [ 2.108815314396506, 50.848474798018728 ], [ 2.108792634873661, 50.848454559859086 ], [ 2.108693453896541, 50.848253627272953 ], [ 2.108697207286171, 50.848043126207585 ], [ 2.108721711284202, 50.84795186116235 ], [ 2.108719973172478, 50.847944367272767 ], [ 2.10863754332714, 50.847838644018289 ], [ 2.108615371295823, 50.847824286843817 ], [ 2.108579172698673, 50.847820391538114 ], [ 2.108480915817884, 50.847829525098483 ], [ 2.10827743298235, 50.847869779072546 ], [ 2.107944928683019, 50.847867401340416 ], [ 2.107859777586283, 50.847849209961552 ], [ 2.107673625123122, 50.847829176957163 ], [ 2.107358556619098, 50.847761865659407 ], [ 2.107091765742729, 50.847636210640474 ], [ 2.107032204161335, 50.847597640702865 ], [ 2.106954948135524, 50.847589326172972 ], [ 2.106925231063116, 50.847589113386391 ], [ 2.106925242335104, 50.847588482465788 ], [ 2.10668267263332, 50.847586745301179 ], [ 2.106367606991661, 50.847519431474993 ], [ 2.106100819900059, 50.847393774289337 ], [ 2.105958918236376, 50.847301880940535 ], [ 2.105823546241878, 50.847256984026281 ], [ 2.105570600152084, 50.847202939805648 ], [ 2.105320033391346, 50.847084919166811 ], [ 2.105314641186173, 50.847083130771246 ], [ 2.105276295105539, 50.847079003265989 ], [ 2.105118301884965, 50.847093685594892 ], [ 2.105028660454312, 50.847111416580788 ], [ 2.105020125275112, 50.847112209743493 ], [ 2.10495494933234, 50.847125101426414 ], [ 2.104622450144432, 50.847122714834356 ], [ 2.104307390201591, 50.847055395755667 ], [ 2.104040610765123, 50.846929734073122 ], [ 2.10384822642589, 50.846758030779 ], [ 2.103749068688373, 50.846557093734269 ], [ 2.103730175500916, 50.846475597248528 ], [ 2.103706579096758, 50.846460315393145 ], [ 2.103686358974732, 50.846453608699008 ], [ 2.103421786238238, 50.846397074296235 ], [ 2.103155012541088, 50.846271410591477 ], [ 2.103060617738381, 50.846187160089528 ], [ 2.102885916795737, 50.846074014699624 ], [ 2.102885916792837, 50.84607401469826 ], [ 2.102840364083482, 50.846044512273807 ], [ 2.102692135728284, 50.845912211607043 ], [ 2.102550364021778, 50.845820391556266 ], [ 2.102550364021787, 50.845820391556259 ], [ 2.102550364021366, 50.845820391556053 ], [ 2.102544402447666, 50.845816530464155 ], [ 2.102352027526035, 50.845644824559656 ], [ 2.102334505189292, 50.845609313533821 ], [ 2.102274838696923, 50.845533043791868 ], [ 2.102177386720481, 50.845469926787963 ], [ 2.102155762084263, 50.845459740004777 ], [ 2.102109490512047, 50.845444391419107 ], [ 2.101842723962868, 50.845318724190228 ], [ 2.101650352843338, 50.845147016157519 ], [ 2.101640629983867, 50.845127310664822 ], [ 2.101620489428894, 50.845101564754778 ], [ 2.101609600161869, 50.845087220792635 ], [ 2.101601009003782, 50.84507555256905 ], [ 2.101512753500201, 50.844888957959178 ], [ 2.1015125606265, 50.844888125797418 ], [ 2.101452788084446, 50.844811717308119 ], [ 2.101364740701792, 50.844733126118648 ], [ 2.10134488448807, 50.84470774340349 ], [ 2.101328534939641, 50.844685862287783 ], [ 2.101306531489289, 50.844654989653073 ], [ 2.10128611132725, 50.844610827088538 ], [ 2.101243743705132, 50.844556666985874 ], [ 2.101128980672488, 50.844482334549127 ], [ 2.101128980169244, 50.844482334313909 ], [ 2.101109037808135, 50.844469417539365 ], [ 2.10109073096381, 50.844460793168118 ], [ 2.10089836882505, 50.84428908649484 ], [ 2.100898224344103, 50.844288901796489 ], [ 2.100894671474765, 50.844284316279349 ], [ 2.100868407408043, 50.844250090562923 ], [ 2.100739625905243, 50.844084862498498 ], [ 2.100695810660903, 50.844045751596589 ], [ 2.100681362928424, 50.844027281968408 ], [ 2.100644455920183, 50.84399433744364 ], [ 2.100620658433364, 50.843963915115836 ], [ 2.100616077137307, 50.843957985497006 ], [ 2.100594752461149, 50.84393003824681 ], [ 2.10057055835879, 50.843880141761794 ], [ 2.10048448346586, 50.843770104651341 ], [ 2.100384094421497, 50.843680492824561 ], [ 2.100284956711954, 50.843479552066491 ], [ 2.100268663251977, 50.84340924348713 ], [ 2.100272451771079, 50.843198741035046 ], [ 2.100378794255488, 50.842999282430604 ], [ 2.100417141324075, 50.84296665323641 ], [ 2.100478243869548, 50.84289281775839 ], [ 2.100482359863815, 50.842877495722313 ], [ 2.100472526239348, 50.842835062453624 ], [ 2.100453267497761, 50.842810441750522 ], [ 2.100431941846715, 50.842796628277156 ], [ 2.100357835427051, 50.842730476065363 ], [ 2.100347133683599, 50.84272354405806 ], [ 2.100269918404332, 50.842673528454718 ], [ 2.100077562857531, 50.84250181795435 ], [ 2.099980121681461, 50.842304308173318 ], [ 2.099891717674864, 50.842247044026195 ], [ 2.099833030294871, 50.842219394423374 ], [ 2.099640678357445, 50.84204768333457 ], [ 2.099541546785239, 50.841846741385659 ], [ 2.099534408662399, 50.841815936309963 ], [ 2.09948432596884, 50.841783494286375 ], [ 2.099407079917239, 50.84177517496132 ], [ 2.099338116061171, 50.841774676904343 ], [ 2.099050130627839, 50.841747332628515 ], [ 2.098784680952228, 50.841671519543326 ], [ 2.098561700144989, 50.841552930620168 ], [ 2.098547294111879, 50.841539519399241 ], [ 2.09835023244938, 50.841411864613313 ], [ 2.098350231946177, 50.841411864378109 ], [ 2.098322219835024, 50.841393718302314 ], [ 2.098299807354934, 50.841379199619197 ], [ 2.098248664925471, 50.84136223178362 ], [ 2.098167737439903, 50.841353515088429 ], [ 2.098136646766729, 50.841353290245252 ], [ 2.098069432660561, 50.841359533345802 ], [ 2.097736971982305, 50.841357128457012 ], [ 2.09742195746586, 50.841289791399035 ], [ 2.097155225955707, 50.841164113820945 ], [ 2.097145717431503, 50.841157954039474 ], [ 2.096953378910218, 50.840986238487261 ], [ 2.096926965284117, 50.840952465690343 ], [ 2.096920883699285, 50.840947036155129 ], [ 2.096863117986548, 50.840829926975992 ], [ 2.09680558385303, 50.840756095444497 ], [ 2.096783720613679, 50.840741931817917 ], [ 2.09666897248245, 50.840667594473295 ], [ 2.096526670286717, 50.840620378872508 ], [ 2.096404284875878, 50.840594216359882 ], [ 2.096320391394776, 50.840554686225403 ], [ 2.096319728735067, 50.84055446635427 ], [ 2.096053002976094, 50.840428785910134 ], [ 2.095860670578147, 50.840257067817255 ], [ 2.095846195878584, 50.84023855929528 ], [ 2.095747083912819, 50.840037614757591 ], [ 2.095740849952576, 50.84001070161073 ], [ 2.095685141280033, 50.839939467483475 ], [ 2.095578171883264, 50.839870166371796 ], [ 2.095472221181601, 50.839835010334909 ], [ 2.095402528981344, 50.839827501951511 ], [ 2.095363812851907, 50.839831097301207 ], [ 2.095031362439648, 50.839828685134698 ], [ 2.094716361202826, 50.839761341016263 ], [ 2.094566264509175, 50.839711535199591 ], [ 2.094299548806621, 50.839585851247541 ], [ 2.094107226233151, 50.839414130990058 ], [ 2.094008122242127, 50.839213183944103 ], [ 2.094011936787872, 50.839002680410239 ], [ 2.094021235990779, 50.838968077814577 ], [ 2.094036189699743, 50.83887974577604 ], [ 2.094055186257512, 50.838821039870609 ], [ 2.094073933447356, 50.838787736825623 ], [ 2.094096375786178, 50.838704227335612 ], [ 2.094086508915953, 50.838661622770879 ], [ 2.094039062035736, 50.838600727634606 ], [ 2.094014497784715, 50.838584812360736 ], [ 2.093964560732804, 50.838568241266863 ], [ 2.093697852438503, 50.838442555740521 ], [ 2.093505536226129, 50.838270834123826 ], [ 2.093411939471181, 50.838151139703506 ], [ 2.093322137951308, 50.838070953861994 ], [ 2.093309076204405, 50.838054249971464 ], [ 2.093268621744351, 50.838018127111027 ], [ 2.093242186900752, 50.837984321033751 ], [ 2.093142687246198, 50.837781620426234 ], [ 2.093100515592066, 50.837596105948975 ], [ 2.093086273599068, 50.837577433883247 ], [ 2.093062090293354, 50.837527535684934 ], [ 2.093011748322331, 50.83746315504149 ], [ 2.092935498716308, 50.837413750078134 ], [ 2.092787322050546, 50.837281435827272 ], [ 2.092764746156306, 50.837266807938441 ], [ 2.092705028757546, 50.837260372513583 ], [ 2.092437240686819, 50.837257705881996 ], [ 2.092115256542524, 50.837185960653194 ], [ 2.091845809256852, 50.837053272167822 ], [ 2.091825400027187, 50.837039357761881 ], [ 2.091752673294352, 50.836992233556117 ], [ 2.091560369345398, 50.836820508616334 ], [ 2.09146128071285, 50.836619558650391 ], [ 2.091465105856049, 50.836409054261608 ], [ 2.091554253853886, 50.836241883351548 ], [ 2.091572335294008, 50.836174610379423 ], [ 2.091573996840745, 50.836083158802523 ], [ 2.091550012906109, 50.83597956855386 ], [ 2.091490334527061, 50.835903241652197 ], [ 2.091418530920893, 50.835839120195011 ], [ 2.091319444773474, 50.835638169944161 ], [ 2.091315136353904, 50.835619560697886 ], [ 2.091298789261939, 50.835608967943834 ], [ 2.09110612049958, 50.835436766070444 ], [ 2.091007166216287, 50.8352352404995 ], [ 2.090983255322835, 50.835130810650611 ], [ 2.09096078874779, 50.835102075545812 ], [ 2.090832067303293, 50.834987122016614 ], [ 2.090732985215152, 50.83478617097294 ], [ 2.090736813203691, 50.834575666073825 ], [ 2.090761988728711, 50.834482001675546 ], [ 2.09076323892835, 50.83441324951216 ], [ 2.090869600577684, 50.83421379636286 ], [ 2.090887364787882, 50.834192332635205 ], [ 2.090891482978692, 50.834177010815353 ], [ 2.09088773253937, 50.834160810498588 ], [ 2.090878203213979, 50.834148503403817 ], [ 2.090867802797247, 50.834134675328833 ], [ 2.090852626144785, 50.834113890809654 ], [ 2.090809073037609, 50.834021244115931 ], [ 2.090751469766351, 50.833947298676826 ], [ 2.090700426219317, 50.833914221276395 ], [ 2.090627790742961, 50.833906391931578 ], [ 2.090312832936089, 50.833839036134314 ], [ 2.090046159194621, 50.833713341967076 ], [ 2.089853873759479, 50.833541613600588 ], [ 2.089754798451242, 50.833340661347961 ], [ 2.08975863041808, 50.833130156022065 ], [ 2.08978785728267, 50.833021423458391 ], [ 2.089788199750065, 50.833002609751993 ], [ 2.089797425817182, 50.833002677104183 ], [ 2.089799622141834, 50.832882013323697 ], [ 2.089890030078492, 50.832712478485803 ], [ 2.089908038964094, 50.832645478926885 ], [ 2.089910014106058, 50.832536957592531 ], [ 2.089914883998929, 50.832536993139421 ], [ 2.089917397302806, 50.83239891142113 ], [ 2.090023758085174, 50.832199458607761 ], [ 2.090222235804831, 50.832030581916101 ], [ 2.090333683054699, 50.831961610806943 ], [ 2.090439252836631, 50.831834050947165 ], [ 2.090440236481635, 50.831832206451637 ], [ 2.090441624510425, 50.831830529287238 ], [ 2.090462642411401, 50.831752330266838 ], [ 2.090462674140749, 50.831750585850664 ], [ 2.090450923428696, 50.831699823086133 ], [ 2.09042460799344, 50.831666039872459 ], [ 2.090401570811175, 50.83165111039591 ], [ 2.090337106699975, 50.831644161347114 ], [ 2.090239199088586, 50.831653250957885 ], [ 2.089906803608427, 50.831650825015998 ], [ 2.089591861097448, 50.831583467146089 ], [ 2.089325201298062, 50.831457771023267 ], [ 2.089193639504062, 50.831340266569725 ], [ 2.089041787566177, 50.83124185339274 ], [ 2.089039445321956, 50.831240335411515 ], [ 2.088847172858784, 50.831068604827671 ], [ 2.088748106508785, 50.830867650999906 ], [ 2.088735466657029, 50.830813037911817 ], [ 2.088648879372706, 50.830637395966335 ], [ 2.088621179465948, 50.830517711315736 ], [ 2.088610017959893, 50.830412362333036 ], [ 2.08869557949149, 50.830155474123373 ], [ 2.088766541839367, 50.830089865741812 ], [ 2.08876246575858, 50.830088512671956 ], [ 2.088792562178197, 50.830052147567841 ], [ 2.088837983210665, 50.830013500224631 ], [ 2.088962492890736, 50.829863055842409 ], [ 2.088970223171636, 50.829834296735733 ], [ 2.088991197709537, 50.829794963829571 ], [ 2.089017986709712, 50.829695299599486 ], [ 2.088991381945534, 50.829580347879741 ], [ 2.088985867279371, 50.829569161396059 ], [ 2.088989701304283, 50.829358654472038 ], [ 2.089096058770689, 50.829159200773418 ], [ 2.089294527633353, 50.828990324065792 ], [ 2.089372771122574, 50.828955186574937 ], [ 2.089455430487404, 50.828904029100485 ], [ 2.089482227858548, 50.82887164868027 ], [ 2.089484200467789, 50.828864309489688 ], [ 2.089458968745591, 50.828755292847013 ], [ 2.089456319672994, 50.828749919138929 ], [ 2.089440762999415, 50.82868270443565 ], [ 2.089404980247438, 50.828610118500784 ], [ 2.089408813179149, 50.828399611536874 ], [ 2.089447229267846, 50.828327567176778 ], [ 2.08945125987926, 50.828312570923408 ], [ 2.089511335729432, 50.828199906307354 ], [ 2.089533260592994, 50.828118332515395 ], [ 2.089639613872857, 50.827918878521523 ], [ 2.089838076139911, 50.827750001195 ], [ 2.090109220167604, 50.827628231071309 ], [ 2.090146281772082, 50.82762090213032 ], [ 2.090257578357801, 50.827586002744432 ], [ 2.090574862044539, 50.827523258898452 ], [ 2.090766186924708, 50.827524654377982 ], [ 2.090766291679522, 50.827518892719574 ], [ 2.090767668916935, 50.827518902764119 ], [ 2.09084517342563, 50.82751170636341 ], [ 2.090891856631193, 50.827482812401094 ], [ 2.090891874466, 50.827482801362713 ], [ 2.091162997204678, 50.827361039635313 ], [ 2.091333407104673, 50.827307601931309 ], [ 2.091650687744616, 50.827244855307129 ], [ 2.091983053579534, 50.827247276479703 ], [ 2.092013107523322, 50.827253704201155 ], [ 2.092039843461581, 50.827256586191595 ], [ 2.092354759646916, 50.827323937797317 ], [ 2.092357407447794, 50.827324816697448 ], [ 2.092439845427426, 50.827333702727827 ], [ 2.092460662696852, 50.827333854272929 ], [ 2.09262669587781, 50.827343347567222 ], [ 2.092667620559876, 50.827347758773101 ], [ 2.092835292730507, 50.827332187449478 ], [ 2.092879303417396, 50.827323483201489 ], [ 2.093112730435048, 50.827301804894844 ], [ 2.093183157308654, 50.82728592855085 ], [ 2.093206893199253, 50.82728432406126 ], [ 2.093213230988955, 50.82728307057895 ], [ 2.09325595089836, 50.827279103068705 ], [ 2.093256385101383, 50.827280978511844 ], [ 2.093431489038025, 50.827269141689307 ], [ 2.093435375383446, 50.827269169950412 ], [ 2.093515034354855, 50.827261771701501 ], [ 2.093662114530319, 50.827215646241008 ], [ 2.093665018871449, 50.827219361256375 ], [ 2.093762275966505, 50.827179217194633 ], [ 2.094169734880568, 50.8271309556239 ], [ 2.094192561507703, 50.82713112148047 ], [ 2.094358594344243, 50.827140612471233 ], [ 2.0945179580358, 50.827157787744873 ], [ 2.094556563773318, 50.827159994494806 ], [ 2.094652666493159, 50.82717035174057 ], [ 2.094854847458574, 50.827171819842299 ], [ 2.09503954235619, 50.827183429806738 ], [ 2.095207135190561, 50.827203446331872 ], [ 2.09548269230657, 50.827233884324556 ], [ 2.095575065357859, 50.827239163728692 ], [ 2.095678573206768, 50.827250318152551 ], [ 2.095829691257824, 50.827258954735562 ], [ 2.095989056576469, 50.827276128205867 ], [ 2.096027661725073, 50.827278334462306 ], [ 2.096123765192295, 50.827288690620776 ], [ 2.096183174536176, 50.827289121343156 ], [ 2.096213964102993, 50.827286261099609 ], [ 2.096468914910846, 50.82728810912851 ], [ 2.096492842255095, 50.827285886311635 ], [ 2.096825209585333, 50.827288294611016 ], [ 2.096855571896114, 50.827291566269615 ], [ 2.096944517171528, 50.827310585384367 ], [ 2.096981262299623, 50.827314544777593 ], [ 2.097274939938923, 50.827377341031458 ], [ 2.09736857090595, 50.827387429744938 ], [ 2.097371325161306, 50.82738744968659 ], [ 2.097448828507529, 50.827380249178802 ], [ 2.097472959410981, 50.827365311135502 ], [ 2.097509778049306, 50.827320809128338 ], [ 2.097563357529049, 50.82722029151887 ], [ 2.097574924103514, 50.827206311141687 ], [ 2.097773356665811, 50.827037420940222 ], [ 2.097873905670619, 50.82697517581758 ], [ 2.097902556989499, 50.826957439100333 ], [ 2.097931208269778, 50.826939702386952 ], [ 2.097934868931953, 50.826937436234978 ], [ 2.098205988793688, 50.826815648286768 ], [ 2.098523258210285, 50.826752883977008 ], [ 2.098741272214741, 50.826754460278821 ], [ 2.098741327794856, 50.82675137619222 ], [ 2.098801369498045, 50.826751810243351 ], [ 2.098825793846051, 50.82675507129111 ], [ 2.098855621673259, 50.826755286904692 ], [ 2.098907360267789, 50.82676086113436 ], [ 2.0989060378224, 50.826765785130448 ], [ 2.099206975029571, 50.826805964502313 ], [ 2.099313169016216, 50.826852024257313 ], [ 2.09931694420567, 50.826847589973518 ], [ 2.09945671511233, 50.826914284542354 ], [ 2.099548987141984, 50.826954305541165 ], [ 2.099572453955044, 50.826969511458167 ], [ 2.09957245395539, 50.82696951145833 ], [ 2.099600458596, 50.826987657757499 ], [ 2.099600458596359, 50.826987657757655 ], [ 2.099622865000486, 50.82700217652674 ], [ 2.099722582856856, 50.827035269314891 ], [ 2.099989245317479, 50.827160944092228 ], [ 2.100181541019936, 50.827332658532264 ], [ 2.100280646306227, 50.82753360437534 ], [ 2.100296884603869, 50.827603698810741 ], [ 2.100323204745441, 50.82763748038608 ], [ 2.100402763416293, 50.827689030619283 ], [ 2.100608233373192, 50.827785863116603 ], [ 2.100662068773833, 50.827820745548927 ], [ 2.100662068774167, 50.827820745549076 ], [ 2.100690074285829, 50.82783889157907 ], [ 2.100690074288369, 50.827838891580257 ], [ 2.100822328133598, 50.827924584522243 ], [ 2.100988301183544, 50.827979661839642 ], [ 2.100999889255215, 50.8279809100842 ], [ 2.101007824299849, 50.827980172648623 ], [ 2.10105904747877, 50.827948460882155 ], [ 2.101070010701962, 50.827907634668058 ], [ 2.101060143173745, 50.827865043581063 ], [ 2.100957538253279, 50.827732879759651 ], [ 2.100890770112141, 50.827673259689675 ], [ 2.100791662097634, 50.82747231437483 ], [ 2.100795447187645, 50.827261806795406 ], [ 2.10090175361673, 50.827062342891629 ], [ 2.101100174372859, 50.826893447357854 ], [ 2.101371286289484, 50.826771652514417 ], [ 2.101472874268612, 50.826739785458848 ], [ 2.101790138937598, 50.826677012841657 ], [ 2.102122501888929, 50.826679407007695 ], [ 2.102285620710522, 50.826696976675869 ], [ 2.102593378947036, 50.826761945361817 ], [ 2.102867221000939, 50.826889973369703 ], [ 2.102888403090073, 50.826903697798414 ], [ 2.102966821318805, 50.82695450658133 ], [ 2.103110819325723, 50.827002289433437 ], [ 2.103113731732085, 50.827002912081177 ], [ 2.103142191432672, 50.82701235579998 ], [ 2.103197848166197, 50.827024253769544 ], [ 2.10346451979179, 50.827149921278519 ], [ 2.10355720013336, 50.827209969565914 ], [ 2.103676237460828, 50.827249468836357 ], [ 2.103731894481678, 50.827261366519053 ], [ 2.103764225132678, 50.827276601923572 ], [ 2.104039204898669, 50.827367845345591 ], [ 2.104042117336983, 50.82736846797102 ], [ 2.104089598737954, 50.827384223034059 ], [ 2.104140763601019, 50.82740833350163 ], [ 2.104341857238023, 50.827475059257708 ], [ 2.104395487741351, 50.827500331429938 ], [ 2.104595203293579, 50.827566599346561 ], [ 2.104648833846465, 50.827591871335855 ], [ 2.1048485493621, 50.82765813851401 ], [ 2.104902180290114, 50.827683410448095 ], [ 2.105044474003886, 50.827730624248446 ], [ 2.105100571566689, 50.827757058338342 ], [ 2.105362272129298, 50.827843891021075 ], [ 2.10536518461271, 50.827844513615425 ], [ 2.105413094119039, 50.827860409923119 ], [ 2.105427657396224, 50.827863522844922 ], [ 2.105464651761869, 50.827875797517542 ], [ 2.10552568283803, 50.827904555917385 ], [ 2.105784629103522, 50.827990473366476 ], [ 2.105787542139041, 50.827991096037707 ], [ 2.105840964241074, 50.82800882117337 ], [ 2.105843876742681, 50.828009443756955 ], [ 2.105897299994345, 50.828027169191465 ], [ 2.105900212507577, 50.828027791775817 ], [ 2.105953635666379, 50.828045517141767 ], [ 2.10595654818009, 50.82804613972435 ], [ 2.10600403110924, 50.828061894133576 ], [ 2.106055197277812, 50.828086003642774 ], [ 2.106319659515505, 50.82817374944694 ], [ 2.106322572030005, 50.828174372018601 ], [ 2.106375995627515, 50.828192097243502 ], [ 2.106378908156313, 50.828192719816506 ], [ 2.10642681920265, 50.828208616019502 ], [ 2.106441382687171, 50.828211728835441 ], [ 2.10667438876645, 50.828289036791283 ], [ 2.106761028192704, 50.828307554869937 ], [ 2.106763675501692, 50.828308433200178 ], [ 2.106802007464497, 50.828312560383544 ], [ 2.106840966458849, 50.82830893793691 ], [ 2.106894302236341, 50.828292265278513 ], [ 2.106964746305674, 50.828248647820274 ], [ 2.107041182882569, 50.828183576485962 ], [ 2.107068719015164, 50.828166526613515 ], [ 2.107152244771011, 50.828114808873643 ], [ 2.107300776532266, 50.827987353266714 ], [ 2.107327198521093, 50.827970993164129 ], [ 2.107355845894948, 50.827953255021185 ], [ 2.107384494385024, 50.827935516167415 ], [ 2.107441791304131, 50.827900038438734 ], [ 2.107470439506649, 50.827882299704086 ], [ 2.107470439877994, 50.827882299385422 ], [ 2.107481679545775, 50.827875339868925 ], [ 2.107510386612107, 50.827850900772759 ], [ 2.107781488001754, 50.827729092435121 ], [ 2.107990207448034, 50.827687785592623 ], [ 2.108036128229082, 50.827673378007653 ], [ 2.108055247265364, 50.827650261816231 ], [ 2.108066595290616, 50.827607979668876 ], [ 2.108063697642189, 50.827595480215514 ], [ 2.10804204263573, 50.827588295640574 ], [ 2.10787907148257, 50.8275707499253 ], [ 2.107847989104207, 50.827570527496817 ], [ 2.107751538252152, 50.827579496509102 ], [ 2.107656505222884, 50.827583549741767 ], [ 2.107647012101503, 50.827584432497432 ], [ 2.107637417874406, 50.82758436382322 ], [ 2.107585205774919, 50.827586590670712 ], [ 2.107537437559214, 50.827586248721083 ], [ 2.107537483963369, 50.827583648465428 ], [ 2.107424171818583, 50.827582837245188 ], [ 2.107424125408538, 50.827585437500794 ], [ 2.107309435981068, 50.827584616315463 ], [ 2.107132300534341, 50.827601087374362 ], [ 2.106885575688521, 50.827599320108078 ], [ 2.106885572038485, 50.827599524488384 ], [ 2.106884194790724, 50.827599514621852 ], [ 2.106787743709928, 50.827608482888131 ], [ 2.106636353300671, 50.827614938592703 ], [ 2.106618158870584, 50.827616630324961 ], [ 2.106285789320336, 50.827614248081105 ], [ 2.105970850057374, 50.827546931168833 ], [ 2.105704170526884, 50.827421269258267 ], [ 2.105511855537986, 50.827249563363125 ], [ 2.105412729805586, 50.827048621597591 ], [ 2.10541649541468, 50.826838113749005 ], [ 2.105426619243672, 50.82680039988572 ], [ 2.105426650447892, 50.826798655454638 ], [ 2.105414885752459, 50.826747893925187 ], [ 2.105388562639841, 50.826714113378557 ], [ 2.105337128184383, 50.826680789826995 ], [ 2.105194873752143, 50.826613755980866 ], [ 2.105002563599716, 50.826442049078025 ], [ 2.104903441508148, 50.826241106644957 ], [ 2.1048869382372, 50.826169895242671 ], [ 2.104862898176795, 50.826139043666501 ], [ 2.104788360508787, 50.826131016652852 ], [ 2.104700624603847, 50.826130386591529 ], [ 2.104502610402957, 50.826148795402432 ], [ 2.104410909173624, 50.826166941542823 ], [ 2.104078548456626, 50.826164553370631 ], [ 2.104031961084913, 50.826159536030367 ], [ 2.103717034370865, 50.826092213254263 ], [ 2.103641360144027, 50.826056551718011 ], [ 2.103511395069914, 50.826013425249542 ], [ 2.103511985846112, 50.826012711036114 ], [ 2.103244729452261, 50.825887757644459 ], [ 2.103237295234965, 50.825882940792184 ], [ 2.103134562135628, 50.825834526909617 ], [ 2.103113243054504, 50.825820713579624 ], [ 2.10300854221176, 50.825785969799739 ], [ 2.102922601085266, 50.825767597122528 ], [ 2.102655938604577, 50.825641928324174 ], [ 2.102463640867865, 50.825470217203865 ], [ 2.102378622738764, 50.825361494518901 ], [ 2.102279513281994, 50.825160549358891 ], [ 2.102283292197553, 50.824950040679916 ], [ 2.102351851673824, 50.824821388112902 ], [ 2.102368645140205, 50.824758840044623 ], [ 2.102363316289185, 50.824735840261184 ], [ 2.102341906124509, 50.824721967324223 ], [ 2.102230738844689, 50.824685076028452 ], [ 2.102106924996958, 50.824671739261369 ], [ 2.102002507021535, 50.824670987136628 ], [ 2.101895330942363, 50.824659442363021 ], [ 2.101842186127036, 50.824664382053093 ], [ 2.101788851981703, 50.824681052808209 ], [ 2.101672054001286, 50.824753367623039 ], [ 2.10164340530799, 50.824771105251031 ], [ 2.101632462680302, 50.824777880293389 ], [ 2.101614544461489, 50.824793133236128 ], [ 2.10158469156656, 50.824829222394079 ], [ 2.101584468712746, 50.824830052366551 ], [ 2.101515364414603, 50.824959723605041 ], [ 2.101485725697807, 50.825070106572305 ], [ 2.101477173068032, 50.825130188850764 ], [ 2.101460829229918, 50.825191057593486 ], [ 2.1014607488473, 50.82519553159792 ], [ 2.101339479067526, 50.825500156129578 ], [ 2.101311837459401, 50.825533571325131 ], [ 2.101222856980523, 50.825609314273954 ], [ 2.101201743916973, 50.825634837085218 ], [ 2.101003329003823, 50.825803732657093 ], [ 2.100732222299928, 50.825925526695215 ], [ 2.100712251437941, 50.825931791330412 ], [ 2.100657730052352, 50.825956284819739 ], [ 2.100636666908417, 50.82596289210889 ], [ 2.100319405025056, 50.826025662613141 ], [ 2.099987045857073, 50.826023264168263 ], [ 2.099672124381601, 50.82595593155974 ], [ 2.099405468391742, 50.825830256013319 ], [ 2.099213180467659, 50.825658539913057 ], [ 2.099114082729301, 50.82545759242079 ], [ 2.099100339626487, 50.825398260178481 ], [ 2.099080577089901, 50.825358185651744 ], [ 2.099083234667897, 50.825210658173354 ], [ 2.099080727337648, 50.825210640053108 ], [ 2.099081066256989, 50.825191826029744 ], [ 2.099069696336077, 50.825142738691554 ], [ 2.099046111440903, 50.82512745546434 ], [ 2.098918152722967, 50.825084987870795 ], [ 2.098881368102382, 50.825077122538481 ], [ 2.098614719334392, 50.824951445072159 ], [ 2.098422437955358, 50.824779727616566 ], [ 2.098323345400874, 50.824578779427213 ], [ 2.098305099691585, 50.824500001186884 ], [ 2.098307593513417, 50.824361677715352 ], [ 2.098302784379113, 50.824361642929567 ], [ 2.098303447064519, 50.824324887123559 ], [ 2.098292428551955, 50.824277312771244 ], [ 2.098155267546, 50.824231789177063 ], [ 2.098146530488138, 50.824229920890367 ], [ 2.098104297284507, 50.824215903732501 ], [ 2.097837654072684, 50.824090223958756 ], [ 2.097822301810517, 50.82408027501841 ], [ 2.097822318959741, 50.824080286131597 ], [ 2.097748237652523, 50.824014126672239 ], [ 2.097604410646088, 50.823920919854366 ], [ 2.09750380140125, 50.823873871497995 ], [ 2.097420882727243, 50.823820135687548 ], [ 2.097392881514191, 50.823801989369699 ], [ 2.09739288101117, 50.823801989134466 ], [ 2.097372651930579, 50.823788879571211 ], [ 2.097261491025863, 50.823751984002286 ], [ 2.097237300603457, 50.823749377273387 ], [ 2.097213022749851, 50.823751632965319 ], [ 2.097171981446594, 50.823764506285421 ], [ 2.096854728307541, 50.82382726758987 ], [ 2.096641001312245, 50.823825718795291 ], [ 2.096640937861523, 50.823829231648816 ], [ 2.096639560949505, 50.823829221670735 ], [ 2.09656445174936, 50.823836199804191 ], [ 2.096494245086646, 50.823921061146471 ], [ 2.096456175183541, 50.823953464455947 ], [ 2.096410984670478, 50.824008087591054 ], [ 2.096320164915032, 50.824085388686939 ], [ 2.096242440989049, 50.824179335191218 ], [ 2.096186896194375, 50.824283541187675 ], [ 2.096178077621345, 50.824294200378212 ], [ 2.096136337067725, 50.824329727486187 ], [ 2.096047875772562, 50.824436651268257 ], [ 2.096041093607477, 50.82446189965848 ], [ 2.096056707322706, 50.824529327493977 ], [ 2.096115325518907, 50.824648211029334 ], [ 2.096134506532839, 50.824731043471317 ], [ 2.096228360804532, 50.824924721050756 ], [ 2.096228553330095, 50.824925552461956 ], [ 2.096234108676979, 50.824932658207381 ], [ 2.096255393826091, 50.824939723046626 ], [ 2.096311483450741, 50.824966161119143 ], [ 2.096394966614835, 50.824993870265409 ], [ 2.096661609523403, 50.825119552453671 ], [ 2.096678795806546, 50.825130689998034 ], [ 2.096698391240842, 50.825139926339702 ], [ 2.096890665575035, 50.825311644837029 ], [ 2.09696605475459, 50.825408070760709 ], [ 2.097008279862761, 50.825445781148012 ], [ 2.097024845998415, 50.82546696982098 ], [ 2.097204417388164, 50.825627340798547 ], [ 2.097224256445014, 50.825652715534787 ], [ 2.097323345860493, 50.825853664112159 ], [ 2.097319545829028, 50.826064171784687 ], [ 2.09721322706889, 50.826263632636106 ], [ 2.097014795777942, 50.826432521873514 ], [ 2.09674367538616, 50.826554307130309 ], [ 2.096580138856685, 50.826605599200754 ], [ 2.096547268808259, 50.826620364009472 ], [ 2.096435563814941, 50.826642460348367 ], [ 2.096273370388765, 50.826679028843031 ], [ 2.096238917161432, 50.826681358684958 ], [ 2.096229996720239, 50.826683123213243 ], [ 2.096200574794384, 50.82668585639891 ], [ 2.096200140476484, 50.82668398088181 ], [ 2.096025042543596, 50.826695821380504 ], [ 2.095822863609743, 50.82669435517645 ], [ 2.095726412291965, 50.826703314897749 ], [ 2.095575023608222, 50.826709757161993 ], [ 2.095508423354679, 50.826715943794618 ], [ 2.095176059570727, 50.826713531938474 ], [ 2.095172283052442, 50.826713124945897 ], [ 2.095060053252191, 50.82672354977985 ], [ 2.09488788355752, 50.82675450874526 ], [ 2.09456346357522, 50.826748324817451 ], [ 2.094257132179592, 50.826680390322686 ], [ 2.093997482096097, 50.826557046222412 ], [ 2.093903222754617, 50.826495959235281 ], [ 2.093802621496349, 50.826448914354948 ], [ 2.0937757090637, 50.826431472924469 ], [ 2.093775708560686, 50.826431472689237 ], [ 2.093645085143512, 50.826346818341008 ], [ 2.093571012305132, 50.826280660622295 ], [ 2.093561506127402, 50.826274499826852 ], [ 2.093369237223519, 50.82610277489681 ], [ 2.093270162542136, 50.825901823117697 ], [ 2.093273979171594, 50.825691315258481 ], [ 2.093380312259234, 50.825491857286686 ], [ 2.09357875218371, 50.825322973315963 ], [ 2.09370308635356, 50.825246009227421 ], [ 2.093779535679257, 50.825180945662183 ], [ 2.093828440882021, 50.825150672652512 ], [ 2.093834597814902, 50.825127756022844 ], [ 2.093830034998652, 50.825108047855409 ], [ 2.093827307562303, 50.825107753881781 ], [ 2.093817217766465, 50.825108691031311 ], [ 2.093714093147854, 50.825141033363657 ], [ 2.093396827917898, 50.825203785592684 ], [ 2.093064475023807, 50.825201368106939 ], [ 2.092749568736854, 50.825134017555207 ], [ 2.092505929988353, 50.825053141672093 ], [ 2.092239297571323, 50.824927450481269 ], [ 2.092168430867906, 50.824881520007928 ], [ 2.091962989185046, 50.824784673169098 ], [ 2.091936076143157, 50.824767229996482 ], [ 2.09193607614275, 50.82476722999629 ], [ 2.091917462308376, 50.824755165785284 ], [ 2.091843394030962, 50.82468900681576 ], [ 2.091777785318279, 50.824646483536547 ], [ 2.091585528797397, 50.824474755425257 ], [ 2.091571090447606, 50.824456284657785 ], [ 2.091534204398099, 50.824423336958546 ], [ 2.091510421556738, 50.82439291182925 ], [ 2.091506870756578, 50.824388325630281 ], [ 2.091479196435312, 50.824352235688934 ], [ 2.091451522153957, 50.824316145739417 ], [ 2.091450493450066, 50.824314800408068 ], [ 2.091429182233401, 50.824286850643219 ], [ 2.091405007042996, 50.824236951232869 ], [ 2.091400050446153, 50.824230610264649 ], [ 2.091395470966987, 50.824224678729273 ], [ 2.091374159819472, 50.824196728951158 ], [ 2.091349984727521, 50.824146829523215 ], [ 2.091340233783722, 50.824134355104995 ], [ 2.091329526796008, 50.824104602543343 ], [ 2.091279676373604, 50.824001706538844 ], [ 2.091273413690998, 50.823974649381888 ], [ 2.091282458734969, 50.823973809437923 ], [ 2.091230005660515, 50.823828051556156 ], [ 2.091230062578227, 50.823824919156827 ], [ 2.091218384725417, 50.823774465979277 ], [ 2.091180196767114, 50.823725611346262 ], [ 2.091091020433824, 50.823645954249834 ], [ 2.09099195977251, 50.823444999900325 ], [ 2.090995785803055, 50.823234491314828 ], [ 2.091010910918294, 50.823178204192025 ], [ 2.091003119683003, 50.823144541709624 ], [ 2.090979089679482, 50.823113687339351 ], [ 2.090885312207451, 50.823103576964257 ], [ 2.090539725626273, 50.823025618429639 ], [ 2.090476942062351, 50.823003076701511 ], [ 2.090241021948984, 50.822887983119166 ], [ 2.090214110529242, 50.822870539524558 ], [ 2.090214110528848, 50.822870539524374 ], [ 2.090211768605519, 50.822869021522536 ], [ 2.090019524293098, 50.822697290526158 ], [ 2.089920469815358, 50.82249633503146 ], [ 2.089904603360083, 50.822427775440843 ], [ 2.089857176893775, 50.822366877044971 ], [ 2.089834144258202, 50.822351947310814 ], [ 2.089771278012134, 50.822345168852387 ], [ 2.089456394142657, 50.822277809686128 ], [ 2.089241829302916, 50.822176649177003 ], [ 2.089132232179368, 50.822140262256248 ], [ 2.089049287222053, 50.822131318312579 ], [ 2.088734405671108, 50.822063957300415 ], [ 2.088467798666827, 50.821938257465078 ], [ 2.088446620634559, 50.821924529273751 ], [ 2.088446620634189, 50.821924529273574 ], [ 2.088432358628239, 50.821915284236994 ], [ 2.088240124091898, 50.821743550244904 ], [ 2.088170980894421, 50.821655081602763 ], [ 2.088146966236657, 50.821639514418806 ], [ 2.087983649755332, 50.821585289829216 ], [ 2.08796397716328, 50.821583168329667 ], [ 2.087649100524888, 50.821515804519301 ], [ 2.087382499169935, 50.821390102256878 ], [ 2.087190270256541, 50.82121836650699 ], [ 2.087091230074949, 50.821017408307497 ], [ 2.087093908449192, 50.820870666134461 ], [ 2.087091204611581, 50.820870646332153 ], [ 2.087091548010228, 50.8208518322744 ], [ 2.087060289794762, 50.820716725569717 ], [ 2.08704075906018, 50.820677096072536 ], [ 2.087033275709957, 50.820644750753694 ], [ 2.087013745024892, 50.820605121247915 ], [ 2.087013552488181, 50.820604289042883 ], [ 2.086977274570875, 50.820557868582362 ], [ 2.086845301429326, 50.820439961618213 ], [ 2.086833674823565, 50.820425084336364 ], [ 2.086808573745501, 50.820408811912245 ], [ 2.08671084950548, 50.820376363202676 ], [ 2.086444256581678, 50.820250658713341 ], [ 2.086252035268656, 50.820078921215682 ], [ 2.086153001112665, 50.819877961918614 ], [ 2.086156847235263, 50.819667452326946 ], [ 2.086263195897106, 50.819467998577757 ], [ 2.086312131594572, 50.819408861248171 ], [ 2.086321063689322, 50.819375630238525 ], [ 2.086313347900274, 50.819342277194259 ], [ 2.086286430590005, 50.819307832675278 ], [ 2.086207948758351, 50.819256952812168 ], [ 2.086157636917686, 50.819251526148761 ], [ 2.086088193925378, 50.819257972509348 ], [ 2.085921886019595, 50.819265037862294 ], [ 2.085901072328223, 50.819264885224946 ], [ 2.085778442376375, 50.819276268617756 ], [ 2.085637505827563, 50.819320303884361 ], [ 2.085613910910177, 50.819330900983623 ], [ 2.085515783223005, 50.819391638317263 ], [ 2.085513299651632, 50.819400460990018 ], [ 2.085496978894967, 50.819455930595822 ], [ 2.085459115195533, 50.819525154144394 ], [ 2.085447202138301, 50.819547496037309 ], [ 2.085407408831359, 50.819695532447618 ], [ 2.085398837819799, 50.819755614023215 ], [ 2.085368442816788, 50.819868686647197 ], [ 2.085357641163521, 50.819867521517097 ], [ 2.085334097959723, 50.819960618333567 ], [ 2.085197563045841, 50.820138133987356 ], [ 2.084985558756115, 50.820282899096902 ], [ 2.084716342679618, 50.820382446284704 ], [ 2.084413100035928, 50.820428202348765 ], [ 2.08410194680706, 50.820416226670396 ], [ 2.083809680333444, 50.820347550623808 ], [ 2.083724238160334, 50.820306427833458 ], [ 2.083519264590334, 50.820238360915127 ], [ 2.083463620151372, 50.820226454018922 ], [ 2.08319703618738, 50.820100742555944 ], [ 2.083108182132686, 50.820043134831309 ], [ 2.083034132484326, 50.819976970147934 ], [ 2.082998706846315, 50.819954002123282 ], [ 2.082806498503445, 50.819782259234223 ], [ 2.082795839398395, 50.819768618008531 ], [ 2.082746653173354, 50.819752283808192 ], [ 2.082745344242972, 50.819752142590609 ], [ 2.082714752289104, 50.819748549284874 ], [ 2.082668210446965, 50.819742634612233 ], [ 2.082589727850898, 50.81972502466693 ], [ 2.082438407053374, 50.819708698700488 ], [ 2.082385754698771, 50.819713584744903 ], [ 2.08237590618381, 50.819716672713206 ], [ 2.08212917086019, 50.819827476952057 ], [ 2.081811924802872, 50.819890200210587 ], [ 2.08147960777855, 50.819887751820332 ], [ 2.081164750547014, 50.81982037145535 ], [ 2.080898174525219, 50.819694654997619 ], [ 2.080770126449462, 50.819580233966775 ], [ 2.080739741943801, 50.819560533037247 ], [ 2.080547542869092, 50.819388786561163 ], [ 2.080476298403121, 50.819297602380693 ], [ 2.080437645975297, 50.819263062779932 ], [ 2.080368520006388, 50.819174589472297 ], [ 2.080260529214239, 50.819104568176527 ], [ 2.080154633121803, 50.819069397971106 ], [ 2.08007221104469, 50.819060503713715 ], [ 2.080012811030926, 50.819060065304249 ], [ 2.079933163171903, 50.819067454994297 ], [ 2.079844677426395, 50.819095197574626 ], [ 2.079739338722007, 50.819142500765849 ], [ 2.079422094013195, 50.819205218007852 ], [ 2.079089781657666, 50.819202763243858 ], [ 2.078921307238443, 50.819184581492721 ], [ 2.078811904643862, 50.819194730793441 ], [ 2.078479592387003, 50.819192274402781 ], [ 2.078289832113792, 50.819151659572825 ], [ 2.078185618395748, 50.819140412161332 ], [ 2.078027176814973, 50.819155109844935 ], [ 2.077938583462942, 50.819172622940719 ], [ 2.077606271439597, 50.819170164235317 ], [ 2.077291423973378, 50.819102774042349 ], [ 2.077024861517106, 50.81897704920415 ], [ 2.076832677413973, 50.818805296891952 ], [ 2.076820627078627, 50.818789871956511 ], [ 2.076737995972881, 50.818716024986841 ], [ 2.076714224777285, 50.818685596552164 ], [ 2.076713548199708, 50.818684728926236 ], [ 2.076598977455554, 50.818537539354608 ], [ 2.076514963708793, 50.81846245599025 ], [ 2.076452584610605, 50.81838260653268 ], [ 2.076317087198664, 50.818261511023593 ], [ 2.076305416684908, 50.81824657184206 ], [ 2.076261435980081, 50.818207265620842 ], [ 2.07624976595658, 50.818192327022913 ], [ 2.076205785479993, 50.818153020953936 ], [ 2.076191680736461, 50.818134965715679 ], [ 2.076092690376576, 50.817933997393943 ], [ 2.076095670363986, 50.817772663739888 ], [ 2.076089165131706, 50.817744517191933 ], [ 2.075984472721132, 50.817709741294983 ], [ 2.075717920804276, 50.817584013336422 ], [ 2.075607574490532, 50.817485392090269 ], [ 2.075505518781262, 50.817419208724502 ], [ 2.075451787563427, 50.817401360262657 ], [ 2.07538062212794, 50.81739367769071 ], [ 2.075085811356157, 50.817391490448074 ], [ 2.074770978103635, 50.817324093648075 ], [ 2.074717071245176, 50.817306186411457 ], [ 2.074607039407117, 50.817294307357677 ], [ 2.074446750729022, 50.817293117185635 ], [ 2.074131919312486, 50.817225718787341 ], [ 2.073865374801204, 50.817099986790979 ], [ 2.073693860355531, 50.816988753288108 ], [ 2.073693860355184, 50.816988753287951 ], [ 2.073690367773034, 50.816986488210617 ], [ 2.073634822901014, 50.816960286740219 ], [ 2.073520745112683, 50.816858323414294 ], [ 2.073358318350851, 50.816752982163727 ], [ 2.0733583183505, 50.81675298216355 ], [ 2.073330328961004, 50.816734829684918 ], [ 2.073330328960627, 50.816734829684719 ], [ 2.073302339591402, 50.816716677199281 ], [ 2.073302339591044, 50.816716677199111 ], [ 2.073279945434752, 50.816702153470636 ], [ 2.073174059336059, 50.816666977205017 ], [ 2.073091642458881, 50.816658078299071 ], [ 2.073033622186673, 50.81665764680131 ], [ 2.073033644043844, 50.816656467350377 ], [ 2.072892035401316, 50.816655414095116 ], [ 2.07289201354082, 50.816656593545311 ], [ 2.072759290890291, 50.816655606232302 ], [ 2.072593296560236, 50.816646086280244 ], [ 2.072511564437786, 50.816637260896023 ], [ 2.072196739948628, 50.816569857527512 ], [ 2.071930203952849, 50.816444121318284 ], [ 2.071898185876528, 50.816423355149482 ], [ 2.071776361827895, 50.816365885173759 ], [ 2.071771555415899, 50.816364288364355 ], [ 2.071505020599362, 50.816238550933548 ], [ 2.071312865544555, 50.816066788874281 ], [ 2.071305101080152, 50.81605684768089 ], [ 2.071283794980292, 50.816043028716102 ], [ 2.071255805088166, 50.816024874589125 ], [ 2.071142675073329, 50.815951499098119 ], [ 2.071094225681855, 50.815946266921038 ], [ 2.070779407100341, 50.815878859858508 ], [ 2.070512878102824, 50.815753120318846 ], [ 2.070470602426132, 50.815715329975419 ], [ 2.070301706344412, 50.815605781897979 ], [ 2.07010955830279, 50.81543401828511 ], [ 2.070010598192742, 50.815233044732636 ], [ 2.070014511887593, 50.815022534140638 ], [ 2.070120915033801, 50.81482309274395 ], [ 2.070166951050098, 50.814767481683951 ], [ 2.070173483515019, 50.814743205842966 ], [ 2.070168930967976, 50.814723496495695 ], [ 2.07012423983826, 50.814718669697953 ], [ 2.069819402147778, 50.814716394959724 ], [ 2.069504593173728, 50.814648984607551 ], [ 2.069467043204117, 50.814636508201794 ], [ 2.069455397493798, 50.814634014471054 ], [ 2.069415800977643, 50.814620858052187 ], [ 2.0693572722309, 50.81459324450892 ], [ 2.069097079807372, 50.814506791747014 ], [ 2.069094168391875, 50.81450616830567 ], [ 2.069040772743239, 50.814488426708238 ], [ 2.069037861329462, 50.814487803265543 ], [ 2.068990402985902, 50.814472034405235 ], [ 2.068723886062597, 50.814346290880025 ], [ 2.068680464730001, 50.814318125262282 ], [ 2.068520865437883, 50.814300885792846 ], [ 2.068523566795271, 50.814290848217261 ], [ 2.06831851802909, 50.814266065102245 ], [ 2.067998597397744, 50.814144035305212 ], [ 2.06776512027656, 50.813959395886457 ], [ 2.067646948099813, 50.813734971979379 ], [ 2.06761920776376, 50.813614846022219 ], [ 2.067585266078649, 50.81357138157658 ], [ 2.067560174701379, 50.813555105105543 ], [ 2.067457629171737, 50.813521030299377 ], [ 2.067367274149869, 50.81350168018556 ], [ 2.067100766476, 50.813375933002213 ], [ 2.067060457680768, 50.813339895750197 ], [ 2.066886520340011, 50.813227062321872 ], [ 2.06674259534253, 50.813179236184489 ], [ 2.066739684033604, 50.813178612686883 ], [ 2.066727144963544, 50.81317444595323 ], [ 2.06663790286985, 50.813155333455335 ], [ 2.066371398874373, 50.81302958464547 ], [ 2.066184347960434, 50.812862350523822 ], [ 2.066046823731242, 50.812773135505182 ], [ 2.065996520599704, 50.81276770065034 ], [ 2.065946028626751, 50.812772380112094 ], [ 2.065921895350168, 50.812787312387137 ], [ 2.06588326438763, 50.812833974114127 ], [ 2.065684780517655, 50.813002817232096 ], [ 2.065413656363712, 50.813124537035911 ], [ 2.065096431862658, 50.813187218397118 ], [ 2.064764160190628, 50.813184725418843 ], [ 2.064602576843661, 50.813167265985193 ], [ 2.064599823384477, 50.813167245319178 ], [ 2.064386558927669, 50.813187007345334 ], [ 2.064324001198073, 50.813199367813326 ], [ 2.064252364704175, 50.813206005843128 ], [ 2.063920092949517, 50.81320351061467 ], [ 2.063906618613024, 50.813202054598349 ], [ 2.063825447704487, 50.81320957583128 ], [ 2.063730428788022, 50.813239355196878 ], [ 2.063413201449951, 50.813302032262804 ], [ 2.063080929099299, 50.813299534797537 ], [ 2.062917576436942, 50.813281881957586 ], [ 2.062606059001309, 50.813279539278874 ], [ 2.06253669695352, 50.813272043364627 ], [ 2.062221251962967, 50.8132043966243 ], [ 2.062163759700697, 50.813185256918658 ], [ 2.061897921709676, 50.813059716394044 ], [ 2.061871025460628, 50.813042266417661 ], [ 2.061871025460252, 50.813042266417483 ], [ 2.06184304231539, 50.813024111256048 ], [ 2.061843042315013, 50.813024111255864 ], [ 2.061815059190419, 50.813005956087608 ], [ 2.061815059190061, 50.81300595608743 ], [ 2.061787076085742, 50.81298780091236 ], [ 2.061787076085396, 50.812987800912204 ], [ 2.061759093001466, 50.812969645730384 ], [ 2.061759093001089, 50.812969645730213 ], [ 2.061731109937369, 50.812951490541558 ], [ 2.061731109937071, 50.812951490541401 ], [ 2.061703126894328, 50.812933335346372 ], [ 2.061703126892514, 50.812933335345534 ], [ 2.061563211979824, 50.81284255926623 ], [ 2.061563211979466, 50.812842559266052 ], [ 2.061535229058026, 50.812824404029946 ], [ 2.061535229057674, 50.812824404029769 ], [ 2.061516626999735, 50.812812335058929 ], [ 2.061442616614627, 50.812746156817056 ], [ 2.06134636661166, 50.812683709697552 ], [ 2.061221197216538, 50.8126421084621 ], [ 2.061152470645175, 50.812634680335805 ], [ 2.060837686451247, 50.812567247877816 ], [ 2.060571200168721, 50.812441486552274 ], [ 2.060379097690686, 50.812269707105308 ], [ 2.060280182930359, 50.812068724852075 ], [ 2.060283706243439, 50.811881162014799 ], [ 2.060277123667137, 50.811852637362271 ], [ 2.060267023026184, 50.811756747591787 ], [ 2.060254221382844, 50.811701273240374 ], [ 2.060227936686038, 50.81166748238229 ], [ 2.060176501584198, 50.811634109452939 ], [ 2.060122782045945, 50.811616254232796 ], [ 2.060070334176823, 50.811610584948937 ], [ 2.05990740920118, 50.811625676788879 ], [ 2.05980036588418, 50.811646823407628 ], [ 2.059468104707595, 50.811644316304331 ], [ 2.059153329015534, 50.811576879489657 ], [ 2.059052871388228, 50.811529468126736 ], [ 2.058963735933001, 50.811499840305416 ], [ 2.058953686242107, 50.811498753900118 ], [ 2.058927636059722, 50.811501166726778 ], [ 2.058595375894322, 50.811498657296241 ], [ 2.058280602295215, 50.811431218262278 ], [ 2.058023717365765, 50.811345829546646 ], [ 2.05796422117284, 50.811333082445316 ], [ 2.057697748687672, 50.811207314737622 ], [ 2.057545253506207, 50.811070938407951 ], [ 2.057495944624537, 50.811038942462055 ], [ 2.057388878747353, 50.811003352636703 ], [ 2.057356175325433, 50.810996345672535 ], [ 2.057328013259884, 50.810993300849795 ], [ 2.057265940020001, 50.810980001126502 ], [ 2.05701612838191, 50.810952991591321 ], [ 2.056869251555637, 50.810951880131462 ], [ 2.05670485377011, 50.810916655708589 ], [ 2.056659866248352, 50.810911791499727 ], [ 2.056345098950817, 50.810844347516614 ], [ 2.05607863313922, 50.810718576252746 ], [ 2.055917898047218, 50.810614272271351 ], [ 2.055812037043542, 50.810579080928406 ], [ 2.055777560483601, 50.810575352921916 ], [ 2.055462796492388, 50.810507906675618 ], [ 2.055196334690874, 50.810382133460458 ], [ 2.055180436120641, 50.810371816307494 ], [ 2.055180436120264, 50.810371816307317 ], [ 2.05516974900633, 50.81036488105179 ], [ 2.055067093693664, 50.810316426114845 ], [ 2.055058967360595, 50.810311152621658 ], [ 2.055016414213808, 50.810291066801 ], [ 2.054824339065889, 50.810119278225606 ], [ 2.054725450872147, 50.809918290900946 ], [ 2.054729428466178, 50.809707779075147 ], [ 2.054745656989383, 50.809647535382148 ], [ 2.054742424684273, 50.809633521115117 ], [ 2.05466290337698, 50.809581915394631 ], [ 2.054519000552412, 50.809534074874641 ], [ 2.054516089608003, 50.809533451088022 ], [ 2.054499546490197, 50.809527951308219 ], [ 2.054418780995451, 50.809510644013265 ], [ 2.054403036194535, 50.809505409616726 ], [ 2.054347410627515, 50.80949348952781 ], [ 2.054080957032645, 50.80936771373203 ], [ 2.054066710996898, 50.809358468505216 ], [ 2.054066710996562, 50.809358468505046 ], [ 2.054038732744188, 50.809340311488732 ], [ 2.054038732743842, 50.809340311488576 ], [ 2.054028046008981, 50.809333376124485 ], [ 2.053940540555292, 50.809292070009313 ], [ 2.053793629621552, 50.809243228049439 ], [ 2.053527178751748, 50.809117451021372 ], [ 2.053335113223004, 50.808945659841456 ], [ 2.053317471418807, 50.808909800239611 ], [ 2.053303360947139, 50.808891720842858 ], [ 2.053302683887301, 50.808890851767949 ], [ 2.053231448431251, 50.808799247493894 ], [ 2.05292439675444, 50.808733444314356 ], [ 2.052876408748384, 50.808710791096637 ], [ 2.052757957938586, 50.808671409218732 ], [ 2.052678624676665, 50.808662828415983 ], [ 2.05261923725126, 50.808662376945392 ], [ 2.052539112720437, 50.808669794535419 ], [ 2.052368394826066, 50.808723090457086 ], [ 2.052309133647662, 50.808749688503248 ], [ 2.052287511502467, 50.808756463156314 ], [ 2.052117482505008, 50.808832776470091 ], [ 2.051800268562697, 50.808895424401008 ], [ 2.051468026061344, 50.808892895958984 ], [ 2.051153278465299, 50.808825438654345 ], [ 2.051116126070164, 50.808813085823438 ], [ 2.050849684222521, 50.808687302987913 ], [ 2.050822794177708, 50.808669850510356 ], [ 2.050822794177332, 50.808669850510178 ], [ 2.050794817487225, 50.808651692746373 ], [ 2.050794817487476, 50.80865169274621 ], [ 2.050794817485249, 50.808651692745144 ], [ 2.050794129312511, 50.808651246098854 ], [ 2.050602074959103, 50.808479450584535 ], [ 2.0505645685663, 50.808403203118807 ], [ 2.050563212808236, 50.808401455392556 ], [ 2.05051888081484, 50.808343961092142 ], [ 2.050422243185804, 50.808145844247093 ], [ 2.050386136381427, 50.807989230943861 ], [ 2.050383626642174, 50.807984128751727 ], [ 2.050346374998647, 50.807936393699215 ], [ 2.05025475322354, 50.80785443458408 ], [ 2.050155887863009, 50.807653442935546 ], [ 2.050136824706617, 50.807570753775757 ], [ 2.050069008931858, 50.807526737335337 ], [ 2.049966364381733, 50.807478277985645 ], [ 2.049947241014195, 50.807465865724993 ], [ 2.049836150909035, 50.807428926779352 ], [ 2.049811971020342, 50.80742631079918 ], [ 2.049677701017997, 50.807438738158829 ], [ 2.04934546829689, 50.807436204052529 ], [ 2.049030732726237, 50.807368741236466 ], [ 2.04900800168316, 50.80735800940581 ], [ 2.04877861755427, 50.807281733562121 ], [ 2.04869785284048, 50.807272995015481 ], [ 2.048383119169709, 50.807205530546916 ], [ 2.048116692753605, 50.807079741558162 ], [ 2.047924653624657, 50.806907941503262 ], [ 2.047843968995767, 50.806743890732193 ], [ 2.047832102700626, 50.806728683382495 ], [ 2.047753170435953, 50.80667744775274 ], [ 2.04754788950705, 50.806580525024955 ], [ 2.047521001746236, 50.806563071778605 ], [ 2.047521001745861, 50.806563071778427 ], [ 2.047493027432248, 50.806544913214857 ], [ 2.047493027431872, 50.80654491321468 ], [ 2.047470645321449, 50.806530384623102 ], [ 2.047401137500699, 50.806507270134261 ], [ 2.047134717271567, 50.806381478911412 ], [ 2.046942684194446, 50.806209677159345 ], [ 2.046843835388801, 50.806008682376515 ], [ 2.046847845832668, 50.805798169541056 ], [ 2.046866378258881, 50.805729408858042 ], [ 2.046858318949162, 50.805694438854417 ], [ 2.046848443822729, 50.805681537017762 ], [ 2.046777083518085, 50.805589746934871 ], [ 2.046724577097183, 50.805555662824872 ], [ 2.046668287803461, 50.805536943275328 ], [ 2.046401874577697, 50.805411150294866 ], [ 2.046209847739415, 50.805239347152316 ], [ 2.046200852753697, 50.805221056238594 ], [ 2.046192936938845, 50.805210910830198 ], [ 2.04614312458711, 50.80510961937383 ], [ 2.046107983206663, 50.805064579611013 ], [ 2.046054930162276, 50.805030139691503 ], [ 2.046003842398064, 50.805013149427367 ], [ 2.045964000195685, 50.805008837472293 ], [ 2.045913512690073, 50.805013509018814 ], [ 2.045581296187337, 50.805010964905023 ], [ 2.04526658086481, 50.804943492337628 ], [ 2.045000174261109, 50.804817696227289 ], [ 2.044892872049468, 50.80474803751359 ], [ 2.044700853149715, 50.80457623214685 ], [ 2.044663367508411, 50.804500000592377 ], [ 2.044618934575326, 50.804443048647116 ], [ 2.044493663116659, 50.804361723143572 ], [ 2.044391030560818, 50.804313259022329 ], [ 2.044285821198248, 50.804244957156861 ], [ 2.044141944902555, 50.804197104701217 ], [ 2.044139034558321, 50.804196480654149 ], [ 2.044085657801316, 50.804178727830639 ], [ 2.044082747171971, 50.804178103734301 ], [ 2.044033502564273, 50.804161725166594 ], [ 2.044021860633507, 50.804159229052622 ], [ 2.043842264594296, 50.804099495705742 ], [ 2.043752808983673, 50.804089812516629 ], [ 2.043438102085386, 50.804022335276194 ], [ 2.043296624830949, 50.803975279278305 ], [ 2.04329371397011, 50.803974655123675 ], [ 2.043246273801339, 50.803958876253049 ], [ 2.042979877174532, 50.803833075519165 ], [ 2.042965628884473, 50.803823825126642 ], [ 2.04293765577781, 50.803805664089431 ], [ 2.042797276325889, 50.803714525405276 ], [ 2.042716708349046, 50.803687727443112 ], [ 2.042658207300558, 50.803660100986519 ], [ 2.04239811812658, 50.803573591081687 ], [ 2.042395207569521, 50.803572966948785 ], [ 2.042341834050025, 50.803555213966355 ], [ 2.042338923762903, 50.803554589876057 ], [ 2.042285548312389, 50.803536836258374 ], [ 2.042282637742686, 50.803536212119333 ], [ 2.042235198308444, 50.803520432853176 ], [ 2.042235792579907, 50.803519715420627 ], [ 2.042059664651474, 50.803437197937022 ], [ 2.041863928925544, 50.803372091667512 ], [ 2.041861018657708, 50.803371467566464 ], [ 2.04180764443353, 50.803353714025633 ], [ 2.041804734155008, 50.803353089920584 ], [ 2.041751359249713, 50.803335336115438 ], [ 2.041748448433153, 50.803334711921494 ], [ 2.041736039994302, 50.803330584553805 ], [ 2.041646557613776, 50.803311396528279 ], [ 2.041447557309637, 50.803245203296115 ], [ 2.041396448343499, 50.803221066620459 ], [ 2.041279770152761, 50.803182255817383 ], [ 2.041200447517271, 50.803173667610025 ], [ 2.041167190309501, 50.80317341169431 ], [ 2.040919674271229, 50.803152913110367 ], [ 2.040708563874408, 50.803101705046508 ], [ 2.040411941763272, 50.803069588325968 ], [ 2.040414200467601, 50.803061211508904 ], [ 2.040140836070289, 50.803024560137452 ], [ 2.0400347471412, 50.802978448300088 ], [ 2.040030968501376, 50.802982880948385 ], [ 2.039909614978845, 50.802924854020652 ], [ 2.039769499101485, 50.802878244642855 ], [ 2.039684646044575, 50.802869056562017 ], [ 2.039649409150003, 50.802861499879917 ], [ 2.039615029946825, 50.802857777194028 ], [ 2.039300336295726, 50.802790289329906 ], [ 2.039033956223399, 50.802664480072202 ], [ 2.038841965225542, 50.802492664859052 ], [ 2.038743156302428, 50.802291662506576 ], [ 2.03872777257444, 50.802224858207303 ], [ 2.038716945573941, 50.802210977392143 ], [ 2.038597146847801, 50.80219800406968 ], [ 2.038553495431997, 50.802188642300841 ], [ 2.038492947730604, 50.802182085359696 ], [ 2.038430890429169, 50.802168776075902 ], [ 2.038335967668624, 50.802158496414293 ], [ 2.038069333079366, 50.802101311245302 ], [ 2.038005712648741, 50.802094421278426 ], [ 2.037969412815708, 50.80209777789706 ], [ 2.037948041546046, 50.802110994869103 ], [ 2.037829602279997, 50.80218424293853 ], [ 2.037558469002688, 50.802305904158317 ], [ 2.037241278214703, 50.802368515656482 ], [ 2.037217882600037, 50.802370678873544 ], [ 2.03688568416321, 50.802368111529709 ], [ 2.03686237875909, 50.802365587391122 ], [ 2.036525715937096, 50.802290571168676 ], [ 2.036464634108807, 50.80226907385341 ], [ 2.03640977502792, 50.802242520542734 ], [ 2.036287625749864, 50.80220188277346 ], [ 2.036231593271166, 50.802175416724552 ], [ 2.036205549445333, 50.802166752175701 ], [ 2.036144590147507, 50.802137958935404 ], [ 2.035922729036045, 50.80206414718878 ], [ 2.035841982016044, 50.802046827657094 ], [ 2.035801302886934, 50.802033293869776 ], [ 2.035798392612251, 50.802032669638777 ], [ 2.035795747937579, 50.802031789765032 ], [ 2.035792906457667, 50.802031481985296 ], [ 2.03575767074067, 50.80202392419298 ], [ 2.035689715896632, 50.802016563506655 ], [ 2.035375032830454, 50.801949065642305 ], [ 2.035108667105804, 50.801823247831251 ], [ 2.034916692813798, 50.801651426348897 ], [ 2.034824858173239, 50.80146457541781 ], [ 2.034751707821989, 50.801370438115129 ], [ 2.034667785739486, 50.801295324623375 ], [ 2.034586374777501, 50.801190935436622 ], [ 2.034500284373679, 50.80111388057032 ], [ 2.034489642416201, 50.801100234825427 ], [ 2.034468376167959, 50.801093159191801 ], [ 2.034222085278249, 50.800976818838592 ], [ 2.034214533134749, 50.800974306088435 ], [ 2.034190357182158, 50.800971687051351 ], [ 2.034168241673756, 50.800973731415127 ], [ 2.034103598597321, 50.801013706738019 ], [ 2.033831283785525, 50.801135728683754 ], [ 2.033512672596674, 50.801198200621769 ], [ 2.033179198195937, 50.801194959265267 ], [ 2.032863760277756, 50.801126324396925 ], [ 2.032597478907074, 50.800999067316695 ], [ 2.032484220872797, 50.800924596347926 ], [ 2.032326464002031, 50.800907503817008 ], [ 2.032327731920505, 50.800902804190947 ], [ 2.032175835163417, 50.800887898591625 ], [ 2.031904649707561, 50.800807752464657 ], [ 2.031679516958829, 50.800682842035108 ], [ 2.031518315422702, 50.800523087036488 ], [ 2.031433846149282, 50.800341174278564 ], [ 2.031416698088393, 50.800266656899232 ], [ 2.031366496554703, 50.800234052570318 ], [ 2.031127741493612, 50.800182829756793 ], [ 2.031021790456535, 50.800171348901038 ], [ 2.030707125291057, 50.800103839057428 ], [ 2.030440781125533, 50.799978010912518 ], [ 2.030436830022414, 50.79997544471734 ], [ 2.03038313361543, 50.799957576360406 ], [ 2.030221447432158, 50.799940054925706 ], [ 2.030221542803901, 50.799939701473257 ], [ 2.030209240132737, 50.799938954951038 ], [ 2.029898985866041, 50.799903453044578 ], [ 2.029862969142363, 50.799901374233926 ], [ 2.029822072411252, 50.799896942220819 ], [ 2.029797313810468, 50.799899230078978 ], [ 2.029708825547215, 50.799926840160957 ], [ 2.029559913244029, 50.799997330026621 ], [ 2.029301036789021, 50.800062555638455 ], [ 2.029024299686708, 50.800082863973408 ], [ 2.02899381827598, 50.800082549453556 ], [ 2.028918453546535, 50.800089513096658 ], [ 2.028885581535585, 50.800109838866319 ], [ 2.028614437754374, 50.800231481010222 ], [ 2.028297248926438, 50.800294069939291 ], [ 2.027965064736087, 50.800291478804894 ], [ 2.027946945147814, 50.800289514904058 ], [ 2.027926139531648, 50.800289352581629 ], [ 2.027760208413564, 50.800279772723776 ], [ 2.027664171175236, 50.800269363481668 ], [ 2.027518725550504, 50.800268228332321 ], [ 2.027288195458095, 50.800234408990661 ], [ 2.027287431553878, 50.800237239406989 ], [ 2.027285898491308, 50.800237073236552 ], [ 2.027241680360012, 50.800227585051857 ], [ 2.027076989059811, 50.800203424067234 ], [ 2.027066368693922, 50.800200233649576 ], [ 2.027027513455363, 50.80018793841036 ], [ 2.026974148007399, 50.800170178403896 ], [ 2.026971237951211, 50.80016955396497 ], [ 2.026917872542826, 50.8001517939339 ], [ 2.02691496248841, 50.800151169493638 ], [ 2.026896930085176, 50.800145168293284 ], [ 2.026703660726358, 50.800103696276814 ], [ 2.026437326628668, 50.799977859574206 ], [ 2.026245389191411, 50.799806024247609 ], [ 2.026205648068723, 50.799725130842425 ], [ 2.02616296611598, 50.799670385362958 ], [ 2.026109932494623, 50.799635936652599 ], [ 2.026058857155663, 50.799618938112793 ], [ 2.025978009789006, 50.79961017400823 ], [ 2.025975257092107, 50.799610152488469 ], [ 2.025811432892008, 50.799625285758616 ], [ 2.025670342522798, 50.799669303341531 ], [ 2.025612627901487, 50.799704987425685 ], [ 2.025341478358186, 50.799826622522488 ], [ 2.025024288003195, 50.799889203158443 ], [ 2.024781952502533, 50.799887306574561 ], [ 2.024781940205552, 50.799887937533754 ], [ 2.024723939805233, 50.799887483536828 ], [ 2.024569065103921, 50.799901788428542 ], [ 2.024404042085032, 50.799932993723814 ], [ 2.02429764857101, 50.79994282041816 ], [ 2.024262131987276, 50.799949827430112 ], [ 2.02418410588835, 50.79995703397541 ], [ 2.024094520267103, 50.799974708066017 ], [ 2.024060131149263, 50.799977884226443 ], [ 2.024044286822754, 50.799981010095181 ], [ 2.023712104931164, 50.799978407621154 ], [ 2.023397450841693, 50.799910879297975 ], [ 2.023131126084456, 50.799785035491226 ], [ 2.022939200740002, 50.799613195021031 ], [ 2.022936111199466, 50.799609231842339 ], [ 2.02291104134998, 50.799592946036597 ], [ 2.022885346576423, 50.799584393634987 ], [ 2.022803983904095, 50.799575571530006 ], [ 2.022489333573052, 50.799508040871856 ], [ 2.022441368195301, 50.799485375615895 ], [ 2.022322963183714, 50.799445964255995 ], [ 2.022161281476511, 50.799428432348378 ], [ 2.022165550050056, 50.799412622335566 ], [ 2.022094954827533, 50.799401293708655 ], [ 2.022093413793351, 50.799407001388289 ], [ 2.021875219934843, 50.799383341116368 ], [ 2.021822583068277, 50.7993882017294 ], [ 2.021768208179187, 50.799405225342809 ], [ 2.021649728558095, 50.799478472602601 ], [ 2.021558756080889, 50.799555791609073 ], [ 2.021287597492566, 50.799677417911703 ], [ 2.02097040301386, 50.799739988242031 ], [ 2.020966210438888, 50.799740375361139 ], [ 2.020875985554433, 50.799768621835376 ], [ 2.020773762209528, 50.79981447249785 ], [ 2.020456566219642, 50.799877041506953 ], [ 2.020124385205222, 50.79987442946765 ], [ 2.020018210039579, 50.799851639728438 ], [ 2.019775412571421, 50.799825307580861 ], [ 2.01962526678848, 50.799813748300686 ], [ 2.019573645527547, 50.799806110404305 ], [ 2.019321298672405, 50.799746551766518 ], [ 2.019286559439141, 50.799734987712277 ], [ 2.019235464591611, 50.799710841749338 ], [ 2.019149313060348, 50.799682163357389 ], [ 2.018883000203876, 50.79955631042651 ], [ 2.018857212233029, 50.79953955637707 ], [ 2.01885721223266, 50.799539556376885 ], [ 2.018851262652588, 50.799535691023493 ], [ 2.018659352961388, 50.799363843895392 ], [ 2.018641906205882, 50.799328318543637 ], [ 2.01862768510856, 50.79931007348808 ], [ 2.018624142769503, 50.79930548503846 ], [ 2.018596534896534, 50.79926937754302 ], [ 2.01859550866665, 50.799268031559258 ], [ 2.018574248819055, 50.799240068276767 ], [ 2.018550158389652, 50.799190152840382 ], [ 2.018545213507876, 50.799183808734298 ], [ 2.018541671185263, 50.799179220281395 ], [ 2.018514063441466, 50.79914311276071 ], [ 2.018487879708037, 50.799108867614152 ], [ 2.018388097172059, 50.798980383634401 ], [ 2.018241076092866, 50.798884863683547 ], [ 2.018049170993168, 50.798713015444498 ], [ 2.018014415415036, 50.798642242629533 ], [ 2.017956870286795, 50.798539470199536 ], [ 2.017953228206826, 50.798517646533881 ], [ 2.017950453053859, 50.798511995447448 ], [ 2.017946169263533, 50.798493357118552 ], [ 2.017949129032706, 50.798493083895849 ], [ 2.017944897255101, 50.798467726658828 ], [ 2.017942007014619, 50.79846799346322 ], [ 2.017936710961198, 50.798444950841024 ], [ 2.017937172403512, 50.798421438501954 ], [ 2.017930618201726, 50.798382164936861 ], [ 2.017931001522957, 50.798362633277193 ], [ 2.017938325352761, 50.798362691007043 ], [ 2.017940842402237, 50.79823443651091 ], [ 2.018047417368966, 50.79803503447944 ], [ 2.01824600256578, 50.797866263383874 ], [ 2.018284152564401, 50.797849152270629 ], [ 2.018295878547456, 50.797841903334323 ], [ 2.018324541368476, 50.797824184127009 ], [ 2.01835320416801, 50.79780646491335 ], [ 2.018469062435261, 50.797734841653821 ], [ 2.018470414588705, 50.797729834752673 ], [ 2.018469259239506, 50.79772480809666 ], [ 2.018418839032208, 50.797692049210688 ], [ 2.018294052231308, 50.79765050691082 ], [ 2.018150903142058, 50.797619777143005 ], [ 2.018129673572693, 50.797617474311544 ], [ 2.018010308120009, 50.797628493521231 ], [ 2.017678142158968, 50.797625874951208 ], [ 2.017363511004509, 50.797558331147272 ], [ 2.017097213941492, 50.797432473990426 ], [ 2.016905318339344, 50.79726062360762 ], [ 2.016894541412073, 50.797246795894445 ], [ 2.016780011943679, 50.797172380278141 ], [ 2.016780011943328, 50.797172380277978 ], [ 2.016753290355769, 50.797155017856255 ], [ 2.016670930166387, 50.797113922654887 ], [ 2.01647286070807, 50.796903229227816 ], [ 2.016431162686235, 50.796750014549012 ], [ 2.016418395782252, 50.796751192974419 ], [ 2.016416330163802, 50.796742204120704 ], [ 2.016417035483103, 50.796706319504622 ], [ 2.016395391053256, 50.796612130196543 ], [ 2.016309333476908, 50.79650130570402 ], [ 2.016272691683715, 50.79646849024104 ], [ 2.016203710663616, 50.796379978284932 ], [ 2.016150687385158, 50.796345525162309 ], [ 2.01606194421172, 50.79631597911257 ], [ 2.01594261895809, 50.79629036049532 ], [ 2.015676332215651, 50.796164500057507 ], [ 2.015661409347851, 50.796154803405841 ], [ 2.015469523575167, 50.795982950475633 ], [ 2.015452080262468, 50.795947424493022 ], [ 2.015392605457759, 50.795871107462574 ], [ 2.015323316133821, 50.795826083661744 ], [ 2.015220729238395, 50.795777594829545 ], [ 2.015193858558171, 50.79576013432078 ], [ 2.015193858557784, 50.795760134320595 ], [ 2.015165902014886, 50.795741968201078 ], [ 2.01516590201454, 50.795741968200907 ], [ 2.015145705884066, 50.795728844773301 ], [ 2.015122517524762, 50.795721124136229 ], [ 2.015061578210469, 50.795692320298535 ], [ 2.014866239346673, 50.795627281178511 ], [ 2.014599958839247, 50.795501418312327 ], [ 2.014557761841416, 50.795473998193742 ], [ 2.014483839208128, 50.795407790318961 ], [ 2.014469589096203, 50.795398530383409 ], [ 2.014277710315975, 50.795226675418888 ], [ 2.014179014402558, 50.795025651361598 ], [ 2.014181734610689, 50.794887563731436 ], [ 2.014176868413456, 50.794887525224212 ], [ 2.014178652841329, 50.794796941211146 ], [ 2.014167356180127, 50.79474777017942 ], [ 2.013975735952826, 50.794576142991502 ], [ 2.013877042535247, 50.794375118494976 ], [ 2.013881190716687, 50.794164602988943 ], [ 2.013903814326203, 50.794122277759456 ], [ 2.013930306449207, 50.794024206122984 ], [ 2.013927086582956, 50.794010190463837 ], [ 2.013833317849576, 50.793949255353745 ], [ 2.01364144681061, 50.7937773990284 ], [ 2.013542756310855, 50.793576374021548 ], [ 2.013546905832179, 50.793365858269517 ], [ 2.013653487937821, 50.793166458511749 ], [ 2.013660472335214, 50.79315803215993 ], [ 2.013710006863352, 50.793051472119416 ], [ 2.013741135215548, 50.792936236552571 ], [ 2.0137559193668, 50.792908577160986 ], [ 2.013786916800183, 50.792793825496226 ], [ 2.013768298654394, 50.792712779837437 ], [ 2.013722643363394, 50.792619782113434 ], [ 2.013726792048765, 50.792409266047564 ], [ 2.013833371400624, 50.792209865844313 ], [ 2.014031947694421, 50.79204109996197 ], [ 2.014109932392231, 50.791992889372636 ], [ 2.014136758768975, 50.79196052331902 ], [ 2.014155670095943, 50.791890510693619 ], [ 2.014150968664147, 50.791890473486845 ], [ 2.014151692720495, 50.791853716404979 ], [ 2.014137656043501, 50.79179261484969 ], [ 2.014127647818188, 50.791696718050083 ], [ 2.014118603362932, 50.79165734727539 ], [ 2.014122750348973, 50.791446831319469 ], [ 2.014158013112657, 50.791316281596067 ], [ 2.014136163756978, 50.791221170350909 ], [ 2.014139242022425, 50.791064899519945 ], [ 2.014138919567519, 50.791064896967981 ], [ 2.014140350493191, 50.790992254856086 ], [ 2.014122351945999, 50.790913905754117 ], [ 2.014049758846281, 50.790766033478143 ], [ 2.014053905757489, 50.790555517171654 ], [ 2.014152978084564, 50.790370151289515 ], [ 2.014155461545291, 50.790360956804598 ], [ 2.014176478241161, 50.790321634254305 ], [ 2.014178163827883, 50.790315393775138 ], [ 2.014208263510478, 50.790259076622824 ], [ 2.014228585336544, 50.790183839020429 ], [ 2.014229334091694, 50.790181100899254 ], [ 2.014260473575199, 50.790068607564159 ], [ 2.014259615479138, 50.790064872175492 ], [ 2.014248603633347, 50.79005771564124 ], [ 2.014237592791231, 50.790050559775786 ], [ 2.014229693759484, 50.790049702551094 ], [ 2.014219609374316, 50.790050633323268 ], [ 2.014140173465005, 50.790075501947477 ], [ 2.014018585001668, 50.790130040005067 ], [ 2.013995103000695, 50.790137391352808 ], [ 2.013941894667249, 50.790170286283768 ], [ 2.013872685197517, 50.790319178970321 ], [ 2.013870331592198, 50.790322673480823 ], [ 2.01385559318639, 50.790342332943958 ], [ 2.013840640928585, 50.790397688967403 ], [ 2.013839209587288, 50.790470331021936 ], [ 2.013828382175678, 50.790470245304249 ], [ 2.013828028654165, 50.79048818776667 ], [ 2.013838856047791, 50.790488273484208 ], [ 2.013836734805481, 50.790595928247527 ], [ 2.013836412327334, 50.790595925694561 ], [ 2.013833333169653, 50.79075219642835 ], [ 2.013803141990977, 50.790863968846715 ], [ 2.013802032815177, 50.790920257982258 ], [ 2.013748636680665, 50.791066347266849 ], [ 2.01375310254607, 50.791066831921889 ], [ 2.013697049599153, 50.791274345304963 ], [ 2.01369253205199, 50.791273855041304 ], [ 2.013672194205094, 50.791363140182654 ], [ 2.013562946958021, 50.791524581024873 ], [ 2.01340670090788, 50.791650361661652 ], [ 2.013403799448288, 50.791653862226255 ], [ 2.013399661009307, 50.791669182585146 ], [ 2.013420418392498, 50.791759545428377 ], [ 2.013448943017924, 50.791817650528067 ], [ 2.013445135982883, 50.792010779858387 ], [ 2.013452735089722, 50.792043860628752 ], [ 2.013510387095135, 50.792117849308248 ], [ 2.013548972291727, 50.792152411036582 ], [ 2.013551086565732, 50.792155124418358 ], [ 2.013649774237118, 50.79235614982975 ], [ 2.013645625206147, 50.79256666587424 ], [ 2.013539044356101, 50.792766065772504 ], [ 2.013447743966411, 50.79287621571607 ], [ 2.0134438011827, 50.792883592109938 ], [ 2.013406993806055, 50.792927998432972 ], [ 2.013388166003491, 50.792997696300567 ], [ 2.013386164127382, 50.793099241249585 ], [ 2.013279581099815, 50.793298640799151 ], [ 2.013080997279424, 50.79346740515777 ], [ 2.012959695158031, 50.793542390431895 ], [ 2.012917346387203, 50.793578379719477 ], [ 2.012859523742738, 50.793604313082071 ], [ 2.0127677798366, 50.793661025915625 ], [ 2.012747617294464, 50.793685350148266 ], [ 2.012726756457372, 50.793762568876062 ], [ 2.012726368080723, 50.793782255749761 ], [ 2.012737959797632, 50.793832718576859 ], [ 2.012770548061229, 50.793874540675525 ], [ 2.012873719580489, 50.793966952183993 ], [ 2.012972408163122, 50.794167977600807 ], [ 2.012968256158753, 50.79437849307547 ], [ 2.012905604819091, 50.794495698510268 ], [ 2.012889767825262, 50.794554320625039 ], [ 2.012905421562463, 50.794622464711345 ], [ 2.012902516160455, 50.794769763543329 ], [ 2.012905080512404, 50.794769783861888 ], [ 2.012902585967602, 50.794896252557969 ], [ 2.012903287330857, 50.794899305721366 ], [ 2.012899134975067, 50.795109820958267 ], [ 2.01279254572513, 50.79530921947805 ], [ 2.012593952284366, 50.795477982541442 ], [ 2.012322794005094, 50.79559959009238 ], [ 2.012237579259819, 50.795616394544567 ], [ 2.01223550323845, 50.795617044357108 ], [ 2.012154115811187, 50.795633093990439 ], [ 2.012081663996762, 50.795655771932346 ], [ 2.011764483500063, 50.79571831921141 ], [ 2.011432330545253, 50.795715683982287 ], [ 2.01125873779141, 50.795696843365533 ], [ 2.011257569108355, 50.795696951191616 ], [ 2.010925416322121, 50.795694314610969 ], [ 2.010806285863192, 50.795668731998099 ], [ 2.01062399547721, 50.795648946427931 ], [ 2.010479695201893, 50.795647800366979 ], [ 2.010262331836658, 50.795667853375434 ], [ 2.010207697151855, 50.795678626403422 ], [ 2.009875544542444, 50.795675987023735 ], [ 2.009821353195322, 50.795664349232887 ], [ 2.00955731570239, 50.795635688690922 ], [ 2.009242708021969, 50.795568124174331 ], [ 2.008976441972992, 50.795442249277997 ], [ 2.00878458188874, 50.79527038586528 ], [ 2.008685907953967, 50.795069357470318 ], [ 2.008688595181101, 50.794933700187237 ], [ 2.00868312168052, 50.794933656632971 ], [ 2.008684916053697, 50.79484307270517 ], [ 2.008649757496443, 50.794689962994603 ], [ 2.008647118867869, 50.794684587240297 ], [ 2.008629765800552, 50.794609017109266 ], [ 2.008601928900942, 50.794552303976054 ], [ 2.008606099286043, 50.794341788703157 ], [ 2.008712703155153, 50.794142393470288 ], [ 2.008911304383825, 50.793973636249177 ], [ 2.00896959816033, 50.793947494564456 ], [ 2.009059580407774, 50.793891876423089 ], [ 2.009060933398751, 50.793886869594637 ], [ 2.009059779083348, 50.793881842821847 ], [ 2.009008283153556, 50.793848374275498 ], [ 2.008864469234998, 50.793800479892624 ], [ 2.008861559775229, 50.793799855024673 ], [ 2.008832497110785, 50.79379017624602 ], [ 2.008528490085232, 50.793638443180321 ], [ 2.008330468661008, 50.793427735689853 ], [ 2.008289160549773, 50.793275848846946 ], [ 2.008276005158293, 50.793277062343705 ], [ 2.008232943630847, 50.793089523236567 ], [ 2.008213486107314, 50.793049879729175 ], [ 2.0082046414288, 50.793011359608073 ], [ 2.00819095495454, 50.792983474183615 ], [ 2.008172722928928, 50.792904070184434 ], [ 2.008139237155845, 50.792860932672745 ], [ 2.007966199487004, 50.792705917878656 ], [ 2.007942482535705, 50.792675475343067 ], [ 2.007941806483008, 50.792674606000233 ], [ 2.007797514325783, 50.792488721031795 ], [ 2.007791480254773, 50.792483315372152 ], [ 2.007692815803653, 50.792282285333812 ], [ 2.007683502574791, 50.792241722045851 ], [ 2.007664045816062, 50.79220207840126 ], [ 2.007659933118534, 50.792184165691097 ], [ 2.007620439108966, 50.792103695378785 ], [ 2.007580812338167, 50.792032884670235 ], [ 2.007578306512396, 50.792017848550735 ], [ 2.007576335689751, 50.792013832914009 ], [ 2.007570122266224, 50.791986770239546 ], [ 2.007573081707235, 50.791986497260623 ], [ 2.007554596278265, 50.791875575657144 ], [ 2.007556424102493, 50.791783401916092 ], [ 2.007545499023545, 50.791735817203879 ], [ 2.007474702124791, 50.791712237596606 ], [ 2.007326078564541, 50.791680314156807 ], [ 2.007059838019208, 50.791554434416078 ], [ 2.007025835400128, 50.791523971725091 ], [ 2.00693366059751, 50.791464058745895 ], [ 2.006897510708823, 50.791460133593134 ], [ 2.00686360423164, 50.791463260970993 ], [ 2.006818816299273, 50.791517286152612 ], [ 2.006620217762233, 50.791686040671685 ], [ 2.006395320735224, 50.791786893363508 ], [ 2.006349085366085, 50.791815470892821 ], [ 2.006273518312656, 50.791906620996862 ], [ 2.006272532371606, 50.791908465041296 ], [ 2.006249910515284, 50.791935751783072 ], [ 2.006051308399537, 50.792104505287313 ], [ 2.005780152500988, 50.792226099225346 ], [ 2.005664754312624, 50.792248850877009 ], [ 2.005562587733901, 50.792280825445054 ], [ 2.005371579795193, 50.792366477457719 ], [ 2.005319810600827, 50.79239847414604 ], [ 2.005306592293207, 50.792447376923491 ], [ 2.005306557620619, 50.792449121420063 ], [ 2.005318141547542, 50.792499585040169 ], [ 2.005320583935778, 50.792502720310104 ], [ 2.00550140398234, 50.792664719092535 ], [ 2.005600060385018, 50.792865750748689 ], [ 2.005595877478796, 50.793076266395914 ], [ 2.005489263463014, 50.793275659286664 ], [ 2.005443175381049, 50.793331248247249 ], [ 2.005434194235666, 50.793364474770812 ], [ 2.005441538698168, 50.793396468826877 ], [ 2.005493031777745, 50.793429938870617 ], [ 2.005581763593381, 50.793459492578549 ], [ 2.005701076793572, 50.793485121229764 ], [ 2.005967324192072, 50.793611003502846 ], [ 2.006023665273034, 50.793647624044034 ], [ 2.006215509655212, 50.793819492134908 ], [ 2.006314171202662, 50.794020522870625 ], [ 2.006311736886603, 50.794143121396196 ], [ 2.006320473616813, 50.794143191084338 ], [ 2.006319743774989, 50.794179948029772 ], [ 2.006347471758106, 50.794300725229562 ], [ 2.006343291875726, 50.794511240440357 ], [ 2.006236677780363, 50.794710633533512 ], [ 2.006038064607567, 50.794879386300771 ], [ 2.005766893641452, 50.795000979693924 ], [ 2.005449709402764, 50.795063510958613 ], [ 2.005117561126923, 50.795060858890892 ], [ 2.004802963054277, 50.794993283102883 ], [ 2.004802367701373, 50.794993084812127 ], [ 2.004741435214588, 50.794964275895005 ], [ 2.004660806757607, 50.794937421333998 ], [ 2.004394555588791, 50.794811536524023 ], [ 2.004374362658585, 50.794798411331818 ], [ 2.004268571377202, 50.794763175360671 ], [ 2.004200540216216, 50.794755787558167 ], [ 2.00388594530032, 50.79468820942413 ], [ 2.003619697406843, 50.794562322910707 ], [ 2.003618445129106, 50.794561508923316 ], [ 2.003544538316033, 50.794495294466003 ], [ 2.003506995835901, 50.794470891549004 ], [ 2.003433089303158, 50.794404677015464 ], [ 2.003337176585621, 50.794342332601005 ], [ 2.003214142070578, 50.794315902488279 ], [ 2.003065546274749, 50.794299764317543 ], [ 2.002750955757377, 50.794232183270147 ], [ 2.002484713144489, 50.794106294242951 ], [ 2.002292880475064, 50.793934420482621 ], [ 2.002238229032324, 50.793864260234159 ], [ 2.002214688446433, 50.793848957952193 ], [ 2.002192663126466, 50.793846565709508 ], [ 2.00204950475129, 50.793859763716981 ], [ 2.001958941898671, 50.793877615297944 ], [ 2.001626801679142, 50.793874953919648 ], [ 2.00131221577492, 50.793807369195335 ], [ 2.001045979041001, 50.793681477011717 ], [ 2.000854152940836, 50.793509600924374 ], [ 2.000755514332379, 50.793308565708131 ], [ 2.000759717617791, 50.793098050298582 ], [ 2.000759820820834, 50.793097668623837 ], [ 2.000789937450036, 50.793041354611809 ], [ 2.000803255010843, 50.792992102190667 ], [ 2.000815194846007, 50.79296977624378 ], [ 2.000864840973988, 50.792786168493656 ], [ 2.000868368519364, 50.79276171860927 ], [ 2.000872508600131, 50.792746407149323 ], [ 2.000979139881292, 50.792547018048488 ], [ 2.001075572534122, 50.792430720018857 ], [ 2.001089425334211, 50.792379486330667 ], [ 2.001089818277378, 50.792359799451255 ], [ 2.001066042577711, 50.792256184854885 ], [ 2.001053196431647, 50.792239692051631 ], [ 2.00095905375693, 50.792178491648407 ], [ 2.000767233715782, 50.792006615032335 ], [ 2.000668598418521, 50.791805579285359 ], [ 2.000657606169245, 50.791757672708705 ], [ 2.000652718607417, 50.791751275673299 ], [ 2.00065169301428, 50.791749929526269 ], [ 2.000630446386219, 50.791721962861182 ], [ 2.000606377471933, 50.791672043382654 ], [ 2.000556200846587, 50.791607621208165 ], [ 2.000503659006292, 50.791573463867728 ], [ 2.000194461427269, 50.791507030367541 ], [ 1.99992823974127, 50.791381135352545 ], [ 1.999907098939072, 50.791367391484137 ], [ 1.999907098938708, 50.791367391483952 ], [ 1.999885823003987, 50.791353559752871 ], [ 1.999684683926729, 50.791286551894949 ], [ 1.999681774727748, 50.791285926810211 ], [ 1.999631181481136, 50.791269071996837 ], [ 1.999622453889315, 50.791267196738588 ], [ 1.999542936736505, 50.791240706039147 ], [ 1.999357291519166, 50.791200497089335 ], [ 1.999210365093623, 50.791150968245709 ], [ 1.999202934802525, 50.79115016098644 ], [ 1.999197391848758, 50.791150671897512 ], [ 1.999179358988847, 50.791172418964393 ], [ 1.999172108514577, 50.791199231190468 ], [ 1.99917014132052, 50.791206280464394 ], [ 1.999146707758295, 50.791287724307757 ], [ 1.999135095441934, 50.791309063123798 ], [ 1.999118573808109, 50.791370159633104 ], [ 1.999106633597735, 50.791392485471967 ], [ 1.999102525277364, 50.791407677872733 ], [ 1.998995888947504, 50.791607065714501 ], [ 1.998987281700245, 50.791617445622919 ], [ 1.998788656360939, 50.791786187630379 ], [ 1.998517484543824, 50.791907765819218 ], [ 1.99820031085302, 50.79197027892338 ], [ 1.997868183491324, 50.791967607516767 ], [ 1.997553614651579, 50.791900013104545 ], [ 1.997378935424378, 50.791841816671393 ], [ 1.997381791407405, 50.791838372686655 ], [ 1.997339950618607, 50.791828797263477 ], [ 1.99705444482026, 50.791676395540748 ], [ 1.996869808008664, 50.791470777765142 ], [ 1.99682995446125, 50.791318140005892 ], [ 1.996820298023488, 50.791319029878231 ], [ 1.996816174275391, 50.791301051371995 ], [ 1.996816838646943, 50.791267906659748 ], [ 1.996808863596148, 50.791237362298723 ], [ 1.996809338567609, 50.79121366667826 ], [ 1.996817924476187, 50.791213735822737 ], [ 1.996818643769125, 50.791177851015355 ], [ 1.996810057866701, 50.791177781870935 ], [ 1.996810434999773, 50.791158967217704 ], [ 1.996799173126888, 50.791109868035662 ], [ 1.996686207038772, 50.791036421153564 ], [ 1.996686207038409, 50.791036421153386 ], [ 1.99666536607048, 50.791022870997168 ], [ 1.996643342259108, 50.791020477763013 ], [ 1.996559358490929, 50.791028217036782 ], [ 1.996356016775723, 50.791068291879967 ], [ 1.996023895497923, 50.791065615552739 ], [ 1.995938881810249, 50.791047346188741 ], [ 1.995900154159236, 50.791043137586172 ], [ 1.995838122004345, 50.791029806864564 ], [ 1.995545341523684, 50.79099798931761 ], [ 1.995513208847474, 50.790997730212581 ], [ 1.995492761878264, 50.790993336084227 ], [ 1.995415419495546, 50.790984930842647 ], [ 1.99510086014453, 50.790917330135507 ], [ 1.99497850662692, 50.790876562730396 ], [ 1.994739271530751, 50.790825148695461 ], [ 1.994736223975174, 50.790824133258553 ], [ 1.994680633396509, 50.790812186199283 ], [ 1.994521592796362, 50.790736964693849 ], [ 1.994323819024681, 50.79067106622157 ], [ 1.994272745475653, 50.790646909688391 ], [ 1.99424396204677, 50.790637318952029 ], [ 1.99397775995519, 50.790511411053863 ], [ 1.993956486022978, 50.790497578292062 ], [ 1.993837622023347, 50.790457971823329 ], [ 1.993782032064838, 50.790446024356172 ], [ 1.993515832152562, 50.790320115434056 ], [ 1.993423352359362, 50.790259982076314 ], [ 1.993364777468155, 50.790240464040259 ], [ 1.993181768828048, 50.790201130509317 ], [ 1.992915571742514, 50.790075220274439 ], [ 1.992911860599514, 50.790072807124091 ], [ 1.992889501665536, 50.790058268341056 ], [ 1.992838447387408, 50.790041255935904 ], [ 1.992757621315668, 50.790032470147906 ], [ 1.992671326328428, 50.790031772335048 ], [ 1.992671487156128, 50.790023781634815 ], [ 1.992502508703307, 50.790022415039857 ], [ 1.992187959336513, 50.789954806878036 ], [ 1.99207043163114, 50.789899215101414 ], [ 1.991880339320449, 50.78983587019566 ], [ 1.991799627281007, 50.789818521801593 ], [ 1.991764901299299, 50.789806949899045 ], [ 1.991713829867075, 50.789782792284875 ], [ 1.991486583544818, 50.789707065387582 ], [ 1.991427094296353, 50.789694278420413 ], [ 1.991333564594661, 50.789684110577028 ], [ 1.991128724676367, 50.789702978512238 ], [ 1.991125311247223, 50.789688088764038 ], [ 1.990953299407852, 50.789712796285222 ], [ 1.990931366916886, 50.789712618617784 ], [ 1.990765477961908, 50.789702989338998 ], [ 1.990696344233906, 50.789695473272374 ], [ 1.990692918859093, 50.78969578877075 ], [ 1.990360806992368, 50.789693097339949 ], [ 1.99004626258763, 50.789625483736302 ], [ 1.989780076437224, 50.789499566673577 ], [ 1.989588305052735, 50.789327672142711 ], [ 1.989533738447635, 50.789257585460298 ], [ 1.989508684653705, 50.789241292677353 ], [ 1.989364902636101, 50.78919337544901 ], [ 1.989361993687667, 50.789192750121273 ], [ 1.989314584455844, 50.789176950318968 ], [ 1.98920013669775, 50.78912281037551 ], [ 1.988971520832274, 50.789046620124005 ], [ 1.988968611897302, 50.789045994786953 ], [ 1.988952082759247, 50.789040486135285 ], [ 1.988871373017361, 50.789023135822895 ], [ 1.988833469861607, 50.789010503821601 ], [ 1.988824743068257, 50.789008627800435 ], [ 1.988661970606658, 50.788954380327809 ], [ 1.988659061680917, 50.788953754983453 ], [ 1.988642532607391, 50.788948246289941 ], [ 1.988561823121545, 50.788930895774548 ], [ 1.988557978185351, 50.788929614357066 ], [ 1.988477268758871, 50.788912263786408 ], [ 1.988436613119089, 50.788898714266352 ], [ 1.988433704199383, 50.788898088916667 ], [ 1.988431061051854, 50.788897208020103 ], [ 1.988376962525292, 50.78889132540538 ], [ 1.988298925548459, 50.788898511713739 ], [ 1.9881112870546, 50.788935479809084 ], [ 1.987942879382968, 50.788950987774143 ], [ 1.987710502292876, 50.788949099524856 ], [ 1.987710469420342, 50.788950724824417 ], [ 1.987678779754439, 50.78895046728698 ], [ 1.987665922312322, 50.788948737227372 ], [ 1.98761077260638, 50.78894828900858 ], [ 1.987544583610376, 50.788941091245249 ], [ 1.987546850524628, 50.788932715208595 ], [ 1.987273602074806, 50.788895947071474 ], [ 1.987167591833348, 50.788849789241617 ], [ 1.987163809577632, 50.788854220383172 ], [ 1.987024294733203, 50.788787396088168 ], [ 1.98696358384261, 50.78876096179178 ], [ 1.986939214197835, 50.788752839589499 ], [ 1.986638940066773, 50.78868828300449 ], [ 1.986372767472387, 50.788562358480789 ], [ 1.986181011380295, 50.788390458458608 ], [ 1.986146803479156, 50.788320686182608 ], [ 1.986100054239213, 50.788260632433612 ], [ 1.985991176798011, 50.788189820331496 ], [ 1.985847401167848, 50.788141898966089 ], [ 1.985844492324455, 50.788141273555226 ], [ 1.985816077735398, 50.788131802753476 ], [ 1.985760492276861, 50.788119851664689 ], [ 1.985538099083579, 50.788014635247144 ], [ 1.985475258632593, 50.787993689772001 ], [ 1.985353448438237, 50.787980440996492 ], [ 1.985259358149889, 50.787979674517885 ], [ 1.985011940500158, 50.787959064454718 ], [ 1.984778949568957, 50.787902410578859 ], [ 1.984558566540689, 50.787828952164297 ], [ 1.98444166546772, 50.787773643115848 ], [ 1.984251248058913, 50.787710172090421 ], [ 1.984170542091694, 50.787692818697089 ], [ 1.984135819348679, 50.787681244630349 ], [ 1.984084753767557, 50.787657083810053 ], [ 1.983968156347617, 50.78761821841821 ], [ 1.983825672235731, 50.787602719116499 ], [ 1.983787102112796, 50.787600477954385 ], [ 1.983608756451064, 50.787581077361956 ], [ 1.983612868517367, 50.78756588775726 ], [ 1.983286435572969, 50.787513382833431 ], [ 1.983032470769805, 50.787428726242851 ], [ 1.982766313946567, 50.787302793770948 ], [ 1.982574575065428, 50.78713088786666 ], [ 1.982476022446287, 50.786929836223401 ], [ 1.982467075323761, 50.78689077547989 ], [ 1.982462190562036, 50.786884377683407 ], [ 1.982435482904049, 50.78684939740527 ], [ 1.982381657209089, 50.786779568308503 ], [ 1.982309130755234, 50.786685709548635 ], [ 1.982293291942566, 50.786675406925056 ], [ 1.982101556874658, 50.786503499852415 ], [ 1.982077858620619, 50.786473052105357 ], [ 1.98207707569882, 50.786472044079069 ], [ 1.981950238275913, 50.786308393309945 ], [ 1.981852255633801, 50.786107395787241 ], [ 1.981856970048191, 50.785897041013719 ], [ 1.981963919484826, 50.785697888962119 ], [ 1.982162649762451, 50.785529404443196 ], [ 1.982433736717599, 50.785408054708789 ], [ 1.982750684848578, 50.785345700083795 ], [ 1.983082516814679, 50.785348434874678 ], [ 1.983195752113861, 50.785360753821919 ], [ 1.983226807626311, 50.78536100734312 ], [ 1.983306416069355, 50.785353679072635 ], [ 1.983418970045516, 50.78531847336761 ], [ 1.983481028706251, 50.785290657202715 ], [ 1.983505599209506, 50.785282971766428 ], [ 1.983680091035394, 50.785248598182477 ], [ 1.983786779289215, 50.785215226744356 ], [ 1.983867051825538, 50.785165632531715 ], [ 1.983895719580163, 50.785147920898993 ], [ 1.983923273794266, 50.78513089721978 ], [ 1.98402774374819, 50.78508407044707 ], [ 1.984098795165766, 50.785040172868911 ], [ 1.984112710744969, 50.785023396683577 ], [ 1.984197793242264, 50.784864386234979 ], [ 1.984256120415817, 50.784794068257717 ], [ 1.984454766996638, 50.784625347621933 ], [ 1.984472710485707, 50.784614261408244 ], [ 1.984501377702744, 50.784596549625569 ], [ 1.984616046361423, 50.784525702427977 ], [ 1.984644713481509, 50.784507990607331 ], [ 1.984762147777529, 50.784435434275217 ], [ 1.9848304560231, 50.784353081121992 ], [ 1.984841377118101, 50.784332669874367 ], [ 1.985040019876724, 50.784163948192706 ], [ 1.985311182450037, 50.784042397904209 ], [ 1.985628321976644, 50.783979916850924 ], [ 1.985868295619365, 50.783981871029255 ], [ 1.98598139442782, 50.783971457066812 ], [ 1.986020262943402, 50.783959298019447 ], [ 1.986137693814394, 50.783886740418687 ], [ 1.98616636000872, 50.783869028243558 ], [ 1.986184422327559, 50.783857867946544 ], [ 1.986201917358211, 50.783843007536866 ], [ 1.986225799755204, 50.783832301743423 ], [ 1.98633262628765, 50.783766295787999 ], [ 1.986347572651954, 50.783748275181416 ], [ 1.986431239054081, 50.783591892435503 ], [ 1.986475914626238, 50.783553944170407 ], [ 1.986488459810339, 50.783538818496645 ], [ 1.986533917819935, 50.783500205505625 ], [ 1.986592328708107, 50.783429779450991 ], [ 1.986594925728439, 50.78342057362665 ], [ 1.98661293390945, 50.783359240087449 ], [ 1.986721654596838, 50.783163620027452 ], [ 1.986919180870653, 50.782998281737498 ], [ 1.987114159747964, 50.782911310296498 ], [ 1.987198664937, 50.782859094061266 ], [ 1.987211898458884, 50.782810192397768 ], [ 1.987212279134689, 50.7827913776174 ], [ 1.987214139620337, 50.782791392746496 ], [ 1.987215095665008, 50.782744139822441 ], [ 1.987197971037545, 50.782669403355548 ], [ 1.987190823322623, 50.782585754083506 ], [ 1.987185941150097, 50.78256444670113 ], [ 1.987190200328611, 50.782353930006003 ], [ 1.987200751402814, 50.782314939807414 ], [ 1.987215547431301, 50.782287282493897 ], [ 1.987225929849062, 50.782248915789111 ], [ 1.987246964194188, 50.782209597479557 ], [ 1.987278775971238, 50.782092041241484 ], [ 1.987268694117583, 50.782048040791949 ], [ 1.987257756800169, 50.781942675282806 ], [ 1.98725789202163, 50.781935991579573 ], [ 1.987273088391703, 50.7818308385596 ], [ 1.987282524164124, 50.781795969623118 ], [ 1.987265495816844, 50.781721651995419 ], [ 1.9872697549057, 50.781511133071483 ], [ 1.987283177284762, 50.781461531795422 ], [ 1.987283927353424, 50.781458793910062 ], [ 1.987320021798173, 50.781328636901328 ], [ 1.98730325169962, 50.78125544582894 ], [ 1.987251296106399, 50.78114946337633 ], [ 1.987254014604802, 50.781015104326087 ], [ 1.987248217743707, 50.781015057187126 ], [ 1.987248598390853, 50.780996242422283 ], [ 1.987228516844086, 50.780908597941675 ], [ 1.987164698704971, 50.780778415801684 ], [ 1.987168958070934, 50.780567897153531 ], [ 1.987201027100732, 50.78044938665078 ], [ 1.987191252581284, 50.780406725688557 ], [ 1.987165033819911, 50.780372918051654 ], [ 1.987140856790416, 50.780357191491539 ], [ 1.986949129462337, 50.780185290464253 ], [ 1.986850572957603, 50.779984240109357 ], [ 1.986854833645342, 50.779773720851523 ], [ 1.986878855580787, 50.779684949139522 ], [ 1.986878890886266, 50.77968320463453 ], [ 1.986854898237898, 50.779578483728635 ], [ 1.9868341503142, 50.779551154280689 ], [ 1.986740157408683, 50.779356037650004 ], [ 1.986735263231023, 50.779334675488954 ], [ 1.98672923867672, 50.77932235999149 ], [ 1.986705346740108, 50.779217210018977 ], [ 1.986652016812698, 50.779148441155883 ], [ 1.986574337725535, 50.77909791078946 ], [ 1.986546400889346, 50.779079737796565 ], [ 1.986538120627137, 50.779074351458171 ], [ 1.986521719351631, 50.779063682368125 ], [ 1.986329999208534, 50.778891780184146 ], [ 1.98631841209172, 50.778876892545114 ], [ 1.986315720813548, 50.778875141842065 ], [ 1.98612400202188, 50.778703239191437 ], [ 1.986025451738745, 50.778502187771942 ], [ 1.986029715720753, 50.778291668105183 ], [ 1.986136375327722, 50.778092287313513 ], [ 1.986206375999356, 50.778007878672675 ], [ 1.986404989081134, 50.777839153180722 ], [ 1.98651056987896, 50.777773908238437 ], [ 1.986524071031021, 50.777757627923471 ], [ 1.986561544466465, 50.77761914413756 ], [ 1.986562593847827, 50.777567306264828 ], [ 1.98666924978946, 50.777367924796749 ], [ 1.986733052008867, 50.777290987966737 ], [ 1.986816706425649, 50.777134603409735 ], [ 1.986908664428388, 50.77705648084288 ], [ 1.986992935752766, 50.776954859558977 ], [ 1.987021122734284, 50.776850688604462 ], [ 1.987022841744715, 50.776765732063495 ], [ 1.987038037044984, 50.776660578221936 ], [ 1.987054504155244, 50.77659971999342 ], [ 1.98705453945284, 50.776597975459765 ], [ 1.987032051250315, 50.776499816074804 ], [ 1.987004850243112, 50.776441915345593 ], [ 1.986990753357753, 50.776423802464649 ], [ 1.986894826392444, 50.776361398683299 ], [ 1.986703115223578, 50.776189496246872 ], [ 1.986604567568075, 50.775988444492796 ], [ 1.986608828927348, 50.775777923979398 ], [ 1.986715480917988, 50.775578541915955 ], [ 1.986781158001116, 50.775499341115172 ], [ 1.986790148305613, 50.775466115082615 ], [ 1.986782505587914, 50.775432753613018 ], [ 1.986732910926791, 50.775369028259512 ], [ 1.986673743496521, 50.775315973186501 ], [ 1.986575197594769, 50.775114921511538 ], [ 1.98657945857496, 50.774904401053028 ], [ 1.986686108092176, 50.774705018948865 ], [ 1.986695828826662, 50.774693296347088 ], [ 1.986741278855984, 50.774654682510125 ], [ 1.986799572658863, 50.774584383824752 ], [ 1.986998170078677, 50.774415656533357 ], [ 1.987053347571549, 50.774390916486986 ], [ 1.987114830093664, 50.774352919204006 ], [ 1.987118636146679, 50.774350566993157 ], [ 1.987389740523334, 50.774229010370519 ], [ 1.987655851557799, 50.774176566801458 ], [ 1.987776314420996, 50.774139009705976 ], [ 1.9878014493468, 50.774123475520788 ], [ 1.987871063545918, 50.774039521405228 ], [ 1.987909906066709, 50.773982152084933 ], [ 1.987968350995098, 50.773935116831566 ], [ 1.988079818074806, 50.773800687301467 ], [ 1.988080804486595, 50.773798843112452 ], [ 1.98810884007029, 50.773765031933571 ], [ 1.988109826344609, 50.773763188081126 ], [ 1.988133308828118, 50.773734867869301 ], [ 1.988149878933323, 50.773673620194373 ], [ 1.988127601411217, 50.773576384011079 ], [ 1.988113931468375, 50.77354849563477 ], [ 1.98808938528097, 50.773441356353068 ], [ 1.988000532075412, 50.773327186590897 ], [ 1.987901166692294, 50.773122494140694 ], [ 1.987874479280763, 50.773001355854213 ], [ 1.987879553525319, 50.772794473603035 ], [ 1.987883284111326, 50.772780684491515 ], [ 1.987953361529254, 50.772630050172303 ], [ 1.98795571596651, 50.772626556235657 ], [ 1.987992278858209, 50.772577807758182 ], [ 1.98799366801677, 50.772576132385602 ], [ 1.988014820998302, 50.772497943793908 ], [ 1.988015581596388, 50.772460313290331 ], [ 1.988011112638801, 50.77244080651392 ], [ 1.988015101937561, 50.77224343475249 ], [ 1.988008321918501, 50.77221384024169 ], [ 1.987944530717433, 50.772172339217967 ], [ 1.987752832098908, 50.772000437449002 ], [ 1.987654288432812, 50.771799385421936 ], [ 1.987658544815318, 50.771588863691292 ], [ 1.987665833320803, 50.771561922947342 ], [ 1.987665850960974, 50.771561050485907 ], [ 1.987674554326075, 50.771561121245085 ], [ 1.987677035234274, 50.771438401561831 ], [ 1.987783673904249, 50.771239016535439 ], [ 1.987859737103445, 50.771147279379328 ], [ 1.98786630379167, 50.771123006192617 ], [ 1.987855730927655, 50.771076854310756 ], [ 1.987859986602178, 50.770866332300521 ], [ 1.987966623027944, 50.770666947775553 ], [ 1.987997973457559, 50.770629136472579 ], [ 1.988026417547423, 50.770523992978617 ], [ 1.988026857070293, 50.770502246470045 ], [ 1.988059349949812, 50.770345404741001 ], [ 1.988148683142305, 50.770197706588014 ], [ 1.988207629629046, 50.770126610934568 ], [ 1.988245728185524, 50.770094238426374 ], [ 1.988357860042853, 50.769958994789341 ], [ 1.988371980837646, 50.769906795191865 ], [ 1.988364315005331, 50.769873333606732 ], [ 1.988368568362257, 50.769662810970786 ], [ 1.988475200340361, 50.769463425440762 ], [ 1.988488381257904, 50.769447527483663 ], [ 1.988492525415046, 50.769432207726702 ], [ 1.988476824290318, 50.769363671866579 ], [ 1.988433489584146, 50.769307985848428 ], [ 1.988334948482377, 50.769106933116575 ], [ 1.988333206890293, 50.769099330824695 ], [ 1.988312290374498, 50.769056654802668 ], [ 1.988316543942603, 50.768846132034305 ], [ 1.98842317432555, 50.768646746421489 ], [ 1.988621742805324, 50.768478014993391 ], [ 1.98870902618752, 50.768424063297289 ], [ 1.988751999805501, 50.768372229733586 ], [ 1.988836619102811, 50.768213997777146 ], [ 1.988973999807614, 50.768097257799241 ], [ 1.989077150419055, 50.76797283834685 ], [ 1.989088848101883, 50.767929591937907 ], [ 1.989079311712064, 50.767887966088153 ], [ 1.989005289063498, 50.767736938344719 ], [ 1.9890095395085, 50.767526415182324 ], [ 1.989035869627151, 50.767429071846536 ], [ 1.98903754080994, 50.767429253643911 ], [ 1.989040310007115, 50.767412240155174 ], [ 1.989066701232372, 50.767326560519443 ], [ 1.989177585437634, 50.767132175756323 ], [ 1.989376275317349, 50.766968306589945 ], [ 1.989644022106013, 50.766850415447841 ], [ 1.989955561518665, 50.766789626262138 ], [ 1.990043427534375, 50.766781529768217 ], [ 1.990149555356091, 50.766583060805843 ], [ 1.990188455348563, 50.766536136824321 ], [ 1.990208101005014, 50.766463498293312 ], [ 1.990216777106039, 50.766403418411798 ], [ 1.990247354500897, 50.766290359830471 ], [ 1.990258075235276, 50.766291525994163 ], [ 1.990302668716916, 50.766143900582598 ], [ 1.990308492847299, 50.766134256746298 ], [ 1.990360189695584, 50.766061795409897 ], [ 1.990435068841933, 50.765971469084541 ], [ 1.990482590209837, 50.765882596894379 ], [ 1.990484731268325, 50.765874680193122 ], [ 1.990490433352368, 50.765855303980068 ], [ 1.99049981464493, 50.765825826008687 ], [ 1.990527675682747, 50.765776126767612 ], [ 1.990531305789684, 50.765762704135838 ], [ 1.990637920788171, 50.765563315687594 ], [ 1.99069890710796, 50.765489746819455 ], [ 1.990706421135262, 50.765461962518017 ], [ 1.990727445681906, 50.765422642583964 ], [ 1.990763845843381, 50.765288046455723 ], [ 1.990763863423582, 50.765287174173366 ], [ 1.990764185726097, 50.765287176786046 ], [ 1.990767335350895, 50.765130900306204 ], [ 1.990777842883132, 50.765092046537241 ], [ 1.990884455472254, 50.764892657674643 ], [ 1.990929110831986, 50.76485470686454 ], [ 1.99099655597895, 50.764773344617609 ], [ 1.991003807004503, 50.764746531787807 ], [ 1.991024831017292, 50.764707211760786 ], [ 1.991040571912832, 50.764649004858136 ], [ 1.99105250934273, 50.764626678882664 ], [ 1.991070671436637, 50.764559518568831 ], [ 1.991082608831786, 50.764537192587412 ], [ 1.991107797577966, 50.764444048473372 ], [ 1.991109278886633, 50.764438700407268 ], [ 1.991139739649523, 50.764331270951246 ], [ 1.991143960003335, 50.76431724273035 ], [ 1.991153340623087, 50.764287764640834 ], [ 1.991254248419818, 50.764107751513407 ], [ 1.991273442167827, 50.764084596622688 ], [ 1.991277385949675, 50.764077220607049 ], [ 1.991391669528245, 50.76393935099869 ], [ 1.991392655466599, 50.763937506993464 ], [ 1.991420683846158, 50.763903693932875 ], [ 1.99142166978275, 50.763901849927315 ], [ 1.991449698122817, 50.763868036858312 ], [ 1.991450684057626, 50.76386619285244 ], [ 1.991475819486025, 50.763835869711194 ], [ 1.991480749151398, 50.763826649680148 ], [ 1.991602993799384, 50.763679174234554 ], [ 1.991632320599687, 50.763624323326553 ], [ 1.991709016402167, 50.763531797108698 ], [ 1.991712960076328, 50.763524421073072 ], [ 1.99182507157777, 50.763389168409049 ], [ 1.991829015223601, 50.763381792368158 ], [ 1.991898522265999, 50.763297937781061 ], [ 1.991960545517477, 50.763181931059812 ], [ 1.992159080413837, 50.763013192585888 ], [ 1.992271766150751, 50.762943524701654 ], [ 1.992307347011141, 50.7629005983434 ], [ 1.992321885628698, 50.762846829917351 ], [ 1.992333822057819, 50.762824503757912 ], [ 1.992344955936959, 50.762783326996789 ], [ 1.99236597807261, 50.762744006626043 ], [ 1.992381716792337, 50.76268579938025 ], [ 1.992393653156402, 50.762663473209606 ], [ 1.992397761153989, 50.762648280364822 ], [ 1.99242786887487, 50.762591965761736 ], [ 1.992447878410051, 50.762517962944216 ], [ 1.992554478870546, 50.762318571871987 ], [ 1.992684774913973, 50.762207827235692 ], [ 1.992739365293582, 50.762141965021272 ], [ 1.992937893443194, 50.761973225038908 ], [ 1.992991736655082, 50.761949072948084 ], [ 1.993085200058715, 50.761891286740187 ], [ 1.9931472697321, 50.76181639945839 ], [ 1.993168438517581, 50.761776986056617 ], [ 1.993369873843892, 50.761607279082952 ], [ 1.993489910612954, 50.761533897426801 ], [ 1.993515301651965, 50.761503262463279 ], [ 1.993524547654367, 50.761469063656378 ], [ 1.993515155180007, 50.76142807650708 ], [ 1.993519386224955, 50.761217551117149 ], [ 1.993625979651608, 50.761018158733762 ], [ 1.993824500359311, 50.760849417049627 ], [ 1.993840907341361, 50.76083927256277 ], [ 1.993869105617282, 50.760805249715617 ], [ 1.993882694389667, 50.760754985892461 ], [ 1.993882711913957, 50.760754113603667 ], [ 1.993895310825347, 50.760754215428328 ], [ 1.993897462727677, 50.760647100785242 ], [ 1.994004053435022, 50.760447707905413 ], [ 1.99420257060781, 50.760278965472246 ], [ 1.994306232538675, 50.760214869477828 ], [ 1.994351536756417, 50.760176359877192 ], [ 1.994436240344722, 50.760074156885977 ], [ 1.994476163186386, 50.760040221360555 ], [ 1.994509784269809, 50.759999654088176 ], [ 1.994708297962712, 50.759830910733861 ], [ 1.994979305348484, 50.759709334897309 ], [ 1.995296278752868, 50.759646826922697 ], [ 1.995308247567677, 50.75964572335559 ], [ 1.995334690779829, 50.759547898711297 ], [ 1.995343171990342, 50.75954882104444 ], [ 1.995363123313441, 50.759465184496392 ], [ 1.995483010670279, 50.759297190379002 ], [ 1.995670288533244, 50.759156144359295 ], [ 1.99591089415164, 50.759052637270813 ], [ 1.996003410810099, 50.759023671027926 ], [ 1.996029096600782, 50.759007787922869 ], [ 1.99604127498367, 50.758993092440853 ], [ 1.996130295816243, 50.758917417208337 ], [ 1.996200237926616, 50.758833018490542 ], [ 1.996201775004272, 50.758827331715167 ], [ 1.996308352665166, 50.758627936311825 ], [ 1.996375985802275, 50.758546322868931 ], [ 1.996390838919269, 50.758491369186956 ], [ 1.99640464620484, 50.758395658140486 ], [ 1.996421095928302, 50.758334796983853 ], [ 1.996421113407536, 50.758333924691492 ], [ 1.99642436447347, 50.758333950901857 ], [ 1.996427260967288, 50.758189401935709 ], [ 1.996533836373054, 50.757990006146336 ], [ 1.9967323352816, 50.757821259049948 ], [ 1.996880235767385, 50.757754903519093 ], [ 1.996931924004952, 50.75772293990358 ], [ 1.996944101810491, 50.757708244304673 ], [ 1.997080381099917, 50.757592389305366 ], [ 1.997158911243423, 50.757497621971261 ], [ 1.997189213936824, 50.757440925170641 ], [ 1.997219347469466, 50.757404560924236 ], [ 1.997220529545518, 50.757400273198371 ], [ 1.997256991130436, 50.757270572809794 ], [ 1.99736454880096, 50.757072955910694 ], [ 1.997562526678025, 50.756905813326327 ], [ 1.997677118152868, 50.75685452116565 ], [ 1.997740745203529, 50.756815173113779 ], [ 1.997753961494646, 50.756766268485897 ], [ 1.997754355469489, 50.756746580549425 ], [ 1.99774344734581, 50.756698992439354 ], [ 1.997696485152013, 50.756683334719959 ], [ 1.997541494676202, 50.756666481360007 ], [ 1.997500122633357, 50.756666148168136 ], [ 1.997490851923285, 50.756673870388902 ], [ 1.997486262626671, 50.756676708481969 ], [ 1.99745761598183, 50.756694424005453 ], [ 1.997428969318074, 50.756712139521021 ], [ 1.997401435322316, 50.756729166927968 ], [ 1.997130449942193, 50.756850748586103 ], [ 1.997092285889893, 50.756862698452736 ], [ 1.99707951128647, 50.756868225609061 ], [ 1.996981189875303, 50.756922486444012 ], [ 1.996967620822868, 50.75693251942274 ], [ 1.996897323400892, 50.75700572246317 ], [ 1.996846275299815, 50.757093450790499 ], [ 1.996839990330198, 50.757101035272761 ], [ 1.996754009523681, 50.757261905138833 ], [ 1.996665612491539, 50.757368578659104 ], [ 1.996467115152171, 50.757537325765036 ], [ 1.996448645294711, 50.757548747303659 ], [ 1.996391195699977, 50.757618073845819 ], [ 1.996192696447333, 50.757786820450271 ], [ 1.996035775110332, 50.757857221824537 ], [ 1.995961000554652, 50.757903460640811 ], [ 1.995935398079225, 50.757998182906917 ], [ 1.995934422207467, 50.758046860036174 ], [ 1.995827844294439, 50.758246255295155 ], [ 1.995629340654228, 50.758415000840486 ], [ 1.995598717740457, 50.758428739179102 ], [ 1.99558477841205, 50.758437358738888 ], [ 1.995480374845772, 50.758484197103762 ], [ 1.995409371076932, 50.758528102948631 ], [ 1.995336003564521, 50.758616633496523 ], [ 1.99533206081037, 50.758624009701862 ], [ 1.995279432860335, 50.758687514148988 ], [ 1.995194430016148, 50.758846538500329 ], [ 1.995062006909626, 50.75900632738356 ], [ 1.995034657985922, 50.759057491388539 ], [ 1.995034060005127, 50.759058212940396 ], [ 1.995004772503125, 50.759113003482604 ], [ 1.994806262651899, 50.759281747494427 ], [ 1.994535257156288, 50.759403323033091 ], [ 1.994218284339714, 50.759465829091795 ], [ 1.993886372741251, 50.759463146934046 ], [ 1.993572013432239, 50.759395539117456 ], [ 1.993305979085938, 50.759269623789287 ], [ 1.993114311354387, 50.759097726770932 ], [ 1.993070361025975, 50.759008054592151 ], [ 1.99301410516579, 50.758935118754394 ], [ 1.99293093052641, 50.758783929257973 ], [ 1.992916102451317, 50.758687487103749 ], [ 1.992894683810615, 50.758594009075445 ], [ 1.992816562407163, 50.758493056967168 ], [ 1.99271882771725, 50.758292353834726 ], [ 1.992723413905617, 50.758082314709888 ], [ 1.992782735962635, 50.757971476712257 ], [ 1.992808842385455, 50.75787491305254 ], [ 1.992809599157006, 50.757837281811859 ], [ 1.99277863459949, 50.757702138294718 ], [ 1.992759203040801, 50.757662490269261 ], [ 1.992747670805463, 50.75761215788485 ], [ 1.992745035884362, 50.757606781575412 ], [ 1.992742630849091, 50.757596284938998 ], [ 1.992731687106903, 50.757490914906668 ], [ 1.992732313164207, 50.757459785698096 ], [ 1.992718312257934, 50.757398678531409 ], [ 1.99270736885871, 50.757293309550519 ], [ 1.992707994930741, 50.757262180229198 ], [ 1.992673347499883, 50.757110959696647 ], [ 1.992677581738391, 50.756900432972472 ], [ 1.992784169331998, 50.756701040021447 ], [ 1.992955823770528, 50.756555124345908 ], [ 1.992986557270265, 50.756518040217323 ], [ 1.99300743301046, 50.756440820444574 ], [ 1.993008172071771, 50.756404061483501 ], [ 1.99302076960559, 50.756404163395061 ], [ 1.993022924700049, 50.756297043572189 ], [ 1.99312951008521, 50.756097652580451 ], [ 1.99332801130507, 50.755928912429226 ], [ 1.993402496177562, 50.755882853865408 ], [ 1.993406270140296, 50.755868893325079 ], [ 1.993382997011614, 50.755767320244509 ], [ 1.993364980208119, 50.75573055808853 ], [ 1.993369211693284, 50.755520031289571 ], [ 1.993475793480437, 50.755320637712948 ], [ 1.993576348759672, 50.755199298691117 ], [ 1.99357733453727, 50.755197454572148 ], [ 1.993594141030272, 50.755177174259011 ], [ 1.993594890272551, 50.755174402580579 ], [ 1.993701470757564, 50.754975007649861 ], [ 1.993722828685742, 50.754949234953777 ], [ 1.993723814519396, 50.754947390665599 ], [ 1.993732498293383, 50.75493691189682 ], [ 1.993759846100938, 50.754885748244945 ], [ 1.993761864280295, 50.754883312891955 ], [ 1.993789211523171, 50.754832149608063 ], [ 1.993790965261271, 50.754830033327387 ], [ 1.993989461497029, 50.754661287931192 ], [ 1.994260444643173, 50.75453971149836 ], [ 1.994366278086769, 50.754506574403983 ], [ 1.99443790579512, 50.754420138144063 ], [ 1.994442834005147, 50.754410917867169 ], [ 1.994462237866073, 50.75438750228377 ], [ 1.994649446804718, 50.754228349276474 ], [ 1.99465196579739, 50.754225309460153 ], [ 1.994653686764389, 50.754218942459289 ], [ 1.994646020151013, 50.754185484821576 ], [ 1.994626847555244, 50.754160844455683 ], [ 1.994601809957986, 50.754144552021174 ], [ 1.994496110951858, 50.7541093054299 ], [ 1.994413811049701, 50.754100353631273 ], [ 1.994411061208263, 50.754100331415387 ], [ 1.994269995099982, 50.754113338675239 ], [ 1.99407455763892, 50.754151049244498 ], [ 1.993855566681914, 50.754171240955991 ], [ 1.993523690362931, 50.754168557820222 ], [ 1.993309575305491, 50.754145266685029 ], [ 1.993306825127519, 50.754145244442043 ], [ 1.993158255263859, 50.754158942199247 ], [ 1.992940182430765, 50.754157178012562 ], [ 1.992940121180759, 50.754160224369876 ], [ 1.992938745981138, 50.754160213243402 ], [ 1.992861341135556, 50.754167349558337 ], [ 1.992816690158401, 50.754194960650139 ], [ 1.992652053651807, 50.754334917284538 ], [ 1.992381069510235, 50.754456489068311 ], [ 1.992290679905773, 50.754484788831256 ], [ 1.992264995091723, 50.75450067136034 ], [ 1.992210219609452, 50.754566766809731 ], [ 1.992180931734705, 50.754621556893021 ], [ 1.991982430134295, 50.754790297568682 ], [ 1.99171144203487, 50.754911867790391 ], [ 1.991394494063938, 50.754974367068769 ], [ 1.991062612336481, 50.754971677329422 ], [ 1.990748285008125, 50.754904061872161 ], [ 1.99048228162945, 50.754778139594016 ], [ 1.990290640827826, 50.75460623699982 ], [ 1.990246775403891, 50.754516718020838 ], [ 1.990147950003063, 50.754389691819476 ], [ 1.990109410045612, 50.754355120857433 ], [ 1.990040533472081, 50.754266588976613 ], [ 1.990009269926702, 50.75424624288037 ], [ 1.989843507060731, 50.75410551404763 ], [ 1.989740810990733, 50.753942364796714 ], [ 1.989708179749855, 50.753767913628209 ], [ 1.989723362450201, 50.753662755648804 ], [ 1.989755726554509, 50.753543062549305 ], [ 1.989757915579243, 50.753434529795392 ], [ 1.989766494887347, 50.753434599428921 ], [ 1.989767218669201, 50.753398712528714 ], [ 1.989758639389096, 50.753398642895412 ], [ 1.989759395256101, 50.753361166526766 ], [ 1.989776285987886, 50.753249861983086 ], [ 1.989816253183589, 50.753109853995333 ], [ 1.98980901010894, 50.753078230348997 ], [ 1.989735397639204, 50.752983185040399 ], [ 1.98963771108252, 50.752783194983671 ], [ 1.98961626343591, 50.752689551379568 ], [ 1.989605327538305, 50.752584181144854 ], [ 1.989607747634739, 50.752464207123438 ], [ 1.98960796541302, 50.752464208891318 ], [ 1.989591335422023, 50.752391599207208 ], [ 1.9895955825878, 50.752181069278812 ], [ 1.989702174494317, 50.751981676082501 ], [ 1.98970893574934, 50.751973517830265 ], [ 1.989709921241682, 50.751971674273967 ], [ 1.989717881982487, 50.751962068588391 ], [ 1.989746218343707, 50.75190906092795 ], [ 1.98979541565104, 50.751849697643834 ], [ 1.989836826661938, 50.75177223115319 ], [ 1.990035323724506, 50.751603492862955 ], [ 1.990036028442362, 50.751603057089199 ], [ 1.990151820317212, 50.751531455135009 ], [ 1.990153174065031, 50.751526448158138 ], [ 1.990152022625973, 50.751521420911871 ], [ 1.990120417148582, 50.751500851133812 ], [ 1.98993610840005, 50.751413594160041 ], [ 1.989744482327897, 50.751241689468856 ], [ 1.989645971957551, 50.751040632081313 ], [ 1.989647269785596, 50.750976300614944 ], [ 1.989626887749951, 50.750887306047787 ], [ 1.989548813400217, 50.750786510580603 ], [ 1.989450929595357, 50.75058572484317 ], [ 1.989455451471452, 50.750375575267185 ], [ 1.98947529789188, 50.750338483347221 ], [ 1.989500046174487, 50.750246951218081 ], [ 1.989498329285943, 50.750239454523907 ], [ 1.989444746613998, 50.75017032288455 ], [ 1.989330912186699, 50.750096232480182 ], [ 1.989300869814074, 50.750076679012189 ], [ 1.989242351585243, 50.750048973515241 ], [ 1.989050732899763, 50.749877067786663 ], [ 1.988952227492803, 50.749676009781865 ], [ 1.988923355402997, 50.749549933521877 ], [ 1.988912538660883, 50.749527855414932 ], [ 1.988914963926618, 50.749407689441448 ], [ 1.98890562572896, 50.749407613577951 ], [ 1.988905643333091, 50.749406741416252 ], [ 1.988887835553568, 50.749328979342813 ], [ 1.988803432720502, 50.749219944405702 ], [ 1.988788068779735, 50.749199211966008 ], [ 1.988766176661064, 50.749168314993952 ], [ 1.988712397631198, 50.749051148897735 ], [ 1.988688408454961, 50.74900820959359 ], [ 1.988685980742676, 50.748993595323945 ], [ 1.988683942291599, 50.748989154214179 ], [ 1.98867774446769, 50.748962088808589 ], [ 1.988680701629925, 50.74896181624851 ], [ 1.988676489020421, 50.748936457253372 ], [ 1.988673601429203, 50.748936723404377 ], [ 1.98863270983249, 50.748758154266902 ], [ 1.988604889565318, 50.748701368364465 ], [ 1.988599953054865, 50.748679810810053 ], [ 1.988593929692605, 50.748667483894351 ], [ 1.988556260434687, 50.748501254185726 ], [ 1.988559577252044, 50.748345959528912 ], [ 1.988559318368167, 50.748345957424952 ], [ 1.988559335980809, 50.748345085120491 ], [ 1.988526540298264, 50.74820186645259 ], [ 1.988514654170607, 50.74817760448618 ], [ 1.988518905110831, 50.747967075037238 ], [ 1.988625490246491, 50.747767682930288 ], [ 1.98882397528913, 50.747598945830894 ], [ 1.989094930783918, 50.747477380550535 ], [ 1.989100455178406, 50.747475650854824 ], [ 1.989101825671542, 50.747475222529872 ], [ 1.98924949518442, 50.74742915454646 ], [ 1.989303260603695, 50.747395905470384 ], [ 1.989315438136824, 50.747381210387651 ], [ 1.989357189939193, 50.747345715318758 ], [ 1.989416998251186, 50.747273542106512 ], [ 1.98942114033081, 50.74725822161588 ], [ 1.989417617637528, 50.747242838884787 ], [ 1.989360053015446, 50.747168834164938 ], [ 1.989321519092884, 50.747134262529464 ], [ 1.989252565807584, 50.747045616106497 ], [ 1.98915406524513, 50.746844557495926 ], [ 1.989157472058977, 50.746675722302506 ], [ 1.989125657844454, 50.746536792131643 ], [ 1.989114628682523, 50.746514279202387 ], [ 1.989109248923793, 50.746490786105163 ], [ 1.989113497222165, 50.746280256098444 ], [ 1.989212660646002, 50.746094736760469 ], [ 1.989228226287747, 50.746037162827882 ], [ 1.989228623528714, 50.746017474598489 ], [ 1.989214630084247, 50.745956365950597 ], [ 1.989203696548585, 50.745850994813395 ], [ 1.989204350334895, 50.745818592220608 ], [ 1.989244002427879, 50.745644725811253 ], [ 1.989353227991486, 50.745483295040707 ], [ 1.989524582976603, 50.745345300992618 ], [ 1.989537870029627, 50.745337083726838 ], [ 1.989746633284065, 50.745243415007494 ], [ 1.989828563754304, 50.745192745336666 ], [ 1.989846081231861, 50.745171604999378 ], [ 1.989926149751224, 50.745021801238153 ], [ 1.989931064552752, 50.745015869949384 ], [ 1.989969142945207, 50.744983495641819 ], [ 1.989984261433364, 50.744965250278931 ], [ 1.990029681743603, 50.744926633759043 ], [ 1.990072025097792, 50.744875532562162 ], [ 1.990115609767573, 50.74483847655496 ], [ 1.990128559257443, 50.74482284867441 ], [ 1.990173979327359, 50.744784232093537 ], [ 1.990186205819703, 50.74476947670739 ], [ 1.990231625796808, 50.744730860102365 ], [ 1.990243852259026, 50.744716104709511 ], [ 1.990381947176304, 50.744598694211071 ], [ 1.990387787012368, 50.744591646407621 ], [ 1.990586253536879, 50.744422905686811 ], [ 1.990636699456271, 50.744391706354222 ], [ 1.990660194000901, 50.744363351611632 ], [ 1.990858658703553, 50.744194610398146 ], [ 1.991129590849828, 50.744073040061906 ], [ 1.991446470130285, 50.744010540408738 ], [ 1.991673295542718, 50.744012378521639 ], [ 1.991673339064885, 50.744010216132672 ], [ 1.991674713878336, 50.744010227272412 ], [ 1.991794916582013, 50.743999143952003 ], [ 1.991870884470348, 50.743999759402378 ], [ 1.992051795738601, 50.743983078092555 ], [ 1.992090631695583, 50.743970916432026 ], [ 1.992144952257206, 50.74393731913689 ], [ 1.992191847086839, 50.743880720195939 ], [ 1.992390304719048, 50.743711976416748 ], [ 1.992661230538859, 50.743590402657333 ], [ 1.992679963514285, 50.7435845361777 ], [ 1.992704430396352, 50.743573556977779 ], [ 1.992771539367703, 50.743532049034819 ], [ 1.992875914308878, 50.743485211880653 ], [ 1.992945341819842, 50.743442269614853 ], [ 1.992958559264189, 50.743393364505657 ], [ 1.992959341289819, 50.743354459598578 ], [ 1.993045244568408, 50.743097603168835 ], [ 1.993279522709674, 50.742881156945117 ], [ 1.993353520096804, 50.742835387056317 ], [ 1.993362132666059, 50.742803518789117 ], [ 1.993354490564711, 50.742770156118659 ], [ 1.993290072385065, 50.742687342941089 ], [ 1.99326920003127, 50.742668616989448 ], [ 1.993170691955579, 50.742467560226764 ], [ 1.993174922846829, 50.742257028800459 ], [ 1.993281477305785, 50.742057630984078 ], [ 1.993479924046984, 50.741888885002112 ], [ 1.993485744781124, 50.741885284590737 ], [ 1.993498961287255, 50.741836379309021 ], [ 1.993498996335961, 50.741834634681531 ], [ 1.993484998851369, 50.741773526127275 ], [ 1.993474057247598, 50.741668154698765 ], [ 1.9934743365657, 50.741654251307828 ], [ 1.993527738687814, 50.741508159563125 ], [ 1.993523277950181, 50.741507674202218 ], [ 1.993538372671004, 50.741451818307574 ], [ 1.99356989978098, 50.741392819167714 ], [ 1.99357666428346, 50.741374313418675 ], [ 1.993581697234797, 50.741367583746225 ], [ 1.993586943272888, 50.741360924288628 ], [ 1.993644923971122, 50.741252419937204 ], [ 1.993668387461385, 50.741224098144777 ], [ 1.99367494740253, 50.741199823604298 ], [ 1.993667634841519, 50.741167899378887 ], [ 1.993673289358561, 50.74095221179924 ], [ 1.993717871086418, 50.74079460842141 ], [ 1.993719998067618, 50.740688707558199 ], [ 1.993720215802271, 50.740688709319002 ], [ 1.993696279650035, 50.740584211101954 ], [ 1.993662603623563, 50.740540917163841 ], [ 1.993564098152291, 50.740339860065831 ], [ 1.993567496981436, 50.740170658793794 ], [ 1.993322165166409, 50.740280758455775 ], [ 1.993005311813981, 50.740343263237428 ], [ 1.992946320764569, 50.740348703549948 ], [ 1.992945853942951, 50.740350430922909 ], [ 1.992947318151828, 50.740356823701241 ], [ 1.992998162753581, 50.740422191296268 ], [ 1.993096666115773, 50.740623248817215 ], [ 1.993092435033718, 50.740833780760887 ], [ 1.992985882425165, 50.741033178784377 ], [ 1.992932426353205, 50.741097702216521 ], [ 1.992928285856532, 50.741113022966744 ], [ 1.992933632052541, 50.741136364259347 ], [ 1.993024704216434, 50.741322251534065 ], [ 1.993020472772975, 50.741532783252829 ], [ 1.992913918391505, 50.741732181004004 ], [ 1.992909267559916, 50.741737794638773 ], [ 1.992856608423205, 50.741836336262352 ], [ 1.992658159790829, 50.742005081263763 ], [ 1.99238724253597, 50.742126655307963 ], [ 1.992070376343773, 50.742189157534639 ], [ 1.992052962125251, 50.742190763326285 ], [ 1.991999679509543, 50.742207389123479 ], [ 1.991947033888384, 50.742239951557764 ], [ 1.99191884475607, 50.742273974926476 ], [ 1.991914703852256, 50.742289295615727 ], [ 1.99191791423626, 50.742303312945594 ], [ 1.991992712526094, 50.74235200123875 ], [ 1.99218431235176, 50.742523904340793 ], [ 1.992282816580077, 50.742724961867154 ], [ 1.992278581900724, 50.742935493114189 ], [ 1.992189268659549, 50.74310261703009 ], [ 1.992160222646203, 50.7432100827751 ], [ 1.992159016789945, 50.743270025373576 ], [ 1.992052455285315, 50.743469421863345 ], [ 1.991853997475994, 50.743638165165677 ], [ 1.991583069439125, 50.743759737158932 ], [ 1.991356547106389, 50.743804415880547 ], [ 1.991288656675731, 50.743825675650683 ], [ 1.991069248244798, 50.743924127745878 ], [ 1.990752369040288, 50.743986626446713 ], [ 1.990494662705943, 50.743984536145256 ], [ 1.990435444275219, 50.743989995780574 ], [ 1.990414085256278, 50.744003205765956 ], [ 1.990222803991329, 50.744121507657702 ], [ 1.990146343927576, 50.744186515704129 ], [ 1.990040761937609, 50.74425181449817 ], [ 1.989899122774704, 50.744372238172566 ], [ 1.989860717591426, 50.744418586929413 ], [ 1.989803068147018, 50.744526447046262 ], [ 1.989766874490365, 50.74457012658231 ], [ 1.989568404622821, 50.744738865958944 ], [ 1.989550476543258, 50.744749953578435 ], [ 1.989521833912105, 50.744767667595561 ], [ 1.989493191261999, 50.744785381604835 ], [ 1.9894645485915, 50.744803095607118 ], [ 1.989435905900862, 50.744820809602281 ], [ 1.989426711841167, 50.744826495639636 ], [ 1.989155771489687, 50.744948062128451 ], [ 1.988838883424324, 50.745010555859523 ], [ 1.988808616294923, 50.745013345864479 ], [ 1.988746125075562, 50.745025669672629 ], [ 1.988666476576241, 50.745033011541736 ], [ 1.988334660896538, 50.745030314525643 ], [ 1.988020399642796, 50.744962691214852 ], [ 1.987754455888762, 50.744836761273277 ], [ 1.987562862417871, 50.744664851952514 ], [ 1.98754740267393, 50.744644974750059 ], [ 1.987446919882655, 50.74457956351884 ], [ 1.987221435173178, 50.74435938715834 ], [ 1.987170503049698, 50.744185282055078 ], [ 1.987157247228555, 50.74418650380948 ], [ 1.987127441488904, 50.74405631437876 ], [ 1.987049334955663, 50.743955365926709 ], [ 1.986951809376057, 50.743755542269049 ], [ 1.986947646991134, 50.74373736079847 ], [ 1.986936619424143, 50.743714847580861 ], [ 1.986923602944251, 50.743657990882355 ], [ 1.986902698229772, 50.743615312937152 ], [ 1.986906955556363, 50.743404782090003 ], [ 1.987013537401354, 50.743205389987104 ], [ 1.987072407515079, 50.743155340415377 ], [ 1.987125470663187, 50.743091305625448 ], [ 1.987139061396633, 50.743041041189471 ], [ 1.987139079032137, 50.74304016887821 ], [ 1.987147806823803, 50.743040239916404 ], [ 1.987150285553785, 50.742917632240996 ], [ 1.987256865394119, 50.742718239782825 ], [ 1.98730369771873, 50.742678423709833 ], [ 1.987390243450059, 50.742573981373887 ], [ 1.987394648443662, 50.742557689296909 ], [ 1.987391126703058, 50.742542306399081 ], [ 1.987341001806178, 50.742477855485483 ], [ 1.987283320426423, 50.742426097205083 ], [ 1.987184836848267, 50.742225035630966 ], [ 1.987187941738557, 50.742071447216354 ], [ 1.98718694726891, 50.742071439122242 ], [ 1.98718841587372, 50.741998791943288 ], [ 1.98717660915402, 50.74194721880518 ], [ 1.987123038548777, 50.741878085274628 ], [ 1.98707215727187, 50.741844960824153 ], [ 1.987007823154527, 50.74183795739976 ], [ 1.986940586519263, 50.741844154632147 ], [ 1.986771408158896, 50.741896935071615 ], [ 1.986709697157778, 50.741924623657489 ], [ 1.986686233215828, 50.741931970563371 ], [ 1.986641049125264, 50.741959914289673 ], [ 1.98637011751509, 50.742081475242351 ], [ 1.986053244103429, 50.742143962151978 ], [ 1.985721447697826, 50.742141258156614 ], [ 1.985407208092329, 50.742073627951576 ], [ 1.985141286241429, 50.74194769187563 ], [ 1.984949712784404, 50.741775777780887 ], [ 1.984851239849115, 50.741574714162397 ], [ 1.984854287584956, 50.741424297498433 ], [ 1.984852501406631, 50.741424282926801 ], [ 1.984852864981002, 50.741406339200218 ], [ 1.984854651158687, 50.741406353771843 ], [ 1.984855505622322, 50.741364182735921 ], [ 1.98486360772878, 50.741334221696498 ], [ 1.984864584366846, 50.741286020380777 ], [ 1.984871494268823, 50.741260467974406 ], [ 1.98487297555775, 50.741255119794573 ], [ 1.984903065747307, 50.741148992545156 ], [ 1.984946073465452, 50.740993799322382 ], [ 1.984948244029435, 50.740886662977012 ], [ 1.984954581859836, 50.740886714676613 ], [ 1.984955672460794, 50.740832883450743 ], [ 1.984949334637201, 50.740832831751192 ], [ 1.984949715845441, 50.740814015694383 ], [ 1.984938093426643, 50.740763236193743 ], [ 1.984841985532108, 50.740639195572683 ], [ 1.984831928713289, 50.740630170501227 ], [ 1.984733458502076, 50.740429106441326 ], [ 1.984737724672634, 50.740218574654243 ], [ 1.984754041107633, 50.740158236603158 ], [ 1.984746673078341, 50.740126043950681 ], [ 1.984747649805349, 50.740077842547848 ], [ 1.984727884870973, 50.739991484606051 ], [ 1.984676460585736, 50.739958003261059 ], [ 1.984595812050179, 50.739931093644032 ], [ 1.984585222825617, 50.7399260784522 ], [ 1.984561458120323, 50.739946282567466 ], [ 1.984526491770097, 50.739988478306088 ], [ 1.984502873988158, 50.740075815440832 ], [ 1.984496678756867, 50.740116623076297 ], [ 1.984454225735431, 50.740265323413411 ], [ 1.984463782457446, 50.74030707993311 ], [ 1.984510747689946, 50.740367972451466 ], [ 1.984607702723002, 50.740567081563071 ], [ 1.984645634763497, 50.740732815585552 ], [ 1.984665053320007, 50.740772465925367 ], [ 1.984677219456561, 50.740825622261944 ], [ 1.984674262912869, 50.740825894718149 ], [ 1.984682493420318, 50.740875473569815 ], [ 1.98469539980584, 50.740931863989296 ], [ 1.9846911333967, 50.741142395547911 ], [ 1.984688300758218, 50.741152870362797 ], [ 1.984686083610338, 50.741262277379903 ], [ 1.98469948070753, 50.741320811303268 ], [ 1.984695214282417, 50.741531342738242 ], [ 1.984588626772534, 50.741730733360242 ], [ 1.984582875470069, 50.741737673505853 ], [ 1.984568758655205, 50.741789874938448 ], [ 1.984588033722408, 50.741874090473374 ], [ 1.984588362869195, 50.741874680809048 ], [ 1.984588847970184, 50.741877648032215 ], [ 1.984598479195712, 50.741919728121331 ], [ 1.984595768344106, 50.741919977928497 ], [ 1.984614202620738, 50.742032734624452 ], [ 1.984613323510345, 50.742069990970684 ], [ 1.984630907807165, 50.742146818532085 ], [ 1.984678707172511, 50.74220828501938 ], [ 1.984702651584572, 50.742223874011486 ], [ 1.98482944268729, 50.742266177543129 ], [ 1.985095365444801, 50.742392114224799 ], [ 1.985286941758287, 50.742564027935124 ], [ 1.985385418386519, 50.742765090908115 ], [ 1.985383844835937, 50.742842789795496 ], [ 1.985400625637667, 50.742916100565189 ], [ 1.985478537209107, 50.743016716761893 ], [ 1.98557621691035, 50.743216750366827 ], [ 1.985582458491659, 50.743244017482361 ], [ 1.985610272184911, 50.743300804213867 ], [ 1.985611706264931, 50.743307069141267 ], [ 1.985631126583706, 50.743346719175996 ], [ 1.985635851205057, 50.743367359109769 ], [ 1.985691478912594, 50.743480932516647 ], [ 1.98569291300792, 50.743487197441375 ], [ 1.985712333460778, 50.743526847452628 ], [ 1.985712572692829, 50.743527892548215 ], [ 1.98581043577436, 50.743654187125536 ], [ 1.985854073484674, 50.743693344361404 ], [ 1.985865652284836, 50.74370823279186 ], [ 1.985881752518065, 50.743718714185825 ], [ 1.986047862434301, 50.743859895385576 ], [ 1.986150528072571, 50.744023593755891 ], [ 1.986182712079349, 50.74419858938343 ], [ 1.986179638325859, 50.744327632591471 ], [ 1.986162776298322, 50.744437408753654 ], [ 1.986122805791872, 50.74457741745735 ], [ 1.986130458350754, 50.74461084599411 ], [ 1.986225637981855, 50.744806805903416 ], [ 1.986232321761852, 50.744836002132097 ], [ 1.98622806147869, 50.745046532500403 ], [ 1.986200022051485, 50.745150222722124 ], [ 1.986220870776312, 50.745241293979618 ], [ 1.986248686302004, 50.745298080396886 ], [ 1.986250120519024, 50.745304345297967 ], [ 1.98626954211726, 50.745343995113288 ], [ 1.986275172832764, 50.745368590945944 ], [ 1.986270912684385, 50.745579121146051 ], [ 1.986236604492327, 50.745705992254464 ], [ 1.986236206078014, 50.745725680483588 ], [ 1.986247759990463, 50.745776149461719 ], [ 1.986301066224741, 50.745844688489981 ], [ 1.986350556183522, 50.745889094418303 ], [ 1.986449043616217, 50.74609015553829 ], [ 1.986444784137135, 50.746300685514512 ], [ 1.986425384434963, 50.746372425201209 ], [ 1.986435458376032, 50.746416428127404 ], [ 1.986446386212716, 50.746521799417557 ], [ 1.986442125963136, 50.74673236497253 ], [ 1.986460999275982, 50.746814802685968 ], [ 1.98645673978553, 50.747025332431718 ], [ 1.986434537287102, 50.747107435578535 ], [ 1.98643413893943, 50.747127123766532 ], [ 1.986451928873239, 50.747204828737225 ], [ 1.986499158427499, 50.747265773411478 ], [ 1.986523643649195, 50.74728171203089 ], [ 1.986664552306191, 50.747328718098935 ], [ 1.98667327175795, 50.747330594390348 ], [ 1.986762117220633, 50.747360232430189 ], [ 1.987028071876166, 50.747486164011434 ], [ 1.987219674301839, 50.747658073421555 ], [ 1.987225003501921, 50.747664925014668 ], [ 1.987366739353483, 50.747712205619237 ], [ 1.987369645868322, 50.747712831032999 ], [ 1.987409330259848, 50.747726069006028 ], [ 1.987675288484369, 50.747851999134468 ], [ 1.987866894530113, 50.748023907452982 ], [ 1.987965392245445, 50.748224966723306 ], [ 1.987979094777516, 50.748284808712114 ], [ 1.987994379309231, 50.748304458830724 ], [ 1.988105687390223, 50.748399021698837 ], [ 1.988208368459218, 50.748562525730875 ], [ 1.988240713885966, 50.748737329102362 ], [ 1.988236227599575, 50.748936556063541 ], [ 1.988224500413757, 50.748936449771733 ], [ 1.988222188966752, 50.749046950055309 ], [ 1.988114867882333, 50.749246816809027 ], [ 1.9879152063125, 50.749415746855298 ], [ 1.987642859620152, 50.749537109492856 ], [ 1.987494059423385, 50.749583271244973 ], [ 1.987471340423743, 50.749597319607332 ], [ 1.987456718322838, 50.749651392243578 ], [ 1.987453492387624, 50.749785900904655 ], [ 1.98734300486928, 50.749987802362583 ], [ 1.987240113343643, 50.750109120191148 ], [ 1.987229686940118, 50.750128623138103 ], [ 1.987202737874445, 50.750228277917685 ], [ 1.987221813907721, 50.750311589285225 ], [ 1.987217557307173, 50.750522117813205 ], [ 1.987187855275883, 50.750631951737169 ], [ 1.987195494471199, 50.750665314401573 ], [ 1.987216967588496, 50.750692919982988 ], [ 1.987348522533434, 50.750810944972862 ], [ 1.987403205372365, 50.75088124393271 ], [ 1.987487306551228, 50.751032609137546 ], [ 1.987512519176591, 50.751192303217415 ], [ 1.987511905835668, 50.751212048309547 ], [ 1.987523765777761, 50.751263842085606 ], [ 1.98761053049839, 50.751448624925182 ], [ 1.987617091874128, 50.751477278885183 ], [ 1.987640750459004, 50.751525569332664 ], [ 1.987666211421465, 50.751558300590844 ], [ 1.987668212814847, 50.751560887415245 ], [ 1.987741026815949, 50.751655511819486 ], [ 1.98785254890238, 50.751728097707449 ], [ 1.987934810749176, 50.751769214807545 ], [ 1.988132581465798, 50.751979967992149 ], [ 1.988198161924868, 50.752221684843079 ], [ 1.988196739554308, 50.752292099729779 ], [ 1.988232451757411, 50.752448045771636 ], [ 1.988229494440783, 50.752448318317143 ], [ 1.988233707302428, 50.752473678294649 ], [ 1.9882365951146, 50.752473412154579 ], [ 1.988269639611575, 50.752617707900917 ], [ 1.988326533410939, 50.752736735726387 ], [ 1.988336603152552, 50.752780706889943 ], [ 1.988345181851257, 50.75279821637023 ], [ 1.988340928910996, 50.753008743565289 ], [ 1.988234331348544, 50.753208133075617 ], [ 1.988144139588216, 50.753284797017606 ], [ 1.988074652601979, 50.753368635799781 ], [ 1.988067825619013, 50.753393881160633 ], [ 1.988079605182788, 50.753445318959237 ], [ 1.988098774315636, 50.753469960400949 ], [ 1.98813921515344, 50.753496280722914 ], [ 1.988170160218276, 50.753516420833023 ], [ 1.988361789705632, 50.753688327012192 ], [ 1.988459008690981, 50.753886747716493 ], [ 1.988526825234654, 50.753973922098652 ], [ 1.988541471150577, 50.753987060385818 ], [ 1.988578833608542, 50.7540633147701 ], [ 1.988621960443433, 50.754118751582077 ], [ 1.988720473116713, 50.754319808403054 ], [ 1.988733060868205, 50.754374771078908 ], [ 1.98877292857697, 50.75442601785079 ], [ 1.988857096044387, 50.754501519939865 ], [ 1.988896361984121, 50.754551992896396 ], [ 1.988989095345916, 50.754582920977498 ], [ 1.989255093991008, 50.754708846398501 ], [ 1.989446731735996, 50.754880750486244 ], [ 1.989545249324957, 50.755081806415468 ], [ 1.989571019540372, 50.755194318018034 ], [ 1.989566772446414, 50.755404845228327 ], [ 1.989460174812842, 50.755604235867686 ], [ 1.989261660168667, 50.755772971962372 ], [ 1.989241781591256, 50.755785262858083 ], [ 1.989240427654658, 50.755790269740906 ], [ 1.989241579094615, 50.755795296952918 ], [ 1.989265097967085, 50.755810602670259 ], [ 1.989328470507794, 50.755831737641785 ], [ 1.989501121988078, 50.755868878549137 ], [ 1.989767128572755, 50.755994802588305 ], [ 1.989958772894377, 50.756166705456735 ], [ 1.990023049533767, 50.756249321489342 ], [ 1.99004539238394, 50.756263861431492 ], [ 1.990137445749996, 50.756323766394246 ], [ 1.990148009649466, 50.756330640979677 ], [ 1.990339656665742, 50.75650254334689 ], [ 1.990438180962782, 50.756703598154431 ], [ 1.990433937258715, 50.756914124951528 ], [ 1.990429500086615, 50.756930534741606 ], [ 1.990442756602657, 50.756988405373662 ], [ 1.990469276459311, 50.757043474601225 ], [ 1.990503344563877, 50.757104439717502 ], [ 1.99050582575672, 50.757119370029088 ], [ 1.990507812143023, 50.757123494797227 ], [ 1.990514011965721, 50.757150559776903 ], [ 1.99051105433, 50.75715083237715 ], [ 1.990515268551807, 50.757176190949998 ], [ 1.990518156605484, 50.757175924759721 ], [ 1.990552592684284, 50.757326250958485 ], [ 1.990606798764965, 50.757436864292288 ], [ 1.990602555793245, 50.757647390979351 ], [ 1.99049595731971, 50.757846781953106 ], [ 1.990454384446878, 50.757896939938249 ], [ 1.990452412905982, 50.757900627595966 ], [ 1.990438964189455, 50.757916853562271 ], [ 1.990404276450915, 50.757981735922236 ], [ 1.990391691698647, 50.758028276477873 ], [ 1.990379755553053, 50.758050602579949 ], [ 1.990354568592257, 50.758143747649171 ], [ 1.990284524174754, 50.758294379329385 ], [ 1.990282170425013, 50.758297873743878 ], [ 1.990251174386588, 50.758339216649027 ], [ 1.990250403516782, 50.758342067411697 ], [ 1.990229381632191, 50.758381387525347 ], [ 1.990227694545435, 50.758387626572407 ], [ 1.990121092209097, 50.75858701864302 ], [ 1.990119071995479, 50.758589455975653 ], [ 1.990107997416287, 50.758610170083998 ], [ 1.990096146097908, 50.758653996700112 ], [ 1.99008420969157, 50.758676322715047 ], [ 1.990073074911157, 50.758717499458648 ], [ 1.990052052704098, 50.758756819551095 ], [ 1.99005036556491, 50.758763058638415 ], [ 1.990020257358635, 50.758819373275855 ], [ 1.989975805129836, 50.758983756663838 ], [ 1.989869198669294, 50.759183149883164 ], [ 1.989670665417975, 50.759351887603941 ], [ 1.98939963952908, 50.759473451663183 ], [ 1.989395302767097, 50.759474809114216 ], [ 1.98931755468406, 50.759496731863933 ], [ 1.989311987323958, 50.759498134955408 ], [ 1.989072773627281, 50.759538699924704 ], [ 1.989056224724704, 50.75954022496601 ], [ 1.988890099883528, 50.759547161642139 ], [ 1.988566960681261, 50.759544536559396 ], [ 1.988208409085262, 50.759501835667159 ], [ 1.987893860429688, 50.759384621562546 ], [ 1.987660507253605, 50.759206753878026 ], [ 1.987535940570411, 50.758989263882853 ], [ 1.987535244326005, 50.758836247754104 ], [ 1.987526959290042, 50.758836180368313 ], [ 1.98752770241031, 50.758799421506296 ], [ 1.987496751480777, 50.758664276808936 ], [ 1.987477323717979, 50.758624627974122 ], [ 1.987477133148221, 50.75862379585881 ], [ 1.987466329774721, 50.758609909670568 ], [ 1.987328447792434, 50.758594905623234 ], [ 1.987289899670126, 50.758592665436623 ], [ 1.987263155968601, 50.758589755212128 ], [ 1.987133752311592, 50.758601678347603 ], [ 1.987044227335748, 50.758619326964549 ], [ 1.987016043843592, 50.758621923701973 ], [ 1.986988439940687, 50.7586273654818 ], [ 1.986656533125791, 50.75862466461669 ], [ 1.986342187573753, 50.758557038555324 ], [ 1.986076174824225, 50.758431107276827 ], [ 1.986059089522308, 50.758419988163041 ], [ 1.986031164546827, 50.758401814574071 ], [ 1.986003239451704, 50.758383640887288 ], [ 1.98597531437691, 50.758365467193769 ], [ 1.985967037460629, 50.758360080556564 ], [ 1.985947389183042, 50.758347293402807 ], [ 1.985939112412493, 50.75834190685454 ], [ 1.985883262236597, 50.758305559338787 ], [ 1.985855337248937, 50.758287385616235 ], [ 1.985840027698397, 50.758277422075217 ], [ 1.98564838928628, 50.758105513181668 ], [ 1.985632347699793, 50.758084892563431 ], [ 1.985606159831136, 50.758031442290587 ], [ 1.985518004898879, 50.75791812321787 ], [ 1.985419497949215, 50.757717064911127 ], [ 1.985423762762917, 50.757506538561898 ], [ 1.985425525451894, 50.757500022246759 ], [ 1.985420257503207, 50.757477015287037 ], [ 1.985398257215598, 50.757462696967963 ], [ 1.985362133656712, 50.757458765374025 ], [ 1.985322563491649, 50.757462410821276 ], [ 1.985288614641608, 50.757472946007574 ], [ 1.984972498028167, 50.757534639087801 ], [ 1.984641792403338, 50.757531586228623 ], [ 1.984380747515483, 50.757475316329113 ], [ 1.984301004024235, 50.757466636550113 ], [ 1.984173216960689, 50.757478407954579 ], [ 1.984081355293642, 50.757495762082058 ], [ 1.983998191270496, 50.757521696638292 ], [ 1.98398590171575, 50.757536521240695 ], [ 1.983975988287757, 50.75757316521107 ], [ 1.98395274692032, 50.757613904972423 ], [ 1.983958589252485, 50.757614740803824 ], [ 1.983918641544071, 50.757727087324966 ], [ 1.983917819880628, 50.757795604310793 ], [ 1.983911219214902, 50.757839078691816 ], [ 1.983908821229826, 50.757866991651888 ], [ 1.983907131281326, 50.757950289733671 ], [ 1.983922331670461, 50.758034522114016 ], [ 1.983983430046189, 50.758192336752316 ], [ 1.984025888476985, 50.758264717114059 ], [ 1.984109720960259, 50.7583689824693 ], [ 1.984141468550022, 50.758396995638513 ], [ 1.984223476207162, 50.758500527250312 ], [ 1.984235115459679, 50.75851088344146 ], [ 1.984334831829803, 50.758713496145837 ], [ 1.984344135389156, 50.758754130851074 ], [ 1.984370340944386, 50.758787940213232 ], [ 1.98442006154391, 50.758820299485365 ], [ 1.984447986168173, 50.758838473424227 ], [ 1.984447973376908, 50.758838465099551 ], [ 1.984484187790182, 50.758862034179408 ], [ 1.984540037431599, 50.758898382201238 ], [ 1.984589220231972, 50.758930391248484 ], [ 1.984612386868668, 50.758938118004387 ], [ 1.984670803668512, 50.758965773602654 ], [ 1.98475273924658, 50.758993101446436 ], [ 1.984811156618216, 50.759020757195024 ], [ 1.985070914095158, 50.759107392819317 ], [ 1.985073821621663, 50.759108018376573 ], [ 1.985127127369146, 50.759125797058729 ], [ 1.98513003435999, 50.759126422527153 ], [ 1.985177413599475, 50.759142224508381 ], [ 1.985443428329533, 50.759268157725998 ], [ 1.985549706651478, 50.75933732335087 ], [ 1.985549707153313, 50.759337323586564 ], [ 1.985577632475882, 50.759355497257857 ], [ 1.985618333263953, 50.759381985107531 ], [ 1.98571870814218, 50.759429128622905 ], [ 1.985745549060074, 50.759446596459767 ], [ 1.985773476503686, 50.759464771469482 ], [ 1.985801400046222, 50.759482943829553 ], [ 1.985801400548072, 50.75948294406524 ], [ 1.985829326043163, 50.759501117676074 ], [ 1.985839992712904, 50.759508059424363 ], [ 1.985940298711104, 50.759555543990253 ], [ 1.986026617289913, 50.759593152829325 ], [ 1.986053458403098, 50.759610620595438 ], [ 1.986064125071245, 50.759617562321644 ], [ 1.986166609757742, 50.759666077868843 ], [ 1.986221376847668, 50.759701719211066 ], [ 1.98624102572719, 50.759714506295715 ], [ 1.986249302756766, 50.75971989281252 ], [ 1.986268951650549, 50.759732679892416 ], [ 1.986277228686131, 50.759738066407216 ], [ 1.986388932745888, 50.75981076080916 ], [ 1.986444784827576, 50.759847107924124 ], [ 1.986455451656397, 50.759854049616095 ], [ 1.986557937010127, 50.759902564731064 ], [ 1.986584778474441, 50.759920032374424 ], [ 1.986606037411083, 50.759933867058258 ], [ 1.98680110509261, 50.759998922231915 ], [ 1.986852144323506, 50.760023083207862 ], [ 1.986880908634011, 50.760032676058842 ], [ 1.986941788055216, 50.760061495100892 ], [ 1.987198804995865, 50.76014720916065 ], [ 1.987204619418357, 50.7601484599532 ], [ 1.987303952968292, 50.760181587057453 ], [ 1.987469725323386, 50.760199625479522 ], [ 1.987557344154782, 50.760200338113009 ], [ 1.987770413601622, 50.760180705946858 ], [ 1.987832923921406, 50.760168382901384 ], [ 1.987898107114684, 50.760162376838956 ], [ 1.98793360045467, 50.760155379783406 ], [ 1.988039915921931, 50.760145583620272 ], [ 1.988075409785721, 50.760138586409688 ], [ 1.988167552980032, 50.760130095977743 ], [ 1.98823006327676, 50.76011777271043 ], [ 1.988304877124701, 50.760110879025653 ], [ 1.988324294250731, 50.760107059021017 ], [ 1.988488340840506, 50.760092067314545 ], [ 1.988600263150583, 50.760057034396787 ], [ 1.988662288163367, 50.76002921437285 ], [ 1.98867429193459, 50.76002545704953 ], [ 1.988991274163673, 50.759962965471885 ], [ 1.989323187668095, 50.759965660539763 ], [ 1.989381777805485, 50.759978263331178 ], [ 1.989595776842548, 50.760001545941876 ], [ 1.989797683192317, 50.76000318457988 ], [ 1.990044971886408, 50.760023787169921 ], [ 1.990277845014231, 50.760080436818953 ], [ 1.990279619468591, 50.76008102855419 ], [ 1.990545637400851, 50.760206945816719 ], [ 1.990577899601573, 50.760227938856794 ], [ 1.990809137073905, 50.760337390411991 ], [ 1.991000801567376, 50.760509290656628 ], [ 1.991099336356629, 50.760710343628638 ], [ 1.991114132319278, 50.76077492558462 ], [ 1.991136198698068, 50.760819949990918 ], [ 1.9911723056779, 50.760977549824759 ], [ 1.991168064759507, 50.761188075173393 ], [ 1.991061461195865, 50.761387465362908 ], [ 1.991052886581564, 50.761397810113131 ], [ 1.991039294794716, 50.761448073578329 ], [ 1.991036006106175, 50.761611306933219 ], [ 1.991050006147056, 50.76167241392622 ], [ 1.991060947021166, 50.761777782374146 ], [ 1.991060566589586, 50.761796665342551 ], [ 1.991017054896071, 50.761978990997115 ], [ 1.990897146139101, 50.762146980129479 ], [ 1.990709843649731, 50.762288018328022 ], [ 1.990596282126161, 50.762336861603131 ], [ 1.990521846257113, 50.762382880211455 ], [ 1.990472934125409, 50.762441887412599 ], [ 1.990450053210737, 50.762526497092431 ], [ 1.990343443929224, 50.762725886299712 ], [ 1.990289125586593, 50.762791414657698 ], [ 1.990275532654986, 50.762841677933139 ], [ 1.990275153279991, 50.76286049337822 ], [ 1.990269230764475, 50.762860445342426 ], [ 1.990266531900802, 50.762994296712243 ], [ 1.990250047911407, 50.763025125956183 ], [ 1.990239861079522, 50.763062794032159 ], [ 1.99014044291093, 50.763248730129497 ], [ 1.990110553366761, 50.76335925174412 ], [ 1.99009465726579, 50.763357522493592 ], [ 1.990071908962804, 50.763419713466 ], [ 1.990076371618659, 50.763420198934519 ], [ 1.990025317733788, 50.763608977331643 ], [ 1.989918637265249, 50.763808446889549 ], [ 1.989787064055926, 50.763967115152631 ], [ 1.989755776823962, 50.764025627790602 ], [ 1.9896781556237, 50.764119263793546 ], [ 1.989597069818304, 50.764270907048143 ], [ 1.989561729772159, 50.764313538069445 ], [ 1.989558771732397, 50.764319070038454 ], [ 1.989493210992417, 50.764398156316801 ], [ 1.989488542003672, 50.764415419445847 ], [ 1.989492065926685, 50.764430801774346 ], [ 1.989535378334318, 50.764486463081653 ], [ 1.989633915127108, 50.76468751601152 ], [ 1.989629667455001, 50.764898040159579 ], [ 1.989523049858495, 50.765097427946024 ], [ 1.989484669040354, 50.765143726146803 ], [ 1.989475393879832, 50.765178019561354 ], [ 1.989483471775298, 50.765213279951197 ], [ 1.989506871262724, 50.765261863121381 ], [ 1.989511809115657, 50.765268208707781 ], [ 1.989517051774621, 50.765275042973975 ], [ 1.989535440049172, 50.765299361821562 ], [ 1.989629580540525, 50.765497342373855 ], [ 1.989624487980934, 50.765704104134123 ], [ 1.989617448224673, 50.765730132468583 ], [ 1.989608771521264, 50.765790212369794 ], [ 1.989592311069735, 50.765851071937 ], [ 1.989591175234966, 50.765907362907669 ], [ 1.989563381332231, 50.766051999815069 ], [ 1.989551317604475, 50.766084712708668 ], [ 1.98948702051671, 50.766194075435926 ], [ 1.989424439986943, 50.766311104843652 ], [ 1.989361988159634, 50.766364176370111 ], [ 1.989310304199638, 50.766426519920522 ], [ 1.989301317175085, 50.766459746643129 ], [ 1.989304861513472, 50.766475217665224 ], [ 1.989300612305547, 50.766685741233182 ], [ 1.989193989588928, 50.766885128198574 ], [ 1.988995429344779, 50.767053860952352 ], [ 1.988724367677599, 50.767175422404939 ], [ 1.988517056253666, 50.767216286247681 ], [ 1.988468608965695, 50.767231448429008 ], [ 1.988414260649845, 50.767265042944956 ], [ 1.988371946382308, 50.767316081842807 ], [ 1.988332013778634, 50.76735001487522 ], [ 1.988257793142084, 50.767439538461062 ], [ 1.988059227524999, 50.767608269670667 ], [ 1.987788160497456, 50.767729829044484 ], [ 1.987471126427044, 50.767792317148832 ], [ 1.987408584599581, 50.767798078679824 ], [ 1.98735682909393, 50.767830069245733 ], [ 1.987203829188232, 50.767960076820557 ], [ 1.987195109468498, 50.767965466519271 ], [ 1.987177176737645, 50.767980704322362 ], [ 1.987097887232252, 50.76807633707093 ], [ 1.987070525095002, 50.768127498843015 ], [ 1.987052643768318, 50.768149065721367 ], [ 1.987046905185356, 50.768159795664616 ], [ 1.986848332530595, 50.768328524420546 ], [ 1.986577258799786, 50.76845008074396 ], [ 1.986260218958187, 50.768512565526045 ], [ 1.98592824806195, 50.768509862121746 ], [ 1.985613842940943, 50.768442235168152 ], [ 1.985496955183438, 50.76840325873237 ], [ 1.985465011799751, 50.768396387780165 ], [ 1.985198950020331, 50.768270456853912 ], [ 1.985152496493079, 50.768228794178519 ], [ 1.985068028473086, 50.768173832607033 ], [ 1.985031897113575, 50.768169900969816 ], [ 1.984995618330581, 50.768173242328395 ], [ 1.984942824764973, 50.768205872270215 ], [ 1.984887233643091, 50.768272917046481 ], [ 1.984882562705197, 50.768290179901086 ], [ 1.984892507106866, 50.768333602517266 ], [ 1.984893827959732, 50.768335300070447 ], [ 1.984894503283611, 50.768336169570546 ], [ 1.984995578696868, 50.768466543640592 ], [ 1.98516443420488, 50.768576413711322 ], [ 1.98516443420523, 50.768576413711486 ], [ 1.985192364694913, 50.768594587314716 ], [ 1.985192364695289, 50.768594587314901 ], [ 1.985220295205324, 50.768612760911417 ], [ 1.985220295205669, 50.768612760911573 ], [ 1.985248225735899, 50.76863093450126 ], [ 1.985248225736276, 50.768630934501445 ], [ 1.985276156286027, 50.768649108083871 ], [ 1.985276156288183, 50.768649108084887 ], [ 1.985319399517098, 50.768677245135272 ], [ 1.98551107716008, 50.768849151648496 ], [ 1.98555131381304, 50.768900861930099 ], [ 1.985574837577415, 50.76891616794267 ], [ 1.985710814530854, 50.768930963381862 ], [ 1.985814396898904, 50.768931807150935 ], [ 1.98584892214251, 50.768939233261655 ], [ 1.98614867344856, 50.768971847826904 ], [ 1.986195562999333, 50.768972229628574 ], [ 1.986509972454884, 50.769039855076592 ], [ 1.986776041614265, 50.769165783041849 ], [ 1.986967726132994, 50.76933768717042 ], [ 1.987066262179355, 50.769538740635809 ], [ 1.987062003328176, 50.769749263133733 ], [ 1.987024775157645, 50.769886869123063 ], [ 1.987039739886464, 50.769952198399885 ], [ 1.987035480681383, 50.770162721598155 ], [ 1.987033935238986, 50.77016843390863 ], [ 1.98702199472882, 50.770190759179421 ], [ 1.986996795624887, 50.770283901077647 ], [ 1.986996045678121, 50.770286639118034 ], [ 1.986941658259854, 50.770482802378623 ], [ 1.986920461656485, 50.770585106060189 ], [ 1.986831124129855, 50.770732803259889 ], [ 1.98681754632603, 50.770749178629679 ], [ 1.986813401517505, 50.770764498449481 ], [ 1.986829012328039, 50.770832648339884 ], [ 1.986826031584608, 50.770979951788497 ], [ 1.986828594709493, 50.770979972644547 ], [ 1.986828562545176, 50.770981562157687 ], [ 1.986825721544604, 50.770995273404949 ], [ 1.986824752326753, 50.771043170336291 ], [ 1.986813400696161, 50.771085127359328 ], [ 1.98680724239037, 50.771084457374343 ], [ 1.986796063732612, 50.771138407575528 ], [ 1.986706720234698, 50.771286107985524 ], [ 1.986705786868766, 50.77128723360984 ], [ 1.986573123937108, 50.77139994866171 ], [ 1.98647158898008, 50.771522400769499 ], [ 1.986470602620098, 50.771524244785155 ], [ 1.986469213263225, 50.77152592036024 ], [ 1.986455089999035, 50.771578119741974 ], [ 1.98646658277373, 50.771628292842628 ], [ 1.986540551193224, 50.771782646839938 ], [ 1.986535076155716, 50.771991478172183 ], [ 1.986428887742749, 50.772189186322947 ], [ 1.986420285286597, 50.772199560777544 ], [ 1.98641856267237, 50.772205927425304 ], [ 1.986422226572135, 50.77222192245415 ], [ 1.986417964755067, 50.77243244416622 ], [ 1.986311318241406, 50.772631826990121 ], [ 1.986267969667351, 50.772684104058868 ], [ 1.986162720651676, 50.772880872125945 ], [ 1.986032382315846, 50.772991608237369 ], [ 1.985949901741938, 50.773091075578023 ], [ 1.985926720736615, 50.773176745963788 ], [ 1.985820003409409, 50.773376209362965 ], [ 1.985666162569626, 50.773561669129876 ], [ 1.98566517659424, 50.773563512283921 ], [ 1.985639309180558, 50.773594706422649 ], [ 1.98563536380708, 50.7736020822718 ], [ 1.985598545955972, 50.77364648166219 ], [ 1.985576177494262, 50.773729145778759 ], [ 1.985469536155665, 50.773928513847721 ], [ 1.985468030313736, 50.773930329852746 ], [ 1.985269418398026, 50.774099068339808 ], [ 1.985241870841668, 50.774116092523499 ], [ 1.985213209904028, 50.774133804749276 ], [ 1.985191836648754, 50.774147013234007 ], [ 1.985180790725475, 50.774187832555604 ], [ 1.985190491262421, 50.774230183861306 ], [ 1.985261128251257, 50.774320953588543 ], [ 1.985359667184903, 50.774522006641227 ], [ 1.985355400906714, 50.774732527245234 ], [ 1.985345222433782, 50.774751554945396 ], [ 1.985291782714032, 50.774949036139965 ], [ 1.985276287934727, 50.774947350349905 ], [ 1.985231490518603, 50.775090329285852 ], [ 1.985025162184171, 50.775297785690896 ], [ 1.984715284444245, 50.775444578260931 ], [ 1.984593067015404, 50.775482816285304 ], [ 1.984504539058146, 50.775523310000317 ], [ 1.98420920637452, 50.775587398012163 ], [ 1.983897242554299, 50.775594234681904 ], [ 1.983595636037937, 50.775543228561062 ], [ 1.983330479138785, 50.775438792244749 ], [ 1.983124710539599, 50.775289960594712 ], [ 1.982996130753786, 50.775109609057743 ], [ 1.982955862283189, 50.774913339732379 ], [ 1.982956423376842, 50.774893827399183 ], [ 1.982945205727096, 50.774844843551961 ], [ 1.982894255703063, 50.774779129478937 ], [ 1.982766789628568, 50.774664817954033 ], [ 1.982697897889635, 50.774576284508811 ], [ 1.982651955825745, 50.774546393211757 ], [ 1.982460266188718, 50.774374483787753 ], [ 1.982420028329617, 50.774322772938319 ], [ 1.982322865856324, 50.774259555239674 ], [ 1.982220355116424, 50.774211037640804 ], [ 1.982174938953676, 50.774181487921751 ], [ 1.98210109058514, 50.774115258685484 ], [ 1.981914548050205, 50.773993885093581 ], [ 1.981914548049854, 50.773993885093432 ], [ 1.981886615738006, 50.77397571090426 ], [ 1.981886615737629, 50.773975710904089 ], [ 1.981858683446017, 50.773957536708139 ], [ 1.981858683445659, 50.773957536707961 ], [ 1.981830751174289, 50.773939362505224 ], [ 1.981830751173943, 50.773939362505068 ], [ 1.981802818922929, 50.773921188295596 ], [ 1.981802818922552, 50.773921188295418 ], [ 1.981774886691737, 50.773903014079139 ], [ 1.981774886691391, 50.773903014078975 ], [ 1.981746954481302, 50.773884839856215 ], [ 1.981746954480918, 50.773884839856031 ], [ 1.981741010815086, 50.773880972579576 ], [ 1.981549326853052, 50.773709061579098 ], [ 1.981531915370586, 50.773673529643332 ], [ 1.981517715084896, 50.773655279639378 ], [ 1.98151703974791, 50.773654410128003 ], [ 1.981444404980368, 50.773560720874677 ], [ 1.981369660354859, 50.773512087125724 ], [ 1.981280905118717, 50.773470078185987 ], [ 1.981143120595863, 50.773346504218267 ], [ 1.981005475704983, 50.773256942229999 ], [ 1.980983334572983, 50.773246462415642 ], [ 1.980893538926749, 50.773165926998303 ], [ 1.980778210894854, 50.773090885282976 ], [ 1.980640412480466, 50.773044933892287 ], [ 1.980589363513642, 50.773020771099944 ], [ 1.980513257576733, 50.772995392033422 ], [ 1.980451244881029, 50.77296603968972 ], [ 1.980432618670687, 50.772977549425498 ], [ 1.980426416249859, 50.773000462260065 ], [ 1.980431996171737, 50.773024834419047 ], [ 1.980489577323724, 50.773098840363275 ], [ 1.980528125130146, 50.773133413370395 ], [ 1.980625662056763, 50.773258771487114 ], [ 1.980755396254438, 50.773343187013062 ], [ 1.980903087348772, 50.773475647186309 ], [ 1.980920085588561, 50.773486707506436 ], [ 1.981111766538608, 50.773658619533563 ], [ 1.981199649098243, 50.773771566149087 ], [ 1.98126852779536, 50.773833340407585 ], [ 1.981285939146883, 50.773868872372383 ], [ 1.981345335821521, 50.77394520824015 ], [ 1.981448225772823, 50.77401215456247 ], [ 1.981639910547809, 50.774184065639105 ], [ 1.981651495145443, 50.774198953772071 ], [ 1.981765919837648, 50.774273404282454 ], [ 1.981765919840512, 50.774273404283811 ], [ 1.981905622337053, 50.77436430136207 ], [ 1.982095596864451, 50.77445421525254 ], [ 1.982232454776631, 50.774576952115936 ], [ 1.982282935673154, 50.774609796839449 ], [ 1.982474625602243, 50.774781706474833 ], [ 1.982512985510429, 50.774831003345184 ], [ 1.982611514462634, 50.775032058668295 ], [ 1.982615957338853, 50.775051459781835 ], [ 1.982611696280433, 50.775261143927786 ], [ 1.982642294445013, 50.775394758770922 ], [ 1.982655961830049, 50.775422647644383 ], [ 1.982673763339864, 50.775500382110764 ], [ 1.982722277221365, 50.77553194604387 ], [ 1.982913972088019, 50.775703854631104 ], [ 1.983012504403796, 50.775904909212308 ], [ 1.983011070959503, 50.775975477465778 ], [ 1.983030651966858, 50.776060978758899 ], [ 1.983068467244499, 50.77610957353955 ], [ 1.983157981641344, 50.776189846951453 ], [ 1.983173567082524, 50.776209875002642 ], [ 1.983272101362062, 50.776410929377164 ], [ 1.983267825915092, 50.776621449541473 ], [ 1.983161158000281, 50.776820828307777 ], [ 1.982962538021442, 50.776989548872166 ], [ 1.982691407927775, 50.77711109534043 ], [ 1.982374308236689, 50.777173569552879 ], [ 1.982042279903831, 50.777170855891093 ], [ 1.9818369023472, 50.777148506749846 ], [ 1.981835526625929, 50.777148495501976 ], [ 1.981835646376751, 50.777142607397302 ], [ 1.981645772771621, 50.77714105485061 ], [ 1.981462796244721, 50.777121142789525 ], [ 1.981424234302618, 50.777118900859932 ], [ 1.98132825114363, 50.777108455536052 ], [ 1.981326875423602, 50.777108444282575 ], [ 1.981326928336998, 50.77710584384716 ], [ 1.981213732569472, 50.777104917846721 ], [ 1.981213679650197, 50.777107518282079 ], [ 1.981212303930219, 50.777107507027338 ], [ 1.981134861776362, 50.777114635817462 ], [ 1.981098686314957, 50.777136988187365 ], [ 1.980919913499596, 50.777288840080921 ], [ 1.980648776858907, 50.777410382055848 ], [ 1.980331672751822, 50.777472851057404 ], [ 1.979999642562864, 50.777470131977985 ], [ 1.97968518896522, 50.777402490989438 ], [ 1.979524651575084, 50.777348960034999 ], [ 1.979469079969822, 50.777337006032624 ], [ 1.979310104770194, 50.777261763448109 ], [ 1.979169721418205, 50.77721495216332 ], [ 1.97905285106874, 50.777159637165163 ], [ 1.979003560709119, 50.777143200977513 ], [ 1.978945125710005, 50.777115543413011 ], [ 1.978920481210272, 50.777107325524319 ], [ 1.978732872457304, 50.777018528975418 ], [ 1.978545253948442, 50.776955965452721 ], [ 1.978542346273872, 50.77695533998105 ], [ 1.978489023421153, 50.776937558766377 ], [ 1.97848611521311, 50.776936933116069 ], [ 1.978432791926425, 50.77691915176041 ], [ 1.978429883711088, 50.776918526106833 ], [ 1.978376560463979, 50.776900744726589 ], [ 1.978373652250412, 50.776900119071691 ], [ 1.978320329166582, 50.77688233770813 ], [ 1.978317420689587, 50.776881712009477 ], [ 1.978300896322715, 50.776876201709385 ], [ 1.978220209951432, 50.776858844210146 ], [ 1.978183693637996, 50.776846667228796 ], [ 1.978172061341491, 50.776844164854943 ], [ 1.978132518919968, 50.776830978712368 ], [ 1.978133113909229, 50.776830261419079 ], [ 1.977866431479344, 50.776705033976427 ], [ 1.977857931939756, 50.776699503498932 ], [ 1.977836363257419, 50.77668929454444 ], [ 1.977682755429872, 50.776638070505399 ], [ 1.977519630909792, 50.776620313287467 ], [ 1.977520143540119, 50.776618420105926 ], [ 1.977405642554915, 50.77660881271531 ], [ 1.977367284145165, 50.776602597553108 ], [ 1.977098780682147, 50.776533167753122 ], [ 1.977074391347593, 50.776521133433704 ], [ 1.976949853066514, 50.776479602203366 ], [ 1.976893880700952, 50.776453108405363 ], [ 1.976632671945536, 50.776365999315665 ], [ 1.976629764061708, 50.776365373665513 ], [ 1.976576441778631, 50.776347591456236 ], [ 1.976573533884134, 50.776346965802063 ], [ 1.976520210534487, 50.776329183199323 ], [ 1.976517302098771, 50.776328557454796 ], [ 1.976479768999432, 50.776316040616024 ], [ 1.976213688220773, 50.776190092337195 ], [ 1.976152547412915, 50.776135253311232 ], [ 1.976134102282578, 50.776123250709539 ], [ 1.97610617256226, 50.776105076376751 ], [ 1.976106185356721, 50.776105084702181 ], [ 1.976078241196187, 50.776086900953068 ], [ 1.976050309710345, 50.776068725431486 ], [ 1.976022378384788, 50.776050549994252 ], [ 1.975994447079358, 50.776032374550162 ], [ 1.97595823703763, 50.77600881194148 ], [ 1.975902374540164, 50.7759724610154 ], [ 1.975874443321907, 50.775954285542248 ], [ 1.975853180717403, 50.775940449472948 ], [ 1.975830007338286, 50.775932721201393 ], [ 1.975771575195673, 50.775905061949828 ], [ 1.975689617538477, 50.775877729163675 ], [ 1.975631185993005, 50.775850070074334 ], [ 1.97537135720384, 50.77576341661792 ], [ 1.975368449100145, 50.775762790893083 ], [ 1.975315128196197, 50.775745008179058 ], [ 1.975312220088257, 50.775744382451634 ], [ 1.975264827831192, 50.775728576931996 ], [ 1.975213779035205, 50.775704412194962 ], [ 1.974955752393739, 50.775618358423763 ], [ 1.974841351227157, 50.77556420419964 ], [ 1.974817723970538, 50.775556324271335 ], [ 1.974551650300703, 50.775430371759235 ], [ 1.974364961398492, 50.775262913693176 ], [ 1.974220654318311, 50.775169004518936 ], [ 1.974186036474391, 50.77514647655584 ], [ 1.973950261023096, 50.775034863402865 ], [ 1.973758599727347, 50.774862940847463 ], [ 1.973660106799381, 50.774661878683887 ], [ 1.97362724031975, 50.774518241561196 ], [ 1.973573396519799, 50.774449025963634 ], [ 1.973487446047686, 50.774371925849735 ], [ 1.973475863795734, 50.774357036913557 ], [ 1.973452341148651, 50.774341728725688 ], [ 1.973423104148048, 50.774338544908474 ], [ 1.973426419790701, 50.774326303228364 ], [ 1.973183894850972, 50.774293630280283 ], [ 1.972842617326425, 50.774144930783741 ], [ 1.972835025449912, 50.774139990003484 ], [ 1.972807094517415, 50.774121812496766 ], [ 1.972807109162398, 50.77412182202756 ], [ 1.972798818265254, 50.774116426318429 ], [ 1.97279883536951, 50.774116437449592 ], [ 1.972770889208936, 50.774098250097758 ], [ 1.972770902002331, 50.774098258423557 ], [ 1.972742960172985, 50.77408007387038 ], [ 1.97274297296637, 50.774080082196178 ], [ 1.972715031157311, 50.774061897636237 ], [ 1.9726312440924, 50.774007368802387 ], [ 1.972620584115015, 50.774000431249256 ], [ 1.972518088393966, 50.773951908944127 ], [ 1.972499509422985, 50.77393981762954 ], [ 1.972491231382022, 50.773934430223981 ], [ 1.972471580434457, 50.773921641246169 ], [ 1.972463302539264, 50.773916253929563 ], [ 1.972443651605432, 50.773903464946613 ], [ 1.972416807299305, 50.773885994444214 ], [ 1.972225155279939, 50.773714069024379 ], [ 1.972212838710614, 50.773698235252851 ], [ 1.972170751795099, 50.773660480100105 ], [ 1.972127726922615, 50.773605168604718 ], [ 1.972090957035771, 50.773572183089577 ], [ 1.97196337313665, 50.773408163852636 ], [ 1.971923058711573, 50.773371998273632 ], [ 1.971852764744642, 50.773281628986489 ], [ 1.971812450439252, 50.773245463264907 ], [ 1.971791380584444, 50.773218375842283 ], [ 1.971781395289693, 50.77320517884786 ], [ 1.971756566090257, 50.773171427093416 ], [ 1.971732279080786, 50.773139596870891 ], [ 1.971704719610434, 50.773103477749267 ], [ 1.971677160042054, 50.773067358438965 ], [ 1.971676136541568, 50.773066013242008 ], [ 1.971654913925927, 50.773038040849848 ], [ 1.971630882702731, 50.772988114079666 ], [ 1.971515424271655, 50.772839678955656 ], [ 1.97149218956991, 50.772818834882905 ], [ 1.971474785561322, 50.772783301450417 ], [ 1.971460588827102, 50.772765049734609 ], [ 1.971454170941616, 50.772756652453751 ], [ 1.971439285559029, 50.772736827042706 ], [ 1.97134722446978, 50.772544160124014 ], [ 1.971339823045436, 50.772511805343541 ], [ 1.971320402725844, 50.772472154867351 ], [ 1.971318619440636, 50.772464359326598 ], [ 1.97131819354665, 50.772463594730752 ], [ 1.971317588575968, 50.772459852952892 ], [ 1.971308243113241, 50.772418999687673 ], [ 1.971310943270506, 50.77241875132426 ], [ 1.971292563369728, 50.77230507012527 ], [ 1.971292586908957, 50.772304166539747 ], [ 1.971263068754791, 50.772175128701285 ], [ 1.971267008397507, 50.771983387032527 ], [ 1.971259593071075, 50.771950970937276 ], [ 1.971146707596072, 50.771877498699688 ], [ 1.971142082087226, 50.771874488150551 ], [ 1.971089228111999, 50.771849464078883 ], [ 1.970897588607782, 50.771677536194559 ], [ 1.970871237369083, 50.771643656988253 ], [ 1.970766196962071, 50.771575289649888 ], [ 1.970692367611101, 50.771509053449527 ], [ 1.970595225302804, 50.771445826263616 ], [ 1.970459390673095, 50.771400513928612 ], [ 1.970208642982806, 50.771346548040412 ], [ 1.970092527172348, 50.771307813087112 ], [ 1.97002819454744, 50.77127735316477 ], [ 1.970020464057272, 50.771275247334067 ], [ 1.96996153783305, 50.771245792767367 ], [ 1.969826488621569, 50.771181849883988 ], [ 1.969802901624646, 50.771166497351039 ], [ 1.969802901022703, 50.771166497050146 ], [ 1.969672631694679, 50.771081705831989 ], [ 1.969598804231518, 50.771015468673809 ], [ 1.969531108756231, 50.770971405963948 ], [ 1.969494976727163, 50.770967469851193 ], [ 1.969346607643951, 50.770981115186991 ], [ 1.969014621070812, 50.770978366766109 ], [ 1.968700223071187, 50.770910697334706 ], [ 1.968614183214916, 50.770869957708953 ], [ 1.968517205735931, 50.770837605202843 ], [ 1.968437946717044, 50.770828970242107 ], [ 1.968265424043607, 50.770827540824527 ], [ 1.96816905742572, 50.770836402652854 ], [ 1.968017821471416, 50.770842690571278 ], [ 1.967787852836983, 50.77086383770601 ], [ 1.967743284560941, 50.770872613835152 ], [ 1.967411300312456, 50.770869861500785 ], [ 1.967391429346997, 50.77086769649663 ], [ 1.967077031436135, 50.770800022581781 ], [ 1.966960252620835, 50.770761062221595 ], [ 1.966709512248305, 50.770707089369409 ], [ 1.966457583180339, 50.770623038250008 ], [ 1.966376911600487, 50.770605673015702 ], [ 1.966374269654708, 50.770604791575714 ], [ 1.966291947527512, 50.770595821415824 ], [ 1.96617488458323, 50.770594849507106 ], [ 1.965999371522498, 50.770584101482001 ], [ 1.965750127141839, 50.770555430165906 ], [ 1.965695738690363, 50.77055497838537 ], [ 1.96561615120286, 50.770562295560531 ], [ 1.965596595072437, 50.770568410990982 ], [ 1.965279514876713, 50.770630842389942 ], [ 1.965232444685918, 50.770635169792861 ], [ 1.965143543339291, 50.770662969839499 ], [ 1.964962406837132, 50.770744144893825 ], [ 1.964738239544251, 50.770814242625576 ], [ 1.96461915247129, 50.770867609956497 ], [ 1.964529895961652, 50.770895520391313 ], [ 1.964212812938887, 50.770957948962277 ], [ 1.963880826768759, 50.770955186848589 ], [ 1.963566435827953, 50.770887504434832 ], [ 1.963300415890871, 50.770761527171672 ], [ 1.963108807202501, 50.770589586945128 ], [ 1.963082785741283, 50.770556122621016 ], [ 1.963070267094492, 50.770547972847389 ], [ 1.963029826363241, 50.770521645518876 ], [ 1.962886124702092, 50.770473696801027 ], [ 1.962883217332257, 50.770473070824295 ], [ 1.962834031381818, 50.770456659013078 ], [ 1.962822401302726, 50.770454155176957 ], [ 1.962752395907699, 50.770430796405307 ], [ 1.962721174415345, 50.770427393444606 ], [ 1.962419513271325, 50.770363884774149 ], [ 1.962387871422762, 50.770349523511825 ], [ 1.962184988581307, 50.77028791935728 ], [ 1.962141483934204, 50.770278958439242 ], [ 1.962077788448214, 50.770264398479959 ], [ 1.962057849204673, 50.770259379291367 ], [ 1.961903549749576, 50.770236756199552 ], [ 1.96183917105701, 50.770233624761374 ], [ 1.961838091863391, 50.770233571917032 ], [ 1.961717803611617, 50.770227642626708 ], [ 1.961349907606451, 50.77016612467267 ], [ 1.961039877811088, 50.770026269532771 ], [ 1.961025343222301, 50.770016806779147 ], [ 1.961005696740495, 50.770004015915632 ], [ 1.960997420726887, 50.769998627804938 ], [ 1.960977774259182, 50.769985836936542 ], [ 1.960969498251609, 50.769980448823866 ], [ 1.9608102396575, 50.769876762829121 ], [ 1.960783401848478, 50.76985928989383 ], [ 1.960709588233268, 50.769793047602278 ], [ 1.960698922856878, 50.769786103809558 ], [ 1.960671000748174, 50.769767924846626 ], [ 1.960644160703114, 50.769750450262094 ], [ 1.960570348533025, 50.769684208684424 ], [ 1.96055968416234, 50.769677265505749 ], [ 1.96047808699321, 50.769624140500127 ], [ 1.960330461469784, 50.769491655464151 ], [ 1.960309130663654, 50.769477767617701 ], [ 1.960281208728653, 50.769459588467853 ], [ 1.96025545598137, 50.769442821594566 ], [ 1.960107831212476, 50.769310335926868 ], [ 1.960057403108799, 50.769277503373054 ], [ 1.960035390651711, 50.769275103593067 ], [ 1.960018478919634, 50.769276657699791 ], [ 1.960013156610823, 50.769296290371202 ], [ 1.960021157591485, 50.769331303751187 ], [ 1.960031057691495, 50.769427207859778 ], [ 1.960063017109244, 50.769567065687205 ], [ 1.960082427409761, 50.769606718138711 ], [ 1.960082840434768, 50.769608525578022 ], [ 1.960085450211164, 50.769611882213567 ], [ 1.960095151954505, 50.769631135448456 ], [ 1.960110098082408, 50.769648164343337 ], [ 1.960171451665962, 50.769730817454715 ], [ 1.960195438798242, 50.769769800968831 ], [ 1.960228448590848, 50.769804924217901 ], [ 1.960340840613795, 50.769870245605951 ], [ 1.96033950790531, 50.769871167728382 ], [ 1.960419261006294, 50.769907616048826 ], [ 1.96059924706209, 50.770024797782298 ], [ 1.960599247563907, 50.770024798018085 ], [ 1.960627169789908, 50.770042976990077 ], [ 1.960655092175887, 50.770061156046246 ], [ 1.960672569244666, 50.770072534598647 ], [ 1.96086416746003, 50.770244478494369 ], [ 1.960904427529281, 50.770296258000414 ], [ 1.960948275609391, 50.770335607823448 ], [ 1.960959900524506, 50.770350558885085 ], [ 1.961003748630628, 50.770389908626882 ], [ 1.961015326088036, 50.770404798608375 ], [ 1.961105561307434, 50.77046354574501 ], [ 1.961297162894752, 50.770635489372317 ], [ 1.961314558934193, 50.770671024343066 ], [ 1.961328751376261, 50.770689277273561 ], [ 1.961329425569862, 50.770690145929926 ], [ 1.961460355460623, 50.77085914699542 ], [ 1.961500470098054, 50.770895145409952 ], [ 1.961511085690674, 50.770908797955443 ], [ 1.961549436680962, 50.770921594928005 ], [ 1.961815453177016, 50.771047575983289 ], [ 1.962007059201415, 50.771219518200162 ], [ 1.962105498581071, 50.77142059100202 ], [ 1.962101134340276, 50.771631112166261 ], [ 1.962047764959188, 50.771730790551111 ], [ 1.96202452197976, 50.771816536702168 ], [ 1.962031835518367, 50.771848534265928 ], [ 1.962055353770199, 50.771863844843331 ], [ 1.962078522358069, 50.771871575455691 ], [ 1.962197821598923, 50.7719280717983 ], [ 1.962382649109696, 50.771989742245445 ], [ 1.962472044324021, 50.772008987947565 ], [ 1.962677615656086, 50.772077579123476 ], [ 1.962678743911715, 50.77207782205106 ], [ 1.962944751564512, 50.772203798112969 ], [ 1.963136354356978, 50.772375730638927 ], [ 1.963165138892438, 50.772412746827577 ], [ 1.963249297692251, 50.772488263909679 ], [ 1.96328748533124, 50.772537371963836 ], [ 1.963362224492521, 50.772545517368179 ], [ 1.96337996719535, 50.772545665077736 ], [ 1.963746383783872, 50.772590311426441 ], [ 1.964065784468679, 50.772712616419639 ], [ 1.964298686629526, 50.772897461504229 ], [ 1.964416299152019, 50.773121997138752 ], [ 1.964437448949307, 50.773214507182963 ], [ 1.964550327290951, 50.773287985156216 ], [ 1.964550327792852, 50.773287985392017 ], [ 1.964565637416791, 50.773297951141743 ], [ 1.964757261563547, 50.773469888485813 ], [ 1.964857557590087, 50.773598856721783 ], [ 1.964894323071666, 50.77363184474229 ], [ 1.964918004754391, 50.773662296389226 ], [ 1.964918678983599, 50.773663164936451 ], [ 1.964991282988882, 50.773756863804088 ], [ 1.96506893200477, 50.773807408041435 ], [ 1.965105135189986, 50.773830973804216 ], [ 1.965105122398021, 50.7738309654777 ], [ 1.965133061314237, 50.773849151751435 ], [ 1.965133048522176, 50.773849143424854 ], [ 1.96516098745868, 50.773867329691832 ], [ 1.96516097035612, 50.773867318559546 ], [ 1.965224431176519, 50.773908626980528 ], [ 1.965224418384465, 50.773908618653984 ], [ 1.965416055959834, 50.774080557966769 ], [ 1.965514518851721, 50.774281632422849 ], [ 1.965519158267272, 50.774301923046103 ], [ 1.965612511487935, 50.774422395703951 ], [ 1.965629767636177, 50.774437878264081 ], [ 1.96572822802547, 50.774638947018985 ], [ 1.965759099341717, 50.774773959312881 ], [ 1.965770124220901, 50.774796473308868 ], [ 1.965770314567932, 50.774797305768864 ], [ 1.965818121857257, 50.774858776361725 ], [ 1.965898944016809, 50.774911383748652 ], [ 1.966090578828376, 50.775083318504329 ], [ 1.966173216114601, 50.775252068777931 ], [ 1.966232415275222, 50.77532846242066 ], [ 1.966402127445507, 50.775438926115221 ], [ 1.966402127947436, 50.775438926351008 ], [ 1.966430055299723, 50.775457103871915 ], [ 1.966561415534676, 50.775542604133925 ], [ 1.966569693063456, 50.775547991829349 ], [ 1.966589343142034, 50.775560781706965 ], [ 1.966625548310937, 50.775584346964969 ], [ 1.966645198418296, 50.775597136833241 ], [ 1.966673126086714, 50.775615314386144 ], [ 1.966687346520736, 50.775624570170535 ], [ 1.966878987027307, 50.775796503857798 ], [ 1.966896388821574, 50.775832037769476 ], [ 1.966910584761462, 50.775850289920228 ], [ 1.966914119999068, 50.775854879101388 ], [ 1.966940256248124, 50.775889136242483 ], [ 1.967011427795066, 50.775980976123925 ], [ 1.967034836166455, 50.77599621189232 ], [ 1.967160600908799, 50.776038165295304 ], [ 1.967426658717552, 50.776164133265489 ], [ 1.967618303684608, 50.776336065387603 ], [ 1.967681159392005, 50.776416877692775 ], [ 1.967704681256839, 50.776432186927188 ], [ 1.967740817172404, 50.776436123547278 ], [ 1.967766803010786, 50.776433734286897 ], [ 1.967932985614487, 50.776426826085277 ], [ 1.968207178335272, 50.776452029797369 ], [ 1.968461740384901, 50.776521370667844 ], [ 1.968544729165566, 50.77656285018503 ], [ 1.968659826943763, 50.776601243023357 ], [ 1.968727879897625, 50.776608656088598 ], [ 1.968928226599782, 50.77659023357856 ], [ 1.968990762196021, 50.776577920277347 ], [ 1.969030223849054, 50.776574291619603 ], [ 1.969114806759005, 50.77655763707412 ], [ 1.969446831083791, 50.776560385208626 ], [ 1.969646305523655, 50.776603312742203 ], [ 1.96983264951223, 50.776623609743602 ], [ 1.969876265535124, 50.776632995907839 ], [ 1.970018729221704, 50.776648513072637 ], [ 1.970035032426514, 50.776650371972316 ], [ 1.970122498910402, 50.776660792330468 ], [ 1.970231628561754, 50.776684880508007 ], [ 1.970382456314852, 50.776717337893913 ], [ 1.970521225795809, 50.776732452075834 ], [ 1.970665470650455, 50.776733644452136 ], [ 1.970853554577722, 50.77671634667054 ], [ 1.970923949061241, 50.776700538165755 ], [ 1.970947666476819, 50.77669895672409 ], [ 1.970954001908343, 50.77669770916841 ], [ 1.970996688006318, 50.776693783339056 ], [ 1.970997117196651, 50.776695659409448 ], [ 1.971172070572415, 50.776683993567154 ], [ 1.971232550460793, 50.776684493218916 ], [ 1.97133191780922, 50.776675354126176 ], [ 1.971517580489034, 50.776633659052095 ], [ 1.971765700520702, 50.776617113405692 ], [ 1.972054685389085, 50.776619499201125 ], [ 1.972151062233344, 50.776610634489039 ], [ 1.972317244296671, 50.776603720486925 ], [ 1.972422935783797, 50.776604592662459 ], [ 1.972650259136767, 50.776583682721984 ], [ 1.97268576626026, 50.77657669018393 ], [ 1.97268707914367, 50.776576569418921 ], [ 1.972725945062083, 50.776564414415553 ], [ 1.972738796142519, 50.776556475481897 ], [ 1.972804625794085, 50.776515808150265 ], [ 1.973075777652424, 50.776394282524201 ], [ 1.973392885352587, 50.776331831817586 ], [ 1.973440235177367, 50.776327476101081 ], [ 1.973672551604333, 50.776329391097796 ], [ 1.973672584923487, 50.776327765810265 ], [ 1.973758855752896, 50.776328476796714 ], [ 1.973957821225492, 50.776310172987721 ], [ 1.974047382681879, 50.776292534236099 ], [ 1.974090068191814, 50.776288607344036 ], [ 1.974091379576331, 50.776294338117715 ], [ 1.974321355225796, 50.776261327930207 ], [ 1.974344339916302, 50.776261517241004 ], [ 1.97451018113831, 50.776271168581395 ], [ 1.974664626038532, 50.776287984943373 ], [ 1.974728981780469, 50.776291920970799 ], [ 1.975014138567257, 50.776324698073054 ], [ 1.975103346303687, 50.776329889176267 ], [ 1.975119833392666, 50.776331684263219 ], [ 1.975128118049982, 50.776332607727447 ], [ 1.975300606424373, 50.776352281440012 ], [ 1.975568173848433, 50.776410599614451 ], [ 1.975630308766482, 50.776417364472685 ], [ 1.975944752315471, 50.776485016284802 ], [ 1.975952438871214, 50.776487579701588 ], [ 1.9761138098464, 50.776522297903711 ], [ 1.976141769581174, 50.776531622235481 ], [ 1.97614467745476, 50.776532247893897 ], [ 1.976155698137716, 50.77653592316922 ], [ 1.976248015463396, 50.77655578464077 ], [ 1.976329575743056, 50.776582983996427 ], [ 1.976388008907029, 50.77661064288727 ], [ 1.97646996917058, 50.776637975525212 ], [ 1.976528402218087, 50.776665634244175 ], [ 1.976553047251028, 50.776673853012824 ], [ 1.976550994227817, 50.776676327938048 ], [ 1.976652651517701, 50.776724446254171 ], [ 1.97666514080999, 50.776728611225614 ], [ 1.976726034957202, 50.776757434676867 ], [ 1.976749303664109, 50.776765194378669 ], [ 1.976810197599257, 50.776794017641642 ], [ 1.977031860223573, 50.776867937678666 ], [ 1.977112545580227, 50.776885295842625 ], [ 1.977116606612711, 50.776886650106626 ], [ 1.977382693868998, 50.777012596686191 ], [ 1.977574376159926, 50.777184513277994 ], [ 1.977599288371002, 50.777216531699466 ], [ 1.977680197411603, 50.777269177251277 ], [ 1.977823932743543, 50.777317108399409 ], [ 1.977826840697553, 50.77731773402077 ], [ 1.977871503691782, 50.777332627601957 ], [ 1.977957834498779, 50.777342024961335 ], [ 1.977962152788727, 50.777342500840355 ], [ 1.978208963522541, 50.777370032326694 ], [ 1.978259056460179, 50.777370443332224 ], [ 1.978546605073865, 50.777398069204096 ], [ 1.978811531414394, 50.777474145540005 ], [ 1.979033942818604, 50.777592959982293 ], [ 1.979197138638048, 50.777745591042454 ], [ 1.979205320539449, 50.777756106183638 ], [ 1.979230600574688, 50.777807696503586 ], [ 1.979238861326292, 50.777818312972578 ], [ 1.979239535926615, 50.77781918152251 ], [ 1.979312172803096, 50.777912871501847 ], [ 1.979364604334636, 50.777946985479915 ], [ 1.979402960918681, 50.777959775354056 ], [ 1.979404268662366, 50.777959917687376 ], [ 1.979439478813863, 50.777967491677288 ], [ 1.979545399885717, 50.777979019912479 ], [ 1.979580610081522, 50.77798659386216 ], [ 1.979591338126211, 50.777987761471515 ], [ 1.979905795462348, 50.778055402661678 ], [ 1.979938056844994, 50.778070671432069 ], [ 1.979977337349079, 50.778083769118858 ], [ 1.980038235055099, 50.778112590892746 ], [ 1.980118823353214, 50.778139462116421 ], [ 1.980240618975773, 50.778197105414016 ], [ 1.980355411304702, 50.778235381274008 ], [ 1.980621513391516, 50.778361320398929 ], [ 1.980635601189252, 50.778373954070261 ], [ 1.980653828854918, 50.778385813177692 ], [ 1.980727681525503, 50.778452042777843 ], [ 1.9807969156625, 50.778497086996111 ], [ 1.980877409663915, 50.778523925931083 ], [ 1.981143515207, 50.778649864173282 ], [ 1.981195044599101, 50.778683389075418 ], [ 1.981222979271511, 50.77870156327964 ], [ 1.981250913964194, 50.77871973747709 ], [ 1.981300114133903, 50.778751746858859 ], [ 1.981323289434999, 50.778759473993901 ], [ 1.981381727452238, 50.778787130257442 ], [ 1.98140637372361, 50.778795347818338 ], [ 1.981530633733283, 50.778854154627155 ], [ 1.981641882246512, 50.778891246863282 ], [ 1.981907991401431, 50.779017183349211 ], [ 1.982099696832295, 50.779189092367709 ], [ 1.982115663899602, 50.779209610193789 ], [ 1.982230100705525, 50.779284059690575 ], [ 1.98224077109126, 50.779291001538411 ], [ 1.982343292149799, 50.779339518688538 ], [ 1.982370142704263, 50.77935698681501 ], [ 1.982398078179201, 50.779375160737047 ], [ 1.982428929023719, 50.77939523128164 ], [ 1.982485678363432, 50.779422087171689 ], [ 1.982526560605922, 50.779458747016903 ], [ 1.982529475962896, 50.779460643643702 ], [ 1.982585347164304, 50.779496991403725 ], [ 1.9826132827954, 50.779515165273551 ], [ 1.982668069069499, 50.779550807102844 ], [ 1.98266805627314, 50.779550798778182 ], [ 1.982859779451258, 50.779722715034026 ], [ 1.982871413089316, 50.779737663835732 ], [ 1.982915286637903, 50.779777005297753 ], [ 1.982926920369591, 50.779791954175835 ], [ 1.982970794028493, 50.779831295639603 ], [ 1.982997584488456, 50.779865720203638 ], [ 1.98307617418081, 50.780026067461115 ], [ 1.983093631031577, 50.780048498553747 ], [ 1.983274445850181, 50.780210632650565 ], [ 1.98330288458611, 50.780247174400706 ], [ 1.983401427929587, 50.780448228439568 ], [ 1.983398935501853, 50.780570946659701 ], [ 1.983407640459716, 50.78057101771639 ], [ 1.983407622745953, 50.780571889978489 ], [ 1.983420928395706, 50.78062998192668 ], [ 1.983416653219579, 50.780840500733518 ], [ 1.983309976921486, 50.781039878338653 ], [ 1.98317701025275, 50.781152819140644 ], [ 1.983102203741481, 50.781243008277535 ], [ 1.98308807424289, 50.781295206411031 ], [ 1.98309365638512, 50.781319578142735 ], [ 1.983144574499842, 50.781385003231627 ], [ 1.983200338228406, 50.781435004472122 ], [ 1.983298882939047, 50.781636057228106 ], [ 1.983294607188258, 50.781846575727897 ], [ 1.983280037304272, 50.781900400848819 ], [ 1.983278554642528, 50.781905748679591 ], [ 1.983248066316543, 50.782013173337873 ], [ 1.983246619482084, 50.782018163199602 ], [ 1.983230197603147, 50.782073622543756 ], [ 1.983126447481756, 50.782262661951812 ], [ 1.983112464615945, 50.782279519745302 ], [ 1.983110491406694, 50.782283207521601 ], [ 1.983102432844351, 50.782292922946034 ], [ 1.983095599417335, 50.782318166891514 ], [ 1.983100868940006, 50.78234117319991 ], [ 1.983213795472065, 50.782414633375446 ], [ 1.983213795472429, 50.782414633375616 ], [ 1.983241732974881, 50.782432807033416 ], [ 1.983241732975227, 50.78243280703358 ], [ 1.983264085662331, 50.782447347692155 ], [ 1.983293003739325, 50.782456988244824 ], [ 1.983559136154374, 50.782582920542907 ], [ 1.983750861005081, 50.782754826155262 ], [ 1.983849410504683, 50.782955878104083 ], [ 1.983845136907023, 50.783166396226427 ], [ 1.983738457289576, 50.783365773526839 ], [ 1.983731150323934, 50.783374582784965 ], [ 1.983703776383942, 50.783425742625084 ], [ 1.983695638133764, 50.78343555402401 ], [ 1.983676604711275, 50.783471125989877 ], [ 1.983477960081335, 50.783639845703298 ], [ 1.98320679519059, 50.783761392088707 ], [ 1.983171132209185, 50.783772547410358 ], [ 1.983089754726278, 50.783788578346226 ], [ 1.982981386937493, 50.783822475417367 ], [ 1.982899908207517, 50.783872815167214 ], [ 1.982898999952653, 50.783876170264911 ], [ 1.982792315127709, 50.784075546525415 ], [ 1.982695856095715, 50.784191831883327 ], [ 1.982681986735991, 50.784243064165466 ], [ 1.982681239680802, 50.784279821526653 ], [ 1.982679923110964, 50.784279810772986 ], [ 1.982676827906311, 50.784432103352643 ], [ 1.982570141011638, 50.784631479253711 ], [ 1.98237148805447, 50.784800196882159 ], [ 1.982100314214082, 50.784921740629407 ], [ 1.98178316429302, 50.784984212600882 ], [ 1.981779149475763, 50.78498458213469 ], [ 1.981740279195259, 50.784996739819654 ], [ 1.981584153476082, 50.785093192878541 ], [ 1.981553380485643, 50.785119327795847 ], [ 1.981282202921077, 50.785240869703799 ], [ 1.980965049947354, 50.785303339559427 ], [ 1.980852585354179, 50.78531369020331 ], [ 1.980829646692059, 50.785320864598994 ], [ 1.980606401306377, 50.785420920993424 ], [ 1.980289246358227, 50.785483389113523 ], [ 1.97995716300208, 50.785480669928788 ], [ 1.979642659122874, 50.785413029621445 ], [ 1.97937652154567, 50.785287089519194 ], [ 1.979314534445812, 50.785246764716284 ], [ 1.979268641265635, 50.785231464129012 ], [ 1.979002505675254, 50.785105523182608 ], [ 1.978810788203729, 50.784933610920945 ], [ 1.978712255068953, 50.784732555654095 ], [ 1.978714577402798, 50.784618735119373 ], [ 1.978700621620838, 50.784557784435293 ], [ 1.978681505535564, 50.784551411007122 ], [ 1.978625523287151, 50.78452491834603 ], [ 1.978414956600378, 50.784454713565658 ], [ 1.978304373904827, 50.784442678594424 ], [ 1.978172960981758, 50.784454770491081 ], [ 1.977840884564756, 50.784452045659989 ], [ 1.9777767666303, 50.784445067264571 ], [ 1.97777244741858, 50.784444591350749 ], [ 1.977525602309645, 50.784417059344513 ], [ 1.977413219897523, 50.784416136712281 ], [ 1.977413245719986, 50.784414872720241 ], [ 1.97717729156369, 50.784412935264008 ], [ 1.976862798149407, 50.784345287827556 ], [ 1.976760198909141, 50.784311078425148 ], [ 1.976707789120266, 50.784305373824864 ], [ 1.976655163731447, 50.784310215467507 ], [ 1.976561773780817, 50.784339421204464 ], [ 1.976465239193316, 50.784382683112746 ], [ 1.97614808565688, 50.784445140786929 ], [ 1.975816009415212, 50.784442410557268 ], [ 1.9757643097101, 50.784436782859409 ], [ 1.975449818055496, 50.784369131857822 ], [ 1.975421851484013, 50.784359806648339 ], [ 1.975418942990671, 50.784359180990407 ], [ 1.975365612739626, 50.784341398453819 ], [ 1.975362704248059, 50.784340772794565 ], [ 1.975341237374172, 50.784333614829933 ], [ 1.97515535599961, 50.78429362879924 ], [ 1.974889235667525, 50.784167678898811 ], [ 1.974885525832173, 50.784165265189905 ], [ 1.974857590386696, 50.78414708969941 ], [ 1.97485759038635, 50.78414708969926 ], [ 1.97482965497126, 50.784128914208559 ], [ 1.974829654970883, 50.784128914208367 ], [ 1.974801719576009, 50.784110738710851 ], [ 1.974801719575634, 50.784110738710673 ], [ 1.974783149111753, 50.784098656270814 ], [ 1.974709295894157, 50.784032423653713 ], [ 1.97452273432573, 50.783911040824101 ], [ 1.974522734325366, 50.783911040823938 ], [ 1.974516790027211, 50.783907173261788 ], [ 1.974325092483079, 50.78373525376913 ], [ 1.974307682641124, 50.783699721366396 ], [ 1.974248285124039, 50.783623383276591 ], [ 1.974140953318308, 50.783553548503718 ], [ 1.974118933870948, 50.783551151260212 ], [ 1.974001702681403, 50.78356193442297 ], [ 1.973669632414566, 50.783559198467394 ], [ 1.97348245772324, 50.783538820017036 ], [ 1.973167974801333, 50.78347116316386 ], [ 1.972901863842556, 50.783345208859977 ], [ 1.972710173996325, 50.783173286741217 ], [ 1.97267328290682, 50.783125871144044 ], [ 1.972558851313361, 50.783051413109185 ], [ 1.972545271774892, 50.783042577196213 ], [ 1.972512713421338, 50.783027166511992 ], [ 1.972321026089027, 50.782855243671584 ], [ 1.972222523066147, 50.782654182562638 ], [ 1.972195540170581, 50.78253626368852 ], [ 1.972108730594999, 50.782424684983468 ], [ 1.972091385801936, 50.782409128273763 ], [ 1.971992884531472, 50.782208067114766 ], [ 1.97198342425094, 50.782166723447105 ], [ 1.971981028905851, 50.782163644607436 ], [ 1.971918076601654, 50.782107181336393 ], [ 1.97173152990392, 50.781985794573309 ], [ 1.971711645575521, 50.781972855700168 ], [ 1.971693383895664, 50.781964211510555 ], [ 1.971501706007124, 50.78179228884207 ], [ 1.971456370077413, 50.781734015234143 ], [ 1.971407173158342, 50.781702002035956 ], [ 1.97133332802457, 50.781635767237404 ], [ 1.971322658651663, 50.781628824479931 ], [ 1.971294725940211, 50.781610648136322 ], [ 1.971146783537979, 50.781514378884332 ], [ 1.971113287556147, 50.781492582262317 ], [ 1.970992362882866, 50.781435018817177 ], [ 1.970799661636669, 50.781259172713519 ], [ 1.970784825418874, 50.781239571873272 ], [ 1.970737769014433, 50.78114165078204 ], [ 1.970705142033168, 50.781099711295461 ], [ 1.970652166430273, 50.781065238120249 ], [ 1.970508425198117, 50.78101729829995 ], [ 1.970505517386251, 50.781016672644135 ], [ 1.970490368699736, 50.781011620309812 ], [ 1.970406769945458, 50.780993632013093 ], [ 1.970336342884033, 50.780970143337413 ], [ 1.970280769350011, 50.780958185300832 ], [ 1.970014678519921, 50.78083222417775 ], [ 1.970014159534066, 50.780831886447039 ], [ 1.969822489335878, 50.78065995935642 ], [ 1.969749385067935, 50.780565985679061 ], [ 1.969568612234972, 50.780403831351627 ], [ 1.969561682147896, 50.780394922787835 ], [ 1.969431863879259, 50.780278474138001 ], [ 1.969420281498523, 50.780263584986798 ], [ 1.969305861546523, 50.78018912385896 ], [ 1.969295192984014, 50.780182181056276 ], [ 1.969271163149066, 50.780170805459619 ], [ 1.969134226816881, 50.780125132320734 ], [ 1.969084277276629, 50.780119691876173 ], [ 1.968769820993788, 50.780052023338435 ], [ 1.968726299838171, 50.780037507233544 ], [ 1.968667867212136, 50.780009844993934 ], [ 1.968470021086085, 50.779943854804337 ], [ 1.96822047202901, 50.77989015234764 ], [ 1.967970566393767, 50.779771843729904 ], [ 1.967965184946923, 50.779770048744908 ], [ 1.967961092479038, 50.779769597437493 ], [ 1.967629836452642, 50.779732619911101 ], [ 1.96763033108333, 50.779730838805051 ], [ 1.967520161755163, 50.779721586583307 ], [ 1.967481802210084, 50.779715368406045 ], [ 1.96721329583863, 50.779645917622481 ], [ 1.96702272338481, 50.779551866025031 ], [ 1.966860019414117, 50.779497594012959 ], [ 1.966857111999873, 50.779496968312458 ], [ 1.966809718720415, 50.779481159574765 ], [ 1.96675867001204, 50.779456991401823 ], [ 1.966758380926571, 50.77945689497281 ], [ 1.966492307775656, 50.779330926307772 ], [ 1.966300655491045, 50.779158993481737 ], [ 1.966246020961111, 50.779088752076326 ], [ 1.966223674666256, 50.779074208256496 ], [ 1.966195745231671, 50.779056030698698 ], [ 1.966131608226591, 50.779014287776072 ], [ 1.966103678858768, 50.778996110195898 ], [ 1.966081332693353, 50.778981566378924 ], [ 1.965976060922277, 50.778946450178559 ], [ 1.965803057434757, 50.778909215536018 ], [ 1.965543627752905, 50.778822674856983 ], [ 1.96554072039387, 50.778822049125168 ], [ 1.965487400171442, 50.778804262394466 ], [ 1.965484492017483, 50.778803636442326 ], [ 1.965467967607555, 50.778798124181712 ], [ 1.965408500327701, 50.778785325082268 ], [ 1.965274006193557, 50.778770671517613 ], [ 1.965212465724488, 50.778770160181637 ], [ 1.964983915364837, 50.77873335635676 ], [ 1.9649823684723, 50.778739063469992 ], [ 1.964898877476393, 50.778729966608111 ], [ 1.964836868784695, 50.778716620173839 ], [ 1.964827028312626, 50.77871554797904 ], [ 1.964738218748237, 50.778696433000142 ], [ 1.964722175749783, 50.778694684970553 ], [ 1.964407735606846, 50.778627005458894 ], [ 1.964387401081573, 50.778617377631718 ], [ 1.964106278288453, 50.778523595801374 ], [ 1.964103369896491, 50.778522969772908 ], [ 1.964050050873371, 50.7785051825837 ], [ 1.964047143019938, 50.778504556641231 ], [ 1.964034746349347, 50.778500421125372 ], [ 1.96394533788171, 50.778481176518703 ], [ 1.963833304363953, 50.778443801899087 ], [ 1.963752502244066, 50.778434997152239 ], [ 1.963751126384259, 50.778434985703733 ], [ 1.963751190227099, 50.778431901449373 ], [ 1.963533390949683, 50.778430088893096 ], [ 1.96321895376644, 50.778362406375592 ], [ 1.963084162335525, 50.778298583931978 ], [ 1.962867041753763, 50.778226149762766 ], [ 1.962864133935217, 50.778225523793381 ], [ 1.96281674339957, 50.778209713687396 ], [ 1.962550684908938, 50.778083735740204 ], [ 1.962535078174723, 50.778073577113922 ], [ 1.962412104774631, 50.778047105963928 ], [ 1.962393955966397, 50.778045128106072 ], [ 1.962331949210893, 50.778031780542626 ], [ 1.962232492076283, 50.778020941657573 ], [ 1.961918059360654, 50.7779532558665 ], [ 1.961864479847004, 50.777935380338562 ], [ 1.961803592837724, 50.777906549674604 ], [ 1.961780326103751, 50.77789878725261 ], [ 1.961514273412374, 50.777772807545091 ], [ 1.961494098599339, 50.777759675063074 ], [ 1.961440450646799, 50.777741776394421 ], [ 1.961416289730632, 50.77773914314497 ], [ 1.961392027934103, 50.777741372555923 ], [ 1.961256494706507, 50.777783743015178 ], [ 1.961235768405158, 50.77779302899539 ], [ 1.961115491367715, 50.777816702734434 ], [ 1.960927169365349, 50.777875575369244 ], [ 1.960833057652628, 50.777917739615411 ], [ 1.960515925574332, 50.777980158101059 ], [ 1.960183893072601, 50.777977386168281 ], [ 1.959869463054003, 50.777909695162805 ], [ 1.959603415112932, 50.777783711375172 ], [ 1.959596221000938, 50.777779028254983 ], [ 1.959452501220039, 50.777731075867621 ], [ 1.959449592935881, 50.777730449730498 ], [ 1.959433070365809, 50.777724936934128 ], [ 1.959352389170419, 50.777707567233605 ], [ 1.959317253478108, 50.777695844061419 ], [ 1.959302713938656, 50.777692713839286 ], [ 1.959178006915525, 50.777651104665104 ], [ 1.959016417810156, 50.77763349025318 ], [ 1.959019151373453, 50.77762340938601 ], [ 1.958921025934453, 50.777608950328712 ], [ 1.958920257809347, 50.777611782202129 ], [ 1.958918725751494, 50.777611615146469 ], [ 1.95887452433949, 50.777602098158894 ], [ 1.958710007008689, 50.777577855809781 ], [ 1.958699395680867, 50.777574659423564 ], [ 1.958660574665922, 50.777562342415102 ], [ 1.958645253753317, 50.777557230412413 ], [ 1.958603908673536, 50.777552723321811 ], [ 1.958482239558615, 50.777563900656773 ], [ 1.958249916392515, 50.777561957439858 ], [ 1.958249882571462, 50.777563582739667 ], [ 1.958214844324626, 50.777563289628688 ], [ 1.958193220036779, 50.777561483149633 ], [ 1.958150210321514, 50.777561123337009 ], [ 1.9580840405342, 50.777553909800822 ], [ 1.958084450890492, 50.777552396586387 ], [ 1.957967489239601, 50.777542625512325 ], [ 1.957734577351991, 50.77748592012756 ], [ 1.957598896945958, 50.77744064723526 ], [ 1.957544964247025, 50.777434767464825 ], [ 1.95752289172112, 50.777436795011518 ], [ 1.957190863603322, 50.777434015080722 ], [ 1.95708589283714, 50.777411413871356 ], [ 1.956896266839681, 50.777390739812979 ], [ 1.956865216348634, 50.777390479723373 ], [ 1.956672456760832, 50.7774081851598 ], [ 1.95657103961909, 50.777428142913372 ], [ 1.956239010445497, 50.777425360484095 ], [ 1.956059610826807, 50.777405800100816 ], [ 1.956021170005477, 50.777409330753457 ], [ 1.955920190417932, 50.777440893887757 ], [ 1.955837304211933, 50.777478024201208 ], [ 1.955520168633867, 50.777540430001928 ], [ 1.955188139274003, 50.777537644721505 ], [ 1.954873718741567, 50.777469941012356 ], [ 1.954689968065828, 50.777408622888167 ], [ 1.954423935898443, 50.777282627930347 ], [ 1.954232332787227, 50.777110675794802 ], [ 1.954133913755381, 50.776909598694928 ], [ 1.954138311708177, 50.776699079659672 ], [ 1.954156512369555, 50.776631982474605 ], [ 1.954153310356471, 50.776617964902499 ], [ 1.954129792581301, 50.776602653134518 ], [ 1.954027000959434, 50.77656834992294 ], [ 1.953937600121519, 50.776549098152827 ], [ 1.953769687220139, 50.776493062462066 ], [ 1.953689009906255, 50.776475689023975 ], [ 1.95365553419305, 50.776464517474871 ], [ 1.953389509568752, 50.776338520135774 ], [ 1.953197913559215, 50.776166566149506 ], [ 1.953099500498383, 50.775965487915919 ], [ 1.953103902710102, 50.775754968581182 ], [ 1.953210688023452, 50.775555615234779 ], [ 1.953409402554775, 50.775386941747911 ], [ 1.953414921801653, 50.775383533739081 ], [ 1.953425993897296, 50.775342717293292 ], [ 1.953393529889713, 50.775200584807152 ], [ 1.953387513997422, 50.775188267495999 ], [ 1.953342788208741, 50.774990817888465 ], [ 1.953331811738565, 50.774968390355603 ], [ 1.953330152238598, 50.774961124707012 ], [ 1.953286903364569, 50.77487120045722 ], [ 1.953281985403162, 50.774864646716324 ], [ 1.953189992095998, 50.77467196960319 ], [ 1.95318720546606, 50.77465976890312 ], [ 1.953148249900095, 50.774578770383094 ], [ 1.953140249650424, 50.774568479457706 ], [ 1.953136715064774, 50.774563888974399 ], [ 1.953109168073106, 50.774527765616355 ], [ 1.953108144111307, 50.774526419042871 ], [ 1.953086931353081, 50.774498443539237 ], [ 1.953062918126254, 50.77444851357226 ], [ 1.953057983987865, 50.774442166629591 ], [ 1.953054449418674, 50.774437576143043 ], [ 1.953026902555854, 50.774401452759882 ], [ 1.952999355732811, 50.774365329368671 ], [ 1.952971808949457, 50.774329205969302 ], [ 1.952945658344501, 50.77429491338895 ], [ 1.952810229954376, 50.774120023738405 ], [ 1.952795249549069, 50.774099839307844 ], [ 1.95277272056681, 50.77406813017069 ], [ 1.952751436113815, 50.774040218483734 ], [ 1.952744136463028, 50.774030446406044 ], [ 1.952735592264972, 50.774018766592896 ], [ 1.952648019369848, 50.7738320499259 ], [ 1.952633490058795, 50.773768431957357 ], [ 1.952637894036697, 50.773557911934752 ], [ 1.952672042469399, 50.773494159968429 ], [ 1.952698008207635, 50.773398440624575 ], [ 1.952692441744406, 50.773374067238237 ], [ 1.95266872967658, 50.773343564551929 ], [ 1.95254299324857, 50.773230709080813 ], [ 1.952444588588329, 50.773029629430788 ], [ 1.952444497319938, 50.773029229789827 ], [ 1.952438580672218, 50.773021426466464 ], [ 1.952385121002242, 50.772910262464265 ], [ 1.952317565135533, 50.772772217366203 ], [ 1.952316134377407, 50.772765952335817 ], [ 1.952296729030581, 50.772726298875718 ], [ 1.952284589518514, 50.772673141950051 ], [ 1.952287548118659, 50.772672870276523 ], [ 1.95228335177921, 50.772647509818668 ], [ 1.952280462680292, 50.772647775110279 ], [ 1.952233522457278, 50.772442230296768 ], [ 1.95223089105906, 50.772436853166482 ], [ 1.952209532359168, 50.772343325723696 ], [ 1.952198514111772, 50.772320810407294 ], [ 1.952192116595014, 50.772292796259116 ], [ 1.952167498214429, 50.772260510735229 ], [ 1.9520393931142, 50.772095111606632 ], [ 1.951995757098953, 50.772055944205107 ], [ 1.951983646654492, 50.772040364811176 ], [ 1.95188524657984, 50.771839284354769 ], [ 1.951882924828676, 50.771829117230276 ], [ 1.951863520188006, 50.771789463646137 ], [ 1.951856131484346, 50.771757107839775 ], [ 1.951836726892793, 50.77171745424711 ], [ 1.951827929357017, 50.771678928879815 ], [ 1.95181428011524, 50.771651036361362 ], [ 1.951796216064149, 50.771571931575593 ], [ 1.951768130901366, 50.771535800997214 ], [ 1.951653678323415, 50.771433066960931 ], [ 1.951636288847945, 50.771397530723931 ], [ 1.951622100105424, 50.77137927724948 ], [ 1.951621425318337, 50.771378407573017 ], [ 1.951491885548211, 50.77121115001124 ], [ 1.951448250731552, 50.771171982365132 ], [ 1.951427820025248, 50.771145698464935 ], [ 1.951329423940884, 50.770944617295591 ], [ 1.951318115942513, 50.770895095262006 ], [ 1.951322525197968, 50.77068457436534 ], [ 1.951429306790317, 50.770485221007831 ], [ 1.951628007200378, 50.770316549061704 ], [ 1.95189917589247, 50.770195068960668 ], [ 1.951911142951582, 50.770191328329695 ], [ 1.951973027446797, 50.770163604688811 ], [ 1.952026366506205, 50.770130666508905 ], [ 1.952053221300681, 50.770098312729445 ], [ 1.952062497206134, 50.770064117453224 ], [ 1.952055190275148, 50.77003211911903 ], [ 1.952005274924266, 50.769999614279591 ], [ 1.951940909545304, 50.769992593027041 ], [ 1.951831437666485, 50.770002645503936 ], [ 1.951797529369779, 50.770013244479117 ], [ 1.951480436092742, 50.770075640707034 ], [ 1.95114845650823, 50.770072844651501 ], [ 1.9508340883425, 50.770005130019655 ], [ 1.950568105134861, 50.769879125414754 ], [ 1.950376543529975, 50.769707165397172 ], [ 1.950278154494035, 50.769506082957136 ], [ 1.950282567999385, 50.76929556165252 ], [ 1.950389350769932, 50.769096208765617 ], [ 1.950463250724136, 50.769007178894149 ], [ 1.950468924736889, 50.768987953402551 ], [ 1.950478330175044, 50.768958478590839 ], [ 1.950543718588542, 50.768842031750225 ], [ 1.950558849292049, 50.768786257831763 ], [ 1.950553596147717, 50.768763249673547 ], [ 1.950503683036408, 50.768730744169446 ], [ 1.9504265748404, 50.768722331684586 ], [ 1.950425199357817, 50.768722320089609 ], [ 1.950425212584106, 50.768721689108034 ], [ 1.95018303085574, 50.768719647338671 ], [ 1.949868672490945, 50.76865193013009 ], [ 1.949664396663378, 50.768555153077656 ], [ 1.949521584160517, 50.768507479435655 ], [ 1.949465053013137, 50.768501311417921 ], [ 1.949150696989934, 50.768433592374222 ], [ 1.948884726365848, 50.768307583872343 ], [ 1.948693176553701, 50.768135620854046 ], [ 1.948594797365305, 50.767934536603363 ], [ 1.948592628647938, 50.767925036037269 ], [ 1.948589997878063, 50.767919658793097 ], [ 1.948589959760225, 50.767919491809025 ], [ 1.948544778042517, 50.767861144785549 ], [ 1.948402562859358, 50.767733469471864 ], [ 1.94831966573826, 50.767564026572927 ], [ 1.948303000616675, 50.76754216631786 ], [ 1.948275460974671, 50.76750604150466 ], [ 1.94827443728641, 50.767504694877019 ], [ 1.948253230203163, 50.767476718251167 ], [ 1.948229225163217, 50.767426786818753 ], [ 1.948121845344541, 50.767288618070481 ], [ 1.948078010083753, 50.767249263619647 ], [ 1.948066389697875, 50.767234311243222 ], [ 1.948022554528205, 50.7671949567696 ], [ 1.948010934171488, 50.767180004386788 ], [ 1.947967099092938, 50.767140649890393 ], [ 1.947954791643245, 50.767124813350378 ], [ 1.947912728089459, 50.767087049202964 ], [ 1.947888113258478, 50.767055376107884 ], [ 1.947803986431539, 50.766979847743585 ], [ 1.947792303181279, 50.766964814258614 ], [ 1.947693929910581, 50.766763728938329 ], [ 1.947658608536417, 50.766608978705584 ], [ 1.947663032798899, 50.766398456566542 ], [ 1.947769819819869, 50.766199105048088 ], [ 1.94789432848323, 50.766093413327212 ], [ 1.947921630580826, 50.766060521973216 ], [ 1.947935266894979, 50.766010263575012 ], [ 1.947936434488439, 50.765954690178702 ], [ 1.947910333973887, 50.765840339021317 ], [ 1.947871535655887, 50.765761029887301 ], [ 1.947848570904116, 50.765660416110698 ], [ 1.947842557521785, 50.765648098352955 ], [ 1.947801126064722, 50.765465063347129 ], [ 1.947794707411745, 50.765456803842653 ], [ 1.947789678993168, 50.765453528667592 ], [ 1.947598143858125, 50.765281563218664 ], [ 1.947499774673542, 50.765080477230427 ], [ 1.947482614794064, 50.765005292357493 ], [ 1.947416534156526, 50.764866692679462 ], [ 1.947420374848863, 50.764711843553606 ], [ 1.947395628422375, 50.764603417025228 ], [ 1.947400053613192, 50.764392894253895 ], [ 1.947429417646596, 50.764338075472104 ], [ 1.947436733677613, 50.764311111315145 ], [ 1.94754351714846, 50.764111759358457 ], [ 1.94758245513712, 50.764064848518764 ], [ 1.947589729303086, 50.764038038192545 ], [ 1.947696511582604, 50.76383868602197 ], [ 1.947699995319865, 50.763834488922718 ], [ 1.947700747365147, 50.763831717079363 ], [ 1.947721804989974, 50.763792404315829 ], [ 1.947744645045464, 50.763708221451253 ], [ 1.947745397096845, 50.763705483412132 ], [ 1.947790503747142, 50.763543242643834 ], [ 1.947804046532784, 50.763450007701238 ], [ 1.947820556975709, 50.763389153445125 ], [ 1.947825566084927, 50.76315074889655 ], [ 1.947947618719893, 50.762846244986356 ], [ 1.94803445568043, 50.762741623208349 ], [ 1.948062715695909, 50.762637458832096 ], [ 1.94806311092833, 50.762618643511942 ], [ 1.948074635188453, 50.762618740889579 ], [ 1.948076975598412, 50.762507322489874 ], [ 1.94809845888826, 50.762428136022713 ], [ 1.948205235710205, 50.76222878292829 ], [ 1.948403914220892, 50.762060114010431 ], [ 1.948432350255813, 50.762042552598651 ], [ 1.948505081746586, 50.761954922406098 ], [ 1.948510019136973, 50.761945704051513 ], [ 1.948575644122954, 50.761866635760349 ], [ 1.948578538212657, 50.761856444324593 ], [ 1.948594991834076, 50.761800987848332 ], [ 1.948615261034472, 50.761764091931227 ], [ 1.94863621360675, 50.761686857285241 ], [ 1.948678325551071, 50.761608231179693 ], [ 1.948709216582601, 50.761494360716341 ], [ 1.948710759880329, 50.761420843856513 ], [ 1.948708359235575, 50.761410325915712 ], [ 1.94871277862616, 50.761199802076781 ], [ 1.948713427391063, 50.761197410579179 ], [ 1.948703615619936, 50.761154422057615 ], [ 1.948677869010167, 50.761121041108858 ], [ 1.94858088419624, 50.760921737932151 ], [ 1.948562161157554, 50.760839704760457 ], [ 1.948483071928058, 50.760737925102411 ], [ 1.948446070802033, 50.760704701858515 ], [ 1.948347707197499, 50.760503615164204 ], [ 1.948352127998763, 50.760293091067972 ], [ 1.9483607725153, 50.760261225592203 ], [ 1.948347001475413, 50.760200887096296 ], [ 1.948307492200489, 50.760118091862232 ], [ 1.948275562466154, 50.760077000704868 ], [ 1.94821635795804, 50.76003843482475 ], [ 1.948024842276844, 50.759866468888234 ], [ 1.9479875372394, 50.759790203014539 ], [ 1.94791463478898, 50.759696381241106 ], [ 1.947835879064357, 50.759645078769147 ], [ 1.947630984651412, 50.759547984670796 ], [ 1.947521505682956, 50.759476667907428 ], [ 1.947508228222197, 50.759468018686263 ], [ 1.947285085594634, 50.759362275820742 ], [ 1.947093575678702, 50.759190308248201 ], [ 1.947083623156838, 50.75917749936653 ], [ 1.946992536330611, 50.759095704717303 ], [ 1.946976638707007, 50.759085348442071 ], [ 1.946785130869309, 50.758913380275658 ], [ 1.946727112741249, 50.758838709726064 ], [ 1.946581571590416, 50.75870801675341 ], [ 1.946483219405498, 50.758506927921324 ], [ 1.946455808198117, 50.758386799472973 ], [ 1.946410990851407, 50.75829516599844 ], [ 1.946415419614242, 50.758084641167414 ], [ 1.946503332224296, 50.757920504034082 ], [ 1.946536426173464, 50.757798523582132 ], [ 1.946536983327166, 50.757798584399836 ], [ 1.946538173349386, 50.757790788040438 ], [ 1.946583436170812, 50.757632738128791 ], [ 1.946584161605195, 50.757598248092087 ], [ 1.946551270512152, 50.757454102693792 ], [ 1.946540258100077, 50.757431586431586 ], [ 1.946522174873799, 50.757352336140379 ], [ 1.946525132703876, 50.757352064587977 ], [ 1.946506795178166, 50.757241128184482 ], [ 1.946506862048422, 50.757237949113104 ], [ 1.946523850201112, 50.757126651109566 ], [ 1.946580150342855, 50.756930058030655 ], [ 1.946583465770097, 50.756907233677254 ], [ 1.946595354023967, 50.756863413804275 ], [ 1.946585312983243, 50.756819408346828 ], [ 1.946574466762368, 50.756714035235809 ], [ 1.946575136580746, 50.756682189049698 ], [ 1.946592124380231, 50.756570890988407 ], [ 1.946629020649734, 50.756442051775167 ], [ 1.946632800580812, 50.756262325575328 ], [ 1.94673956975713, 50.756062972153224 ], [ 1.946744984976669, 50.756056447152851 ], [ 1.946749781288022, 50.756038767558067 ], [ 1.946754190770767, 50.755829078899211 ], [ 1.946773503702213, 50.755757889392463 ], [ 1.94678545869356, 50.75573556750016 ], [ 1.946796628260426, 50.755694394881274 ], [ 1.946817683268335, 50.75565508165095 ], [ 1.946819903132297, 50.755646898964244 ], [ 1.946926670270982, 50.755447545718283 ], [ 1.94700560706449, 50.75535242993562 ], [ 1.947006594488715, 50.755350586358347 ], [ 1.947034647981706, 50.755316782781243 ], [ 1.947035635408007, 50.75531493919646 ], [ 1.947063688861433, 50.755281135610971 ], [ 1.947064676285953, 50.755279292025882 ], [ 1.947092729699819, 50.75524548843201 ], [ 1.947093717122556, 50.75524364484663 ], [ 1.947108662329428, 50.755225636259283 ], [ 1.947127530601357, 50.755190405094652 ], [ 1.947326185081161, 50.755021735784581 ], [ 1.947421040388524, 50.754963148092656 ], [ 1.947463324833096, 50.754912195760788 ], [ 1.947484532042715, 50.754834017752515 ], [ 1.947467571920122, 50.754759691628948 ], [ 1.947471995942438, 50.754549165725344 ], [ 1.947478402523643, 50.754525548419799 ], [ 1.947490356955816, 50.754503226281471 ], [ 1.947515621714886, 50.754410089582507 ], [ 1.947518556977095, 50.754399752298752 ], [ 1.947535009322676, 50.754344295335187 ], [ 1.947555276286451, 50.754307399173221 ], [ 1.947590907871513, 50.754176044619115 ], [ 1.947604807210859, 50.754080338377094 ], [ 1.947621314807457, 50.754019483282157 ], [ 1.94762246414223, 50.753964781168477 ], [ 1.947622786369593, 50.753964783892897 ], [ 1.947626069879961, 50.753808505842208 ], [ 1.947650025766914, 50.753720191988144 ], [ 1.94771318590927, 50.753602251895877 ], [ 1.947717999392336, 50.753584506725311 ], [ 1.947739052695794, 50.753545193347541 ], [ 1.947747792705334, 50.753512972708315 ], [ 1.947768845955339, 50.753473659321259 ], [ 1.94777758593323, 50.753441438676454 ], [ 1.947798639129783, 50.753402125280083 ], [ 1.947814426700899, 50.753343922852643 ], [ 1.947921185288879, 50.75314456725431 ], [ 1.947926105859666, 50.753138637699024 ], [ 1.948124749255659, 50.75296996690065 ], [ 1.948228100927661, 50.752906127285677 ], [ 1.948270382952269, 50.752855174352312 ], [ 1.948298636899508, 50.75275100836015 ], [ 1.948299427030806, 50.752713377153398 ], [ 1.948288972830078, 50.75266756389609 ], [ 1.948217059076351, 50.7526597140996 ], [ 1.948157739042868, 50.752659212806719 ], [ 1.948077688695935, 50.752666563855769 ], [ 1.948026697661854, 50.752682448666427 ], [ 1.947952291447772, 50.752772113178409 ], [ 1.947951304130157, 50.752773956870584 ], [ 1.947924700273785, 50.752806016219928 ], [ 1.947921738315664, 50.752811547295494 ], [ 1.947899559516321, 50.752838274125473 ], [ 1.947715882160987, 50.752994236621639 ], [ 1.947667641909342, 50.753052368480731 ], [ 1.947627692932256, 50.753086289348936 ], [ 1.947548352182554, 50.753181898294748 ], [ 1.94748345891913, 50.753303074930763 ], [ 1.947459141995759, 50.753392719421932 ], [ 1.947450416864478, 50.753452797501595 ], [ 1.947447317760645, 50.753464222320851 ], [ 1.947405210730816, 50.753542848981439 ], [ 1.947402089509959, 50.753554355273195 ], [ 1.947381035938196, 50.753593668593417 ], [ 1.947372295678666, 50.753625889202929 ], [ 1.947351242053442, 50.753665202513858 ], [ 1.947314733689833, 50.753799788303944 ], [ 1.947314715357027, 50.753800660595253 ], [ 1.947310615932963, 50.753800625924484 ], [ 1.947309811338706, 50.753838909058125 ], [ 1.94732006857743, 50.753883861973698 ], [ 1.947315643978863, 50.754094388099766 ], [ 1.947298722497808, 50.754156767428505 ], [ 1.947280361578134, 50.754251915778461 ], [ 1.947268273079369, 50.754284625156409 ], [ 1.947242205893001, 50.75432890161985 ], [ 1.947223391331774, 50.754364033222373 ], [ 1.947221435389292, 50.754371243522733 ], [ 1.9471520285534, 50.754500843356595 ], [ 1.94714243180207, 50.754536220082521 ], [ 1.947035667148651, 50.754735574592317 ], [ 1.946859827053352, 50.754884872918147 ], [ 1.946804592775316, 50.754951428481419 ], [ 1.946722404641316, 50.755104889485629 ], [ 1.946686006955914, 50.755148747148091 ], [ 1.946645192130328, 50.755224955843666 ], [ 1.94644653470838, 50.755393623888672 ], [ 1.946175432685412, 50.755515094953395 ], [ 1.945858423881452, 50.755577478237051 ], [ 1.945774734504134, 50.755576769427798 ], [ 1.945648378370381, 50.755588369528965 ], [ 1.945316495138748, 50.755585557858687 ], [ 1.945002225791899, 50.755517827011502 ], [ 1.94473633419425, 50.75539180717778 ], [ 1.944649398061696, 50.755313730462255 ], [ 1.944488323084125, 50.755208785459871 ], [ 1.944466769984651, 50.755198570166336 ], [ 1.944367925522265, 50.755165559213019 ], [ 1.944329663158493, 50.755161381646367 ], [ 1.944291238401753, 50.755164908814756 ], [ 1.944164889729586, 50.75520440559368 ], [ 1.944158144535056, 50.755206495363858 ], [ 1.944007436016132, 50.755252768953397 ], [ 1.943921946507002, 50.755305566943527 ], [ 1.943873798560959, 50.755346443565315 ], [ 1.943602690793795, 50.755467908928061 ], [ 1.943570482584256, 50.755474246419482 ], [ 1.943530381861001, 50.755486781613001 ], [ 1.943528362825365, 50.755487411061402 ], [ 1.943325034586697, 50.755550630101176 ], [ 1.943008371281301, 50.755612529107978 ], [ 1.942677049667232, 50.755609436562807 ], [ 1.942363394586624, 50.755541654183773 ], [ 1.942098007083603, 50.755415795014109 ], [ 1.942034277047707, 50.755374270540365 ], [ 1.942034277045199, 50.755374270539171 ], [ 1.941959910280942, 50.755325815378399 ], [ 1.941886142897344, 50.755259560404681 ], [ 1.941699768060058, 50.75513812310885 ], [ 1.941699768058629, 50.755138123108175 ], [ 1.941588139374649, 50.755065388155508 ], [ 1.941588139374309, 50.75506538815533 ], [ 1.941582201043072, 50.755061518852003 ], [ 1.941390726957805, 50.754889541141438 ], [ 1.941373350507529, 50.754854002579208 ], [ 1.941256767013342, 50.754703917763145 ], [ 1.941212948159986, 50.754664560143617 ], [ 1.941207107516709, 50.754657041094333 ], [ 1.94107463508542, 50.75453805526908 ], [ 1.940997516468421, 50.754380327340918 ], [ 1.940943742786976, 50.754311099899738 ], [ 1.940854335574634, 50.754230793872161 ], [ 1.940829116997113, 50.754198327623776 ], [ 1.940820370979996, 50.754190471876683 ], [ 1.94072205078645, 50.753989377149054 ], [ 1.940707678842166, 50.753926354284424 ], [ 1.940676313141376, 50.753885826680289 ], [ 1.940542270895914, 50.753765427142376 ], [ 1.940462380870778, 50.753713369417376 ], [ 1.940259966349285, 50.753617419552569 ], [ 1.940068502316624, 50.753445439404217 ], [ 1.94003167761007, 50.753370118108606 ], [ 1.940027496227598, 50.753364665357296 ], [ 1.940006959986817, 50.753337536913442 ], [ 1.939912145667858, 50.753137170145841 ], [ 1.939918908536898, 50.752928014348321 ], [ 1.940026593803337, 50.752730282322638 ], [ 1.940224793796809, 50.752563082669909 ], [ 1.940494354128864, 50.752442573219007 ], [ 1.940544302105597, 50.752426960336074 ], [ 1.940618915852384, 50.752337065527378 ], [ 1.940619903431266, 50.752335221892139 ], [ 1.940628597538487, 50.75232474718694 ], [ 1.940655998350386, 50.752273594624256 ], [ 1.940658020742284, 50.752271158030588 ], [ 1.940685421494855, 50.752220005457247 ], [ 1.940687443883091, 50.752217568862989 ], [ 1.940714844576273, 50.752166416279053 ], [ 1.940736228905329, 50.752140652151297 ], [ 1.940737216476028, 50.752138808514587 ], [ 1.940765272441699, 50.752105006259519 ], [ 1.940766260010617, 50.752103162622483 ], [ 1.940774954046956, 50.75209268790335 ], [ 1.940802354582464, 50.752041535290481 ], [ 1.940823738813201, 50.752015771142823 ], [ 1.940824726378217, 50.752013927505047 ], [ 1.940848224767358, 50.751985616139265 ], [ 1.940864845438423, 50.751924372795266 ], [ 1.940863387538342, 50.751917979517394 ], [ 1.940860785907049, 50.751914630029404 ], [ 1.940762470024635, 50.751713534668127 ], [ 1.940766921932524, 50.751503008043805 ], [ 1.940873704596528, 50.751303657953969 ], [ 1.94107236439629, 50.751134997945783 ], [ 1.94113219320621, 50.751108192055256 ], [ 1.941223044275153, 50.751052081688229 ], [ 1.941297944361506, 50.750961837395693 ], [ 1.941299919454729, 50.750958149965456 ], [ 1.941337390188827, 50.750913002778312 ], [ 1.941364789116256, 50.750861850449645 ], [ 1.941368067205285, 50.750857900737699 ], [ 1.941566723948746, 50.75068923846095 ], [ 1.941619261985042, 50.750665698561193 ], [ 1.941623482577641, 50.750663091835939 ], [ 1.941832357897145, 50.750569504135903 ], [ 1.941881803469369, 50.75053896527335 ], [ 1.942004949911813, 50.75046290659634 ], [ 1.942004927935538, 50.750462920169923 ], [ 1.94202511704129, 50.750450450780313 ], [ 1.942033612579883, 50.750445203681366 ], [ 1.942033590603405, 50.750445217255077 ], [ 1.942053779694888, 50.750432747860494 ], [ 1.942062275227477, 50.750427500759436 ], [ 1.94208244232807, 50.750415044933682 ], [ 1.942090937628082, 50.750409797970477 ], [ 1.942090937999889, 50.750409797652289 ], [ 1.942119600463649, 50.750392094804731 ], [ 1.942176925616916, 50.750356688911431 ], [ 1.942205588163243, 50.750338985954116 ], [ 1.942206293277456, 50.750338550451502 ], [ 1.942477377288435, 50.750217086992201 ], [ 1.942597596732682, 50.750193430368967 ], [ 1.942803549853859, 50.750129045345368 ], [ 1.942824257943449, 50.750116255129704 ], [ 1.942881580239572, 50.7500808501592 ], [ 1.942909127282393, 50.7500638356818 ], [ 1.943013563089933, 50.750017040402639 ], [ 1.943084602020926, 50.749973163071893 ], [ 1.943096793779701, 50.74995847252503 ], [ 1.943295440743431, 50.749789808720017 ], [ 1.943367364628019, 50.749745384261182 ], [ 1.94357623262041, 50.749651793565938 ], [ 1.943712425528709, 50.749567671792356 ], [ 1.943727023841932, 50.749555276764177 ], [ 1.943998096857158, 50.74943381149555 ], [ 1.944032645484786, 50.749423010276509 ], [ 1.944055577328384, 50.749408845846446 ], [ 1.944112900131535, 50.749373438920216 ], [ 1.944141561431365, 50.749355735490589 ], [ 1.944150056418945, 50.749350488327224 ], [ 1.944150034443744, 50.749350501901219 ], [ 1.944170222567225, 50.74933803214266 ], [ 1.94417871769248, 50.749332784888445 ], [ 1.944178695717071, 50.749332798462554 ], [ 1.944188800832477, 50.7493265567498 ], [ 1.944198883826001, 50.749320328699191 ], [ 1.944207378945534, 50.749315081442717 ], [ 1.944207361393891, 50.749315092284249 ], [ 1.944236040178198, 50.749297377989976 ], [ 1.944264701390626, 50.749279674530186 ], [ 1.944316294280519, 50.749247806580804 ], [ 1.944358637829389, 50.749196781610486 ], [ 1.944540474970152, 50.749042382741152 ], [ 1.944573313104902, 50.749002811590813 ], [ 1.944771952518072, 50.748834144373539 ], [ 1.945043023257936, 50.748712675045077 ], [ 1.945059980126702, 50.748707373466061 ], [ 1.945082615692831, 50.748700506316226 ], [ 1.945101027169049, 50.748695089457755 ], [ 1.94532275875957, 50.748653268159366 ], [ 1.945428913662067, 50.748620292988207 ], [ 1.945521566757982, 50.748594903581377 ], [ 1.945535377015836, 50.748591604370652 ], [ 1.945923334316499, 50.748548494506977 ], [ 1.946014068954831, 50.748549262959152 ], [ 1.946418875340645, 50.748603920722914 ], [ 1.946759900409828, 50.748752698395791 ], [ 1.946910205308772, 50.748850634344677 ], [ 1.947101675335637, 50.749022605235695 ], [ 1.947170468947608, 50.749111161750456 ], [ 1.947293518522532, 50.749191337215706 ], [ 1.947306028535056, 50.74919948834831 ], [ 1.947329184650593, 50.749207222066495 ], [ 1.94744841350155, 50.749263734587764 ], [ 1.947674034480871, 50.749339087238411 ], [ 1.947676940967692, 50.749339713677131 ], [ 1.947679581481933, 50.749340595547473 ], [ 1.947802819102833, 50.749354049109606 ], [ 1.947862135452264, 50.749354550576101 ], [ 1.947931974017367, 50.749348136962752 ], [ 1.94839279118676, 50.749370352756969 ], [ 1.948395234349098, 50.749370824499145 ], [ 1.948503366533608, 50.749399023304406 ], [ 1.94865757355887, 50.749415856638144 ], [ 1.948808431180114, 50.749424672460755 ], [ 1.948891614801182, 50.749433752645764 ], [ 1.949077688812034, 50.749416662900941 ], [ 1.949167210840576, 50.749399041343466 ], [ 1.949177086178128, 50.749398134344638 ], [ 1.949239592425054, 50.749385830504202 ], [ 1.949282774208652, 50.749381864440572 ], [ 1.949360187941863, 50.749366626096482 ], [ 1.949692030380688, 50.749369426957259 ], [ 1.949697787828319, 50.749370055390678 ], [ 1.949700537878837, 50.749370078598631 ], [ 1.949864361347496, 50.749355031335867 ], [ 1.950010577041389, 50.749309546077065 ], [ 1.950180973831454, 50.749276124910651 ], [ 1.950196534930299, 50.749271258962978 ], [ 1.95020589155658, 50.749268369254366 ], [ 1.950249989881291, 50.749254919229763 ], [ 1.950328695837938, 50.749239693945555 ], [ 1.950338701215578, 50.749236565244004 ], [ 1.950343509478419, 50.749235071247107 ], [ 1.950429017947731, 50.749208672018696 ], [ 1.950744705388304, 50.749147449897457 ], [ 1.951074771329574, 50.749150760779735 ], [ 1.951387250206811, 50.749218284018887 ], [ 1.951431691383952, 50.749233124687152 ], [ 1.951498173489014, 50.749240380354898 ], [ 1.951511684299639, 50.749239139188759 ], [ 1.951843525393635, 50.749241934377793 ], [ 1.951992840722949, 50.749258229652867 ], [ 1.952014936920606, 50.749256199700426 ], [ 1.952037515276011, 50.749242250740473 ], [ 1.95203887277129, 50.749237244161343 ], [ 1.952029988784314, 50.74919832223182 ], [ 1.951961853465452, 50.749054830767804 ], [ 1.95196847563878, 50.74884532767966 ], [ 1.952076347851067, 50.748647273249432 ], [ 1.952275010036691, 50.748479870254243 ], [ 1.952545199927378, 50.748359349439106 ], [ 1.95258563512025, 50.748351409918484 ], [ 1.952851226098772, 50.748268351048523 ], [ 1.952871941488805, 50.748259066156741 ], [ 1.952992151797811, 50.748235399214856 ], [ 1.953077865112385, 50.74820859354805 ], [ 1.953081241061893, 50.74819614142006 ], [ 1.953067735450108, 50.748136975470153 ], [ 1.95306986783603, 50.74803494456777 ], [ 1.953053876357467, 50.747964888158101 ], [ 1.953027697600256, 50.747931071650648 ], [ 1.953003222483503, 50.747915126304292 ], [ 1.952952225081322, 50.74789809659493 ], [ 1.952940659011836, 50.747896834412465 ], [ 1.952930093127923, 50.747897805197255 ], [ 1.952795041803571, 50.747939887395006 ], [ 1.952671570154036, 50.747995230322786 ], [ 1.952656863510981, 50.747999829503968 ], [ 1.952339912605626, 50.748062228274392 ], [ 1.952008081551438, 50.748059433695268 ], [ 1.951715341621709, 50.747996350023527 ], [ 1.951679873246566, 50.747992479062795 ], [ 1.951657777697402, 50.74799450895604 ], [ 1.951613314309583, 50.748021978999603 ], [ 1.951342264572225, 50.748143462683281 ], [ 1.951294261201941, 50.748158474257821 ], [ 1.951287023774507, 50.74816071591075 ], [ 1.951230082956325, 50.748178182681926 ], [ 1.951227964221391, 50.748178830771828 ], [ 1.951183866963199, 50.748192281253381 ], [ 1.951105163254742, 50.748207507011308 ], [ 1.950957742232983, 50.748253607961274 ], [ 1.950831346518559, 50.748310257026546 ], [ 1.950725704660047, 50.748375522017085 ], [ 1.950454651904932, 50.7484970033751 ], [ 1.950359009115217, 50.748526911690377 ], [ 1.950123945590864, 50.74857968782257 ], [ 1.949875957145129, 50.748596191074014 ], [ 1.949601927382593, 50.748570946160605 ], [ 1.949347534468567, 50.748501564420735 ], [ 1.949130115225306, 50.748392774260928 ], [ 1.94906320382997, 50.748349178103069 ], [ 1.948939227924964, 50.748290416902982 ], [ 1.948897666555496, 50.748276536563637 ], [ 1.948873520547386, 50.748273900768453 ], [ 1.948849272615472, 50.748276127821235 ], [ 1.948832217986219, 50.748281460702394 ], [ 1.948598511570221, 50.748386198769012 ], [ 1.948281551697284, 50.748448588760155 ], [ 1.947949716147551, 50.748445784157596 ], [ 1.947696907318742, 50.748391297027112 ], [ 1.947672124661177, 50.748387951116591 ], [ 1.947663084302863, 50.748384007205424 ], [ 1.947635488442001, 50.748378059504262 ], [ 1.947596960703302, 50.748365191863357 ], [ 1.947603072167539, 50.748357826514273 ], [ 1.947331099365838, 50.748239175861066 ], [ 1.947284552052788, 50.74820884646229 ], [ 1.947262549755514, 50.748206444378226 ], [ 1.947244593394932, 50.748208093351153 ], [ 1.946912758232758, 50.748205285903332 ], [ 1.946804538196025, 50.748193470663367 ], [ 1.946709842485767, 50.748187935170186 ], [ 1.94664077279048, 50.748180394193504 ], [ 1.946580303164799, 50.748185946938804 ], [ 1.946248468328706, 50.748183137734536 ], [ 1.946161402914379, 50.748173631644924 ], [ 1.946073805876722, 50.748172889864634 ], [ 1.945977479133268, 50.748181734777496 ], [ 1.945826308335615, 50.748187995957835 ], [ 1.945685907390571, 50.748200887531041 ], [ 1.945397149249982, 50.748256488655663 ], [ 1.945176673070273, 50.74827673194288 ], [ 1.944842686860869, 50.748273682760882 ], [ 1.944526755478004, 50.748204890763127 ], [ 1.944260208696221, 50.748077177814068 ], [ 1.944078845240934, 50.747957525337725 ], [ 1.943960879657584, 50.74790138298868 ], [ 1.943768693979663, 50.747726643241016 ], [ 1.943747548961287, 50.747698889433117 ], [ 1.943723270470987, 50.747648556284389 ], [ 1.943643873969078, 50.747546336500228 ], [ 1.943622631516924, 50.7475324937705 ], [ 1.943622645223594, 50.747532502702349 ], [ 1.943594728794262, 50.747514310876518 ], [ 1.943594745883032, 50.747514322012222 ], [ 1.943540005083775, 50.74747864994638 ], [ 1.943539987717262, 50.74747863862914 ], [ 1.943392485492748, 50.747346137691771 ], [ 1.943232739848194, 50.747242037663639 ], [ 1.943224469506614, 50.747236648185662 ], [ 1.943204836503874, 50.7472238540715 ], [ 1.943196566168346, 50.747218464591533 ], [ 1.943001243228103, 50.747091179152605 ], [ 1.942973340051886, 50.747072995504432 ], [ 1.942953707177415, 50.747060201347487 ], [ 1.942925804035709, 50.747042017687825 ], [ 1.942898986760483, 50.747024541727654 ], [ 1.942751472725269, 50.746892030234619 ], [ 1.942685249823659, 50.746848874241813 ], [ 1.942620712867007, 50.7468068169823 ], [ 1.942620690394497, 50.746806802337026 ], [ 1.942546942974066, 50.746740552223386 ], [ 1.94250947917143, 50.746716137737387 ], [ 1.942435723820768, 50.74664988228848 ], [ 1.942397163187124, 50.746624752897162 ], [ 1.942369260489932, 50.746606569100706 ], [ 1.942341357813179, 50.746588385297628 ], [ 1.942315622688049, 50.7465716140414 ], [ 1.942124178607997, 50.746399635343181 ], [ 1.942077141245207, 50.746339071974646 ], [ 1.942061448700704, 50.746317950336113 ], [ 1.942038939492261, 50.746286238515445 ], [ 1.942019092656599, 50.746260187562399 ], [ 1.94194348874482, 50.74616248761032 ], [ 1.941789946161642, 50.746024556613811 ], [ 1.941736263765106, 50.745978831779489 ], [ 1.941633739709502, 50.745814380874371 ], [ 1.941602280193585, 50.745638662392508 ], [ 1.941602307902083, 50.745637720921557 ], [ 1.941591512918148, 50.745590378739124 ], [ 1.941568013402123, 50.745575063782631 ], [ 1.941520818339047, 50.745559297455749 ], [ 1.941314113462189, 50.745514732302702 ], [ 1.941048284319449, 50.745388702948041 ], [ 1.941020585239987, 50.74536381888803 ], [ 1.941009638470248, 50.745356684592082 ], [ 1.94089534047605, 50.745282193418554 ], [ 1.940814921038921, 50.745255327198166 ], [ 1.940761461299348, 50.745229981567014 ], [ 1.9407340891351, 50.745220837138561 ], [ 1.940468262807868, 50.745094806185676 ], [ 1.940441445091047, 50.745077328027712 ], [ 1.940419121577621, 50.74506277890432 ], [ 1.940275513937343, 50.745014801957765 ], [ 1.940272607793986, 50.745014175342085 ], [ 1.940227086890843, 50.744998967534009 ], [ 1.940207788223148, 50.744994806517489 ], [ 1.939941964519716, 50.744868774433641 ], [ 1.939750535014456, 50.744696791543298 ], [ 1.939652237743514, 50.744495693076203 ], [ 1.939635842625444, 50.744423776778987 ], [ 1.939612152209607, 50.744393270266748 ], [ 1.939486517852465, 50.744280396655313 ], [ 1.939389511286884, 50.74408193462785 ], [ 1.939330635939685, 50.744006118706707 ], [ 1.939292370258773, 50.743971710413021 ], [ 1.939194207545631, 50.743770036598811 ], [ 1.939171027764767, 50.743667208826274 ], [ 1.939070093065694, 50.743601421449021 ], [ 1.938878671401434, 50.743429436889983 ], [ 1.938867106631075, 50.743414544084828 ], [ 1.938752816182935, 50.743340050679066 ], [ 1.938752816182578, 50.743340050678889 ], [ 1.938735353194828, 50.743328668443333 ], [ 1.938587862479329, 50.743196152216385 ], [ 1.938563857233899, 50.743180505673891 ], [ 1.938420256161985, 50.743132526295234 ], [ 1.938417350524432, 50.743131899734109 ], [ 1.938376690871628, 50.743118314655234 ], [ 1.938347122939629, 50.743111938716467 ], [ 1.938081313914267, 50.742985902299303 ], [ 1.93788989799582, 50.742813916059262 ], [ 1.937791611889756, 50.742612815553414 ], [ 1.937796075493808, 50.742402286107868 ], [ 1.937826845278303, 50.742288909289783 ], [ 1.937827262687984, 50.742269221116985 ], [ 1.937816069613362, 50.74222011296704 ], [ 1.937709886211775, 50.742150900048493 ], [ 1.937505082764926, 50.742053786600621 ], [ 1.937503199121815, 50.742052558784771 ], [ 1.937449100988498, 50.742026906474628 ], [ 1.937262660280056, 50.741859384159234 ], [ 1.937206707055183, 50.741822911731241 ], [ 1.937183555667685, 50.741815175957917 ], [ 1.937127643122815, 50.741788662928364 ], [ 1.936866682785069, 50.741701465325058 ], [ 1.936863777249968, 50.741700838726317 ], [ 1.936848469702251, 50.741695723816484 ], [ 1.936766200492462, 50.741686733755721 ], [ 1.936736547028924, 50.741686480380039 ], [ 1.936736711890201, 50.741678712161352 ], [ 1.936565679187275, 50.741677250624889 ], [ 1.936251508903472, 50.741609496260338 ], [ 1.936199453416454, 50.741592101910669 ], [ 1.935933657856585, 50.741466060616609 ], [ 1.935907927539836, 50.741449287926628 ], [ 1.935907927537388, 50.741449287925469 ], [ 1.935801914573925, 50.741380181618148 ], [ 1.935743419282343, 50.741360635038141 ], [ 1.935560634457189, 50.74132121393373 ], [ 1.935294841941412, 50.741195171223673 ], [ 1.935135274036441, 50.741091151947188 ], [ 1.934943875469184, 50.740919160683191 ], [ 1.934932312447806, 50.740904267455875 ], [ 1.934818033575838, 50.740829770153745 ], [ 1.934818033575488, 50.740829770153582 ], [ 1.93479013684131, 50.740811584488895 ], [ 1.934790136840933, 50.740811584488718 ], [ 1.934762240126928, 50.740793398817232 ], [ 1.934762240126582, 50.740793398817068 ], [ 1.934734343432905, 50.740775213138875 ], [ 1.934734343432529, 50.740775213138704 ], [ 1.93470644675909, 50.74075702745376 ], [ 1.934706446758727, 50.74075702745359 ], [ 1.93468836369459, 50.740745239194837 ], [ 1.934496967982731, 50.740573247153499 ], [ 1.934419891566972, 50.740415511817339 ], [ 1.934405711086435, 50.740397246785363 ], [ 1.934388809056624, 50.74038622826815 ], [ 1.934197415744377, 50.740214235672717 ], [ 1.934173768474347, 50.740183776676609 ], [ 1.934170238052285, 50.740179185415712 ], [ 1.934144142798924, 50.74014491949066 ], [ 1.934015500984658, 50.739978616851367 ], [ 1.933973668885075, 50.739941024515439 ], [ 1.933933461393389, 50.739889234335294 ], [ 1.933889661248752, 50.739849873255345 ], [ 1.933878051451774, 50.739834918933909 ], [ 1.933834251398151, 50.739795557831229 ], [ 1.933822641630351, 50.739780603503469 ], [ 1.933778841667739, 50.739741242378052 ], [ 1.933758902199443, 50.739715558634941 ], [ 1.933660638750965, 50.739514453924855 ], [ 1.933665119436024, 50.739303923641771 ], [ 1.933771904404018, 50.739104575946754 ], [ 1.933780566236802, 50.73909413935629 ], [ 1.933785252058601, 50.739076877658398 ], [ 1.933782403027517, 50.739064372541563 ], [ 1.933725329319236, 50.739045298861932 ], [ 1.933459553492937, 50.7389192517984 ], [ 1.933268168973885, 50.738747257392561 ], [ 1.933169909393887, 50.738546152000765 ], [ 1.933174392054202, 50.738335621427368 ], [ 1.933186490466871, 50.73829105441412 ], [ 1.93317441665282, 50.738238055618581 ], [ 1.933168238163504, 50.738177849250647 ], [ 1.933145257041709, 50.738076971604393 ], [ 1.933140383337679, 50.738070571400549 ], [ 1.933137504033333, 50.738066759753515 ], [ 1.933122644199045, 50.738046928630283 ], [ 1.933030796012737, 50.73785422587131 ], [ 1.933025472701813, 50.73783085832023 ], [ 1.933020814618297, 50.737821324487179 ], [ 1.93300473175621, 50.737800204080806 ], [ 1.932973756586263, 50.737755445955628 ], [ 1.932971549458346, 50.737751913483564 ], [ 1.932907798098442, 50.737600157034002 ], [ 1.932899020734816, 50.737561626702821 ], [ 1.932903504445198, 50.737351095826099 ], [ 1.933010288281502, 50.737151748196588 ], [ 1.933203477945757, 50.736987716565551 ], [ 1.933232470935718, 50.736952782087833 ], [ 1.93324418380127, 50.736909633848093 ], [ 1.933234534402162, 50.736867276152232 ], [ 1.933196084309595, 50.736817745195097 ], [ 1.933108558045058, 50.736739082732669 ], [ 1.933010303043484, 50.736537976604815 ], [ 1.933014786194727, 50.736327445398601 ], [ 1.93312156740693, 50.73612809736543 ], [ 1.933123718445655, 50.736125505478391 ], [ 1.933151994446388, 50.736021340290172 ], [ 1.93315241364063, 50.73600165194663 ], [ 1.93311688457999, 50.735845686337768 ], [ 1.933119841109539, 50.735845415104507 ], [ 1.933101541220464, 50.73573447304117 ], [ 1.933103886021176, 50.73562434884397 ], [ 1.9330824139555, 50.73553008963556 ], [ 1.933085359538097, 50.735391751347784 ], [ 1.933080559086183, 50.735391710182952 ], [ 1.933082469430219, 50.735301991503071 ], [ 1.933091643812808, 50.735302070175059 ], [ 1.933093424838221, 50.735295509017512 ], [ 1.933093666900296, 50.735284140509577 ], [ 1.933082851498205, 50.735284047765617 ], [ 1.933086308671425, 50.735121681792897 ], [ 1.933050780440438, 50.734965715957969 ], [ 1.933053736918427, 50.734965444725916 ], [ 1.933035437497056, 50.73485450250547 ], [ 1.93303892864025, 50.734690546904517 ], [ 1.933021264833115, 50.734613003413003 ], [ 1.932936828400845, 50.734504227240151 ], [ 1.932838567147944, 50.734303070578655 ], [ 1.932843089031855, 50.734092489375442 ], [ 1.932878229678346, 50.733963148161095 ], [ 1.932872996945378, 50.733940175984976 ], [ 1.932829944512609, 50.733912104894955 ], [ 1.93271851050063, 50.733861382394309 ], [ 1.932537222969557, 50.733717263008096 ], [ 1.932424384330894, 50.733547324859487 ], [ 1.932388466991729, 50.733364328701931 ], [ 1.932393622566692, 50.733122344507287 ], [ 1.932433461710846, 50.732948492908065 ], [ 1.932542842581855, 50.732787108942567 ], [ 1.932573099785634, 50.732762771956331 ], [ 1.93261604424511, 50.732711023245074 ], [ 1.932622632643572, 50.732686751618175 ], [ 1.932615343321685, 50.73265474921434 ], [ 1.932619827784797, 50.732444216788359 ], [ 1.932726602293794, 50.732244867925743 ], [ 1.932925214024742, 50.732076216058623 ], [ 1.932968627375582, 50.732049398259655 ], [ 1.933084455590798, 50.731977847290345 ], [ 1.933085814500735, 50.731972840818692 ], [ 1.933084287548695, 50.731966137199997 ], [ 1.933015785079119, 50.731877561739672 ], [ 1.932986915532935, 50.731853003516918 ], [ 1.932884450195578, 50.731689801908566 ], [ 1.932864529937794, 50.731582595024733 ], [ 1.932863653215839, 50.731582675461105 ], [ 1.932840146043334, 50.731479471244029 ], [ 1.932813989380791, 50.731445649429745 ], [ 1.932717518684369, 50.731382744982319 ], [ 1.932615143700958, 50.731334183403973 ], [ 1.932511248619979, 50.73126643731716 ], [ 1.932450604654875, 50.73123767064282 ], [ 1.932336725537638, 50.731199604955059 ], [ 1.932264190425291, 50.731183955758283 ], [ 1.932015107002876, 50.731156721116058 ], [ 1.932017296462647, 50.731148655257812 ], [ 1.931795278705431, 50.731121520639412 ], [ 1.931476221847866, 50.730999125127305 ], [ 1.931243635503452, 50.730814206870342 ], [ 1.931162430024988, 50.730658817383535 ], [ 1.9311067929212, 50.730587132025043 ], [ 1.93110449938161, 50.730585636415704 ], [ 1.930913154898876, 50.730413636389834 ], [ 1.930875894620302, 50.730337355353711 ], [ 1.930803607682253, 50.730243876617351 ], [ 1.930739749294868, 50.730202234104304 ], [ 1.930548407154618, 50.73003023293743 ], [ 1.930531047131192, 50.729994691670171 ], [ 1.930523202881666, 50.729984584448985 ], [ 1.930497996882184, 50.729932980021715 ], [ 1.930489754135196, 50.729922359272457 ], [ 1.930489081201407, 50.729921490624093 ], [ 1.930417741883404, 50.729829235437663 ], [ 1.930358819472118, 50.72980953798281 ], [ 1.930181863822047, 50.729771356001592 ], [ 1.929916146532904, 50.729645299862483 ], [ 1.929724809731888, 50.72947329800008 ], [ 1.92971584918161, 50.729461752038247 ], [ 1.929695701996434, 50.72944861334274 ], [ 1.929520105095636, 50.729334099922013 ], [ 1.92950945265201, 50.72932715303272 ], [ 1.929407085078283, 50.729278588720291 ], [ 1.929380279961638, 50.729261107943287 ], [ 1.929352391655144, 50.729242920751716 ], [ 1.9293381854228, 50.729233656234953 ], [ 1.92914685234963, 50.729061653381642 ], [ 1.929123213202353, 50.72903119269521 ], [ 1.929122539024918, 50.729030322388596 ], [ 1.929050067043799, 50.728936596424838 ], [ 1.929026617767869, 50.728921303887269 ], [ 1.928902712716026, 50.728862520672749 ], [ 1.928719884944436, 50.728801398043444 ], [ 1.928668906245374, 50.728777212419068 ], [ 1.928640171212573, 50.728767605728478 ], [ 1.928579363044506, 50.728738756672314 ], [ 1.928556124098908, 50.728730987406266 ], [ 1.928290415794064, 50.728604927280898 ], [ 1.928263611566654, 50.728587446336469 ], [ 1.928252959235323, 50.728580499187956 ], [ 1.928150594905482, 50.728531934022932 ], [ 1.928123790347556, 50.728514452773652 ], [ 1.928106218705509, 50.728502992986698 ], [ 1.928082816516861, 50.728491890131593 ], [ 1.928065965328652, 50.728476740707841 ], [ 1.928048393713192, 50.728465280912154 ], [ 1.92802050753231, 50.728447094182457 ], [ 1.92799262068022, 50.728428907086048 ], [ 1.92796473149165, 50.728410718354915 ], [ 1.927936844172048, 50.728392530822717 ], [ 1.92791004018169, 50.728375049796618 ], [ 1.927718714884313, 50.728203044004538 ], [ 1.927707156946578, 50.728188149816397 ], [ 1.927554439645085, 50.728088549385454 ], [ 1.927454181662282, 50.728041356438709 ], [ 1.927308703390741, 50.727946476244938 ], [ 1.927198344940576, 50.727894116342171 ], [ 1.927007023994641, 50.72772210929481 ], [ 1.926988113452608, 50.727683385611257 ], [ 1.926981444151207, 50.727674790897829 ], [ 1.926956243092575, 50.7276231858445 ], [ 1.926954326005342, 50.727620715293213 ], [ 1.926856112978169, 50.727419599103911 ], [ 1.926854406547353, 50.727412102441761 ], [ 1.926858915257439, 50.727201570994872 ], [ 1.926886304677144, 50.727100700305485 ], [ 1.926885757964047, 50.727098298551411 ], [ 1.926890266035727, 50.7268877639981 ], [ 1.92689577714791, 50.726867467410983 ], [ 1.926888111176539, 50.726833789938389 ], [ 1.926812764690758, 50.726736334976614 ], [ 1.926749233133653, 50.726679214519592 ], [ 1.926651025002045, 50.726478101443448 ], [ 1.926655534281001, 50.726267568655786 ], [ 1.926658651878321, 50.726256087038003 ], [ 1.926660226436528, 50.726182566536004 ], [ 1.926645552468423, 50.726118099810058 ], [ 1.926650061423091, 50.725907565524984 ], [ 1.926665296142346, 50.725851458001003 ], [ 1.926632284183003, 50.72570642629168 ], [ 1.926629657985463, 50.725701048240104 ], [ 1.926629619972904, 50.725700881238666 ], [ 1.926603470517062, 50.725667057824189 ], [ 1.926580531007601, 50.725652095755798 ], [ 1.92655853927826, 50.72564968989365 ], [ 1.92653430114915, 50.725651912689109 ], [ 1.926492185251987, 50.725665079075291 ], [ 1.926365818918047, 50.725721705205899 ], [ 1.926284969119595, 50.725771647072335 ], [ 1.926227969851024, 50.725840328882988 ], [ 1.926214058917199, 50.725891559396707 ], [ 1.926214040227354, 50.725892431721654 ], [ 1.926207704355368, 50.725892377029155 ], [ 1.926206550981133, 50.725946208938936 ], [ 1.926212886859923, 50.725946263631499 ], [ 1.926211349032828, 50.726018039504467 ], [ 1.926205013144967, 50.726017984811847 ], [ 1.926204872265151, 50.726024560125602 ], [ 1.926198462597059, 50.726048165220121 ], [ 1.926196785061622, 50.726126460791022 ], [ 1.92608999768418, 50.726325805843196 ], [ 1.926017776987417, 50.726412827300997 ], [ 1.9260157844754, 50.726420165031669 ], [ 1.92603065670447, 50.72648550603531 ], [ 1.926026145096297, 50.726696040097536 ], [ 1.925982386137699, 50.726857187692531 ], [ 1.925977456571516, 50.726856648395334 ], [ 1.925946966945773, 50.726975573489881 ], [ 1.925809325625602, 50.727153360642106 ], [ 1.925596095113762, 50.727298009411967 ], [ 1.925325750473484, 50.727396986553096 ], [ 1.925161157772233, 50.727421201489641 ], [ 1.925163234171692, 50.727426795769233 ], [ 1.925107113053719, 50.727435187596122 ], [ 1.925031628402827, 50.727455280288268 ], [ 1.924961726505549, 50.727534451836902 ], [ 1.924957475821333, 50.727542202566148 ], [ 1.924759525852295, 50.727708767568295 ], [ 1.924490713341802, 50.727828846207949 ], [ 1.924400256102602, 50.727857121973244 ], [ 1.924333956585446, 50.727937002005511 ], [ 1.924135332404395, 50.728105641203051 ], [ 1.924048885837963, 50.728144374409553 ], [ 1.924029963852597, 50.728156061461505 ], [ 1.92391413158669, 50.728227604386987 ], [ 1.923914011902607, 50.728228045053974 ], [ 1.923832622186105, 50.728379957893281 ], [ 1.923819242250033, 50.728429221289133 ], [ 1.923824134371323, 50.728450718110004 ], [ 1.923900461934013, 50.7284762398358 ], [ 1.924143683851616, 50.728591645452227 ], [ 1.924205883686048, 50.728612443025156 ], [ 1.924407320442086, 50.728655919850617 ], [ 1.924673024068679, 50.728781994373335 ], [ 1.92486434023782, 50.728954012574782 ], [ 1.924962540062028, 50.729155135462975 ], [ 1.924962874448339, 50.729156605034078 ], [ 1.924958352386114, 50.729367112897236 ], [ 1.924920705898256, 50.729505731589406 ], [ 1.924919128682522, 50.729579251760974 ], [ 1.924929556695181, 50.729625068574229 ], [ 1.925046360467912, 50.729637847174637 ], [ 1.925089927606283, 50.729647249730682 ], [ 1.925323338381315, 50.729672785044386 ], [ 1.925673868142429, 50.72975334131818 ], [ 1.925958803751486, 50.729905920915584 ], [ 1.926142922553638, 50.730111662876581 ], [ 1.926180582171499, 50.730256894823022 ], [ 1.926192321563506, 50.730255818385011 ], [ 1.926215743890021, 50.730358713995201 ], [ 1.926242503282794, 50.730393197625901 ], [ 1.926383550244186, 50.730485185327268 ], [ 1.926403172394527, 50.730497982418271 ], [ 1.926411438303747, 50.730503373241021 ], [ 1.926517415267562, 50.730572488655852 ], [ 1.926660968275844, 50.730620482477391 ], [ 1.926663873416065, 50.730621109424916 ], [ 1.926713007114419, 50.730637536118564 ], [ 1.926724626100044, 50.730640043466906 ], [ 1.926794559318805, 50.730663423955846 ], [ 1.926955985921454, 50.730681081507306 ], [ 1.926955208437205, 50.730683944646181 ], [ 1.927095877283989, 50.730696934932148 ], [ 1.927350149001308, 50.730766364018592 ], [ 1.92756744448429, 50.730875195120205 ], [ 1.927581464554349, 50.730884338320394 ], [ 1.927655177420241, 50.730950604473811 ], [ 1.927752186676043, 50.731013868793262 ], [ 1.927775331644222, 50.731021606453119 ], [ 1.928041051443543, 50.731147667211523 ], [ 1.928170588018502, 50.731232142895465 ], [ 1.928223253087245, 50.731249749206015 ], [ 1.928488974649151, 50.731375808735685 ], [ 1.928600702098559, 50.731476245413837 ], [ 1.928718550496146, 50.731553097182577 ], [ 1.928820915141893, 50.731601657391167 ], [ 1.928841155203563, 50.73161485633716 ], [ 1.928965066237522, 50.73167363901289 ], [ 1.92900660872574, 50.731687526480762 ], [ 1.929030745750213, 50.731690166208836 ], [ 1.929177385045648, 50.731676717060537 ], [ 1.929509108805874, 50.731679571776198 ], [ 1.929823207569389, 50.731747344012085 ], [ 1.92986274044689, 50.731760559290016 ], [ 1.930128469404622, 50.731886615279883 ], [ 1.93014346175175, 50.731900091834355 ], [ 1.930190064645362, 50.731930481278035 ], [ 1.930193768403246, 50.73193289647206 ], [ 1.930385116280557, 50.732104897290753 ], [ 1.930442270555936, 50.732221904386783 ], [ 1.930447338699773, 50.732228434338815 ], [ 1.930473454193139, 50.732281898138794 ], [ 1.93052611037059, 50.732349741713115 ], [ 1.930595235666097, 50.732394816976502 ], [ 1.930697610756769, 50.732443380083055 ], [ 1.930724417814372, 50.732460860348411 ], [ 1.93072441831569, 50.732460860584368 ], [ 1.930738625579718, 50.732470124806802 ], [ 1.930929977650057, 50.732642124998115 ], [ 1.930953619321854, 50.732672584903753 ], [ 1.93095714917689, 50.732677176650007 ], [ 1.930983238136537, 50.73271144342074 ], [ 1.931113885310099, 50.732880381278946 ], [ 1.931150424674467, 50.732913224790813 ], [ 1.931174066885157, 50.732943684913693 ], [ 1.93117526851303, 50.732945238098331 ], [ 1.931257349038971, 50.733051678078958 ], [ 1.931266115786956, 50.733063328272095 ], [ 1.931290897431078, 50.733097089757152 ], [ 1.931315138638448, 50.733128928871594 ], [ 1.931342175152196, 50.733164439368508 ], [ 1.931379504489896, 50.733213213628908 ], [ 1.931475162706474, 50.733410969844179 ], [ 1.931491604594763, 50.733483160957611 ], [ 1.931487115325449, 50.733693693034859 ], [ 1.93138033280306, 50.733893040421854 ], [ 1.931181708655938, 50.734061689379914 ], [ 1.931169660934859, 50.734069130984167 ], [ 1.931163440805126, 50.734092042711751 ], [ 1.931168336641903, 50.734113539100093 ], [ 1.931307848815153, 50.734160171729648 ], [ 1.931310753843556, 50.734160798465254 ], [ 1.931327258537777, 50.73416631522354 ], [ 1.931407859977246, 50.734183704262932 ], [ 1.931411699250242, 50.734184987550719 ], [ 1.931492300749035, 50.73420237653491 ], [ 1.93150800902955, 50.734207627054936 ], [ 1.931563521732293, 50.734219603330203 ], [ 1.931785562788155, 50.734324924687492 ], [ 1.931838389658747, 50.734342581942755 ], [ 1.932084767907748, 50.734395734311811 ], [ 1.932350516284559, 50.734521785172824 ], [ 1.932364076935471, 50.734530626998726 ], [ 1.932589276330488, 50.734750905970593 ], [ 1.932664504055848, 50.735009108756209 ], [ 1.932658324295661, 50.735299226115252 ], [ 1.932670960624495, 50.735354700163157 ], [ 1.932666476115745, 50.735565231666214 ], [ 1.932658536043654, 50.73559448113874 ], [ 1.932688118384081, 50.735724347906704 ], [ 1.932685161859338, 50.735724619129748 ], [ 1.932703460822962, 50.735835561255982 ], [ 1.932702782467637, 50.73586740834957 ], [ 1.932687485513711, 50.7359725620421 ], [ 1.932670965725997, 50.73603341681698 ], [ 1.932668973595124, 50.736126939037163 ], [ 1.932546893195838, 50.736431440284612 ], [ 1.932518060817964, 50.73646618089365 ], [ 1.932319430316701, 50.736634830993339 ], [ 1.932302511660751, 50.736645280986693 ], [ 1.932298722137942, 50.736659240048304 ], [ 1.932303946889307, 50.736682177023837 ], [ 1.932292131553937, 50.736917023516902 ], [ 1.932277329123515, 50.736961666001918 ], [ 1.932168623653233, 50.737147596583384 ], [ 1.932064257413411, 50.737234529405328 ], [ 1.932035012212641, 50.737269766301232 ], [ 1.932025992439151, 50.737302990348716 ], [ 1.932045938132318, 50.737390553959536 ], [ 1.932041450815307, 50.737601084792828 ], [ 1.93193466216703, 50.737800431455597 ], [ 1.931736024413145, 50.737969080284088 ], [ 1.931709508864392, 50.737985457189325 ], [ 1.931592106629303, 50.738057968603457 ], [ 1.931549759321223, 50.738108990278036 ], [ 1.931367922152209, 50.738263372421272 ], [ 1.931363228304756, 50.738269027692375 ], [ 1.93134270836767, 50.738344606693353 ], [ 1.93125097571797, 50.738525095004469 ], [ 1.931083532078971, 50.738682176286467 ], [ 1.930853674247195, 50.738803376050967 ], [ 1.930579656006042, 50.738879069240355 ], [ 1.930343181627054, 50.738898355837591 ], [ 1.930209763854043, 50.738910591725492 ], [ 1.930116938377562, 50.738939606199622 ], [ 1.930019539318115, 50.738983243619792 ], [ 1.929963530621387, 50.73899426143975 ], [ 1.92993475985918, 50.739003254245752 ], [ 1.929933181393757, 50.739003746590811 ], [ 1.929673317160354, 50.739084631693935 ], [ 1.92935666485854, 50.739146601375076 ], [ 1.929025330549968, 50.739143532001876 ], [ 1.928711663940356, 50.739075723250629 ], [ 1.928692946365849, 50.739066841270052 ], [ 1.928687125211596, 50.739064895575098 ], [ 1.928421361836577, 50.738938837732626 ], [ 1.928229994464433, 50.738766835525425 ], [ 1.928146931373217, 50.738596794177205 ], [ 1.928080908258744, 50.738511423311472 ], [ 1.928060010901144, 50.73849779746142 ], [ 1.928060024294307, 50.738497806194097 ], [ 1.928000091765028, 50.738458727971597 ], [ 1.927940172245453, 50.738419658139641 ], [ 1.927912279584841, 50.738401471020438 ], [ 1.927912279083484, 50.738401470784517 ], [ 1.927890970708649, 50.738387576866927 ], [ 1.927686202378254, 50.738290447054894 ], [ 1.927621929585599, 50.738248538233123 ], [ 1.927519545113963, 50.738199972785523 ], [ 1.927509974578465, 50.738193732323701 ], [ 1.927407590828724, 50.738145167015944 ], [ 1.927389048800261, 50.738133076646989 ], [ 1.927361156278648, 50.738114889252579 ], [ 1.927213426737349, 50.738018561471456 ], [ 1.927185534343258, 50.738000374034534 ], [ 1.927171326028705, 50.737991109392787 ], [ 1.926979966434005, 50.7378191048101 ], [ 1.92695632474955, 50.737788644386086 ], [ 1.926945506999149, 50.737774280374097 ], [ 1.926936974943834, 50.737762598142112 ], [ 1.92687125492413, 50.737622198220045 ], [ 1.926829307741069, 50.737567955308357 ], [ 1.926726028149794, 50.73750060969855 ], [ 1.926534672090982, 50.737328604476488 ], [ 1.926529814376659, 50.737322345552258 ], [ 1.926512533649558, 50.737306812255092 ], [ 1.926501881628363, 50.737299866335391 ], [ 1.926448263149385, 50.737264902831654 ], [ 1.926448275925623, 50.73726491116264 ], [ 1.926300825682, 50.737132372651118 ], [ 1.926284932036554, 50.737122008650523 ], [ 1.926093579947135, 50.736950003952415 ], [ 1.926082589358321, 50.736935842882993 ], [ 1.925984361134977, 50.736734729636837 ], [ 1.925984171646028, 50.736733897295991 ], [ 1.925967146026933, 50.736711959954512 ], [ 1.925904304654822, 50.736655471460502 ], [ 1.925754195456921, 50.736557585328072 ], [ 1.925726304405705, 50.736539397523934 ], [ 1.92571803771374, 50.736534006795573 ], [ 1.925585166766583, 50.736447361112297 ], [ 1.925524520667588, 50.736418591367453 ], [ 1.92530036572269, 50.736343656640216 ], [ 1.925297460267709, 50.736343029666251 ], [ 1.925246947560235, 50.736326143266865 ], [ 1.925238232524782, 50.736324262646029 ], [ 1.925081622126832, 50.736271907567229 ], [ 1.924904092017167, 50.736187687932613 ], [ 1.924831618327738, 50.736163459555542 ], [ 1.924649173676982, 50.736076907640651 ], [ 1.924459028907042, 50.736013340339646 ], [ 1.924456123746685, 50.736012713388256 ], [ 1.924439617963908, 50.736007195326508 ], [ 1.924359015487684, 50.735989801705678 ], [ 1.924318422073828, 50.735976230771179 ], [ 1.924315516929368, 50.735975603819057 ], [ 1.924274929997433, 50.735962035093038 ], [ 1.924245234823353, 50.735955626987035 ], [ 1.923979499118294, 50.735829559136484 ], [ 1.923788267911031, 50.735657647437684 ], [ 1.9237353058118, 50.735623108353856 ], [ 1.923629696280557, 50.73558780078401 ], [ 1.923465193757833, 50.735569804184685 ], [ 1.92346540897508, 50.735569011922827 ], [ 1.923268726727307, 50.735549426552886 ], [ 1.922997100193841, 50.73546834508511 ], [ 1.922772159003483, 50.73534220874587 ], [ 1.922611926940094, 50.735181124624688 ], [ 1.922603260294002, 50.735168844117808 ], [ 1.922521521451485, 50.734989970628412 ], [ 1.922516261694219, 50.734966858910504 ], [ 1.922438793241553, 50.734808217195727 ], [ 1.922420877656203, 50.734729493931681 ], [ 1.922376254606714, 50.73470039155233 ], [ 1.922210194257942, 50.734558941248238 ], [ 1.922107756806369, 50.734394965318621 ], [ 1.922075979380132, 50.734219729408572 ], [ 1.922078411393674, 50.734128162861687 ], [ 1.922082503572492, 50.734128206636207 ], [ 1.922084001375793, 50.734058578747117 ], [ 1.922079903584428, 50.734058543244359 ], [ 1.922079922349283, 50.734057670930767 ], [ 1.922062275723426, 50.733980125810149 ], [ 1.922043146506182, 50.733955473466239 ], [ 1.921928902643755, 50.733880963546554 ], [ 1.921928902643392, 50.733880963546362 ], [ 1.921901014455379, 50.73386277480158 ], [ 1.921901014455022, 50.733862774801402 ], [ 1.921873126287218, 50.733844586049834 ], [ 1.921873126286872, 50.733844586049678 ], [ 1.92184523813939, 50.733826397291395 ], [ 1.921845238139014, 50.733826397291217 ], [ 1.921817350011734, 50.733808208526156 ], [ 1.921817350011378, 50.733808208525993 ], [ 1.921789461904307, 50.733790019754174 ], [ 1.921789461903962, 50.733790019754011 ], [ 1.921761573817214, 50.733771830975492 ], [ 1.921761573816837, 50.7337718309753 ], [ 1.921733685750256, 50.733753642189988 ], [ 1.921733685749911, 50.733753642189818 ], [ 1.921705797703652, 50.733735453397806 ], [ 1.921705797703275, 50.733735453397635 ], [ 1.92167790967711, 50.733717264598759 ], [ 1.921677909676778, 50.733717264598603 ], [ 1.921663703578809, 50.733707999257582 ], [ 1.921472379450003, 50.733535985357939 ], [ 1.921448743066479, 50.73350552363727 ], [ 1.921445214280745, 50.733500931969012 ], [ 1.921418693519093, 50.733466087979394 ], [ 1.921356593979565, 50.733385377272 ], [ 1.921282201685566, 50.733232117526306 ], [ 1.921241219943558, 50.733179301038938 ], [ 1.921143019547128, 50.732978184461736 ], [ 1.921130218722809, 50.732921927401939 ], [ 1.921044481284548, 50.732811026456424 ], [ 1.921007948477164, 50.732778179821587 ], [ 1.92098431273267, 50.732747717976963 ], [ 1.920979761798287, 50.732741779367387 ], [ 1.920958584666255, 50.732713796621056 ], [ 1.920934623477088, 50.732663857300153 ], [ 1.920842387371023, 50.732544982214314 ], [ 1.920743723169665, 50.732341791392699 ], [ 1.920720933420456, 50.732239377309057 ], [ 1.920661029517802, 50.73221934682806 ], [ 1.920491126137544, 50.732182673700372 ], [ 1.92039189247044, 50.73214949195556 ], [ 1.920381861713027, 50.732148394245513 ], [ 1.920379128547848, 50.732148644721455 ], [ 1.920376226981962, 50.732159324304348 ], [ 1.920379727420519, 50.732174709334416 ], [ 1.920417448984443, 50.732223326557744 ], [ 1.920506784179326, 50.732303649935012 ], [ 1.920526372643664, 50.732328896257236 ], [ 1.920549567112898, 50.732349750874228 ], [ 1.920566920991891, 50.732385293552767 ], [ 1.920574763794708, 50.732395401607477 ], [ 1.920599960783913, 50.732447007723174 ], [ 1.920601877655315, 50.73244947824282 ], [ 1.920700074843961, 50.732650595407506 ], [ 1.920703546309067, 50.732665852491024 ], [ 1.920714541685392, 50.732688371945599 ], [ 1.9207278416984, 50.732746825305355 ], [ 1.920747206580738, 50.732786486084635 ], [ 1.920756615272395, 50.732827836951593 ], [ 1.920767610708113, 50.732850356395971 ], [ 1.920780910826013, 50.732908809735761 ], [ 1.920800275812946, 50.732948470497078 ], [ 1.920800465251838, 50.732949303068168 ], [ 1.920813269777431, 50.732965805624247 ], [ 1.920858950787677, 50.7329956002758 ], [ 1.921050640085812, 50.733168091732637 ], [ 1.9211487090104, 50.73336978308317 ], [ 1.92118437017696, 50.733528272365973 ], [ 1.921210181543699, 50.73356218453786 ], [ 1.921237683017762, 50.733598317192907 ], [ 1.921238705286755, 50.733599664111971 ], [ 1.921259882949567, 50.733627646773222 ], [ 1.921313231657687, 50.733738830747178 ], [ 1.921380649484118, 50.733876900823937 ], [ 1.921382075263984, 50.733883166578615 ], [ 1.92140144110323, 50.733922827188067 ], [ 1.92140880456296, 50.733955186654427 ], [ 1.921428170451192, 50.73399484725541 ], [ 1.921432867745215, 50.734015489911457 ], [ 1.921488339541475, 50.734129093584393 ], [ 1.921493857356741, 50.734153341888138 ], [ 1.921496483446057, 50.734158719979604 ], [ 1.921507814837499, 50.73420851622803 ], [ 1.921497108429699, 50.734439822372664 ], [ 1.921363572100625, 50.7346551521496 ], [ 1.921122993777652, 50.734829044968578 ], [ 1.920803818859012, 50.734940939532038 ], [ 1.920443786971288, 50.734977605190792 ], [ 1.920305414911666, 50.734976404476861 ], [ 1.920209108949271, 50.734985229627782 ], [ 1.920043057721196, 50.734992074530382 ], [ 1.919995379268864, 50.734991660667866 ], [ 1.919995465948431, 50.734987639091315 ], [ 1.919910641356096, 50.734986902744545 ], [ 1.919910554669724, 50.734990924321039 ], [ 1.919909180120193, 50.734990912388341 ], [ 1.919839358095977, 50.734997310419992 ], [ 1.919506612859737, 50.734994320123697 ], [ 1.919261483935116, 50.734967340876722 ], [ 1.919232243485171, 50.734967086879621 ], [ 1.91919462326892, 50.734962582565018 ], [ 1.91918619276447, 50.734993607444011 ], [ 1.919187717949519, 50.735000311202526 ], [ 1.919212730559968, 50.735032665350701 ], [ 1.919223416571537, 50.735036238452558 ], [ 1.91926566234116, 50.73504086170621 ], [ 1.919327604783452, 50.735054231687656 ], [ 1.919539672310582, 50.735077439393031 ], [ 1.919655521068351, 50.735078445383969 ], [ 1.919751827307385, 50.73506962066277 ], [ 1.919917878832204, 50.735062776149618 ], [ 1.920098060595379, 50.735064340192459 ], [ 1.920263755018039, 50.735074064380285 ], [ 1.920359644903022, 50.735084557433211 ], [ 1.920380423077616, 50.735084737734724 ], [ 1.920546117622514, 50.735094461546232 ], [ 1.920642007605653, 50.735104954381214 ], [ 1.920645886858583, 50.735104988034678 ], [ 1.920846530455809, 50.735118919963718 ], [ 1.920939009725763, 50.735131079261592 ], [ 1.920991454449384, 50.735143024857919 ], [ 1.921016774180759, 50.735145795400392 ], [ 1.92107871721994, 50.735159164507948 ], [ 1.921088547887294, 50.735160240195064 ], [ 1.921402657229174, 50.735228033499446 ], [ 1.921406496325928, 50.735229317093939 ], [ 1.921487096031931, 50.735246712531939 ], [ 1.92152769002243, 50.735260285003115 ], [ 1.921530594992279, 50.735260911966016 ], [ 1.921583853889433, 50.735278718874824 ], [ 1.921586758861079, 50.735279345836403 ], [ 1.921589398004211, 50.735280228222798 ], [ 1.921675645350402, 50.735289665126089 ], [ 1.92198975489392, 50.735357456465749 ], [ 1.92199756912186, 50.735360069073536 ], [ 1.922078169445862, 50.73537746414766 ], [ 1.922082009566202, 50.735378748054018 ], [ 1.922162610116804, 50.735396143133002 ], [ 1.922178316251832, 50.735401394324683 ], [ 1.922233827574078, 50.735413374608015 ], [ 1.922499557055413, 50.735539446477858 ], [ 1.922524410750531, 50.735555655290717 ], [ 1.922626784476644, 50.735604224806217 ], [ 1.922653590409795, 50.735621706727102 ], [ 1.922653590911089, 50.735621706963066 ], [ 1.922681480196774, 50.735639895390193 ], [ 1.922737259107892, 50.735676272406153 ], [ 1.9227500292767, 50.735684600643445 ], [ 1.922850288089365, 50.735731790385508 ], [ 1.922877092243216, 50.735749271090107 ], [ 1.922877092744501, 50.735749271326057 ], [ 1.922899406990844, 50.735763823784772 ], [ 1.922979801858081, 50.735790702088821 ], [ 1.922979209718828, 50.735791415367402 ], [ 1.923245534703523, 50.735916772120312 ], [ 1.923260824552833, 50.735926743420734 ], [ 1.923352761103301, 50.735986699958218 ], [ 1.923375075130575, 50.736001252024494 ], [ 1.923455470088002, 50.736028129797965 ], [ 1.923721205556333, 50.736154198825965 ], [ 1.923848655931417, 50.736237314189445 ], [ 1.92405340895558, 50.736334450867389 ], [ 1.924074640747125, 50.736348296806064 ], [ 1.924107939830588, 50.736359429097377 ], [ 1.924343938902179, 50.736410356621526 ], [ 1.924353281433534, 50.736413479931109 ], [ 1.924619019297163, 50.736539546330789 ], [ 1.924632317237972, 50.736548218187423 ], [ 1.924653138286629, 50.736558095728796 ], [ 1.924815563020072, 50.736704105520772 ], [ 1.924827691842017, 50.736712014904143 ], [ 1.924855582663109, 50.736730202904937 ], [ 1.924882390057362, 50.7367476843689 ], [ 1.925073738243286, 50.736919692305094 ], [ 1.925092287583361, 50.736943593521715 ], [ 1.925118176025859, 50.736966865179106 ], [ 1.925216400207831, 50.737167977344861 ], [ 1.925233445809972, 50.737242855013427 ], [ 1.925257037315059, 50.737291157790558 ], [ 1.925272980460734, 50.737311700587107 ], [ 1.925327320699393, 50.737347135754575 ], [ 1.925415128298626, 50.73740439476483 ], [ 1.925443019497965, 50.737422582471247 ], [ 1.925443019999288, 50.73742258270719 ], [ 1.925462644207658, 50.737435379539711 ], [ 1.92549053667433, 50.737453568129524 ], [ 1.925686818153229, 50.737581561460139 ], [ 1.925807078329796, 50.737641786933146 ], [ 1.925828311167272, 50.737655632550066 ], [ 1.925851458619927, 50.737663370394564 ], [ 1.926033911108687, 50.73774992030112 ], [ 1.926160890891501, 50.737792367341392 ], [ 1.926158177658903, 50.737795635823424 ], [ 1.926209320465493, 50.737809598849566 ], [ 1.926426644405211, 50.737918431534588 ], [ 1.926450201129722, 50.737933792281524 ], [ 1.926478092455506, 50.737951979386686 ], [ 1.926478092956853, 50.73795197962265 ], [ 1.92650598492774, 50.737970167128509 ], [ 1.926533877058448, 50.737988354718638 ], [ 1.926553502185387, 50.738001151641015 ], [ 1.926561769209202, 50.738006542301889 ], [ 1.926581394350482, 50.738019339219562 ], [ 1.926589661380368, 50.738024729878497 ], [ 1.926609286535823, 50.738037526791373 ], [ 1.926617553571711, 50.738042917448283 ], [ 1.926645445783324, 50.738061105011369 ], [ 1.926723546853855, 50.73811203195843 ], [ 1.926859901138831, 50.738157611369381 ], [ 1.927125656285841, 50.738283672671535 ], [ 1.927317017923203, 50.7384556766321 ], [ 1.927415253825548, 50.738656786653635 ], [ 1.927410746948985, 50.738867316897142 ], [ 1.927303937208017, 50.739066659189412 ], [ 1.927105278891078, 50.739235300298176 ], [ 1.926834217700764, 50.739356732108135 ], [ 1.926636799562375, 50.739418431778063 ], [ 1.926614886748186, 50.73943196370125 ], [ 1.92660866386192, 50.739454875057632 ], [ 1.926613902931937, 50.739477885237456 ], [ 1.926637394940382, 50.739493203108466 ], [ 1.926773820425851, 50.739538805084628 ], [ 1.9270395827051, 50.739664866313127 ], [ 1.927230949335129, 50.739836870059662 ], [ 1.927329187599142, 50.740037979745409 ], [ 1.92732468022063, 50.740248509561376 ], [ 1.927217867163232, 50.74044785137324 ], [ 1.927019203041458, 50.740616491992967 ], [ 1.9268606882924, 50.740714378582986 ], [ 1.92658961846933, 50.740835809576502 ], [ 1.92627267848469, 50.740898144367385 ], [ 1.926096807884657, 50.740914267055608 ], [ 1.925828260953043, 50.740967082534361 ], [ 1.925816446760804, 50.740968165519895 ], [ 1.925484660554058, 50.740965300066136 ], [ 1.925472896892846, 50.740964013421809 ], [ 1.925268671181219, 50.740919948735872 ], [ 1.925156862553488, 50.740907719792844 ], [ 1.925087507566185, 50.740914077205488 ], [ 1.924992624691786, 50.740917991696371 ], [ 1.924837003146839, 50.740932256453007 ], [ 1.924647268533374, 50.740930616895561 ], [ 1.924647142147945, 50.74093650527869 ], [ 1.924560932747738, 50.740935760228894 ], [ 1.924480897608754, 50.740943096233522 ], [ 1.924382821587908, 50.740973633645552 ], [ 1.924192588478012, 50.741058846561948 ], [ 1.92418058427585, 50.741062597862843 ], [ 1.923863638321196, 50.741124927388974 ], [ 1.923531850244644, 50.741122057752484 ], [ 1.923217699391873, 50.741054269866545 ], [ 1.923196874592751, 50.74104730836121 ], [ 1.923182348042238, 50.741044173770867 ], [ 1.922947280947539, 50.740965593350147 ], [ 1.922866671340342, 50.740948198950349 ], [ 1.922865581416019, 50.74094783459612 ], [ 1.92277916153207, 50.740929186334448 ], [ 1.922714373407076, 50.740907528085884 ], [ 1.922531600306402, 50.740868087772895 ], [ 1.922459920097692, 50.740834084057354 ], [ 1.922300411239862, 50.740780760540197 ], [ 1.922149624991397, 50.740764264711594 ], [ 1.921835479784095, 50.740696473877335 ], [ 1.921569724988802, 50.74057040170154 ], [ 1.921378374910857, 50.740398389368671 ], [ 1.921280159825167, 50.740197275003148 ], [ 1.921258512745763, 50.740102156110581 ], [ 1.921220098322563, 50.740052655580499 ], [ 1.921176429877343, 50.74001339959139 ], [ 1.921090167668897, 50.73995714543566 ], [ 1.920965672764365, 50.739898084002164 ], [ 1.920949750196318, 50.739883770192527 ], [ 1.920931606490698, 50.739871938056581 ], [ 1.920903715345154, 50.739853749262558 ], [ 1.920880157631564, 50.739838386435906 ], [ 1.920688812775825, 50.739666372912652 ], [ 1.920651845931643, 50.739618736429186 ], [ 1.920600536297871, 50.739513665333142 ], [ 1.920544354165731, 50.739441266994881 ], [ 1.920411217271588, 50.739321578859091 ], [ 1.920393381836182, 50.739298595289696 ], [ 1.920218226323559, 50.739141131669662 ], [ 1.920201762712872, 50.739119915658861 ], [ 1.92006698111294, 50.738998747284811 ], [ 1.919925846702331, 50.738906704639831 ], [ 1.919906222913425, 50.738893906689732 ], [ 1.919897956459192, 50.738888515593878 ], [ 1.919878332684772, 50.738875717639182 ], [ 1.919870066236297, 50.738870326541161 ], [ 1.919850442475881, 50.738857528581541 ], [ 1.919736190626877, 50.738783017154105 ], [ 1.919685213529691, 50.738765973463536 ], [ 1.919645434901426, 50.738761620695584 ], [ 1.919609173079108, 50.738764943146364 ], [ 1.919529262366913, 50.738814282664649 ], [ 1.919523036313903, 50.738837193634424 ], [ 1.919528272089333, 50.738860204159685 ], [ 1.919549072263685, 50.738873769514591 ], [ 1.91975256797328, 50.73900648309133 ], [ 1.919752568474625, 50.739006483327302 ], [ 1.9197804585912, 50.739024672311672 ], [ 1.919808348867243, 50.739042861380078 ], [ 1.919836239163943, 50.739061050442004 ], [ 1.919846892335734, 50.739067998057386 ], [ 1.919949270642536, 50.739116569518153 ], [ 1.919958840552092, 50.739122810643693 ], [ 1.920061219079332, 50.739171382008287 ], [ 1.92007867657058, 50.739182767062651 ], [ 1.92015239136386, 50.739249036506436 ], [ 1.920163044619595, 50.739255984092878 ], [ 1.9201898518673, 50.739273466591932 ], [ 1.920381193655651, 50.739445481172638 ], [ 1.920407919509476, 50.739479921300216 ], [ 1.920506129545283, 50.739681036293149 ], [ 1.920507467887701, 50.739686917522128 ], [ 1.920612849959756, 50.739823210809313 ], [ 1.920652910514235, 50.73985922422348 ], [ 1.920673938689292, 50.739886321663938 ], [ 1.920683904295774, 50.739899523986963 ], [ 1.920707523994202, 50.739931708954437 ], [ 1.920790324566622, 50.740039060839457 ], [ 1.920887803164816, 50.740240469036223 ], [ 1.920911704581403, 50.740347487239681 ], [ 1.920921259817215, 50.740360415773218 ], [ 1.920943968067015, 50.740408532315044 ], [ 1.921051017268272, 50.740546474840706 ], [ 1.92108772933137, 50.740579477107651 ], [ 1.921163428792751, 50.74067702204934 ], [ 1.921336823742023, 50.740832894092001 ], [ 1.921360463582147, 50.740863355713877 ], [ 1.921361136417052, 50.740864224284394 ], [ 1.921433611597782, 50.740957953332732 ], [ 1.921450862328504, 50.740969202723775 ], [ 1.921642584173007, 50.7411416911958 ], [ 1.921740671085885, 50.741343379656065 ], [ 1.921763448930646, 50.741444588845063 ], [ 1.921797407714627, 50.741455941250585 ], [ 1.921837713152405, 50.741460350693991 ], [ 1.92215186300421, 50.741528141461885 ], [ 1.922326283273708, 50.741610882373003 ], [ 1.922482982946097, 50.74166326578554 ], [ 1.922496077497142, 50.741664698259534 ], [ 1.922532643270511, 50.741661347300024 ], [ 1.922799092474719, 50.741608952592074 ], [ 1.923130881927522, 50.741611824376321 ], [ 1.923445034529294, 50.741679611913916 ], [ 1.923531583873354, 50.741708543664693 ], [ 1.923541616472916, 50.741709641089429 ], [ 1.923549540412879, 50.741708914858108 ], [ 1.92357699033093, 50.741691965714224 ], [ 1.923725732655247, 50.741564712289801 ], [ 1.923750025888542, 50.741549712239042 ], [ 1.924021106103588, 50.741428288356019 ], [ 1.924338051426632, 50.741365959841879 ], [ 1.924669838263247, 50.741368827600965 ], [ 1.924869348054133, 50.741390649280206 ], [ 1.924964028694381, 50.74139620145894 ], [ 1.92506732096385, 50.741407498984309 ], [ 1.925218150324074, 50.741416343506991 ], [ 1.925314053341432, 50.741426832634495 ], [ 1.925599588117273, 50.741429298336179 ], [ 1.925679135016307, 50.741422006426362 ], [ 1.925817061649665, 50.741378903031688 ], [ 1.926137775095566, 50.74131622820785 ], [ 1.926305705851048, 50.741301223845468 ], [ 1.9263724393672, 50.741280368556239 ], [ 1.926618075226408, 50.741170332964742 ], [ 1.926781320839602, 50.741119315355562 ], [ 1.926843183542254, 50.741091602878491 ], [ 1.926865079777682, 50.741078081588682 ], [ 1.926893742425626, 50.741060381909257 ], [ 1.926922405053446, 50.741042682222698 ], [ 1.926988225760528, 50.741002036681877 ], [ 1.927008392958079, 50.74098958303243 ], [ 1.9270168883215, 50.740984336972033 ], [ 1.927037055504995, 50.740971883317506 ], [ 1.927074213382578, 50.740948937531208 ], [ 1.927094380537327, 50.740936483866882 ], [ 1.927121929744867, 50.740919471605928 ], [ 1.927226360473161, 50.740872689397328 ], [ 1.927265971099344, 50.740848228815608 ], [ 1.927323295828674, 50.740812829252782 ], [ 1.927351958163011, 50.740795129460729 ], [ 1.927378393933601, 50.740778804616625 ], [ 1.927649461691475, 50.740657371846076 ], [ 1.927765568590412, 50.740621084490748 ], [ 1.927768455587081, 50.740624803832851 ], [ 1.927865677481237, 50.74058478391585 ], [ 1.928167585208113, 50.740549374271509 ], [ 1.928166459342775, 50.740544430236653 ], [ 1.928329677478039, 50.740529464568496 ], [ 1.928373429987021, 50.740515898445949 ], [ 1.928689021275847, 50.740454340038255 ], [ 1.928899931066814, 50.740456261012639 ], [ 1.928900006634348, 50.740452726252755 ], [ 1.92892965931383, 50.740452981496148 ], [ 1.929009693018484, 50.74044564262487 ], [ 1.929120832076504, 50.740411032315514 ], [ 1.929297098263535, 50.740302176880334 ], [ 1.929339461973323, 50.740266213124499 ], [ 1.929397266312898, 50.740240316464309 ], [ 1.929400257404226, 50.740238469263012 ], [ 1.929428916778014, 50.740220770061015 ], [ 1.929456466699549, 50.740203756091312 ], [ 1.929560893756345, 50.740156971873049 ], [ 1.929571841372772, 50.740150210937934 ], [ 1.929600502390302, 50.740132510698842 ], [ 1.929629164714986, 50.74011480972144 ], [ 1.929657824936274, 50.740097109934929 ], [ 1.929686486036454, 50.740079409586052 ], [ 1.929838286275715, 50.739985661386086 ], [ 1.929895608200848, 50.739950260592167 ], [ 1.929924268906429, 50.739932560324547 ], [ 1.929924269278205, 50.739932560006416 ], [ 1.929944434885585, 50.739920106126554 ], [ 1.93006756961337, 50.739844060434912 ], [ 1.930338625625, 50.739722621823681 ], [ 1.930655553017479, 50.739660276669404 ], [ 1.930987329789083, 50.739663127537149 ], [ 1.931301480597534, 50.739730895374294 ], [ 1.931523069945161, 50.739804953353762 ], [ 1.931708751394144, 50.739845007189707 ], [ 1.931974527697497, 50.739971057781432 ], [ 1.931978232194171, 50.739973472930572 ], [ 1.932024671316292, 50.740003748924885 ], [ 1.932216056366123, 50.740175744916648 ], [ 1.932228352221114, 50.74019158365887 ], [ 1.932270381373055, 50.740229354643986 ], [ 1.932310587418692, 50.740281145334869 ], [ 1.93235438669983, 50.740320506944961 ], [ 1.932380636351871, 50.74035431981688 ], [ 1.932386687977708, 50.740359758287909 ], [ 1.932445089868487, 50.740479287706336 ], [ 1.932447315552613, 50.74048233443326 ], [ 1.932464265040391, 50.740518532827146 ], [ 1.932484947970824, 50.74056086374717 ], [ 1.932485764652966, 50.740564448672778 ], [ 1.932512883141726, 50.740622364393246 ], [ 1.932555547300162, 50.740677320564217 ], [ 1.932696634864761, 50.740769299721514 ], [ 1.932696634865111, 50.740769299721684 ], [ 1.932724530815893, 50.740787485856842 ], [ 1.93272453081627, 50.740787485857027 ], [ 1.932742107841866, 50.740798944791678 ], [ 1.932765516803882, 50.740810046556959 ], [ 1.932782373547555, 50.740825195055294 ], [ 1.932939955527672, 50.740927926460145 ], [ 1.933020363823128, 50.74095479796447 ], [ 1.933286149342013, 50.741080845578267 ], [ 1.933353985305885, 50.741125068711909 ], [ 1.933545379202097, 50.741297062367686 ], [ 1.93361413831198, 50.741385627458982 ], [ 1.933665529930267, 50.741419129826312 ], [ 1.933801059060659, 50.741433943456393 ], [ 1.933905300897158, 50.741434836589598 ], [ 1.934024997183311, 50.741447919421432 ], [ 1.934054650491897, 50.741448173443338 ], [ 1.934054527034544, 50.741453976110549 ], [ 1.934245116721596, 50.741455608608042 ], [ 1.93455928332695, 50.741523368053649 ], [ 1.93482507573339, 50.741649412272238 ], [ 1.935016476682483, 50.741821403529116 ], [ 1.935114750097404, 50.742022506467272 ], [ 1.935128204162969, 50.742081548915543 ], [ 1.935240969590503, 50.742155057066604 ], [ 1.935240969590853, 50.742155057066761 ], [ 1.935251625540206, 50.742162003320153 ], [ 1.935273171152626, 50.742172220410851 ], [ 1.935371983988315, 50.742205239235354 ], [ 1.935410235710639, 50.742209419637398 ], [ 1.935525195254833, 50.742198872424652 ], [ 1.93585698926641, 50.742201710253369 ], [ 1.936171162729892, 50.742269465553257 ], [ 1.936436963149219, 50.74239550618686 ], [ 1.936628372481667, 50.742567494770519 ], [ 1.936726653829827, 50.742768596208855 ], [ 1.936722185699439, 50.742979125499396 ], [ 1.936715057690522, 50.743005387395357 ], [ 1.936721059649044, 50.743031722363504 ], [ 1.936723717545247, 50.743035254127783 ], [ 1.936816316587839, 50.743228920858272 ], [ 1.936828651577157, 50.743283042668814 ], [ 1.936922277426464, 50.743404058805112 ], [ 1.937009480065609, 50.743482411171115 ], [ 1.93704969362041, 50.743534200075857 ], [ 1.937093499468504, 50.743573559824256 ], [ 1.937101792097515, 50.743584239422006 ], [ 1.937227899303273, 50.743697546808903 ], [ 1.937251550088758, 50.743728005063161 ], [ 1.937252224253956, 50.743728874853936 ], [ 1.937324733117535, 50.743822594111286 ], [ 1.937438476327923, 50.74389673274807 ], [ 1.93743847632828, 50.74389673274824 ], [ 1.937457022881882, 50.743908821492852 ], [ 1.937530767694504, 50.743975080229248 ], [ 1.937540340685932, 50.743981319933198 ], [ 1.937731759864603, 50.744153306407256 ], [ 1.93774611832075, 50.744171797222734 ], [ 1.937782844065634, 50.744204794403075 ], [ 1.937851614656899, 50.744293356763727 ], [ 1.937965905939871, 50.744367850889795 ], [ 1.937965905940221, 50.744367850889972 ], [ 1.937993805807202, 50.744386035744874 ], [ 1.937993805807547, 50.74438603574503 ], [ 1.938013186291637, 50.744398667739418 ], [ 1.938204608688139, 50.744570653377593 ], [ 1.93830290029285, 50.74477175296181 ], [ 1.93830030193039, 50.74489435929663 ], [ 1.938309029974246, 50.744894433759804 ], [ 1.938308631218376, 50.744913249554351 ], [ 1.938319825377487, 50.744962357459968 ], [ 1.93834332346727, 50.744977672948878 ], [ 1.938462035656892, 50.745017335101188 ], [ 1.938517561998638, 50.745029308078117 ], [ 1.938549789161771, 50.745044588178253 ], [ 1.938823957350545, 50.74513618773409 ], [ 1.939089779652666, 50.745262222155084 ], [ 1.939281209044359, 50.745434205912602 ], [ 1.939350886784283, 50.745523929828238 ], [ 1.939360078137861, 50.745524933947323 ], [ 1.939674277085167, 50.745592680031493 ], [ 1.939940103894702, 50.745718712484489 ], [ 1.940131537956966, 50.745890694731102 ], [ 1.940229839965642, 50.746091792306892 ], [ 1.940252655875311, 50.746191863821004 ], [ 1.940340635620264, 50.746305562503906 ], [ 1.940426086426252, 50.746382328984957 ], [ 1.940437652387059, 50.746397221626125 ], [ 1.940547633189629, 50.746468898287219 ], [ 1.94055741848406, 50.746473537371422 ], [ 1.940748861946705, 50.746645520589269 ], [ 1.94084716947283, 50.746846620636695 ], [ 1.940849192160534, 50.746855491768777 ], [ 1.940860199620728, 50.746878008760689 ], [ 1.9408714769596, 50.746927468270698 ], [ 1.940876137065372, 50.746937001039804 ], [ 1.940892226734768, 50.746958120920553 ], [ 1.940919749280158, 50.746994247867065 ], [ 1.940947272142348, 50.747030375077046 ], [ 1.940950151279839, 50.747034184779501 ], [ 1.940965016820605, 50.747054014426539 ], [ 1.941056914225307, 50.747246711386929 ], [ 1.941065699070505, 50.747285238604128 ], [ 1.941079335624546, 50.747313133327019 ], [ 1.941097374021307, 50.74739224260815 ], [ 1.941131048487801, 50.747435600891961 ], [ 1.941230959545726, 50.747525353937938 ], [ 1.941329269094999, 50.747726450236009 ], [ 1.941343569333708, 50.747789163533398 ], [ 1.941363632837452, 50.747814996316428 ], [ 1.941380944974139, 50.747830548607148 ], [ 1.941452748894732, 50.747877342116631 ], [ 1.941644196289832, 50.748049321428169 ], [ 1.941742508562596, 50.748250417079326 ], [ 1.94175923609865, 50.748323771441754 ], [ 1.941765426157382, 50.748383976196017 ], [ 1.941794412443375, 50.748511087834963 ], [ 1.941924752498947, 50.748679568849397 ], [ 1.942022450482473, 50.748880238335126 ], [ 1.942017885296996, 50.749090242259236 ], [ 1.942007190716234, 50.749129655405788 ], [ 1.941986134573847, 50.749168968425948 ], [ 1.941977391627192, 50.749201188954942 ], [ 1.941956335623248, 50.749240501583166 ], [ 1.941947592608054, 50.749272722192153 ], [ 1.941840817795935, 50.74947207484994 ], [ 1.941826107187459, 50.749489799954475 ], [ 1.94182511962144, 50.74949164367144 ], [ 1.941816426665894, 50.74950211802301 ], [ 1.941805332570314, 50.749522831015177 ], [ 1.941800491786807, 50.749540670461904 ], [ 1.941779435501349, 50.749579983039986 ], [ 1.941770692313125, 50.749612203619996 ], [ 1.941749635938897, 50.749651516237847 ], [ 1.941738673331111, 50.749691915550905 ], [ 1.941625796420562, 50.74989851041083 ], [ 1.94156168007669, 50.749973528970038 ], [ 1.941369149780327, 50.750134932704384 ], [ 1.941351187071512, 50.750146026896616 ], [ 1.94134269151214, 50.750151273951417 ], [ 1.941342713488752, 50.750151260377748 ], [ 1.941233770226643, 50.750218546114596 ], [ 1.941198317156055, 50.750261262868541 ], [ 1.941142531290761, 50.750365412126435 ], [ 1.941108673519053, 50.750406206447209 ], [ 1.940910016644358, 50.750574866632434 ], [ 1.940638927542075, 50.750696326359318 ], [ 1.940321942708447, 50.750758695963455 ], [ 1.940170188316342, 50.750757403800186 ], [ 1.940055210244949, 50.750767955154778 ], [ 1.939920155628553, 50.750810018434386 ], [ 1.939858867194124, 50.75083747756932 ], [ 1.939835762781765, 50.750851746635519 ], [ 1.939812253826162, 50.750938366919279 ], [ 1.939705467710582, 50.751137716178796 ], [ 1.939506803317463, 50.751306373980015 ], [ 1.939235706937129, 50.751427830579217 ], [ 1.938918715776648, 50.751490196618853 ], [ 1.938880476112506, 50.751493705384711 ], [ 1.938742532538744, 50.751536822659098 ], [ 1.938421769804566, 50.751599528880682 ], [ 1.938253396731487, 50.751614586151646 ], [ 1.938144255015828, 50.751648453599749 ], [ 1.938095361131354, 50.751678648146857 ], [ 1.937824259203725, 50.751800101599507 ], [ 1.937507263819006, 50.751862463967413 ], [ 1.937381286980272, 50.751874021629661 ], [ 1.93737281011495, 50.751875689256686 ], [ 1.937307746256404, 50.751881658440766 ], [ 1.937120081968752, 50.751917673510057 ], [ 1.937117179077016, 50.751917939825923 ], [ 1.936849482891269, 50.752001279640361 ], [ 1.936533150812366, 50.752063251368163 ], [ 1.936236395333194, 50.752060642012573 ], [ 1.936089860541666, 50.752074084153406 ], [ 1.936000329528876, 50.752091696178645 ], [ 1.935979874900803, 50.75209357252205 ], [ 1.935648015362797, 50.752090735063355 ], [ 1.935333781009817, 50.752022979449904 ], [ 1.93521410563633, 50.751982997667149 ], [ 1.935129358048986, 50.751973737677808 ], [ 1.935058987485626, 50.75195856400709 ], [ 1.934930716661204, 50.751944548232807 ], [ 1.934919605635671, 50.751943295515602 ], [ 1.934791234897428, 50.751928374937037 ], [ 1.934757605398261, 50.751920996642696 ], [ 1.934540902806373, 50.751897317549165 ], [ 1.93448158381348, 50.751896809738035 ], [ 1.934404173998532, 50.751903909740086 ], [ 1.934374015174431, 50.751922532540995 ], [ 1.934338837863432, 50.751952392007091 ], [ 1.934416398929036, 50.751953056064963 ], [ 1.93473063160151, 50.752020813999351 ], [ 1.934802441579739, 50.752054860056276 ], [ 1.9349492705555, 50.752103913977656 ], [ 1.935078371312551, 50.752118020367682 ], [ 1.935229234565937, 50.752126852607724 ], [ 1.935325160226989, 50.752137333856808 ], [ 1.935327910274272, 50.752137357380953 ], [ 1.93537855623922, 50.752132711795447 ], [ 1.935710416040094, 50.752135549972365 ], [ 1.936024651608715, 50.752203304623421 ], [ 1.936091038368834, 50.752225482829175 ], [ 1.936095407698093, 50.752225960210374 ], [ 1.936409644354545, 50.752293713880199 ], [ 1.936521559209938, 50.752331101370899 ], [ 1.936524465357334, 50.752331727967544 ], [ 1.936527105661951, 50.752332610014328 ], [ 1.936623495212412, 50.752343140868383 ], [ 1.936676090879488, 50.752338315905156 ], [ 1.936691613229086, 50.752333464468393 ], [ 1.936712423342382, 50.752327137866516 ], [ 1.936762682630087, 50.752312282483956 ], [ 1.936927858551125, 50.752260844637888 ], [ 1.937150006799694, 50.752161325867029 ], [ 1.937467004520302, 50.752098964437423 ], [ 1.937798864215535, 50.752101797046485 ], [ 1.938113102396829, 50.752169546428583 ], [ 1.938378960233566, 50.752295581025578 ], [ 1.93847544029316, 50.752358454317523 ], [ 1.938475427511111, 50.752358445987994 ], [ 1.93848965463415, 50.752367717376337 ], [ 1.938489641851835, 50.752367709046631 ], [ 1.938681109464227, 50.752539700562096 ], [ 1.93870476523989, 50.752570158078356 ], [ 1.938705439206046, 50.752571027406972 ], [ 1.938807803400675, 50.752703303826443 ], [ 1.938877122350468, 50.752762235305603 ], [ 1.938979650315569, 50.752925426778489 ], [ 1.938996316734504, 50.75301502142932 ], [ 1.939000849332294, 50.753014605541829 ], [ 1.939030520230308, 50.75314473862904 ], [ 1.939147643160266, 50.753296100259448 ], [ 1.939245798836155, 50.753498691453075 ], [ 1.939269879492879, 50.753607047494562 ], [ 1.939274934476928, 50.753613720021754 ], [ 1.93929892397102, 50.753663654227225 ], [ 1.939303854319077, 50.75367000191531 ], [ 1.939304528653758, 50.75367087168194 ], [ 1.93940545579517, 50.753801285641927 ], [ 1.939546256090391, 50.753893035728495 ], [ 1.939546256090741, 50.753893035728659 ], [ 1.939574161836899, 50.753911219967023 ], [ 1.939574161837276, 50.753911219967215 ], [ 1.939591543590574, 50.753922546439604 ], [ 1.939678721111544, 50.75396387144653 ], [ 1.939870185780005, 50.754135852031695 ], [ 1.939968502841015, 50.754336947387401 ], [ 1.939986949844678, 50.754417844523765 ], [ 1.940043076223076, 50.75449010282972 ], [ 1.940085123264863, 50.754527870357819 ], [ 1.940125301510464, 50.754579596434944 ], [ 1.940293264638536, 50.754689042829071 ], [ 1.940293264638886, 50.754689042829249 ], [ 1.940314075233045, 50.754702603162755 ], [ 1.940473440281482, 50.754720008361907 ], [ 1.940472024173737, 50.754725225930876 ], [ 1.940618008571042, 50.754739675724849 ], [ 1.940888798350706, 50.754820026116853 ], [ 1.941113498383385, 50.754945109248084 ], [ 1.941274264768621, 50.755104992206299 ], [ 1.941348144074451, 50.755264927416292 ], [ 1.941365455518755, 50.755287646573279 ], [ 1.941473578327173, 50.755427518073489 ], [ 1.94148892437006, 50.755448255864216 ], [ 1.941510790063329, 50.755479160841595 ], [ 1.941592866159963, 50.755658350111517 ], [ 1.941596345583257, 50.75567360608062 ], [ 1.941607355402636, 50.755696122904368 ], [ 1.941622093060223, 50.755760741814996 ], [ 1.941635732295894, 50.755788636123739 ], [ 1.941677189719126, 50.755970409572051 ], [ 1.941679819119244, 50.755975787059832 ], [ 1.941682213356101, 50.755986284740395 ], [ 1.941684732857865, 50.756010785948575 ], [ 1.941724733598652, 50.756186170872525 ], [ 1.941744124167379, 50.756225826976298 ], [ 1.941755605143631, 50.75627616542976 ], [ 1.94175823456822, 50.756281542913385 ], [ 1.941758272654424, 50.756281709902517 ], [ 1.941784448325682, 50.756315528565707 ], [ 1.94180623078725, 50.756329721142642 ], [ 1.94192055555933, 50.756404210405947 ], [ 1.94202192077664, 50.756438064841383 ], [ 1.942114187242745, 50.756457952085455 ], [ 1.942138416794726, 50.756466044298769 ], [ 1.942199267039146, 50.756494885741311 ], [ 1.942345839044952, 50.756543838084703 ], [ 1.942611730222332, 50.756669862628833 ], [ 1.942803215041671, 50.756841837657333 ], [ 1.942884427348901, 50.756946377052557 ], [ 1.942907642504685, 50.756967226705335 ], [ 1.942925020822804, 50.757002765033775 ], [ 1.942984338988862, 50.757079121102151 ], [ 1.943098667080244, 50.757153609071644 ], [ 1.943098667080594, 50.7571536090718 ], [ 1.943126575933038, 50.757171792423854 ], [ 1.943126575933414, 50.757171792424039 ], [ 1.943146737637054, 50.757184928292283 ], [ 1.943169897050114, 50.757192662776326 ], [ 1.943230748150865, 50.757221503457664 ], [ 1.943254002403946, 50.757229269589018 ], [ 1.943314853597623, 50.757258110227625 ], [ 1.943521982180419, 50.757327283670797 ], [ 1.943721820430405, 50.757370353591853 ], [ 1.943987719984126, 50.757496375213677 ], [ 1.94398840657479, 50.757496822532424 ], [ 1.944024588054002, 50.757520395009522 ], [ 1.944102737053368, 50.757571309493812 ], [ 1.944145931440038, 50.757585734447822 ], [ 1.94441183328627, 50.757711755134281 ], [ 1.944603328585911, 50.757883727495468 ], [ 1.94470167201808, 50.758084818016513 ], [ 1.944717372741637, 50.758153637062236 ], [ 1.944794005967372, 50.758203562457986 ], [ 1.944821916005439, 50.758221745391261 ], [ 1.944830188332745, 50.758227134673334 ], [ 1.944864037506186, 50.758249186822212 ], [ 1.945055536267475, 50.758421158193478 ], [ 1.945072916559698, 50.758456695994965 ], [ 1.945080768929724, 50.758466802830405 ], [ 1.945106004426869, 50.758518402225548 ], [ 1.945114254391537, 50.758529020790739 ], [ 1.945117786409182, 50.758533610711297 ], [ 1.94514389871014, 50.758567873328133 ], [ 1.945220198614218, 50.758666436219471 ], [ 1.945398212961671, 50.758826295269351 ], [ 1.945406696405727, 50.758837214123012 ], [ 1.945532380747254, 50.758950079403505 ], [ 1.945630729965725, 50.759151168935908 ], [ 1.945654280350912, 50.759254383613339 ], [ 1.94564984819772, 50.759464907857101 ], [ 1.945543067125989, 50.759664259489021 ], [ 1.945505702493072, 50.75970927625405 ], [ 1.945501282365771, 50.759725566422695 ], [ 1.94550486318929, 50.759741260140196 ], [ 1.945587859167787, 50.759848468970681 ], [ 1.945727813231664, 50.759939641497262 ], [ 1.945727813232027, 50.759939641497432 ], [ 1.945755724591544, 50.759957824183218 ], [ 1.94575572459189, 50.759957824183374 ], [ 1.945783635971595, 50.759976006862338 ], [ 1.945783635971972, 50.759976006862516 ], [ 1.945802218649182, 50.759988112410461 ], [ 1.945823380281807, 50.759998140779111 ], [ 1.946014889119132, 50.760170110343779 ], [ 1.946113242693618, 50.760371199010962 ], [ 1.946113934098332, 50.760374229032166 ], [ 1.94617301038161, 50.760450260450263 ], [ 1.946207502307079, 50.76048123275686 ], [ 1.946304177355002, 50.760678886740472 ], [ 1.946327220440844, 50.760693897562703 ], [ 1.946466935063361, 50.760709147717208 ], [ 1.946789378071908, 50.760779620707865 ], [ 1.947059911896862, 50.760911338291457 ], [ 1.947250582887224, 50.761090690599517 ], [ 1.947277221569875, 50.761127353150542 ], [ 1.947286241329343, 50.761139551503085 ], [ 1.947375693120914, 50.761328887567508 ], [ 1.947376584715353, 50.761332794346529 ], [ 1.947372160067562, 50.761543318265424 ], [ 1.94726538158244, 50.761742671070238 ], [ 1.947066700506117, 50.761911338465133 ], [ 1.946795564802577, 50.762032809732546 ], [ 1.946478515583983, 50.762095194054012 ], [ 1.946323583926671, 50.762109416412031 ], [ 1.94619721933746, 50.762148914837582 ], [ 1.946190473292426, 50.762151004695845 ], [ 1.946039745753624, 50.76219728025827 ], [ 1.945944994554991, 50.762255792504753 ], [ 1.945912109042172, 50.762283708965505 ], [ 1.945640968664951, 50.762405177488752 ], [ 1.945323915889621, 50.76246755875998 ], [ 1.944991987082673, 50.762464746258161 ], [ 1.944677674999518, 50.762397015300373 ], [ 1.944411747689296, 50.762270996088063 ], [ 1.944323201305139, 50.762213313917158 ], [ 1.944323201304788, 50.762213313916988 ], [ 1.944295289208424, 50.762195130972366 ], [ 1.944295289208047, 50.762195130972188 ], [ 1.944267377131873, 50.762176948020738 ], [ 1.944267377131528, 50.762176948020574 ], [ 1.944239465075699, 50.762158765062431 ], [ 1.944239465075322, 50.762158765062246 ], [ 1.944211553039719, 50.762140582097302 ], [ 1.944211553039363, 50.762140582097132 ], [ 1.944183641023992, 50.76212239912541 ], [ 1.944183641023646, 50.762122399125268 ], [ 1.944155729028621, 50.76210421614681 ], [ 1.944155729028245, 50.762104216146639 ], [ 1.94412781705341, 50.762086033161403 ], [ 1.944127817053064, 50.762086033161239 ], [ 1.944099905098575, 50.762067850169295 ], [ 1.944099905098198, 50.762067850169117 ], [ 1.944079666426368, 50.762054665855722 ], [ 1.944016519200924, 50.762024740691942 ], [ 1.943856808790104, 50.761971409441188 ], [ 1.943740013042083, 50.761916060023708 ], [ 1.943567986034838, 50.761858615321692 ], [ 1.943448780017476, 50.761832925935408 ], [ 1.943428456083153, 50.76182329432271 ], [ 1.943294786264542, 50.761778657691252 ], [ 1.943215546118801, 50.761770006594723 ], [ 1.943071345055815, 50.76176878239707 ], [ 1.942974991589233, 50.761777624809874 ], [ 1.942880070716386, 50.761781552810874 ], [ 1.942767221612109, 50.761791908850149 ], [ 1.942714407267598, 50.761824521198839 ], [ 1.942687550876784, 50.761856873370803 ], [ 1.942678270090341, 50.761891068374958 ], [ 1.942685224533207, 50.761921553954906 ], [ 1.942719501016437, 50.761933000170664 ], [ 1.942893996254237, 50.761952051384625 ], [ 1.943208303132402, 50.762019786891265 ], [ 1.943271850830188, 50.762049902482786 ], [ 1.943299596036308, 50.762059167466411 ], [ 1.943565519423202, 50.76218518909478 ], [ 1.943757028869026, 50.762357161556018 ], [ 1.943855377676458, 50.762558251332997 ], [ 1.943860134936003, 50.762579102825477 ], [ 1.943962907881929, 50.76264605291037 ], [ 1.944049026689833, 50.762686863691428 ], [ 1.944240539714404, 50.76285883527791 ], [ 1.94434895032305, 50.762998360943222 ], [ 1.944352820235439, 50.763001835944678 ], [ 1.944451172700919, 50.763202925053939 ], [ 1.944446735218964, 50.76341344810065 ], [ 1.944422645863197, 50.76350221395149 ], [ 1.944421114593253, 50.763574858247722 ], [ 1.944412383284747, 50.763574784215301 ], [ 1.94440979890357, 50.763697387182539 ], [ 1.944303003842009, 50.763896736576839 ], [ 1.944104304233384, 50.764065398479588 ], [ 1.944024283114903, 50.76411480998329 ], [ 1.943975314513527, 50.764173798751479 ], [ 1.943954096292096, 50.764251980828298 ], [ 1.94395405950176, 50.764253725382233 ], [ 1.943965575077243, 50.764304196860586 ], [ 1.944016950972883, 50.764370316852187 ], [ 1.944071300048187, 50.764419118735489 ], [ 1.944169654166986, 50.764620207634394 ], [ 1.944183962797227, 50.764682919041135 ], [ 1.944198117406942, 50.764701135552166 ], [ 1.944348430154004, 50.764836104564772 ], [ 1.944446786204547, 50.765037193117323 ], [ 1.944442348541668, 50.765247715577424 ], [ 1.944335550303504, 50.765447064530093 ], [ 1.944279619604056, 50.765514438713161 ], [ 1.944268173196263, 50.765556614701573 ], [ 1.944277525881327, 50.765597604183419 ], [ 1.944363130274028, 50.765653365852209 ], [ 1.944554655722035, 50.76582533618042 ], [ 1.94461719844341, 50.765953200829365 ], [ 1.944722064944438, 50.766088154605669 ], [ 1.94476235395467, 50.76612432946915 ], [ 1.944815586982395, 50.766192835134667 ], [ 1.944899707979881, 50.766268365608362 ], [ 1.944957030129019, 50.766342133009594 ], [ 1.945104398201861, 50.766474450580787 ], [ 1.945202760505947, 50.76667553803545 ], [ 1.945198325876007, 50.766886059998285 ], [ 1.945091527153211, 50.76708540910299 ], [ 1.944892817547967, 50.767254071446835 ], [ 1.944621647786051, 50.767375536832823 ], [ 1.944304562271605, 50.76743791503705 ], [ 1.943999411354179, 50.767435327240158 ], [ 1.943890441819248, 50.76744532704268 ], [ 1.943558480100385, 50.76744251074058 ], [ 1.943244138714416, 50.767374776677265 ], [ 1.942978188578544, 50.767248755358075 ], [ 1.942972002862465, 50.767244726060355 ], [ 1.942944088446888, 50.767226542948279 ], [ 1.942944088446542, 50.767226542948109 ], [ 1.942916174056619, 50.767208359832807 ], [ 1.942916174056242, 50.76720835983263 ], [ 1.942888259686513, 50.767190176710493 ], [ 1.942888259686167, 50.767190176710329 ], [ 1.942860345336787, 50.767171993581492 ], [ 1.942860345336411, 50.767171993581314 ], [ 1.94283243100726, 50.767153810445691 ], [ 1.942832431006903, 50.767153810445521 ], [ 1.942804516697989, 50.767135627303105 ], [ 1.942804516697644, 50.767135627302942 ], [ 1.94277660240908, 50.767117444153833 ], [ 1.942776602408703, 50.767117444153641 ], [ 1.942748688140333, 50.767099260997703 ], [ 1.942748688139987, 50.767099260997554 ], [ 1.942720773891967, 50.767081077834916 ], [ 1.94272077389159, 50.767081077834725 ], [ 1.942692859664213, 50.767062894665578 ], [ 1.94269285966279, 50.767062894664917 ], [ 1.942581202953935, 50.766990161919303 ], [ 1.942581202953564, 50.766990161919139 ], [ 1.942553288827132, 50.766971978715894 ], [ 1.942553288826775, 50.766971978715723 ], [ 1.942525374720579, 50.766953795505707 ], [ 1.942525374720234, 50.766953795505543 ], [ 1.942504125014028, 50.766939953463037 ], [ 1.94249200941753, 50.766935908016769 ], [ 1.942226063504416, 50.766809885005053 ], [ 1.942034542287635, 50.766637911352277 ], [ 1.941961243389621, 50.766488041189653 ], [ 1.941944151311994, 50.766466043526414 ], [ 1.941919124409556, 50.766449740608969 ], [ 1.941816235658301, 50.76641538460369 ], [ 1.9417271246853, 50.76639618131815 ], [ 1.941461183563412, 50.766270156569313 ], [ 1.941348507263977, 50.766168977478351 ], [ 1.941275220244484, 50.766121236091884 ], [ 1.941156455799662, 50.766081577892251 ], [ 1.941100905483948, 50.76606960647478 ], [ 1.940942023986783, 50.76599431374418 ], [ 1.94088582232141, 50.765975546485009 ], [ 1.940727191017531, 50.765958226152939 ], [ 1.94066476622645, 50.765957695016823 ], [ 1.940350438073855, 50.765889953493947 ], [ 1.940084503105595, 50.765763925707923 ], [ 1.939958364465106, 50.765681751740757 ], [ 1.939884584475408, 50.765615496622964 ], [ 1.939789010163485, 50.76555323354124 ], [ 1.939747349062271, 50.765548684330064 ], [ 1.939433024717223, 50.765480940449095 ], [ 1.939402631662401, 50.765470790806923 ], [ 1.939254129435048, 50.765438784887444 ], [ 1.938988199621053, 50.765312754673211 ], [ 1.93895425624248, 50.765282272194703 ], [ 1.938864471007348, 50.765223778688522 ], [ 1.938790693139133, 50.765157522875974 ], [ 1.938610952760679, 50.765040424165036 ], [ 1.938502654832877, 50.765004257185218 ], [ 1.93842187872339, 50.764995435808288 ], [ 1.938415912563479, 50.764995384935538 ], [ 1.938060959198647, 50.764952053393699 ], [ 1.938115238017346, 50.765000799384296 ], [ 1.93814724686802, 50.765042001391166 ], [ 1.938199099176724, 50.765075783032039 ], [ 1.938233912323202, 50.765087409274116 ], [ 1.938499839042202, 50.765213441142542 ], [ 1.938514843522623, 50.765226915941852 ], [ 1.938532486245337, 50.765238409983667 ], [ 1.93860626389185, 50.765304665941777 ], [ 1.938729748091535, 50.765385114065552 ], [ 1.938792522268385, 50.765391969279555 ], [ 1.939106845188621, 50.76545971478668 ], [ 1.939372776081654, 50.765585744719381 ], [ 1.939550857276597, 50.765701758896917 ], [ 1.939550857276943, 50.765701758897087 ], [ 1.939578769604531, 50.765719942808147 ], [ 1.939578769606336, 50.765719942808992 ], [ 1.939681061905565, 50.765786582515076 ], [ 1.939872571784174, 50.765958560010446 ], [ 1.939880181748303, 50.765968354862899 ], [ 1.940008122753703, 50.766083246075901 ], [ 1.940048310190931, 50.766134971270723 ], [ 1.940162654589685, 50.766209460912329 ], [ 1.940162654590048, 50.766209460912521 ], [ 1.940190567423434, 50.76622764467281 ], [ 1.940190567423732, 50.766227644672952 ], [ 1.940218480277317, 50.766245828426442 ], [ 1.940218480277693, 50.766245828426619 ], [ 1.940246393151564, 50.766264012173352 ], [ 1.940246393151921, 50.766264012173515 ], [ 1.9402743060461, 50.766282195913526 ], [ 1.940274306046445, 50.766282195913682 ], [ 1.940284967827856, 50.766289141482012 ], [ 1.940387421704676, 50.766337694178482 ], [ 1.940414250500801, 50.766355171597496 ], [ 1.940414250501175, 50.766355171597681 ], [ 1.940442163507039, 50.766373355297489 ], [ 1.940442163507416, 50.766373355297659 ], [ 1.940470076533629, 50.766391538990753 ], [ 1.940470076533975, 50.766391538990916 ], [ 1.94049798958038, 50.766409722677189 ], [ 1.940497989580757, 50.766409722677388 ], [ 1.940514140909129, 50.766420244296171 ], [ 1.940604142461249, 50.766462895491138 ], [ 1.94079565809635, 50.76663487138984 ], [ 1.940803797804398, 50.76664534761909 ], [ 1.940847626819687, 50.766684704666822 ], [ 1.940861305895621, 50.766702310300744 ], [ 1.940899821413642, 50.766736895907108 ], [ 1.940982282024605, 50.766843026197876 ], [ 1.941081096313716, 50.767046190347848 ], [ 1.941104826361591, 50.767152552240681 ], [ 1.941130259900418, 50.76718540509129 ], [ 1.941244061810104, 50.767259537623517 ], [ 1.941244061810486, 50.767259537623701 ], [ 1.941262617935365, 50.767271625372913 ], [ 1.941336402187877, 50.767337879506876 ], [ 1.941516231944322, 50.767455022572626 ], [ 1.941721147055394, 50.767552125679423 ], [ 1.941774806898646, 50.76758707987193 ], [ 1.941774806898998, 50.767587079872108 ], [ 1.941802721085667, 50.76760526323288 ], [ 1.941802721086013, 50.767605263233051 ], [ 1.941830635292877, 50.767623446587017 ], [ 1.941830635293254, 50.767623446587194 ], [ 1.941858549520182, 50.767641629934268 ], [ 1.941858549521257, 50.767641629934772 ], [ 1.941897126067339, 50.767666758691178 ], [ 1.941999584325444, 50.767715309959186 ], [ 1.942026414422316, 50.767732786994223 ], [ 1.942026414422691, 50.767732786994401 ], [ 1.942054328781869, 50.767750970294706 ], [ 1.942054328782245, 50.767750970294884 ], [ 1.942082243161773, 50.767769153588446 ], [ 1.942082243162119, 50.767769153588624 ], [ 1.942110157561842, 50.767787336875394 ], [ 1.942110157562218, 50.767787336875564 ], [ 1.942131482278336, 50.76780122766516 ], [ 1.942336399998825, 50.767898329708132 ], [ 1.942362146059567, 50.767915100396962 ], [ 1.942362146059924, 50.767915100397126 ], [ 1.942390060642641, 50.767933283617126 ], [ 1.942390060643018, 50.76793328361731 ], [ 1.942411385498932, 50.767947174355861 ], [ 1.942472079641644, 50.767975934576008 ], [ 1.942605434768757, 50.768020461317789 ], [ 1.942871388065883, 50.768146483287218 ], [ 1.942909438426695, 50.768180648292706 ], [ 1.943117740543696, 50.768316330623357 ], [ 1.94311774054406, 50.768316330623527 ], [ 1.943145655624893, 50.768334513663078 ], [ 1.943145655625239, 50.768334513663241 ], [ 1.943173570726266, 50.76835269669597 ], [ 1.943173570726643, 50.768352696696141 ], [ 1.943201485847985, 50.768370879722156 ], [ 1.943201485848342, 50.768370879722319 ], [ 1.943229400989993, 50.768389062741569 ], [ 1.943229400990339, 50.768389062741733 ], [ 1.943257316152185, 50.768407245754204 ], [ 1.943257316152562, 50.768407245754368 ], [ 1.943285231334759, 50.768425428760118 ], [ 1.943285231335104, 50.768425428760288 ], [ 1.943288418122318, 50.768427504524439 ], [ 1.943407838005957, 50.768484090272104 ], [ 1.943599371000154, 50.768656061329722 ], [ 1.943643339685676, 50.768712643737871 ], [ 1.943748309002664, 50.768747690774411 ], [ 1.943828970415948, 50.768765070856588 ], [ 1.94386093212247, 50.768775742136803 ], [ 1.944113306943404, 50.768830120734521 ], [ 1.944379268335559, 50.768956139328061 ], [ 1.944517301731544, 50.769046045803485 ], [ 1.94451730173189, 50.769046045803634 ], [ 1.944545217727725, 50.769064228509251 ], [ 1.944545217728071, 50.769064228509414 ], [ 1.944573133744101, 50.769082411208196 ], [ 1.944573133744478, 50.769082411208373 ], [ 1.944601049780574, 50.769100593900255 ], [ 1.944601049781649, 50.76910059390076 ], [ 1.944684798012613, 50.769155141936537 ], [ 1.944684798012959, 50.769155141936693 ], [ 1.944712714130358, 50.769173324601681 ], [ 1.944712714130734, 50.769173324601852 ], [ 1.944723666038057, 50.76918045792582 ], [ 1.944762148475753, 50.769198691430063 ], [ 1.944953688854401, 50.769370660217525 ], [ 1.945018402243241, 50.769502950204327 ], [ 1.945041991166122, 50.769533304400106 ], [ 1.945093852776854, 50.769567082938778 ], [ 1.945147486126463, 50.769584988871372 ], [ 1.945286287187822, 50.769600137773999 ], [ 1.945453868547316, 50.769614157376147 ], [ 1.945686729859836, 50.769670886380148 ], [ 1.945709481068737, 50.769678481906539 ], [ 1.945975450983868, 50.769804496928103 ], [ 1.946166997846722, 50.769976463690682 ], [ 1.946229998440251, 50.77005752887974 ], [ 1.946253221088599, 50.770078377512164 ], [ 1.946270606285737, 50.770113914572413 ], [ 1.946366743826724, 50.770237617397939 ], [ 1.946379667176308, 50.770254858696461 ], [ 1.946403283704113, 50.770287554148673 ], [ 1.946426025036868, 50.770317384860135 ], [ 1.946453564890815, 50.770353509927901 ], [ 1.946479684309564, 50.7703877717015 ], [ 1.946550810519564, 50.770479624083592 ], [ 1.946573776531007, 50.77049458145386 ], [ 1.94663655818624, 50.770501432659685 ], [ 1.946950923791061, 50.77056915783767 ], [ 1.947038320635946, 50.770610563946846 ], [ 1.94704674852414, 50.770613377437506 ], [ 1.947107618167208, 50.770642215635718 ], [ 1.947180489293433, 50.770666542181324 ], [ 1.947446468158854, 50.770792553871395 ], [ 1.947510364686513, 50.770849915519136 ], [ 1.947612019295416, 50.770916119187376 ], [ 1.947705279034575, 50.770926295485751 ], [ 1.947866173100454, 50.770927655130841 ], [ 1.947948816823266, 50.770936672860621 ], [ 1.947954149271651, 50.770937263596366 ], [ 1.948222244786141, 50.770967410302276 ], [ 1.948533676419014, 50.771035342146995 ], [ 1.948797267215073, 50.771160549452453 ], [ 1.948830542027945, 50.771182219213642 ], [ 1.948830542028328, 50.771182219213827 ], [ 1.948850710869561, 50.771195353878632 ], [ 1.948873877643695, 50.771203087136875 ], [ 1.949139863620561, 50.771329095106843 ], [ 1.94916669814589, 50.771346570507141 ], [ 1.949166698146278, 50.771346570507326 ], [ 1.949194617112297, 50.771364752106443 ], [ 1.949194617113025, 50.771364752106791 ], [ 1.949199115440801, 50.771367681539772 ], [ 1.949390679355035, 50.771539642934286 ], [ 1.949489068823052, 50.771740725453498 ], [ 1.949484651766093, 50.771951245946937 ], [ 1.949377859304908, 50.772150597192166 ], [ 1.949308898295654, 50.772209130899043 ], [ 1.949275743128253, 50.77224906997499 ], [ 1.949077027125273, 50.772417737671482 ], [ 1.948999569257537, 50.772465563860663 ], [ 1.948941803905953, 50.772514593948308 ], [ 1.948670615477044, 50.772636067180187 ], [ 1.948353501693445, 50.772698455196242 ], [ 1.948021504893927, 50.772695650815194 ], [ 1.947707124489993, 50.77262792855916 ], [ 1.947441135218961, 50.772501917777817 ], [ 1.947389909935041, 50.772468557780947 ], [ 1.947389909932132, 50.772468557779568 ], [ 1.94728533336352, 50.772400453038628 ], [ 1.94726332010847, 50.772398051006817 ], [ 1.947241213684607, 50.772400080029307 ], [ 1.947132603092077, 50.772467138265363 ], [ 1.947129280382631, 50.772479382106283 ], [ 1.947022477414419, 50.772678731174572 ], [ 1.946823752109944, 50.77284739516692 ], [ 1.946552556732304, 50.772968863724337 ], [ 1.94645128527387, 50.772988785640827 ], [ 1.946352377249893, 50.773019694729342 ], [ 1.946234914190148, 50.773092215977137 ], [ 1.946234913818209, 50.773092216295325 ], [ 1.94620623981502, 50.773109919480319 ], [ 1.946196622834935, 50.77311585695093 ], [ 1.945925424573803, 50.773237324066933 ], [ 1.945608303663398, 50.773299705044316 ], [ 1.945276303122853, 50.773296893394253 ], [ 1.945241215843535, 50.7732930642524 ], [ 1.945152423536471, 50.773273935197203 ], [ 1.944891128387059, 50.773245418994634 ], [ 1.944852570873438, 50.773243165716764 ], [ 1.944693428972802, 50.773225797571058 ], [ 1.944654871382235, 50.773223544205933 ], [ 1.944638386551655, 50.773221745078608 ], [ 1.944607834040266, 50.773218117729286 ], [ 1.944561351702661, 50.773212151039964 ], [ 1.944482991197198, 50.773194453027472 ], [ 1.944425448627946, 50.773188172891174 ], [ 1.944390247124669, 50.773180588944847 ], [ 1.944163888299921, 50.773155884043163 ], [ 1.944103412947419, 50.773155371243092 ], [ 1.943873093351625, 50.773121400146579 ], [ 1.943872325474786, 50.77312422943141 ], [ 1.943870793744075, 50.773124062280381 ], [ 1.94382661928076, 50.773114545374298 ], [ 1.943662019630204, 50.773090267313201 ], [ 1.943651410355767, 50.773087069624218 ], [ 1.943612601339223, 50.773074749292775 ], [ 1.943559293393892, 50.773056952514551 ], [ 1.943556386378565, 50.773056326221415 ], [ 1.943524415296333, 50.773045652679933 ], [ 1.943317643202769, 50.773023083945233 ], [ 1.943314891931467, 50.773023060597744 ], [ 1.943194605548142, 50.773034096904873 ], [ 1.942951140861199, 50.773080916674367 ], [ 1.942621808733542, 50.773077329065984 ], [ 1.942310074602638, 50.773009883719851 ], [ 1.94214636607618, 50.772955227433783 ], [ 1.942143458661415, 50.772954600988015 ], [ 1.942090152380466, 50.772936803896521 ], [ 1.942087244967444, 50.772936177449431 ], [ 1.942032571642648, 50.772917923910875 ], [ 1.942032554121209, 50.772917920135598 ], [ 1.941766577533095, 50.772791897281792 ], [ 1.94157503497519, 50.772619924462326 ], [ 1.941559806836296, 50.772600328047581 ], [ 1.941509028808285, 50.77256725446405 ], [ 1.941256673414753, 50.772482999216614 ], [ 1.940990701148136, 50.772356974629616 ], [ 1.940948039010417, 50.772329186680139 ], [ 1.940689758565787, 50.772242951267081 ], [ 1.940686851210613, 50.772242324786625 ], [ 1.940671533935531, 50.772237210583988 ], [ 1.940580631225517, 50.772227286473118 ], [ 1.940397247561314, 50.772225448050094 ], [ 1.940078922695174, 50.77215523501998 ], [ 1.939849108186829, 50.772076712844566 ], [ 1.939651879791768, 50.772055179347326 ], [ 1.939557139668656, 50.77204963860725 ], [ 1.939431566646413, 50.772035928207551 ], [ 1.939431503522282, 50.77203890821454 ], [ 1.939346615880476, 50.772038185158522 ], [ 1.939346731171267, 50.772032742867637 ], [ 1.939293918731505, 50.772032292992591 ], [ 1.939292972188044, 50.77203218964484 ], [ 1.939153389932314, 50.772031000524827 ], [ 1.938839025698007, 50.771963255812274 ], [ 1.938573062277363, 50.771837225961974 ], [ 1.938567372394285, 50.771833519595432 ], [ 1.938375844528212, 50.771661541628944 ], [ 1.938358464396954, 50.771626003550402 ], [ 1.938299136017382, 50.77154964692091 ], [ 1.938274107760857, 50.771533343396868 ], [ 1.938193763089015, 50.771506515116137 ], [ 1.938149952921648, 50.771501731269986 ], [ 1.938114753454941, 50.77149414551846 ], [ 1.937833386996269, 50.771463421263682 ], [ 1.937750397455043, 50.771462713301922 ], [ 1.937436038686676, 50.771394964988787 ], [ 1.937170081815854, 50.771268932032825 ], [ 1.937092168662831, 50.771218177227468 ], [ 1.93694848859329, 50.771170198191079 ], [ 1.936945581347217, 50.771169571622245 ], [ 1.93692906383742, 50.771164055918561 ], [ 1.936848400954851, 50.771146671430095 ], [ 1.936844558708577, 50.771145388381939 ], [ 1.936763895885432, 50.771128003838264 ], [ 1.936760053642756, 50.771126720787464 ], [ 1.936679390879023, 50.771109336188537 ], [ 1.936638763720049, 50.771095769397988 ], [ 1.93663585648216, 50.771095142821871 ], [ 1.936620539971783, 50.771090028112035 ], [ 1.9365650848655, 50.771083971919765 ], [ 1.936514622898253, 50.771088599234382 ], [ 1.93649203024853, 50.771102544989638 ], [ 1.936490670617202, 50.771107551201823 ], [ 1.936492199218844, 50.771114254381182 ], [ 1.936518379087198, 50.771148073389639 ], [ 1.936570774354082, 50.771182205695567 ], [ 1.936689547265189, 50.771221867961756 ], [ 1.936745102241631, 50.771233841253462 ], [ 1.93690399405264, 50.77130913873934 ], [ 1.937081912424789, 50.771368550825635 ], [ 1.937144050864621, 50.771382004937401 ], [ 1.937411529893652, 50.77150988430656 ], [ 1.937527165296216, 50.771586069016941 ], [ 1.937652339596782, 50.771627867326259 ], [ 1.937918299587949, 50.771753899183359 ], [ 1.937979392768129, 50.771808757106157 ], [ 1.938050403003169, 50.771855013537071 ], [ 1.938241930491225, 50.772026991953346 ], [ 1.938253501684443, 50.772041884170655 ], [ 1.938274752382632, 50.772055726832377 ], [ 1.938348539732108, 50.772121982255399 ], [ 1.938529389208883, 50.772239786381597 ], [ 1.938667948298187, 50.772286052064821 ], [ 1.938749266955387, 50.772303576131087 ], [ 1.938795797470902, 50.77230865670667 ], [ 1.93894657865502, 50.772341149617759 ], [ 1.938990582489874, 50.772345954234829 ], [ 1.939304949332078, 50.772413698525426 ], [ 1.939570917657011, 50.772539726702099 ], [ 1.939704267523507, 50.772659459150034 ], [ 1.939848663137131, 50.772753513226263 ], [ 1.939954362543534, 50.772788805072807 ], [ 1.939995701875685, 50.772793318375179 ], [ 1.940193042927161, 50.772775217297195 ], [ 1.940525039814257, 50.772778042549199 ], [ 1.940839411445401, 50.772845782921472 ], [ 1.940879421285882, 50.772864740580872 ], [ 1.940914346250278, 50.772876401253392 ], [ 1.940975215112324, 50.772905242349928 ], [ 1.940998476299532, 50.772913008717509 ], [ 1.941122674085409, 50.772971856300373 ], [ 1.941345641834723, 50.773046299303239 ], [ 1.941348549244824, 50.773046925767559 ], [ 1.941365067862579, 50.773052440869222 ], [ 1.941445735383413, 50.773069822381402 ], [ 1.941449577895332, 50.773071105283861 ], [ 1.941530245475557, 50.773088486740818 ], [ 1.941564948244735, 50.77310007293994 ], [ 1.941805966866818, 50.773214270336354 ], [ 1.941912948879912, 50.773249987928558 ], [ 1.941995261565342, 50.7732589731404 ], [ 1.942139964870167, 50.773245698044335 ], [ 1.942254513025918, 50.773223168823478 ], [ 1.942586512940323, 50.773225988559098 ], [ 1.942700068207114, 50.773250455063469 ], [ 1.942723712457295, 50.773253035908361 ], [ 1.943038091302752, 50.773320771074694 ], [ 1.943066044279995, 50.773330103273381 ], [ 1.943068951828973, 50.773330729752779 ], [ 1.943122258729783, 50.77334852634565 ], [ 1.94312516629628, 50.77334915282708 ], [ 1.943153563919759, 50.773358633402793 ], [ 1.943209122891434, 50.773370603735913 ], [ 1.943431362821175, 50.773475898324961 ], [ 1.943599515758512, 50.773532035616562 ], [ 1.943602423335389, 50.773532662085351 ], [ 1.943618942778723, 50.773538177017073 ], [ 1.943699611795819, 50.773555557020302 ], [ 1.943703453312755, 50.773556839488755 ], [ 1.943784122440472, 50.773574219470184 ], [ 1.94381882599523, 50.773585804971781 ], [ 1.944084813130332, 50.773711823690569 ], [ 1.944099034710338, 50.773721085899098 ], [ 1.944126953145849, 50.773739268559375 ], [ 1.944154871601443, 50.773757451212745 ], [ 1.94429564025843, 50.77384913032428 ], [ 1.944455067459483, 50.773866529898591 ], [ 1.9444537312233, 50.773871452645388 ], [ 1.944754225991394, 50.773912008052257 ], [ 1.94497733958382, 50.774009296635846 ], [ 1.945053732209775, 50.774034798573851 ], [ 1.945182556818701, 50.774048857412687 ], [ 1.945496942420823, 50.774116585839188 ], [ 1.945606673292064, 50.774153216304086 ], [ 1.945765108009361, 50.774187347555454 ], [ 1.945793061630048, 50.774196679014977 ], [ 1.945795969262777, 50.774197305429702 ], [ 1.945849277931807, 50.77421510079045 ], [ 1.945852185847903, 50.774215727249867 ], [ 1.945868705764201, 50.774221241877335 ], [ 1.945949376662691, 50.774238620405086 ], [ 1.945987257297559, 50.774251265570513 ], [ 1.945995979962384, 50.774253144668954 ], [ 1.946011298593358, 50.774258258260325 ], [ 1.946035457213364, 50.774260894533128 ], [ 1.946071627837172, 50.774257575127351 ], [ 1.946334285051, 50.774254302970753 ], [ 1.946590162704126, 50.774292040766753 ], [ 1.946603867759352, 50.774295238721066 ], [ 1.94673172907314, 50.774331308115592 ], [ 1.946949092093048, 50.774403865283041 ], [ 1.946951999487474, 50.774404491627109 ], [ 1.947005309043678, 50.774422286527859 ], [ 1.947008216455443, 50.774422912873796 ], [ 1.947055598413987, 50.774438729086164 ], [ 1.947321598542846, 50.774564740833149 ], [ 1.947399936608431, 50.774615755543195 ], [ 1.947427856741491, 50.774633937438608 ], [ 1.947455776894832, 50.774652119327264 ], [ 1.947466441470943, 50.774659064202737 ], [ 1.947568919337796, 50.774707610316021 ], [ 1.947595755133636, 50.774725085970253 ], [ 1.947617084498395, 50.774738975785652 ], [ 1.947677789301625, 50.774767732899853 ], [ 1.947754787660575, 50.77479343450829 ], [ 1.947916363936565, 50.774811063685334 ], [ 1.947916213588207, 50.774811617707535 ], [ 1.948084682567601, 50.774827131526628 ], [ 1.948339207487901, 50.774896513074076 ], [ 1.948484166506068, 50.774969006577841 ], [ 1.948598476120541, 50.775007161348206 ], [ 1.948852126413775, 50.775061796679871 ], [ 1.949048160141212, 50.77512722865022 ], [ 1.949057550764881, 50.775128253135655 ], [ 1.949350206856204, 50.775188916306426 ], [ 1.949603084960088, 50.775300292083749 ], [ 1.949794901055626, 50.775453006410828 ], [ 1.949909510044152, 50.775634205838038 ], [ 1.949921728818665, 50.775719803767203 ], [ 1.949925804732396, 50.775719429598723 ], [ 1.949948985424177, 50.775820948380478 ], [ 1.950016670220504, 50.775865021435706 ], [ 1.950119153028429, 50.775913565361222 ], [ 1.950135545373295, 50.775924239204329 ], [ 1.950283163027151, 50.776056735156239 ], [ 1.950339699418014, 50.776093548385539 ], [ 1.950531285473037, 50.776265506746782 ], [ 1.950629688955231, 50.776466586907972 ], [ 1.950625276412216, 50.776677105946121 ], [ 1.950518478522722, 50.776876456777721 ], [ 1.950319748416886, 50.777045125327767 ], [ 1.950048538830242, 50.77716660078886 ], [ 1.9497313980698, 50.777228991948853 ], [ 1.94971528928038, 50.77723047065848 ], [ 1.949665230526863, 50.777261376643914 ], [ 1.949636556538813, 50.777279079860236 ], [ 1.949599378530611, 50.777302033195255 ], [ 1.949599378497774, 50.777302033173868 ], [ 1.949599377950859, 50.777302033641725 ], [ 1.949570702728163, 50.777319737398201 ], [ 1.949520645247631, 50.777350642425169 ], [ 1.949519998476434, 50.777353025893873 ], [ 1.949413194610661, 50.777552375622385 ], [ 1.949316038153905, 50.77766939807227 ], [ 1.949288632527727, 50.777720550105876 ], [ 1.949268690078096, 50.777744570141721 ], [ 1.949265726737415, 50.777750101074375 ], [ 1.94922887349696, 50.777794489589176 ], [ 1.949214971630808, 50.777845718786068 ], [ 1.949214181789973, 50.777883348611198 ], [ 1.949225776619073, 50.777934128705851 ], [ 1.949251968354441, 50.777967944288463 ], [ 1.949331292846383, 50.778019595065139 ], [ 1.949536265923307, 50.778116683579114 ], [ 1.949553743695622, 50.778128063825015 ], [ 1.949589942701319, 50.778151633942727 ], [ 1.949722890789958, 50.778238199626351 ], [ 1.949776535450338, 50.778256103443489 ], [ 1.949812013368218, 50.778259973486641 ], [ 1.950130151321724, 50.778328937205302 ], [ 1.95039830573767, 50.778457531155816 ], [ 1.95061148289875, 50.778598551955476 ], [ 1.950799085235298, 50.778769067471849 ], [ 1.950816136341238, 50.778804153690515 ], [ 1.95087397962616, 50.778878557582225 ], [ 1.950925421230429, 50.77891205088298 ], [ 1.950961557790135, 50.778915992364325 ], [ 1.951016782411266, 50.778910922630722 ], [ 1.951182975023007, 50.778904036854613 ], [ 1.951373570515151, 50.778905641871425 ], [ 1.9514699554191, 50.778896793195216 ], [ 1.951636147921602, 50.778889906814236 ], [ 1.951798443435252, 50.778891272943341 ], [ 1.95189482823644, 50.778882423938114 ], [ 1.952061020632796, 50.778875536990036 ], [ 1.952138416799176, 50.77887618823793 ], [ 1.952258711726972, 50.778865143702028 ], [ 1.952448591108795, 50.778866741062792 ], [ 1.952448714320313, 50.778860852985915 ], [ 1.952534989498964, 50.778861578674544 ], [ 1.952694641269766, 50.778846920158848 ], [ 1.953026679069275, 50.778849712037264 ], [ 1.953341105702011, 50.778917420184499 ], [ 1.953496279453566, 50.778969202557391 ], [ 1.953530275913147, 50.778972909887301 ], [ 1.953845672776406, 50.778975559769329 ], [ 1.954160101301137, 50.779043265868616 ], [ 1.954426142206935, 50.779169261022972 ], [ 1.954617753918313, 50.779341212303599 ], [ 1.954698483478519, 50.779506136386964 ], [ 1.954710017045423, 50.779520969986272 ], [ 1.954733536554506, 50.779536281697389 ], [ 1.954762775281493, 50.77953946986198 ], [ 1.955077208531437, 50.779607173599466 ], [ 1.95534325469133, 50.779733166678817 ], [ 1.955437318050372, 50.779794402621157 ], [ 1.955488349539138, 50.779811430737468 ], [ 1.955499922438894, 50.779812692555801 ], [ 1.955560401125624, 50.779807138346108 ], [ 1.955892445491979, 50.779809922615051 ], [ 1.956206882046881, 50.77987762347631 ], [ 1.956472932545512, 50.780003614121789 ], [ 1.956664554468979, 50.780175562061935 ], [ 1.95676299011153, 50.780376636181408 ], [ 1.956772707274264, 50.780419162003916 ], [ 1.956785535770434, 50.780435659625816 ], [ 1.956810574496149, 50.780451959201713 ], [ 1.956954301109174, 50.780499914912468 ], [ 1.956957208456449, 50.780500540842716 ], [ 1.956973730262015, 50.780506053487322 ], [ 1.957054415125222, 50.780523424677071 ], [ 1.957058260348698, 50.780524707660064 ], [ 1.957138946067195, 50.780542078963862 ], [ 1.957179584565669, 50.780555638291595 ], [ 1.957182492708895, 50.780556264434168 ], [ 1.957228282199663, 50.780571542331401 ], [ 1.957495547619601, 50.780698318601232 ], [ 1.957687495391538, 50.780871449955299 ], [ 1.95778514164818, 50.781073814231412 ], [ 1.957778828221664, 50.781285398019435 ], [ 1.957669178232939, 50.781485275886794 ], [ 1.957467034955892, 50.781653679887441 ], [ 1.957192389813403, 50.781773954680475 ], [ 1.957064563340653, 50.781812761723472 ], [ 1.957052969499234, 50.781825867615957 ], [ 1.957026634065244, 50.781854011083091 ], [ 1.956937682130606, 50.781944008431189 ], [ 1.956830731588679, 50.782034358876764 ], [ 1.956819644723705, 50.782042247426396 ], [ 1.956754274952324, 50.782134280398481 ], [ 1.956750617283849, 50.782133236201979 ], [ 1.956742037038434, 50.782151864135969 ], [ 1.956539811505737, 50.78233313602324 ], [ 1.956255543208809, 50.782462818989366 ], [ 1.956230676969794, 50.782470590636656 ], [ 1.956198528725098, 50.782490439824734 ], [ 1.955927304290523, 50.78261192687966 ], [ 1.955807012804613, 50.782635595445036 ], [ 1.955655294851381, 50.782683012075594 ], [ 1.955565110916981, 50.782700756421747 ], [ 1.955552545789256, 50.782704683382676 ], [ 1.955551175572387, 50.782705110837959 ], [ 1.955407995860461, 50.782749696229139 ], [ 1.955407098973421, 50.782753002508969 ], [ 1.955426373500516, 50.782837360653161 ], [ 1.955418559965195, 50.783059839028681 ], [ 1.955296717421962, 50.783268536413111 ], [ 1.955074169647611, 50.783440629049664 ], [ 1.95477525453061, 50.783557296192775 ], [ 1.95443266256386, 50.783605778554353 ], [ 1.954223695895006, 50.783612874263888 ], [ 1.954132340556222, 50.783635749551372 ], [ 1.953955590599567, 50.783707766417663 ], [ 1.953666424931333, 50.783761730844596 ], [ 1.953663925754817, 50.783761960286363 ], [ 1.953568970448538, 50.783765895689669 ], [ 1.953545307007424, 50.783768068304525 ], [ 1.953521395460326, 50.78376786739792 ], [ 1.953497729476947, 50.783768848209277 ], [ 1.953450004219238, 50.783768447195271 ], [ 1.95345002887898, 50.783767267743222 ], [ 1.953308515930817, 50.783766078565655 ], [ 1.953308491267742, 50.78376725801769 ], [ 1.953278812808514, 50.783767008599909 ], [ 1.95311381525063, 50.783782157110387 ], [ 1.952913275179016, 50.783844825283616 ], [ 1.95285621844408, 50.783870379262659 ], [ 1.952788253099893, 50.783891618049019 ], [ 1.952763758404981, 50.783902588437414 ], [ 1.952725239900965, 50.783926367970231 ], [ 1.95245399868584, 50.784047847374048 ], [ 1.952427624556266, 50.784056089010193 ], [ 1.952370567399416, 50.784081642728601 ], [ 1.952288984000256, 50.784107136562369 ], [ 1.952267152481153, 50.784120614109767 ], [ 1.952151230812479, 50.784192177413345 ], [ 1.952145014075605, 50.784215088383085 ], [ 1.952167870546452, 50.784315149441483 ], [ 1.952195668976859, 50.78437193971611 ], [ 1.952201851599646, 50.784399005569519 ], [ 1.952192811288944, 50.784399835488294 ], [ 1.952244818366234, 50.784545661328316 ], [ 1.952242893173843, 50.784637633811009 ], [ 1.952234158220225, 50.78463756032982 ], [ 1.952231591661099, 50.784760160197656 ], [ 1.952124782748011, 50.784959509554255 ], [ 1.951926026126095, 50.78512817824226 ], [ 1.951847538426415, 50.785176630554624 ], [ 1.951834027072197, 50.78522642266892 ], [ 1.95172721570382, 50.785425771859948 ], [ 1.951528455742952, 50.785594440067108 ], [ 1.951374927638344, 50.785663195424718 ], [ 1.951296937688952, 50.785711339238397 ], [ 1.951251099792146, 50.785766543433922 ], [ 1.951052336792765, 50.785935210887111 ], [ 1.950781080730233, 50.78605668629222 ], [ 1.950515630246277, 50.786139628415057 ], [ 1.950458569689339, 50.786165181198342 ], [ 1.950435079665343, 50.786172520780312 ], [ 1.950409365480695, 50.786188393814406 ], [ 1.950378543825285, 50.786225511998182 ], [ 1.95031639565224, 50.786341493861265 ], [ 1.950117627280372, 50.786510159511295 ], [ 1.950005944072232, 50.786579098943783 ], [ 1.94997770126673, 50.786613110773196 ], [ 1.949964061350288, 50.786663367846707 ], [ 1.949963290235164, 50.78670012477891 ], [ 1.949962294851792, 50.786700116387621 ], [ 1.949959073257135, 50.786853692799113 ], [ 1.949852250950032, 50.787053040242235 ], [ 1.949697748971582, 50.787184140072867 ], [ 1.949682234725838, 50.787202822909521 ], [ 1.949680506978793, 50.787209188696188 ], [ 1.949680793282328, 50.787210442269505 ], [ 1.949676374895626, 50.787420961180409 ], [ 1.949569546214884, 50.78762031060316 ], [ 1.949564352047181, 50.787626565388642 ], [ 1.949365576014849, 50.787795226736399 ], [ 1.949094307926634, 50.787916695951225 ], [ 1.948777101230326, 50.787979082694783 ], [ 1.948686866320207, 50.78798736320087 ], [ 1.948354767027684, 50.787984559797778 ], [ 1.948322749456422, 50.787981067564459 ], [ 1.948118212506779, 50.787999836171771 ], [ 1.948090588055621, 50.788005269106769 ], [ 1.947758488579869, 50.788002464659193 ], [ 1.947444011125215, 50.78793474341316 ], [ 1.947323121985443, 50.787877491590628 ], [ 1.947102331420064, 50.787803812558657 ], [ 1.947090698437752, 50.787801307381088 ], [ 1.947051155128469, 50.787788111497974 ], [ 1.946992725703926, 50.787760439576168 ], [ 1.946968081337645, 50.787752215560019 ], [ 1.946907190345981, 50.787723377706065 ], [ 1.946883920746713, 50.787715612416648 ], [ 1.946617853194783, 50.787589602715876 ], [ 1.946608270835597, 50.787583364191136 ], [ 1.946505767539773, 50.787534818240466 ], [ 1.946484973211467, 50.787521280188031 ], [ 1.946175872573048, 50.787454712323111 ], [ 1.9460646029888, 50.787402013872999 ], [ 1.945927011131383, 50.78735609647336 ], [ 1.945925703344336, 50.78735595380207 ], [ 1.945909397971661, 50.787354091825748 ], [ 1.945821917705417, 50.787343654631407 ], [ 1.945763716292589, 50.7873307980148 ], [ 1.945681333764395, 50.787321810481799 ], [ 1.945366863837076, 50.787254083623473 ], [ 1.945305429331561, 50.78723358110895 ], [ 1.945251921992773, 50.787208238771591 ], [ 1.944995264751047, 50.787122584088124 ], [ 1.944944218672077, 50.787098407224448 ], [ 1.944800815929311, 50.78705054866829 ], [ 1.944534757490644, 50.786924534501665 ], [ 1.944515668056936, 50.786912105629682 ], [ 1.944377864759986, 50.78686611501422 ], [ 1.944263464392029, 50.786811931490632 ], [ 1.944034934901664, 50.786735660972937 ], [ 1.944032026285504, 50.786735034484003 ], [ 1.943981455332293, 50.786718156622527 ], [ 1.943972731076228, 50.786716277587558 ], [ 1.94384681410632, 50.786674253026746 ], [ 1.94376612395382, 50.786656873456458 ], [ 1.943731411349128, 50.786645288171016 ], [ 1.943465356377946, 50.786519271182094 ], [ 1.943414929119385, 50.78648643748037 ], [ 1.943337820324219, 50.786436231032411 ], [ 1.943314647603439, 50.786428497009481 ], [ 1.943048595913505, 50.786302479449041 ], [ 1.942974666952056, 50.786254342794187 ], [ 1.942769672559227, 50.78615724439895 ], [ 1.942757980455762, 50.786149631363628 ], [ 1.942657592397426, 50.786102455087125 ], [ 1.942630753165407, 50.786084979192609 ], [ 1.942602829376284, 50.786066797182819 ], [ 1.942554656758225, 50.786035430511198 ], [ 1.942349664546892, 50.785938331607547 ], [ 1.942340082837522, 50.785932092609677 ], [ 1.942237586560815, 50.785883542788618 ], [ 1.94221074679313, 50.785866066368008 ], [ 1.942200080558639, 50.785859121161188 ], [ 1.942097585069, 50.78581057145535 ], [ 1.942042820838253, 50.785774912124594 ], [ 1.942014896307518, 50.785756729239822 ], [ 1.941986971936608, 50.785738546439156 ], [ 1.941967324149444, 50.785725752878534 ], [ 1.941959047586029, 50.785720363631739 ], [ 1.941931123255715, 50.785702180817545 ], [ 1.941852932554236, 50.785651267153796 ], [ 1.941783502696251, 50.785628093088896 ], [ 1.941517459197032, 50.785502072159666 ], [ 1.94132586884656, 50.785330102303682 ], [ 1.941227485429046, 50.785129017478503 ], [ 1.941231938368484, 50.784918501480355 ], [ 1.941245745837687, 50.784867658666428 ], [ 1.941240611198944, 50.784845158610054 ], [ 1.941195849951775, 50.784753670466053 ], [ 1.941162192087394, 50.784710368405932 ], [ 1.941092985009988, 50.784665302573551 ], [ 1.940990492938186, 50.78461675181304 ], [ 1.940963654153585, 50.784599275004268 ], [ 1.940963654153197, 50.784599275004084 ], [ 1.940935730794869, 50.784581091925894 ], [ 1.940935730794494, 50.784581091925723 ], [ 1.940917168332075, 50.78456900444646 ], [ 1.940843359236357, 50.784502751802947 ], [ 1.940718306330091, 50.784421319521705 ], [ 1.940628910718099, 50.784391479502361 ], [ 1.940511170645932, 50.784366115224174 ], [ 1.94024513715613, 50.784240091372531 ], [ 1.94005355605282, 50.784068119297118 ], [ 1.940042663830615, 50.784054105358237 ], [ 1.940021406412952, 50.784040262441607 ], [ 1.939993485064413, 50.78402208001949 ], [ 1.939845595603957, 50.783925773858236 ], [ 1.939830875895654, 50.783916188299315 ], [ 1.939674241850998, 50.783841986607676 ], [ 1.939487637791951, 50.783674478110264 ], [ 1.939424212171066, 50.783633174342896 ], [ 1.939232636324764, 50.783461200926517 ], [ 1.939134264981849, 50.783260114065314 ], [ 1.939137730024185, 50.783096611662451 ], [ 1.939128774831575, 50.78305736097802 ], [ 1.939102587146476, 50.7830235433672 ], [ 1.939090616047976, 50.78301574741058 ], [ 1.939078099401481, 50.783007596194331 ], [ 1.938934384881426, 50.782959620761702 ], [ 1.938931477086089, 50.782958994237667 ], [ 1.938916155566698, 50.782953879539114 ], [ 1.938903049457045, 50.782952448851873 ], [ 1.938840122513923, 50.782958218922602 ], [ 1.93862700282347, 50.782999394312434 ], [ 1.938614186282351, 50.783000569495307 ], [ 1.938282121961634, 50.782997739234816 ], [ 1.937967690233087, 50.782929993592845 ], [ 1.937701670810924, 50.782803964198145 ], [ 1.937621667482609, 50.782732142675037 ], [ 1.93755626154538, 50.782689546441475 ], [ 1.937418476151948, 50.78264354777032 ], [ 1.937421191038601, 50.782640279316013 ], [ 1.937370000210473, 50.782626322118738 ], [ 1.937152458566424, 50.782517516249904 ], [ 1.937111399457351, 50.782490775582239 ], [ 1.937111383338819, 50.782490765084439 ], [ 1.936919836884418, 50.782318798828065 ], [ 1.936908263819497, 50.782303906853372 ], [ 1.936829558817553, 50.78225264803563 ], [ 1.936736400205949, 50.782221546800514 ], [ 1.936470387283626, 50.782095514359362 ], [ 1.936278827192173, 50.781923535697544 ], [ 1.936197273027662, 50.781756798035445 ], [ 1.936186410372467, 50.781742819721146 ], [ 1.936161377573015, 50.781726515937812 ], [ 1.93609400456932, 50.781704022553335 ], [ 1.935950951716963, 50.781673197653951 ], [ 1.935875915451914, 50.781665004457849 ], [ 1.93556149527404, 50.781597252461509 ], [ 1.935295489015687, 50.781471217497895 ], [ 1.935103935560249, 50.78129923709087 ], [ 1.935066690676585, 50.781251307326023 ], [ 1.93504705140507, 50.781249162757291 ], [ 1.934897006871436, 50.781262916797033 ], [ 1.934564953973301, 50.781260076644031 ], [ 1.934503455629479, 50.781253360909567 ], [ 1.934408698958121, 50.781247816335807 ], [ 1.934312717537514, 50.781237334802078 ], [ 1.934198137661564, 50.781236354302898 ], [ 1.934198215908748, 50.781232679223642 ], [ 1.933986290154166, 50.781230865457943 ], [ 1.933731746745373, 50.781176011142747 ], [ 1.933633527362163, 50.781165284671772 ], [ 1.933546991279446, 50.781173216136658 ], [ 1.933279692926733, 50.781223964580811 ], [ 1.933021346176057, 50.781247642387804 ], [ 1.932958796009681, 50.781259937503691 ], [ 1.932957482901431, 50.781260057849586 ], [ 1.932784525255413, 50.781314074741211 ], [ 1.932467336428324, 50.781376421502472 ], [ 1.932135282695915, 50.781373574718238 ], [ 1.931820869098095, 50.781305813061955 ], [ 1.931809425725618, 50.781301991992528 ], [ 1.931803609710706, 50.781300738569335 ], [ 1.931695613191027, 50.781264677261618 ], [ 1.931692705591643, 50.78126405056846 ], [ 1.931676184066657, 50.781258533850988 ], [ 1.93159550654071, 50.781241146204813 ], [ 1.93155487319731, 50.781227578181259 ], [ 1.931551965058403, 50.781226951395887 ], [ 1.931536645562989, 50.781221836010211 ], [ 1.931371990072322, 50.78120385103815 ], [ 1.931373051160058, 50.781199946444914 ], [ 1.931287964098356, 50.781192820029901 ], [ 1.931055060087008, 50.781136062150367 ], [ 1.931053285305774, 50.781135469497968 ], [ 1.930787304750633, 50.781009428785055 ], [ 1.930743556541499, 50.780980931356417 ], [ 1.93057695639736, 50.780925299452782 ], [ 1.930310966005385, 50.780799253624011 ], [ 1.930273845950663, 50.780765921679574 ], [ 1.930240734819357, 50.780744352816775 ], [ 1.930156982846215, 50.780689795968406 ], [ 1.930129065748559, 50.780671610460033 ], [ 1.930101148531481, 50.780653424853888 ], [ 1.930101161319366, 50.780653433183907 ], [ 1.930073231334664, 50.780635239240951 ], [ 1.930073244122626, 50.780635247571055 ], [ 1.93006495697449, 50.780629849214904 ], [ 1.930064956472681, 50.780629848978968 ], [ 1.930046398486181, 50.780617760058291 ], [ 1.930046415583216, 50.780617771195281 ], [ 1.929972620055905, 50.780551507301738 ], [ 1.929794215521339, 50.780435291368221 ], [ 1.929775961554777, 50.780426641047249 ], [ 1.929584431471455, 50.780254652148088 ], [ 1.929539145729915, 50.780196363149535 ], [ 1.929313118880227, 50.780049122212361 ], [ 1.929313118378431, 50.780049121976447 ], [ 1.929262866032483, 50.780016385873303 ], [ 1.929239698140362, 50.780008649044248 ], [ 1.928973716300987, 50.779882600288651 ], [ 1.92895841133127, 50.779872629991431 ], [ 1.928884625068157, 50.779806369850093 ], [ 1.928873961973629, 50.779799423438021 ], [ 1.92881812944446, 50.779763051608022 ], [ 1.928790213210331, 50.7797448656829 ], [ 1.928734380802854, 50.779708493812315 ], [ 1.928706464490049, 50.779690307776029 ], [ 1.928698190352004, 50.779684917598487 ], [ 1.928678548336932, 50.779672121823758 ], [ 1.928670274204992, 50.779666731644305 ], [ 1.928650632204191, 50.779653935864822 ], [ 1.928642358078263, 50.779648545683344 ], [ 1.928622716091732, 50.779635749899107 ], [ 1.928614441971884, 50.779630359715675 ], [ 1.928530693774137, 50.779575801771912 ], [ 1.928502777971367, 50.779557615831173 ], [ 1.928502777469585, 50.779557615595245 ], [ 1.928474861604128, 50.779539429684654 ], [ 1.928456303987146, 50.779527340234239 ], [ 1.92838251889742, 50.77946107976048 ], [ 1.928371855945969, 50.779454133301684 ], [ 1.928232276789472, 50.779363203156315 ], [ 1.928091088624404, 50.779271224243843 ], [ 1.927945127715944, 50.779222478547268 ], [ 1.92782588890555, 50.779196775034521 ], [ 1.927559914500949, 50.7790707229573 ], [ 1.927523512611936, 50.77904700797145 ], [ 1.92733491195322, 50.778957624513637 ], [ 1.927143395014008, 50.778785630770166 ], [ 1.927049808743588, 50.778665158806035 ], [ 1.927007751069919, 50.778627388100645 ], [ 1.926996181564523, 50.778612494826525 ], [ 1.926977099829164, 50.778600063222989 ], [ 1.926785586045579, 50.778428069400306 ], [ 1.926737361653201, 50.778365989988536 ], [ 1.926714143224282, 50.778345137911103 ], [ 1.926696769235134, 50.778309598845432 ], [ 1.926695249069692, 50.778307641928627 ], [ 1.926596937589602, 50.778106542393211 ], [ 1.926585466929799, 50.778056204437419 ], [ 1.926582838032016, 50.77805082686843 ], [ 1.926561524801235, 50.777957295620098 ], [ 1.926550516862839, 50.77793477827138 ], [ 1.926548267662559, 50.777924907801683 ], [ 1.926515526379528, 50.777866192039987 ], [ 1.926499255396811, 50.777767559602864 ], [ 1.926475329108192, 50.777662559692665 ], [ 1.92646452069681, 50.777557188171826 ], [ 1.926464803443112, 50.777544002901017 ], [ 1.92645011467104, 50.777479541259829 ], [ 1.926454629079321, 50.777269023069529 ], [ 1.926467446196006, 50.777221872078989 ], [ 1.926457418727198, 50.777177866327492 ], [ 1.926446610396614, 50.777072494457236 ], [ 1.926447277903962, 50.777041366859073 ], [ 1.926426965180385, 50.776952223341446 ], [ 1.926431479584518, 50.77674170523877 ], [ 1.92653837319253, 50.776542375031653 ], [ 1.92673173610966, 50.776378363187945 ], [ 1.926731952957826, 50.776378102174426 ], [ 1.926733683292086, 50.77637173645833 ], [ 1.926732537649083, 50.776366708813512 ], [ 1.926598891886539, 50.776279634595078 ], [ 1.926536105552393, 50.77627277332293 ], [ 1.926221731827216, 50.776204997191329 ], [ 1.925955777691949, 50.77607894122621 ], [ 1.925841790405729, 50.776004673246469 ], [ 1.925813877348317, 50.775986486550046 ], [ 1.925777691102737, 50.775962909444786 ], [ 1.925610213202294, 50.775853788980854 ], [ 1.925592741806404, 50.775842405426637 ], [ 1.925445190263221, 50.775709880291863 ], [ 1.925349106356243, 50.775647275905769 ], [ 1.925246648114856, 50.77559871157905 ], [ 1.925219819513071, 50.775581231041755 ], [ 1.925136081787732, 50.775526670478861 ], [ 1.925108169253175, 50.775508483611048 ], [ 1.92508852979435, 50.775495687188894 ], [ 1.925080256738874, 50.77549029673645 ], [ 1.92506603817477, 50.775481032380917 ], [ 1.924874542842488, 50.775309034744851 ], [ 1.924764791843335, 50.775167733544791 ], [ 1.924678915362254, 50.775090599858082 ], [ 1.924667347492262, 50.775075706429696 ], [ 1.924553005971836, 50.775001203610678 ], [ 1.924533366853648, 50.774988407090916 ], [ 1.924525093942008, 50.774983016597595 ], [ 1.924505454838082, 50.774970220073094 ], [ 1.924477542842822, 50.774952033048521 ], [ 1.924449630867788, 50.774933846017163 ], [ 1.924366979050367, 50.77487999119451 ], [ 1.924175488238878, 50.774707992095237 ], [ 1.924155881241455, 50.774682747813273 ], [ 1.924132665631596, 50.774661895169807 ], [ 1.924115294677422, 50.77462635539009 ], [ 1.92403394191738, 50.774521612027307 ], [ 1.923935649301886, 50.774320510531759 ], [ 1.923938558979527, 50.7741851274032 ], [ 1.923933018710987, 50.774185079526845 ], [ 1.923933423101886, 50.774166264623261 ], [ 1.92391553723764, 50.774087748869661 ], [ 1.923869088440583, 50.774027944052655 ], [ 1.923823182080009, 50.773998031079088 ], [ 1.923631696649431, 50.773826031092575 ], [ 1.923554740211771, 50.77372694491347 ], [ 1.923538491557408, 50.773705038067618 ], [ 1.923516628858863, 50.773674130508908 ], [ 1.923496394787882, 50.773629934700985 ], [ 1.923429629977142, 50.773543970096334 ], [ 1.923301708350933, 50.773429063594861 ], [ 1.923278051813178, 50.773398603845287 ], [ 1.923274519271094, 50.773394011494347 ], [ 1.92324699462419, 50.773357881579514 ], [ 1.923220221518801, 50.77332273819907 ], [ 1.923172479704032, 50.773260587617983 ], [ 1.923146902224774, 50.773207849971385 ], [ 1.923054728741445, 50.773089167339876 ], [ 1.92296885838469, 50.773012032178656 ], [ 1.922947815054153, 50.77298493657706 ], [ 1.922945815738013, 50.772982348265785 ], [ 1.922814176959996, 50.772811000338052 ], [ 1.922777970887131, 50.772778476981358 ], [ 1.922710148954397, 50.772691147736808 ], [ 1.922650802034594, 50.77267132193343 ], [ 1.922637290924747, 50.772668408384831 ], [ 1.922594473745166, 50.772663727595422 ], [ 1.922280124687884, 50.772595940211076 ], [ 1.922268564907684, 50.772592078399441 ], [ 1.922002642435743, 50.772466014140683 ], [ 1.921993065898651, 50.77245977348781 ], [ 1.921890617434991, 50.772411206164328 ], [ 1.921869370951431, 50.77239736060713 ], [ 1.921725702641653, 50.772349364253571 ], [ 1.921722795407321, 50.772348737272907 ], [ 1.921670871593467, 50.772331390655587 ], [ 1.921665056849268, 50.772330136736208 ], [ 1.921563011574244, 50.772296045430906 ], [ 1.921297090481795, 50.772169978950828 ], [ 1.921263941056922, 50.77214837623967 ], [ 1.921161493937708, 50.772099808293333 ], [ 1.921142940843856, 50.772087717616188 ], [ 1.921087122390438, 50.772051341802388 ], [ 1.921059213263917, 50.772033153930842 ], [ 1.921031304297317, 50.772014966143523 ], [ 1.921013213591602, 50.772003176735097 ], [ 1.921003395211516, 50.77199677825854 ], [ 1.920977654175309, 50.77198000323758 ], [ 1.920977632497753, 50.771979989110235 ], [ 1.920830121147103, 50.771847468543669 ], [ 1.920790714940458, 50.771821787947957 ], [ 1.920706146800897, 50.771766675602414 ], [ 1.920682132028059, 50.771755290477266 ], [ 1.920494605915461, 50.771692639074267 ], [ 1.920491699535746, 50.771692012284532 ], [ 1.920438402917681, 50.771674206076675 ], [ 1.920435495741489, 50.771673579065904 ], [ 1.920432854569179, 50.771672696660801 ], [ 1.92033643096714, 50.771662153552832 ], [ 1.920285967026515, 50.771666774276056 ], [ 1.920174720933641, 50.77173541390323 ], [ 1.919903466980121, 50.771856824614723 ], [ 1.91971894969896, 50.771893079998605 ], [ 1.919659603410044, 50.771911610531504 ], [ 1.919576521107613, 50.771962871845069 ], [ 1.919524102042757, 50.772025959085056 ], [ 1.919325286743615, 50.772194579345459 ], [ 1.919054028245804, 50.772315988134366 ], [ 1.918736879637214, 50.772378300769574 ], [ 1.918491289982374, 50.772400784401519 ], [ 1.918159296386151, 50.772397900373626 ], [ 1.918000235507062, 50.77238050560689 ], [ 1.917870271572852, 50.772392403054539 ], [ 1.917754637705576, 50.772415121354996 ], [ 1.91742264500854, 50.772412235387613 ], [ 1.917193504648755, 50.772387175409428 ], [ 1.917126707231194, 50.772393289881222 ], [ 1.917067511250937, 50.772411771760439 ], [ 1.916750359721546, 50.77247407930134 ], [ 1.916418366388229, 50.77247119072468 ], [ 1.916378560692074, 50.772466837079349 ], [ 1.916064222949809, 50.772399034472343 ], [ 1.916039025789833, 50.772390615163886 ], [ 1.916030304593656, 50.772388733964505 ], [ 1.915902783153997, 50.772346124299681 ], [ 1.915636875726237, 50.772220045710974 ], [ 1.915526944957189, 50.772121276203201 ], [ 1.915481441036724, 50.772091617979783 ], [ 1.915473546479105, 50.77209075446396 ], [ 1.915463463953428, 50.772091677260192 ], [ 1.915422701057165, 50.772104403456524 ], [ 1.915398202767202, 50.772115367219342 ], [ 1.915388360608418, 50.772121439102328 ], [ 1.915283853648766, 50.77216820915919 ], [ 1.915272897103041, 50.772174968508985 ], [ 1.915244212769069, 50.772192664533158 ], [ 1.915215529850271, 50.77221035975321 ], [ 1.915186843341839, 50.77222805707968 ], [ 1.915158158858175, 50.772245753137433 ], [ 1.915129474211008, 50.77226344927648 ], [ 1.915100789543502, 50.772281145408456 ], [ 1.915092287563643, 50.772286390353734 ], [ 1.915092287191664, 50.772286390671702 ], [ 1.915072104855769, 50.772298841533328 ], [ 1.915063602869829, 50.772304086476559 ], [ 1.915063602497849, 50.772304086794513 ], [ 1.915043420147688, 50.772316537651172 ], [ 1.915034918401832, 50.772321782440464 ], [ 1.91503491792706, 50.772321782821862 ], [ 1.915014735419205, 50.772334233761988 ], [ 1.915006233421391, 50.772339478700921 ], [ 1.915006233049391, 50.77233947901891 ], [ 1.914986050670698, 50.772351929865565 ], [ 1.91496154243714, 50.772367049302837 ], [ 1.914737057863935, 50.77247291319118 ], [ 1.914476745654169, 50.77253789995266 ], [ 1.914313491361935, 50.772549404037491 ], [ 1.914313612566284, 50.772549936581719 ], [ 1.914237244756224, 50.772556925238881 ], [ 1.914210113909782, 50.772556688651164 ], [ 1.914198696827793, 50.772557493163866 ], [ 1.914139190752417, 50.772556680919173 ], [ 1.914139211480323, 50.772556070336442 ], [ 1.91390525111497, 50.772554029765288 ], [ 1.913590918075508, 50.772486221348437 ], [ 1.913325015687199, 50.772360137761225 ], [ 1.91329799944686, 50.772342528421554 ], [ 1.913270093126889, 50.772324338903232 ], [ 1.913190708867323, 50.772272595533586 ], [ 1.912999267295546, 50.772100579279929 ], [ 1.912961129180191, 50.77205145566478 ], [ 1.912927377431892, 50.772047763149274 ], [ 1.912891090974537, 50.772051083483987 ], [ 1.912885566501467, 50.772054491463166 ], [ 1.912703316608395, 50.772209034983348 ], [ 1.912432041947249, 50.772330429303821 ], [ 1.912114885000226, 50.772392725030379 ], [ 1.911782892325775, 50.772389824017189 ], [ 1.911468562925182, 50.772322010245638 ], [ 1.911269321023659, 50.772227529734621 ], [ 1.911088388688569, 50.772167064393557 ], [ 1.911085481331218, 50.772166437121456 ], [ 1.911032187923288, 50.772148627065754 ], [ 1.911029281102456, 50.772147999879472 ], [ 1.910975986626573, 50.77213018947397 ], [ 1.910973079797681, 50.772129562284235 ], [ 1.910957764080775, 50.77212444393929 ], [ 1.910944661910137, 50.772123010319362 ], [ 1.910893187262021, 50.772127719575572 ], [ 1.910654942908283, 50.772174512462065 ], [ 1.910322951746541, 50.772171607607547 ], [ 1.910169467651701, 50.772154812741931 ], [ 1.910172210760355, 50.772144732821104 ], [ 1.910074159011009, 50.77213024233918 ], [ 1.910073388906418, 50.772133072169211 ], [ 1.910071857095057, 50.772132904549586 ], [ 1.910027685716792, 50.772123374298836 ], [ 1.909863143582019, 50.77209905733892 ], [ 1.909852536532743, 50.772095856754788 ], [ 1.909813732402782, 50.772083524590677 ], [ 1.909760438544883, 50.772065713637673 ], [ 1.909757531587174, 50.772065086434978 ], [ 1.909716978860156, 50.772051533577269 ], [ 1.909615193964812, 50.771998831824561 ], [ 1.909609913005662, 50.772003924767112 ], [ 1.909434952403527, 50.77193097593743 ], [ 1.909358972755934, 50.771920099223948 ], [ 1.909097869846233, 50.771858996194823 ], [ 1.908906492717121, 50.771795035553374 ], [ 1.908748091371192, 50.771760857481148 ], [ 1.908720144274637, 50.771751517119185 ], [ 1.908717237348224, 50.771750889891905 ], [ 1.908668069625259, 50.771734457235077 ], [ 1.908656441926558, 50.771731948320578 ], [ 1.908512701332143, 50.771683907668731 ], [ 1.9083755078288, 50.771654305047448 ], [ 1.908337113982152, 50.771650103183013 ], [ 1.908320199864391, 50.771651650260914 ], [ 1.908319729831903, 50.77165337723342 ], [ 1.908321184151324, 50.771659770700325 ], [ 1.908347953345214, 50.77169425607503 ], [ 1.908399792435556, 50.771728049782631 ], [ 1.908505293103892, 50.771763310088424 ], [ 1.908588854060615, 50.771781340149822 ], [ 1.908684142473023, 50.771813187112599 ], [ 1.908687049402579, 50.771813814340582 ], [ 1.908704503746222, 50.771819647857747 ], [ 1.908970391875181, 50.771945741497042 ], [ 1.909153126969207, 50.772109952974937 ], [ 1.909155563167016, 50.772111541078068 ], [ 1.909299219296767, 50.772159552111482 ], [ 1.909302126254188, 50.772160179324793 ], [ 1.909317440300451, 50.772165297386223 ], [ 1.909351879447704, 50.772169066123681 ], [ 1.909666205057068, 50.772236885251296 ], [ 1.90976548818875, 50.772283967381092 ], [ 1.909854998894438, 50.772313881938111 ], [ 1.909919921851861, 50.772320986253682 ], [ 1.910234249184339, 50.772388803931761 ], [ 1.910258309255241, 50.772400213526012 ], [ 1.910359424888071, 50.772434005842783 ], [ 1.910625320607336, 50.772560095884131 ], [ 1.910641875732524, 50.772570887291785 ], [ 1.910662709100695, 50.772580766609053 ], [ 1.910825211749604, 50.772726788081442 ], [ 1.910895850805897, 50.772772833486698 ], [ 1.910946859584856, 50.772789879900401 ], [ 1.911013315482412, 50.772797151290931 ], [ 1.911327647227689, 50.772864966167894 ], [ 1.911593547464354, 50.772991053993699 ], [ 1.911593713789534, 50.772991162408644 ], [ 1.911741220917635, 50.773123704671946 ], [ 1.911763714814384, 50.773138366655729 ], [ 1.911890383597108, 50.773152225361322 ], [ 1.912204717956071, 50.773220037738696 ], [ 1.912259073623473, 50.773238201706356 ], [ 1.912524978599784, 50.773364287512472 ], [ 1.912587907812934, 50.773420830674034 ], [ 1.912663701729883, 50.773470233278211 ], [ 1.912766458865952, 50.773504570849838 ], [ 1.912855838373386, 50.773523852257163 ], [ 1.912913151070261, 50.773543003904059 ], [ 1.912992404575013, 50.773551674123603 ], [ 1.912996286899082, 50.773551708014438 ], [ 1.913180741334731, 50.773563588336515 ], [ 1.913349101786829, 50.773583974476843 ], [ 1.91356757506771, 50.77360874353095 ], [ 1.913879833788122, 50.773677281660447 ], [ 1.914143712399825, 50.773803395579421 ], [ 1.914333628588539, 50.773974859071231 ], [ 1.914345020140852, 50.773998238787634 ], [ 1.914363017759147, 50.774021418597343 ], [ 1.914363691849521, 50.77402228836312 ], [ 1.914464594968398, 50.774152718494982 ], [ 1.914514586544629, 50.774185301044071 ], [ 1.914522481299727, 50.77418616460487 ], [ 1.914530410588781, 50.774185438976062 ], [ 1.914610382563698, 50.774136105385317 ], [ 1.914637883137239, 50.774035021074852 ], [ 1.91464424364295, 50.774035716808932 ], [ 1.914669131393295, 50.773934798058526 ], [ 1.914795935195435, 50.773763054767187 ], [ 1.914993268080144, 50.773620562674267 ], [ 1.915245459201029, 50.773518637186278 ], [ 1.915345710120769, 50.773500032952121 ], [ 1.915555768409772, 50.773434454586109 ], [ 1.915872927250959, 50.77337215027039 ], [ 1.915959058909846, 50.773364267020362 ], [ 1.916126247627507, 50.773331423080471 ], [ 1.916246328111997, 50.773332468237129 ], [ 1.916360447089322, 50.773322023077668 ], [ 1.916386089023928, 50.773306203917016 ], [ 1.916408934052798, 50.773292110225348 ], [ 1.916680204281692, 50.773170707383223 ], [ 1.916997360496398, 50.773108400074996 ], [ 1.91712371148299, 50.773096834488427 ], [ 1.917455709132135, 50.77309972123745 ], [ 1.917770051515273, 50.773167519786092 ], [ 1.91803596961235, 50.773293593765871 ], [ 1.918193488676911, 50.773435106765035 ], [ 1.918293592856913, 50.773500345522059 ], [ 1.918315605335653, 50.773502752683797 ], [ 1.918339867044906, 50.773500531646206 ], [ 1.918380761736286, 50.773487763496234 ], [ 1.918571784429521, 50.77340227030264 ], [ 1.918888939645987, 50.773339958351023 ], [ 1.919220938884569, 50.773342840486208 ], [ 1.919535285032908, 50.773410634595066 ], [ 1.919722544438195, 50.773499411400749 ], [ 1.919846987649779, 50.773540986588564 ], [ 1.919963784067222, 50.773596357416181 ], [ 1.920105705086453, 50.773643771335408 ], [ 1.920288595841418, 50.773683213233788 ], [ 1.920549481864671, 50.773806891917509 ], [ 1.920573145182345, 50.773809479148177 ], [ 1.920728455313225, 50.773795258420229 ], [ 1.920795775780011, 50.773782030757275 ], [ 1.921127778232496, 50.773784907722352 ], [ 1.921442129926209, 50.773852696958251 ], [ 1.921708060920763, 50.773978763006085 ], [ 1.921709340683405, 50.773979596956025 ], [ 1.921847087961554, 50.774025613643182 ], [ 1.921961427927575, 50.774079816513243 ], [ 1.922126655288357, 50.774135012801487 ], [ 1.922392589206078, 50.774261077233184 ], [ 1.92241058409182, 50.774272803218402 ], [ 1.922554258552559, 50.774320798632992 ], [ 1.92255716591157, 50.774321425592291 ], [ 1.922604540187496, 50.774337251200521 ], [ 1.922655561998014, 50.774361437458296 ], [ 1.922684321888322, 50.774371044791678 ], [ 1.922950242575774, 50.774497097207451 ], [ 1.92297049842892, 50.77451029624995 ], [ 1.923175406230721, 50.774607428715399 ], [ 1.923256971932327, 50.774660577756627 ], [ 1.923272274033853, 50.774670548742691 ], [ 1.923463761603576, 50.774842549246181 ], [ 1.923503938951178, 50.774894279075937 ], [ 1.923556875553528, 50.774928772624342 ], [ 1.923625308509722, 50.77495163201646 ], [ 1.923891250602888, 50.775077693097977 ], [ 1.924082741670962, 50.775249692275274 ], [ 1.924144564491184, 50.775329289035014 ], [ 1.924173122120199, 50.775338828188154 ], [ 1.924439086022764, 50.775464899869178 ], [ 1.924630585452778, 50.77563691596697 ], [ 1.924657891462383, 50.77567207587434 ], [ 1.924658542975295, 50.775672916252972 ], [ 1.924731074540241, 50.775766638294449 ], [ 1.924832261866539, 50.775832568718741 ], [ 1.925023759588522, 50.776004566968069 ], [ 1.92502910822361, 50.776011453039544 ], [ 1.925127408181032, 50.776212552767014 ], [ 1.925145654072939, 50.776292636481479 ], [ 1.925184787385918, 50.776343017754101 ], [ 1.925270666789001, 50.776420150939828 ], [ 1.925282235149104, 50.776435044281662 ], [ 1.925304568320494, 50.776449595471874 ], [ 1.925332481311786, 50.776467782178855 ], [ 1.925332468525677, 50.776467773848196 ], [ 1.925360394462667, 50.776485968969823 ], [ 1.925360381676549, 50.776485960639192 ], [ 1.925388307773333, 50.776504155844933 ], [ 1.925396581029202, 50.776509546268365 ], [ 1.925416220964782, 50.776522342622414 ], [ 1.925444130918919, 50.776540527270626 ], [ 1.925452401342603, 50.776545915746006 ], [ 1.925458355944908, 50.77654979553671 ], [ 1.925649852439881, 50.776721790284157 ], [ 1.925667224713324, 50.776757329088618 ], [ 1.925675073043017, 50.776767432980151 ], [ 1.925700297649914, 50.776819034721335 ], [ 1.9257085471016, 50.776829655032905 ], [ 1.925712078631163, 50.776834245376186 ], [ 1.925738187196117, 50.776868511109036 ], [ 1.925871972680628, 50.777041371987465 ], [ 1.925900643387318, 50.777067121941407 ], [ 1.92599894942243, 50.777268221084078 ], [ 1.92599443337717, 50.777478738750702 ], [ 1.925984883097714, 50.777513870665558 ], [ 1.925877985268926, 50.777713200413999 ], [ 1.925768113225523, 50.777806390126379 ], [ 1.925734992603522, 50.777846253967702 ], [ 1.925728394909699, 50.777870523621921 ], [ 1.925733637609678, 50.777893532550728 ], [ 1.925779115366417, 50.777923162326928 ], [ 1.925970623984754, 50.778095158117878 ], [ 1.925994407662627, 50.778125775908599 ], [ 1.926154421909446, 50.778269484995135 ], [ 1.926171795656219, 50.778305024458852 ], [ 1.926185977448454, 50.778323281180782 ], [ 1.926186651135031, 50.778324150017205 ], [ 1.926259189369228, 50.778417870748214 ], [ 1.926279891040146, 50.778431357954815 ], [ 1.926279875870161, 50.778431348071727 ], [ 1.926353663384559, 50.778497614367346 ], [ 1.926364336360103, 50.778504567854966 ], [ 1.926420165703057, 50.778540940854739 ], [ 1.926475995266646, 50.778577313918362 ], [ 1.926503910009139, 50.778595500394623 ], [ 1.926531824632354, 50.778613686773184 ], [ 1.926531807536765, 50.778613675635668 ], [ 1.926540098499538, 50.778619077194278 ], [ 1.926540085712765, 50.77861906886384 ], [ 1.926549919025822, 50.778625475260846 ], [ 1.926556486562459, 50.778629754005394 ], [ 1.926556508244811, 50.778629768131836 ], [ 1.926748000700119, 50.778801748514368 ], [ 1.926763799832707, 50.778822086634705 ], [ 1.926900466837004, 50.778944820883275 ], [ 1.927068560453868, 50.77905433165914 ], [ 1.927107130424703, 50.77907945938464 ], [ 1.927209592613794, 50.779128018678499 ], [ 1.927348098201364, 50.779218252233477 ], [ 1.927376013618011, 50.779236438496483 ], [ 1.927386668288581, 50.779243379768253 ], [ 1.927489131094921, 50.77929193882693 ], [ 1.927507698815056, 50.779304035125641 ], [ 1.927515975545729, 50.779309427198918 ], [ 1.927531279916528, 50.779319397591102 ], [ 1.927531301599047, 50.779319411717097 ], [ 1.927722800351627, 50.779491390819985 ], [ 1.92774515552856, 50.779520167213008 ], [ 1.927746496283786, 50.779521899340914 ], [ 1.927829475121432, 50.779629489544014 ], [ 1.927913713028928, 50.779696943434871 ], [ 1.927998599713004, 50.779740184641909 ], [ 1.928094281433664, 50.779795343166676 ], [ 1.928174788421732, 50.779822229203091 ], [ 1.928280823824232, 50.779862819683991 ], [ 1.928440768415233, 50.779948279881431 ], [ 1.92853765319096, 50.780011395299283 ], [ 1.928729179283505, 50.780183386312011 ], [ 1.928740749538848, 50.78019827924323 ], [ 1.928817833941437, 50.78024849511057 ], [ 1.928817821153857, 50.780248486780387 ], [ 1.928845750466363, 50.78026668101549 ], [ 1.928863846002611, 50.780278469137571 ], [ 1.928873667011511, 50.780284866913597 ], [ 1.928881941407666, 50.780290257165795 ], [ 1.928881928619785, 50.780290248835442 ], [ 1.928901583577342, 50.78030305280523 ], [ 1.928909857979266, 50.780308443055247 ], [ 1.928909845191376, 50.780308434724901 ], [ 1.928929500302773, 50.780321238780836 ], [ 1.928957416908803, 50.780339424658699 ], [ 1.92898947074513, 50.78036030565206 ], [ 1.929021524607766, 50.780381186636198 ], [ 1.929049441280818, 50.780399372491878 ], [ 1.929069083536266, 50.780412168102878 ], [ 1.929077357974381, 50.780417558340943 ], [ 1.929077345186435, 50.780417550010604 ], [ 1.929097000243925, 50.780430353947054 ], [ 1.929096987456293, 50.780430345616928 ], [ 1.929115095898273, 50.78044214202955 ], [ 1.929124916972046, 50.780448539784608 ], [ 1.92912490418413, 50.780448531454297 ], [ 1.929133191421525, 50.780453930018226 ], [ 1.929152833720053, 50.780466725615135 ], [ 1.92915282093225, 50.780466717284916 ], [ 1.929161108175595, 50.780472115846798 ], [ 1.929180750627961, 50.780484911529847 ], [ 1.929208667416647, 50.780503097346923 ], [ 1.929272775534626, 50.780544859184559 ], [ 1.929300692390219, 50.780563044979388 ], [ 1.929320334913845, 50.780575840638598 ], [ 1.929328609265963, 50.780581230767353 ], [ 1.929348251803953, 50.780594026421873 ], [ 1.929356526162152, 50.780599416548675 ], [ 1.929356513374405, 50.780599408218556 ], [ 1.929376168574939, 50.780612212107563 ], [ 1.92937615578697, 50.780612203777324 ], [ 1.929384443078553, 50.780617602323183 ], [ 1.929384430290797, 50.780617593993071 ], [ 1.929404085505367, 50.780630397877154 ], [ 1.929412360015601, 50.780635788091182 ], [ 1.929412342918402, 50.780635776953908 ], [ 1.929432002596063, 50.7806485837312 ], [ 1.929440276972205, 50.780653973851919 ], [ 1.929524028104381, 50.78070853118524 ], [ 1.929579862200886, 50.780744902646376 ], [ 1.929607779279527, 50.780763088366776 ], [ 1.929635696378494, 50.780781274080447 ], [ 1.929650815409433, 50.780791122887976 ], [ 1.929816497384548, 50.780931926124417 ], [ 1.929919053505765, 50.781095118070951 ], [ 1.929951494207257, 50.781269577614673 ], [ 1.929951367058336, 50.781275525780636 ], [ 1.929905213162963, 50.78146288548519 ], [ 1.929778441659997, 50.781634642162963 ], [ 1.92958111922162, 50.781777155949797 ], [ 1.929328915630171, 50.78187910917709 ], [ 1.929041859436119, 50.781932405221625 ], [ 1.92896316933166, 50.781939614465792 ], [ 1.928956014250758, 50.781941806147636 ], [ 1.92867229230043, 50.782030081699908 ], [ 1.928651659885307, 50.782039316684639 ], [ 1.928531316853473, 50.782062966772386 ], [ 1.928526923505483, 50.782064327454094 ], [ 1.928460251598106, 50.782084807241787 ], [ 1.928114760817206, 50.782133512476733 ], [ 1.928117368543004, 50.782144953694441 ], [ 1.928032281405069, 50.782152748319625 ], [ 1.927749265985208, 50.782150312065752 ], [ 1.927670873759639, 50.782157493170416 ], [ 1.927641471915452, 50.78216659263088 ], [ 1.927161420130341, 50.782234736982595 ], [ 1.926985611269882, 50.782233222418952 ], [ 1.926890042460417, 50.782241976360602 ], [ 1.926557983631271, 50.782239114784126 ], [ 1.926243572388913, 50.782171339334106 ], [ 1.925966252903987, 50.782078724845825 ], [ 1.925700268152777, 50.781952669445509 ], [ 1.925566108250949, 50.781865268512256 ], [ 1.925566108250572, 50.781865268512071 ], [ 1.925545290359968, 50.781851706273343 ], [ 1.92552327399243, 50.781849300433095 ], [ 1.925367940233268, 50.781863526969047 ], [ 1.92530061013457, 50.781876756936313 ], [ 1.924968553773314, 50.781873891135113 ], [ 1.924654146930995, 50.781806111631198 ], [ 1.924388166932482, 50.781680053378146 ], [ 1.924381306464804, 50.781675583836886 ], [ 1.924353390755878, 50.781657396957236 ], [ 1.924353390755521, 50.781657396957058 ], [ 1.924350477449517, 50.781655498958415 ], [ 1.924293756833561, 50.781628616655219 ], [ 1.924252915440277, 50.781591937861265 ], [ 1.924251086431847, 50.781590746270268 ], [ 1.924177303783819, 50.781524483449779 ], [ 1.924081718637582, 50.781462209820809 ], [ 1.924073822537334, 50.781461346871552 ], [ 1.924068279892098, 50.781461854447066 ], [ 1.924016244752251, 50.781524475472153 ], [ 1.923817406813489, 50.781693100482279 ], [ 1.92354610767845, 50.781814517298677 ], [ 1.923228904421118, 50.781876840449584 ], [ 1.923157095588558, 50.781883415863902 ], [ 1.9231486132528, 50.78188508242178 ], [ 1.923113112074983, 50.781888333192001 ], [ 1.922864018332685, 50.781937273447518 ], [ 1.922531961719907, 50.781934401141939 ], [ 1.922217557809646, 50.781866615489307 ], [ 1.921951583637853, 50.781740552044653 ], [ 1.921760074962134, 50.78156855112713 ], [ 1.921661777565215, 50.781367449729309 ], [ 1.921644992196488, 50.781293761439116 ], [ 1.921532158650903, 50.781220245388404 ], [ 1.921504244471694, 50.781202058014387 ], [ 1.92150424396992, 50.781202057778422 ], [ 1.921488940642815, 50.781192086947172 ], [ 1.921297435794854, 50.781020085359593 ], [ 1.921258216880765, 50.780969592700529 ], [ 1.921209121213889, 50.780953193700462 ], [ 1.921120927462743, 50.7809435529539 ], [ 1.920969979964818, 50.780934704009447 ], [ 1.920886749051022, 50.780925605597268 ], [ 1.920776978037916, 50.780935655225591 ], [ 1.920685440699307, 50.780964128856553 ], [ 1.920662594870073, 50.781048129311777 ], [ 1.92055566821035, 50.781247452905212 ], [ 1.920356819846891, 50.781416072319118 ], [ 1.920085514061969, 50.781537481581289 ], [ 1.920019352461676, 50.781550478976577 ], [ 1.919768877736985, 50.781628672519744 ], [ 1.919451670895232, 50.781690986096855 ], [ 1.919119615998737, 50.781688104679546 ], [ 1.918805218166315, 50.78162031033127 ], [ 1.918689072011573, 50.781581512570114 ], [ 1.918594162214482, 50.781571135826539 ], [ 1.918500836882193, 50.781579677979224 ], [ 1.91831094842451, 50.781578028862761 ], [ 1.918310821191204, 50.781583916876045 ], [ 1.918223410598154, 50.781583157656442 ], [ 1.917995301992915, 50.781565400599604 ], [ 1.917943715145329, 50.781557720434179 ], [ 1.917691578903026, 50.781497953721399 ], [ 1.917650950396013, 50.781484381548985 ], [ 1.917648042694207, 50.781483754484483 ], [ 1.917594736313111, 50.781465947249778 ], [ 1.917591828329663, 50.781465320137492 ], [ 1.917538522707946, 50.781447513118664 ], [ 1.917535615265668, 50.781446886093143 ], [ 1.917519095240873, 50.781441367499411 ], [ 1.917438422338764, 50.781423970688003 ], [ 1.917397793404388, 50.781410398290248 ], [ 1.917394885971523, 50.781409771262588 ], [ 1.917341578592887, 50.781391963572787 ], [ 1.917338670606612, 50.781391336452224 ], [ 1.917291291882145, 50.78137550919525 ], [ 1.917052748686758, 50.781262431380028 ], [ 1.916910003754648, 50.781214745541412 ], [ 1.916751566085945, 50.781180577841923 ], [ 1.916729539603414, 50.78117321950873 ], [ 1.916615189647767, 50.781119012584902 ], [ 1.916564541717155, 50.781102092737264 ], [ 1.916506136732272, 50.781074406123075 ], [ 1.916265058924196, 50.780993869029672 ], [ 1.915999104535035, 50.780867792712726 ], [ 1.915807619760931, 50.780695782466061 ], [ 1.915723302229729, 50.780587207230354 ], [ 1.91558829595385, 50.78046593001109 ], [ 1.915586371352931, 50.780463451688902 ], [ 1.915517564495527, 50.780401641589044 ], [ 1.915500197630407, 50.780366100776021 ], [ 1.915441855459758, 50.780290972641914 ], [ 1.915341007827635, 50.780257280824024 ], [ 1.915251615084337, 50.780238001351691 ], [ 1.915110169827687, 50.78019074601513 ], [ 1.914844222795558, 50.78006466718643 ], [ 1.914826227600258, 50.780052940211391 ], [ 1.914751431449378, 50.780027951238722 ], [ 1.914602901886133, 50.779995916679624 ], [ 1.914336956163923, 50.779869836148528 ], [ 1.914145480653773, 50.779697822346193 ], [ 1.914137995981485, 50.779688183630697 ], [ 1.914123361960088, 50.779675037004509 ], [ 1.914086093838621, 50.779598763406689 ], [ 1.913976582256978, 50.779457734699399 ], [ 1.913953368653112, 50.779436880284081 ], [ 1.913936003254465, 50.779401339244352 ], [ 1.913876703275698, 50.779324972395329 ], [ 1.913851679095781, 50.779308664162478 ], [ 1.913800662682075, 50.779291619106623 ], [ 1.91370064573346, 50.779280679400443 ], [ 1.913386270429377, 50.779212871184512 ], [ 1.913310802473837, 50.779177091474445 ], [ 1.913060608599121, 50.779093497445778 ], [ 1.913057701078103, 50.779092870268471 ], [ 1.913055059583773, 50.779091987696596 ], [ 1.91305221996646, 50.779091677085482 ], [ 1.913017018486713, 50.779084084213558 ], [ 1.912905635532206, 50.779071900529395 ], [ 1.912591262612516, 50.779004090285291 ], [ 1.912404812405416, 50.778915690939726 ], [ 1.91230934726584, 50.778883793410543 ], [ 1.912241299485658, 50.778876349550373 ], [ 1.912237510940114, 50.778876696142177 ], [ 1.911905476442346, 50.778873795511196 ], [ 1.911806644001555, 50.778862983756198 ], [ 1.911810819246859, 50.778847641532494 ], [ 1.91148553398206, 50.778795111743754 ], [ 1.911261355834873, 50.778720205205047 ], [ 1.91124972638369, 50.77871769655939 ], [ 1.911107639426268, 50.778670219494686 ], [ 1.910841710201336, 50.778544131710191 ], [ 1.910650251915917, 50.778372112868027 ], [ 1.910587485933127, 50.778291272150945 ], [ 1.910473157952892, 50.778216756724618 ], [ 1.910473157950043, 50.778216756723289 ], [ 1.91028823727341, 50.778096230460527 ], [ 1.910140719437467, 50.777963687523304 ], [ 1.910061898816611, 50.777912313783453 ], [ 1.910001211251945, 50.777883538202964 ], [ 1.909869552736391, 50.777839543240574 ], [ 1.909836641634649, 50.777835942299916 ], [ 1.909522280641452, 50.777768124180696 ], [ 1.909486302772939, 50.777751064647191 ], [ 1.90943820288798, 50.777734991332409 ], [ 1.909172282835163, 50.777608899803539 ], [ 1.908980833862248, 50.77743687814985 ], [ 1.908970518791993, 50.777423591691253 ], [ 1.90895322936035, 50.777408056624161 ], [ 1.908856153705637, 50.777344781927759 ], [ 1.908805140976573, 50.777327734761784 ], [ 1.908772230287772, 50.777324133537036 ], [ 1.908457873950283, 50.777256312678205 ], [ 1.908358582187835, 50.777209229862351 ], [ 1.908356818675615, 50.777208640530937 ], [ 1.908090904142207, 50.777082546592062 ], [ 1.908070789722917, 50.777069435492628 ], [ 1.907992254927596, 50.777032194834781 ], [ 1.907800812214508, 50.776860171215972 ], [ 1.907702580132837, 50.776659057353491 ], [ 1.907673373246752, 50.776530664635338 ], [ 1.907668615217309, 50.776524416351819 ], [ 1.907639231118321, 50.776485878435167 ], [ 1.90754461789161, 50.776289713244907 ], [ 1.907439889567009, 50.776221446388483 ], [ 1.907411981583523, 50.776203254534217 ], [ 1.907384076498061, 50.776185064617273 ], [ 1.907329347386481, 50.776149389413412 ], [ 1.907329364476839, 50.776149400553528 ], [ 1.907137910133101, 50.775977364383678 ], [ 1.907135986123059, 50.77597488591401 ], [ 1.907067195867239, 50.775913070723242 ], [ 1.907049836541756, 50.775877528456014 ], [ 1.907035663053041, 50.775859270350033 ], [ 1.907032132817458, 50.775854678842819 ], [ 1.907004618399815, 50.775818545383096 ], [ 1.90697710420624, 50.775782412249711 ], [ 1.906951008912017, 50.775748142436356 ], [ 1.906881084865092, 50.775657738172505 ], [ 1.906806294072751, 50.775632742567694 ], [ 1.906540391369519, 50.775506644838188 ], [ 1.906348959277107, 50.775334618271579 ], [ 1.90625073614179, 50.775133502425383 ], [ 1.906248698430859, 50.775124543192419 ], [ 1.906244476696754, 50.775115899008327 ], [ 1.906139726867629, 50.774980955804402 ], [ 1.906139560270678, 50.774980806092891 ], [ 1.906041338567815, 50.774779690283921 ], [ 1.906016020252922, 50.774668370451401 ], [ 1.905935417135779, 50.774564153825764 ], [ 1.905874810253015, 50.774509688887342 ], [ 1.905807166474875, 50.774465591964869 ], [ 1.905744295611847, 50.77445871038671 ], [ 1.905429961394552, 50.774390881619325 ], [ 1.905164069201121, 50.774264780931006 ], [ 1.905016378638813, 50.774132053641381 ], [ 1.904892539881542, 50.774051320758382 ], [ 1.904790104751391, 50.77400273948497 ], [ 1.904744734454939, 50.773973161504344 ], [ 1.904597243238207, 50.773840610964207 ], [ 1.904520027025822, 50.773790271416892 ], [ 1.904498015054624, 50.773787861814384 ], [ 1.904473752552289, 50.773790080156814 ], [ 1.904419365825106, 50.773807053141198 ], [ 1.904310249212702, 50.773874348709249 ], [ 1.904296937176194, 50.773923242009815 ], [ 1.904296525406809, 50.773942056923154 ], [ 1.904287239494666, 50.773941975213233 ], [ 1.90428460479476, 50.774062362164003 ], [ 1.904273440121544, 50.774103368244496 ], [ 1.904299705065816, 50.774218869534273 ], [ 1.904304708363791, 50.774229115138247 ], [ 1.904300101002114, 50.774439632677279 ], [ 1.904296320609109, 50.774453517379889 ], [ 1.904314988025475, 50.774535607465502 ], [ 1.904342727170893, 50.774592410093433 ], [ 1.904342916361271, 50.774593242059822 ], [ 1.904349399774618, 50.774601594851632 ], [ 1.90442428341274, 50.77465041308627 ], [ 1.904615706152419, 50.774822442573885 ], [ 1.904627267998909, 50.77483733787016 ], [ 1.90465228679728, 50.774853647974879 ], [ 1.904790020351083, 50.774899683273333 ], [ 1.905055915137434, 50.775025784732833 ], [ 1.905073835683035, 50.775037467214666 ], [ 1.905265261979665, 50.775209495403089 ], [ 1.905322406780385, 50.775326506423035 ], [ 1.905356134515389, 50.775369956877874 ], [ 1.905535922631152, 50.775531523940451 ], [ 1.905634143784127, 50.775732639915319 ], [ 1.905629541908741, 50.775943157593531 ], [ 1.905522566217121, 50.776142470017454 ], [ 1.905323687248292, 50.776311066864807 ], [ 1.905052372317381, 50.776432444341452 ], [ 1.904735180053376, 50.776494720822775 ], [ 1.904719944661918, 50.776496113752863 ], [ 1.904630358822892, 50.776513702587764 ], [ 1.90460178176238, 50.77651631526755 ], [ 1.904574872194033, 50.776521598491833 ], [ 1.904242853512524, 50.776518677133126 ], [ 1.903983036550281, 50.776462611355207 ], [ 1.903830079939589, 50.776445867724462 ], [ 1.903786476378552, 50.776436458416988 ], [ 1.903644033399531, 50.776420865422224 ], [ 1.903629819493721, 50.776419246220158 ], [ 1.903529470083428, 50.776407367268249 ], [ 1.903222964445298, 50.776339003569078 ], [ 1.903091234511477, 50.776276084866886 ], [ 1.902970116409079, 50.776235602123883 ], [ 1.902958545152786, 50.776234335362474 ], [ 1.902822721646144, 50.776246751403349 ], [ 1.902745251581028, 50.776261960237122 ], [ 1.902540428026458, 50.776260155282927 ], [ 1.902356648843079, 50.776276954433271 ], [ 1.902024630923017, 50.776274027449233 ], [ 1.90171029029397, 50.776206189451976 ], [ 1.901444397803521, 50.776080081122004 ], [ 1.901441494359239, 50.776078188222911 ], [ 1.901317193572176, 50.776064578737383 ], [ 1.901002855205348, 50.775996738939426 ], [ 1.900736965596536, 50.775870629061636 ], [ 1.900601745169476, 50.775749098215741 ], [ 1.900542322815103, 50.77571035669493 ], [ 1.900474664987037, 50.775687740583798 ], [ 1.900269433323185, 50.775665268199425 ], [ 1.900248638381031, 50.775665084550837 ], [ 1.900082813521347, 50.775655334309747 ], [ 1.90001371284998, 50.775647767759736 ], [ 1.899961089169388, 50.77565257706037 ], [ 1.899813982724607, 50.775698477426268 ], [ 1.899811095761376, 50.775694757608285 ], [ 1.899713783245946, 50.775734753485295 ], [ 1.89941164327264, 50.775770092205498 ], [ 1.899412767090902, 50.775775036236155 ], [ 1.899116048760424, 50.775802151611991 ], [ 1.898784034203059, 50.775799215974402 ], [ 1.898469700972605, 50.775731369746616 ], [ 1.898203819187881, 50.775605254413854 ], [ 1.898198275994296, 50.775601640197685 ], [ 1.898170373344106, 50.77558344738614 ], [ 1.898170386125468, 50.775583455719591 ], [ 1.898050491962336, 50.775505283279486 ], [ 1.897966783976479, 50.775450704444559 ], [ 1.897948632814137, 50.775438869596698 ], [ 1.8979265080659, 50.775428375024021 ], [ 1.89776310430838, 50.775281501458274 ], [ 1.897727972687987, 50.775258594871239 ], [ 1.897536571941576, 50.775086554903716 ], [ 1.897525012010655, 50.775071658778579 ], [ 1.897499995501472, 50.775055347297162 ], [ 1.897474334704986, 50.775046768698232 ], [ 1.897311609041308, 50.775028946369908 ], [ 1.897290814315886, 50.775028762226718 ], [ 1.897124992173849, 50.775019008041383 ], [ 1.897014861450488, 50.77500694580926 ], [ 1.896849988697409, 50.77500548528905 ], [ 1.896535663357392, 50.774937634145168 ], [ 1.89648925138066, 50.774922117768348 ], [ 1.896477680623645, 50.774920850405721 ], [ 1.896469751125197, 50.774921574868827 ], [ 1.896448354265136, 50.774934768018404 ], [ 1.896421147220346, 50.774951543581722 ], [ 1.896149818516968, 50.775072901257467 ], [ 1.8958326246233, 50.775135154838388 ], [ 1.89550061555757, 50.775132210335151 ], [ 1.895302707875008, 50.775110531498505 ], [ 1.895303750372184, 50.775106705252888 ], [ 1.895217648016345, 50.775099467651621 ], [ 1.895055805852146, 50.775059969450233 ], [ 1.894960638630815, 50.775049544508398 ], [ 1.894938528980256, 50.775051564231518 ], [ 1.894915922894892, 50.77506550239108 ], [ 1.894902601351773, 50.775114394657301 ], [ 1.894900997877873, 50.775187037076286 ], [ 1.894896896785728, 50.775187000680944 ], [ 1.894895312556627, 50.775258770768659 ], [ 1.894899413654649, 50.775258807164043 ], [ 1.894899394399319, 50.775259679487228 ], [ 1.894910552741284, 50.77530878892621 ], [ 1.894934051793384, 50.775324111904403 ], [ 1.894972385382428, 50.775336928027855 ], [ 1.89501466264739, 50.775341559203333 ], [ 1.895252145150381, 50.775386171186852 ], [ 1.895257653146042, 50.775387668332783 ], [ 1.895334496302974, 50.775410911189347 ], [ 1.89538778759833, 50.775428727874399 ], [ 1.895390694413672, 50.775429355422652 ], [ 1.895442613123582, 50.775446713136112 ], [ 1.895448427051553, 50.775447968189461 ], [ 1.8954637405204, 50.775453087873743 ], [ 1.895626832204685, 50.775470952619131 ], [ 1.895626398790641, 50.775472543393441 ], [ 1.895742306149926, 50.775482285857699 ], [ 1.895975138409545, 50.775539107322793 ], [ 1.896078548585132, 50.775573679306362 ], [ 1.896317610253379, 50.775625284232071 ], [ 1.896325292843695, 50.775627852648284 ], [ 1.89648660536102, 50.775662673973144 ], [ 1.896514549772347, 50.775672016189638 ], [ 1.896517456599479, 50.775672643707829 ], [ 1.89651957359359, 50.775673351443992 ], [ 1.896719446052345, 50.775716496053128 ], [ 1.896739766682325, 50.775726135113203 ], [ 1.896785685871747, 50.77574148635474 ], [ 1.896846532495982, 50.775770348747123 ], [ 1.896986856678436, 50.775817260236323 ], [ 1.897029134778158, 50.775821890754777 ], [ 1.897343467103686, 50.775889740804374 ], [ 1.89735874039868, 50.775894846719808 ], [ 1.897361647529265, 50.775895474264921 ], [ 1.89737816347664, 50.775900995584323 ], [ 1.897458820826317, 50.775918405628069 ], [ 1.89747453708112, 50.77592365961489 ], [ 1.897530087417148, 50.775935650182049 ], [ 1.8975623220184, 50.775950940195557 ], [ 1.89777960165067, 50.776023576519236 ], [ 1.898018666475764, 50.776075177993768 ], [ 1.898025275643133, 50.776077387407767 ], [ 1.898277637672581, 50.776131858338971 ], [ 1.898543522450731, 50.776257973416627 ], [ 1.898675915622523, 50.77634429286497 ], [ 1.89879930936307, 50.776385541577746 ], [ 1.898823846712536, 50.77639083765014 ], [ 1.898976710917531, 50.776407577521347 ], [ 1.899034682902795, 50.776408090070909 ], [ 1.899034522167926, 50.776415399006702 ], [ 1.899210241276527, 50.776416952432697 ], [ 1.899374349756238, 50.776434923100929 ], [ 1.899438699564236, 50.776438898022668 ], [ 1.899748715486912, 50.776474726013284 ], [ 1.89978470990601, 50.776476842507741 ], [ 1.899889265224019, 50.77648829133333 ], [ 1.90020360513025, 50.776556133899795 ], [ 1.900252220665646, 50.776572384545197 ], [ 1.900256312471839, 50.776572838102972 ], [ 1.900447621961543, 50.77659430195159 ], [ 1.900467882048934, 50.776592450332984 ], [ 1.900487369408113, 50.776580433772708 ], [ 1.900758696014978, 50.776459066237244 ], [ 1.90107589281915, 50.776396799788067 ], [ 1.901407911428994, 50.776399729290155 ], [ 1.901671376066161, 50.77645658823868 ], [ 1.901708225130225, 50.776460622654568 ], [ 1.90173509154345, 50.776458166982962 ], [ 1.901901282759008, 50.776451346945215 ], [ 1.901968420161441, 50.7764519389493 ], [ 1.902134247992712, 50.776461686664028 ], [ 1.902312522318628, 50.776481204216715 ], [ 1.902310515233898, 50.776488574447619 ], [ 1.902688084996056, 50.776549580126925 ], [ 1.902774233288558, 50.776578374578555 ], [ 1.902960027608797, 50.776618468974142 ], [ 1.903225926728559, 50.776744573948783 ], [ 1.903257537777318, 50.776765181517924 ], [ 1.903270304472206, 50.776773504250897 ], [ 1.903290062536329, 50.776782800875885 ], [ 1.903291365119269, 50.776783236245464 ], [ 1.903338929362931, 50.776805793816322 ], [ 1.903370635990491, 50.776820712475377 ], [ 1.903371302115855, 50.776821146727343 ], [ 1.90355726599871, 50.776909340510024 ], [ 1.903748694321883, 50.777081370667489 ], [ 1.903812169481605, 50.777163144799154 ], [ 1.903837189209332, 50.777179455031124 ], [ 1.903974928368277, 50.777225491054502 ], [ 1.904240833444291, 50.777351593804411 ], [ 1.904367197730845, 50.777433968640921 ], [ 1.904520112461212, 50.777485075609313 ], [ 1.904600893438145, 50.777493917788973 ], [ 1.904651366465634, 50.777489303293954 ], [ 1.904983392650309, 50.777492223244302 ], [ 1.905297745845063, 50.777560052842837 ], [ 1.90556365594731, 50.777686152676552 ], [ 1.905575976783366, 50.77769418412155 ], [ 1.905599396978187, 50.777705290381675 ], [ 1.90561625793701, 50.777720441717484 ], [ 1.905718737438225, 50.77778724362193 ], [ 1.905726632520141, 50.777788107726145 ], [ 1.905842409656586, 50.777777521794775 ], [ 1.905958104673206, 50.777754806151457 ], [ 1.906290132757238, 50.777757722589165 ], [ 1.906521370637513, 50.777807615062095 ], [ 1.906589328166659, 50.777815052434526 ], [ 1.906611438701853, 50.777813030639145 ], [ 1.906685566825655, 50.777767314783134 ], [ 1.906907690998468, 50.777662314180631 ], [ 1.907165107982972, 50.777597341512553 ], [ 1.907440275772943, 50.777576824410417 ], [ 1.907558229940757, 50.777577859210126 ], [ 1.90767434828943, 50.777567240252388 ], [ 1.908006375231276, 50.777570152111593 ], [ 1.90832073308065, 50.777637974066423 ], [ 1.908586651267623, 50.77776406744951 ], [ 1.908662264511262, 50.777813352686032 ], [ 1.908800009929651, 50.777859383372522 ], [ 1.908980120084025, 50.777944786865397 ], [ 1.909170404835237, 50.778008373871671 ], [ 1.909176219426221, 50.778009628293077 ], [ 1.909246210545824, 50.778033016940228 ], [ 1.909253645849431, 50.778033830501407 ], [ 1.909568008147028, 50.778101649271228 ], [ 1.909614126401522, 50.778117060211457 ], [ 1.909880050266243, 50.778243150699211 ], [ 1.909960523894999, 50.778295601704237 ], [ 1.909960523895363, 50.7782956017044 ], [ 1.909988432495593, 50.778313791899514 ], [ 1.90998843249597, 50.778313791899699 ], [ 1.909999092637303, 50.778320739933726 ], [ 1.910101541757476, 50.778369316658171 ], [ 1.910118042775536, 50.77838007159589 ], [ 1.910141464291646, 50.778391176983156 ], [ 1.910158326842713, 50.778406327681331 ], [ 1.910228477348163, 50.778452049819947 ], [ 1.910419934490101, 50.77862406928957 ], [ 1.910431498931492, 50.77863896394171 ], [ 1.910456521671765, 50.778655272884407 ], [ 1.910600197826155, 50.778703281938583 ], [ 1.910603105179833, 50.778703909115279 ], [ 1.910631500176387, 50.778713397205706 ], [ 1.91068705723103, 50.778725381985694 ], [ 1.910845933618182, 50.778800711858381 ], [ 1.910871671848104, 50.778809312117787 ], [ 1.91093007122126, 50.778837001544318 ], [ 1.911114860441571, 50.778898747247126 ], [ 1.911276193362831, 50.778933549097928 ], [ 1.911296854945232, 50.778940452918867 ], [ 1.91154633816253, 50.778994269502356 ], [ 1.911812271553152, 50.779120355695788 ], [ 1.911833056009425, 50.779133901660948 ], [ 1.911913514589573, 50.7791607853502 ], [ 1.912179449475357, 50.77928687062262 ], [ 1.912194750924052, 50.779296842990441 ], [ 1.912222657675807, 50.779315030559609 ], [ 1.912230927081452, 50.779320419855459 ], [ 1.912258843305239, 50.779338613571866 ], [ 1.912264782281631, 50.779342484151975 ], [ 1.912456250070275, 50.779514500572652 ], [ 1.912473614506583, 50.779550041842448 ], [ 1.912481463276087, 50.779560149987518 ], [ 1.912506675804838, 50.779611754331135 ], [ 1.912514922330543, 50.779622374715139 ], [ 1.912518452847322, 50.779626965412945 ], [ 1.912545973337643, 50.779663097444683 ], [ 1.912572074091022, 50.779697365341022 ], [ 1.912673027604586, 50.779827851994618 ], [ 1.912786887290275, 50.779930142616287 ], [ 1.912804252056553, 50.77996568378758 ], [ 1.91286355115829, 50.78004205107262 ], [ 1.912972307483482, 50.780112928000463 ], [ 1.913023324455155, 50.780129973390999 ], [ 1.913075398979685, 50.780135669425334 ], [ 1.913389779802092, 50.780203478388891 ], [ 1.913655724340534, 50.780329560525431 ], [ 1.913697851670007, 50.780367406032042 ], [ 1.913727882678037, 50.780386976838599 ], [ 1.913903622520214, 50.780501503681251 ], [ 1.913931533767968, 50.78051969292185 ], [ 1.913951172345928, 50.780532491005566 ], [ 1.913959445036007, 50.780537882155684 ], [ 1.913979083628238, 50.780550680234654 ], [ 1.91400699493065, 50.780568869456843 ], [ 1.914032738047345, 50.780585645699276 ], [ 1.914224216268137, 50.780757658564511 ], [ 1.914248816757076, 50.78078933790961 ], [ 1.914332916150057, 50.780864887355705 ], [ 1.914395054140693, 50.780944905264789 ], [ 1.914529892058862, 50.781066033675025 ], [ 1.914628160455475, 50.781267140871172 ], [ 1.914623596098158, 50.781477657165915 ], [ 1.914516644526471, 50.78167697572551 ], [ 1.914317773923928, 50.781845585616132 ], [ 1.914231144484033, 50.781899016844299 ], [ 1.913959820996914, 50.782020412743684 ], [ 1.913642604513807, 50.782082711467176 ], [ 1.913310547431929, 50.78207981457345 ], [ 1.913121789333738, 50.782059168883066 ], [ 1.913100991962432, 50.782058987384744 ], [ 1.912935144520327, 50.782049254472462 ], [ 1.912918657641739, 50.782047451168026 ], [ 1.912914337895278, 50.782046972854168 ], [ 1.912667540449333, 50.782019312191302 ], [ 1.912535742874499, 50.78201816145549 ], [ 1.912369894613207, 50.78200842767351 ], [ 1.912300783352437, 50.782000868019985 ], [ 1.912086213182816, 50.78202049645099 ], [ 1.912080703904796, 50.782021578340697 ], [ 1.911964135953319, 50.782093470628368 ], [ 1.911935444534116, 50.782111165766295 ], [ 1.911924587792523, 50.7821178614915 ], [ 1.911653258050848, 50.782239251236255 ], [ 1.911336038473939, 50.782301543403456 ], [ 1.911003981496418, 50.782298640245692 ], [ 1.910992222575357, 50.782297353887898 ], [ 1.910841292670218, 50.782311158982687 ], [ 1.91071522333335, 50.782350360472833 ], [ 1.910612163583728, 50.782413919060616 ], [ 1.910340828551927, 50.782535306974012 ], [ 1.910023604329046, 50.782597596433739 ], [ 1.909691544065499, 50.78259468990624 ], [ 1.90962716667711, 50.78258764672487 ], [ 1.909574536625195, 50.782592460036867 ], [ 1.909566886612221, 50.782594847388793 ], [ 1.909315991334082, 50.782707087563438 ], [ 1.90929249693072, 50.782714419419037 ], [ 1.90926780910364, 50.78272964414991 ], [ 1.909114560674063, 50.782859553028366 ], [ 1.909051604142585, 50.782898377353604 ], [ 1.908780262700748, 50.783019761777673 ], [ 1.908463033466058, 50.78308204721678 ], [ 1.908431513426392, 50.783084929571729 ], [ 1.908302777840038, 50.783125102307558 ], [ 1.908309088781117, 50.783131839264328 ], [ 1.908177859113472, 50.783181246005981 ], [ 1.90811334483653, 50.783225754859004 ], [ 1.907835786052198, 50.783362659759185 ], [ 1.907502900456997, 50.783434557404711 ], [ 1.907151229407801, 50.783433555470623 ], [ 1.907062645638313, 50.783423862305376 ], [ 1.906833476630052, 50.7834218510677 ], [ 1.906753371033776, 50.783429175196837 ], [ 1.906700016227913, 50.783445763423209 ], [ 1.906647194937301, 50.783478335104164 ], [ 1.906493937415551, 50.783608240609297 ], [ 1.906478206096619, 50.783617941080394 ], [ 1.906206854514283, 50.783739319765012 ], [ 1.906166763414311, 50.783751829396543 ], [ 1.906139560860094, 50.783760015614419 ], [ 1.906089786337321, 50.783774449703373 ], [ 1.905989034110964, 50.78380558309847 ], [ 1.905978515701169, 50.783808788134614 ], [ 1.905923454094984, 50.783825330184747 ], [ 1.905872808084505, 50.783840831432194 ], [ 1.905596858629901, 50.7839265985004 ], [ 1.905556232326876, 50.783938558089972 ], [ 1.905505935687533, 50.78395255433356 ], [ 1.905439052500868, 50.783964674451845 ], [ 1.905396371334204, 50.783977663613193 ], [ 1.905238521007039, 50.784008113805811 ], [ 1.90523513954479, 50.784009168885952 ], [ 1.905153736758179, 50.784025148889491 ], [ 1.905136983436025, 50.784030376225196 ], [ 1.905129740292056, 50.784032614603944 ], [ 1.905075040511221, 50.784049356084985 ], [ 1.904922274280585, 50.784096687141961 ], [ 1.904835751329864, 50.784113588365862 ], [ 1.904823693202794, 50.784117350671828 ], [ 1.904821258174122, 50.784118107986529 ], [ 1.904652337914846, 50.784170473820282 ], [ 1.90433618891084, 50.784232113482659 ], [ 1.904005460519265, 50.784229069651971 ], [ 1.903802902338352, 50.78420689999566 ], [ 1.903677863568379, 50.784218329084588 ], [ 1.903525702544691, 50.784248197212364 ], [ 1.903500932720024, 50.784250461234485 ], [ 1.903168861872125, 50.784247537324767 ], [ 1.903038008513752, 50.784233214782724 ], [ 1.902928495693105, 50.784243224047138 ], [ 1.902855052314759, 50.784266137930402 ], [ 1.902537807809852, 50.784328408159858 ], [ 1.902205736501033, 50.784325481682821 ], [ 1.902060251251972, 50.78429409023294 ], [ 1.902050362265439, 50.784293007750399 ], [ 1.901757183217647, 50.784229747642556 ], [ 1.901735964704705, 50.784227424933604 ], [ 1.901728033685429, 50.78422814973257 ], [ 1.901703865234359, 50.784243050828231 ], [ 1.901631243727966, 50.784330380985992 ], [ 1.901593078301437, 50.784362726310881 ], [ 1.901517506099531, 50.784453604243076 ], [ 1.901428296892596, 50.784529208826804 ], [ 1.901312431901156, 50.784668538734017 ], [ 1.901113505024188, 50.784837126668826 ], [ 1.901102230820413, 50.784844077598976 ], [ 1.900830859556397, 50.784965444344408 ], [ 1.900725559052022, 50.784998294722236 ], [ 1.90060135048215, 50.785053844552721 ], [ 1.9005140623206, 50.785081075415611 ], [ 1.900461996776035, 50.785104360559224 ], [ 1.900247558043681, 50.785171257431635 ], [ 1.900212997917108, 50.78518155355912 ], [ 1.900164237488405, 50.785195406999534 ], [ 1.90009437874688, 50.785208249132708 ], [ 1.900093874767256, 50.785208404949991 ], [ 1.90003284032646, 50.7852271057317 ], [ 1.899722348566544, 50.785287277970625 ], [ 1.8997169131406, 50.785287774601684 ], [ 1.899407517194127, 50.785348494415075 ], [ 1.89907543930149, 50.785345559597168 ], [ 1.898933505601488, 50.785330019814033 ], [ 1.898619112319828, 50.785262174949303 ], [ 1.898598901280993, 50.785255419961381 ], [ 1.898428834061281, 50.785218719661025 ], [ 1.898329509886217, 50.78518552299267 ], [ 1.898303816533563, 50.785182709769416 ], [ 1.898262762471821, 50.7851864603753 ], [ 1.89809654172576, 50.785193275469823 ], [ 1.897960340868161, 50.785192070431478 ], [ 1.897731810066198, 50.78515514343696 ], [ 1.897730255291887, 50.785160849695544 ], [ 1.897728723123212, 50.785160681927429 ], [ 1.897617376714044, 50.785136652622626 ], [ 1.897608715548792, 50.785135253095724 ], [ 1.897498332357329, 50.78512316627986 ], [ 1.897487757884196, 50.785124132272514 ], [ 1.897376497577322, 50.785158711989119 ], [ 1.897354997229943, 50.785171966335227 ], [ 1.897326298866765, 50.785189658034007 ], [ 1.897302250708993, 50.785204483002509 ], [ 1.896954695855381, 50.785347289795638 ], [ 1.896547388187993, 50.785394909720821 ], [ 1.896287899586142, 50.785392610546602 ], [ 1.896050348950783, 50.785414308415525 ], [ 1.896034186743716, 50.785417479786361 ], [ 1.895702108591798, 50.785414535975441 ], [ 1.89561097842046, 50.785404555971112 ], [ 1.895579923343818, 50.785404280605576 ], [ 1.89552078179624, 50.785409682292702 ], [ 1.895188703725954, 50.785406737113043 ], [ 1.895129823706303, 50.785400288699961 ], [ 1.89504216220406, 50.785399511046272 ], [ 1.8949457547857, 50.785408315968851 ], [ 1.894850785352358, 50.785412207209959 ], [ 1.89480631760113, 50.78541626840375 ], [ 1.894474239529294, 50.785413321319346 ], [ 1.894159851769031, 50.785345465208081 ], [ 1.894023816578766, 50.785299992917622 ], [ 1.893967878330509, 50.78527346225286 ], [ 1.893824780033762, 50.785225628625454 ], [ 1.893717130371579, 50.785213837783822 ], [ 1.893700211219155, 50.785215382843909 ], [ 1.89369974055493, 50.785217109725529 ], [ 1.893700883084541, 50.785222137628352 ] ], [ [ 1.966192727103654, 50.772340793914552 ], [ 1.966192202256487, 50.772340622026896 ], [ 1.966193728946587, 50.772339315291688 ], [ 1.966212181765804, 50.772312080704907 ], [ 1.966265218708764, 50.772269420399113 ], [ 1.966315369023294, 50.772208977264356 ], [ 1.966402399392835, 50.772046401841095 ], [ 1.966601055498287, 50.771877706321575 ], [ 1.966872196313011, 50.7717561938248 ], [ 1.967189281091322, 50.771693758500035 ], [ 1.96752127238418, 50.771696511746853 ], [ 1.967835673808184, 50.771764184067735 ], [ 1.968059550868571, 50.771870189082499 ], [ 1.968079461152229, 50.77187683128313 ], [ 1.968098700079421, 50.771878927302069 ], [ 1.968413103348306, 50.771946598195193 ], [ 1.968679142412348, 50.772072564325946 ], [ 1.968800082987059, 50.772181070960656 ], [ 1.968840462293028, 50.772207353520322 ], [ 1.9689209403196, 50.77223420065328 ], [ 1.969037787597056, 50.772289525421542 ], [ 1.969201684463932, 50.772344200152638 ], [ 1.969381878177933, 50.772429517172107 ], [ 1.969510357787357, 50.77247237642478 ], [ 1.96977640258368, 50.772598340117263 ], [ 1.969791713316166, 50.772608305416703 ], [ 1.969819640459768, 50.772626482346666 ], [ 1.96984756762371, 50.772644659269893 ], [ 1.969967554049113, 50.772722754478707 ], [ 1.970016741070712, 50.77275476858307 ], [ 1.970145393408855, 50.772797684298908 ], [ 1.970411441949491, 50.77292364678884 ], [ 1.97047350375266, 50.772979324514289 ], [ 1.970491374212689, 50.772990955562818 ], [ 1.970667217888758, 50.773105403570185 ], [ 1.970684518170776, 50.77311666343082 ], [ 1.970771970170684, 50.773158067379697 ], [ 1.970963615441874, 50.773329995515397 ], [ 1.97102970256027, 50.773414958906436 ], [ 1.971070016484377, 50.77345112485802 ], [ 1.97108159781135, 50.773466014038497 ], [ 1.971103942950994, 50.773480557069689 ], [ 1.971130786441928, 50.773498027774949 ], [ 1.971204619305739, 50.773564263514906 ], [ 1.971215286943827, 50.773571206367833 ], [ 1.971243215141325, 50.773589382951876 ], [ 1.971271143359144, 50.773607559529211 ], [ 1.971297986836931, 50.773625030104213 ], [ 1.971371820109173, 50.773691265732189 ], [ 1.971380318271437, 50.773696796579948 ], [ 1.97157196711702, 50.773868723038738 ], [ 1.971583548917207, 50.77388361244936 ], [ 1.971603724553961, 50.773896743204737 ], [ 1.97160371176083, 50.773896734878818 ], [ 1.971751389807784, 50.774029211911866 ], [ 1.971771643568123, 50.774042393480393 ], [ 1.971797400999601, 50.774059156762661 ], [ 1.971989054904753, 50.774231084090573 ], [ 1.972029281883176, 50.774282798296355 ], [ 1.972048373323588, 50.774295223185838 ], [ 1.972240026977896, 50.774467148747995 ], [ 1.972266321380929, 50.774500951358306 ], [ 1.972272381367665, 50.774506387519622 ], [ 1.972329681865103, 50.774623367801134 ], [ 1.972412831850348, 50.774730259814916 ], [ 1.972511320200386, 50.774931323523944 ], [ 1.972506999444382, 50.775141844179004 ], [ 1.972400291277809, 50.775341214467929 ], [ 1.972201640083485, 50.775509918344433 ], [ 1.97193049093845, 50.775631441486709 ], [ 1.971889102041228, 50.775644385381483 ], [ 1.971887733235117, 50.775644812683929 ], [ 1.971622599635715, 50.775727429372935 ], [ 1.971563334944714, 50.775753990265805 ], [ 1.971521529231013, 50.775767064474152 ], [ 1.971204423349666, 50.775829510834669 ], [ 1.970872403587527, 50.775826767485455 ], [ 1.970789504203453, 50.775817738522996 ], [ 1.970727497620089, 50.775804394965057 ], [ 1.970515233756716, 50.775781275863388 ], [ 1.970428963810397, 50.775780562628476 ], [ 1.970429077689818, 50.775775025098078 ], [ 1.970235717919082, 50.775773426135274 ], [ 1.969921288710338, 50.775705760240022 ], [ 1.969795157991945, 50.775646045713536 ], [ 1.969655621635277, 50.775599501636854 ], [ 1.969642111152317, 50.775596594095212 ], [ 1.969441936374417, 50.775574789878597 ], [ 1.969224430736523, 50.775572989647081 ], [ 1.969062495418744, 50.77555535015442 ], [ 1.968748068566762, 50.775487681319007 ], [ 1.968482011121843, 50.775361716022957 ], [ 1.968479675149383, 50.77536019564802 ], [ 1.968451746966863, 50.77534201849285 ], [ 1.968337339560544, 50.775267555824321 ], [ 1.968225474116921, 50.775230239732394 ], [ 1.968039632037617, 50.775190242481784 ], [ 1.967773578016233, 50.775064275635252 ], [ 1.967749619043533, 50.775048681477216 ], [ 1.967544622984484, 50.774951622429988 ], [ 1.967529548046561, 50.774941810537825 ], [ 1.967439508589415, 50.774899179557259 ], [ 1.967374652056044, 50.774840992355813 ], [ 1.967245097510601, 50.774756667856778 ], [ 1.967040103625104, 50.774659607935853 ], [ 1.966891969750684, 50.774563189289481 ], [ 1.966789472945037, 50.774514658832281 ], [ 1.966762630703121, 50.774497187400002 ], [ 1.966735194127692, 50.774479329101013 ], [ 1.966734061939151, 50.774478793010971 ], [ 1.966542432957022, 50.774306860948663 ], [ 1.966504864930827, 50.774230143697928 ], [ 1.966400159216444, 50.774094826080663 ], [ 1.966302489738163, 50.773894304536853 ], [ 1.966306989343677, 50.773684456499787 ], [ 1.96631982333162, 50.77363709684726 ], [ 1.966334627931499, 50.773609442350924 ], [ 1.966363296052196, 50.773503651686624 ], [ 1.966359707699411, 50.773487958855419 ], [ 1.966333506518059, 50.773454146352201 ], [ 1.966281413120192, 50.773420237933109 ], [ 1.966089783993463, 50.773248303003527 ], [ 1.96599132490075, 50.773047234048164 ], [ 1.965995672673736, 50.77283671330818 ], [ 1.966033872863462, 50.772695748811792 ], [ 1.96603473250572, 50.772695842479934 ], [ 1.966036331574427, 50.772685543463261 ], [ 1.966080730958376, 50.77253357132507 ], [ 1.966088863390116, 50.77253452665763 ], [ 1.966102821329857, 50.77247348570355 ], [ 1.966192727103654, 50.772340793914552 ] ], [ [ 1.938641918739229, 50.7864152652378 ], [ 1.938750873412748, 50.786215363580297 ], [ 1.93895232615615, 50.786046773604049 ], [ 1.939226376256034, 50.785926148995287 ], [ 1.939545952306828, 50.785865405224214 ], [ 1.939596903775736, 50.785861067159075 ], [ 1.939923628066102, 50.785865424086431 ], [ 1.94023277921117, 50.78593257722293 ], [ 1.940300107565707, 50.785955050798883 ], [ 1.940356071215931, 50.785981560673768 ], [ 1.940494348862432, 50.786027716158955 ], [ 1.940760392406766, 50.786153739122788 ], [ 1.940951983874676, 50.786325709529955 ], [ 1.941050368555649, 50.786526794078917 ], [ 1.941050610689662, 50.786527855090895 ], [ 1.941086112897707, 50.786600416327957 ], [ 1.941081659145246, 50.786810931737307 ], [ 1.940974801490184, 50.787010271236888 ], [ 1.940775998909322, 50.787178921867124 ], [ 1.940504711226391, 50.787300374580134 ], [ 1.940187494384848, 50.787362740394364 ], [ 1.939855400807488, 50.787359914302797 ], [ 1.939773915308257, 50.78735102064141 ], [ 1.939459454019, 50.787283279077172 ], [ 1.939193407635055, 50.787157253494932 ], [ 1.939086236509336, 50.787087466609357 ], [ 1.938985860166574, 50.787040294041461 ], [ 1.938959021713548, 50.787022817380787 ], [ 1.938931098956045, 50.787004634717881 ], [ 1.938931098454122, 50.787004634482003 ], [ 1.938926625064263, 50.787001721510684 ], [ 1.938734359241161, 50.786828873293686 ], [ 1.93863622614617, 50.786626731659325 ], [ 1.938641918739229, 50.7864152652378 ] ] ] ] } }
]
}
