{
"type": "FeatureCollection",
"name": "Plantations_hydraulique_douce",
"crs": { "type": "name", "properties": { "name": "urn:ogc:def:crs:OGC:1.3:CRS84" } },
"features": [
{ "type": "Feature", "properties": { "fid": 1, "ID_RUISSOL": "10022", "ID_ENTITE": "148", "TYPEOUVRAG": "Haie", "NUMEROINTE": null, "COMMUNEINS": "62618", "COMMUNE": "NORDAUSQUES", "MAITREOUVR": "SYMVAHEM", "PAMONTPROP": null, "PAMONTAGRI": "DELBENDE Loic", "PAVALPROPR": null, "PAVALAGRIC": "DELBENDE Loic", "DATEREALIS": "2017-12-01", "LONGUEUR": "224", "LARGEUR": "1", "HAUTEUR": "0", "SURFACE": "224", "VOLUME": "0", "HAIE1": "0", "HAIE2": "224", "HAIE3": "0", "MATERIAUX": "Espèces arbustives locales", "OBSERVATIO": null, "ENTRETIEN": "MO", "PAMONT_REF": null, "PAVAL_REFE": null, "PAMONT_CON": "1", "PAVAL_CONV": "1", "PAMONT__01": "1", "PAVAL_C_01": "1", "PAMONT_DAT": "2017-12-01", "PAVAL_DATE": "2017-12-01", "ID_SAGE": 5, "ID_PARC": 3, "ID_PAYS": 9, "ID_MDAD": 9, "BV": "{Hem_aval}" }, "geometry": { "type": "MultiLineString", "coordinates": [ [ [ 2.06450494696887, 50.808332760455905 ], [ 2.062167129034681, 50.810226283975247 ] ] ] } },
{ "type": "Feature", "properties": { "fid": 2, "ID_RUISSOL": "10444", "ID_ENTITE": "148", "TYPEOUVRAG": "Noue enherbée", "NUMEROINTE": null, "COMMUNEINS": "62506", "COMMUNE": "LICQUES", "MAITREOUVR": "SYMVAHEM", "PAMONTPROP": null, "PAMONTAGRI": null, "PAVALPROPR": null, "PAVALAGRIC": null, "DATEREALIS": "2019-02-01", "LONGUEUR": "130", "LARGEUR": "3", "HAUTEUR": "0", "SURFACE": "390", "VOLUME": "0", "HAIE1": "0", "HAIE2": "0", "HAIE3": "0", "MATERIAUX": "Mélange prairial", "OBSERVATIO": null, "ENTRETIEN": "MO", "PAMONT_REF": null, "PAVAL_REFE": null, "PAMONT_CON": "0", "PAVAL_CONV": "0", "PAMONT__01": "0", "PAVAL_C_01": "0", "PAMONT_DAT": null, "PAVAL_DATE": null, "ID_SAGE": 5, "ID_PARC": 3, "ID_PAYS": 9, "ID_MDAD": 9, "BV": "{Licques1}" }, "geometry": { "type": "MultiLineString", "coordinates": [ [ [ 1.93076950082073, 50.795527027110914 ], [ 1.930769500811595, 50.795528677097295 ], [ 1.930772810728633, 50.795538727022112 ], [ 1.930776180580791, 50.79556040685106 ], [ 1.930776180451637, 50.795583736658308 ], [ 1.930777830308862, 50.795607066469508 ], [ 1.930779490156813, 50.795632056267031 ], [ 1.930779490018471, 50.795657046060548 ], [ 1.930774459921717, 50.795682025842204 ], [ 1.930774459773855, 50.795708735621524 ], [ 1.93076949967653, 50.795733715403308 ], [ 1.930764479570509, 50.795760355171225 ], [ 1.930761179459423, 50.795785344956897 ], [ 1.930756149362295, 50.795810394737948 ], [ 1.93075284925127, 50.795835374523683 ], [ 1.930752849140395, 50.795855404358193 ], [ 1.930749479057683, 50.795875374185165 ], [ 1.930742798955923, 50.795903723935005 ], [ 1.930741148831222, 50.795928713724578 ], [ 1.93073446874812, 50.795953693502199 ], [ 1.930731168627531, 50.79598040327366 ], [ 1.93072448853525, 50.796007043037591 ], [ 1.930719468429257, 50.796033682805508 ], [ 1.930716158299683, 50.796062032563356 ], [ 1.930711138193366, 50.79608873233073 ], [ 1.930704458091908, 50.796117032080929 ], [ 1.930701157980908, 50.796142011866635 ], [ 1.930697847860418, 50.796168721638018 ], [ 1.930694477759135, 50.796192051437181 ], [ 1.930691177648086, 50.796217041222789 ], [ 1.93068780752854, 50.796243670994677 ], [ 1.930684497398925, 50.796272030752405 ], [ 1.930687807242456, 50.796295360567534 ], [ 1.930681127131559, 50.796325370303585 ], [ 1.930674517029219, 50.796353730053433 ], [ 1.930667836936978, 50.796380369817285 ], [ 1.930657796863041, 50.796408719559032 ], [ 1.93065118677023, 50.79643535932307 ], [ 1.930646156663979, 50.796462069090289 ], [ 1.93063782657626, 50.796490358836579 ], [ 1.930634456456352, 50.796517058607847 ], [ 1.930631156327071, 50.796545348366173 ], [ 1.930624476225338, 50.796573708115787 ], [ 1.930619516118912, 50.796600347883768 ], [ 1.930616145999014, 50.796627047655051 ], [ 1.930609475906726, 50.796653687418875 ], [ 1.930604515809439, 50.796678677200475 ], [ 1.930601145781736, 50.796688717109454 ] ] ] } },
{ "type": "Feature", "properties": { "fid": 3, "ID_RUISSOL": "10445", "ID_ENTITE": "148", "TYPEOUVRAG": "Haie", "NUMEROINTE": null, "COMMUNEINS": "62506", "COMMUNE": "LICQUES", "MAITREOUVR": "SYMVAHEM", "PAMONTPROP": null, "PAMONTAGRI": null, "PAVALPROPR": null, "PAVALAGRIC": null, "DATEREALIS": "2019-02-01", "LONGUEUR": "85", "LARGEUR": "1", "HAUTEUR": "0", "SURFACE": "0", "VOLUME": "0", "HAIE1": "85", "HAIE2": "0", "HAIE3": "0", "MATERIAUX": "Espèces arbustives locales", "OBSERVATIO": null, "ENTRETIEN": "MO", "PAMONT_REF": null, "PAVAL_REFE": null, "PAMONT_CON": "0", "PAVAL_CONV": "0", "PAMONT__01": "0", "PAVAL_C_01": "0", "PAMONT_DAT": null, "PAVAL_DATE": null, "ID_SAGE": 5, "ID_PARC": 3, "ID_PAYS": 9, "ID_MDAD": 9, "BV": "{Licques1}" }, "geometry": { "type": "MultiLineString", "coordinates": [ [ [ 1.930649466729214, 50.796445339236477 ], [ 1.930644506788463, 50.7964420392519 ], [ 1.930642856922075, 50.796420359427159 ], [ 1.930647817028518, 50.796393719659143 ], [ 1.930651187157621, 50.796365359901614 ], [ 1.930656137264153, 50.796338720133576 ], [ 1.930659507393204, 50.796310370375913 ], [ 1.930661167526924, 50.796283730600045 ], [ 1.930667837610452, 50.796258680822959 ], [ 1.930671147739677, 50.796230391064661 ], [ 1.93067451785966, 50.796203681293441 ], [ 1.930677817979839, 50.79617704152146 ], [ 1.930681128109403, 50.796148691763641 ], [ 1.930686148224508, 50.796120402009407 ], [ 1.930689518344503, 50.796093692238152 ], [ 1.930694478460111, 50.796065402483755 ], [ 1.930696138594176, 50.796038702708323 ], [ 1.930699498713873, 50.796012062936512 ], [ 1.930702808843506, 50.795983703178727 ], [ 1.930706178963123, 50.79595706340691 ], [ 1.930709489092702, 50.795928713649062 ], [ 1.930712859212326, 50.795902073877222 ], [ 1.930719469323846, 50.795872064140937 ], [ 1.930724489439367, 50.795843704387224 ], [ 1.930729509554836, 50.795815354633454 ], [ 1.930734469670472, 50.795787064879022 ], [ 1.930739499776787, 50.795760355111675 ], [ 1.9307445198828, 50.795733715343779 ], [ 1.93074782000335, 50.795707015572241 ], [ 1.930754500086525, 50.79568202579464 ] ] ] } },
{ "type": "Feature", "properties": { "fid": 4, "ID_RUISSOL": "10446", "ID_ENTITE": "148", "TYPEOUVRAG": "Fascine", "NUMEROINTE": null, "COMMUNEINS": "62506", "COMMUNE": "LICQUES", "MAITREOUVR": "SYMVAHEM", "PAMONTPROP": null, "PAMONTAGRI": null, "PAVALPROPR": null, "PAVALAGRIC": null, "DATEREALIS": "2019-02-01", "LONGUEUR": "10", "LARGEUR": "1", "HAUTEUR": "0", "SURFACE": "0", "VOLUME": "0", "HAIE1": "0", "HAIE2": "0", "HAIE3": "0", "MATERIAUX": "Pieux et fagots de saules", "OBSERVATIO": null, "ENTRETIEN": "MO", "PAMONT_REF": null, "PAVAL_REFE": null, "PAMONT_CON": "0", "PAVAL_CONV": "0", "PAMONT__01": "0", "PAVAL_C_01": "0", "PAMONT_DAT": null, "PAVAL_DATE": null, "ID_SAGE": 5, "ID_PARC": 3, "ID_PAYS": 9, "ID_MDAD": 9, "BV": "{Licques1}" }, "geometry": { "type": "MultiLineString", "coordinates": [ [ [ 1.930701158349693, 50.796075382417229 ], [ 1.930701158340505, 50.796077042403532 ], [ 1.930704458239356, 50.79609039230106 ], [ 1.930702808096407, 50.796118682063337 ], [ 1.930701157962255, 50.796145381838784 ], [ 1.930699497837656, 50.796170371628328 ] ] ] } },
{ "type": "Feature", "properties": { "fid": 5, "ID_RUISSOL": "10447", "ID_ENTITE": "148", "TYPEOUVRAG": "Haie", "NUMEROINTE": null, "COMMUNEINS": "62506", "COMMUNE": "LICQUES", "MAITREOUVR": "SYMVAHEM", "PAMONTPROP": null, "PAMONTAGRI": null, "PAVALPROPR": null, "PAVALAGRIC": null, "DATEREALIS": "2019-02-01", "LONGUEUR": "285", "LARGEUR": "1", "HAUTEUR": "0", "SURFACE": "0", "VOLUME": "0", "HAIE1": "0", "HAIE2": "285", "HAIE3": "0", "MATERIAUX": "Espèces arbustives locales", "OBSERVATIO": null, "ENTRETIEN": "MO", "PAMONT_REF": null, "PAVAL_REFE": null, "PAMONT_CON": "0", "PAVAL_CONV": "0", "PAMONT__01": "0", "PAVAL_C_01": "0", "PAMONT_DAT": null, "PAVAL_DATE": null, "ID_SAGE": 5, "ID_PARC": 3, "ID_PAYS": 9, "ID_MDAD": 9, "BV": "{Licques1}" }, "geometry": { "type": "MultiLineString", "coordinates": [ [ [ 1.930832831811152, 50.795253709519571 ], [ 1.93085286166416, 50.795250399594593 ], [ 1.930891131339163, 50.795252049672087 ], [ 1.930926161031712, 50.795255359728138 ], [ 1.930964500705746, 50.795257079805211 ], [ 1.931004490366547, 50.795258729886811 ], [ 1.931047849990339, 50.795262039962715 ], [ 1.931087839641609, 50.79526541003009 ], [ 1.93112280934384, 50.795267060099746 ], [ 1.931162798995495, 50.79527036016767 ], [ 1.931201138669851, 50.795272020245257 ], [ 1.931234518375669, 50.795275390296908 ], [ 1.931274508027318, 50.795278690364874 ], [ 1.931312837683078, 50.795283720414616 ], [ 1.931351177357483, 50.79528537049228 ], [ 1.931391167008733, 50.795288740559684 ], [ 1.931431156660371, 50.795292040627714 ], [ 1.931471146311951, 50.795295350695589 ], [ 1.931509485985958, 50.795297070772676 ], [ 1.931551135633033, 50.795298720858234 ], [ 1.931591185293313, 50.795300370940005 ], [ 1.931627804991047, 50.795300371027189 ], [ 1.931666144665384, 50.795302031104804 ], [ 1.931706134325821, 50.795303741185954 ], [ 1.931747843981541, 50.795303741285288 ], [ 1.931787833642254, 50.795305401366804 ], [ 1.93182617331664, 50.795307051444468 ], [ 1.931866162986556, 50.795307051539723 ], [ 1.931906152647319, 50.795308701621344 ], [ 1.931946142308028, 50.795310361702882 ], [ 1.931987851963742, 50.795310361802201 ], [ 1.932026121638367, 50.795312071879245 ], [ 1.932066171298629, 50.795313721961016 ], [ 1.93210616095018, 50.795317032028962 ], [ 1.932147810587691, 50.795320402100351 ], [ 1.932189450225616, 50.795323712172184 ], [ 1.932227789899986, 50.795325362249926 ], [ 1.932267839559852, 50.795327082331113 ], [ 1.932307829229758, 50.795327082426368 ], [ 1.932347828899578, 50.795327082521652 ], [ 1.932387818560324, 50.795328732603252 ], [ 1.932429458216608, 50.795328732702444 ], [ 1.932472817849535, 50.795330382792102 ], [ 1.932511157533055, 50.795330382883428 ], [ 1.93255114719374, 50.795332042964979 ], [ 1.932591136854482, 50.795333693046622 ], [ 1.93263284650069, 50.795335403131872 ], [ 1.932674486156966, 50.795335403231064 ], [ 1.932711175835726, 50.795338713291187 ], [ 1.932752815492003, 50.795338713390379 ], [ 1.932792805152737, 50.795340363472022 ], [ 1.932832794813414, 50.795342023553609 ], [ 1.932871134487432, 50.795343733630801 ], [ 1.932911124148104, 50.795345393712402 ], [ 1.932951113836715, 50.795342023835445 ], [ 1.932989453501508, 50.795345393898984 ], [ 1.933029503161739, 50.795347043980783 ], [ 1.933069492812909, 50.795350414048251 ], [ 1.933107832487251, 50.795352064126007 ], [ 1.933146172161538, 50.79535372420365 ], [ 1.933187811808637, 50.795355374289215 ], [ 1.933229461455651, 50.795357024374859 ], [ 1.933269451106811, 50.795360394442319 ], [ 1.933307780772002, 50.795363704506364 ], [ 1.933346120446335, 50.795365354584114 ], [ 1.93338783008329, 50.795368724655717 ], [ 1.933424449771818, 50.795370374729323 ], [ 1.933464499431975, 50.795372034811059 ], [ 1.933506149078645, 50.795373744896217 ], [ 1.933546138730121, 50.795377054964206 ], [ 1.933586128381651, 50.7953803550323 ], [ 1.93362446804641, 50.795383725095888 ], [ 1.933664457688705, 50.795388685150279 ], [ 1.933701137357935, 50.795393715196205 ], [ 1.933737827017955, 50.795400385228675 ], [ 1.933774446706466, 50.795402035302317 ], [ 1.933814496375836, 50.795402035397757 ], [ 1.9338544860457, 50.795402035493041 ], [ 1.933894475706334, 50.795403695574663 ], [ 1.933932815371072, 50.79540706563828 ], [ 1.933969435059579, 50.795408715711915 ], [ 1.934009494700938, 50.795413735766019 ], [ 1.934047834384419, 50.795413735857373 ], [ 1.934081144100188, 50.795415395923072 ], [ 1.93411783378811, 50.795417045996928 ], [ 1.934152793490313, 50.795418696066655 ], [ 1.93418948317784, 50.795420416139919 ], [ 1.934226102866336, 50.795422066213604 ], [ 1.934264442540575, 50.795423726291304 ], [ 1.934302772214951, 50.795425376369053 ], [ 1.934341111898427, 50.795425376460386 ], [ 1.934381101577461, 50.795423726569304 ], [ 1.934419441260935, 50.795423726660673 ], [ 1.934459490939531, 50.795422066769824 ], [ 1.934501140604867, 50.795420416882656 ], [ 1.934541130284291, 50.795418696992122 ], [ 1.934581119972518, 50.79541539711461 ], [ 1.934621109651613, 50.795413737223583 ], [ 1.934662819307268, 50.795413737323003 ], [ 1.934706118949792, 50.79541373742618 ], [ 1.934746108619646, 50.7954137375215 ], [ 1.934784438312727, 50.795412027626931 ], [ 1.934819478051069, 50.795407067751299 ], [ 1.934849477803399, 50.795407067822801 ], [ 1.934852787776073, 50.795407067830652 ] ] ] } },
{ "type": "Feature", "properties": { "fid": 6, "ID_RUISSOL": "10448", "ID_ENTITE": "148", "TYPEOUVRAG": "Haie", "NUMEROINTE": null, "COMMUNEINS": "62506", "COMMUNE": "LICQUES", "MAITREOUVR": "SYMVAHEM", "PAMONTPROP": null, "PAMONTAGRI": null, "PAVALPROPR": null, "PAVALAGRIC": null, "DATEREALIS": "2019-02-01", "LONGUEUR": "260", "LARGEUR": "1", "HAUTEUR": "0", "SURFACE": "0", "VOLUME": "0", "HAIE1": "260", "HAIE2": "0", "HAIE3": "0", "MATERIAUX": "Espèces arbustives locales", "OBSERVATIO": null, "ENTRETIEN": "MO", "PAMONT_REF": null, "PAVAL_REFE": null, "PAMONT_CON": "0", "PAVAL_CONV": "0", "PAMONT__01": "0", "PAVAL_C_01": "0", "PAMONT_DAT": null, "PAVAL_DATE": null, "ID_SAGE": 5, "ID_PARC": 3, "ID_PAYS": 9, "ID_MDAD": 9, "BV": "{Licques1}" }, "geometry": { "type": "MultiLineString", "coordinates": [ [ [ 1.934631152498282, 50.796683706785764 ], [ 1.934626122521435, 50.796687016746468 ], [ 1.934596112769505, 50.79668701667471 ], [ 1.934559433072708, 50.796687016586993 ], [ 1.934524463389384, 50.796682056544221 ], [ 1.934491153692725, 50.796677026506011 ], [ 1.934454464014376, 50.796673726445462 ], [ 1.934417784336327, 50.796670356385512 ], [ 1.934382814634573, 50.796668706315486 ], [ 1.934346124965841, 50.796663676269212 ], [ 1.934307795301038, 50.796660376204784 ], [ 1.93427276560901, 50.796657066148278 ], [ 1.934234485953356, 50.796652046098089 ], [ 1.934196146288681, 50.796648736033745 ], [ 1.934157816605511, 50.796648735942064 ], [ 1.934121126908785, 50.796648735854319 ], [ 1.934086097198336, 50.796648735770603 ], [ 1.934051127459804, 50.796653695646071 ], [ 1.934016097703025, 50.796662025493653 ], [ 1.933982777932117, 50.796670355345292 ], [ 1.933954488110126, 50.79668039519489 ], [ 1.933929438233723, 50.796695405011256 ], [ 1.933904458347568, 50.796712064814145 ], [ 1.933882778471289, 50.796722044680031 ], [ 1.933862808543787, 50.796738694494998 ], [ 1.933846158588792, 50.796755354317817 ], [ 1.933826128670915, 50.79677036414617 ], [ 1.933807818729711, 50.796787013965094 ], [ 1.933789438779469, 50.796805393769588 ], [ 1.933769478861086, 50.796820393598153 ], [ 1.933747798938524, 50.796838703395316 ], [ 1.933727769020678, 50.796853713223634 ], [ 1.933707809093083, 50.796870373038487 ], [ 1.9336877791569, 50.796888682839565 ], [ 1.933662799270488, 50.796905402641926 ], [ 1.933639459361688, 50.79692371243511 ], [ 1.933617779457565, 50.796938712259553 ], [ 1.933592799571508, 50.796955372062364 ], [ 1.933569459671894, 50.796972031869124 ], [ 1.933544479804246, 50.796985381699244 ], [ 1.933517769950908, 50.796998731525207 ], [ 1.933492790074099, 50.797013731341728 ], [ 1.933466150201799, 50.797030391140559 ], [ 1.933439440348814, 50.797043680967015 ], [ 1.933414460472024, 50.797058680783479 ], [ 1.933389470595269, 50.797073690599838 ], [ 1.933361120746363, 50.797088690408252 ], [ 1.933334480892488, 50.7971020402344 ], [ 1.933307771039143, 50.797115400060221 ], [ 1.933281131185669, 50.797128679886896 ], [ 1.933254431323087, 50.797143689699176 ], [ 1.93322614148288, 50.797157039521267 ], [ 1.933197781652812, 50.797168669357447 ], [ 1.933171141798919, 50.79718202918346 ], [ 1.9331444419548, 50.797193719023085 ], [ 1.933116152124117, 50.797205358859266 ], [ 1.933089452279954, 50.797217058698813 ], [ 1.933059442472721, 50.797227038544627 ], [ 1.933027782669976, 50.797238668372856 ], [ 1.932994462871364, 50.797252028182825 ], [ 1.932962803059083, 50.797265377996872 ], [ 1.932934443238228, 50.797275357846566 ], [ 1.932902783453829, 50.797283687702006 ], [ 1.932872773646296, 50.797293727547306 ], [ 1.93283946386634, 50.797303717385077 ], [ 1.932806144095743, 50.797312037236622 ], [ 1.932772834334168, 50.797318717101717 ], [ 1.932739454573177, 50.797325396966642 ], [ 1.932706134812082, 50.797332006832242 ], [ 1.932674475046082, 50.797337026715027 ], [ 1.932637795312398, 50.797343706572036 ], [ 1.932604475541821, 50.797352026423532 ], [ 1.932569445785338, 50.797360356270879 ], [ 1.932534476037521, 50.797367036131973 ], [ 1.93249944629026, 50.797373705993039 ], [ 1.932467786524611, 50.797378665876209 ], [ 1.932432816776803, 50.797385345737318 ], [ 1.932402806987972, 50.797392025610293 ], [ 1.932369497226493, 50.797398695475451 ], [ 1.93233115751578, 50.79740371534217 ], [ 1.932297777764375, 50.797408675221277 ], [ 1.932264458012087, 50.797413705099913 ], [ 1.93222777828765, 50.797418724970612 ], [ 1.932194458517065, 50.797427054822009 ], [ 1.932159498787944, 50.797430354711025 ], [ 1.932126119036166, 50.797435384589519 ], [ 1.932092799274796, 50.797442054454592 ], [ 1.932057839545628, 50.797445364343552 ], [ 1.932024459784762, 50.797452034208476 ], [ 1.931992790018846, 50.79745706409107 ], [ 1.931957830289739, 50.797460363980086 ], [ 1.931929470496502, 50.79746538387068 ], [ 1.93189450075828, 50.797470343745928 ], [ 1.931859471011023, 50.797477023606817 ], [ 1.93182616125874, 50.797482043485566 ], [ 1.931792781497839, 50.797488723350419 ], [ 1.931757811740952, 50.797497053197787 ], [ 1.931724491979618, 50.797503723062924 ], [ 1.931692832195355, 50.797512052918229 ], [ 1.931664482393248, 50.797518662795731 ], [ 1.931636122581305, 50.797527062658368 ], [ 1.931604462778771, 50.797538692486427 ], [ 1.931577822934328, 50.797550392325952 ], [ 1.931547813127294, 50.797560372171588 ], [ 1.931521173292389, 50.797570352025339 ], [ 1.931492813462187, 50.797582051860672 ], [ 1.931466113618588, 50.797593691700534 ], [ 1.931442783746838, 50.797605381548017 ], [ 1.931431143815663, 50.797610341479135 ] ] ] } },
{ "type": "Feature", "properties": { "fid": 7, "ID_RUISSOL": "10449", "ID_ENTITE": "148", "TYPEOUVRAG": "Fascine", "NUMEROINTE": null, "COMMUNEINS": "62506", "COMMUNE": "LICQUES", "MAITREOUVR": "SYMVAHEM", "PAMONTPROP": null, "PAMONTAGRI": null, "PAVALPROPR": null, "PAVALAGRIC": null, "DATEREALIS": "2019-02-01", "LONGUEUR": "15", "LARGEUR": "1", "HAUTEUR": "0", "SURFACE": "0", "VOLUME": "0", "HAIE1": "0", "HAIE2": "0", "HAIE3": "0", "MATERIAUX": "Pieux et fagots de saules", "OBSERVATIO": null, "ENTRETIEN": "MO", "PAMONT_REF": null, "PAVAL_REFE": null, "PAMONT_CON": "0", "PAVAL_CONV": "0", "PAMONT__01": "0", "PAVAL_C_01": "0", "PAMONT_DAT": null, "PAVAL_DATE": null, "ID_SAGE": 5, "ID_PARC": 3, "ID_PAYS": 9, "ID_MDAD": 9, "BV": "{Licques1}" }, "geometry": { "type": "MultiLineString", "coordinates": [ [ [ 1.929674504370962, 50.796520366287325 ], [ 1.92966782448131, 50.796510386353951 ], [ 1.929667824610287, 50.796487046546972 ], [ 1.929667824757828, 50.79646034676783 ], [ 1.929666174909559, 50.796435356970576 ], [ 1.929664515061313, 50.796410377173238 ], [ 1.929664515181118, 50.796388697352548 ] ] ] } },
{ "type": "Feature", "properties": { "fid": 8, "ID_RUISSOL": "10450", "ID_ENTITE": "148", "TYPEOUVRAG": "Fascine", "NUMEROINTE": null, "COMMUNEINS": "62506", "COMMUNE": "LICQUES", "MAITREOUVR": "SYMVAHEM", "PAMONTPROP": null, "PAMONTAGRI": null, "PAVALPROPR": null, "PAVALAGRIC": null, "DATEREALIS": "2019-02-01", "LONGUEUR": "35", "LARGEUR": "1", "HAUTEUR": "0", "SURFACE": "0", "VOLUME": "0", "HAIE1": "0", "HAIE2": "0", "HAIE3": "0", "MATERIAUX": "Pieux et fagots de saules", "OBSERVATIO": null, "ENTRETIEN": "MO", "PAMONT_REF": null, "PAVAL_REFE": null, "PAMONT_CON": "0", "PAVAL_CONV": "0", "PAMONT__01": "0", "PAVAL_C_01": "0", "PAMONT_DAT": null, "PAVAL_DATE": null, "ID_SAGE": 5, "ID_PARC": 3, "ID_PAYS": 9, "ID_MDAD": 9, "BV": "{Licques1}" }, "geometry": { "type": "MultiLineString", "coordinates": [ [ [ 1.928546181653778, 50.796890380528957 ], [ 1.928549491608155, 50.796893690509485 ], [ 1.92855114171411, 50.79687201069293 ], [ 1.928556161838161, 50.796842000953411 ], [ 1.928559531966368, 50.796813711195675 ], [ 1.928562842086352, 50.796787001424761 ], [ 1.928562842242417, 50.796758711658967 ], [ 1.928562842380607, 50.796733661866298 ], [ 1.928562842536672, 50.796705372100533 ], [ 1.928562842683965, 50.79667867232159 ], [ 1.928559532849183, 50.796653682520564 ], [ 1.928559532987044, 50.796628692727474 ], [ 1.92855782311162, 50.796608672889136 ], [ 1.928556163161804, 50.79660206293989 ] ] ] } },
{ "type": "Feature", "properties": { "fid": 9, "ID_RUISSOL": "10451", "ID_ENTITE": "148", "TYPEOUVRAG": "Fascine", "NUMEROINTE": null, "COMMUNEINS": "62506", "COMMUNE": "LICQUES", "MAITREOUVR": "SYMVAHEM", "PAMONTPROP": null, "PAMONTAGRI": null, "PAVALPROPR": null, "PAVALAGRIC": null, "DATEREALIS": "2019-02-01", "LONGUEUR": "17", "LARGEUR": "1", "HAUTEUR": "0", "SURFACE": "0", "VOLUME": "0", "HAIE1": "0", "HAIE2": "0", "HAIE3": "0", "MATERIAUX": "Pieux et fagots de saules", "OBSERVATIO": null, "ENTRETIEN": "MO", "PAMONT_REF": null, "PAVAL_REFE": null, "PAMONT_CON": "0", "PAVAL_CONV": "0", "PAMONT__01": "0", "PAVAL_C_01": "0", "PAMONT_DAT": null, "PAVAL_DATE": null, "ID_SAGE": 5, "ID_PARC": 3, "ID_PAYS": 9, "ID_MDAD": 9, "BV": "{Licques1}" }, "geometry": { "type": "MultiLineString", "coordinates": [ [ [ 1.926106190440296, 50.797142022609265 ], [ 1.92611783038984, 50.797133692706183 ], [ 1.926122850467491, 50.797112012898076 ], [ 1.926126220567908, 50.797088673099701 ], [ 1.926126220714325, 50.797062033320742 ], [ 1.926126220851621, 50.79703705352798 ], [ 1.926127870966262, 50.797013713725505 ], [ 1.926129531044436, 50.796996993868213 ] ] ] } },
{ "type": "Feature", "properties": { "fid": 10, "ID_RUISSOL": "10452", "ID_ENTITE": "148", "TYPEOUVRAG": "Fascine", "NUMEROINTE": null, "COMMUNEINS": "62506", "COMMUNE": "LICQUES", "MAITREOUVR": "SYMVAHEM", "PAMONTPROP": null, "PAMONTAGRI": null, "PAVALPROPR": null, "PAVALAGRIC": null, "DATEREALIS": "2019-02-01", "LONGUEUR": "17", "LARGEUR": "1", "HAUTEUR": "0", "SURFACE": "75", "VOLUME": "0", "HAIE1": "0", "HAIE2": "0", "HAIE3": "0", "MATERIAUX": "Pieux et fagots de saules", "OBSERVATIO": null, "ENTRETIEN": "MO", "PAMONT_REF": null, "PAVAL_REFE": null, "PAMONT_CON": "0", "PAVAL_CONV": "0", "PAMONT__01": "0", "PAVAL_C_01": "0", "PAMONT_DAT": null, "PAVAL_DATE": null, "ID_SAGE": 5, "ID_PARC": 3, "ID_PAYS": 9, "ID_MDAD": 9, "BV": "{Licques1}" }, "geometry": { "type": "MultiLineString", "coordinates": [ [ [ 1.926104545547203, 50.796215370291804 ], [ 1.926106195552096, 50.796212000323706 ], [ 1.926102895661808, 50.796197000440273 ], [ 1.92610117580431, 50.796173660629698 ], [ 1.926097875959808, 50.79615033081533 ], [ 1.926097876097117, 50.796125351022518 ], [ 1.92609450625325, 50.796102011208028 ], [ 1.926092846376677, 50.796082051369588 ], [ 1.926092846395202, 50.796078681397539 ] ] ] } },
{ "type": "Feature", "properties": { "fid": 11, "ID_RUISSOL": "10453", "ID_ENTITE": "148", "TYPEOUVRAG": "Haie", "NUMEROINTE": null, "COMMUNEINS": "62506", "COMMUNE": "LICQUES", "MAITREOUVR": "SYMVAHEM", "PAMONTPROP": null, "PAMONTAGRI": null, "PAVALPROPR": null, "PAVALAGRIC": null, "DATEREALIS": "2019-02-01", "LONGUEUR": "16", "LARGEUR": "1", "HAUTEUR": "0", "SURFACE": "0", "VOLUME": "0", "HAIE1": "16", "HAIE2": "0", "HAIE3": "0", "MATERIAUX": "Espèces arbustives locales", "OBSERVATIO": null, "ENTRETIEN": "MO", "PAMONT_REF": null, "PAVAL_REFE": null, "PAMONT_CON": "0", "PAVAL_CONV": "0", "PAMONT__01": "0", "PAVAL_C_01": "0", "PAMONT_DAT": null, "PAVAL_DATE": null, "ID_SAGE": 5, "ID_PARC": 3, "ID_PAYS": 9, "ID_MDAD": 9, "BV": "{Licques1}" }, "geometry": { "type": "MultiLineString", "coordinates": [ [ [ 1.924626242795392, 50.795297054389614 ], [ 1.924621222818716, 50.79530035435031 ], [ 1.924619562731979, 50.795318664194369 ], [ 1.924621222599357, 50.795340344018356 ], [ 1.92462287245771, 50.795363683828541 ], [ 1.924621222343353, 50.795387013630958 ], [ 1.924622872201762, 50.795410343441219 ], [ 1.924624522069224, 50.795432023265199 ] ] ] } },
{ "type": "Feature", "properties": { "fid": 12, "ID_RUISSOL": "10454", "ID_ENTITE": "148", "TYPEOUVRAG": "Haie", "NUMEROINTE": null, "COMMUNEINS": "62506", "COMMUNE": "LICQUES", "MAITREOUVR": "SYMVAHEM", "PAMONTPROP": null, "PAMONTAGRI": null, "PAVALPROPR": null, "PAVALAGRIC": null, "DATEREALIS": "2019-02-01", "LONGUEUR": "17", "LARGEUR": "1", "HAUTEUR": "0", "SURFACE": "0", "VOLUME": "0", "HAIE1": "17", "HAIE2": "0", "HAIE3": "0", "MATERIAUX": "Espèces arbustives locales", "OBSERVATIO": null, "ENTRETIEN": "MO", "PAMONT_REF": null, "PAVAL_REFE": null, "PAMONT_CON": "0", "PAVAL_CONV": "0", "PAMONT__01": "0", "PAVAL_C_01": "0", "PAMONT_DAT": null, "PAVAL_DATE": null, "ID_SAGE": 5, "ID_PARC": 3, "ID_PAYS": 9, "ID_MDAD": 9, "BV": "{Licques1}" }, "geometry": { "type": "MultiLineString", "coordinates": [ [ [ 1.924699531896761, 50.797173678982766 ], [ 1.924699531878279, 50.797177048954772 ], [ 1.924697881736771, 50.79720533871587 ], [ 1.924697881608824, 50.797228668522109 ], [ 1.92469788146234, 50.797255378300243 ], [ 1.9246995312845, 50.797285318055515 ], [ 1.924699531174651, 50.797305347889179 ], [ 1.924699531064803, 50.797325377722792 ] ] ] } },
{ "type": "Feature", "properties": { "fid": 13, "ID_RUISSOL": "10455", "ID_ENTITE": "148", "TYPEOUVRAG": "Fascine", "NUMEROINTE": null, "COMMUNEINS": "62506", "COMMUNE": "LICQUES", "MAITREOUVR": "SYMVAHEM", "PAMONTPROP": null, "PAMONTAGRI": null, "PAVALPROPR": null, "PAVALAGRIC": null, "DATEREALIS": "2019-02-01", "LONGUEUR": "15", "LARGEUR": "1", "HAUTEUR": "0", "SURFACE": "0", "VOLUME": "0", "HAIE1": "0", "HAIE2": "0", "HAIE3": "0", "MATERIAUX": "Pieux et fagots de saules", "OBSERVATIO": null, "ENTRETIEN": "MO", "PAMONT_REF": null, "PAVAL_REFE": null, "PAMONT_CON": "0", "PAVAL_CONV": "0", "PAMONT__01": "0", "PAVAL_C_01": "0", "PAMONT_DAT": null, "PAVAL_DATE": null, "ID_SAGE": 5, "ID_PARC": 3, "ID_PAYS": 9, "ID_MDAD": 9, "BV": "{Licques1}" }, "geometry": { "type": "MultiLineString", "coordinates": [ [ [ 1.923392902921872, 50.793480376545247 ], [ 1.923386232985851, 50.793478726543171 ], [ 1.923361243155168, 50.793485396428643 ], [ 1.923331233338618, 50.793497036260945 ], [ 1.923301223549292, 50.793503706134558 ], [ 1.923271213732753, 50.79351534596686 ], [ 1.923241213933933, 50.793523735826184 ], [ 1.923217874080586, 50.793532065701761 ], [ 1.923199564204255, 50.793537025617233 ] ] ] } },
{ "type": "Feature", "properties": { "fid": 14, "ID_RUISSOL": "10456", "ID_ENTITE": "148", "TYPEOUVRAG": "Noue enherbée", "NUMEROINTE": null, "COMMUNEINS": "62506", "COMMUNE": "LICQUES", "MAITREOUVR": "SYMVAHEM", "PAMONTPROP": null, "PAMONTAGRI": null, "PAVALPROPR": null, "PAVALAGRIC": null, "DATEREALIS": "2019-02-01", "LONGUEUR": "35", "LARGEUR": "3", "HAUTEUR": "0", "SURFACE": "105", "VOLUME": "0", "HAIE1": "0", "HAIE2": "0", "HAIE3": "0", "MATERIAUX": "Mélange prairial", "OBSERVATIO": null, "ENTRETIEN": "MO", "PAMONT_REF": null, "PAVAL_REFE": null, "PAMONT_CON": "0", "PAVAL_CONV": "0", "PAMONT__01": "0", "PAVAL_C_01": "0", "PAMONT_DAT": null, "PAVAL_DATE": null, "ID_SAGE": 5, "ID_PARC": 3, "ID_PAYS": 9, "ID_MDAD": 9, "BV": "{Licques1}" }, "geometry": { "type": "MultiLineString", "coordinates": [ [ [ 1.923027905554269, 50.793548725113752 ], [ 1.923029555540675, 50.793548725117667 ], [ 1.923051235407684, 50.793540395238146 ], [ 1.923079595229084, 50.793530345388739 ], [ 1.923112915000215, 50.793522015536787 ], [ 1.923139544844525, 50.793510385696408 ], [ 1.923169554651964, 50.793500405850303 ], [ 1.923199564477862, 50.793487056032198 ], [ 1.923231224262685, 50.793478726176318 ], [ 1.923264544043258, 50.793468676338641 ], [ 1.923299573800333, 50.793460346490704 ], [ 1.923332893571441, 50.793452026638647 ], [ 1.923366203351784, 50.793442036800442 ], [ 1.923401233117912, 50.793432056966175 ], [ 1.923436202875498, 50.793423727118096 ], [ 1.923466212664849, 50.793417057244483 ] ] ] } },
{ "type": "Feature", "properties": { "fid": 15, "ID_RUISSOL": "10457", "ID_ENTITE": "148", "TYPEOUVRAG": "Noue enherbée", "NUMEROINTE": null, "COMMUNEINS": "62506", "COMMUNE": "LICQUES", "MAITREOUVR": "SYMVAHEM", "PAMONTPROP": null, "PAMONTAGRI": null, "PAVALPROPR": null, "PAVALAGRIC": null, "DATEREALIS": "2019-02-01", "LONGUEUR": "25", "LARGEUR": "3", "HAUTEUR": "0", "SURFACE": "75", "VOLUME": "0", "HAIE1": "0", "HAIE2": "0", "HAIE3": "0", "MATERIAUX": "Mélange prairial", "OBSERVATIO": null, "ENTRETIEN": "MO", "PAMONT_REF": null, "PAVAL_REFE": null, "PAMONT_CON": "0", "PAVAL_CONV": "0", "PAMONT__01": "0", "PAVAL_C_01": "0", "PAMONT_DAT": null, "PAVAL_DATE": null, "ID_SAGE": 5, "ID_PARC": 3, "ID_PAYS": 9, "ID_MDAD": 9, "BV": "{Licques1}" }, "geometry": { "type": "MultiLineString", "coordinates": [ [ [ 1.923349543689896, 50.793405357065573 ], [ 1.923339563772095, 50.793405357041955 ], [ 1.923307903996335, 50.79341202691166 ], [ 1.923271214243828, 50.793422016741879 ], [ 1.923236254485841, 50.793430406589486 ], [ 1.923199564733399, 50.793440386419782 ], [ 1.923164594948345, 50.793453736226155 ], [ 1.92313122516857, 50.793463716064323 ], [ 1.923097905388334, 50.793473705902528 ], [ 1.923066245585123, 50.793485395730507 ], [ 1.923039545768815, 50.793492015612316 ], [ 1.923032925804899, 50.793495385568662 ] ] ] } },
{ "type": "Feature", "properties": { "fid": 16, "ID_RUISSOL": "10458", "ID_ENTITE": "148", "TYPEOUVRAG": "Fascine", "NUMEROINTE": null, "COMMUNEINS": "62506", "COMMUNE": "LICQUES", "MAITREOUVR": "SYMVAHEM", "PAMONTPROP": null, "PAMONTAGRI": null, "PAVALPROPR": null, "PAVALAGRIC": null, "DATEREALIS": "2019-02-01", "LONGUEUR": "17", "LARGEUR": "1", "HAUTEUR": "0", "SURFACE": "0", "VOLUME": "0", "HAIE1": "0", "HAIE2": "0", "HAIE3": "0", "MATERIAUX": "Pieux et fagots de saules", "OBSERVATIO": null, "ENTRETIEN": "MO", "PAMONT_REF": null, "PAVAL_REFE": null, "PAMONT_CON": "0", "PAVAL_CONV": "0", "PAMONT__01": "0", "PAVAL_C_01": "0", "PAMONT_DAT": null, "PAVAL_DATE": null, "ID_SAGE": 5, "ID_PARC": 3, "ID_PAYS": 9, "ID_MDAD": 9, "BV": "{Licques1}" }, "geometry": { "type": "MultiLineString", "coordinates": [ [ [ 1.92153456636241, 50.797485328821843 ], [ 1.921534566298551, 50.797497028724422 ], [ 1.921526246249413, 50.797518638524551 ], [ 1.921522876158958, 50.797540318335969 ], [ 1.92151956606801, 50.797561998147515 ], [ 1.921514545982144, 50.79758533794115 ], [ 1.921509585904846, 50.797607017748724 ], [ 1.921504565846437, 50.797625327584228 ], [ 1.921506215796389, 50.797631997532669 ] ] ] } },
{ "type": "Feature", "properties": { "fid": 17, "ID_RUISSOL": "10459", "ID_ENTITE": "148", "TYPEOUVRAG": "Haie", "NUMEROINTE": null, "COMMUNEINS": "62506", "COMMUNE": "LICQUES", "MAITREOUVR": "SYMVAHEM", "PAMONTPROP": null, "PAMONTAGRI": null, "PAVALPROPR": null, "PAVALAGRIC": null, "DATEREALIS": "2019-02-01", "LONGUEUR": "140", "LARGEUR": "1", "HAUTEUR": "0", "SURFACE": "0", "VOLUME": "0", "HAIE1": "140", "HAIE2": "0", "HAIE3": "0", "MATERIAUX": "Espèces arbustives locales", "OBSERVATIO": null, "ENTRETIEN": "MO", "PAMONT_REF": null, "PAVAL_REFE": null, "PAMONT_CON": "0", "PAVAL_CONV": "0", "PAMONT__01": "0", "PAVAL_C_01": "0", "PAMONT_DAT": null, "PAVAL_DATE": null, "ID_SAGE": 5, "ID_PARC": 3, "ID_PAYS": 9, "ID_MDAD": 9, "BV": "{Licques1}" }, "geometry": { "type": "MultiLineString", "coordinates": [ [ [ 1.918762898775434, 50.797578651414597 ], [ 1.918761248834353, 50.797570321480151 ], [ 1.918757938943251, 50.797555321597429 ], [ 1.918759589047436, 50.79753364178228 ], [ 1.918759589164939, 50.797512021962717 ], [ 1.918759589301086, 50.797486972171761 ], [ 1.918762899391222, 50.797465352360106 ], [ 1.918766269481187, 50.797443672549079 ], [ 1.918766269616957, 50.797418692757496 ], [ 1.918767919739463, 50.797393642970455 ], [ 1.918771229856889, 50.797367003200669 ], [ 1.918776249933221, 50.797345323393593 ], [ 1.918781270027544, 50.797320333614103 ], [ 1.918782930140627, 50.797297003812723 ], [ 1.918787950225932, 50.797273674019422 ], [ 1.918791250325516, 50.797250334222035 ], [ 1.918796280410742, 50.797227004428699 ], [ 1.918799580510273, 50.79720367463127 ], [ 1.918801240614394, 50.797181994816142 ], [ 1.918804610722374, 50.797157005032666 ], [ 1.918807910830934, 50.797132015249083 ], [ 1.918809570952998, 50.797107035461487 ], [ 1.918812931061393, 50.797081985678489 ], [ 1.918817891156238, 50.797056995898807 ], [ 1.918821261264172, 50.797032016115267 ], [ 1.918824571363688, 50.797008676317944 ], [ 1.91882959145799, 50.796983696538334 ], [ 1.918832901566808, 50.796958646755208 ], [ 1.918837921661166, 50.796933656975689 ], [ 1.918842941746507, 50.796910327182296 ], [ 1.918847901841369, 50.796885337402628 ], [ 1.918849561954479, 50.796862007601241 ], [ 1.918854582039881, 50.796838667807926 ], [ 1.918859602125227, 50.796815338014504 ], [ 1.918864562220098, 50.796790348234858 ], [ 1.918866282332722, 50.796767018433542 ], [ 1.918872892413963, 50.796742028657839 ], [ 1.918877912517643, 50.796715328892503 ], [ 1.918881282625606, 50.796690349108943 ], [ 1.918884592734122, 50.796665359325289 ], [ 1.918889612819489, 50.796642029531888 ], [ 1.918892922919038, 50.79661868973448 ], [ 1.918896223018618, 50.796595359936951 ], [ 1.91890124310399, 50.79657203014353 ], [ 1.918904613194023, 50.796550350332375 ], [ 1.91890957327995, 50.796527010538902 ], [ 1.918914603374217, 50.796502030759271 ], [ 1.918917903464834, 50.796480350947938 ], [ 1.91892293355019, 50.796457011154615 ], [ 1.918927953635575, 50.796433681361208 ], [ 1.918934563698859, 50.796412001557776 ], [ 1.918936283793184, 50.796392041728332 ], [ 1.918934563925276, 50.796370361905055 ], [ 1.918937933988029, 50.796353702052059 ] ] ] } },
{ "type": "Feature", "properties": { "fid": 18, "ID_RUISSOL": "10460", "ID_ENTITE": "148", "TYPEOUVRAG": "Bande enherbée", "NUMEROINTE": null, "COMMUNEINS": "62506", "COMMUNE": "LICQUES", "MAITREOUVR": "SYMVAHEM", "PAMONTPROP": null, "PAMONTAGRI": null, "PAVALPROPR": null, "PAVALAGRIC": null, "DATEREALIS": "2019-02-01", "LONGUEUR": "140", "LARGEUR": "3", "HAUTEUR": "0", "SURFACE": "420", "VOLUME": "0", "HAIE1": "0", "HAIE2": "0", "HAIE3": "0", "MATERIAUX": "Mélange prairial", "OBSERVATIO": null, "ENTRETIEN": "MO", "PAMONT_REF": null, "PAVAL_REFE": null, "PAMONT_CON": "0", "PAVAL_CONV": "0", "PAMONT__01": "0", "PAVAL_C_01": "0", "PAMONT_DAT": null, "PAVAL_DATE": null, "ID_SAGE": 5, "ID_PARC": 3, "ID_PAYS": 9, "ID_MDAD": 9, "BV": "{Licques1}" }, "geometry": { "type": "MultiLineString", "coordinates": [ [ [ 1.918940173954954, 50.796356382035079 ], [ 1.918936713556633, 50.796434891372002 ], [ 1.918917993455879, 50.796481860935586 ], [ 1.918903262986499, 50.796590569993697 ], [ 1.918867552313255, 50.796768668422814 ], [ 1.918832871442513, 50.796981556564049 ], [ 1.918811900793441, 50.797132845251674 ], [ 1.918803818381374, 50.797588891427004 ] ] ] } },
{ "type": "Feature", "properties": { "fid": 19, "ID_RUISSOL": "10461", "ID_ENTITE": "148", "TYPEOUVRAG": "Bande enherbée", "NUMEROINTE": null, "COMMUNEINS": "62506", "COMMUNE": "LICQUES", "MAITREOUVR": "SYMVAHEM", "PAMONTPROP": null, "PAMONTAGRI": null, "PAVALPROPR": null, "PAVALAGRIC": null, "DATEREALIS": "2019-02-01", "LONGUEUR": "230", "LARGEUR": "3", "HAUTEUR": "0", "SURFACE": "690", "VOLUME": "0", "HAIE1": "0", "HAIE2": "0", "HAIE3": "0", "MATERIAUX": "Mélange prairial", "OBSERVATIO": null, "ENTRETIEN": "MO", "PAMONT_REF": null, "PAVAL_REFE": null, "PAMONT_CON": "0", "PAVAL_CONV": "0", "PAMONT__01": "0", "PAVAL_C_01": "0", "PAMONT_DAT": null, "PAVAL_DATE": null, "ID_SAGE": 5, "ID_PARC": 3, "ID_PAYS": 9, "ID_MDAD": 9, "BV": "{Licques1}" }, "geometry": { "type": "MultiLineString", "coordinates": [ [ [ 1.916406267823882, 50.79581366053111 ], [ 1.916409637796066, 50.795813660539125 ], [ 1.916411287782444, 50.795813660543047 ], [ 1.916414597755122, 50.795813660550941 ], [ 1.916416247732508, 50.795815320541003 ], [ 1.916419617686434, 50.795818690520854 ], [ 1.916419617677495, 50.795820340507085 ], [ 1.916421277663792, 50.795820340511014 ], [ 1.916422927650172, 50.795820340514922 ], [ 1.916424577636552, 50.795820340518866 ], [ 1.916429607586093, 50.795821990517041 ], [ 1.916454587316499, 50.795833690478737 ], [ 1.91648624700108, 50.795843670470667 ], [ 1.916521286657696, 50.795853660470598 ], [ 1.916554596346579, 50.795860330494129 ], [ 1.916589626021204, 50.795867010521661 ], [ 1.916621285705761, 50.795876990513641 ], [ 1.916652955408171, 50.795883660533278 ], [ 1.916682955115366, 50.79589199053509 ], [ 1.916712964831415, 50.79589867055072 ], [ 1.916729624657728, 50.795905340534667 ], [ 1.916727974671349, 50.79590534053073 ], [ 1.916729624666671, 50.795903690548442 ], [ 1.916736304602581, 50.795905340550583 ], [ 1.916764594332826, 50.795912020562071 ], [ 1.916799623998477, 50.795920350575884 ], [ 1.916834593655677, 50.795930330575729 ], [ 1.916867973325997, 50.795940310571822 ], [ 1.916906242964562, 50.795948700592866 ], [ 1.916941272621193, 50.795958690592805 ], [ 1.916974592291993, 50.795968670588771 ], [ 1.917009621948666, 50.795978650588772 ], [ 1.917041281642105, 50.795986980594598 ], [ 1.917074601321509, 50.795995370603862 ], [ 1.917112930959868, 50.796003700625519 ], [ 1.917147970634716, 50.796010310653749 ], [ 1.917184590286857, 50.796018700670871 ], [ 1.917219619952448, 50.796027030684748 ], [ 1.917254589618531, 50.796035360698419 ], [ 1.917291269297718, 50.796038670758115 ], [ 1.917321279004744, 50.796047000760048 ], [ 1.917352938698142, 50.79605533076581 ], [ 1.917387908373212, 50.796062000793441 ], [ 1.917417918071274, 50.796071980781541 ], [ 1.917454597723209, 50.796080310799354 ], [ 1.917489567398209, 50.796086990826851 ], [ 1.917524597081719, 50.796092010868357 ], [ 1.91756458671526, 50.796098690907804 ], [ 1.917601276358135, 50.796108670911892 ], [ 1.917634586055836, 50.796113690949326 ], [ 1.917669625730237, 50.796120370977007 ], [ 1.917704585396396, 50.79612869099082 ], [ 1.917739625070789, 50.796135371018494 ], [ 1.91777128477347, 50.79614198103873 ], [ 1.917806254439475, 50.796150311052486 ], [ 1.917842934109326, 50.796155331097971 ], [ 1.917881273747495, 50.79616366111977 ], [ 1.917914583418236, 50.796173641115793 ], [ 1.917949623074306, 50.796183691115409 ], [ 1.917984582749329, 50.796190371142934 ], [ 1.918019612424148, 50.796196981171221 ], [ 1.918056242085426, 50.796203651202852 ], [ 1.918092921755194, 50.796208681248245 ], [ 1.918129611415968, 50.796215351279976 ], [ 1.918161271100302, 50.79622533127214 ], [ 1.918196240757237, 50.796235321272079 ], [ 1.918231270422742, 50.796243641286111 ], [ 1.918266230079427, 50.79625369128555 ], [ 1.918301269744784, 50.79626202129954 ], [ 1.918337949387632, 50.796272001303677 ], [ 1.918374569057914, 50.796277021349049 ], [ 1.91841125870963, 50.796285351366983 ], [ 1.91844793834344, 50.796296991357259 ], [ 1.918484558013708, 50.796302011402631 ], [ 1.918519587688141, 50.796308681430503 ], [ 1.918554557354043, 50.79631701144433 ], [ 1.918586287046701, 50.796325341450469 ], [ 1.918619596735271, 50.796332021474129 ], [ 1.918657936391641, 50.796336981524121 ], [ 1.918696276065673, 50.796338691601242 ], [ 1.918727935786182, 50.796342001649116 ], [ 1.918759595497391, 50.79634702168272 ], [ 1.918789605267836, 50.796343651782351 ], [ 1.918819615019965, 50.796343651853853 ], [ 1.918851274758462, 50.796343651929334 ], [ 1.918881284501236, 50.796345371986504 ], [ 1.918912944221735, 50.796348682034363 ], [ 1.918949563901318, 50.796351982094144 ], [ 1.918986253588915, 50.796353702167231 ], [ 1.919026243240657, 50.796357002235041 ], [ 1.919059552947521, 50.796360312286865 ], [ 1.919092932662451, 50.796362032352107 ], [ 1.919137952317949, 50.796357002501324 ], [ 1.919172912011179, 50.796360312557077 ], [ 1.919207951703421, 50.796363682612515 ], [ 1.919239611432933, 50.796365332674213 ], [ 1.919276231139429, 50.796363682775265 ], [ 1.919311260841106, 50.796365332845035 ], [ 1.91934458057486, 50.796363682938235 ], [ 1.919379610276536, 50.796365333007934 ], [ 1.919416229965021, 50.796366993081421 ], [ 1.919439559781349, 50.796365333150867 ], [ 1.919449609707313, 50.796363683188595 ] ] ] } },
{ "type": "Feature", "properties": { "fid": 20, "ID_RUISSOL": "10462", "ID_ENTITE": "148", "TYPEOUVRAG": "Haie", "NUMEROINTE": null, "COMMUNEINS": "62506", "COMMUNE": "LICQUES", "MAITREOUVR": "SYMVAHEM", "PAMONTPROP": null, "PAMONTAGRI": null, "PAVALPROPR": null, "PAVALAGRIC": null, "DATEREALIS": "2019-02-01", "LONGUEUR": "300", "LARGEUR": "1", "HAUTEUR": "0", "SURFACE": "0", "VOLUME": "0", "HAIE1": "300", "HAIE2": "0", "HAIE3": "0", "MATERIAUX": "Espèces arbustives locales", "OBSERVATIO": null, "ENTRETIEN": "MO", "PAMONT_REF": null, "PAVAL_REFE": null, "PAMONT_CON": "0", "PAVAL_CONV": "0", "PAMONT__01": "0", "PAVAL_C_01": "0", "PAMONT_DAT": null, "PAVAL_DATE": null, "ID_SAGE": 5, "ID_PARC": 3, "ID_PAYS": 9, "ID_MDAD": 9, "BV": "{Licques1}" }, "geometry": { "type": "MultiLineString", "coordinates": [ [ [ 1.91268223378196, 50.796103750976989 ], [ 1.912678645123151, 50.796129475276814 ], [ 1.912659627233013, 50.79609530925898 ], [ 1.912661287075502, 50.796122009039181 ], [ 1.912661286949848, 50.796145338843651 ], [ 1.912657976842583, 50.79617032862636 ], [ 1.912652956758381, 50.796193658418893 ], [ 1.912651296646382, 50.796216998219336 ], [ 1.912647996547982, 50.796240328015934 ], [ 1.912642976454896, 50.796265307794663 ], [ 1.912637946352581, 50.796292017558812 ], [ 1.912631336263696, 50.796318657319794 ], [ 1.912627966165882, 50.796341987116229 ], [ 1.912622946072754, 50.796366976894831 ], [ 1.912616335983553, 50.796393676655285 ], [ 1.912611305890516, 50.796418666433865 ], [ 1.912606285797452, 50.796443646212531 ], [ 1.912601325703841, 50.796468635991218 ], [ 1.912597955587892, 50.796495335759403 ], [ 1.912591285490641, 50.796523625506381 ], [ 1.91258962536946, 50.796548675292456 ], [ 1.912582955289982, 50.796573665067093 ], [ 1.912577995196385, 50.796598654845809 ], [ 1.912572975094079, 50.796625354610022 ], [ 1.912567945001117, 50.796650334388644 ], [ 1.912562984898645, 50.796676974153499 ], [ 1.912556314819184, 50.796701963928129 ], [ 1.912551294725773, 50.796727013706139 ], [ 1.912547984609676, 50.796753653474951 ], [ 1.91254296450771, 50.796780293239649 ], [ 1.912538004404927, 50.79680699300399 ], [ 1.912534634289332, 50.796833632772618 ], [ 1.91252961418705, 50.796860332536831 ], [ 1.912522994107198, 50.79688532231151 ], [ 1.912517974005244, 50.796911962076216 ], [ 1.912512953911855, 50.796937011854226 ], [ 1.912507993818298, 50.796962001632863 ], [ 1.912502973716405, 50.796988631397639 ], [ 1.912496293627805, 50.797015341157767 ], [ 1.912491273516983, 50.797043630908597 ], [ 1.912484663427866, 50.797070330669001 ], [ 1.912477983348533, 50.797095320443511 ], [ 1.912472963246604, 50.797121960208159 ], [ 1.912467943153238, 50.797147009986155 ], [ 1.912459613096489, 50.797170339770645 ], [ 1.912459612980103, 50.797191959589341 ], [ 1.912456302890751, 50.797213639399658 ], [ 1.912451282806655, 50.79723696919207 ], [ 1.91245128270771, 50.797255349037954 ] ] ] } },
{ "type": "Feature", "properties": { "fid": 21, "ID_RUISSOL": "10463", "ID_ENTITE": "148", "TYPEOUVRAG": "Bande enherbée", "NUMEROINTE": null, "COMMUNEINS": "62506", "COMMUNE": "LICQUES", "MAITREOUVR": "SYMVAHEM", "PAMONTPROP": null, "PAMONTAGRI": null, "PAVALPROPR": null, "PAVALAGRIC": null, "DATEREALIS": "2019-02-01", "LONGUEUR": "300", "LARGEUR": "5", "HAUTEUR": "0", "SURFACE": "1500", "VOLUME": "0", "HAIE1": "0", "HAIE2": "0", "HAIE3": "0", "MATERIAUX": "Mélange prairial", "OBSERVATIO": null, "ENTRETIEN": "MO", "PAMONT_REF": null, "PAVAL_REFE": null, "PAMONT_CON": "0", "PAVAL_CONV": "0", "PAMONT__01": "0", "PAVAL_C_01": "0", "PAMONT_DAT": null, "PAVAL_DATE": null, "ID_SAGE": 5, "ID_PARC": 3, "ID_PAYS": 9, "ID_MDAD": 9, "BV": "{Licques1}" }, "geometry": { "type": "MultiLineString", "coordinates": [ [ [ 1.912558721977233, 50.797226079539847 ], [ 1.912726417061875, 50.796024710009561 ] ] ] } },
{ "type": "Feature", "properties": { "fid": 22, "ID_RUISSOL": "10464", "ID_ENTITE": "148", "TYPEOUVRAG": "Haie", "NUMEROINTE": null, "COMMUNEINS": "62506", "COMMUNE": "LICQUES", "MAITREOUVR": "SYMVAHEM", "PAMONTPROP": null, "PAMONTAGRI": null, "PAVALPROPR": null, "PAVALAGRIC": null, "DATEREALIS": "2019-02-01", "LONGUEUR": "162", "LARGEUR": "1", "HAUTEUR": "0", "SURFACE": "0", "VOLUME": "0", "HAIE1": "162", "HAIE2": "0", "HAIE3": "0", "MATERIAUX": "Espèces arbustives locales", "OBSERVATIO": null, "ENTRETIEN": "MO", "PAMONT_REF": null, "PAVAL_REFE": null, "PAMONT_CON": "0", "PAVAL_CONV": "0", "PAMONT__01": "0", "PAVAL_C_01": "0", "PAMONT_DAT": null, "PAVAL_DATE": null, "ID_SAGE": 5, "ID_PARC": 3, "ID_PAYS": 9, "ID_MDAD": 9, "BV": "{Licques1}" }, "geometry": { "type": "MultiLineString", "coordinates": [ [ [ 1.915579626866565, 50.797251986535947 ], [ 1.915584586861697, 50.797245306603671 ], [ 1.915584586978641, 50.797223686784498 ], [ 1.915589607072641, 50.797198637006041 ], [ 1.915592917180403, 50.797173657222871 ], [ 1.915601307237305, 50.797150317438124 ], [ 1.915607917326719, 50.79712368767666 ], [ 1.915612937420732, 50.797098637898195 ], [ 1.915616247528557, 50.797073648115074 ], [ 1.91561795764063, 50.797050318314312 ], [ 1.915621267739532, 50.797026978517415 ], [ 1.915621267874664, 50.797001998726351 ], [ 1.915622917996211, 50.796977008939301 ], [ 1.915624638108204, 50.796953679138561 ], [ 1.915627948207112, 50.796930339341635 ], [ 1.915634618278201, 50.796907009552662 ], [ 1.915637928377061, 50.796883679755709 ], [ 1.915637928503325, 50.796860339950896 ], [ 1.915641298610617, 50.79683536016784 ], [ 1.915646258686921, 50.796813680361012 ], [ 1.91564796879906, 50.796790340560271 ], [ 1.915647968925277, 50.796767010755389 ], [ 1.915651279033124, 50.796742020972282 ], [ 1.915654589131995, 50.796718691175279 ], [ 1.915656299253392, 50.796693641388849 ], [ 1.915659609352262, 50.796670311591797 ], [ 1.915662979459624, 50.796645321808839 ], [ 1.915667939544868, 50.796621992015758 ], [ 1.915671309652232, 50.796597002232801 ], [ 1.915674609760126, 50.796572022449503 ], [ 1.915676269881943, 50.796546972662981 ], [ 1.915679639980385, 50.796523632866169 ], [ 1.915689620042086, 50.796496993112726 ], [ 1.91569464012685, 50.796473663319773 ], [ 1.915694640253079, 50.796450333514841 ], [ 1.915697950360955, 50.796425343731691 ], [ 1.915707930413743, 50.79640035396443 ], [ 1.915711300512142, 50.796377024167555 ], [ 1.915714600620433, 50.796351974384876 ], [ 1.915721280691502, 50.796328644595825 ], [ 1.915729610730765, 50.796308674782658 ], [ 1.915736280775082, 50.796290304952173 ], [ 1.915736280919235, 50.796263665174877 ], [ 1.915739591036057, 50.796237025405496 ], [ 1.915741311166333, 50.796210325632828 ], [ 1.915744611283241, 50.796183685863397 ], [ 1.915747921409376, 50.796155326108426 ], [ 1.915752941512086, 50.796128686343103 ], [ 1.915762921555932, 50.796105356561888 ], [ 1.915767951640651, 50.796082026768907 ], [ 1.91577462172114, 50.796056976994244 ], [ 1.915784601773983, 50.79603198722689 ], [ 1.91580126177162, 50.79600700747541 ], [ 1.915814611796649, 50.795982017716078 ], [ 1.915832921762821, 50.795960337940883 ], [ 1.915854601701178, 50.795938658173718 ], [ 1.915874631653163, 50.79591697840263 ], [ 1.915892941628286, 50.795893648641183 ], [ 1.915916271543791, 50.795873678863622 ], [ 1.915941261445869, 50.795853659090454 ], [ 1.915959631357236, 50.795842019231443 ] ] ] } },
{ "type": "Feature", "properties": { "fid": 23, "ID_RUISSOL": "10465", "ID_ENTITE": "148", "TYPEOUVRAG": "Bande enherbée", "NUMEROINTE": null, "COMMUNEINS": "62506", "COMMUNE": "LICQUES", "MAITREOUVR": "SYMVAHEM", "PAMONTPROP": null, "PAMONTAGRI": null, "PAVALPROPR": null, "PAVALAGRIC": null, "DATEREALIS": "2019-02-01", "LONGUEUR": "162", "LARGEUR": "5", "HAUTEUR": "0", "SURFACE": "810", "VOLUME": "0", "HAIE1": "0", "HAIE2": "0", "HAIE3": "0", "MATERIAUX": "Mélange prairial", "OBSERVATIO": null, "ENTRETIEN": "MO", "PAMONT_REF": null, "PAVAL_REFE": null, "PAMONT_CON": "0", "PAVAL_CONV": "0", "PAMONT__01": "0", "PAVAL_C_01": "0", "PAMONT_DAT": null, "PAVAL_DATE": null, "ID_SAGE": 5, "ID_PARC": 3, "ID_PAYS": 9, "ID_MDAD": 9, "BV": "{Licques1}" }, "geometry": { "type": "MultiLineString", "coordinates": [ [ [ 1.915990931209516, 50.795821579476744 ], [ 1.915755891023371, 50.79621449563269 ], [ 1.915745388487638, 50.796699131555371 ], [ 1.915561916613307, 50.797325875875543 ] ] ] } },
{ "type": "Feature", "properties": { "fid": 24, "ID_RUISSOL": "10466", "ID_ENTITE": "148", "TYPEOUVRAG": "Fascine", "NUMEROINTE": null, "COMMUNEINS": "62506", "COMMUNE": "LICQUES", "MAITREOUVR": "SYMVAHEM", "PAMONTPROP": null, "PAMONTAGRI": null, "PAVALPROPR": null, "PAVALAGRIC": null, "DATEREALIS": "2019-02-01", "LONGUEUR": "22", "LARGEUR": "1", "HAUTEUR": "0", "SURFACE": "0", "VOLUME": "0", "HAIE1": "0", "HAIE2": "0", "HAIE3": "0", "MATERIAUX": "Pieux et fagots de saules", "OBSERVATIO": null, "ENTRETIEN": "MO", "PAMONT_REF": null, "PAVAL_REFE": null, "PAMONT_CON": "0", "PAVAL_CONV": "0", "PAMONT__01": "0", "PAVAL_C_01": "0", "PAMONT_DAT": null, "PAVAL_DATE": null, "ID_SAGE": 5, "ID_PARC": 3, "ID_PAYS": 9, "ID_MDAD": 9, "BV": "{Licques1}" }, "geometry": { "type": "MultiLineString", "coordinates": [ [ [ 1.914752937560146, 50.794686996021866 ], [ 1.91477296726885, 50.794710335874143 ], [ 1.914779637321786, 50.794690366057026 ], [ 1.914794647297317, 50.794671996246194 ], [ 1.914811297259006, 50.794653686438799 ], [ 1.914829607207011, 50.794635376635313 ], [ 1.914844617191533, 50.794615346838427 ], [ 1.914859617185056, 50.794593667055253 ], [ 1.914872967173971, 50.794575357240014 ], [ 1.914882957190915, 50.794556987417309 ] ] ] } },
{ "type": "Feature", "properties": { "fid": 25, "ID_RUISSOL": "10467", "ID_ENTITE": "148", "TYPEOUVRAG": "Haie", "NUMEROINTE": null, "COMMUNEINS": "62506", "COMMUNE": "LICQUES", "MAITREOUVR": "SYMVAHEM", "PAMONTPROP": null, "PAMONTAGRI": null, "PAVALPROPR": null, "PAVALAGRIC": null, "DATEREALIS": "2019-02-01", "LONGUEUR": "30", "LARGEUR": "1", "HAUTEUR": "0", "SURFACE": "0", "VOLUME": "0", "HAIE1": "30", "HAIE2": "0", "HAIE3": "0", "MATERIAUX": "Espèces arbustives locales", "OBSERVATIO": null, "ENTRETIEN": "MO", "PAMONT_REF": null, "PAVAL_REFE": null, "PAMONT_CON": "0", "PAVAL_CONV": "0", "PAMONT__01": "0", "PAVAL_C_01": "0", "PAMONT_DAT": null, "PAVAL_DATE": null, "ID_SAGE": 5, "ID_PARC": 3, "ID_PAYS": 9, "ID_MDAD": 9, "BV": "{Licques1}" }, "geometry": { "type": "MultiLineString", "coordinates": [ [ [ 1.914939597129228, 50.794482028178336 ], [ 1.91494131710613, 50.794483678168611 ], [ 1.914931277098827, 50.79450033800552 ], [ 1.914921287081868, 50.794518707828267 ], [ 1.914909657069784, 50.79453867763371 ], [ 1.914891287122246, 50.794556987437062 ], [ 1.91487627717382, 50.794570337289862 ], [ 1.914859617185056, 50.794593667055253 ], [ 1.914847987163747, 50.794615346846399 ], [ 1.914837937120499, 50.794638676627486 ], [ 1.914826307108116, 50.794658706432386 ], [ 1.914811297115014, 50.794680326216039 ], [ 1.914797947116879, 50.794700346016953 ], [ 1.914781287173116, 50.794715355851913 ] ] ] } },
{ "type": "Feature", "properties": { "fid": 26, "ID_RUISSOL": "10468", "ID_ENTITE": "148", "TYPEOUVRAG": "Bande enherbée", "NUMEROINTE": null, "COMMUNEINS": "62506", "COMMUNE": "LICQUES", "MAITREOUVR": "SYMVAHEM", "PAMONTPROP": null, "PAMONTAGRI": null, "PAVALPROPR": null, "PAVALAGRIC": null, "DATEREALIS": "2019-02-01", "LONGUEUR": "35", "LARGEUR": "6", "HAUTEUR": "0", "SURFACE": "210", "VOLUME": "0", "HAIE1": "0", "HAIE2": "0", "HAIE3": "0", "MATERIAUX": "Mélange prairial", "OBSERVATIO": null, "ENTRETIEN": "MO", "PAMONT_REF": null, "PAVAL_REFE": null, "PAMONT_CON": "0", "PAVAL_CONV": "0", "PAMONT__01": "0", "PAVAL_C_01": "0", "PAMONT_DAT": null, "PAVAL_DATE": null, "ID_SAGE": 5, "ID_PARC": 3, "ID_PAYS": 9, "ID_MDAD": 9, "BV": "{Licques1}" }, "geometry": { "type": "MultiLineString", "coordinates": [ [ [ 1.914756237306645, 50.794728865679517 ], [ 1.914956617172313, 50.794448108502259 ] ] ] } },
{ "type": "Feature", "properties": { "fid": 27, "ID_RUISSOL": "10469", "ID_ENTITE": "148", "TYPEOUVRAG": "Bande enherbée", "NUMEROINTE": null, "COMMUNEINS": "62506", "COMMUNE": "LICQUES", "MAITREOUVR": "SYMVAHEM", "PAMONTPROP": null, "PAMONTAGRI": null, "PAVALPROPR": null, "PAVALAGRIC": null, "DATEREALIS": "2019-02-01", "LONGUEUR": "480", "LARGEUR": "4", "HAUTEUR": "0", "SURFACE": "1920", "VOLUME": "0", "HAIE1": "0", "HAIE2": "0", "HAIE3": "0", "MATERIAUX": "Mélange prairial", "OBSERVATIO": null, "ENTRETIEN": "MO", "PAMONT_REF": null, "PAVAL_REFE": null, "PAMONT_CON": "0", "PAVAL_CONV": "0", "PAMONT__01": "0", "PAVAL_C_01": "0", "PAMONT_DAT": null, "PAVAL_DATE": null, "ID_SAGE": 5, "ID_PARC": 3, "ID_PAYS": 9, "ID_MDAD": 9, "BV": "{Surques}" }, "geometry": { "type": "MultiLineString", "coordinates": [ [ [ 1.956950963727921, 50.793938792462505 ], [ 1.956944283840442, 50.793928812527319 ], [ 1.956939263949165, 50.793917112609975 ], [ 1.956934303999629, 50.793915452611593 ], [ 1.956932594013733, 50.793915452607514 ], [ 1.956934303999629, 50.793915452611593 ], [ 1.956934303990079, 50.793917112598152 ], [ 1.956934304009122, 50.793913802624914 ], [ 1.956929284136828, 50.793898802734297 ], [ 1.956924264322009, 50.79387381292441 ], [ 1.956917654501259, 50.793852133084002 ], [ 1.956907604727925, 50.793827143262149 ], [ 1.956900924917241, 50.793803813434899 ], [ 1.956892605120081, 50.793780483603769 ], [ 1.956887645295263, 50.793757143780709 ], [ 1.956882615470966, 50.793733813957402 ], [ 1.956874295673799, 50.793710484126279 ], [ 1.956865965886608, 50.793685434309019 ], [ 1.956859286075967, 50.793662094481881 ], [ 1.956865966164592, 50.793637114699749 ], [ 1.956859286353951, 50.793613774872604 ], [ 1.95685261655266, 50.793588795058746 ], [ 1.956847656737325, 50.793563805249029 ], [ 1.956839256950698, 50.793538755431605 ], [ 1.956830927172636, 50.793512115627166 ], [ 1.956824317370844, 50.793487135813479 ], [ 1.956817647569599, 50.793462145999712 ], [ 1.956809317791877, 50.793435446195772 ], [ 1.956802637990709, 50.79341045638197 ], [ 1.956795968198951, 50.793383816581525 ], [ 1.956787638411726, 50.793358766764278 ], [ 1.95678261859681, 50.793333786954307 ], [ 1.956772628822921, 50.793308797132681 ], [ 1.95676595902166, 50.793283807318893 ], [ 1.956759279220827, 50.793258757505562 ], [ 1.956752609419504, 50.793233777691711 ], [ 1.956745929608829, 50.793210437864545 ], [ 1.956739319807006, 50.793185458050871 ], [ 1.956735949978534, 50.793160468244871 ], [ 1.956725970194994, 50.793137138409818 ], [ 1.956714270569376, 50.793088818772738 ], [ 1.95671096074075, 50.793063768967443 ], [ 1.956704290939468, 50.793038779153662 ], [ 1.956699261124613, 50.793013799343676 ], [ 1.956692651303793, 50.792992119503282 ], [ 1.956684321516184, 50.792967129685586 ], [ 1.956677651714896, 50.792942139871798 ], [ 1.956667601931906, 50.792918810036568 ], [ 1.956657622148337, 50.792895480201501 ], [ 1.956647642374313, 50.792870490379876 ], [ 1.956640962563548, 50.792847160552654 ], [ 1.956637662734825, 50.792822110747359 ], [ 1.956629262938281, 50.792798770916129 ], [ 1.956617633168297, 50.792775441077175 ], [ 1.956607653394199, 50.79275046125548 ], [ 1.956599323606562, 50.792725471437741 ], [ 1.956599323750297, 50.792700481639805 ], [ 1.956595953922139, 50.79267543183434 ], [ 1.956589274120846, 50.792650452020503 ], [ 1.95658095432363, 50.792627112189443 ], [ 1.956572624535925, 50.792602132371663 ], [ 1.956564294748274, 50.792577142553959 ], [ 1.95655596496062, 50.792552152736242 ], [ 1.95654763517331, 50.792527102919053 ], [ 1.95654095539104, 50.792498813131921 ], [ 1.956534285609031, 50.792470463345332 ], [ 1.956527605817266, 50.792443823544851 ], [ 1.956517626043534, 50.792418773723746 ], [ 1.956509296274844, 50.792390483932742 ], [ 1.956502626483389, 50.792363774132859 ], [ 1.956495946691615, 50.792337134332399 ], [ 1.956489276890208, 50.792312154518569 ], [ 1.956485967061533, 50.792287104713267 ], [ 1.956485967195767, 50.792263764901953 ], [ 1.956485967281688, 50.79224882502276 ], [ 1.956485967291523, 50.792247115036581 ], [ 1.956487617277937, 50.792247115040482 ], [ 1.956487617287482, 50.792245455053894 ], [ 1.955800646340331, 50.789637841869691 ], [ 1.956479287442344, 50.792230455155426 ] ] ] } },
{ "type": "Feature", "properties": { "fid": 28, "ID_RUISSOL": "10470", "ID_ENTITE": "148", "TYPEOUVRAG": "Fascine", "NUMEROINTE": null, "COMMUNEINS": "62506", "COMMUNE": "LICQUES", "MAITREOUVR": "SYMVAHEM", "PAMONTPROP": null, "PAMONTAGRI": null, "PAVALPROPR": null, "PAVALAGRIC": null, "DATEREALIS": "2019-02-01", "LONGUEUR": "12", "LARGEUR": "1", "HAUTEUR": "0", "SURFACE": "0", "VOLUME": "0", "HAIE1": "0", "HAIE2": "0", "HAIE3": "0", "MATERIAUX": "Pieux et fagots de saules", "OBSERVATIO": null, "ENTRETIEN": "MO", "PAMONT_REF": null, "PAVAL_REFE": null, "PAMONT_CON": "0", "PAVAL_CONV": "0", "PAMONT__01": "0", "PAVAL_C_01": "0", "PAMONT_DAT": null, "PAVAL_DATE": null, "ID_SAGE": 5, "ID_PARC": 3, "ID_PAYS": 9, "ID_MDAD": 9, "BV": "{Surques}" }, "geometry": { "type": "MultiLineString", "coordinates": [ [ [ 1.956484317343528, 50.792240435086676 ], [ 1.956477637513327, 50.792220475232213 ], [ 1.956467657739227, 50.792195485410623 ], [ 1.956455957989119, 50.792168785598754 ], [ 1.956449278197327, 50.792142145798302 ] ] ] } },
{ "type": "Feature", "properties": { "fid": 29, "ID_RUISSOL": "10471", "ID_ENTITE": "148", "TYPEOUVRAG": "Bande enherbée", "NUMEROINTE": null, "COMMUNEINS": "62506", "COMMUNE": "LICQUES", "MAITREOUVR": "SYMVAHEM", "PAMONTPROP": null, "PAMONTAGRI": null, "PAVALPROPR": null, "PAVALAGRIC": null, "DATEREALIS": "2019-02-01", "LONGUEUR": "410", "LARGEUR": "5", "HAUTEUR": "0", "SURFACE": "2050", "VOLUME": "0", "HAIE1": "0", "HAIE2": "0", "HAIE3": "0", "MATERIAUX": "Mélange prairial", "OBSERVATIO": null, "ENTRETIEN": "MO", "PAMONT_REF": null, "PAVAL_REFE": null, "PAMONT_CON": "0", "PAVAL_CONV": "0", "PAMONT__01": "0", "PAVAL_C_01": "0", "PAMONT_DAT": null, "PAVAL_DATE": null, "ID_SAGE": 5, "ID_PARC": 3, "ID_PAYS": 9, "ID_MDAD": 9, "BV": "{Licques1,Surques}" }, "geometry": { "type": "MultiLineString", "coordinates": [ [ [ 1.955772637780883, 50.789703803911252 ], [ 1.955767677802252, 50.789707173872344 ], [ 1.955752677849074, 50.789720463729601 ], [ 1.955725968001217, 50.789732163572168 ], [ 1.955692658217465, 50.789742143413086 ], [ 1.95565101850214, 50.789752123234443 ], [ 1.955614328755641, 50.789760453080717 ], [ 1.955577648999185, 50.7897705029131 ], [ 1.955542679219606, 50.789782132736761 ], [ 1.95550764944013, 50.789793832559695 ], [ 1.955475979623922, 50.789807122377724 ], [ 1.955442669820848, 50.789820472191352 ], [ 1.955402680092013, 50.789830452016531 ], [ 1.955365990316719, 50.789843801822158 ], [ 1.955334330538426, 50.78985048169357 ], [ 1.955301020773747, 50.789857151561243 ], [ 1.955265991013665, 50.789865481411397 ], [ 1.955231021253097, 50.789873811261707 ], [ 1.955194331506664, 50.789882141107945 ], [ 1.955161021713115, 50.78989384093488 ], [ 1.955124331966692, 50.78990217078114 ], [ 1.955089302216167, 50.789908840644706 ], [ 1.955054332455623, 50.789917170494974 ], [ 1.955019302676572, 50.789928810318344 ], [ 1.954982682920118, 50.789938790151389 ], [ 1.954946003173638, 50.78994711999762 ], [ 1.954909313417429, 50.78995715983001 ], [ 1.954877653629716, 50.789965489688058 ], [ 1.954840963873859, 50.789975469520918 ], [ 1.954804344136376, 50.789982149380599 ], [ 1.954770964353336, 50.789992129221275 ], [ 1.954736004582883, 50.790002179057623 ], [ 1.95469931481758, 50.790013808877127 ], [ 1.95466434505709, 50.790022138727338 ], [ 1.954629315277762, 50.790033838550173 ], [ 1.954594345507815, 50.790043818387062 ], [ 1.954556015755954, 50.790055458202588 ], [ 1.954520975976783, 50.79006714802545 ], [ 1.954484356220354, 50.790077137858368 ], [ 1.954447676445151, 50.790090487663882 ], [ 1.954407686707017, 50.790102117475591 ], [ 1.954367696949502, 50.790117127259883 ], [ 1.954329357169034, 50.790133777034796 ], [ 1.954291017407445, 50.790147136836332 ], [ 1.954252677645923, 50.790160486637944 ], [ 1.954215997880629, 50.790172116457427 ], [ 1.954180968101384, 50.790183816280205 ], [ 1.954144348335613, 50.790195446099744 ], [ 1.954106008583581, 50.7902071459147 ], [ 1.954066018845459, 50.790218785726253 ], [ 1.954027679093443, 50.790230485541166 ], [ 1.95399099932819, 50.790242115360599 ], [ 1.953951009589746, 50.790253815171617 ], [ 1.95391266983815, 50.790265444987106 ], [ 1.953875980072605, 50.790277144805899 ], [ 1.953837650320884, 50.790288784621318 ], [ 1.953799310568908, 50.790300484436187 ], [ 1.953760970817341, 50.790312114251698 ], [ 1.953724351060701, 50.790322164083996 ], [ 1.953687661295588, 50.790333793903336 ], [ 1.953650981529999, 50.7903454937221 ], [ 1.953614361764323, 50.790357123541618 ], [ 1.953579331994983, 50.790367113378117 ], [ 1.953542642229553, 50.790378803196973 ], [ 1.953504302477979, 50.790390443012299 ], [ 1.953467682711929, 50.790402142831212 ], [ 1.95343100294678, 50.790413772650588 ], [ 1.953396033176636, 50.790423822486694 ], [ 1.953357693434594, 50.790433802315476 ], [ 1.953322663646051, 50.790447152124763 ], [ 1.953285983880875, 50.790458791943955 ], [ 1.953247644148359, 50.790467111786164 ], [ 1.953211024391804, 50.790477161618412 ], [ 1.953175994613141, 50.790488791441589 ], [ 1.95314102483359, 50.790500491264353 ], [ 1.953105995054881, 50.790512131087446 ], [ 1.953071025285188, 50.790522110924108 ], [ 1.953035995525443, 50.790530440773999 ], [ 1.953001025745916, 50.790542140596749 ], [ 1.952964335990379, 50.790552120429346 ], [ 1.952927656234423, 50.790562160261501 ], [ 1.952892686455259, 50.790573800084701 ], [ 1.952854346722745, 50.790582129926747 ], [ 1.952819316953585, 50.790592109763288 ], [ 1.952784347174096, 50.790603809585974 ], [ 1.952749317414391, 50.790612139435851 ], [ 1.952710977672458, 50.790622119264505 ], [ 1.952676017892905, 50.79063381908724 ], [ 1.952640978123858, 50.790643798923703 ], [ 1.952604358367804, 50.790653778756422 ], [ 1.95256767860241, 50.790665478575058 ], [ 1.952530988846942, 50.790675458407648 ], [ 1.952494369090906, 50.790685438240317 ], [ 1.952459339321407, 50.790695488076224 ], [ 1.952424369551818, 50.790705467912801 ], [ 1.952390999778516, 50.79071379776655 ], [ 1.952357679985534, 50.790725497593101 ], [ 1.952319340243668, 50.790735477421727 ], [ 1.952281000511241, 50.790743807263723 ], [ 1.952247690718598, 50.790755437090837 ], [ 1.952212660949135, 50.790765486926723 ], [ 1.952181001152371, 50.79077546677108 ], [ 1.952174321188368, 50.790778776728473 ], [ 1.952169361219374, 50.7907804867029 ], [ 1.952139351409051, 50.790790466551186 ], [ 1.952101011667164, 50.790800456379699 ], [ 1.952065981878864, 50.79081380618878 ], [ 1.952031012109338, 50.790823786025314 ], [ 1.951997702325827, 50.790833825865285 ], [ 1.951961022570315, 50.790843815697698 ], [ 1.951929352764243, 50.790855445528642 ], [ 1.951896042980694, 50.790865495368536 ], [ 1.951861013202261, 50.790877125191535 ], [ 1.951824323437086, 50.790888825010036 ], [ 1.951787703681168, 50.790898804842634 ], [ 1.951752673912183, 50.790908784679004 ], [ 1.951717704142711, 50.790918764515524 ], [ 1.951682674363911, 50.790930464337947 ], [ 1.951645984608535, 50.790940454170268 ], [ 1.951611024829227, 50.790952143992925 ], [ 1.95157268508743, 50.790962133821374 ], [ 1.951537655318482, 50.790972113657688 ], [ 1.951502685529794, 50.79098546346686 ], [ 1.951467655751035, 50.790997163289205 ], [ 1.951432685991032, 50.791005493139068 ], [ 1.951397656212681, 50.791017122962018 ], [ 1.951364336419878, 50.791028822788398 ], [ 1.9513260066781, 50.79103880261691 ], [ 1.95128937691287, 50.79105044243596 ], [ 1.951252697147774, 50.791062132254538 ], [ 1.951219377364757, 50.791072122094761 ], [ 1.951184347605341, 50.791080441944537 ], [ 1.951149377835562, 50.791090491780402 ], [ 1.951114348047788, 50.791103781589804 ], [ 1.951079388277994, 50.791113821425775 ], [ 1.951044348509208, 50.791123801262039 ], [ 1.951007668744442, 50.791135441080925 ], [ 1.950972698984508, 50.791143770930709 ], [ 1.950941039187597, 50.79115381077446 ], [ 1.950907659395707, 50.791165450601149 ], [ 1.950871039639943, 50.791175430433633 ], [ 1.950834349884362, 50.791185480265383 ], [ 1.950801040101387, 50.791195460105705 ], [ 1.950767660318991, 50.791205439945848 ], [ 1.950734350526212, 50.791217139772186 ], [ 1.950701030743336, 50.791227119612458 ], [ 1.950662691001754, 50.791237099440842 ], [ 1.950631031204836, 50.791247149284466 ], [ 1.950597721431304, 50.791255479138115 ], [ 1.950562681691282, 50.791260429015168 ] ] ] } },
{ "type": "Feature", "properties": { "fid": 30, "ID_RUISSOL": "10472", "ID_ENTITE": "148", "TYPEOUVRAG": "Fascine", "NUMEROINTE": null, "COMMUNEINS": "62506", "COMMUNE": "LICQUES", "MAITREOUVR": "SYMVAHEM", "PAMONTPROP": null, "PAMONTAGRI": null, "PAVALPROPR": null, "PAVALAGRIC": null, "DATEREALIS": "2019-02-01", "LONGUEUR": "15", "LARGEUR": "1", "HAUTEUR": "0", "SURFACE": "0", "VOLUME": "0", "HAIE1": "0", "HAIE2": "0", "HAIE3": "0", "MATERIAUX": "Pieux et fagots de saules", "OBSERVATIO": null, "ENTRETIEN": "MO", "PAMONT_REF": null, "PAVAL_REFE": null, "PAMONT_CON": "0", "PAVAL_CONV": "0", "PAMONT__01": "0", "PAVAL_C_01": "0", "PAMONT_DAT": null, "PAVAL_DATE": null, "ID_SAGE": 5, "ID_PARC": 3, "ID_PAYS": 9, "ID_MDAD": 9, "BV": "{Licques1}" }, "geometry": { "type": "MultiLineString", "coordinates": [ [ [ 1.952192691056262, 50.790775466798671 ], [ 1.952189321083971, 50.79077546679072 ], [ 1.952194351099671, 50.790765486883494 ], [ 1.952222700924053, 50.790755437031898 ], [ 1.952251000757882, 50.790743807192953 ], [ 1.952282660545225, 50.790735477335183 ], [ 1.952312670365407, 50.79072377750083 ], [ 1.952341020189405, 50.790713797648664 ], [ 1.952359330067583, 50.79070877773254 ] ] ] } },
{ "type": "Feature", "properties": { "fid": 31, "ID_RUISSOL": "10473", "ID_ENTITE": "148", "TYPEOUVRAG": "Haie", "NUMEROINTE": null, "COMMUNEINS": "62506", "COMMUNE": "LICQUES", "MAITREOUVR": "SYMVAHEM", "PAMONTPROP": null, "PAMONTAGRI": null, "PAVALPROPR": null, "PAVALAGRIC": null, "DATEREALIS": "2019-02-01", "LONGUEUR": "200", "LARGEUR": "1", "HAUTEUR": "0", "SURFACE": "0", "VOLUME": "0", "HAIE1": "200", "HAIE2": "0", "HAIE3": "0", "MATERIAUX": "Espèces arbustives locales", "OBSERVATIO": null, "ENTRETIEN": "MO", "PAMONT_REF": null, "PAVAL_REFE": null, "PAMONT_CON": "0", "PAVAL_CONV": "0", "PAMONT__01": "0", "PAVAL_C_01": "0", "PAMONT_DAT": null, "PAVAL_DATE": null, "ID_SAGE": 5, "ID_PARC": 3, "ID_PAYS": 9, "ID_MDAD": 9, "BV": "{Surques}" }, "geometry": { "type": "MultiLineString", "coordinates": [ [ [ 1.96006260647072, 50.790753805553479 ], [ 1.962731895585737, 50.790421329501029 ], [ 1.960062606480261, 50.790752155566757 ] ] ] } },
{ "type": "Feature", "properties": { "fid": 32, "ID_RUISSOL": "10474", "ID_ENTITE": "148", "TYPEOUVRAG": "Haie", "NUMEROINTE": null, "COMMUNEINS": "62506", "COMMUNE": "LICQUES", "MAITREOUVR": "SYMVAHEM", "PAMONTPROP": null, "PAMONTAGRI": null, "PAVALPROPR": null, "PAVALAGRIC": null, "DATEREALIS": "2019-02-01", "LONGUEUR": "202", "LARGEUR": "1", "HAUTEUR": "0", "SURFACE": "0", "VOLUME": "0", "HAIE1": "202", "HAIE2": "0", "HAIE3": "0", "MATERIAUX": "Espèces arbustives locales", "OBSERVATIO": null, "ENTRETIEN": "MO", "PAMONT_REF": null, "PAVAL_REFE": null, "PAMONT_CON": "0", "PAVAL_CONV": "0", "PAMONT__01": "0", "PAVAL_C_01": "0", "PAMONT_DAT": null, "PAVAL_DATE": null, "ID_SAGE": 5, "ID_PARC": 3, "ID_PAYS": 9, "ID_MDAD": 9, "BV": "{Surques}" }, "geometry": { "type": "MultiLineString", "coordinates": [ [ [ 1.963287176149754, 50.791265526225935 ], [ 1.96049429789712, 50.791622149577762 ] ] ] } },
{ "type": "Feature", "properties": { "fid": 33, "ID_RUISSOL": "10475", "ID_ENTITE": "148", "TYPEOUVRAG": "Haie", "NUMEROINTE": null, "COMMUNEINS": "62506", "COMMUNE": "LICQUES", "MAITREOUVR": "SYMVAHEM", "PAMONTPROP": null, "PAMONTAGRI": null, "PAVALPROPR": null, "PAVALAGRIC": null, "DATEREALIS": "2019-02-01", "LONGUEUR": "202", "LARGEUR": "1", "HAUTEUR": "0", "SURFACE": "0", "VOLUME": "0", "HAIE1": "202", "HAIE2": "0", "HAIE3": "0", "MATERIAUX": "Espèces arbustives locales", "OBSERVATIO": null, "ENTRETIEN": "MO", "PAMONT_REF": null, "PAVAL_REFE": null, "PAMONT_CON": "0", "PAVAL_CONV": "0", "PAMONT__01": "0", "PAVAL_C_01": "0", "PAMONT_DAT": null, "PAVAL_DATE": null, "ID_SAGE": 5, "ID_PARC": 3, "ID_PAYS": 9, "ID_MDAD": 9, "BV": "{Surques}" }, "geometry": { "type": "MultiLineString", "coordinates": [ [ [ 1.961152575550658, 50.792818811497774 ], [ 1.961164265463879, 50.792817161538856 ], [ 1.961195935241574, 50.792810481667892 ], [ 1.961230895001717, 50.792802151818073 ], [ 1.961269234733953, 50.792793831976219 ], [ 1.961305924479848, 50.792785502130457 ], [ 1.961342604216278, 50.792778822271437 ], [ 1.961380943948583, 50.792770492429604 ], [ 1.96141756369507, 50.792762162583699 ], [ 1.961457613413298, 50.792753832745909 ], [ 1.961494243150096, 50.792747162886656 ], [ 1.961532572882506, 50.792738833044801 ], [ 1.961569262628435, 50.792730503199046 ], [ 1.96160760236112, 50.792722113357712 ], [ 1.961645932093545, 50.792713783515836 ], [ 1.961684271816334, 50.792707103660703 ], [ 1.961720891562799, 50.792698783814693 ], [ 1.961757581298843, 50.792692163955152 ], [ 1.961794261035264, 50.792685494095963 ], [ 1.961829230785836, 50.792678814232843 ], [ 1.961865910531883, 50.792670484387024 ], [ 1.961902600268233, 50.792663814527884 ], [ 1.961940940000609, 50.792655484686051 ], [ 1.961977559737603, 50.792648804826769 ], [ 1.962014239474046, 50.7926421349676 ], [ 1.962047559238236, 50.792635455100488 ], [ 1.962082588997904, 50.792627125250753 ], [ 1.962120928730305, 50.79261879540887 ], [ 1.962159258453169, 50.792612125553575 ], [ 1.962195948199176, 50.79260379570777 ], [ 1.962232567945761, 50.792595465861794 ], [ 1.962270907678184, 50.792587136019911 ], [ 1.96230924741061, 50.792578806178007 ], [ 1.96234592714709, 50.792572136318746 ], [ 1.962382606883634, 50.792565456459648 ], [ 1.962419236630159, 50.792557126613673 ], [ 1.96245591636665, 50.792550456754419 ], [ 1.962490886117294, 50.792543776891272 ], [ 1.962524265880633, 50.792537167023731 ], [ 1.962562595613171, 50.792528837181763 ], [ 1.962599225340521, 50.792523817309124 ], [ 1.962635905086663, 50.792515487463234 ], [ 1.962672594832725, 50.792507157617386 ], [ 1.962707554583416, 50.792500487754083 ], [ 1.962740934347184, 50.792493807887062 ], [ 1.962777554084262, 50.792487128027759 ], [ 1.96281424382071, 50.792480458168527 ], [ 1.962844253621826, 50.792472128306791 ], [ 1.962879213362609, 50.792467168429681 ], [ 1.962912593135972, 50.792458838575953 ], [ 1.962947562886602, 50.79245216871265 ], [ 1.962982592636803, 50.792445488849538 ], [ 1.96302093235974, 50.792438808994298 ], [ 1.963055902119961, 50.792430489144245 ], [ 1.96309093187975, 50.792422159294411 ], [ 1.963124251644053, 50.792415479427241 ], [ 1.963162581367032, 50.792408809571889 ], [ 1.96319927110358, 50.79240212971267 ], [ 1.963235890840706, 50.792395449853373 ], [ 1.963269270614053, 50.792387129999483 ], [ 1.963304240374363, 50.792378800149493 ], [ 1.963335900142372, 50.792373840264553 ], [ 1.963369209916363, 50.792365510410598 ], [ 1.963404239666609, 50.792358830547428 ], [ 1.963440929403125, 50.792352160688175 ], [ 1.963475899153875, 50.792345480824892 ], [ 1.963512578900124, 50.792337150978945 ], [ 1.963547548660464, 50.792328821128933 ], [ 1.963580928433845, 50.792320501275043 ], [ 1.963615898184609, 50.792313821411732 ], [ 1.963649267948555, 50.79230714154464 ], [ 1.963680937726447, 50.7923004716734 ], [ 1.963714247500481, 50.792292141819466 ], [ 1.963745907268876, 50.79228712193494 ], [ 1.963777577046489, 50.792280502063328 ], [ 1.96381260680631, 50.792272182213367 ], [ 1.963842546588938, 50.792267152324833 ], [ 1.963869256388524, 50.79226378241529 ], [ 1.963872556370933, 50.79226213243642 ] ] ] } },
{ "type": "Feature", "properties": { "fid": 34, "ID_RUISSOL": "10476", "ID_ENTITE": "148", "TYPEOUVRAG": "Haie", "NUMEROINTE": null, "COMMUNEINS": "62506", "COMMUNE": "LICQUES", "MAITREOUVR": "SYMVAHEM", "PAMONTPROP": null, "PAMONTAGRI": null, "PAVALPROPR": null, "PAVALAGRIC": null, "DATEREALIS": "2019-02-01", "LONGUEUR": "133", "LARGEUR": "1", "HAUTEUR": "0", "SURFACE": "0", "VOLUME": "0", "HAIE1": "0", "HAIE2": "133", "HAIE3": "0", "MATERIAUX": "Espèces arbustives locales", "OBSERVATIO": null, "ENTRETIEN": "MO", "PAMONT_REF": null, "PAVAL_REFE": null, "PAMONT_CON": "0", "PAVAL_CONV": "0", "PAMONT__01": "0", "PAVAL_C_01": "0", "PAMONT_DAT": null, "PAVAL_DATE": null, "ID_SAGE": 5, "ID_PARC": 3, "ID_PAYS": 9, "ID_MDAD": 9, "BV": "{Surques}" }, "geometry": { "type": "MultiLineString", "coordinates": [ [ [ 1.964407559443753, 50.792695480224531 ], [ 1.964412589363452, 50.792702160182792 ], [ 1.964407559259616, 50.792727139970133 ], [ 1.964399229192512, 50.792750479762816 ], [ 1.9643942090886, 50.792775459550121 ], [ 1.964387539007884, 50.792798789346811 ], [ 1.964377548944529, 50.792823839121809 ], [ 1.964367568881443, 50.792848828897263 ], [ 1.964357588837612, 50.792870508699323 ], [ 1.964344238811966, 50.792893838480111 ], [ 1.964329228790352, 50.792918828243579 ], [ 1.964312578791918, 50.792942158016523 ], [ 1.964294198817344, 50.792963837798588 ], [ 1.964270868903175, 50.792982147595964 ], [ 1.964237549090544, 50.792997157396059 ], [ 1.964202589301089, 50.793010507205636 ], [ 1.964167549522245, 50.793022147028744 ], [ 1.964134239728857, 50.793033836855571 ], [ 1.964100919916663, 50.793048776656228 ], [ 1.96406589013741, 50.793060476478857 ], [ 1.964030930347993, 50.793073826288413 ], [ 1.963995890559592, 50.793087116098206 ], [ 1.963959210793959, 50.793098815916899 ], [ 1.963922591028188, 50.793110455736198 ], [ 1.963887561249025, 50.79312214555889 ], [ 1.963855891432464, 50.793135505376135 ], [ 1.963820931633504, 50.793150505172378 ], [ 1.963785891864382, 50.793160485008769 ], [ 1.963752582090589, 50.79316881486254 ], [ 1.963725882233139, 50.793182164691672 ], [ 1.963692562440209, 50.793193804518808 ], [ 1.963662552629639, 50.793203784367144 ], [ 1.963627582869551, 50.793212114216935 ], [ 1.963599233016145, 50.793227114028873 ], [ 1.963565913242464, 50.793235443882637 ], [ 1.963532543468853, 50.793243833735715 ], [ 1.963500873652767, 50.793257123553474 ], [ 1.963465903863552, 50.793270473362917 ], [ 1.963432594070584, 50.793282113189996 ], [ 1.963400934263674, 50.793293813020526 ], [ 1.963369204476974, 50.793302132878125 ], [ 1.963339264665819, 50.793312122726512 ], [ 1.963304234886771, 50.793323812549097 ], [ 1.9632692651171, 50.793333802385511 ], [ 1.963240905292992, 50.793343782237741 ], [ 1.963209245505681, 50.793352112095384 ], [ 1.96317421574581, 50.79336050194452 ], [ 1.963140895962615, 50.793370481784898 ], [ 1.963110886122934, 50.793385491592709 ], [ 1.963082596269139, 50.793400491404689 ], [ 1.963064226343473, 50.793413781254038 ] ] ] } },
{ "type": "Feature", "properties": { "fid": 35, "ID_RUISSOL": "10477", "ID_ENTITE": "148", "TYPEOUVRAG": "Haie", "NUMEROINTE": null, "COMMUNEINS": "62506", "COMMUNE": "LICQUES", "MAITREOUVR": "SYMVAHEM", "PAMONTPROP": null, "PAMONTAGRI": null, "PAVALPROPR": null, "PAVALAGRIC": null, "DATEREALIS": "2019-02-01", "LONGUEUR": "182", "LARGEUR": "1", "HAUTEUR": "0", "SURFACE": "0", "VOLUME": "0", "HAIE1": "182", "HAIE2": "0", "HAIE3": "0", "MATERIAUX": "Pieux et fagots de saules", "OBSERVATIO": null, "ENTRETIEN": "MO", "PAMONT_REF": null, "PAVAL_REFE": null, "PAMONT_CON": "0", "PAVAL_CONV": "0", "PAMONT__01": "0", "PAVAL_C_01": "0", "PAMONT_DAT": null, "PAVAL_DATE": null, "ID_SAGE": 5, "ID_PARC": 3, "ID_PAYS": 9, "ID_MDAD": 9, "BV": "{Surques}" }, "geometry": { "type": "MultiLineString", "coordinates": [ [ [ 1.962162411259677, 50.789572472442025 ], [ 1.959729273922359, 50.789938801333975 ], [ 1.959720943932773, 50.789948841233411 ], [ 1.959719293927195, 50.789952151202883 ], [ 1.959719293888587, 50.789958831149036 ] ] ] } },
{ "type": "Feature", "properties": { "fid": 36, "ID_RUISSOL": "10478", "ID_ENTITE": "148", "TYPEOUVRAG": "Haie", "NUMEROINTE": null, "COMMUNEINS": "62228", "COMMUNE": "CLERQUES", "MAITREOUVR": "SYMVAHEM", "PAMONTPROP": null, "PAMONTAGRI": null, "PAVALPROPR": null, "PAVALAGRIC": null, "DATEREALIS": "2019-02-01", "LONGUEUR": "150", "LARGEUR": "1", "HAUTEUR": "0", "SURFACE": "0", "VOLUME": "0", "HAIE1": "150", "HAIE2": "0", "HAIE3": "0", "MATERIAUX": "Espèces arbustives locales", "OBSERVATIO": null, "ENTRETIEN": "MO", "PAMONT_REF": null, "PAVAL_REFE": null, "PAMONT_CON": "0", "PAVAL_CONV": "0", "PAMONT__01": "0", "PAVAL_C_01": "0", "PAMONT_DAT": null, "PAVAL_DATE": null, "ID_SAGE": 5, "ID_PARC": 3, "ID_PAYS": 9, "ID_MDAD": 9, "BV": "{Surques}" }, "geometry": { "type": "MultiLineString", "coordinates": [ [ [ 1.966660915004478, 50.786848872423683 ], [ 1.96664089516849, 50.786848872376837 ], [ 1.966600905476783, 50.786852182256787 ], [ 1.96655925580802, 50.786853892145658 ], [ 1.966519266135641, 50.786853892052115 ], [ 1.966480926430418, 50.786857201936002 ], [ 1.966439226772048, 50.78685720183843 ], [ 1.966397577103637, 50.786858851727779 ], [ 1.966355937425103, 50.786862221603393 ], [ 1.966315947752726, 50.786862221509828 ], [ 1.966274238075119, 50.786865531385821 ], [ 1.966232598406627, 50.786867181275177 ], [ 1.966190888738711, 50.786868831164384 ], [ 1.966149249069815, 50.786870551053219 ], [ 1.96610759940141, 50.786872200942575 ], [ 1.966064239746955, 50.78687386082786 ], [ 1.966022600068432, 50.786877230703475 ], [ 1.965979240414039, 50.786878880588844 ], [ 1.965937590745636, 50.786880530478186 ], [ 1.96589423110087, 50.786880530376777 ], [ 1.965850941455529, 50.786880530275518 ], [ 1.965809231777935, 50.786883840151425 ], [ 1.965767592109046, 50.786885560040247 ], [ 1.965725942450272, 50.786885559942796 ], [ 1.965685952768271, 50.786887209836095 ], [ 1.965644243090743, 50.786890509712123 ], [ 1.965602603422205, 50.786892169601373 ], [ 1.965560893763924, 50.786892169503808 ], [ 1.965520904081576, 50.786893879396594 ], [ 1.96547926441304, 50.786895539285894 ], [ 1.965435904758656, 50.786897189171249 ], [ 1.965392605103778, 50.786898839056711 ], [ 1.965350895464733, 50.786895538985625 ], [ 1.965307605819395, 50.786895538884352 ], [ 1.965267616137399, 50.786897188777608 ], [ 1.965225906479113, 50.786897188680022 ], [ 1.965184266810639, 50.786898838569414 ], [ 1.965140897165953, 50.78689883846797 ], [ 1.965099257516711, 50.786897188383826 ], [ 1.965057617857849, 50.786897188286389 ], [ 1.965017628195085, 50.786895538206103 ], [ 1.964975918536796, 50.78689553810856 ], [ 1.964934278877936, 50.786895538011152 ], [ 1.964894279205635, 50.786895537917587 ], [ 1.964852579556934, 50.786893877833371 ], [ 1.964812589894512, 50.786892167753571 ], [ 1.96477260022213, 50.78689216766 ], [ 1.964734260536231, 50.786892167570343 ], [ 1.964692610887115, 50.786890507486262 ], [ 1.96465262122434, 50.78688885740597 ], [ 1.964614291538354, 50.78688885731632 ], [ 1.964577601829328, 50.786890507217279 ], [ 1.964549252071189, 50.786888857164207 ] ] ] } },
{ "type": "Feature", "properties": { "fid": 37, "ID_RUISSOL": "10479", "ID_ENTITE": "148", "TYPEOUVRAG": "Bande enherbée", "NUMEROINTE": null, "COMMUNEINS": "62228", "COMMUNE": "CLERQUES", "MAITREOUVR": "SYMVAHEM", "PAMONTPROP": null, "PAMONTAGRI": null, "PAVALPROPR": null, "PAVALAGRIC": null, "DATEREALIS": "2019-02-01", "LONGUEUR": "150", "LARGEUR": "3", "HAUTEUR": "0", "SURFACE": "450", "VOLUME": "0", "HAIE1": "0", "HAIE2": "0", "HAIE3": "0", "MATERIAUX": "Mélange prairial", "OBSERVATIO": null, "ENTRETIEN": "MO", "PAMONT_REF": null, "PAVAL_REFE": null, "PAMONT_CON": "0", "PAVAL_CONV": "0", "PAMONT__01": "0", "PAVAL_C_01": "0", "PAMONT_DAT": null, "PAVAL_DATE": null, "ID_SAGE": 5, "ID_PARC": 3, "ID_PAYS": 9, "ID_MDAD": 9, "BV": "{Surques}" }, "geometry": { "type": "MultiLineString", "coordinates": [ [ [ 1.964559292066673, 50.786875507294688 ], [ 1.964560942053156, 50.786875507298589 ], [ 1.964584281861947, 50.786875507353137 ], [ 1.96462427152432, 50.786877227432889 ], [ 1.964669281136366, 50.786880527511705 ], [ 1.964712580771968, 50.786882187599659 ], [ 1.964752570434744, 50.786883837679966 ], [ 1.964795930079521, 50.786883837781346 ], [ 1.964835919732274, 50.786887207847876 ], [ 1.964877629380956, 50.78688885793219 ], [ 1.964917619053337, 50.786888858025748 ], [ 1.964955958739236, 50.786888858115411 ], [ 1.964999248394198, 50.786887208229885 ], [ 1.96504426802537, 50.786887208335187 ], [ 1.965089277666241, 50.78688555845364 ], [ 1.965132577301889, 50.786887208541735 ], [ 1.965175936946662, 50.786887208643158 ], [ 1.96521757661514, 50.786885558753724 ], [ 1.965259286273429, 50.786885558851282 ], [ 1.965304235915198, 50.786883838970226 ], [ 1.965347595569591, 50.786882189084842 ], [ 1.965390955214362, 50.786882189186251 ], [ 1.965432594882901, 50.786880529296937 ], [ 1.965477614523694, 50.786878879415475 ], [ 1.965520904169036, 50.78687887951677 ], [ 1.965562613836947, 50.786877229627528 ], [ 1.965604253505838, 50.786875509738678 ], [ 1.965645903183922, 50.786872199862636 ], [ 1.965687602842295, 50.786872199960179 ], [ 1.965732622473466, 50.786872200065488 ], [ 1.965774262141951, 50.786870550176104 ], [ 1.965814251824366, 50.78686883028341 ], [ 1.965855901492771, 50.786867180394026 ], [ 1.965897601160771, 50.78686553050477 ], [ 1.965939250829176, 50.786863880615428 ], [ 1.96598089048804, 50.786863880712843 ], [ 1.966022600146327, 50.786863880810401 ], [ 1.966062589828394, 50.786862220917214 ], [ 1.966104229487258, 50.786862221014594 ], [ 1.966145939145547, 50.786862221112202 ], [ 1.966187578794719, 50.786863881196275 ], [ 1.966225918480617, 50.786863881285974 ], [ 1.966267568149082, 50.786862221396689 ], [ 1.966307557821462, 50.786862221490232 ], [ 1.966347607493346, 50.786862221583931 ], [ 1.966387597175708, 50.786860511691138 ], [ 1.966429246834485, 50.786860511788561 ], [ 1.966472606479254, 50.786860511890012 ], [ 1.966512596151631, 50.786860511983512 ], [ 1.966550925837606, 50.786860512073197 ], [ 1.966590915509984, 50.786860512166733 ], [ 1.966629255215207, 50.786857202282924 ], [ 1.966669244887583, 50.786857202376488 ] ] ] } },
{ "type": "Feature", "properties": { "fid": 38, "ID_RUISSOL": "10480", "ID_ENTITE": "148", "TYPEOUVRAG": "Fascine", "NUMEROINTE": null, "COMMUNEINS": "62506", "COMMUNE": "LICQUES", "MAITREOUVR": "SYMVAHEM", "PAMONTPROP": null, "PAMONTAGRI": null, "PAVALPROPR": null, "PAVALAGRIC": null, "DATEREALIS": "2019-02-01", "LONGUEUR": "15", "LARGEUR": "1", "HAUTEUR": "0", "SURFACE": "0", "VOLUME": "0", "HAIE1": "0", "HAIE2": "0", "HAIE3": "0", "MATERIAUX": "Pieux et fagots de saules", "OBSERVATIO": null, "ENTRETIEN": "MO", "PAMONT_REF": null, "PAVAL_REFE": null, "PAMONT_CON": "0", "PAVAL_CONV": "0", "PAMONT__01": "0", "PAVAL_C_01": "0", "PAMONT_DAT": null, "PAVAL_DATE": null, "ID_SAGE": 5, "ID_PARC": 3, "ID_PAYS": 9, "ID_MDAD": 9, "BV": "{Licques1}" }, "geometry": { "type": "MultiLineString", "coordinates": [ [ [ 1.951027703126575, 50.790338807593912 ], [ 1.951034373071761, 50.790338807609629 ], [ 1.951057702937011, 50.790328827745604 ], [ 1.951096042698155, 50.790315477944262 ], [ 1.951132662454201, 50.790305498111522 ], [ 1.951166042256122, 50.790292148298512 ], [ 1.951201012035561, 50.790280448475819 ] ] ] } },
{ "type": "Feature", "properties": { "fid": 39, "ID_RUISSOL": "10481", "ID_ENTITE": "148", "TYPEOUVRAG": "Fossé à redents", "NUMEROINTE": null, "COMMUNEINS": "62506", "COMMUNE": "LICQUES", "MAITREOUVR": "SYMVAHEM", "PAMONTPROP": null, "PAMONTAGRI": null, "PAVALPROPR": null, "PAVALAGRIC": null, "DATEREALIS": "2019-02-01", "LONGUEUR": "500", "LARGEUR": "5", "HAUTEUR": "0", "SURFACE": "0", "VOLUME": "0", "HAIE1": "0", "HAIE2": "0", "HAIE3": "0", "MATERIAUX": "Enrochements", "OBSERVATIO": null, "ENTRETIEN": "MO", "PAMONT_REF": null, "PAVAL_REFE": null, "PAMONT_CON": "0", "PAVAL_CONV": "0", "PAMONT__01": "0", "PAVAL_C_01": "0", "PAMONT_DAT": null, "PAVAL_DATE": null, "ID_SAGE": 5, "ID_PARC": 3, "ID_PAYS": 9, "ID_MDAD": 9, "BV": "{Surques}" }, "geometry": { "type": "MultiLineString", "coordinates": [ [ [ 1.942699460784794, 50.778075527950087 ], [ 1.942701180751794, 50.778078897926562 ], [ 1.942706140692841, 50.778082207910927 ], [ 1.942726160530384, 50.778082207956444 ], [ 1.94279781995827, 50.778080548132884 ], [ 1.942909519070855, 50.77807718841418 ], [ 1.943037828048374, 50.778073878732826 ], [ 1.943167837002719, 50.778072229041854 ], [ 1.943292836016831, 50.77806719936698 ], [ 1.943411155075371, 50.778063899662854 ], [ 1.943517834209698, 50.778063899905426 ], [ 1.943616123421497, 50.778062240142418 ], [ 1.943722812650361, 50.778045520520919 ], [ 1.943824472032703, 50.77800890104966 ], [ 1.943916151534235, 50.777965541610442 ], [ 1.944006181077303, 50.777917222207755 ], [ 1.944097790617308, 50.777867192822448 ], [ 1.944192840129197, 50.777817213444528 ], [ 1.944287829660682, 50.777763874093644 ], [ 1.944382809192333, 50.777710534742752 ], [ 1.944469468772462, 50.777660565345457 ], [ 1.94453781844463, 50.777620575825473 ], [ 1.944606158098223, 50.777583886278613 ], [ 1.944686147713933, 50.777537216839256 ], [ 1.944776167276755, 50.777485537463271 ], [ 1.9448695068218, 50.777432258107773 ], [ 1.944961116371945, 50.777380568735339 ], [ 1.945064495854852, 50.777323919429847 ], [ 1.945169465334719, 50.777265550141813 ], [ 1.945267814839829, 50.77721221079787 ], [ 1.945364454358888, 50.777158871449942 ], [ 1.945462813873453, 50.777103882119256 ], [ 1.945564473361414, 50.777048882796066 ], [ 1.945666132858832, 50.776992233486169 ], [ 1.945766142360296, 50.776937244159008 ], [ 1.945859471916053, 50.776882244816662 ], [ 1.94595611142627, 50.776830555454936 ], [ 1.946059490862805, 50.776782236081104 ], [ 1.946156130401363, 50.776725586759454 ], [ 1.94623281014943, 50.776660547460523 ], [ 1.946301149964764, 50.77659557814205 ], [ 1.9463644798306, 50.776528878826198 ], [ 1.946426149700128, 50.77646390949252 ], [ 1.946481139586331, 50.776405540090089 ], [ 1.946536139462732, 50.776348890673773 ], [ 1.946576129366081, 50.776308901088377 ], [ 1.946582799359397, 50.776300571170985 ], [ 1.946579499376695, 50.776302231150062 ], [ 1.946577779381247, 50.77630388113279 ], [ 1.946577779352714, 50.776308901092108 ], [ 1.946589479267312, 50.776307251131954 ], [ 1.946611159186389, 50.776290591316062 ], [ 1.946632779134499, 50.776268911540669 ], [ 1.946657829054829, 50.77624723177307 ], [ 1.946679439012418, 50.776223902010983 ], [ 1.946702778946618, 50.776202222239519 ], [ 1.946721148911362, 50.776182252442872 ], [ 1.946741108863518, 50.776162232650243 ], [ 1.946761138833993, 50.776138892884674 ], [ 1.946781168804417, 50.776115563119056 ], [ 1.94680112874687, 50.776097253312521 ], [ 1.946821158707928, 50.776075573533497 ], [ 1.946841118660175, 50.776055543740938 ], [ 1.946862798588719, 50.776037233938332 ], [ 1.946881108563728, 50.776015554155393 ], [ 1.946899488528395, 50.775995594358641 ], [ 1.946919448452121, 50.775980584525357 ], [ 1.946926128426574, 50.77597556458111 ], [ 1.94692612841719, 50.775977214567789 ], [ 1.946924468430632, 50.775977214564008 ], [ 1.94692446842085, 50.775978934550068 ], [ 1.946927778422598, 50.775973914598239 ], [ 1.946947808374315, 50.775953884805801 ], [ 1.946969488321721, 50.775932265029937 ], [ 1.946987798296767, 50.775910585246962 ], [ 1.94700947824453, 50.775888905471589 ], [ 1.947032808188327, 50.775865575713304 ], [ 1.947056138122747, 50.775843895941676 ], [ 1.947077818070535, 50.77582221616629 ], [ 1.947097788041566, 50.775798886400381 ], [ 1.947117808002468, 50.775777266620757 ], [ 1.947139497959588, 50.775753936858685 ], [ 1.947161107907976, 50.775732257083092 ], [ 1.947179487882521, 50.775710577300231 ], [ 1.947197797857642, 50.775688897517199 ], [ 1.947216167841728, 50.775665557747701 ], [ 1.947234477816861, 50.775643877964633 ], [ 1.947254437778248, 50.775622268184712 ], [ 1.947276117726116, 50.775600588409276 ], [ 1.947299457660553, 50.775578908637549 ], [ 1.947321137608436, 50.775557228862063 ], [ 1.947342817555984, 50.775535609086091 ], [ 1.947364497513275, 50.775512279323991 ], [ 1.947387827457278, 50.775488939565626 ], [ 1.947409447415072, 50.775465609803362 ], [ 1.947431127372389, 50.775442280041212 ], [ 1.947454457297576, 50.775422250256021 ], [ 1.947476137245517, 50.775400570480507 ], [ 1.947499477170242, 50.775380610694782 ], [ 1.947514477124896, 50.775367250836801 ], [ 1.947537807088086, 50.775340551105607 ], [ 1.947561147032017, 50.775317221347159 ], [ 1.947577797010972, 50.775297251546434 ], [ 1.947597826962858, 50.775277231753677 ], [ 1.947619446901602, 50.775257261964143 ], [ 1.94764112683076, 50.775238892161745 ] ] ] } },
{ "type": "Feature", "properties": { "fid": 40, "ID_RUISSOL": "10482", "ID_ENTITE": "148", "TYPEOUVRAG": "Haie", "NUMEROINTE": null, "COMMUNEINS": "62506", "COMMUNE": "LICQUES", "MAITREOUVR": "SYMVAHEM", "PAMONTPROP": null, "PAMONTAGRI": null, "PAVALPROPR": null, "PAVALAGRIC": null, "DATEREALIS": "2019-02-01", "LONGUEUR": "800", "LARGEUR": "1", "HAUTEUR": "0", "SURFACE": "0", "VOLUME": "0", "HAIE1": "800", "HAIE2": "0", "HAIE3": "0", "MATERIAUX": "Espèces arbustives locales", "OBSERVATIO": null, "ENTRETIEN": "MO", "PAMONT_REF": null, "PAVAL_REFE": null, "PAMONT_CON": "0", "PAVAL_CONV": "0", "PAMONT__01": "0", "PAVAL_C_01": "0", "PAMONT_DAT": null, "PAVAL_DATE": null, "ID_SAGE": 5, "ID_PARC": 3, "ID_PAYS": 9, "ID_MDAD": 9, "BV": "{Surques}" }, "geometry": { "type": "MultiLineString", "coordinates": [ [ [ 1.935576659650771, 50.775335101083201 ], [ 1.933205327146833, 50.772879872790547 ], [ 1.930937926417719, 50.771268140179885 ], [ 1.928198540174958, 50.769718643264909 ] ] ] } },
{ "type": "Feature", "properties": { "fid": 41, "ID_RUISSOL": "10483", "ID_ENTITE": "148", "TYPEOUVRAG": "Haie", "NUMEROINTE": null, "COMMUNEINS": "62506", "COMMUNE": "LICQUES", "MAITREOUVR": "SYMVAHEM", "PAMONTPROP": null, "PAMONTAGRI": null, "PAVALPROPR": null, "PAVALAGRIC": null, "DATEREALIS": "2019-02-01", "LONGUEUR": "122", "LARGEUR": "1", "HAUTEUR": "0", "SURFACE": "0", "VOLUME": "0", "HAIE1": "122", "HAIE2": "0", "HAIE3": "0", "MATERIAUX": "Espèces arbustives locales", "OBSERVATIO": null, "ENTRETIEN": "MO", "PAMONT_REF": null, "PAVAL_REFE": null, "PAMONT_CON": "0", "PAVAL_CONV": "0", "PAMONT__01": "0", "PAVAL_C_01": "0", "PAMONT_DAT": null, "PAVAL_DATE": null, "ID_SAGE": 5, "ID_PARC": 3, "ID_PAYS": 9, "ID_MDAD": 9, "BV": "{Herbinghem}" }, "geometry": { "type": "MultiLineString", "coordinates": [ [ [ 1.932047892254491, 50.778965526450271 ], [ 1.932049542250269, 50.778963876467593 ], [ 1.932051262227127, 50.778965526457974 ], [ 1.932056222186853, 50.778965526469236 ], [ 1.932042932341037, 50.778957206507286 ], [ 1.931986222977618, 50.778925536638106 ], [ 1.93191794372679, 50.778890506770253 ], [ 1.93184291453039, 50.778855536886539 ], [ 1.931764585361068, 50.778820506995856 ], [ 1.931682896218643, 50.778785537097093 ], [ 1.931597887103455, 50.778750507191297 ], [ 1.931511238001196, 50.778715537281307 ], [ 1.931424578899301, 50.778680507371845 ], [ 1.931341229779658, 50.778643827483464 ], [ 1.931259590645754, 50.778607207598569 ], [ 1.931174591539452, 50.778570517706576 ], [ 1.931082912496482, 50.778532177813041 ], [ 1.930989583466785, 50.778493847915691 ], [ 1.930897904432857, 50.778453858035782 ], [ 1.930807935384992, 50.778413868159824 ], [ 1.930719566333635, 50.778372158301629 ], [ 1.930656237013761, 50.778342208403778 ] ] ] } },
{ "type": "Feature", "properties": { "fid": 42, "ID_RUISSOL": "10484", "ID_ENTITE": "148", "TYPEOUVRAG": "Bande enherbée", "NUMEROINTE": null, "COMMUNEINS": "62506", "COMMUNE": "LICQUES", "MAITREOUVR": "SYMVAHEM", "PAMONTPROP": null, "PAMONTAGRI": null, "PAVALPROPR": null, "PAVALAGRIC": null, "DATEREALIS": "2019-02-01", "LONGUEUR": "450", "LARGEUR": "3", "HAUTEUR": "0", "SURFACE": "1350", "VOLUME": "0", "HAIE1": "0", "HAIE2": "0", "HAIE3": "0", "MATERIAUX": "Mélange prairial", "OBSERVATIO": null, "ENTRETIEN": "MO", "PAMONT_REF": null, "PAVAL_REFE": null, "PAMONT_CON": "0", "PAVAL_CONV": "0", "PAMONT__01": "0", "PAVAL_C_01": "0", "PAMONT_DAT": null, "PAVAL_DATE": null, "ID_SAGE": 5, "ID_PARC": 3, "ID_PAYS": 9, "ID_MDAD": 9, "BV": "{Licques1}" }, "geometry": { "type": "MultiLineString", "coordinates": [ [ [ 1.929702259799323, 50.797217220272366 ], [ 1.929945402230315, 50.79322188999722 ] ] ] } },
{ "type": "Feature", "properties": { "fid": 43, "ID_RUISSOL": "10485", "ID_ENTITE": "148", "TYPEOUVRAG": "Bande enherbée", "NUMEROINTE": null, "COMMUNEINS": "62506", "COMMUNE": "LICQUES", "MAITREOUVR": "SYMVAHEM", "PAMONTPROP": null, "PAMONTAGRI": null, "PAVALPROPR": null, "PAVALAGRIC": null, "DATEREALIS": "2019-02-01", "LONGUEUR": "420", "LARGEUR": "3", "HAUTEUR": "0", "SURFACE": "1260", "VOLUME": "0", "HAIE1": "0", "HAIE2": "0", "HAIE3": "0", "MATERIAUX": "Mélange prairial", "OBSERVATIO": null, "ENTRETIEN": "MO", "PAMONT_REF": null, "PAVAL_REFE": null, "PAMONT_CON": "0", "PAVAL_CONV": "0", "PAMONT__01": "0", "PAVAL_C_01": "0", "PAMONT_DAT": null, "PAVAL_DATE": null, "ID_SAGE": 5, "ID_PARC": 3, "ID_PAYS": 9, "ID_MDAD": 9, "BV": "{Licques1}" }, "geometry": { "type": "MultiLineString", "coordinates": [ [ [ 1.928469685366129, 50.797576604144659 ], [ 1.928706761627139, 50.793791520372935 ] ] ] } },
{ "type": "Feature", "properties": { "fid": 44, "ID_RUISSOL": "10486", "ID_ENTITE": "148", "TYPEOUVRAG": "Bande enherbée", "NUMEROINTE": null, "COMMUNEINS": "62506", "COMMUNE": "LICQUES", "MAITREOUVR": "SYMVAHEM", "PAMONTPROP": null, "PAMONTAGRI": null, "PAVALPROPR": null, "PAVALAGRIC": null, "DATEREALIS": "2019-02-01", "LONGUEUR": "220", "LARGEUR": "3", "HAUTEUR": "0", "SURFACE": "660", "VOLUME": "0", "HAIE1": "0", "HAIE2": "0", "HAIE3": "0", "MATERIAUX": "Mélange prairial", "OBSERVATIO": null, "ENTRETIEN": "MO", "PAMONT_REF": null, "PAVAL_REFE": null, "PAMONT_CON": "0", "PAVAL_CONV": "0", "PAMONT__01": "0", "PAVAL_C_01": "0", "PAMONT_DAT": null, "PAVAL_DATE": null, "ID_SAGE": 5, "ID_PARC": 3, "ID_PAYS": 9, "ID_MDAD": 9, "BV": "{Licques1}" }, "geometry": { "type": "MultiLineString", "coordinates": [ [ [ 1.926047992956105, 50.797733730287817 ], [ 1.926118876619203, 50.795885278501594 ] ] ] } },
{ "type": "Feature", "properties": { "fid": 45, "ID_RUISSOL": "10487", "ID_ENTITE": "148", "TYPEOUVRAG": "Bande enherbée", "NUMEROINTE": null, "COMMUNEINS": "62506", "COMMUNE": "LICQUES", "MAITREOUVR": "SYMVAHEM", "PAMONTPROP": null, "PAMONTAGRI": null, "PAVALPROPR": null, "PAVALAGRIC": null, "DATEREALIS": "2019-02-01", "LONGUEUR": "430", "LARGEUR": "3", "HAUTEUR": "0", "SURFACE": "1290", "VOLUME": "0", "HAIE1": "0", "HAIE2": "0", "HAIE3": "0", "MATERIAUX": "Mélange prairial", "OBSERVATIO": null, "ENTRETIEN": "MO", "PAMONT_REF": null, "PAVAL_REFE": null, "PAMONT_CON": "0", "PAVAL_CONV": "0", "PAMONT__01": "0", "PAVAL_C_01": "0", "PAMONT_DAT": null, "PAVAL_DATE": null, "ID_SAGE": 5, "ID_PARC": 3, "ID_PAYS": 9, "ID_MDAD": 9, "BV": "{Licques1}" }, "geometry": { "type": "MultiLineString", "coordinates": [ [ [ 1.924807004958284, 50.797762575415689 ], [ 1.924609738612507, 50.793874866754138 ] ] ] } },
{ "type": "Feature", "properties": { "fid": 46, "ID_RUISSOL": "10488", "ID_ENTITE": "148", "TYPEOUVRAG": "Bande enherbée", "NUMEROINTE": null, "COMMUNEINS": "62506", "COMMUNE": "LICQUES", "MAITREOUVR": "SYMVAHEM", "PAMONTPROP": null, "PAMONTAGRI": null, "PAVALPROPR": null, "PAVALAGRIC": null, "DATEREALIS": "2019-02-01", "LONGUEUR": "500", "LARGEUR": "3", "HAUTEUR": "0", "SURFACE": "1500", "VOLUME": "0", "HAIE1": "0", "HAIE2": "0", "HAIE3": "0", "MATERIAUX": "Mélange prairial", "OBSERVATIO": null, "ENTRETIEN": "MO", "PAMONT_REF": null, "PAVAL_REFE": null, "PAMONT_CON": "0", "PAVAL_CONV": "0", "PAMONT__01": "0", "PAVAL_C_01": "0", "PAMONT_DAT": null, "PAVAL_DATE": null, "ID_SAGE": 5, "ID_PARC": 3, "ID_PAYS": 9, "ID_MDAD": 9, "BV": "{Licques1}" }, "geometry": { "type": "MultiLineString", "coordinates": [ [ [ 1.921423718619567, 50.798376044078964 ], [ 1.922020042699958, 50.793872253887699 ] ] ] } },
{ "type": "Feature", "properties": { "fid": 47, "ID_RUISSOL": "10489", "ID_ENTITE": "148", "TYPEOUVRAG": "Bande enherbée", "NUMEROINTE": null, "COMMUNEINS": "62506", "COMMUNE": "LICQUES", "MAITREOUVR": "SYMVAHEM", "PAMONTPROP": null, "PAMONTAGRI": null, "PAVALPROPR": null, "PAVALAGRIC": null, "DATEREALIS": "2019-02-01", "LONGUEUR": "190", "LARGEUR": "5", "HAUTEUR": "0", "SURFACE": "950", "VOLUME": "0", "HAIE1": "0", "HAIE2": "0", "HAIE3": "0", "MATERIAUX": "Mélange prairial", "OBSERVATIO": null, "ENTRETIEN": "MO", "PAMONT_REF": null, "PAVAL_REFE": null, "PAMONT_CON": "0", "PAVAL_CONV": "0", "PAMONT__01": "0", "PAVAL_C_01": "0", "PAMONT_DAT": null, "PAVAL_DATE": null, "ID_SAGE": 5, "ID_PARC": 3, "ID_PAYS": 9, "ID_MDAD": 9, "BV": "{Surques}" }, "geometry": { "type": "MultiLineString", "coordinates": [ [ [ 1.960025814496989, 50.790752741880858 ], [ 1.962732083723127, 50.790412254599723 ] ] ] } },
{ "type": "Feature", "properties": { "fid": 48, "ID_RUISSOL": "10490", "ID_ENTITE": "148", "TYPEOUVRAG": "Bande enherbée", "NUMEROINTE": null, "COMMUNEINS": "62506", "COMMUNE": "LICQUES", "MAITREOUVR": "SYMVAHEM", "PAMONTPROP": null, "PAMONTAGRI": null, "PAVALPROPR": null, "PAVALAGRIC": null, "DATEREALIS": "2019-02-01", "LONGUEUR": "200", "LARGEUR": "5", "HAUTEUR": "0", "SURFACE": "1000", "VOLUME": "0", "HAIE1": "0", "HAIE2": "0", "HAIE3": "0", "MATERIAUX": "Mélange prairial", "OBSERVATIO": null, "ENTRETIEN": "MO", "PAMONT_REF": null, "PAVAL_REFE": null, "PAMONT_CON": "0", "PAVAL_CONV": "0", "PAMONT__01": "0", "PAVAL_C_01": "0", "PAMONT_DAT": null, "PAVAL_DATE": null, "ID_SAGE": 5, "ID_PARC": 3, "ID_PAYS": 9, "ID_MDAD": 9, "BV": "{Surques}" }, "geometry": { "type": "MultiLineString", "coordinates": [ [ [ 1.960515871633689, 50.791632711980405 ], [ 1.963301493240326, 50.791265645414732 ] ] ] } },
{ "type": "Feature", "properties": { "fid": 49, "ID_RUISSOL": "10491", "ID_ENTITE": "148", "TYPEOUVRAG": "Haie", "NUMEROINTE": null, "COMMUNEINS": "62228", "COMMUNE": "CLERQUES", "MAITREOUVR": "SYMVAHEM", "PAMONTPROP": null, "PAMONTAGRI": null, "PAVALPROPR": null, "PAVALAGRIC": null, "DATEREALIS": "2019-02-01", "LONGUEUR": "225", "LARGEUR": "1", "HAUTEUR": "0", "SURFACE": "0", "VOLUME": "0", "HAIE1": "225", "HAIE2": "0", "HAIE3": "0", "MATERIAUX": "Espèces arbustives locales", "OBSERVATIO": null, "ENTRETIEN": "MO", "PAMONT_REF": null, "PAVAL_REFE": null, "PAMONT_CON": "0", "PAVAL_CONV": "0", "PAMONT__01": "0", "PAVAL_C_01": "0", "PAMONT_DAT": null, "PAVAL_DATE": null, "ID_SAGE": 5, "ID_PARC": 3, "ID_PAYS": 9, "ID_MDAD": 9, "BV": "{Surques}" }, "geometry": { "type": "MultiLineString", "coordinates": [ [ [ 1.968988368543578, 50.789257039636446 ], [ 1.965921975783062, 50.78901377792895 ] ] ] } },
{ "type": "Feature", "properties": { "fid": 50, "ID_RUISSOL": "10492", "ID_ENTITE": "148", "TYPEOUVRAG": "Bande enherbée", "NUMEROINTE": null, "COMMUNEINS": "62228", "COMMUNE": "CLERQUES", "MAITREOUVR": "SYMVAHEM", "PAMONTPROP": null, "PAMONTAGRI": null, "PAVALPROPR": null, "PAVALAGRIC": null, "DATEREALIS": "2019-02-01", "LONGUEUR": "225", "LARGEUR": "6", "HAUTEUR": "0", "SURFACE": "1350", "VOLUME": "0", "HAIE1": "0", "HAIE2": "0", "HAIE3": "0", "MATERIAUX": "Mélange prairial", "OBSERVATIO": null, "ENTRETIEN": "MO", "PAMONT_REF": null, "PAVAL_REFE": null, "PAMONT_CON": "0", "PAVAL_CONV": "0", "PAMONT__01": "0", "PAVAL_C_01": "0", "PAMONT_DAT": null, "PAVAL_DATE": null, "ID_SAGE": 5, "ID_PARC": 3, "ID_PAYS": 9, "ID_MDAD": 9, "BV": "{Surques}" }, "geometry": { "type": "MultiLineString", "coordinates": [ [ [ 1.968967454757885, 50.789229637050603 ], [ 1.965900782440456, 50.78899998720776 ] ] ] } },
{ "type": "Feature", "properties": { "fid": 51, "ID_RUISSOL": "10493", "ID_ENTITE": "148", "TYPEOUVRAG": "Haie", "NUMEROINTE": null, "COMMUNEINS": "62228", "COMMUNE": "CLERQUES", "MAITREOUVR": "SYMVAHEM", "PAMONTPROP": null, "PAMONTAGRI": null, "PAVALPROPR": null, "PAVALAGRIC": null, "DATEREALIS": "2019-02-01", "LONGUEUR": "200", "LARGEUR": "1", "HAUTEUR": "0", "SURFACE": "0", "VOLUME": "0", "HAIE1": "200", "HAIE2": "0", "HAIE3": "0", "MATERIAUX": "Espèces arbustives locales", "OBSERVATIO": null, "ENTRETIEN": "MO", "PAMONT_REF": null, "PAVAL_REFE": null, "PAMONT_CON": "0", "PAVAL_CONV": "0", "PAMONT__01": "0", "PAVAL_C_01": "0", "PAMONT_DAT": null, "PAVAL_DATE": null, "ID_SAGE": 5, "ID_PARC": 3, "ID_PAYS": 9, "ID_MDAD": 9, "BV": "{Surques}" }, "geometry": { "type": "MultiLineString", "coordinates": [ [ [ 1.965638952928146, 50.790236751475092 ], [ 1.968471997178608, 50.790341939481344 ] ] ] } },
{ "type": "Feature", "properties": { "fid": 52, "ID_RUISSOL": "10494", "ID_ENTITE": "148", "TYPEOUVRAG": "Bande enherbée", "NUMEROINTE": null, "COMMUNEINS": "62228", "COMMUNE": "CLERQUES", "MAITREOUVR": "SYMVAHEM", "PAMONTPROP": null, "PAMONTAGRI": null, "PAVALPROPR": null, "PAVALAGRIC": null, "DATEREALIS": "2019-02-01", "LONGUEUR": "200", "LARGEUR": "6", "HAUTEUR": "0", "SURFACE": "1200", "VOLUME": "0", "HAIE1": "0", "HAIE2": "0", "HAIE3": "0", "MATERIAUX": "Mélange prairial", "OBSERVATIO": null, "ENTRETIEN": "MO", "PAMONT_REF": null, "PAVAL_REFE": null, "PAMONT_CON": "0", "PAVAL_CONV": "0", "PAMONT__01": "0", "PAVAL_C_01": "0", "PAMONT_DAT": null, "PAVAL_DATE": null, "ID_SAGE": 5, "ID_PARC": 3, "ID_PAYS": 9, "ID_MDAD": 9, "BV": "{Surques}" }, "geometry": { "type": "MultiLineString", "coordinates": [ [ [ 1.965682466140266, 50.790209883500218 ], [ 1.968493191797362, 50.790355729737165 ] ] ] } },
{ "type": "Feature", "properties": { "fid": 53, "ID_RUISSOL": "10495", "ID_ENTITE": "148", "TYPEOUVRAG": "Haie", "NUMEROINTE": null, "COMMUNEINS": "62506", "COMMUNE": "LICQUES", "MAITREOUVR": "SYMVAHEM", "PAMONTPROP": null, "PAMONTAGRI": null, "PAVALPROPR": null, "PAVALAGRIC": null, "DATEREALIS": "2019-02-01", "LONGUEUR": "190", "LARGEUR": "1", "HAUTEUR": "0", "SURFACE": "0", "VOLUME": "0", "HAIE1": "190", "HAIE2": "0", "HAIE3": "0", "MATERIAUX": "Espèces arbustives locales", "OBSERVATIO": null, "ENTRETIEN": "MO", "PAMONT_REF": null, "PAVAL_REFE": null, "PAMONT_CON": "0", "PAVAL_CONV": "0", "PAMONT__01": "0", "PAVAL_C_01": "0", "PAMONT_DAT": null, "PAVAL_DATE": null, "ID_SAGE": 5, "ID_PARC": 3, "ID_PAYS": 9, "ID_MDAD": 9, "BV": "{Surques}" }, "geometry": { "type": "MultiLineString", "coordinates": [ [ [ 1.947465651599024, 50.783190838259117 ], [ 1.948021821592238, 50.782614636529459 ], [ 1.948269546328149, 50.781727222132211 ], [ 1.950894251806629, 50.782185042889431 ] ] ] } },
{ "type": "Feature", "properties": { "fid": 54, "ID_RUISSOL": "10496", "ID_ENTITE": "148", "TYPEOUVRAG": "Bande enherbée", "NUMEROINTE": null, "COMMUNEINS": "62506", "COMMUNE": "LICQUES", "MAITREOUVR": "SYMVAHEM", "PAMONTPROP": null, "PAMONTAGRI": null, "PAVALPROPR": null, "PAVALAGRIC": null, "DATEREALIS": "2019-02-01", "LONGUEUR": "172", "LARGEUR": "5", "HAUTEUR": "0", "SURFACE": "860", "VOLUME": "0", "HAIE1": "0", "HAIE2": "0", "HAIE3": "0", "MATERIAUX": "Mélange prairial", "OBSERVATIO": null, "ENTRETIEN": "MO", "PAMONT_REF": null, "PAVAL_REFE": null, "PAMONT_CON": "0", "PAVAL_CONV": "0", "PAMONT__01": "0", "PAVAL_C_01": "0", "PAMONT_DAT": null, "PAVAL_DATE": null, "ID_SAGE": 5, "ID_PARC": 3, "ID_PAYS": 9, "ID_MDAD": 9, "BV": "{Surques}" }, "geometry": { "type": "MultiLineString", "coordinates": [ [ [ 1.959726330307028, 50.789950344605749 ], [ 1.962170817893978, 50.789570729175225 ] ] ] } },
{ "type": "Feature", "properties": { "fid": 55, "ID_RUISSOL": "10497", "ID_ENTITE": "148", "TYPEOUVRAG": "Haie", "NUMEROINTE": null, "COMMUNEINS": "62506", "COMMUNE": "LICQUES", "MAITREOUVR": "SYMVAHEM", "PAMONTPROP": null, "PAMONTAGRI": null, "PAVALPROPR": null, "PAVALAGRIC": null, "DATEREALIS": "2019-02-01", "LONGUEUR": "270", "LARGEUR": "0", "HAUTEUR": "0", "SURFACE": "0", "VOLUME": "0", "HAIE1": "270", "HAIE2": "0", "HAIE3": "0", "MATERIAUX": "Espèces arbustives locales", "OBSERVATIO": null, "ENTRETIEN": "MO", "PAMONT_REF": null, "PAVAL_REFE": null, "PAMONT_CON": "0", "PAVAL_CONV": "0", "PAMONT__01": "0", "PAVAL_C_01": "0", "PAMONT_DAT": null, "PAVAL_DATE": null, "ID_SAGE": 5, "ID_PARC": 3, "ID_PAYS": 9, "ID_MDAD": 9, "BV": "{Licques1}" }, "geometry": { "type": "MultiLineString", "coordinates": [ [ [ 1.919362077960395, 50.793077658660586 ], [ 1.922339570980039, 50.791596098711587 ] ] ] } },
{ "type": "Feature", "properties": { "fid": 56, "ID_RUISSOL": "10498", "ID_ENTITE": "148", "TYPEOUVRAG": "Bande enherbée", "NUMEROINTE": null, "COMMUNEINS": "62506", "COMMUNE": "LICQUES", "MAITREOUVR": "SYMVAHEM", "PAMONTPROP": null, "PAMONTAGRI": null, "PAVALPROPR": null, "PAVALAGRIC": null, "DATEREALIS": "2019-02-01", "LONGUEUR": "270", "LARGEUR": "5", "HAUTEUR": "0", "SURFACE": "1350", "VOLUME": "0", "HAIE1": "0", "HAIE2": "0", "HAIE3": "0", "MATERIAUX": "Mélange prairial", "OBSERVATIO": null, "ENTRETIEN": "MO", "PAMONT_REF": null, "PAVAL_REFE": null, "PAMONT_CON": "0", "PAVAL_CONV": "0", "PAMONT__01": "0", "PAVAL_C_01": "0", "PAMONT_DAT": null, "PAVAL_DATE": null, "ID_SAGE": 5, "ID_PARC": 3, "ID_PAYS": 9, "ID_MDAD": 9, "BV": "{Licques1}" }, "geometry": { "type": "MultiLineString", "coordinates": [ [ [ 1.919386217546533, 50.793077868124847 ], [ 1.922412646696363, 50.791566124713384 ] ] ] } },
{ "type": "Feature", "properties": { "fid": 57, "ID_RUISSOL": "10499", "ID_ENTITE": "148", "TYPEOUVRAG": "Bande enherbée", "NUMEROINTE": null, "COMMUNEINS": "62506", "COMMUNE": "LICQUES", "MAITREOUVR": "SYMVAHEM", "PAMONTPROP": null, "PAMONTAGRI": null, "PAVALPROPR": null, "PAVALAGRIC": null, "DATEREALIS": "2019-02-01", "LONGUEUR": "170", "LARGEUR": "5", "HAUTEUR": "0", "SURFACE": "850", "VOLUME": "0", "HAIE1": "0", "HAIE2": "0", "HAIE3": "0", "MATERIAUX": "Mélange prairial", "OBSERVATIO": null, "ENTRETIEN": "MO", "PAMONT_REF": null, "PAVAL_REFE": null, "PAMONT_CON": "0", "PAVAL_CONV": "0", "PAMONT__01": "0", "PAVAL_C_01": "0", "PAMONT_DAT": null, "PAVAL_DATE": null, "ID_SAGE": 5, "ID_PARC": 3, "ID_PAYS": 9, "ID_MDAD": 9, "BV": "{Licques1}" }, "geometry": { "type": "MultiLineString", "coordinates": [ [ [ 1.912579036784187, 50.790233433170634 ], [ 1.914145796343811, 50.789237090908628 ] ] ] } },
{ "type": "Feature", "properties": { "fid": 58, "ID_RUISSOL": "10500", "ID_ENTITE": "148", "TYPEOUVRAG": "Haie", "NUMEROINTE": null, "COMMUNEINS": "62506", "COMMUNE": "LICQUES", "MAITREOUVR": "SYMVAHEM", "PAMONTPROP": null, "PAMONTAGRI": null, "PAVALPROPR": null, "PAVALAGRIC": null, "DATEREALIS": "2019-02-01", "LONGUEUR": "170", "LARGEUR": "0", "HAUTEUR": "0", "SURFACE": "0", "VOLUME": "0", "HAIE1": "170", "HAIE2": "0", "HAIE3": "0", "MATERIAUX": "Espèces arbustives locales", "OBSERVATIO": null, "ENTRETIEN": "MO", "PAMONT_REF": null, "PAVAL_REFE": null, "PAMONT_CON": "0", "PAVAL_CONV": "0", "PAMONT__01": "0", "PAVAL_C_01": "0", "PAMONT_DAT": null, "PAVAL_DATE": null, "ID_SAGE": 5, "ID_PARC": 3, "ID_PAYS": 9, "ID_MDAD": 9, "BV": "{Sanghen,Licques1}" }, "geometry": { "type": "MultiLineString", "coordinates": [ [ [ 1.912603507490568, 50.79021834362144 ], [ 1.914071390818246, 50.78932826158006 ], [ 1.916460748059562, 50.788247240567024 ] ] ] } },
{ "type": "Feature", "properties": { "fid": 59, "ID_RUISSOL": "10501", "ID_ENTITE": "148", "TYPEOUVRAG": "Haie", "NUMEROINTE": null, "COMMUNEINS": "62775", "COMMUNE": "SANGHEN", "MAITREOUVR": "SYMVAHEM", "PAMONTPROP": null, "PAMONTAGRI": null, "PAVALPROPR": null, "PAVALAGRIC": null, "DATEREALIS": "2019-02-01", "LONGUEUR": "170", "LARGEUR": "0", "HAUTEUR": "0", "SURFACE": "0", "VOLUME": "0", "HAIE1": "0", "HAIE2": "170", "HAIE3": "0", "MATERIAUX": "Espèces arbustives locales", "OBSERVATIO": null, "ENTRETIEN": "MO", "PAMONT_REF": null, "PAVAL_REFE": null, "PAMONT_CON": "0", "PAVAL_CONV": "0", "PAMONT__01": "0", "PAVAL_C_01": "0", "PAMONT_DAT": null, "PAVAL_DATE": null, "ID_SAGE": 5, "ID_PARC": 3, "ID_PAYS": 9, "ID_MDAD": 9, "BV": "{Sanghen}" }, "geometry": { "type": "MultiLineString", "coordinates": [ [ [ 1.916189080985421, 50.785742787093966 ], [ 1.9187418815867, 50.78602513717064 ] ] ] } },
{ "type": "Feature", "properties": { "fid": 60, "ID_RUISSOL": "10502", "ID_ENTITE": "148", "TYPEOUVRAG": "Haie", "NUMEROINTE": null, "COMMUNEINS": "62775", "COMMUNE": "SANGHEN", "MAITREOUVR": "SYMVAHEM", "PAMONTPROP": null, "PAMONTAGRI": null, "PAVALPROPR": null, "PAVALAGRIC": null, "DATEREALIS": "2019-02-01", "LONGUEUR": "418", "LARGEUR": "0", "HAUTEUR": "0", "SURFACE": "0", "VOLUME": "0", "HAIE1": "0", "HAIE2": "418", "HAIE3": "0", "MATERIAUX": "Espèces arbustives locales", "OBSERVATIO": null, "ENTRETIEN": "MO", "PAMONT_REF": null, "PAVAL_REFE": null, "PAMONT_CON": "0", "PAVAL_CONV": "0", "PAMONT__01": "0", "PAVAL_C_01": "0", "PAMONT_DAT": null, "PAVAL_DATE": null, "ID_SAGE": 5, "ID_PARC": 3, "ID_PAYS": 9, "ID_MDAD": 9, "BV": "{Sanghen,Alembon1}" }, "geometry": { "type": "MultiLineString", "coordinates": [ [ [ 1.909201645847455, 50.785130850942593 ], [ 1.912290353568835, 50.785188477409669 ], [ 1.915183991854637, 50.785336147924511 ] ] ] } },
{ "type": "Feature", "properties": { "fid": 61, "ID_RUISSOL": "11147", "ID_ENTITE": "148", "TYPEOUVRAG": "Haie", "NUMEROINTE": null, "COMMUNEINS": "62506", "COMMUNE": "LICQUES", "MAITREOUVR": "SYMVAHEM", "PAMONTPROP": null, "PAMONTAGRI": null, "PAVALPROPR": null, "PAVALAGRIC": null, "DATEREALIS": "2019-02-01", "LONGUEUR": "90", "LARGEUR": "1", "HAUTEUR": "0", "SURFACE": "90", "VOLUME": "0", "HAIE1": "90", "HAIE2": "0", "HAIE3": "0", "MATERIAUX": "Espèces arbustives locales", "OBSERVATIO": null, "ENTRETIEN": "Agriculteur", "PAMONT_REF": null, "PAVAL_REFE": null, "PAMONT_CON": "0", "PAVAL_CONV": "0", "PAMONT__01": "0", "PAVAL_C_01": "0", "PAMONT_DAT": null, "PAVAL_DATE": null, "ID_SAGE": null, "ID_PARC": null, "ID_PAYS": null, "ID_MDAD": null, "BV": "{Herbinghem}" }, "geometry": { "type": "MultiLineString", "coordinates": [ [ [ 1.927004160006365, 50.774693201534483 ], [ 1.928299362269438, 50.774234994865104 ] ] ] } },
{ "type": "Feature", "properties": { "fid": 62, "ID_RUISSOL": "13091", "ID_ENTITE": "148", "TYPEOUVRAG": "Fascine", "NUMEROINTE": "F10", "COMMUNEINS": "62432", "COMMUNE": "HERBINGHEN", "MAITREOUVR": "SYMVAHEM", "PAMONTPROP": "FASQUEL Jacques", "PAMONTAGRI": "EVRARD Paul-Marie", "PAVALPROPR": null, "PAVALAGRIC": "FOULON Denis", "DATEREALIS": "2025-03-02", "LONGUEUR": "26", "LARGEUR": "1", "HAUTEUR": null, "SURFACE": "26", "VOLUME": null, "HAIE1": null, "HAIE2": null, "HAIE3": null, "MATERIAUX": "Pieux et fagots de saules", "OBSERVATIO": null, "ENTRETIEN": null, "PAMONT_REF": null, "PAVAL_REFE": null, "PAMONT_CON": "1", "PAVAL_CONV": "1", "PAMONT__01": "0", "PAVAL_C_01": "0", "PAMONT_DAT": null, "PAVAL_DATE": null, "ID_SAGE": 5, "ID_PARC": 3, "ID_PAYS": 9, "ID_MDAD": 9, "BV": "{Herbinghem}" }, "geometry": { "type": "MultiLineString", "coordinates": [ [ [ 1.887742657237152, 50.756301221970858 ], [ 1.887974990682651, 50.756121290142445 ] ] ] } },
{ "type": "Feature", "properties": { "fid": 63, "ID_RUISSOL": "13092", "ID_ENTITE": "148", "TYPEOUVRAG": "Fascine", "NUMEROINTE": "F13", "COMMUNEINS": "62076", "COMMUNE": "BAINGHEN", "MAITREOUVR": "SYMVAHEM", "PAMONTPROP": "TASSART Samuel", "PAMONTAGRI": "TASSART Samuel", "PAVALPROPR": null, "PAVALAGRIC": null, "DATEREALIS": "2025-03-01", "LONGUEUR": "37", "LARGEUR": "1", "HAUTEUR": null, "SURFACE": "37", "VOLUME": null, "HAIE1": null, "HAIE2": null, "HAIE3": null, "MATERIAUX": "Pieux et fagots de saules", "OBSERVATIO": null, "ENTRETIEN": "MO", "PAMONT_REF": null, "PAVAL_REFE": null, "PAMONT_CON": "1", "PAVAL_CONV": "1", "PAMONT__01": "0", "PAVAL_C_01": "0", "PAMONT_DAT": null, "PAVAL_DATE": null, "ID_SAGE": 5, "ID_PARC": 3, "ID_PAYS": 9, "ID_MDAD": 9, "BV": "{Herbinghem}" }, "geometry": { "type": "MultiLineString", "coordinates": [ [ [ 1.887641997055759, 50.75223759033274 ], [ 1.887999207679714, 50.751995698557494 ] ] ] } },
{ "type": "Feature", "properties": { "fid": 64, "ID_RUISSOL": "13094", "ID_ENTITE": "148", "TYPEOUVRAG": "Fascine", "NUMEROINTE": "F15", "COMMUNEINS": "62432", "COMMUNE": "HERBINGHEN", "MAITREOUVR": "SYMVAHEM", "PAMONTPROP": null, "PAMONTAGRI": "DUMONT Benoît", "PAVALPROPR": null, "PAVALAGRIC": null, "DATEREALIS": "2025-03-06", "LONGUEUR": "21", "LARGEUR": "1", "HAUTEUR": null, "SURFACE": "21", "VOLUME": null, "HAIE1": null, "HAIE2": null, "HAIE3": null, "MATERIAUX": null, "OBSERVATIO": null, "ENTRETIEN": null, "PAMONT_REF": null, "PAVAL_REFE": null, "PAMONT_CON": "0", "PAVAL_CONV": "0", "PAMONT__01": "0", "PAVAL_C_01": "0", "PAMONT_DAT": null, "PAVAL_DATE": null, "ID_SAGE": 5, "ID_PARC": 3, "ID_PAYS": 9, "ID_MDAD": 9, "BV": "{Herbinghem}" }, "geometry": { "type": "MultiLineString", "coordinates": [ [ [ 1.883593650690961, 50.757377753117275 ], [ 1.883871891006314, 50.757438401142274 ] ] ] } },
{ "type": "Feature", "properties": { "fid": 65, "ID_RUISSOL": "13095", "ID_ENTITE": "148", "TYPEOUVRAG": "Fascine", "NUMEROINTE": "F16", "COMMUNEINS": "62076", "COMMUNE": "BAINGHEN", "MAITREOUVR": "SYMVAHEM", "PAMONTPROP": "HEMBERT Emile", "PAMONTAGRI": "HEMBERT Emile", "PAVALPROPR": "TASSART Samuel", "PAVALAGRIC": "TASSART Samuel", "DATEREALIS": "2026-03-01", "LONGUEUR": "21", "LARGEUR": "1", "HAUTEUR": null, "SURFACE": "21", "VOLUME": null, "HAIE1": null, "HAIE2": null, "HAIE3": null, "MATERIAUX": "Pieux et fagots de saules", "OBSERVATIO": null, "ENTRETIEN": "MO", "PAMONT_REF": null, "PAVAL_REFE": null, "PAMONT_CON": "1", "PAVAL_CONV": "1", "PAMONT__01": "0", "PAVAL_C_01": "0", "PAMONT_DAT": null, "PAVAL_DATE": null, "ID_SAGE": 5, "ID_PARC": 3, "ID_PAYS": 9, "ID_MDAD": 9, "BV": "{Herbinghem}" }, "geometry": { "type": "MultiLineString", "coordinates": [ [ [ 1.887517780631756, 50.751581207316825 ], [ 1.887325274833229, 50.751724085453802 ] ] ] } },
{ "type": "Feature", "properties": { "fid": 66, "ID_RUISSOL": "13096", "ID_ENTITE": "148", "TYPEOUVRAG": "Fascine", "NUMEROINTE": "F18", "COMMUNEINS": "62775", "COMMUNE": "SANGHEN", "MAITREOUVR": "SYMVAHEM", "PAMONTPROP": null, "PAMONTAGRI": null, "PAVALPROPR": "GARENAUX Marc", "PAVALAGRIC": "GARENAUX Marc", "DATEREALIS": "2025-03-01", "LONGUEUR": "10", "LARGEUR": "1", "HAUTEUR": null, "SURFACE": "10", "VOLUME": null, "HAIE1": null, "HAIE2": null, "HAIE3": null, "MATERIAUX": "Pieux et fagots de saules", "OBSERVATIO": null, "ENTRETIEN": "MO", "PAMONT_REF": null, "PAVAL_REFE": null, "PAMONT_CON": "0", "PAVAL_CONV": "1", "PAMONT__01": "0", "PAVAL_C_01": "0", "PAMONT_DAT": null, "PAVAL_DATE": null, "ID_SAGE": 5, "ID_PARC": 3, "ID_PAYS": 9, "ID_MDAD": 9, "BV": "{Sanghen}" }, "geometry": { "type": "MultiLineString", "coordinates": [ [ [ 1.883192681070404, 50.765302274981622 ], [ 1.883097379933995, 50.76537080284502 ] ] ] } },
{ "type": "Feature", "properties": { "fid": 67, "ID_RUISSOL": "13097", "ID_ENTITE": "148", "TYPEOUVRAG": "Fascine", "NUMEROINTE": "F2", "COMMUNEINS": "62775", "COMMUNE": "SANGHEN", "MAITREOUVR": "SYMVAHEM", "PAMONTPROP": "GARENAUX Marc", "PAMONTAGRI": "GARENAUX Marc", "PAVALPROPR": "PERARD Florent", "PAVALAGRIC": "PERARD Florent", "DATEREALIS": "2025-03-01", "LONGUEUR": "50", "LARGEUR": "1", "HAUTEUR": null, "SURFACE": "50", "VOLUME": null, "HAIE1": null, "HAIE2": null, "HAIE3": null, "MATERIAUX": "Pieux et fagots de saules", "OBSERVATIO": null, "ENTRETIEN": "MO", "PAMONT_REF": null, "PAVAL_REFE": null, "PAMONT_CON": "1", "PAVAL_CONV": "1", "PAMONT__01": "0", "PAVAL_C_01": "0", "PAMONT_DAT": null, "PAVAL_DATE": null, "ID_SAGE": 5, "ID_PARC": 3, "ID_PAYS": 9, "ID_MDAD": 9, "BV": "{Sanghen}" }, "geometry": { "type": "MultiLineString", "coordinates": [ [ [ 1.884199781852431, 50.766158969174874 ], [ 1.884605789069349, 50.765785615108797 ] ] ] } },
{ "type": "Feature", "properties": { "fid": 68, "ID_RUISSOL": "13098", "ID_ENTITE": "148", "TYPEOUVRAG": "Fascine", "NUMEROINTE": "F4", "COMMUNEINS": "62775", "COMMUNE": "SANGHEN", "MAITREOUVR": "SYMVAHEM", "PAMONTPROP": null, "PAMONTAGRI": "FOULON Denis", "PAVALPROPR": null, "PAVALAGRIC": "FOULON Denis", "DATEREALIS": "2025-03-08", "LONGUEUR": "30", "LARGEUR": "1", "HAUTEUR": null, "SURFACE": "30", "VOLUME": null, "HAIE1": null, "HAIE2": null, "HAIE3": null, "MATERIAUX": null, "OBSERVATIO": null, "ENTRETIEN": null, "PAMONT_REF": null, "PAVAL_REFE": null, "PAMONT_CON": "0", "PAVAL_CONV": "0", "PAMONT__01": "0", "PAVAL_C_01": "0", "PAMONT_DAT": null, "PAVAL_DATE": null, "ID_SAGE": 5, "ID_PARC": 3, "ID_PAYS": 9, "ID_MDAD": 9, "BV": "{Sanghen}" }, "geometry": { "type": "MultiLineString", "coordinates": [ [ [ 1.888782803260744, 50.767929363033566 ], [ 1.889012159363913, 50.767702855849976 ] ] ] } },
{ "type": "Feature", "properties": { "fid": 69, "ID_RUISSOL": "13099", "ID_ENTITE": "148", "TYPEOUVRAG": "Fascine", "NUMEROINTE": "F6", "COMMUNEINS": "62775", "COMMUNE": "SANGHEN", "MAITREOUVR": "SYMVAHEM", "PAMONTPROP": "FOULON Denis", "PAMONTAGRI": "FOULON Denis", "PAVALPROPR": "ENGRAND Florent", "PAVALAGRIC": "ENGRAND Romain", "DATEREALIS": "2025-03-03", "LONGUEUR": "26", "LARGEUR": "1", "HAUTEUR": null, "SURFACE": "26", "VOLUME": null, "HAIE1": null, "HAIE2": null, "HAIE3": null, "MATERIAUX": "Pieux et fagots de saules", "OBSERVATIO": null, "ENTRETIEN": "MO", "PAMONT_REF": null, "PAVAL_REFE": null, "PAMONT_CON": "0", "PAVAL_CONV": "0", "PAMONT__01": "0", "PAVAL_C_01": "0", "PAMONT_DAT": null, "PAVAL_DATE": null, "ID_SAGE": 5, "ID_PARC": 3, "ID_PAYS": 9, "ID_MDAD": 9, "BV": "{Sanghen}" }, "geometry": { "type": "MultiLineString", "coordinates": [ [ [ 1.892487861360329, 50.769207240652079 ], [ 1.89266412097278, 50.768997618032216 ] ] ] } },
{ "type": "Feature", "properties": { "fid": 70, "ID_RUISSOL": "13100", "ID_ENTITE": "148", "TYPEOUVRAG": "Fascine", "NUMEROINTE": "F8", "COMMUNEINS": "62432", "COMMUNE": "HERBINGHEN", "MAITREOUVR": "SYMVAHEM", "PAMONTPROP": null, "PAMONTAGRI": null, "PAVALPROPR": "SAINT-MAXENT Nicolas", "PAVALAGRIC": "SAINT-MAXENT Nicolas", "DATEREALIS": "2025-03-04", "LONGUEUR": "31", "LARGEUR": "1", "HAUTEUR": null, "SURFACE": "31", "VOLUME": null, "HAIE1": null, "HAIE2": null, "HAIE3": null, "MATERIAUX": "Pieux et fagots de saules", "OBSERVATIO": null, "ENTRETIEN": "MO", "PAMONT_REF": null, "PAVAL_REFE": null, "PAMONT_CON": "0", "PAVAL_CONV": "1", "PAMONT__01": "0", "PAVAL_C_01": "0", "PAMONT_DAT": null, "PAVAL_DATE": null, "ID_SAGE": 5, "ID_PARC": 3, "ID_PAYS": 9, "ID_MDAD": 9, "BV": "{Herbinghem}" }, "geometry": { "type": "MultiLineString", "coordinates": [ [ [ 1.888232427244893, 50.75234080740362 ], [ 1.888179866641355, 50.752249915029246 ], [ 1.887978564290042, 50.752384377251147 ] ] ] } },
{ "type": "Feature", "properties": { "fid": 71, "ID_RUISSOL": "13101", "ID_ENTITE": "148", "TYPEOUVRAG": "Fascine", "NUMEROINTE": "F9", "COMMUNEINS": "62432", "COMMUNE": "HERBINGHEN", "MAITREOUVR": "SYMVAHEM", "PAMONTPROP": "DEBONNE Valentin", "PAMONTAGRI": "EVRARD Paul-Marie", "PAVALPROPR": null, "PAVALAGRIC": "FOULON Denis", "DATEREALIS": "2025-03-02", "LONGUEUR": "36", "LARGEUR": "1", "HAUTEUR": null, "SURFACE": "36", "VOLUME": null, "HAIE1": null, "HAIE2": null, "HAIE3": null, "MATERIAUX": "Pieux et fagots de saules", "OBSERVATIO": null, "ENTRETIEN": "MO", "PAMONT_REF": null, "PAVAL_REFE": null, "PAMONT_CON": "1", "PAVAL_CONV": "1", "PAMONT__01": "0", "PAVAL_C_01": "0", "PAMONT_DAT": null, "PAVAL_DATE": null, "ID_SAGE": 5, "ID_PARC": 3, "ID_PAYS": 9, "ID_MDAD": 9, "BV": "{Herbinghem}" }, "geometry": { "type": "MultiLineString", "coordinates": [ [ [ 1.88936272711443, 50.755022700810983 ], [ 1.889044562807974, 50.755277572702994 ] ] ] } },
{ "type": "Feature", "properties": { "fid": 72, "ID_RUISSOL": "13102", "ID_ENTITE": "148", "TYPEOUVRAG": "Haie", "NUMEROINTE": "H9", "COMMUNEINS": "62432", "COMMUNE": "HERBINGHEN", "MAITREOUVR": "SYMVAHEM", "PAMONTPROP": null, "PAMONTAGRI": "DUMONT Benoît", "PAVALPROPR": null, "PAVALAGRIC": null, "DATEREALIS": "2025-03-06", "LONGUEUR": "36", "LARGEUR": "1", "HAUTEUR": null, "SURFACE": null, "VOLUME": null, "HAIE1": "36", "HAIE2": null, "HAIE3": null, "MATERIAUX": null, "OBSERVATIO": null, "ENTRETIEN": null, "PAMONT_REF": null, "PAVAL_REFE": null, "PAMONT_CON": "0", "PAVAL_CONV": "0", "PAMONT__01": "0", "PAVAL_C_01": "0", "PAMONT_DAT": null, "PAVAL_DATE": null, "ID_SAGE": 5, "ID_PARC": 3, "ID_PAYS": 9, "ID_MDAD": 9, "BV": "{Herbinghem}" }, "geometry": { "type": "MultiLineString", "coordinates": [ [ [ 1.883476071432771, 50.757328877998638 ], [ 1.883963264488084, 50.757429662298527 ] ] ] } },
{ "type": "Feature", "properties": { "fid": 73, "ID_RUISSOL": "13104", "ID_ENTITE": "148", "TYPEOUVRAG": "Haie", "NUMEROINTE": "H7", "COMMUNEINS": "62432", "COMMUNE": "HERBINGHEN", "MAITREOUVR": "SYMVAHEM", "PAMONTPROP": null, "PAMONTAGRI": null, "PAVALPROPR": "SAINT-MAXENT Nicolas", "PAVALAGRIC": "SAINT-MAXENT Nicolas", "DATEREALIS": "2025-03-05", "LONGUEUR": "141", "LARGEUR": "1", "HAUTEUR": null, "SURFACE": null, "VOLUME": null, "HAIE1": "141", "HAIE2": null, "HAIE3": null, "MATERIAUX": "Espèces arbustives locales", "OBSERVATIO": null, "ENTRETIEN": "MO", "PAMONT_REF": null, "PAVAL_REFE": null, "PAMONT_CON": "1", "PAVAL_CONV": "1", "PAMONT__01": "0", "PAVAL_C_01": "0", "PAMONT_DAT": null, "PAVAL_DATE": null, "ID_SAGE": 5, "ID_PARC": 3, "ID_PAYS": 9, "ID_MDAD": 9, "BV": "{Herbinghem}" }, "geometry": { "type": "MultiLineString", "coordinates": [ [ [ 1.887976422733114, 50.752386391364752 ], [ 1.886632763800524, 50.753325341020172 ] ] ] } },
{ "type": "Feature", "properties": { "fid": 74, "ID_RUISSOL": "4540", "ID_ENTITE": "148", "TYPEOUVRAG": "Haie", "NUMEROINTE": "hem1", "COMMUNEINS": "62827", "COMMUNE": "TOURNEHEM-SUR-LA-HEM", "MAITREOUVR": "SYMVAHEM", "PAMONTPROP": null, "PAMONTAGRI": "MARQUANT Bernard", "PAVALPROPR": null, "PAVALAGRIC": "MARQUANT Bernard", "DATEREALIS": "2014-02-01", "LONGUEUR": "102", "LARGEUR": "1", "HAUTEUR": "0", "SURFACE": "102", "VOLUME": "0", "HAIE1": "0", "HAIE2": "0", "HAIE3": "102", "MATERIAUX": "Espèces arbustives locales", "OBSERVATIO": null, "ENTRETIEN": "Agriculteur", "PAMONT_REF": "ZM 33", "PAVAL_REFE": "ZM 34", "PAMONT_CON": "1", "PAVAL_CONV": "1", "PAMONT__01": "1", "PAVAL_C_01": "1", "PAMONT_DAT": "2012-06-13", "PAVAL_DATE": "2012-06-13", "ID_SAGE": 5, "ID_PARC": 3, "ID_PAYS": 9, "ID_MDAD": 9, "BV": "{Hem_aval}" }, "geometry": { "type": "MultiLineString", "coordinates": [ [ [ 2.042800376275087, 50.806870564261978 ], [ 2.042802046271789, 50.806868914278603 ], [ 2.042818706216992, 50.806862234376659 ], [ 2.042837046169973, 50.806848944525726 ], [ 2.042863716091919, 50.806833944712558 ], [ 2.042893706, 50.806818934909757 ], [ 2.042920375921986, 50.806803935096568 ], [ 2.042947045843982, 50.806788935283343 ], [ 2.042977045748376, 50.806775575469175 ], [ 2.043005375667158, 50.80675892567254 ], [ 2.043035375578994, 50.80674226588124 ], [ 2.043067045480156, 50.806727256083661 ], [ 2.043093705405982, 50.806710606281854 ], [ 2.043122045317384, 50.806697256462435 ], [ 2.043147045242802, 50.806683896632748 ], [ 2.043165375184806, 50.806675576747345 ], [ 2.043193705100019, 50.806660566939406 ], [ 2.043223715008066, 50.80664562713617 ], [ 2.043252044923292, 50.806630627328161 ], [ 2.043282044831574, 50.806615617525388 ], [ 2.043312044743586, 50.806598957734074 ], [ 2.043342044651881, 50.806583957931245 ], [ 2.04337037457105, 50.806567238135159 ], [ 2.043403704465321, 50.806552298342261 ], [ 2.043435374374303, 50.806533918568071 ], [ 2.043467044275693, 50.806518918770436 ], [ 2.043497044187822, 50.806502258979144 ], [ 2.043528704093033, 50.806485599192982 ], [ 2.0435603739982, 50.806468949406778 ], [ 2.043592043903412, 50.806452289620665 ], [ 2.043623703804961, 50.806437279823072 ], [ 2.043650373723638, 50.806423929998502 ], [ 2.04367870364659, 50.80640562021339 ], [ 2.043707043562043, 50.806390620405423 ], [ 2.043738713467352, 50.806373960619332 ], [ 2.043768703375948, 50.806358960816468 ], [ 2.04379704328775, 50.806345600997155 ], [ 2.043825373203316, 50.806330601189174 ], [ 2.043850373132806, 50.806315601370798 ], [ 2.043875373058603, 50.80630224154109 ], [ 2.043902042977258, 50.806288961716035 ], [ 2.043918702926531, 50.80628063182553 ] ] ] } },
{ "type": "Feature", "properties": { "fid": 75, "ID_RUISSOL": "4541", "ID_ENTITE": "148", "TYPEOUVRAG": "Haie", "NUMEROINTE": "hem2", "COMMUNEINS": "62827", "COMMUNE": "TOURNEHEM-SUR-LA-HEM", "MAITREOUVR": "SYMVAHEM", "PAMONTPROP": null, "PAMONTAGRI": "MARQUANT Bernard", "PAVALPROPR": null, "PAVALAGRIC": "MARQUANT Bernard", "DATEREALIS": "2014-02-01", "LONGUEUR": "0", "LARGEUR": "1", "HAUTEUR": "53", "SURFACE": "0", "VOLUME": "0", "HAIE1": "0", "HAIE2": "0", "HAIE3": "53", "MATERIAUX": "Espèces arbustives locales", "OBSERVATIO": null, "ENTRETIEN": "Agriculteur", "PAMONT_REF": "ZM 36 32", "PAVAL_REFE": "ZM 33", "PAMONT_CON": "1", "PAVAL_CONV": "1", "PAMONT__01": "1", "PAVAL_C_01": "1", "PAMONT_DAT": "2012-06-13", "PAVAL_DATE": "2012-06-13", "ID_SAGE": 5, "ID_PARC": 3, "ID_PAYS": 9, "ID_MDAD": 9, "BV": "{Hem_aval}" }, "geometry": { "type": "MultiLineString", "coordinates": [ [ [ 2.042122050039642, 50.806455585025041 ], [ 2.042122050065542, 50.80644395510555 ], [ 2.042150379980564, 50.806428955297484 ], [ 2.042180379892324, 50.806412295506107 ], [ 2.042210379800426, 50.806397285703333 ], [ 2.042240379716038, 50.806378915923794 ], [ 2.042273709613947, 50.806362256142805 ], [ 2.042303709525787, 50.806345596351427 ], [ 2.042337049427378, 50.806327286581869 ], [ 2.04236537935005, 50.806308916797157 ], [ 2.042400379241072, 50.806292257021369 ], [ 2.042432049149709, 50.806273947246595 ], [ 2.042462049061654, 50.806257287455225 ], [ 2.042495378963537, 50.80623891768608 ], [ 2.042527048868553, 50.806222257899925 ], [ 2.04255704878056, 50.806205598108569 ], [ 2.042588718685595, 50.806188948322365 ], [ 2.04261870860153, 50.806170568542868 ], [ 2.042648708509885, 50.806155568740017 ], [ 2.042673718442797, 50.806138908933157 ], [ 2.042697048375189, 50.806125619097713 ] ] ] } },
{ "type": "Feature", "properties": { "fid": 76, "ID_RUISSOL": "4543", "ID_ENTITE": "148", "TYPEOUVRAG": "Haie", "NUMEROINTE": "hem3", "COMMUNEINS": "62827", "COMMUNE": "TOURNEHEM-SUR-LA-HEM", "MAITREOUVR": "SYMVAHEM", "PAMONTPROP": null, "PAMONTAGRI": "MARQUANT Bernard", "PAVALPROPR": null, "PAVALAGRIC": "MARQUANT Bernard", "DATEREALIS": "2014-02-01", "LONGUEUR": "107", "LARGEUR": "1", "HAUTEUR": "0", "SURFACE": "108", "VOLUME": "0", "HAIE1": "0", "HAIE2": "0", "HAIE3": "108", "MATERIAUX": "Espèces arbustives locales", "OBSERVATIO": null, "ENTRETIEN": "Agriculteur", "PAMONT_REF": "OF 410", "PAVAL_REFE": "OF 408", "PAMONT_CON": "1", "PAVAL_CONV": "1", "PAMONT__01": "1", "PAVAL_C_01": "1", "PAMONT_DAT": "2012-06-13", "PAVAL_DATE": "2012-06-13", "ID_SAGE": 5, "ID_PARC": 3, "ID_PAYS": 9, "ID_MDAD": 9, "BV": "{Bonningues_les_Ardres}" }, "geometry": { "type": "MultiLineString", "coordinates": [ [ [ 2.03993539274179, 50.804823919508792 ], [ 2.03993706274944, 50.804817249560124 ], [ 2.039955392728057, 50.804792259789942 ], [ 2.039972062695365, 50.804775599956983 ], [ 2.03999039267399, 50.804750620186724 ], [ 2.040008722656421, 50.804723910428415 ], [ 2.040027062635045, 50.804698930658212 ], [ 2.040048722603564, 50.804672290909821 ], [ 2.040065392581925, 50.80465061111159 ], [ 2.040083722557058, 50.804627271329977 ], [ 2.040085392557514, 50.804623901358468 ], [ 2.040098732531318, 50.804610621491818 ], [ 2.040118722499605, 50.804587281715378 ], [ 2.040125392501206, 50.804573931828429 ], [ 2.04012872249464, 50.804570631861623 ], [ 2.040143722479988, 50.804548952058177 ], [ 2.040152062500171, 50.804523962256901 ], [ 2.040167062489157, 50.804500632464851 ], [ 2.04017872247376, 50.804485622604936 ], [ 2.040193722455542, 50.804465592790059 ], [ 2.04021372242387, 50.80444226301362 ], [ 2.040227062412395, 50.804422303193149 ], [ 2.040250392363363, 50.804400623415653 ], [ 2.040268722346064, 50.804373913657351 ], [ 2.040288722314467, 50.804350583880911 ], [ 2.040305392292912, 50.804328964082217 ], [ 2.040317062273915, 50.804315614210878 ], [ 2.040337062249756, 50.804288914457693 ], [ 2.040357062221867, 50.804263924692705 ], [ 2.040375392200881, 50.804238944922446 ], [ 2.040397062166127, 50.804213955162652 ], [ 2.040412052155366, 50.804190625370566 ], [ 2.040433722117029, 50.804167285599391 ], [ 2.040452062088828, 50.804145605806383 ], [ 2.040470392064312, 50.804122276024714 ], [ 2.040488722028784, 50.804103966208352 ], [ 2.040507062004257, 50.804080636426725 ], [ 2.040527061976672, 50.80405558666213 ], [ 2.04054372196277, 50.80403059688674 ], [ 2.040560391941566, 50.80400891708851 ], [ 2.040577061916598, 50.803988957278392 ], [ 2.040588721905075, 50.803972297429887 ], [ 2.04059706188895, 50.803963967513411 ] ] ] } },
{ "type": "Feature", "properties": { "fid": 77, "ID_RUISSOL": "4546", "ID_ENTITE": "148", "TYPEOUVRAG": "Fascine", "NUMEROINTE": "hem6", "COMMUNEINS": "62827", "COMMUNE": "TOURNEHEM-SUR-LA-HEM", "MAITREOUVR": "SYMVAHEM", "PAMONTPROP": null, "PAMONTAGRI": "BOURBIAUX Alain", "PAVALPROPR": null, "PAVALAGRIC": "FONTAINE Hubert", "DATEREALIS": "2014-02-01", "LONGUEUR": "25", "LARGEUR": "1", "HAUTEUR": "0", "SURFACE": "8", "VOLUME": "0", "HAIE1": "0", "HAIE2": "0", "HAIE3": "0", "MATERIAUX": "Pieux et fagots de saules", "OBSERVATIO": null, "ENTRETIEN": "Agriculteur", "PAMONT_REF": "OD 129", "PAVAL_REFE": "OD 447449", "PAMONT_CON": "1", "PAVAL_CONV": "1", "PAMONT__01": "1", "PAVAL_C_01": "1", "PAMONT_DAT": "2012-06-13", "PAVAL_DATE": "2012-06-13", "ID_SAGE": 5, "ID_PARC": 3, "ID_PAYS": 9, "ID_MDAD": 9, "BV": "{Bonningues_les_Ardres}" }, "geometry": { "type": "MultiLineString", "coordinates": [ [ [ 2.02176557350955, 50.783132381117227 ], [ 2.021767243473813, 50.783137341085293 ], [ 2.021780573492773, 50.783124051220994 ], [ 2.02180224351447, 50.783104031429851 ], [ 2.021825573480786, 50.783092391581484 ], [ 2.021845573480788, 50.783077391748542 ], [ 2.021865573500218, 50.783059011940558 ], [ 2.02188890350487, 50.783040702141363 ], [ 2.021910573516668, 50.783022392337536 ], [ 2.021933903521635, 50.783004022538812 ], [ 2.021953903540616, 50.782985712730238 ], [ 2.021975573552377, 50.782967402926353 ] ] ] } },
{ "type": "Feature", "properties": { "fid": 78, "ID_RUISSOL": "4548", "ID_ENTITE": "148", "TYPEOUVRAG": "Haie", "NUMEROINTE": "hem7", "COMMUNEINS": "62155", "COMMUNE": "BONNINGUES-LES-ARDRES", "MAITREOUVR": "SYMVAHEM", "PAMONTPROP": null, "PAMONTAGRI": "EARL FOUBLE LACHERE FOUBLE Damien", "PAVALPROPR": null, "PAVALAGRIC": "EARL FOUBLE LACHERE FOUBLE Damien", "DATEREALIS": "2014-02-01", "LONGUEUR": "220", "LARGEUR": "1", "HAUTEUR": "0", "SURFACE": "128", "VOLUME": "0", "HAIE1": "0", "HAIE2": "0", "HAIE3": "128", "MATERIAUX": "Espèces arbustives locales", "OBSERVATIO": null, "ENTRETIEN": "Agriculteur", "PAMONT_REF": "OD 247", "PAVAL_REFE": "OD 248", "PAMONT_CON": "1", "PAVAL_CONV": "1", "PAMONT__01": "1", "PAVAL_C_01": "1", "PAMONT_DAT": "2012-06-13", "PAVAL_DATE": "2012-06-13", "ID_SAGE": 5, "ID_PARC": 3, "ID_PAYS": 9, "ID_MDAD": 9, "BV": "{Bonningues_les_Ardres}" }, "geometry": { "type": "MultiLineString", "coordinates": [ [ [ 2.024340615899419, 50.773774116925118 ], [ 2.024352285885548, 50.773767437004906 ], [ 2.024390615847913, 50.773744107277153 ], [ 2.024432285776468, 50.773724077534084 ], [ 2.024468945717529, 50.773705767765129 ], [ 2.0245072856605, 50.773685808012715 ], [ 2.024547285605867, 50.773664128277176 ], [ 2.024587285551211, 50.773642448541622 ], [ 2.024623945502008, 50.773622418785102 ], [ 2.024658945450364, 50.773604109011643 ], [ 2.024693945398701, 50.773585799238141 ], [ 2.024735615327053, 50.773565769494844 ], [ 2.024777285264805, 50.77354408976359 ], [ 2.024810615201624, 50.773529089961414 ], [ 2.024840615162784, 50.77351243016254 ], [ 2.024878945105563, 50.773492470409792 ], [ 2.024915615056137, 50.77347244065313 ], [ 2.024933945031235, 50.773462460774482 ], [ 2.024968944979813, 50.773444081001315 ], [ 2.025005614920505, 50.773425771232013 ], [ 2.025043944863179, 50.773405811479144 ], [ 2.025082284806185, 50.773385781726795 ], [ 2.025118944756618, 50.773365761969906 ], [ 2.025157284699231, 50.773345792217022 ], [ 2.025192284647622, 50.773327422443622 ], [ 2.025232284592183, 50.773305802707171 ], [ 2.02527228453706, 50.773284122971077 ], [ 2.025312284472493, 50.773264093222927 ], [ 2.02535061441497, 50.773244133469831 ], [ 2.025390614350354, 50.77322410372166 ], [ 2.025425614307678, 50.773204143959688 ], [ 2.025465614243011, 50.773184114211389 ], [ 2.025498944208103, 50.773164094445455 ], [ 2.025533944156002, 50.773145774671448 ], [ 2.025570614096356, 50.773127464901819 ], [ 2.025605614044503, 50.773109095128135 ], [ 2.025642283975408, 50.773092435346385 ], [ 2.02567061393415, 50.77307743553051 ], [ 2.025683943921985, 50.773069105626412 ], [ 2.025707283883887, 50.773057465772865 ], [ 2.025732283838634, 50.773045775924032 ], [ 2.025730613864975, 50.773042465943725 ], [ 2.025705614052948, 50.773029115975 ], [ 2.02567728425584, 50.773015765997471 ], [ 2.025647284494493, 50.772997456051726 ], [ 2.025612284755545, 50.772979146092759 ], [ 2.025582284984827, 50.772962486135022 ], [ 2.025548945238886, 50.772944106181015 ], [ 2.025515615501929, 50.772924146238537 ], [ 2.025483945748496, 50.772905776288901 ], [ 2.025448945990824, 50.772890766306034 ], [ 2.025417286227623, 50.772874106343984 ], [ 2.025385616483314, 50.77285414640599 ], [ 2.025348946752344, 50.772835776443237 ], [ 2.025315616996681, 50.772819116476867 ], [ 2.025285617245351, 50.772799086543877 ], [ 2.025255617484224, 50.772780776598353 ], [ 2.025243947555332, 50.772777476591635 ], [ 2.025213947794628, 50.772759096646652 ], [ 2.025180618039037, 50.772742436680332 ], [ 2.02514894828545, 50.772724126730488 ], [ 2.025113948537326, 50.772707476759741 ], [ 2.025082288793552, 50.772687446822481 ], [ 2.025052289032537, 50.772669136877063 ], [ 2.025017289303773, 50.772649106931063 ], [ 2.025002289437416, 50.772637476976406 ], [ 2.024982289584451, 50.77262742699714 ], [ 2.024950619821556, 50.772610767035353 ], [ 2.024920620041709, 50.772595767065837 ], [ 2.024905620147106, 50.772589087075126 ], [ 2.024875620386191, 50.772570777129822 ], [ 2.024848950600935, 50.772554117181237 ], [ 2.024817290838011, 50.772537467219486 ], [ 2.024785621085034, 50.772519087270361 ], [ 2.024755621286009, 50.772507457276376 ], [ 2.024748951334832, 50.77250414728298 ] ] ] } },
{ "type": "Feature", "properties": { "fid": 79, "ID_RUISSOL": "4550", "ID_ENTITE": "148", "TYPEOUVRAG": "Haie", "NUMEROINTE": "hem9", "COMMUNEINS": "62155", "COMMUNE": "BONNINGUES-LES-ARDRES", "MAITREOUVR": "SYMVAHEM", "PAMONTPROP": null, "PAMONTAGRI": "EARL FOUBLE LACHERE FOUBLE Damien", "PAVALPROPR": null, "PAVALAGRIC": "EARL FOUBLE LACHERE FOUBLE Damien", "DATEREALIS": "2014-02-01", "LONGUEUR": "290", "LARGEUR": "1", "HAUTEUR": "0", "SURFACE": "282", "VOLUME": "0", "HAIE1": "0", "HAIE2": "0", "HAIE3": "282", "MATERIAUX": "Espèces arbustives locales", "OBSERVATIO": null, "ENTRETIEN": "Agriculteur", "PAMONT_REF": "OD 170", "PAVAL_REFE": "OD 169", "PAMONT_CON": "1", "PAVAL_CONV": "1", "PAMONT__01": "1", "PAVAL_C_01": "1", "PAMONT_DAT": "2012-06-13", "PAVAL_DATE": "2012-06-13", "ID_SAGE": 5, "ID_PARC": 3, "ID_PAYS": 9, "ID_MDAD": 9, "BV": "{Bonningues_les_Ardres}" }, "geometry": { "type": "MultiLineString", "coordinates": [ [ [ 2.017850634194307, 50.775605776109614 ], [ 2.017852304186902, 50.775605776114091 ], [ 2.017875634045007, 50.775612386127555 ], [ 2.017903963880543, 50.775619066153901 ], [ 2.017933963708744, 50.775625736184864 ], [ 2.01796063353244, 50.775635716182272 ], [ 2.017987303365753, 50.775644046191886 ], [ 2.018017303183902, 50.775652446209989 ], [ 2.018042303034638, 50.775659056228001 ], [ 2.018070632870272, 50.775665726254459 ], [ 2.018098962715454, 50.775670756293131 ], [ 2.018130632536296, 50.775677426328578 ], [ 2.01815896237189, 50.775684106355037 ], [ 2.018190632193097, 50.775690716390919 ], [ 2.018220632001697, 50.775700766396824 ], [ 2.018252301812971, 50.775709086420086 ], [ 2.018285631626437, 50.775715766459953 ], [ 2.018317301437669, 50.775724096483117 ], [ 2.018348961268548, 50.775729056531318 ], [ 2.018382301072396, 50.775737386558987 ], [ 2.018413960893347, 50.775744056594498 ], [ 2.018443960712007, 50.77575238661322 ], [ 2.018475630532868, 50.775759066648696 ], [ 2.018505630341605, 50.775769106654749 ], [ 2.018538960145539, 50.775777436682482 ], [ 2.018570629956834, 50.775785766705702 ], [ 2.01860229975855, 50.775795746716732 ], [ 2.018632299577262, 50.77580407673554 ], [ 2.01866562937164, 50.775814056751017 ], [ 2.01869562919037, 50.775822386769839 ], [ 2.018727299001708, 50.775830716793159 ], [ 2.018758958793524, 50.775842416791448 ], [ 2.018790628595299, 50.775852396802534 ], [ 2.01882062840413, 50.775862436808708 ], [ 2.018853958208153, 50.775870766836519 ], [ 2.0188872980025, 50.775880756852018 ], [ 2.018915627819105, 50.77589073685418 ], [ 2.018948957603592, 50.775902436857052 ], [ 2.018980627395848, 50.775914066855961 ], [ 2.01901229718771, 50.775925766854392 ], [ 2.019042296996958, 50.775935746861073 ], [ 2.019073956798868, 50.775945726872251 ], [ 2.019103956588583, 50.775959076853979 ], [ 2.019135626390411, 50.775969066865102 ], [ 2.019167296182386, 50.775980756863682 ], [ 2.019197295991626, 50.77599074687032 ], [ 2.019225625798408, 50.776002436859898 ], [ 2.019253955605493, 50.776014076849926 ], [ 2.019285625397455, 50.776025776848449 ], [ 2.019315625197226, 50.776037406843031 ], [ 2.019345624996605, 50.776049106837085 ], [ 2.019377294788948, 50.776060746836102 ], [ 2.01940729457878, 50.776074096817943 ], [ 2.019437294378597, 50.776085726812546 ], [ 2.01946729417802, 50.776097426806693 ], [ 2.019500623963122, 50.776109056810306 ], [ 2.019533953747833, 50.776120756813398 ], [ 2.019563953547637, 50.776132396808016 ], [ 2.019593953337546, 50.77614574678995 ], [ 2.019623953137024, 50.776157446784133 ], [ 2.019655622929531, 50.776169076783333 ], [ 2.019687292712089, 50.776182426769822 ], [ 2.019718952495051, 50.776195716756739 ], [ 2.019748952294576, 50.776207416750964 ], [ 2.019777292101805, 50.776219056741162 ], [ 2.019807291882241, 50.776234056711004 ], [ 2.01983562167008, 50.776249056676384 ], [ 2.019867291433549, 50.776265716638477 ], [ 2.019897291223584, 50.776279066620525 ], [ 2.019925621021014, 50.77629241659816 ], [ 2.0199539507993, 50.776309076551257 ], [ 2.019980620584939, 50.776325736499956 ], [ 2.020008950372861, 50.776340736465414 ], [ 2.020033950175462, 50.776355746421807 ], [ 2.020062289963364, 50.776370746387279 ], [ 2.020085619763822, 50.776387406326997 ], [ 2.020108949564296, 50.776404066266736 ], [ 2.020135619369166, 50.776417416239994 ], [ 2.020165619149787, 50.776432416210007 ], [ 2.02019228894508, 50.776447426170968 ], [ 2.020218948740489, 50.776462426132042 ], [ 2.020247288538375, 50.776475716110255 ], [ 2.020275618326371, 50.776490726075828 ], [ 2.020302288131314, 50.776504076049108 ], [ 2.020330617928935, 50.776517426026935 ], [ 2.020357287724362, 50.776532425988059 ], [ 2.020383947529731, 50.776545715961838 ], [ 2.020408947342101, 50.776559065930677 ], [ 2.020440617125013, 50.776572415917549 ], [ 2.020467286910895, 50.776589075866482 ], [ 2.020492286713703, 50.776604085823116 ], [ 2.020520616501874, 50.776619085788838 ], [ 2.020548946290059, 50.776634085754552 ], [ 2.020577286059085, 50.776652395695855 ], [ 2.02060061585979, 50.776669055635843 ], [ 2.020627285645753, 50.776685715584833 ], [ 2.020653945431432, 50.776702435533451 ], [ 2.0206789452248, 50.776719095477965 ], [ 2.020700615023354, 50.776737405401335 ], [ 2.020725614816748, 50.776754065345905 ], [ 2.020748944617586, 50.776770715286034 ], [ 2.020772284417932, 50.776787445225608 ], [ 2.0207972842213, 50.776802385182933 ], [ 2.020820614012241, 50.776820755110428 ], [ 2.020842283820401, 50.776837415046039 ], [ 2.020865613621243, 50.776854074986183 ], [ 2.020890613395334, 50.776874094906049 ], [ 2.020917283181463, 50.776890754855245 ], [ 2.020940612982349, 50.776907414795382 ], [ 2.020965612775932, 50.776924064740186 ], [ 2.020990612559894, 50.776942384672665 ], [ 2.021015612363029, 50.776957384629618 ], [ 2.02104061215625, 50.776974104573945 ], [ 2.021063941957198, 50.776990764514174 ], [ 2.021087281758116, 50.777007424454467 ], [ 2.021110611559145, 50.777024074394802 ], [ 2.021135611362286, 50.777039084351784 ], [ 2.021155611187547, 50.777054084295308 ], [ 2.021173941049138, 50.777064064271322 ], [ 2.02118061098119, 50.777070744240106 ], [ 2.021183940966504, 50.777070744249158 ], [ 2.021185610949624, 50.777072394241529 ] ] ] } },
{ "type": "Feature", "properties": { "fid": 80, "ID_RUISSOL": "4555", "ID_ENTITE": "148", "TYPEOUVRAG": "Haie", "NUMEROINTE": "hem13", "COMMUNEINS": "62020", "COMMUNE": "ALEMBON", "MAITREOUVR": "SYMVAHEM", "PAMONTPROP": null, "PAMONTAGRI": "GAEC DU PUITS DU SART CANLER Mathieu et Damien", "PAVALPROPR": null, "PAVALAGRIC": "DECAUFOUR Luc", "DATEREALIS": "2014-02-01", "LONGUEUR": "39", "LARGEUR": "1", "HAUTEUR": "0", "SURFACE": "40", "VOLUME": "0", "HAIE1": "0", "HAIE2": "0", "HAIE3": "40", "MATERIAUX": "Espèces arbustives locales", "OBSERVATIO": null, "ENTRETIEN": "Agriculteur", "PAMONT_REF": "OA 340", "PAVAL_REFE": "OA 286", "PAMONT_CON": "1", "PAVAL_CONV": "1", "PAMONT__01": "1", "PAVAL_C_01": "1", "PAMONT_DAT": "2012-06-15", "PAVAL_DATE": "2012-06-15", "ID_SAGE": 5, "ID_PARC": 3, "ID_PAYS": 9, "ID_MDAD": 9, "BV": "{Alembon2}" }, "geometry": { "type": "MultiLineString", "coordinates": [ [ [ 1.858671703996295, 50.78389860830206 ], [ 1.858675073930692, 50.783905278253556 ], [ 1.858688363727092, 50.783923658129915 ], [ 1.858691733707871, 50.783923658138399 ], [ 1.858698413588918, 50.783935288055844 ], [ 1.85871672331078, 50.783960277888411 ], [ 1.858733383053622, 50.783983607730981 ], [ 1.858748382805892, 50.784006947569303 ], [ 1.858766692527443, 50.784031997401378 ], [ 1.858780042289243, 50.784055327235663 ], [ 1.858795052030151, 50.784080307060044 ], [ 1.858811701784605, 50.784101996916618 ], [ 1.858821691600502, 50.784120306785319 ], [ 1.858830011425922, 50.784138616649827 ], [ 1.858831731392715, 50.784141986625364 ], [ 1.858843371234187, 50.784155266541191 ], [ 1.85885837103265, 50.784171986436085 ], [ 1.858870070838805, 50.784190306308993 ], [ 1.858881700668434, 50.784205306210119 ], [ 1.858893400497679, 50.784220306111351 ] ] ] } },
{ "type": "Feature", "properties": { "fid": 81, "ID_RUISSOL": "4556", "ID_ENTITE": "148", "TYPEOUVRAG": "Haie", "NUMEROINTE": "hem14", "COMMUNEINS": "62020", "COMMUNE": "ALEMBON", "MAITREOUVR": "SYMVAHEM", "PAMONTPROP": null, "PAMONTAGRI": "EARL DE LA VALLEE MADAME DACQUIN Didier", "PAVALPROPR": null, "PAVALAGRIC": "GAEC DU PUITS DU SART CANLER Mathieu et Damien", "DATEREALIS": "2014-02-01", "LONGUEUR": "107", "LARGEUR": "1", "HAUTEUR": "0", "SURFACE": "107", "VOLUME": "0", "HAIE1": "0", "HAIE2": "0", "HAIE3": "107", "MATERIAUX": "Espèces arbustives locales", "OBSERVATIO": null, "ENTRETIEN": "Agriculteur", "PAMONT_REF": "OA 356", "PAVAL_REFE": "OA 340", "PAMONT_CON": "1", "PAVAL_CONV": "1", "PAMONT__01": "1", "PAVAL_C_01": "1", "PAMONT_DAT": "2012-07-04", "PAVAL_DATE": "2012-06-15", "ID_SAGE": 5, "ID_PARC": 3, "ID_PAYS": 9, "ID_MDAD": 9, "BV": "{Alembon2}" }, "geometry": { "type": "MultiLineString", "coordinates": [ [ [ 1.857208409006579, 50.782948622744613 ], [ 1.85720674901611, 50.782948622740442 ], [ 1.8571900290537, 50.782956952627352 ], [ 1.857166699070788, 50.782973612426609 ], [ 1.857158369083396, 50.782978632362834 ], [ 1.857148389082251, 50.782986962266662 ], [ 1.857130079105271, 50.782998662120853 ], [ 1.857105089155463, 50.783011951944701 ], [ 1.857086719167206, 50.783025301784605 ], [ 1.85706503920951, 50.783037001630348 ], [ 1.857040049248042, 50.783051941440085 ], [ 1.857015059274042, 50.783068661234608 ], [ 1.856988429321499, 50.783083661039718 ], [ 1.856963379371871, 50.783096950863388 ], [ 1.856940039388727, 50.783113610662618 ], [ 1.856921729411554, 50.783125310516795 ], [ 1.856905069425392, 50.783136940375641 ], [ 1.856883389455914, 50.783150290207232 ], [ 1.85686170949801, 50.783161990052967 ], [ 1.856838379538371, 50.783175279880936 ], [ 1.856820069549503, 50.783188629720982 ], [ 1.856796739577789, 50.783203629534377 ], [ 1.856773399629732, 50.783215269376385 ], [ 1.856746699688886, 50.78322861919542 ], [ 1.856721709726606, 50.783243619004615 ], [ 1.856698379766316, 50.783256978832007 ], [ 1.856673389815586, 50.783270328655263 ], [ 1.856651709846285, 50.783283618487381 ], [ 1.856636709838271, 50.783296968335712 ], [ 1.856613379877957, 50.783310318163196 ], [ 1.856596719903135, 50.783320298036145 ], [ 1.856590039941397, 50.783320298019383 ], [ 1.856578409926135, 50.783331927890877 ], [ 1.856558379946787, 50.783345287726526 ], [ 1.856535049998072, 50.783356977568083 ], [ 1.856511720038066, 50.783370267396087 ], [ 1.856488380077669, 50.7833836172235 ], [ 1.856461740124445, 50.783398627028454 ], [ 1.856441720144991, 50.78341197686418 ], [ 1.856420040175015, 50.783425326695777 ], [ 1.856401720197839, 50.783436966550362 ], [ 1.856380040227821, 50.783450316381945 ], [ 1.856361730238917, 50.783463606222462 ], [ 1.856340050268855, 50.783476956054031 ], [ 1.85632174029112, 50.783488655908144 ], [ 1.856301720312008, 50.783501935744468 ], [ 1.856280040341878, 50.783515285575994 ], [ 1.856258420383016, 50.783526985421823 ], [ 1.856233370420401, 50.783541995230735 ], [ 1.856210040460054, 50.783555285058696 ], [ 1.856188420489483, 50.783568634890401 ], [ 1.856166740519229, 50.783581984721941 ], [ 1.856145060549376, 50.783595274553988 ], [ 1.856125030569647, 50.78360862438965 ], [ 1.856115050591256, 50.783613644321711 ], [ 1.856118420571994, 50.783613644330188 ] ] ] } },
{ "type": "Feature", "properties": { "fid": 82, "ID_RUISSOL": "4557", "ID_ENTITE": "148", "TYPEOUVRAG": "Haie", "NUMEROINTE": "hem15", "COMMUNEINS": "62020", "COMMUNE": "ALEMBON", "MAITREOUVR": "SYMVAHEM", "PAMONTPROP": null, "PAMONTAGRI": "GAEC DU PUITS DU SART CANLER Mathieu et Damien", "PAVALPROPR": null, "PAVALAGRIC": "GAEC DU PUITS DU SART CANLER Mathieu et Damien", "DATEREALIS": "2014-02-01", "LONGUEUR": "73", "LARGEUR": "1", "HAUTEUR": "0", "SURFACE": "75", "VOLUME": "0", "HAIE1": "0", "HAIE2": "0", "HAIE3": "75", "MATERIAUX": "Espèces arbustives locales", "OBSERVATIO": null, "ENTRETIEN": "Agriculteur", "PAMONT_REF": "OA 295", "PAVAL_REFE": "OA 369", "PAMONT_CON": "1", "PAVAL_CONV": "1", "PAMONT__01": "1", "PAVAL_C_01": "1", "PAMONT_DAT": "2012-06-15", "PAVAL_DATE": "2012-06-15", "ID_SAGE": 5, "ID_PARC": 3, "ID_PAYS": 9, "ID_MDAD": 9, "BV": "{Alembon2}" }, "geometry": { "type": "MultiLineString", "coordinates": [ [ [ 1.877669918482641, 50.7866686725216 ], [ 1.877681618458394, 50.786661992607861 ], [ 1.877684928450053, 50.786660342630249 ], [ 1.87764988870808, 50.786650302627116 ], [ 1.877579889212846, 50.786631992606047 ], [ 1.877508239726952, 50.786613682580807 ], [ 1.877431570269697, 50.78659530254351 ], [ 1.877356610792348, 50.786578642495911 ], [ 1.877283241316407, 50.78656033246633 ], [ 1.877209931829965, 50.786543682422824 ], [ 1.877134912363913, 50.786525302389734 ], [ 1.877053282934563, 50.78650699233939 ], [ 1.876961603561641, 50.786488682263666 ], [ 1.876879904133309, 50.786470312213631 ], [ 1.876799924716002, 50.786448632196127 ], [ 1.876734945173349, 50.786433622159755 ] ] ] } },
{ "type": "Feature", "properties": { "fid": 83, "ID_RUISSOL": "4559", "ID_ENTITE": "148", "TYPEOUVRAG": "Haie", "NUMEROINTE": "hem17", "COMMUNEINS": "62020", "COMMUNE": "ALEMBON", "MAITREOUVR": "SYMVAHEM", "PAMONTPROP": null, "PAMONTAGRI": "GAEC DU PUITS DU SART CANLER Mathieu et Damien", "PAVALPROPR": null, "PAVALAGRIC": "GAEC DU PUITS DU SART CANLER Mathieu et Damien", "DATEREALIS": "2014-02-01", "LONGUEUR": "0", "LARGEUR": "1", "HAUTEUR": "0", "SURFACE": "15", "VOLUME": "0", "HAIE1": "0", "HAIE2": "0", "HAIE3": "15", "MATERIAUX": "Espèces arbustives locales", "OBSERVATIO": null, "ENTRETIEN": "Agriculteur", "PAMONT_REF": "OA 369", "PAVAL_REFE": "OA 369", "PAMONT_CON": "1", "PAVAL_CONV": "1", "PAMONT__01": "1", "PAVAL_C_01": "1", "PAMONT_DAT": "2012-06-15", "PAVAL_DATE": "2012-06-15", "ID_SAGE": 5, "ID_PARC": 3, "ID_PAYS": 9, "ID_MDAD": 9, "BV": "{Alembon2}" }, "geometry": { "type": "MultiLineString", "coordinates": [ [ [ 1.877416567483082, 50.785442002304372 ], [ 1.877421587475143, 50.785438702345047 ], [ 1.877428267540849, 50.785421972504011 ], [ 1.877438247607878, 50.785402012698704 ], [ 1.877454907616769, 50.785385352882216 ], [ 1.877479957537335, 50.785375313030634 ], [ 1.877511617347947, 50.785377023095897 ], [ 1.877544937129112, 50.785381983137775 ] ] ] } },
{ "type": "Feature", "properties": { "fid": 84, "ID_RUISSOL": "4560", "ID_ENTITE": "148", "TYPEOUVRAG": "Haie", "NUMEROINTE": "hem18", "COMMUNEINS": "62020", "COMMUNE": "ALEMBON", "MAITREOUVR": "SYMVAHEM", "PAMONTPROP": "Commune d'Alembon COZE Jocelyne", "PAMONTAGRI": null, "PAVALPROPR": "Commune d'Alembon COZE Jocelyne", "PAVALAGRIC": null, "DATEREALIS": "2014-02-01", "LONGUEUR": "120", "LARGEUR": "1", "HAUTEUR": "0", "SURFACE": "100", "VOLUME": "0", "HAIE1": "0", "HAIE2": "0", "HAIE3": "100", "MATERIAUX": "Espèces arbustives locales", "OBSERVATIO": null, "ENTRETIEN": "Agriculteur", "PAMONT_REF": "OA 289", "PAVAL_REFE": "OA 318", "PAMONT_CON": "1", "PAVAL_CONV": "1", "PAMONT__01": "1", "PAVAL_C_01": "1", "PAMONT_DAT": "2012-06-27", "PAVAL_DATE": "2012-06-27", "ID_SAGE": 5, "ID_PARC": 3, "ID_PAYS": 9, "ID_MDAD": 9, "BV": "{Alembon2}" }, "geometry": { "type": "MultiLineString", "coordinates": [ [ [ 1.877271613118087, 50.784663688549891 ], [ 1.877276573121058, 50.78465865860511 ], [ 1.877274923223255, 50.784643658728342 ], [ 1.877274923346783, 50.784623698897825 ], [ 1.877268243498475, 50.784605319037134 ], [ 1.877263283639973, 50.784587009180136 ], [ 1.877259913762232, 50.784570349313128 ], [ 1.877256613894684, 50.784551979460836 ], [ 1.877253244037378, 50.784532019621878 ], [ 1.877249934200662, 50.784508679811708 ], [ 1.877244914363396, 50.784486999983208 ], [ 1.877241604516416, 50.784465320158979 ], [ 1.877238304669016, 50.784443700334293 ], [ 1.877233284831777, 50.784422020505744 ], [ 1.877228255004816, 50.784398690691177 ], [ 1.877224955157809, 50.784377010866976 ], [ 1.877221585300992, 50.784356981028594 ], [ 1.877216625463012, 50.784335371199617 ], [ 1.877213255616424, 50.784313691375232 ], [ 1.877208295778893, 50.784292011546867 ], [ 1.87720492593232, 50.78427033172246 ], [ 1.877199966105085, 50.784246991908191 ], [ 1.877198246259347, 50.784223662101972 ], [ 1.877194946412394, 50.784201982277764 ], [ 1.877189916554433, 50.784183672420603 ], [ 1.877188266687876, 50.784163642586527 ], [ 1.877184966851158, 50.78414031277633 ], [ 1.877183247005444, 50.784116982970083 ], [ 1.877181597159397, 50.78409364316412 ], [ 1.877179937313345, 50.784070313358036 ], [ 1.877178287467242, 50.784046983551981 ], [ 1.877178287611796, 50.784023643750174 ], [ 1.877179937746873, 50.78400031395244 ], [ 1.877179937911862, 50.783973674178647 ], [ 1.877181598046879, 50.783950344380912 ], [ 1.87718159820165, 50.783925354593123 ], [ 1.877181598335918, 50.783903674777193 ], [ 1.877184968450947, 50.783881994969747 ], [ 1.877188268566371, 50.783860315162087 ], [ 1.877191638681021, 50.783838695354184 ], [ 1.877194948796374, 50.783817015546575 ], [ 1.877199968901957, 50.783795335743264 ], [ 1.877203279017299, 50.783773655935669 ], [ 1.877208299133082, 50.783750326146397 ], [ 1.877213259228333, 50.783730366328321 ], [ 1.877219929314233, 50.783710336515163 ], [ 1.877224959409063, 50.783690376697301 ], [ 1.877231629463865, 50.783675366841493 ], [ 1.877234939465801, 50.783671996878454 ], [ 1.877236589456366, 50.783671996882617 ], [ 1.877233289537027, 50.783662016959035 ], [ 1.877241609613454, 50.783641987149998 ], [ 1.877251599679886, 50.783622027344563 ], [ 1.87725826977594, 50.783600347545452 ], [ 1.877268249842829, 50.783580317740572 ], [ 1.877276579928924, 50.783558707945019 ] ] ] } },
{ "type": "Feature", "properties": { "fid": 85, "ID_RUISSOL": "4580", "ID_ENTITE": "148", "TYPEOUVRAG": "Fascine", "NUMEROINTE": "hem20", "COMMUNEINS": "62618", "COMMUNE": "NORDAUSQUES", "MAITREOUVR": "SYMVAHEM", "PAMONTPROP": null, "PAMONTAGRI": "DELBENDE Loic", "PAVALPROPR": null, "PAVALAGRIC": "DELBENDE Loic", "DATEREALIS": "2014-02-01", "LONGUEUR": "13", "LARGEUR": "1", "HAUTEUR": "0", "SURFACE": "12", "VOLUME": "0", "HAIE1": "0", "HAIE2": "0", "HAIE3": "0", "MATERIAUX": "Pieux et fagots de saules", "OBSERVATIO": null, "ENTRETIEN": "Agriculteur", "PAMONT_REF": "ZE 58", "PAVAL_REFE": "ZE 58", "PAMONT_CON": "1", "PAVAL_CONV": "1", "PAMONT__01": "1", "PAVAL_C_01": "1", "PAMONT_DAT": "2012-06-26", "PAVAL_DATE": "2012-06-26", "ID_SAGE": 5, "ID_PARC": 3, "ID_PAYS": 9, "ID_MDAD": 9, "BV": "{Hem_aval}" }, "geometry": { "type": "MultiLineString", "coordinates": [ [ [ 2.070158595991212, 50.808895665367316 ], [ 2.070160255970228, 50.808900685337512 ], [ 2.070146926031423, 50.808898975307912 ], [ 2.070115256197866, 50.808887335290365 ], [ 2.070085256352612, 50.808877355266439 ], [ 2.070055256507514, 50.808867315242964 ], [ 2.070025256657655, 50.808858985207557 ], [ 2.070006926753803, 50.808852305196986 ] ] ] } },
{ "type": "Feature", "properties": { "fid": 86, "ID_RUISSOL": "4582", "ID_ENTITE": "148", "TYPEOUVRAG": "Haie", "NUMEROINTE": "hem22a", "COMMUNEINS": "62020", "COMMUNE": "ALEMBON", "MAITREOUVR": "SYMVAHEM", "PAMONTPROP": "Commune d'Alembon COZE Jocelyne", "PAMONTAGRI": null, "PAVALPROPR": null, "PAVALAGRIC": "DOLLE DECAUFOUR Aurélie", "DATEREALIS": "2014-02-01", "LONGUEUR": "155", "LARGEUR": "1", "HAUTEUR": "0", "SURFACE": "155", "VOLUME": "0", "HAIE1": "0", "HAIE2": "0", "HAIE3": "155", "MATERIAUX": "Espèces arbustives locales", "OBSERVATIO": null, "ENTRETIEN": "Agriculteur", "PAMONT_REF": null, "PAVAL_REFE": "OB 485", "PAMONT_CON": "1", "PAVAL_CONV": "1", "PAMONT__01": "1", "PAVAL_C_01": "1", "PAMONT_DAT": "2012-06-27", "PAVAL_DATE": "2012-07-02", "ID_SAGE": 5, "ID_PARC": 3, "ID_PAYS": 9, "ID_MDAD": 9, "BV": "{Alembon1}" }, "geometry": { "type": "MultiLineString", "coordinates": [ [ [ 1.864375150209764, 50.766247152648916 ], [ 1.864373490209328, 50.766248802630848 ], [ 1.864363450330004, 50.766240472676671 ], [ 1.864348450516405, 50.766227122752795 ], [ 1.864335160702943, 50.766212122847136 ], [ 1.864328480869344, 50.766193802985931 ], [ 1.864323461025415, 50.76617543312922 ], [ 1.864318441181089, 50.766157123272016 ], [ 1.864315131314648, 50.766140463405051 ], [ 1.864315131359593, 50.766133793461528 ], [ 1.864310111504163, 50.766117133590335 ], [ 1.864308451638235, 50.766098823741409 ], [ 1.864303501816194, 50.766077143912938 ], [ 1.864300131983992, 50.766055464088339 ], [ 1.864298472118075, 50.766037154239399 ], [ 1.864295102252052, 50.76602049437227 ], [ 1.864296822252567, 50.766018774391107 ], [ 1.86429345237536, 50.766003774509905 ], [ 1.864290142531202, 50.765983814670854 ], [ 1.864288492687945, 50.765962134850497 ], [ 1.864285122855775, 50.76594045502592 ], [ 1.86428016301121, 50.765922135168942 ], [ 1.864276793190175, 50.765898805358304 ], [ 1.864273493346452, 50.765878775519901 ], [ 1.864268463524539, 50.765857165690612 ], [ 1.864268463659552, 50.765837135860345 ], [ 1.864263443838062, 50.765815456031653 ], [ 1.864260134005548, 50.765793776207218 ], [ 1.864258484161932, 50.765772156386333 ], [ 1.864260134263998, 50.765755436532061 ], [ 1.864261794297846, 50.765748826592173 ], [ 1.864261794309443, 50.76574710660671 ], [ 1.864261794331687, 50.765743806634696 ], [ 1.864261794443991, 50.765727146775831 ], [ 1.86426344457949, 50.765705466963617 ], [ 1.864256834779415, 50.765682137145006 ], [ 1.864261794870832, 50.765663827312345 ], [ 1.864261794904738, 50.765658797354952 ], [ 1.864260134960419, 50.765652127407407 ], [ 1.864256835037874, 50.765643797469856 ], [ 1.864255115127447, 50.765632157564241 ], [ 1.864253465194661, 50.765623767631254 ], [ 1.864248445384352, 50.765600437816545 ], [ 1.864243485573668, 50.765577108002013 ], [ 1.864240115763914, 50.76555211820542 ], [ 1.864235155964441, 50.765527128404962 ], [ 1.864235156144055, 50.76550048863065 ], [ 1.864233506312015, 50.765477158824268 ], [ 1.864228476524548, 50.765450459038057 ], [ 1.86422510671483, 50.765425469241499 ], [ 1.864220146926526, 50.765398829454988 ], [ 1.864216777105633, 50.765375499644286 ], [ 1.864215127273622, 50.765352169837946 ], [ 1.864210167474626, 50.765327120037938 ], [ 1.864205147652894, 50.765305500208719 ] ] ] } },
{ "type": "Feature", "properties": { "fid": 87, "ID_RUISSOL": "4583", "ID_ENTITE": "148", "TYPEOUVRAG": "Fascine", "NUMEROINTE": "hem23a", "COMMUNEINS": "62155", "COMMUNE": "BONNINGUES-LES-ARDRES", "MAITREOUVR": "SYMVAHEM", "PAMONTPROP": null, "PAMONTAGRI": "DAMBRICOURT Alexandra", "PAVALPROPR": null, "PAVALAGRIC": "FONTAINE Hubert", "DATEREALIS": "2014-02-01", "LONGUEUR": "12", "LARGEUR": "1", "HAUTEUR": "0", "SURFACE": "17", "VOLUME": "0", "HAIE1": "0", "HAIE2": "0", "HAIE3": "0", "MATERIAUX": "Pieux et fagots de saules", "OBSERVATIO": null, "ENTRETIEN": "Agriculteur", "PAMONT_REF": "OB 98", "PAVAL_REFE": "OB 98", "PAMONT_CON": "1", "PAVAL_CONV": "1", "PAMONT__01": "1", "PAVAL_C_01": "1", "PAMONT_DAT": "2012-06-28", "PAVAL_DATE": "2012-07-10", "ID_SAGE": 5, "ID_PARC": 3, "ID_PAYS": 9, "ID_MDAD": 9, "BV": "{Bonningues_les_Ardres}" }, "geometry": { "type": "MultiLineString", "coordinates": [ [ [ 2.02636218758391, 50.789490687576802 ], [ 2.026373847534788, 50.789490687610972 ], [ 2.026417187342836, 50.78949233772591 ], [ 2.02645718716496, 50.789493987831072 ], [ 2.026497186996441, 50.789493987948298 ], [ 2.026532186848989, 50.789493988050879 ] ] ] } },
{ "type": "Feature", "properties": { "fid": 88, "ID_RUISSOL": "4586", "ID_ENTITE": "148", "TYPEOUVRAG": "Haie", "NUMEROINTE": "hem26", "COMMUNEINS": "62775", "COMMUNE": "SANGHEN", "MAITREOUVR": "SYMVAHEM", "PAMONTPROP": null, "PAMONTAGRI": "VERRONS Jean François", "PAVALPROPR": null, "PAVALAGRIC": "VERRONS Jean François", "DATEREALIS": "2014-02-01", "LONGUEUR": "10", "LARGEUR": "1", "HAUTEUR": "0", "SURFACE": "10", "VOLUME": "0", "HAIE1": "0", "HAIE2": "0", "HAIE3": "10", "MATERIAUX": "Espèces arbustives locales", "OBSERVATIO": null, "ENTRETIEN": "Agriculteur", "PAMONT_REF": "OB 370", "PAVAL_REFE": "OB 370", "PAMONT_CON": "1", "PAVAL_CONV": "1", "PAMONT__01": "1", "PAVAL_C_01": "1", "PAMONT_DAT": "2012-06-28", "PAVAL_DATE": "2012-06-28", "ID_SAGE": 5, "ID_PARC": 3, "ID_PAYS": 9, "ID_MDAD": 9, "BV": "{Sanghen}" }, "geometry": { "type": "MultiLineString", "coordinates": [ [ [ 1.877026605398869, 50.769392903911161 ], [ 1.87691279296117, 50.769309849606856 ] ] ] } },
{ "type": "Feature", "properties": { "fid": 89, "ID_RUISSOL": "4587", "ID_ENTITE": "148", "TYPEOUVRAG": "Fascine", "NUMEROINTE": "hem27", "COMMUNEINS": "62432", "COMMUNE": "HERBINGHEN", "MAITREOUVR": "SYMVAHEM", "PAMONTPROP": null, "PAMONTAGRI": "GAEC FOURNIER FOURNIER Joel", "PAVALPROPR": null, "PAVALAGRIC": "EVRARD Paul Marie", "DATEREALIS": "2014-02-01", "LONGUEUR": "13", "LARGEUR": "1", "HAUTEUR": "0", "SURFACE": "12", "VOLUME": "0", "HAIE1": "0", "HAIE2": "0", "HAIE3": "0", "MATERIAUX": "Pieux et fagots de saules", "OBSERVATIO": null, "ENTRETIEN": "Agriculteur", "PAMONT_REF": "OB 234", "PAVAL_REFE": "OB 233", "PAMONT_CON": "1", "PAVAL_CONV": "1", "PAMONT__01": "1", "PAVAL_C_01": "1", "PAMONT_DAT": "2012-07-18", "PAVAL_DATE": "2010-10-28", "ID_SAGE": 5, "ID_PARC": 3, "ID_PAYS": 9, "ID_MDAD": 9, "BV": "{Herbinghem}" }, "geometry": { "type": "MultiLineString", "coordinates": [ [ [ 1.886601720445494, 50.755398928666096 ], [ 1.886606740410951, 50.755398928678382 ], [ 1.886591740426609, 50.755413938515844 ], [ 1.88657006045892, 50.755433968294874 ], [ 1.886545070533687, 50.75545061809418 ], [ 1.886520080608362, 50.755467277893374 ], [ 1.886493380714089, 50.755480627716125 ] ] ] } },
{ "type": "Feature", "properties": { "fid": 90, "ID_RUISSOL": "4589", "ID_ENTITE": "148", "TYPEOUVRAG": "Fascine", "NUMEROINTE": "hem19", "COMMUNEINS": "62827", "COMMUNE": "TOURNEHEM-SUR-LA-HEM", "MAITREOUVR": "SYMVAHEM", "PAMONTPROP": null, "PAMONTAGRI": "SCEA LES LIBIS DUCROCQ Edouard", "PAVALPROPR": null, "PAVALAGRIC": "EARL DE LA LONGUE HAIE LEDUC Bruno", "DATEREALIS": "2014-02-01", "LONGUEUR": "37", "LARGEUR": "1", "HAUTEUR": "0", "SURFACE": "35", "VOLUME": "0", "HAIE1": "0", "HAIE2": "0", "HAIE3": "0", "MATERIAUX": "Pieux et fagots de saules", "OBSERVATIO": null, "ENTRETIEN": "Agriculteur", "PAMONT_REF": "ZC 24", "PAVAL_REFE": "ZC 39", "PAMONT_CON": "1", "PAVAL_CONV": "1", "PAMONT__01": "1", "PAVAL_C_01": "1", "PAMONT_DAT": "2012-06-26", "PAVAL_DATE": "2012-06-26", "ID_SAGE": 5, "ID_PARC": 3, "ID_PAYS": 9, "ID_MDAD": 9, "BV": "{Hem_aval}" }, "geometry": { "type": "MultiLineString", "coordinates": [ [ [ 2.05040035851112, 50.800992308631869 ], [ 2.050390358559779, 50.800988998623602 ], [ 2.050340358803296, 50.800972348582675 ], [ 2.050290359054868, 50.800952318565187 ], [ 2.050237029315845, 50.800934008525346 ], [ 2.050182019583789, 50.800915628480766 ], [ 2.050128689836772, 50.800900628418034 ], [ 2.050077030078843, 50.80088733834868 ], [ 2.05002536032897, 50.800870678302658 ], [ 2.049973690579212, 50.800853958256987 ], [ 2.049927030808885, 50.800837298226561 ] ] ] } },
{ "type": "Feature", "properties": { "fid": 91, "ID_RUISSOL": "4590", "ID_ENTITE": "148", "TYPEOUVRAG": "Fascine", "NUMEROINTE": "hem29", "COMMUNEINS": "62827", "COMMUNE": "TOURNEHEM-SUR-LA-HEM", "MAITREOUVR": "SYMVAHEM", "PAMONTPROP": null, "PAMONTAGRI": "EARL DE LA LONGUE HAIE LEDUC Bruno", "PAVALPROPR": null, "PAVALAGRIC": "EARL LHEUREUX LHEUREUX THIERRY", "DATEREALIS": "2014-02-01", "LONGUEUR": "35", "LARGEUR": "1", "HAUTEUR": "0", "SURFACE": "35", "VOLUME": "0", "HAIE1": "0", "HAIE2": "0", "HAIE3": "0", "MATERIAUX": "Pieux et fagots de saules", "OBSERVATIO": null, "ENTRETIEN": "Agriculteur", "PAMONT_REF": "ZC 10", "PAVAL_REFE": "ZC 11", "PAMONT_CON": "1", "PAVAL_CONV": "1", "PAMONT__01": "1", "PAVAL_C_01": "1", "PAMONT_DAT": "2012-06-29", "PAVAL_DATE": "2012-07-13", "ID_SAGE": 5, "ID_PARC": 3, "ID_PAYS": 9, "ID_MDAD": 9, "BV": "{Hem_aval}" }, "geometry": { "type": "MultiLineString", "coordinates": [ [ [ 2.046747070024302, 50.795407366159154 ], [ 2.046758730011915, 50.795400686241237 ], [ 2.046775400005687, 50.795388986373588 ], [ 2.046793729992234, 50.795377356510471 ], [ 2.04681039999481, 50.795364006654317 ], [ 2.046833729969589, 50.795350716818014 ], [ 2.04685706996264, 50.795333997005663 ], [ 2.046885399943586, 50.795315687219485 ], [ 2.046912069931363, 50.795297377428305 ], [ 2.046937059908437, 50.795282367609005 ], [ 2.04696206988536, 50.79526736778967 ], [ 2.046990399857435, 50.795250707991983 ], [ 2.047015399843236, 50.795234048184135 ], [ 2.047040399829346, 50.795217328376715 ], [ 2.04706372981315, 50.795202328552172 ], [ 2.04708539979467, 50.795189038710681 ] ] ] } },
{ "type": "Feature", "properties": { "fid": 92, "ID_RUISSOL": "4591", "ID_ENTITE": "148", "TYPEOUVRAG": "Haie", "NUMEROINTE": "hem30a", "COMMUNEINS": "62827", "COMMUNE": "TOURNEHEM-SUR-LA-HEM", "MAITREOUVR": "SYMVAHEM", "PAMONTPROP": null, "PAMONTAGRI": "EARL DE LA LONGUE HAIE LEDUC Bruno", "PAVALPROPR": null, "PAVALAGRIC": "EARL DE LA LONGUE HAIE LEDUC Bruno", "DATEREALIS": "2014-02-01", "LONGUEUR": "73", "LARGEUR": "1", "HAUTEUR": "0", "SURFACE": "75", "VOLUME": "0", "HAIE1": "0", "HAIE2": "0", "HAIE3": "75", "MATERIAUX": "Espèces arbustives locales", "OBSERVATIO": null, "ENTRETIEN": "Agriculteur", "PAMONT_REF": "ZB 41", "PAVAL_REFE": "ZB 41", "PAMONT_CON": "1", "PAVAL_CONV": "1", "PAMONT__01": "1", "PAVAL_C_01": "1", "PAMONT_DAT": "2012-06-29", "PAVAL_DATE": "2012-06-29", "ID_SAGE": 5, "ID_PARC": 3, "ID_PAYS": 9, "ID_MDAD": 9, "BV": "{Hem_aval}" }, "geometry": { "type": "MultiLineString", "coordinates": [ [ [ 2.066801956115078, 50.803037335679562 ], [ 2.06680028609463, 50.803047385604494 ], [ 2.066771946129903, 50.803077335307712 ], [ 2.066745286162636, 50.803105685027354 ], [ 2.066720286188539, 50.80313404475212 ], [ 2.066691956228379, 50.803162334466919 ], [ 2.066666956258848, 50.803189034203214 ], [ 2.06664028629172, 50.803217393922736 ], [ 2.066615286326916, 50.803242373670962 ], [ 2.066590286348482, 50.803272383384261 ], [ 2.066565286379223, 50.80329902312095 ], [ 2.066530286464682, 50.803320702860873 ], [ 2.066503616506843, 50.803345692603834 ], [ 2.066466956590226, 50.803370682315574 ], [ 2.066428616685077, 50.8033940120336 ], [ 2.066391956777508, 50.803415691768357 ], [ 2.066350286890634, 50.803437371487497 ], [ 2.066310286992439, 50.803460701200379 ], [ 2.066266957117119, 50.803480670926184 ], [ 2.066225287230353, 50.803502350645289 ], [ 2.066181957346009, 50.803525680347718 ], [ 2.06615861741067, 50.803537380193475 ] ] ] } },
{ "type": "Feature", "properties": { "fid": 93, "ID_RUISSOL": "4593", "ID_ENTITE": "148", "TYPEOUVRAG": "Haie", "NUMEROINTE": "hem32a", "COMMUNEINS": "62827", "COMMUNE": "TOURNEHEM-SUR-LA-HEM", "MAITREOUVR": "SYMVAHEM", "PAMONTPROP": null, "PAMONTAGRI": "LEFEBVRE Hubert", "PAVALPROPR": null, "PAVALAGRIC": "LEFEBVRE Hubert", "DATEREALIS": "2014-02-01", "LONGUEUR": "107", "LARGEUR": "1", "HAUTEUR": "0", "SURFACE": "110", "VOLUME": "0", "HAIE1": "0", "HAIE2": "0", "HAIE3": "110", "MATERIAUX": "Espèces arbustives locales", "OBSERVATIO": null, "ENTRETIEN": "Agriculteur", "PAMONT_REF": "ZE 01", "PAVAL_REFE": "ZE 01", "PAMONT_CON": "1", "PAVAL_CONV": "1", "PAMONT__01": "1", "PAVAL_C_01": "1", "PAMONT_DAT": "2012-06-29", "PAVAL_DATE": "2012-06-29", "ID_SAGE": 5, "ID_PARC": 3, "ID_PAYS": 9, "ID_MDAD": 9, "BV": "{Hem_aval}" }, "geometry": { "type": "MultiLineString", "coordinates": [ [ [ 2.052088716523664, 50.793785703576255 ], [ 2.052090386551866, 50.793779023627202 ], [ 2.05210871658949, 50.793757403831208 ], [ 2.05213871657897, 50.793735724070807 ], [ 2.052167056601719, 50.793709024339876 ], [ 2.052193716631104, 50.793682384603436 ], [ 2.052223716637873, 50.793657404865634 ], [ 2.052250386658812, 50.793632355118234 ], [ 2.052280386674259, 50.793605715391813 ], [ 2.052307056703511, 50.793579075655302 ], [ 2.052333716706715, 50.793557395884605 ], [ 2.052362046711688, 50.793534056130376 ], [ 2.052390386716542, 50.793510726376056 ], [ 2.05241705671098, 50.793490696594048 ], [ 2.052443726722737, 50.793467366834655 ], [ 2.052472056718907, 50.793445687068925 ], [ 2.052498716721685, 50.793424067297693 ], [ 2.052527056726443, 50.793400737543273 ], [ 2.052555386731221, 50.793377407788782 ], [ 2.05258538672037, 50.793355728027976 ], [ 2.052610386730288, 50.79333404825212 ], [ 2.052637046733285, 50.793312368481182 ], [ 2.052662056742813, 50.793290748704898 ], [ 2.052685386759625, 50.793269068923969 ], [ 2.05270205680412, 50.793247389122953 ], [ 2.052710386891956, 50.793224059308194 ], [ 2.05272538694338, 50.793202379502141 ], [ 2.052742056961491, 50.793185719666631 ], [ 2.05275205704241, 50.793162379856945 ], [ 2.052767057111128, 50.793137400073483 ], [ 2.05278205717117, 50.793114070278712 ], [ 2.052795387246868, 50.793089080490326 ], [ 2.052810387315922, 50.793064030707342 ], [ 2.052822057407164, 50.793037390925242 ], [ 2.052825387533119, 50.793010751118111 ], [ 2.052830387626091, 50.792989071281916 ], [ 2.052835387719054, 50.79296739144575 ] ] ] } },
{ "type": "Feature", "properties": { "fid": 94, "ID_RUISSOL": "4594", "ID_ENTITE": "148", "TYPEOUVRAG": "Haie", "NUMEROINTE": "hem33a", "COMMUNEINS": "62827", "COMMUNE": "TOURNEHEM-SUR-LA-HEM", "MAITREOUVR": "SYMVAHEM", "PAMONTPROP": null, "PAMONTAGRI": "LEFEBVRE Hubert", "PAVALPROPR": null, "PAVALAGRIC": "LEFEBVRE Hubert", "DATEREALIS": "2014-02-01", "LONGUEUR": "27", "LARGEUR": "1", "HAUTEUR": "0", "SURFACE": "27", "VOLUME": "0", "HAIE1": "0", "HAIE2": "0", "HAIE3": "27", "MATERIAUX": "Espèces arbustives locales", "OBSERVATIO": null, "ENTRETIEN": "Agriculteur", "PAMONT_REF": "ZC 45", "PAVAL_REFE": "ZC 45", "PAMONT_CON": "1", "PAVAL_CONV": "1", "PAMONT__01": "1", "PAVAL_C_01": "1", "PAMONT_DAT": "2012-06-29", "PAVAL_DATE": "2012-06-29", "ID_SAGE": 5, "ID_PARC": 3, "ID_PAYS": 9, "ID_MDAD": 9, "BV": "{Hem_aval}" }, "geometry": { "type": "MultiLineString", "coordinates": [ [ [ 2.052313685126517, 50.799593983970702 ], [ 2.052307025162261, 50.79959232396137 ], [ 2.05227368526247, 50.799599003811366 ], [ 2.052227025416724, 50.799605683619795 ], [ 2.052178685577832, 50.799612353423072 ], [ 2.052130355738839, 50.799619033226293 ], [ 2.052082025900205, 50.799625643029941 ], [ 2.052037016056444, 50.799630662854945 ], [ 2.051990356201969, 50.799638992651971 ], [ 2.051957026310806, 50.799644012513369 ] ] ] } },
{ "type": "Feature", "properties": { "fid": 95, "ID_RUISSOL": "4595", "ID_ENTITE": "148", "TYPEOUVRAG": "Haie", "NUMEROINTE": "hem34a", "COMMUNEINS": "62827", "COMMUNE": "TOURNEHEM-SUR-LA-HEM", "MAITREOUVR": "SYMVAHEM", "PAMONTPROP": null, "PAMONTAGRI": "LEFEBVRE Hubert", "PAVALPROPR": null, "PAVALAGRIC": "LEFEBVRE Hubert", "DATEREALIS": "2014-02-01", "LONGUEUR": "106", "LARGEUR": "1", "HAUTEUR": "0", "SURFACE": "106", "VOLUME": "0", "HAIE1": "0", "HAIE2": "0", "HAIE3": "106", "MATERIAUX": "Espèces arbustives locales", "OBSERVATIO": null, "ENTRETIEN": "Agriculteur", "PAMONT_REF": "ZC 47", "PAVAL_REFE": "ZC 45", "PAMONT_CON": "1", "PAVAL_CONV": "1", "PAMONT__01": "1", "PAVAL_C_01": "1", "PAMONT_DAT": "2012-06-29", "PAVAL_DATE": "2012-06-29", "ID_SAGE": 5, "ID_PARC": 3, "ID_PAYS": 9, "ID_MDAD": 9, "BV": "{Hem_aval}" }, "geometry": { "type": "MultiLineString", "coordinates": [ [ [ 2.054170348209797, 50.799475670572946 ], [ 2.05416701817121, 50.799485650494084 ], [ 2.054158678074281, 50.799510700296281 ], [ 2.054148677975785, 50.799537340082381 ], [ 2.054138677876967, 50.799564039868066 ], [ 2.054128677769839, 50.799592329642827 ], [ 2.054117017686672, 50.799617319435029 ], [ 2.05410534760322, 50.799642369226788 ], [ 2.054092017518195, 50.799669009002457 ], [ 2.05408367742153, 50.799693998804955 ], [ 2.054072017346996, 50.799717328608509 ], [ 2.054062007265758, 50.799740658417193 ], [ 2.054052017166784, 50.799767368202744 ], [ 2.05404034707498, 50.799794007983458 ], [ 2.054028676982853, 50.799820707763836 ], [ 2.05401534690643, 50.799845687550786 ], [ 2.054005346816445, 50.799870677348068 ], [ 2.053995346735124, 50.799894007156716 ], [ 2.053983676651892, 50.799918996948726 ], [ 2.053972016605645, 50.799940676763136 ], [ 2.05396034659128, 50.799965666553653 ], [ 2.053950346586492, 50.79998403639523 ], [ 2.053948676589192, 50.799985686378577 ], [ 2.053952016571557, 50.799987346377577 ], [ 2.053943676560192, 50.800005656224741 ], [ 2.05393201654567, 50.800030706014887 ], [ 2.053920346535443, 50.800054035816927 ], [ 2.053910346518453, 50.800077365624183 ], [ 2.053898676504153, 50.800102355414715 ], [ 2.053888676483092, 50.80012734521047 ], [ 2.053875346475576, 50.800152324995885 ], [ 2.053863676465379, 50.800175664797877 ], [ 2.053850346461956, 50.800198994594687 ], [ 2.053840346449099, 50.800220674413396 ], [ 2.053833676422735, 50.800242354242478 ], [ 2.053825346403112, 50.800264034066359 ], [ 2.053812016408036, 50.800283993886509 ], [ 2.053802016387059, 50.800308983682271 ], [ 2.05379201637831, 50.80032901351241 ] ] ] } },
{ "type": "Feature", "properties": { "fid": 96, "ID_RUISSOL": "4596", "ID_ENTITE": "148", "TYPEOUVRAG": "Haie", "NUMEROINTE": "hem35", "COMMUNEINS": "62827", "COMMUNE": "TOURNEHEM-SUR-LA-HEM", "MAITREOUVR": "SYMVAHEM", "PAMONTPROP": null, "PAMONTAGRI": "LEFEBVRE Hubert", "PAVALPROPR": null, "PAVALAGRIC": "LEFEBVRE Hubert", "DATEREALIS": "2014-02-01", "LONGUEUR": "130", "LARGEUR": "1", "HAUTEUR": "0", "SURFACE": "130", "VOLUME": "0", "HAIE1": "0", "HAIE2": "0", "HAIE3": "130", "MATERIAUX": "Espèces arbustives locales", "OBSERVATIO": null, "ENTRETIEN": "Agriculteur", "PAMONT_REF": "ZC 47", "PAVAL_REFE": "ZC 45", "PAMONT_CON": "1", "PAVAL_CONV": "1", "PAMONT__01": "1", "PAVAL_C_01": "1", "PAMONT_DAT": "2012-06-29", "PAVAL_DATE": "2012-06-29", "ID_SAGE": 5, "ID_PARC": 3, "ID_PAYS": 9, "ID_MDAD": 9, "BV": "{Hem_aval}" }, "geometry": { "type": "MultiLineString", "coordinates": [ [ [ 2.054222018060769, 50.799464030813809 ], [ 2.054223678045363, 50.799465690807637 ], [ 2.054237017999863, 50.799464030860563 ], [ 2.054270347899342, 50.799457361010205 ], [ 2.054308677769904, 50.79945234116407 ], [ 2.054348677642336, 50.799445661334559 ], [ 2.054388677523375, 50.799437331516309 ], [ 2.054427017393555, 50.799432371669759 ], [ 2.054467017265912, 50.799425701840157 ], [ 2.054510347168234, 50.799410692078027 ], [ 2.054548677064607, 50.799400712265843 ], [ 2.054587016943724, 50.799394032431103 ], [ 2.054625346831424, 50.79938571260751 ], [ 2.054665346695179, 50.799380682766603 ], [ 2.054703676574256, 50.7993740129317 ], [ 2.054743676446595, 50.799367333102062 ], [ 2.054782016325615, 50.79936066326718 ], [ 2.054822016197625, 50.799354043437098 ], [ 2.054860346076668, 50.799347373602167 ], [ 2.054900345948975, 50.799340693772521 ], [ 2.054938675836649, 50.79933236394892 ], [ 2.05497867570888, 50.799325694119176 ], [ 2.055018675581158, 50.799319014289459 ], [ 2.055060345446591, 50.79931234446488 ], [ 2.055098675334223, 50.799304014641265 ], [ 2.055138675206472, 50.799297334811556 ], [ 2.0551786750873, 50.799289004993085 ], [ 2.055220344961331, 50.799280675179837 ], [ 2.055262014818127, 50.799275655343912 ], [ 2.05530201470751, 50.799265675536738 ], [ 2.055342014596878, 50.799255695729514 ], [ 2.055383674470905, 50.799247365916173 ], [ 2.055425344336297, 50.799240686091593 ], [ 2.055467014210262, 50.799232356278246 ], [ 2.055508674084205, 50.7992240364648 ], [ 2.055547013980312, 50.799214046652438 ], [ 2.055588673845651, 50.799207376827681 ], [ 2.05562867372636, 50.799199047009139 ], [ 2.05567034359169, 50.799192367184467 ], [ 2.055710343472328, 50.799184047365785 ], [ 2.055750343353003, 50.799175717547172 ], [ 2.055790343225096, 50.79916903771732 ], [ 2.055830343105749, 50.799160707898643 ], [ 2.05586867298456, 50.799154038063534 ], [ 2.055903672876953, 50.799147358218036 ], [ 2.05593201280499, 50.799139028363093 ] ] ] } },
{ "type": "Feature", "properties": { "fid": 97, "ID_RUISSOL": "4597", "ID_ENTITE": "148", "TYPEOUVRAG": "Haie", "NUMEROINTE": "hem36", "COMMUNEINS": "62827", "COMMUNE": "TOURNEHEM-SUR-LA-HEM", "MAITREOUVR": "SYMVAHEM", "PAMONTPROP": null, "PAMONTAGRI": "LEFEBVRE Hubert", "PAVALPROPR": null, "PAVALAGRIC": "LEFEBVRE Hubert", "DATEREALIS": "2014-02-01", "LONGUEUR": "25", "LARGEUR": "1", "HAUTEUR": "0", "SURFACE": "25", "VOLUME": "0", "HAIE1": "0", "HAIE2": "0", "HAIE3": "25", "MATERIAUX": "Espèces arbustives locales", "OBSERVATIO": null, "ENTRETIEN": "Agriculteur", "PAMONT_REF": "ZC 58", "PAVAL_REFE": "ZC 58", "PAMONT_CON": "1", "PAVAL_CONV": "1", "PAMONT__01": "1", "PAVAL_C_01": "1", "PAMONT_DAT": "2012-06-29", "PAVAL_DATE": "2012-06-29", "ID_SAGE": 11, "ID_PARC": 3, "ID_PAYS": 9, "ID_MDAD": 9, "BV": "{Hem_aval}" }, "geometry": { "type": "MultiLineString", "coordinates": [ [ [ 2.051883686590942, 50.799647322261769 ], [ 2.051883686573223, 50.799650692238487 ], [ 2.051877026582841, 50.799654002194899 ], [ 2.051840356687859, 50.799662322023131 ], [ 2.05179535681787, 50.799672311813779 ], [ 2.051747026961117, 50.799682351593681 ], [ 2.051698687113381, 50.799690681385428 ], [ 2.051652027250136, 50.799700661170917 ], [ 2.051612027377228, 50.799707340999987 ] ] ] } },
{ "type": "Feature", "properties": { "fid": 98, "ID_RUISSOL": "4598", "ID_ENTITE": "148", "TYPEOUVRAG": "Haie", "NUMEROINTE": "hem37a", "COMMUNEINS": "62827", "COMMUNE": "TOURNEHEM-SUR-LA-HEM", "MAITREOUVR": "SYMVAHEM", "PAMONTPROP": null, "PAMONTAGRI": "LEFEBVRE Hubert", "PAVALPROPR": null, "PAVALAGRIC": "LEFEBVRE Hubert", "DATEREALIS": "2014-02-01", "LONGUEUR": "21", "LARGEUR": "1", "HAUTEUR": "0", "SURFACE": "21", "VOLUME": "0", "HAIE1": "0", "HAIE2": "0", "HAIE3": "21", "MATERIAUX": "Espèces arbustives locales", "OBSERVATIO": null, "ENTRETIEN": "Agriculteur", "PAMONT_REF": "ZC 08", "PAVAL_REFE": "ZC 08", "PAMONT_CON": "1", "PAVAL_CONV": "1", "PAMONT__01": "1", "PAVAL_C_01": "1", "PAMONT_DAT": "2012-06-29", "PAVAL_DATE": "2012-06-29", "ID_SAGE": 5, "ID_PARC": 3, "ID_PAYS": 9, "ID_MDAD": 9, "BV": "{Hem_aval}" }, "geometry": { "type": "MultiLineString", "coordinates": [ [ [ 2.046832078008266, 50.793847357297743 ], [ 2.046833737992563, 50.793849007291243 ], [ 2.046850407905409, 50.793852377318004 ], [ 2.046878737734572, 50.79386235733385 ], [ 2.046907077536835, 50.793877367314671 ], [ 2.046932077361831, 50.793890717297003 ], [ 2.046960407164212, 50.79390571727793 ], [ 2.046990406977629, 50.793917357287249 ], [ 2.04701207682528, 50.793929057271086 ], [ 2.047030406704836, 50.793937377268421 ] ] ] } },
{ "type": "Feature", "properties": { "fid": 99, "ID_RUISSOL": "4607", "ID_ENTITE": "148", "TYPEOUVRAG": "Haie", "NUMEROINTE": "hem44", "COMMUNEINS": "62020", "COMMUNE": "ALEMBON", "MAITREOUVR": "SYMVAHEM", "PAMONTPROP": null, "PAMONTAGRI": "FRAMMERY Karine", "PAVALPROPR": null, "PAVALAGRIC": "FRAMMERY Karine", "DATEREALIS": "2014-02-01", "LONGUEUR": "30", "LARGEUR": "1", "HAUTEUR": "0", "SURFACE": "30", "VOLUME": "0", "HAIE1": "0", "HAIE2": "0", "HAIE3": "30", "MATERIAUX": "Espèces arbustives locales", "OBSERVATIO": null, "ENTRETIEN": "Agriculteur", "PAMONT_REF": "OB 317", "PAVAL_REFE": "OB 306", "PAMONT_CON": "1", "PAVAL_CONV": "1", "PAMONT__01": "1", "PAVAL_C_01": "1", "PAMONT_DAT": "2012-07-02", "PAVAL_DATE": "2012-07-02", "ID_SAGE": 5, "ID_PARC": 3, "ID_PAYS": 9, "ID_MDAD": 9, "BV": "{Alembon1}" }, "geometry": { "type": "MultiLineString", "coordinates": [ [ [ 1.88167329552347, 50.77512710008866 ], [ 1.881671645543475, 50.775125440098556 ], [ 1.881678325583252, 50.775112090228092 ], [ 1.881699935582491, 50.77509041046531 ], [ 1.88172161557092, 50.775070450688141 ], [ 1.881744955549653, 50.775050420915676 ], [ 1.881764975548094, 50.775030461134406 ], [ 1.881788315526756, 50.775010431361892 ], [ 1.881813295495412, 50.774990401593527 ], [ 1.881838285463546, 50.774970441824657 ], [ 1.881849985462767, 50.774958741952702 ], [ 1.88186161545207, 50.774948762066067 ] ] ] } },
{ "type": "Feature", "properties": { "fid": 100, "ID_RUISSOL": "4608", "ID_ENTITE": "148", "TYPEOUVRAG": "Haie", "NUMEROINTE": "hem46", "COMMUNEINS": "62155", "COMMUNE": "BONNINGUES-LES-ARDRES", "MAITREOUVR": "SYMVAHEM", "PAMONTPROP": null, "PAMONTAGRI": "EARL DE L'EQUIPAY FRANQUE Gérard Alexandre (agri + maire)", "PAVALPROPR": null, "PAVALAGRIC": "EARL DE L'EQUIPAY FRANQUE Gérard Alexandre (agri + maire)", "DATEREALIS": "2014-02-01", "LONGUEUR": "105", "LARGEUR": "1", "HAUTEUR": "0", "SURFACE": "75", "VOLUME": "0", "HAIE1": "0", "HAIE2": "0", "HAIE3": "75", "MATERIAUX": "Espèces arbustives locales", "OBSERVATIO": null, "ENTRETIEN": "Agriculteur", "PAMONT_REF": "OB 267 268 269 375 489", "PAVAL_REFE": "OB 273 272 271 270 479", "PAMONT_CON": "1", "PAVAL_CONV": "1", "PAMONT__01": "1", "PAVAL_C_01": "1", "PAMONT_DAT": "2012-07-04", "PAVAL_DATE": "2012-07-04", "ID_SAGE": 5, "ID_PARC": 3, "ID_PAYS": 9, "ID_MDAD": 9, "BV": "{Bonningues_les_Ardres}" }, "geometry": { "type": "MultiLineString", "coordinates": [ [ [ 2.02878889215993, 50.779774095275748 ], [ 2.028790562114986, 50.779780765231983 ], [ 2.028785562052107, 50.779795775109321 ], [ 2.028780561970598, 50.779814084962787 ], [ 2.028780561848228, 50.779835764805561 ], [ 2.0287755617854, 50.779850764682969 ], [ 2.028768891701804, 50.779870734519768 ], [ 2.028765561622309, 50.779887394389775 ], [ 2.028763891525911, 50.77990576425195 ], [ 2.028763891431871, 50.779922424131115 ], [ 2.028760561352429, 50.779939074001206 ], [ 2.028753891287507, 50.779955733861975 ], [ 2.028747231203516, 50.779975763698303 ], [ 2.028742231112673, 50.779995723539713 ], [ 2.028733891036008, 50.780015753371408 ], [ 2.028727230952399, 50.780035713208264 ], [ 2.028720560859124, 50.780057393032557 ], [ 2.028715560758557, 50.780079072861518 ], [ 2.02871056067701, 50.780097382714899 ], [ 2.028705560567063, 50.78012072253177 ], [ 2.028700560504196, 50.780135722409156 ], [ 2.028702230374519, 50.780157402256492 ], [ 2.028697230283253, 50.780177432097368 ], [ 2.028692230183009, 50.780199051926751 ], [ 2.028687230073105, 50.780222381743663 ], [ 2.028680559979799, 50.780244061567934 ], [ 2.028678889874, 50.780264091418033 ], [ 2.028673889783117, 50.780284051259407 ], [ 2.028668889710523, 50.780300771124246 ], [ 2.028662229626812, 50.780320740960924 ], [ 2.028655559561886, 50.7803373908217 ], [ 2.0286438895187, 50.780354050668471 ], [ 2.028647229409736, 50.780370770556431 ], [ 2.028643889330234, 50.780387430426352 ], [ 2.028642229252777, 50.780402430312897 ], [ 2.028628889226169, 50.780417440167042 ], [ 2.028627229120703, 50.780437400017604 ], [ 2.028623889050508, 50.780452409899439 ], [ 2.028620559055702, 50.780454059878252 ], [ 2.028618889062979, 50.780454059873605 ], [ 2.028615558992793, 50.780469059755561 ], [ 2.028612228894203, 50.780489089600998 ], [ 2.0286122287815, 50.780509049456143 ], [ 2.028608888711297, 50.780524059337999 ], [ 2.028602228636585, 50.780542429186248 ], [ 2.028600558531096, 50.780562399036711 ], [ 2.028597228423184, 50.780584078870142 ], [ 2.028592228341569, 50.780602388723402 ], [ 2.028588888252385, 50.780620758580838 ], [ 2.028583888180084, 50.780637418446084 ], [ 2.028582228121643, 50.780649048357091 ], [ 2.028578888060799, 50.780662398250925 ], [ 2.028573887997812, 50.780677408128099 ], [ 2.028573887950774, 50.780685738067668 ], [ 2.028567227904382, 50.780699087952286 ] ] ] } },
{ "type": "Feature", "properties": { "fid": 101, "ID_RUISSOL": "4609", "ID_ENTITE": "148", "TYPEOUVRAG": "Fascine", "NUMEROINTE": "hem47", "COMMUNEINS": "62775", "COMMUNE": "SANGHEN", "MAITREOUVR": "SYMVAHEM", "PAMONTPROP": null, "PAMONTAGRI": "GAEC HENNUYER HENNUYER Nicolas", "PAVALPROPR": null, "PAVALAGRIC": "MONTUY Jérome", "DATEREALIS": "2014-02-01", "LONGUEUR": "25", "LARGEUR": "1", "HAUTEUR": "0", "SURFACE": "25", "VOLUME": "0", "HAIE1": "0", "HAIE2": "0", "HAIE3": "0", "MATERIAUX": "Pieux et fagots de saules", "OBSERVATIO": null, "ENTRETIEN": "Agriculteur", "PAMONT_REF": "OB 536", "PAVAL_REFE": "OB 534", "PAMONT_CON": "1", "PAVAL_CONV": "1", "PAMONT__01": "1", "PAVAL_C_01": "1", "PAMONT_DAT": "2012-07-04", "PAVAL_DATE": "2012-07-11", "ID_SAGE": 5, "ID_PARC": 3, "ID_PAYS": 9, "ID_MDAD": 9, "BV": "{Sanghen}" }, "geometry": { "type": "MultiLineString", "coordinates": [ [ [ 1.867683510522282, 50.752383897894198 ], [ 1.867673530569861, 50.75238726784152 ], [ 1.867631890706971, 50.752410607543688 ], [ 1.867591900832517, 50.75243393724989 ], [ 1.867551840969398, 50.752455616969861 ], [ 1.867513511083182, 50.752478946680128 ], [ 1.86747688119632, 50.752500566408891 ], [ 1.867441851308733, 50.752520596154966 ], [ 1.867420171371962, 50.752533945989782 ] ] ] } },
{ "type": "Feature", "properties": { "fid": 102, "ID_RUISSOL": "4610", "ID_ENTITE": "148", "TYPEOUVRAG": "Haie", "NUMEROINTE": "hem48", "COMMUNEINS": "62020", "COMMUNE": "ALEMBON", "MAITREOUVR": "SYMVAHEM", "PAMONTPROP": null, "PAMONTAGRI": "EARL DE LA VALLEE MADAME DACQUIN Didier", "PAVALPROPR": null, "PAVALAGRIC": "EARL DE LA VALLEE MADAME DACQUIN Didier", "DATEREALIS": "2014-02-01", "LONGUEUR": "5", "LARGEUR": "1", "HAUTEUR": "0", "SURFACE": "50", "VOLUME": "0", "HAIE1": "0", "HAIE2": "0", "HAIE3": "5", "MATERIAUX": "Espèces arbustives locales", "OBSERVATIO": null, "ENTRETIEN": "Agriculteur", "PAMONT_REF": "OB 330", "PAVAL_REFE": "OB 447", "PAMONT_CON": "1", "PAVAL_CONV": "1", "PAMONT__01": "1", "PAVAL_C_01": "1", "PAMONT_DAT": "2012-07-04", "PAVAL_DATE": "2012-07-04", "ID_SAGE": 5, "ID_PARC": 3, "ID_PAYS": 9, "ID_MDAD": 9, "BV": "{Alembon2}" }, "geometry": { "type": "MultiLineString", "coordinates": [ [ [ 1.852080098328529, 50.780198623406775 ], [ 1.852078448325832, 50.780200333388017 ], [ 1.852063448269305, 50.780220303179931 ], [ 1.85204843821245, 50.780240322971302 ] ] ] } },
{ "type": "Feature", "properties": { "fid": 103, "ID_RUISSOL": "4611", "ID_ENTITE": "148", "TYPEOUVRAG": "Haie", "NUMEROINTE": "hem49a", "COMMUNEINS": "62020", "COMMUNE": "ALEMBON", "MAITREOUVR": "SYMVAHEM", "PAMONTPROP": null, "PAMONTAGRI": "EARL DE LA VALLEE MADAME DACQUIN Didier", "PAVALPROPR": null, "PAVALAGRIC": "EARL DE LA VALLEE MADAME DACQUIN Didier", "DATEREALIS": "2014-02-01", "LONGUEUR": "55", "LARGEUR": "1", "HAUTEUR": "0", "SURFACE": "75", "VOLUME": "0", "HAIE1": "0", "HAIE2": "0", "HAIE3": "75", "MATERIAUX": "Espèces arbustives locales", "OBSERVATIO": null, "ENTRETIEN": "Agriculteur", "PAMONT_REF": "OB 456 455", "PAVAL_REFE": "OB 456 455", "PAMONT_CON": "1", "PAVAL_CONV": "1", "PAMONT__01": "1", "PAVAL_C_01": "1", "PAMONT_DAT": "2012-07-04", "PAVAL_DATE": "2012-07-04", "ID_SAGE": 5, "ID_PARC": 3, "ID_PAYS": 9, "ID_MDAD": 9, "BV": "{Alembon2}" }, "geometry": { "type": "MultiLineString", "coordinates": [ [ [ 1.855030104772319, 50.782490291201633 ], [ 1.855033404788543, 50.782485331252303 ], [ 1.855028384959767, 50.782465301410902 ], [ 1.855028385125512, 50.782441971610254 ], [ 1.85503340522666, 50.782423661779291 ], [ 1.855033405380678, 50.782401981964519 ], [ 1.855030105565521, 50.782378642155699 ], [ 1.855028385729463, 50.78235696233665 ], [ 1.855026735833825, 50.782343612446589 ], [ 1.85501840602368, 50.782323652596254 ], [ 1.855011726216255, 50.782301972764749 ], [ 1.855006766410711, 50.78227863295178 ], [ 1.85498508673727, 50.782250283139739 ], [ 1.854953427097609, 50.782225293273974 ], [ 1.854921767469743, 50.782198653422327 ], [ 1.854890107854104, 50.782170303585289 ], [ 1.854855078245843, 50.782143663725208 ], [ 1.854820108602032, 50.782121983822897 ], [ 1.854785078982178, 50.782096993948713 ], [ 1.854753409331168, 50.782073664068747 ], [ 1.854726769604105, 50.782056944144919 ] ] ] } },
{ "type": "Feature", "properties": { "fid": 104, "ID_RUISSOL": "4620", "ID_ENTITE": "148", "TYPEOUVRAG": "Fascine", "NUMEROINTE": "hem50", "COMMUNEINS": "62775", "COMMUNE": "SANGHEN", "MAITREOUVR": "SYMVAHEM", "PAMONTPROP": null, "PAMONTAGRI": "GAEC DES PARNES FOULON Denis", "PAVALPROPR": null, "PAVALAGRIC": "GARENAUX Marc (maire + agri)", "DATEREALIS": "2014-02-01", "LONGUEUR": "31", "LARGEUR": "1", "HAUTEUR": "0", "SURFACE": "30", "VOLUME": "0", "HAIE1": "0", "HAIE2": "0", "HAIE3": "0", "MATERIAUX": "Pieux et fagots de saules", "OBSERVATIO": null, "ENTRETIEN": "Agriculteur", "PAMONT_REF": "OB", "PAVAL_REFE": "OB 436", "PAMONT_CON": "1", "PAVAL_CONV": "1", "PAMONT__01": "1", "PAVAL_C_01": "1", "PAMONT_DAT": "2012-07-16", "PAVAL_DATE": "2012-07-11", "ID_SAGE": 5, "ID_PARC": 3, "ID_PAYS": 9, "ID_MDAD": 9, "BV": "{Sanghen}" }, "geometry": { "type": "MultiLineString", "coordinates": [ [ [ 1.883210034641743, 50.765308847053355 ], [ 1.883216714628434, 50.765303827112142 ], [ 1.883248374572395, 50.765278847400701 ], [ 1.883280034506515, 50.765255507675448 ], [ 1.883311694450349, 50.765230527964029 ], [ 1.883345014373594, 50.765207188242883 ], [ 1.883376674317297, 50.765182208531414 ], [ 1.883406684261863, 50.765158868802089 ], [ 1.883435044197294, 50.765138849040682 ], [ 1.883466704131058, 50.765115509315407 ], [ 1.883491684098184, 50.765093829559653 ] ] ] } },
{ "type": "Feature", "properties": { "fid": 105, "ID_RUISSOL": "7154", "ID_ENTITE": "148", "TYPEOUVRAG": "Fascine", "NUMEROINTE": "hem22b", "COMMUNEINS": "62020", "COMMUNE": "ALEMBON", "MAITREOUVR": "SYMVAHEM", "PAMONTPROP": "DOLLE DECAUFOUR Aurélie", "PAMONTAGRI": "DOLLE DECAUFOUR Aurélie", "PAVALPROPR": "DOLLE DECAUFOUR Aurélie", "PAVALAGRIC": "DOLLE DECAUFOUR Aurélie", "DATEREALIS": "2014-02-01", "LONGUEUR": "8", "LARGEUR": "1", "HAUTEUR": "0", "SURFACE": "10", "VOLUME": "0", "HAIE1": "0", "HAIE2": "0", "HAIE3": "0", "MATERIAUX": "Pieux et fagots de saules", "OBSERVATIO": null, "ENTRETIEN": "Agriculteur", "PAMONT_REF": "OB 485", "PAVAL_REFE": "OB 485", "PAMONT_CON": "1", "PAVAL_CONV": "1", "PAMONT__01": "1", "PAVAL_C_01": "1", "PAMONT_DAT": "2012-07-01", "PAVAL_DATE": "2012-07-01", "ID_SAGE": 5, "ID_PARC": 3, "ID_PAYS": 9, "ID_MDAD": 9, "BV": "{Alembon1}" }, "geometry": { "type": "MultiLineString", "coordinates": [ [ [ 1.864270124199556, 50.765755436556674 ], [ 1.864271774211154, 50.765752136588695 ], [ 1.864271774346169, 50.765732106758406 ], [ 1.864273494514637, 50.765705466988386 ], [ 1.864275144593976, 50.765692117105566 ], [ 1.864276794605638, 50.765688807137643 ] ] ] } },
{ "type": "Feature", "properties": { "fid": 106, "ID_RUISSOL": "7155", "ID_ENTITE": "148", "TYPEOUVRAG": "Fascine", "NUMEROINTE": "hem49b", "COMMUNEINS": "62020", "COMMUNE": "ALEMBON", "MAITREOUVR": "SYMVAHEM", "PAMONTPROP": "EARL DE LA VALLEE MADAME DACQUIN Didier", "PAMONTAGRI": "EARL DE LA VALLEE MADAME DACQUIN Didier", "PAVALPROPR": "EARL DE LA VALLEE MADAME DACQUIN Didier", "PAVALAGRIC": "EARL DE LA VALLEE MADAME DACQUIN Didier", "DATEREALIS": "2014-02-01", "LONGUEUR": "24", "LARGEUR": "1", "HAUTEUR": "0", "SURFACE": "25", "VOLUME": "0", "HAIE1": "0", "HAIE2": "0", "HAIE3": "0", "MATERIAUX": "Pieux et fagots de saules", "OBSERVATIO": null, "ENTRETIEN": "Agriculteur", "PAMONT_REF": "OB 456 455", "PAVAL_REFE": "OB 456 455", "PAMONT_CON": "1", "PAVAL_CONV": "1", "PAMONT__01": "1", "PAVAL_C_01": "1", "PAMONT_DAT": "2012-07-01", "PAVAL_DATE": "2012-07-01", "ID_SAGE": 5, "ID_PARC": 3, "ID_PAYS": 9, "ID_MDAD": 9, "BV": "{Alembon2}" }, "geometry": { "type": "MultiLineString", "coordinates": [ [ [ 1.855005054916641, 50.782490291138899 ], [ 1.855006764918586, 50.782488631157392 ], [ 1.855006765048683, 50.782470321313831 ], [ 1.855005055236524, 50.782445271523592 ], [ 1.855005055414019, 50.782420291737061 ], [ 1.855001745622389, 50.782393651956411 ], [ 1.854996725828904, 50.782368662157353 ], [ 1.854991766035511, 50.782343612358993 ], [ 1.854983436261142, 50.782318622551649 ], [ 1.854975106439318, 50.782300312687262 ] ] ] } },
{ "type": "Feature", "properties": { "fid": 107, "ID_RUISSOL": "7156", "ID_ENTITE": "148", "TYPEOUVRAG": "Fascine", "NUMEROINTE": "hem49c", "COMMUNEINS": "62020", "COMMUNE": "ALEMBON", "MAITREOUVR": "SYMVAHEM", "PAMONTPROP": "EARL DE LA VALLEE MADAME DACQUIN Didier", "PAMONTAGRI": "EARL DE LA VALLEE MADAME DACQUIN Didier", "PAVALPROPR": "EARL DE LA VALLEE MADAME DACQUIN Didier", "PAVALAGRIC": "EARL DE LA VALLEE MADAME DACQUIN Didier", "DATEREALIS": "2014-02-01", "LONGUEUR": "34", "LARGEUR": "1", "HAUTEUR": "0", "SURFACE": "40", "VOLUME": "0", "HAIE1": "0", "HAIE2": "0", "HAIE3": "0", "MATERIAUX": "Pieux et fagots de saules", "OBSERVATIO": null, "ENTRETIEN": "Agriculteur", "PAMONT_REF": "OB 455 456", "PAVAL_REFE": "OB 455 456", "PAMONT_CON": "1", "PAVAL_CONV": "1", "PAMONT__01": "1", "PAVAL_C_01": "1", "PAMONT_DAT": "2012-07-01", "PAVAL_DATE": "2012-07-01", "ID_SAGE": 5, "ID_PARC": 3, "ID_PAYS": 9, "ID_MDAD": 9, "BV": "{Alembon2}" }, "geometry": { "type": "MultiLineString", "coordinates": [ [ [ 1.855020054901197, 50.782480301261828 ], [ 1.855026734815251, 50.782486981221517 ], [ 1.855025074576371, 50.782521950918515 ], [ 1.85502342432528, 50.782558630600946 ], [ 1.855023424100353, 50.782590290330411 ], [ 1.855018403892527, 50.782623610033063 ], [ 1.855013383731721, 50.782650309792359 ], [ 1.855006763556596, 50.782680319519294 ], [ 1.85500174338447, 50.782708609265001 ], [ 1.854995073221327, 50.782736969005917 ], [ 1.854988393070446, 50.782763608761528 ], [ 1.854983432933186, 50.782786938549748 ] ] ] } },
{ "type": "Feature", "properties": { "fid": 108, "ID_RUISSOL": "7157", "ID_ENTITE": "148", "TYPEOUVRAG": "Haie", "NUMEROINTE": "hem49d", "COMMUNEINS": "62020", "COMMUNE": "ALEMBON", "MAITREOUVR": "SYMVAHEM", "PAMONTPROP": "EARL DE LA VALLEE MADAME DACQUIN Didier", "PAMONTAGRI": "EARL DE LA VALLEE MADAME DACQUIN Didier", "PAVALPROPR": "EARL DE LA VALLEE MADAME DACQUIN Didier", "PAVALAGRIC": "EARL DE LA VALLEE MADAME DACQUIN Didier", "DATEREALIS": "2014-02-01", "LONGUEUR": "16", "LARGEUR": "1", "HAUTEUR": "0", "SURFACE": "20", "VOLUME": "0", "HAIE1": "20", "HAIE2": "0", "HAIE3": "0", "MATERIAUX": "Espèces arbustives locales", "OBSERVATIO": null, "ENTRETIEN": "Agriculteur", "PAMONT_REF": "OB 455 456", "PAVAL_REFE": "OB 455 456", "PAMONT_CON": "1", "PAVAL_CONV": "1", "PAMONT__01": "1", "PAVAL_C_01": "1", "PAMONT_DAT": "2012-07-01", "PAVAL_DATE": "2012-07-01", "ID_SAGE": 5, "ID_PARC": 3, "ID_PAYS": 9, "ID_MDAD": 9, "BV": "{Alembon2}" }, "geometry": { "type": "MultiLineString", "coordinates": [ [ [ 1.854391782751954, 50.781886994758572 ], [ 1.854416772536203, 50.781896974735851 ], [ 1.854455102172086, 50.781916944661127 ], [ 1.854493441795785, 50.781938624571843 ], [ 1.854528411462629, 50.781956994502409 ], [ 1.854561731127735, 50.781976954415271 ] ] ] } },
{ "type": "Feature", "properties": { "fid": 109, "ID_RUISSOL": "7158", "ID_ENTITE": "148", "TYPEOUVRAG": "Haie", "NUMEROINTE": "hem21", "COMMUNEINS": "62618", "COMMUNE": "NORDAUSQUES", "MAITREOUVR": "SYMVAHEM", "PAMONTPROP": "DELBENDE Loic", "PAMONTAGRI": "DELBENDE Loic", "PAVALPROPR": "DELBENDE Loic", "PAVALAGRIC": "DELBENDE Loic", "DATEREALIS": "2014-02-01", "LONGUEUR": "282", "LARGEUR": "1", "HAUTEUR": "1", "SURFACE": "280", "VOLUME": "0", "HAIE1": "0", "HAIE2": "0", "HAIE3": "280", "MATERIAUX": "Espèces arbustives locales", "OBSERVATIO": null, "ENTRETIEN": "Agriculteur", "PAMONT_REF": "ZD 02", "PAVAL_REFE": "ZD 02", "PAMONT_CON": "1", "PAVAL_CONV": "1", "PAMONT__01": "1", "PAVAL_C_01": "1", "PAMONT_DAT": "2012-07-01", "PAVAL_DATE": "2012-07-01", "ID_SAGE": 5, "ID_PARC": 3, "ID_PAYS": 9, "ID_MDAD": 9, "BV": "{Hem_aval}" }, "geometry": { "type": "MultiLineString", "coordinates": [ [ [ 2.072620253199378, 50.806199021845543 ], [ 2.072650253045682, 50.806209001869661 ], [ 2.072656923008248, 50.806212371866955 ], [ 2.072605253266767, 50.806197371810221 ], [ 2.072535253625495, 50.806174031754367 ], [ 2.072440254116854, 50.80614072168995 ], [ 2.072338584640822, 50.806105691616644 ], [ 2.072230255197167, 50.806069001534119 ], [ 2.072120255764982, 50.806030661457889 ], [ 2.072010256332601, 50.80599233138156 ], [ 2.07190192688829, 50.805955701298579 ], [ 2.071791927460251, 50.805915711233766 ], [ 2.07167858804131, 50.805877381146985 ], [ 2.071568598617711, 50.805835671094187 ], [ 2.071468599137949, 50.805799051037134 ], [ 2.071370259646648, 50.805764020974095 ], [ 2.071261930210798, 50.805724030914462 ], [ 2.07115193078177, 50.805684030849655 ], [ 2.071048601320071, 50.805645700794052 ], [ 2.07094026188375, 50.805605710734326 ], [ 2.070826922472907, 50.805564000670955 ], [ 2.070713603061596, 50.805522360607171 ], [ 2.07059859365256, 50.805482360526632 ], [ 2.070488594222443, 50.80544237046167 ], [ 2.070373594817738, 50.805400670393013 ], [ 2.070261935394174, 50.805360680322856 ], [ 2.070153595956608, 50.805320690263045 ], [ 2.070043596530396, 50.805279040209534 ], [ 2.069935267087854, 50.805240700138263 ], [ 2.069835267605873, 50.805204020081398 ], [ 2.069721928193009, 50.805162380017407 ], [ 2.069605268793957, 50.80512066994352 ], [ 2.069491939376098, 50.805080679868027 ], [ 2.069380269951156, 50.805040689797721 ], [ 2.06927360050069, 50.805002349731502 ], [ 2.069206930846913, 50.804977359697283 ] ] ] } },
{ "type": "Feature", "properties": { "fid": 110, "ID_RUISSOL": "7436", "ID_ENTITE": "148", "TYPEOUVRAG": "Haie", "NUMEROINTE": "hem23b", "COMMUNEINS": "62155", "COMMUNE": "BONNINGUES-LES-ARDRES", "MAITREOUVR": "SYMVAHEM", "PAMONTPROP": null, "PAMONTAGRI": "DAMBRICOURT Alexandra", "PAVALPROPR": null, "PAVALAGRIC": "FONTAINE Hubert", "DATEREALIS": "2014-02-01", "LONGUEUR": "17", "LARGEUR": "1", "HAUTEUR": "0", "SURFACE": "17", "VOLUME": "0", "HAIE1": "17", "HAIE2": "0", "HAIE3": "0", "MATERIAUX": "Espèces arbustives locales", "OBSERVATIO": null, "ENTRETIEN": "Agriculteur", "PAMONT_REF": "OB 99", "PAVAL_REFE": "OB 98", "PAMONT_CON": "1", "PAVAL_CONV": "1", "PAMONT__01": "1", "PAVAL_C_01": "1", "PAMONT_DAT": "2012-07-01", "PAVAL_DATE": "2012-07-01", "ID_SAGE": 5, "ID_PARC": 3, "ID_PAYS": 9, "ID_MDAD": 9, "BV": "{Bonningues_les_Ardres}" }, "geometry": { "type": "MultiLineString", "coordinates": [ [ [ 2.026533846945837, 50.789475678189731 ], [ 2.026545516906025, 50.789474028236 ], [ 2.026597186678968, 50.789475678375382 ], [ 2.026648846451903, 50.789477338514615 ], [ 2.026697186248234, 50.789477338656305 ], [ 2.026740516046968, 50.789480638759137 ], [ 2.026778845894828, 50.789478988883523 ] ] ] } },
{ "type": "Feature", "properties": { "fid": 111, "ID_RUISSOL": "7437", "ID_ENTITE": "148", "TYPEOUVRAG": "Haie", "NUMEROINTE": "hem31", "COMMUNEINS": "62827", "COMMUNE": "TOURNEHEM-SUR-LA-HEM", "MAITREOUVR": "SYMVAHEM", "PAMONTPROP": null, "PAMONTAGRI": "EARL DE LA LONGUE HAIE LEDUC Bruno", "PAVALPROPR": null, "PAVALAGRIC": "EARL DE LA LONGUE HAIE LEDUC Bruno", "DATEREALIS": "2014-02-01", "LONGUEUR": "30", "LARGEUR": "1", "HAUTEUR": "0", "SURFACE": "30", "VOLUME": "0", "HAIE1": "30", "HAIE2": "0", "HAIE3": "0", "MATERIAUX": "Espèces arbustives locales", "OBSERVATIO": null, "ENTRETIEN": "Agriculteur", "PAMONT_REF": "ZC 07", "PAVAL_REFE": "ZC 06", "PAMONT_CON": "1", "PAVAL_CONV": "1", "PAMONT__01": "1", "PAVAL_C_01": "1", "PAMONT_DAT": "2012-07-01", "PAVAL_DATE": "2012-07-01", "ID_SAGE": 5, "ID_PARC": 3, "ID_PAYS": 9, "ID_MDAD": 9, "BV": "{Hem_aval}" }, "geometry": { "type": "MultiLineString", "coordinates": [ [ [ 2.045102087547372, 50.793407395162788 ], [ 2.045108747537802, 50.793404025206399 ], [ 2.045088747567292, 50.793414005076372 ], [ 2.045052087656751, 50.793425704884235 ], [ 2.045018747714675, 50.793440704678908 ], [ 2.044983747770557, 50.793457364456991 ], [ 2.044960417813843, 50.793467344316916 ], [ 2.044943747829082, 50.793477394196408 ], [ 2.044908747894167, 50.793492333986457 ], [ 2.044880417931213, 50.793507333796178 ], [ 2.04484708799788, 50.793520683602353 ], [ 2.044817088041777, 50.793535693406938 ], [ 2.044788748096619, 50.793547383239741 ], [ 2.044773748114122, 50.793555713136243 ] ] ] } },
{ "type": "Feature", "properties": { "fid": 112, "ID_RUISSOL": "7438", "ID_ENTITE": "148", "TYPEOUVRAG": "Haie", "NUMEROINTE": "hem30b", "COMMUNEINS": "62827", "COMMUNE": "TOURNEHEM-SUR-LA-HEM", "MAITREOUVR": "SYMVAHEM", "PAMONTPROP": null, "PAMONTAGRI": "EARL DE LA LONGUE HAIE LEDUC Bruno", "PAVALPROPR": null, "PAVALAGRIC": "EARL DE LA LONGUE HAIE LEDUC Bruno", "DATEREALIS": "2014-02-01", "LONGUEUR": "30", "LARGEUR": "1", "HAUTEUR": "0", "SURFACE": "30", "VOLUME": "0", "HAIE1": "0", "HAIE2": "0", "HAIE3": "30", "MATERIAUX": "Espèces arbustives locales", "OBSERVATIO": null, "ENTRETIEN": "Agriculteur", "PAMONT_REF": "ZB 41", "PAVAL_REFE": "ZB 41", "PAMONT_CON": "1", "PAVAL_CONV": "1", "PAMONT__01": "1", "PAVAL_C_01": "1", "PAMONT_DAT": "2012-07-01", "PAVAL_DATE": "2012-07-01", "ID_SAGE": 5, "ID_PARC": 3, "ID_PAYS": 9, "ID_MDAD": 9, "BV": "{Sartebecques}" }, "geometry": { "type": "MultiLineString", "coordinates": [ [ [ 2.069943608005747, 50.801302377563147 ], [ 2.069941948012526, 50.801302377557938 ], [ 2.069938607998397, 50.801312357478132 ], [ 2.069925277997098, 50.801332387297187 ], [ 2.069911947986635, 50.801355717093301 ], [ 2.06989860798081, 50.801377396900882 ], [ 2.069883617977152, 50.801400726691789 ], [ 2.069865277991784, 50.801422406483695 ], [ 2.069846948001777, 50.801445746264108 ], [ 2.069831938003027, 50.801467356066922 ], [ 2.069816948004014, 50.801489035869302 ], [ 2.069800278007267, 50.801512375654916 ], [ 2.069783618015112, 50.801534055452073 ] ] ] } },
{ "type": "Feature", "properties": { "fid": 113, "ID_RUISSOL": "7439", "ID_ENTITE": "148", "TYPEOUVRAG": "Haie", "NUMEROINTE": "hem32b", "COMMUNEINS": "62827", "COMMUNE": "TOURNEHEM-SUR-LA-HEM", "MAITREOUVR": "SYMVAHEM", "PAMONTPROP": null, "PAMONTAGRI": "LEFEBVRE Hubert", "PAVALPROPR": null, "PAVALAGRIC": "LEFEBVRE Hubert", "DATEREALIS": "2014-02-01", "LONGUEUR": "0", "LARGEUR": "1", "HAUTEUR": "0", "SURFACE": "58", "VOLUME": "0", "HAIE1": "0", "HAIE2": "0", "HAIE3": "58", "MATERIAUX": "Espèces arbustives locales", "OBSERVATIO": null, "ENTRETIEN": "Agriculteur", "PAMONT_REF": "ZE 01", "PAVAL_REFE": "ZE 01", "PAMONT_CON": "1", "PAVAL_CONV": "1", "PAMONT__01": "1", "PAVAL_C_01": "1", "PAMONT_DAT": "2012-07-01", "PAVAL_DATE": "2012-07-01", "ID_SAGE": 5, "ID_PARC": 3, "ID_PAYS": 9, "ID_MDAD": 9, "BV": "{Hem_aval}" }, "geometry": { "type": "MultiLineString", "coordinates": [ [ [ 2.051992057556061, 50.793665724110262 ], [ 2.051990387624497, 50.793654034185643 ], [ 2.051990387720829, 50.793635724311628 ], [ 2.051995387796447, 50.793617404452718 ], [ 2.051993717908709, 50.793597384585453 ], [ 2.051993718014089, 50.793577354723269 ], [ 2.051997058096547, 50.7935590448593 ], [ 2.052003718174259, 50.793539015017188 ], [ 2.05200538826365, 50.793520705148147 ], [ 2.052010388347885, 50.79350074530052 ], [ 2.05201538837998, 50.793490695384705 ], [ 2.052018718453739, 50.793474045509299 ], [ 2.052012058595469, 50.793452365638402 ], [ 2.052007058729991, 50.793430745772078 ], [ 2.052002048864876, 50.793409065906097 ], [ 2.051998718984098, 50.793389036033922 ], [ 2.05200204907527, 50.793369076181257 ], [ 2.05200371917371, 50.793349046324053 ], [ 2.052005389254417, 50.793332386443687 ], [ 2.052007059361537, 50.793310706597858 ], [ 2.052010389461752, 50.793289026757016 ], [ 2.052017059539026, 50.793269066914391 ], [ 2.052022059623609, 50.793249037067191 ], [ 2.052023719713034, 50.793230727198136 ], [ 2.05202705978679, 50.793214067322779 ], [ 2.05203038986958, 50.793195697459112 ], [ 2.052033719925645, 50.7931824075606 ] ] ] } },
{ "type": "Feature", "properties": { "fid": 114, "ID_RUISSOL": "7440", "ID_ENTITE": "148", "TYPEOUVRAG": "Haie", "NUMEROINTE": "hem33b", "COMMUNEINS": "62827", "COMMUNE": "TOURNEHEM-SUR-LA-HEM", "MAITREOUVR": "SYMVAHEM", "PAMONTPROP": null, "PAMONTAGRI": "LEFEBVRE Hubert", "PAVALPROPR": null, "PAVALAGRIC": "LEFEBVRE Hubert", "DATEREALIS": "2014-02-01", "LONGUEUR": "80", "LARGEUR": "1", "HAUTEUR": "0", "SURFACE": "80", "VOLUME": "0", "HAIE1": "0", "HAIE2": "0", "HAIE3": "80", "MATERIAUX": "Espèces arbustives locales", "OBSERVATIO": null, "ENTRETIEN": "Agriculteur", "PAMONT_REF": "ZC 45", "PAVAL_REFE": "ZC 45", "PAMONT_CON": "1", "PAVAL_CONV": "1", "PAMONT__01": "1", "PAVAL_C_01": "1", "PAMONT_DAT": "2012-07-01", "PAVAL_DATE": "2012-07-01", "ID_SAGE": 5, "ID_PARC": 3, "ID_PAYS": 9, "ID_MDAD": 9, "BV": "{Hem_aval}" }, "geometry": { "type": "MultiLineString", "coordinates": [ [ [ 2.051803684577041, 50.80027731765832 ], [ 2.05180202458378, 50.800277317653162 ], [ 2.051800354594583, 50.800275657659448 ], [ 2.051800354602583, 50.800272357682246 ], [ 2.051802024616001, 50.800264027745094 ], [ 2.051805354634853, 50.800250677847863 ], [ 2.051810354650954, 50.800235667967343 ], [ 2.051817024664257, 50.800219018103363 ], [ 2.051822024684364, 50.800202358234323 ], [ 2.051825354719426, 50.800182328383308 ], [ 2.051830354743542, 50.800164018525578 ], [ 2.051833684766409, 50.800149018639793 ], [ 2.051835354808213, 50.800128988783619 ], [ 2.051840354832339, 50.800110678925947 ], [ 2.051842024865974, 50.800094019046419 ], [ 2.05184535490105, 50.800073989195397 ], [ 2.051848684935963, 50.800054029343912 ], [ 2.051852024962975, 50.800037309470035 ], [ 2.051857024995148, 50.800015689635245 ], [ 2.051860355026212, 50.799997319772721 ], [ 2.051862025067886, 50.799977349916141 ], [ 2.051865355102957, 50.799957330065048 ], [ 2.051870355135291, 50.799935650230687 ], [ 2.05187202525379, 50.799910660408344 ], [ 2.05187535537162, 50.799885680591139 ], [ 2.051878685472148, 50.799863990751192 ], [ 2.051883685565852, 50.799842310916418 ], [ 2.05189035566146, 50.799818981098205 ], [ 2.051890355775116, 50.799797361247357 ], [ 2.051892025890987, 50.799774031413556 ], [ 2.051893686006903, 50.799750701579711 ], [ 2.051895356140491, 50.799724001769135 ], [ 2.051900356260258, 50.799697361968541 ], [ 2.051902026393896, 50.799670652158021 ], [ 2.051903686527204, 50.799644012346995 ], [ 2.051908686638236, 50.799619032534956 ] ] ] } },
{ "type": "Feature", "properties": { "fid": 115, "ID_RUISSOL": "7441", "ID_ENTITE": "148", "TYPEOUVRAG": "Haie", "NUMEROINTE": "hem34b", "COMMUNEINS": "62827", "COMMUNE": "TOURNEHEM-SUR-LA-HEM", "MAITREOUVR": "SYMVAHEM", "PAMONTPROP": null, "PAMONTAGRI": "LEFEBVRE Hubert", "PAVALPROPR": null, "PAVALAGRIC": "LEFEBVRE Hubert", "DATEREALIS": "2014-02-01", "LONGUEUR": "10", "LARGEUR": "1", "HAUTEUR": "0", "SURFACE": "10", "VOLUME": "0", "HAIE1": "10", "HAIE2": "0", "HAIE3": "0", "MATERIAUX": "Espèces arbustives locales", "OBSERVATIO": null, "ENTRETIEN": "Agriculteur", "PAMONT_REF": "ZC 47", "PAVAL_REFE": "ZC 45", "PAMONT_CON": "1", "PAVAL_CONV": "1", "PAMONT__01": "1", "PAVAL_C_01": "1", "PAMONT_DAT": "2012-07-01", "PAVAL_DATE": "2012-07-01", "ID_SAGE": 5, "ID_PARC": 3, "ID_PAYS": 9, "ID_MDAD": 9, "BV": "{Hem_aval}" }, "geometry": { "type": "MultiLineString", "coordinates": [ [ [ 2.053672016287221, 50.800563991510636 ], [ 2.053670346322637, 50.800552361585979 ], [ 2.053675346343315, 50.800535701716967 ], [ 2.053685346364329, 50.800510651921606 ], [ 2.053695346389269, 50.800484012137275 ], [ 2.053707016411666, 50.800455652370076 ], [ 2.053717016432541, 50.800430672574272 ] ] ] } },
{ "type": "Feature", "properties": { "fid": 116, "ID_RUISSOL": "7442", "ID_ENTITE": "148", "TYPEOUVRAG": "Haie", "NUMEROINTE": "hem37b", "COMMUNEINS": "62827", "COMMUNE": "TOURNEHEM-SUR-LA-HEM", "MAITREOUVR": "SYMVAHEM", "PAMONTPROP": null, "PAMONTAGRI": "LEFEBVRE Hubert", "PAVALPROPR": null, "PAVALAGRIC": "LEFEBVRE Hubert", "DATEREALIS": "2014-02-01", "LONGUEUR": "45", "LARGEUR": "1", "HAUTEUR": "0", "SURFACE": "47", "VOLUME": "0", "HAIE1": "0", "HAIE2": "0", "HAIE3": "47", "MATERIAUX": "Espèces arbustives locales", "OBSERVATIO": null, "ENTRETIEN": "Agriculteur", "PAMONT_REF": "ZC 08", "PAVAL_REFE": "ZC 08", "PAMONT_CON": "1", "PAVAL_CONV": "1", "PAMONT__01": "1", "PAVAL_C_01": "1", "PAMONT_DAT": "2012-07-01", "PAVAL_DATE": "2012-07-01", "ID_SAGE": 5, "ID_PARC": 3, "ID_PAYS": 9, "ID_MDAD": 9, "BV": "{Hem_aval}" }, "geometry": { "type": "MultiLineString", "coordinates": [ [ [ 2.046053745200315, 50.793107370119692 ], [ 2.046053745191474, 50.793109020108204 ], [ 2.046052085162598, 50.793115700056553 ], [ 2.046057085114912, 50.793120720036498 ], [ 2.046063745024865, 50.793132359975189 ], [ 2.046070414934507, 50.793144049913614 ], [ 2.046083744807885, 50.793157339860812 ], [ 2.046095414669803, 50.793174059779084 ], [ 2.046108754516266, 50.793192369691305 ], [ 2.046122084371617, 50.793209029614985 ], [ 2.046135414218139, 50.793227339527164 ], [ 2.046150414057349, 50.793245719443924 ], [ 2.046163743912777, 50.793262369367703 ], [ 2.046177083750393, 50.793282339268337 ], [ 2.046192083589684, 50.793300709185175 ], [ 2.04620541344508, 50.793317369108912 ], [ 2.046218743282441, 50.793337399009161 ], [ 2.04623374312208, 50.793355708926413 ], [ 2.046245412984452, 50.793372358845247 ], [ 2.046258742848712, 50.793387368780543 ], [ 2.046268742717982, 50.793404028694333 ], [ 2.046282082582266, 50.793419028629707 ], [ 2.046293742444651, 50.793435688548506 ], [ 2.046305412324717, 50.793449038490401 ], [ 2.046320412200158, 50.79346066845433 ], [ 2.046325412170183, 50.793462388457378 ] ] ] } },
{ "type": "Feature", "properties": { "fid": 117, "ID_RUISSOL": "7443", "ID_ENTITE": "148", "TYPEOUVRAG": "Haie", "NUMEROINTE": "hem37c", "COMMUNEINS": "62827", "COMMUNE": "TOURNEHEM-SUR-LA-HEM", "MAITREOUVR": "SYMVAHEM", "PAMONTPROP": null, "PAMONTAGRI": "LEFEBVRE Hubert", "PAVALPROPR": null, "PAVALAGRIC": "LEFEBVRE Hubert", "DATEREALIS": "2014-02-01", "LONGUEUR": "2", "LARGEUR": "1", "HAUTEUR": "0", "SURFACE": "7", "VOLUME": "0", "HAIE1": "7", "HAIE2": "0", "HAIE3": "0", "MATERIAUX": "Espèces arbustives locales", "OBSERVATIO": null, "ENTRETIEN": "Agriculteur", "PAMONT_REF": "ZC 08", "PAVAL_REFE": "ZC 08", "PAMONT_CON": "1", "PAVAL_CONV": "1", "PAMONT__01": "1", "PAVAL_C_01": "1", "PAMONT_DAT": "2012-07-01", "PAVAL_DATE": "2012-07-01", "ID_SAGE": 5, "ID_PARC": 3, "ID_PAYS": 9, "ID_MDAD": 9, "BV": "{Hem_aval}" }, "geometry": { "type": "MultiLineString", "coordinates": [ [ [ 2.046003745801042, 50.793034060481659 ], [ 2.046005415785199, 50.793035720475046 ] ] ] } },
{ "type": "Feature", "properties": { "fid": 118, "ID_RUISSOL": "7947", "ID_ENTITE": "148", "TYPEOUVRAG": "Haie", "NUMEROINTE": "hem15-3", "COMMUNEINS": "62827", "COMMUNE": "TOURNEHEM-SUR-LA-HEM", "MAITREOUVR": "SYMVAHEM", "PAMONTPROP": "MARQUANT Bernard", "PAMONTAGRI": "MARQUANT Bernard", "PAVALPROPR": "MARQUANT Bernard", "PAVALAGRIC": "MARQUANT Bernard", "DATEREALIS": "2017-02-01", "LONGUEUR": "200", "LARGEUR": "1", "HAUTEUR": "1", "SURFACE": "219", "VOLUME": "0", "HAIE1": "0", "HAIE2": "0", "HAIE3": "219", "MATERIAUX": "Espèces arbustives locales", "OBSERVATIO": null, "ENTRETIEN": "MO", "PAMONT_REF": "ZC 52", "PAVAL_REFE": "ZC 52", "PAMONT_CON": "1", "PAVAL_CONV": "1", "PAMONT__01": "1", "PAVAL_C_01": "1", "PAMONT_DAT": "2015-05-05", "PAVAL_DATE": "2015-05-05", "ID_SAGE": 5, "ID_PARC": 3, "ID_PAYS": 9, "ID_MDAD": 9, "BV": "{Hem_aval}" }, "geometry": { "type": "MultiLineString", "coordinates": [ [ [ 2.066187382822422, 50.806990728970781 ], [ 2.065261408583877, 50.80769654046923 ], [ 2.064338290517771, 50.808248256562571 ] ] ] } },
{ "type": "Feature", "properties": { "fid": 119, "ID_RUISSOL": "7948", "ID_ENTITE": "148", "TYPEOUVRAG": "Haie", "NUMEROINTE": "hem15-1", "COMMUNEINS": "62827", "COMMUNE": "TOURNEHEM-SUR-LA-HEM", "MAITREOUVR": "SYMVAHEM", "PAMONTPROP": "MARQUANT Bernard", "PAMONTAGRI": "MARQUANT Bernard", "PAVALPROPR": "MARQUANT Bernard", "PAVALAGRIC": "MARQUANT Bernard", "DATEREALIS": "2017-02-01", "LONGUEUR": "358", "LARGEUR": "2", "HAUTEUR": "2", "SURFACE": "720", "VOLUME": "0", "HAIE1": "0", "HAIE2": "0", "HAIE3": "360", "MATERIAUX": "Espèces arbustives locales", "OBSERVATIO": "plein champ, jalonage complexe", "ENTRETIEN": "MO", "PAMONT_REF": "ZC 53", "PAVAL_REFE": "ZC 53", "PAMONT_CON": "1", "PAVAL_CONV": "1", "PAMONT__01": "1", "PAVAL_C_01": "1", "PAMONT_DAT": "2015-05-05", "PAVAL_DATE": "2015-05-05", "ID_SAGE": 5, "ID_PARC": 3, "ID_PAYS": 9, "ID_MDAD": 9, "BV": "{Hem_aval}" }, "geometry": { "type": "MultiLineString", "coordinates": [ [ [ 2.053973680387748, 50.799202352138821 ], [ 2.053972020411785, 50.799199042156346 ], [ 2.053972020638313, 50.799155682453822 ], [ 2.053977010766189, 50.799127322663928 ], [ 2.05397535095558, 50.799092362898641 ], [ 2.053977011131892, 50.799057323144197 ], [ 2.053977011305918, 50.799024013372737 ], [ 2.053978681464528, 50.798992353595132 ], [ 2.053980351623192, 50.798960683817576 ], [ 2.053982021790421, 50.798927374051296 ], [ 2.053978681978404, 50.79889399426991 ], [ 2.053977012167902, 50.798859024504644 ], [ 2.053975352357678, 50.798823994739791 ], [ 2.053977012516331, 50.798792334962144 ], [ 2.053973682712594, 50.798757365191648 ], [ 2.053975352880195, 50.798723985425845 ], [ 2.053975353045608, 50.798692325643032 ], [ 2.053972023259489, 50.798653985895683 ], [ 2.0539653534607, 50.798620676103482 ], [ 2.053960353637873, 50.798590666293855 ], [ 2.053960353803298, 50.798559006510999 ], [ 2.053962023953299, 50.798528996722041 ], [ 2.05395368416139, 50.798495676924759 ], [ 2.053955354302721, 50.798467327124385 ], [ 2.053962024423407, 50.798439027339178 ], [ 2.053965354575259, 50.798407367566639 ], [ 2.053955354772842, 50.798377357741536 ], [ 2.053950354958666, 50.798345697943212 ], [ 2.053942015166742, 50.798312388145852 ], [ 2.053940355339321, 50.798280658358337 ], [ 2.053947025486179, 50.798247348607468 ], [ 2.053950355638087, 50.798215678835 ], [ 2.05394702581712, 50.798184019041848 ], [ 2.053950355942741, 50.798157379234866 ], [ 2.053943686153019, 50.798122349454488 ], [ 2.053937026362953, 50.798087379673731 ], [ 2.05393535656146, 50.798050699920147 ], [ 2.053935356744524, 50.798015670160389 ], [ 2.053930356930453, 50.797984000362142 ], [ 2.053923687297242, 50.797919030787099 ], [ 2.053913687521173, 50.79788400099649 ], [ 2.053902027769201, 50.797845661223413 ], [ 2.05390702792292, 50.797812341467377 ], [ 2.053903698119256, 50.797777381696882 ], [ 2.053898688322879, 50.797742341921712 ], [ 2.05389535853684, 50.797704012174357 ], [ 2.053895358702378, 50.797672342391529 ], [ 2.053890358879634, 50.797642342581874 ], [ 2.053882029061627, 50.797614042750247 ], [ 2.053882029174955, 50.797592362898946 ], [ 2.053875359376358, 50.797559053106816 ], [ 2.053870359571303, 50.797525673320315 ], [ 2.053870359745485, 50.797492353548854 ], [ 2.053877029892318, 50.797459043797836 ], [ 2.053872030087275, 50.79742566401135 ], [ 2.053868700266412, 50.797394004218219 ], [ 2.053863690461107, 50.797360684431283 ], [ 2.053860360640254, 50.797329024638138 ], [ 2.053855360843545, 50.797294054862569 ], [ 2.05385536102668, 50.797259025102818 ], [ 2.053857021194028, 50.797225715336332 ], [ 2.053865361316755, 50.797195705567795 ], [ 2.053872031446317, 50.797165695794092 ], [ 2.053873691596404, 50.797135686005007 ], [ 2.053875361746446, 50.797105676215899 ], [ 2.05387536191196, 50.797074016432994 ], [ 2.053870362115271, 50.797039046657403 ], [ 2.053870362289782, 50.797005666886264 ], [ 2.053877032445257, 50.79697069714657 ], [ 2.0538770326194, 50.796937387374953 ], [ 2.053878692804405, 50.796900697631628 ], [ 2.053878692987542, 50.796865667871792 ], [ 2.053875363192651, 50.796829048112627 ], [ 2.053875363367163, 50.796795668341517 ], [ 2.053878693536277, 50.796760708591385 ], [ 2.053877033726279, 50.796725668826539 ], [ 2.053875363915911, 50.796690709061103 ], [ 2.053872034103785, 50.796657389279325 ], [ 2.05387036427617, 50.796625729491247 ], [ 2.053862034493521, 50.796590699705845 ], [ 2.05385702468831, 50.796557379918923 ], [ 2.053850364898824, 50.796522350138638 ], [ 2.053860365049224, 50.796485730420351 ], [ 2.053860365241061, 50.796449040671888 ], [ 2.053868705380962, 50.796415730925773 ], [ 2.053877035512632, 50.796384001168803 ], [ 2.053882035639998, 50.796355711378027 ], [ 2.05389703571794, 50.796329011606964 ], [ 2.053900365869777, 50.796297351834177 ], [ 2.053903706030248, 50.796264032072784 ], [ 2.053908696175254, 50.796232372305042 ], [ 2.053907036356283, 50.796199052528337 ], [ 2.05390203655131, 50.796165682741737 ], [ 2.053898696721637, 50.796135732936776 ] ] ] } },
{ "type": "Feature", "properties": { "fid": 120, "ID_RUISSOL": "7949", "ID_ENTITE": "148", "TYPEOUVRAG": "Fascine", "NUMEROINTE": "hem15-2", "COMMUNEINS": "62827", "COMMUNE": "TOURNEHEM-SUR-LA-HEM", "MAITREOUVR": "SYMVAHEM", "PAMONTPROP": "MARQUANT Bernard", "PAMONTAGRI": "MARQUANT Bernard", "PAVALPROPR": "MARQUANT Bernard", "PAVALAGRIC": "MARQUANT Bernard", "DATEREALIS": "2017-12-01", "LONGUEUR": "12", "LARGEUR": "1", "HAUTEUR": "1", "SURFACE": "12", "VOLUME": "0", "HAIE1": "0", "HAIE2": "0", "HAIE3": "0", "MATERIAUX": "Pieux et branches de saules", "OBSERVATIO": null, "ENTRETIEN": "MO", "PAMONT_REF": "ZC 53", "PAVAL_REFE": "ZC 25", "PAMONT_CON": "1", "PAVAL_CONV": "1", "PAMONT__01": "1", "PAVAL_C_01": "1", "PAMONT_DAT": "2015-05-05", "PAVAL_DATE": "2015-05-05", "ID_SAGE": 5, "ID_PARC": 3, "ID_PAYS": 9, "ID_MDAD": 9, "BV": "{Hem_aval}" }, "geometry": { "type": "MultiLineString", "coordinates": [ [ [ 2.05388869685019, 50.796119013020842 ], [ 2.053888696867498, 50.796115703043512 ], [ 2.053883697044975, 50.796085693233948 ], [ 2.053883697219141, 50.796052383462211 ], [ 2.053880367424684, 50.796015693703509 ], [ 2.053878697623349, 50.795979013949797 ], [ 2.05387536781123, 50.795945704167913 ] ] ] } },
{ "type": "Feature", "properties": { "fid": 121, "ID_RUISSOL": "7952", "ID_ENTITE": "148", "TYPEOUVRAG": "Haie", "NUMEROINTE": "hem15-5", "COMMUNEINS": "62827", "COMMUNE": "TOURNEHEM-SUR-LA-HEM", "MAITREOUVR": "SYMVAHEM", "PAMONTPROP": "LEFEBVRE Hubert", "PAMONTAGRI": "LEFEBVRE Hubert", "PAVALPROPR": "LEFEBVRE Hubert", "PAVALAGRIC": "LEFEBVRE Hubert", "DATEREALIS": "2017-02-01", "LONGUEUR": "122", "LARGEUR": "3", "HAUTEUR": "2", "SURFACE": "363", "VOLUME": "0", "HAIE1": "0", "HAIE2": "0", "HAIE3": "121", "MATERIAUX": "Espèces arbustives locales", "OBSERVATIO": "prairie cloture", "ENTRETIEN": "MO", "PAMONT_REF": "ZE 1", "PAVAL_REFE": "ZE 1", "PAMONT_CON": "1", "PAVAL_CONV": "1", "PAMONT__01": "1", "PAVAL_C_01": "1", "PAMONT_DAT": "2015-05-05", "PAVAL_DATE": "2015-05-05", "ID_SAGE": 5, "ID_PARC": 3, "ID_PAYS": 9, "ID_MDAD": 9, "BV": "{Hem_aval}" }, "geometry": { "type": "MultiLineString", "coordinates": [ [ [ 2.051652056334806, 50.794165699642157 ], [ 2.051650386394283, 50.794155719705863 ], [ 2.05165205658052, 50.794119039963597 ], [ 2.051655386768616, 50.794080700237686 ], [ 2.051660386958476, 50.794040710528236 ], [ 2.051665387121895, 50.794005740784158 ], [ 2.051665387306361, 50.793970711025388 ], [ 2.051672057462848, 50.793935741286397 ], [ 2.051683717590255, 50.793902361551467 ], [ 2.051685387758727, 50.793869051785883 ], [ 2.051683717958861, 50.793832362033498 ], [ 2.051687058146838, 50.793794032307552 ], [ 2.051692058318973, 50.793757402574848 ], [ 2.05170371844629, 50.793724032839798 ], [ 2.051705388588372, 50.793695733039677 ], [ 2.051708718627414, 50.79368569311886 ], [ 2.051710388708203, 50.793669033238587 ], [ 2.051717058838527, 50.79363902346531 ], [ 2.051722058993154, 50.793605713709731 ], [ 2.051730389125311, 50.793574043952852 ], [ 2.051732059276334, 50.79354404416442 ], [ 2.05173538942925, 50.793512374392478 ], [ 2.051742059568237, 50.793480714630533 ], [ 2.051757059681287, 50.793447404905002 ], [ 2.051767059797729, 50.793417395141674 ], [ 2.051778719924688, 50.793384075406102 ], [ 2.051792060036227, 50.793352355664616 ], [ 2.051800390168321, 50.793320685907609 ], [ 2.051810390293412, 50.793289026155584 ], [ 2.051818720416752, 50.793259016387204 ], [ 2.051828720524084, 50.793230726611938 ], [ 2.051842060626572, 50.793200716858571 ], [ 2.051852060663929, 50.793185716991857 ] ] ] } },
{ "type": "Feature", "properties": { "fid": 122, "ID_RUISSOL": "7953", "ID_ENTITE": "148", "TYPEOUVRAG": "Haie", "NUMEROINTE": "hem15-6", "COMMUNEINS": "62827", "COMMUNE": "TOURNEHEM-SUR-LA-HEM", "MAITREOUVR": "SYMVAHEM", "PAMONTPROP": "LEFEBVRE Hubert", "PAMONTAGRI": "LEFEBVRE Hubert", "PAVALPROPR": "LEFEBVRE Hubert", "PAVALAGRIC": "LEFEBVRE Hubert", "DATEREALIS": "2017-02-01", "LONGUEUR": "335", "LARGEUR": "1", "HAUTEUR": "2", "SURFACE": "331", "VOLUME": "0", "HAIE1": "0", "HAIE2": "0", "HAIE3": "331", "MATERIAUX": "Espèces arbustives locales", "OBSERVATIO": "bordure herbacée", "ENTRETIEN": "MO", "PAMONT_REF": "ZE 13", "PAVAL_REFE": "ZE 13", "PAMONT_CON": "1", "PAVAL_CONV": "1", "PAMONT__01": "1", "PAVAL_C_01": "1", "PAMONT_DAT": "2015-05-05", "PAVAL_DATE": "2015-05-05", "ID_SAGE": 5, "ID_PARC": 3, "ID_PAYS": 9, "ID_MDAD": 9, "BV": "{Sartebecques}" }, "geometry": { "type": "MultiLineString", "coordinates": [ [ [ 2.049875447412712, 50.78402910426432 ], [ 2.04987877738962, 50.78403075426241 ], [ 2.049922117132222, 50.784044104293649 ], [ 2.049970446827056, 50.78406241430492 ], [ 2.050018776512801, 50.784082444304389 ], [ 2.050065446196976, 50.784104124287801 ], [ 2.050113775883154, 50.784124084287811 ], [ 2.050165445537129, 50.784147414274152 ], [ 2.050217105199877, 50.784169104271776 ], [ 2.050270444855482, 50.784190784274308 ], [ 2.050322114518312, 50.784212464272152 ], [ 2.050377114167217, 50.784234074279944 ], [ 2.050427113846039, 50.784254104284472 ], [ 2.050475443541182, 50.784272414296062 ], [ 2.050523773236037, 50.784290784307323 ], [ 2.050570442938377, 50.784309094314246 ], [ 2.050618772642332, 50.784325754337303 ], [ 2.050665442344355, 50.784344134343826 ], [ 2.050713772039636, 50.784362444355608 ], [ 2.050765441711536, 50.78438246436518 ], [ 2.050813781398054, 50.784402434365596 ], [ 2.050863771095012, 50.78441909439352 ], [ 2.050912110790047, 50.784437464405066 ], [ 2.05095877049265, 50.784455774412208 ], [ 2.051007110188057, 50.784474084424211 ], [ 2.051052109897535, 50.784492454426299 ], [ 2.051097109607354, 50.784510764428795 ], [ 2.051143769310011, 50.784529084436045 ], [ 2.051195438999618, 50.784545804468564 ], [ 2.051237108723825, 50.784564114461681 ], [ 2.051280438449694, 50.784580764470945 ], [ 2.051327108161179, 50.784597424489689 ], [ 2.051375437847764, 50.784617454490117 ], [ 2.051425437536285, 50.784635764507073 ], [ 2.051475437215758, 50.784655794512311 ], [ 2.051527106888458, 50.784675754522816 ], [ 2.051573766591099, 50.784694124529956 ], [ 2.051623766288441, 50.78471078455842 ], [ 2.051675435969939, 50.784729094580328 ], [ 2.051722105707793, 50.784740794633365 ], [ 2.0517637654675, 50.784752434672498 ], [ 2.05180543521816, 50.784765784699964 ], [ 2.05184210499031, 50.784779134713169 ], [ 2.051873764801751, 50.784789114735162 ], [ 2.051883764741365, 50.78479242474107 ], [ 2.051882094748534, 50.784792424736274 ], [ 2.051888764710882, 50.784794134743642 ], [ 2.051888764719896, 50.784792424755381 ], [ 2.05188710471801, 50.784794134738867 ], [ 2.051887104709259, 50.784795794727465 ], [ 2.051918764503323, 50.784809074726873 ], [ 2.051962104229073, 50.784825804736016 ], [ 2.052008763949709, 50.784840804766539 ], [ 2.052055433661578, 50.784857464785723 ], [ 2.052105433359229, 50.784874114814535 ], [ 2.052158763033817, 50.784892434841431 ], [ 2.052213762701005, 50.784910804872816 ], [ 2.052265432391521, 50.784927464906424 ], [ 2.052318762083677, 50.784942464956188 ], [ 2.052372101775762, 50.784957475005932 ], [ 2.052423761466453, 50.784974125039668 ], [ 2.052475431157076, 50.78499078507339 ], [ 2.0525287608406, 50.78500744511188 ], [ 2.052582100541522, 50.785020795173082 ], [ 2.052633770223545, 50.785039105195636 ], [ 2.052685429914317, 50.785055765229437 ], [ 2.052738759597953, 50.785072425268062 ], [ 2.052788759295955, 50.785089075297265 ], [ 2.052842098988272, 50.785104085347271 ], [ 2.052895428671675, 50.785120805385574 ], [ 2.052945428369701, 50.785137465414799 ], [ 2.052997098060645, 50.785154115448897 ], [ 2.053045427774551, 50.7851691254847 ], [ 2.053100427468915, 50.785182415551333 ], [ 2.053150427158064, 50.785200785568982 ], [ 2.05320209684906, 50.785217445603131 ], [ 2.053253756548838, 50.785232445648624 ], [ 2.053303756247047, 50.785249105678069 ], [ 2.05335376595395, 50.785264105718895 ], [ 2.053402095659366, 50.785280765743579 ], [ 2.053450425373466, 50.785295775779552 ], [ 2.053500425063123, 50.785314085797808 ], [ 2.053548754777323, 50.785329085833915 ], [ 2.053595424489955, 50.785345745853974 ], [ 2.053642094211313, 50.785360745885413 ], [ 2.053692093918373, 50.78537575592631 ], [ 2.053743753609696, 50.785392415960743 ], [ 2.053793753316861, 50.785407416001817 ], [ 2.053842093031156, 50.785422416038074 ], [ 2.053890422745469, 50.785437426074303 ], [ 2.053937092458271, 50.785454086094553 ], [ 2.053977082217046, 50.785467436118253 ], [ 2.054010422030609, 50.785475766157099 ], [ 2.054015422009193, 50.785475766171437 ], [ 2.054013752016346, 50.785475766166641 ] ] ] } },
{ "type": "Feature", "properties": { "fid": 123, "ID_RUISSOL": "7954", "ID_ENTITE": "148", "TYPEOUVRAG": "Haie", "NUMEROINTE": "hem15-7", "COMMUNEINS": "62827", "COMMUNE": "TOURNEHEM-SUR-LA-HEM", "MAITREOUVR": "SYMVAHEM", "PAMONTPROP": "LEFEBVRE Hubert", "PAMONTAGRI": "LEFEBVRE Hubert", "PAVALPROPR": "LEFEBVRE Hubert", "PAVALAGRIC": "LEFEBVRE Hubert", "DATEREALIS": "2017-02-01", "LONGUEUR": "83", "LARGEUR": "3", "HAUTEUR": "2", "SURFACE": "249", "VOLUME": "0", "HAIE1": "0", "HAIE2": "0", "HAIE3": "83", "MATERIAUX": "Espèces arbustives locales", "OBSERVATIO": "prairie cloture", "ENTRETIEN": "MO", "PAMONT_REF": "ZC 45", "PAVAL_REFE": "ZC 45", "PAMONT_CON": "1", "PAVAL_CONV": "1", "PAMONT__01": "1", "PAVAL_C_01": "1", "PAMONT_DAT": "2015-05-05", "PAVAL_DATE": "2015-05-05", "ID_SAGE": 5, "ID_PARC": 3, "ID_PAYS": 9, "ID_MDAD": 9, "BV": "{Hem_aval}" }, "geometry": { "type": "MultiLineString", "coordinates": [ [ [ 2.051888682740025, 50.8008723441095 ], [ 2.05188702273475, 50.800877304069964 ], [ 2.051887022690191, 50.800895673942811 ], [ 2.051932022490775, 50.800902354037085 ], [ 2.051982022267004, 50.800910674135665 ], [ 2.052032022035154, 50.800922314211256 ], [ 2.052082021807168, 50.800932354297899 ], [ 2.052130351586085, 50.800942344379649 ], [ 2.052177021371764, 50.800952324456318 ], [ 2.052222021164227, 50.800962304527779 ], [ 2.052267020960687, 50.800970634610643 ], [ 2.052310350759771, 50.800980674676453 ], [ 2.052353680563002, 50.800989004754101 ], [ 2.052397010366218, 50.800997334831749 ], [ 2.052440350173399, 50.801004014920828 ], [ 2.052483679972565, 50.801013994987059 ], [ 2.052527019775696, 50.801022325064785 ], [ 2.052573679569335, 50.801028995164266 ], [ 2.052622019368339, 50.801030655303776 ], [ 2.052662019197148, 50.801034025405365 ], [ 2.052702019030147, 50.801035675518825 ], [ 2.052745348849578, 50.801037325642696 ], [ 2.052785348678519, 50.801040635744741 ], [ 2.052830348486932, 50.801044005861918 ], [ 2.052873688306308, 50.80104565598586 ], [ 2.052922018109384, 50.801045656136786 ], [ 2.052967017913747, 50.801050676242546 ] ] ] } },
{ "type": "Feature", "properties": { "fid": 124, "ID_RUISSOL": "7955", "ID_ENTITE": "148", "TYPEOUVRAG": "Haie", "NUMEROINTE": "hem15-8", "COMMUNEINS": "62827", "COMMUNE": "TOURNEHEM-SUR-LA-HEM", "MAITREOUVR": "SYMVAHEM", "PAMONTPROP": "LEFEBVRE Hubert", "PAMONTAGRI": "LEFEBVRE Hubert", "PAVALPROPR": "LEFEBVRE Hubert", "PAVALAGRIC": "LEFEBVRE Hubert", "DATEREALIS": "2017-02-01", "LONGUEUR": "50", "LARGEUR": "3", "HAUTEUR": "2", "SURFACE": "147", "VOLUME": "0", "HAIE1": "0", "HAIE2": "0", "HAIE3": "49", "MATERIAUX": "Espèces arbustives locales", "OBSERVATIO": "prairie cloture", "ENTRETIEN": "MO", "PAMONT_REF": "ZE 45", "PAVAL_REFE": "ZE 45", "PAMONT_CON": "1", "PAVAL_CONV": "1", "PAMONT__01": "1", "PAVAL_C_01": "1", "PAMONT_DAT": "2015-05-05", "PAVAL_DATE": "2015-05-05", "ID_SAGE": 5, "ID_PARC": 3, "ID_PAYS": 9, "ID_MDAD": 9, "BV": "{Hem_aval}" }, "geometry": { "type": "MultiLineString", "coordinates": [ [ [ 2.051305350208134, 50.802905618210737 ], [ 2.051265350396641, 50.802895638155114 ], [ 2.051223680588017, 50.802887308082809 ], [ 2.051178680797043, 50.802877328011533 ], [ 2.051135350999333, 50.802867287945901 ], [ 2.051088681219185, 50.802855647880946 ], [ 2.051042021434976, 50.802845667804526 ], [ 2.05100202162355, 50.802835617749352 ], [ 2.050957021832486, 50.802825637678083 ], [ 2.050910352052231, 50.802814007613051 ], [ 2.0508670222584, 50.802802307558878 ], [ 2.05081701249596, 50.802788957495352 ], [ 2.050767022729303, 50.802777317420009 ], [ 2.050723682935447, 50.80276561736585 ], [ 2.050690353096322, 50.802755637330975 ] ] ] } },
{ "type": "Feature", "properties": { "fid": 125, "ID_RUISSOL": "7956", "ID_ENTITE": "148", "TYPEOUVRAG": "Haie", "NUMEROINTE": "hem15 -14a", "COMMUNEINS": "62308", "COMMUNE": "ESCOEUILLES", "MAITREOUVR": "SYMVAHEM", "PAMONTPROP": "DUVAL Jean-Marie", "PAMONTAGRI": "GAEC SPECQ SPECQ Hervé", "PAVALPROPR": "DUVAL Jean-Marie", "PAVALAGRIC": "GAEC SPECQ SPECQ Hervé", "DATEREALIS": "2017-02-01", "LONGUEUR": "30", "LARGEUR": "0", "HAUTEUR": "0", "SURFACE": "0", "VOLUME": "0", "HAIE1": "0", "HAIE2": "30", "HAIE3": "0", "MATERIAUX": "Espèces arbustives locales", "OBSERVATIO": null, "ENTRETIEN": "MO", "PAMONT_REF": "0C 423", "PAVAL_REFE": "0C 423", "PAMONT_CON": "1", "PAVAL_CONV": "1", "PAMONT__01": "1", "PAVAL_C_01": "1", "PAMONT_DAT": "2015-06-05", "PAVAL_DATE": "2015-06-05", "ID_SAGE": 5, "ID_PARC": 3, "ID_PAYS": 9, "ID_MDAD": 9, "BV": "{Quesques}" }, "geometry": { "type": "MultiLineString", "coordinates": [ [ [ 1.944096509450856, 50.713079403222629 ], [ 1.944098159457292, 50.713076093251971 ], [ 1.944078199551453, 50.71308607313577 ], [ 1.944036489734007, 50.713109412873145 ], [ 1.944001519874994, 50.713131092636196 ], [ 1.943968209993966, 50.713154422389259 ], [ 1.943929870141641, 50.713179402119813 ], [ 1.943894840264184, 50.713204391856443 ], [ 1.943859870405223, 50.713226071619466 ], [ 1.94382484054673, 50.713247751382362 ], [ 1.9437865007039, 50.713271081125981 ] ] ] } },
{ "type": "Feature", "properties": { "fid": 126, "ID_RUISSOL": "7957", "ID_ENTITE": "148", "TYPEOUVRAG": "Haie", "NUMEROINTE": "hem15 -14b", "COMMUNEINS": "62308", "COMMUNE": "ESCOEUILLES", "MAITREOUVR": "SYMVAHEM", "PAMONTPROP": "DUVAL Jean-Marie", "PAMONTAGRI": "GAEC SPECQ SPECQ Hervé", "PAVALPROPR": "DUVAL Jean-Marie", "PAVALAGRIC": "GAEC SPECQ SPECQ Hervé", "DATEREALIS": "2017-02-01", "LONGUEUR": "80", "LARGEUR": "1", "HAUTEUR": "0", "SURFACE": "0", "VOLUME": "0", "HAIE1": "0", "HAIE2": "80", "HAIE3": "0", "MATERIAUX": "Espèces arbustives locales", "OBSERVATIO": null, "ENTRETIEN": "MO", "PAMONT_REF": "0C 423", "PAVAL_REFE": null, "PAMONT_CON": "1", "PAVAL_CONV": "1", "PAMONT__01": "1", "PAVAL_C_01": "1", "PAMONT_DAT": "2015-06-05", "PAVAL_DATE": "2015-06-05", "ID_SAGE": 5, "ID_PARC": 3, "ID_PAYS": 9, "ID_MDAD": 9, "BV": "{Quesques}" }, "geometry": { "type": "MultiLineString", "coordinates": [ [ [ 1.94364153924851, 50.713717717309073 ], [ 1.943638169274067, 50.713717717302835 ], [ 1.943616489343222, 50.713734377130201 ], [ 1.94357986945879, 50.713762736836912 ], [ 1.943549859534074, 50.713789376569544 ], [ 1.943524879552009, 50.713819376284754 ], [ 1.943498169583025, 50.713849385996696 ], [ 1.943466509651602, 50.713879395699422 ], [ 1.943434849710759, 50.713911055389055 ], [ 1.943406489754333, 50.713941065097877 ], [ 1.943376549819344, 50.713969424816867 ], [ 1.943343169901431, 50.713999364516887 ], [ 1.943309859982605, 50.714029374216508 ], [ 1.94327482010527, 50.714054423952263 ], [ 1.943238200221362, 50.714082723659253 ], [ 1.943199860350237, 50.714111073362695 ], [ 1.943159870472733, 50.714142733036674 ], [ 1.943116510639679, 50.714171092730616 ], [ 1.943076520781471, 50.714199382431381 ], [ 1.943038190929545, 50.714224372161425 ], [ 1.943003221042364, 50.714251071884114 ], [ 1.942968191184334, 50.714272751646611 ], [ 1.942936521338918, 50.714287761468377 ] ] ] } },
{ "type": "Feature", "properties": { "fid": 127, "ID_RUISSOL": "7958", "ID_ENTITE": "148", "TYPEOUVRAG": "Fascine", "NUMEROINTE": "hem15-24", "COMMUNEINS": "62155", "COMMUNE": "BONNINGUES-LES-ARDRES", "MAITREOUVR": "SYMVAHEM", "PAMONTPROP": "SAISON Daniel", "PAMONTAGRI": "DE LA VALLEE DES NEUDINS DELPLANQUE Benoît", "PAVALPROPR": null, "PAVALAGRIC": "BOURBIAUX Alain", "DATEREALIS": "2017-02-15", "LONGUEUR": "30", "LARGEUR": "1", "HAUTEUR": "1", "SURFACE": "30", "VOLUME": "0", "HAIE1": "0", "HAIE2": "0", "HAIE3": "0", "MATERIAUX": "Pieux et fagots de saules", "OBSERVATIO": null, "ENTRETIEN": "MO", "PAMONT_REF": "0D 127", "PAVAL_REFE": "0D 128", "PAMONT_CON": "1", "PAVAL_CONV": "1", "PAMONT__01": "1", "PAVAL_C_01": "1", "PAMONT_DAT": "2015-05-13", "PAVAL_DATE": "2015-05-13", "ID_SAGE": 5, "ID_PARC": 3, "ID_PAYS": 9, "ID_MDAD": 9, "BV": "{Bonningues_les_Ardres}" }, "geometry": { "type": "MultiLineString", "coordinates": [ [ [ 2.020022257600513, 50.781995734633412 ], [ 2.020008917523388, 50.782019064423189 ], [ 2.020018917518647, 50.782012394500619 ], [ 2.02004891752367, 50.781989054757453 ], [ 2.020078917538554, 50.781964005026992 ], [ 2.020103917545652, 50.781944045244757 ], [ 2.020127257550385, 50.781925735445689 ], [ 2.020157257536192, 50.781905705677936 ], [ 2.020183917526513, 50.781887395888106 ], [ 2.020215587524122, 50.781864066149446 ], [ 2.020245587529001, 50.781840726406102 ], [ 2.020277257526559, 50.781817396667385 ], [ 2.02030558752904, 50.781795716907084 ], [ 2.0203322575387, 50.781774037142121 ], [ 2.020343917536282, 50.78176570723636 ] ] ] } },
{ "type": "Feature", "properties": { "fid": 128, "ID_RUISSOL": "7961", "ID_ENTITE": "148", "TYPEOUVRAG": "Fascine", "NUMEROINTE": "hem15-18", "COMMUNEINS": "62020", "COMMUNE": "ALEMBON", "MAITREOUVR": "SYMVAHEM", "PAMONTPROP": "VERCOUSTRE Marguerite", "PAMONTAGRI": "EARL DE LA VALLEE MADAME DACQUIN Didier", "PAVALPROPR": "VERCOUSTRE Marguerite", "PAVALAGRIC": "EARL DE LA VALLEE MADAME DACQUIN Didier", "DATEREALIS": "2017-02-01", "LONGUEUR": "10", "LARGEUR": "1", "HAUTEUR": "1", "SURFACE": "10", "VOLUME": "0", "HAIE1": "0", "HAIE2": "0", "HAIE3": "0", "MATERIAUX": "Pieux et fagots de saules", "OBSERVATIO": "Fascine en angle droit dans le coin inférieur du champs. Au niveau du passage de roues", "ENTRETIEN": "MO", "PAMONT_REF": "333", "PAVAL_REFE": "333", "PAMONT_CON": "1", "PAVAL_CONV": "1", "PAMONT__01": "1", "PAVAL_C_01": "1", "PAMONT_DAT": "2015-05-27", "PAVAL_DATE": "2015-05-27", "ID_SAGE": 5, "ID_PARC": 3, "ID_PAYS": 9, "ID_MDAD": 9, "BV": "{Alembon2}" }, "geometry": { "type": "MultiLineString", "coordinates": [ [ [ 1.851665127364936, 50.780666998366627 ], [ 1.85167179736245, 50.780661968426287 ], [ 1.851698437375963, 50.780638638692309 ], [ 1.851723427326785, 50.780625288868862 ], [ 1.851758457049542, 50.780635338870475 ], [ 1.851786746848587, 50.780640288898852 ] ] ] } },
{ "type": "Feature", "properties": { "fid": 129, "ID_RUISSOL": "7962", "ID_ENTITE": "148", "TYPEOUVRAG": "Fascine", "NUMEROINTE": "hem15-31", "COMMUNEINS": "62020", "COMMUNE": "ALEMBON", "MAITREOUVR": "SYMVAHEM", "PAMONTPROP": "VERCOUSTRE Marguerite", "PAMONTAGRI": "EARL DE LA VALLEE MADAME DACQUIN Didier", "PAVALPROPR": null, "PAVALAGRIC": "EARL DE LA VALLEE MADAME DACQUIN Didier", "DATEREALIS": "2017-02-01", "LONGUEUR": "12", "LARGEUR": "1", "HAUTEUR": "1", "SURFACE": "10", "VOLUME": "0", "HAIE1": "0", "HAIE2": "0", "HAIE3": "0", "MATERIAUX": "Pieux et fagots de saules", "OBSERVATIO": "Le long de la haie, au niveau du passage d'eau dans la pente.", "ENTRETIEN": "MO", "PAMONT_REF": "333", "PAVAL_REFE": "333", "PAMONT_CON": "1", "PAVAL_CONV": "1", "PAMONT__01": "1", "PAVAL_C_01": "1", "PAMONT_DAT": "2015-05-27", "PAVAL_DATE": "2015-05-27", "ID_SAGE": 5, "ID_PARC": 3, "ID_PAYS": 9, "ID_MDAD": 9, "BV": "{Alembon2}" }, "geometry": { "type": "MultiLineString", "coordinates": [ [ [ 1.852383431477907, 50.780901978153203 ], [ 1.852381771499482, 50.780900328163163 ], [ 1.852371791593845, 50.780895308181123 ], [ 1.852333451925546, 50.780880298213575 ], [ 1.852295122257162, 50.780865298245999 ], [ 1.852261802547713, 50.780851948276812 ] ] ] } },
{ "type": "Feature", "properties": { "fid": 130, "ID_RUISSOL": "7963", "ID_ENTITE": "148", "TYPEOUVRAG": "Fascine", "NUMEROINTE": "hem15-17", "COMMUNEINS": "62020", "COMMUNE": "ALEMBON", "MAITREOUVR": "SYMVAHEM", "PAMONTPROP": "SAUVAGE Guy", "PAMONTAGRI": "EARL DE LA VALLEE MADAME DACQUIN Didier", "PAVALPROPR": null, "PAVALAGRIC": "EARL DE LA VALLEE MADAME DACQUIN Didier", "DATEREALIS": "2017-02-01", "LONGUEUR": "19", "LARGEUR": "1", "HAUTEUR": "1", "SURFACE": "20", "VOLUME": "0", "HAIE1": "0", "HAIE2": "0", "HAIE3": "0", "MATERIAUX": "Pieux et fagots de saules", "OBSERVATIO": "Dans le coin inférieur du champs, le long de la route au niveau de l'entrée de champs. Fascine en angle droit. M. Dacquin va déplacer son entrée de champs en conséquence.", "ENTRETIEN": "MO", "PAMONT_REF": "330", "PAVAL_REFE": "330", "PAMONT_CON": "1", "PAVAL_CONV": "1", "PAMONT__01": "1", "PAVAL_C_01": "1", "PAMONT_DAT": "2015-05-27", "PAVAL_DATE": "2015-05-27", "ID_SAGE": 5, "ID_PARC": 3, "ID_PAYS": 9, "ID_MDAD": 9, "BV": "{Alembon2}" }, "geometry": { "type": "MultiLineString", "coordinates": [ [ [ 1.852048438320883, 50.780225323099529 ], [ 1.852056768344261, 50.78021534320559 ], [ 1.85208842838824, 50.780183613555835 ], [ 1.852120098419146, 50.780153673890815 ], [ 1.85214679845575, 50.78012696418579 ], [ 1.852153468488782, 50.780116984287702 ], [ 1.852128418792183, 50.780095304410416 ], [ 1.852081759197906, 50.780076994450376 ] ] ] } },
{ "type": "Feature", "properties": { "fid": 131, "ID_RUISSOL": "7968", "ID_ENTITE": "148", "TYPEOUVRAG": "Haie", "NUMEROINTE": "hem15-9", "COMMUNEINS": "62618", "COMMUNE": "NORDAUSQUES", "MAITREOUVR": "SYMVAHEM", "PAMONTPROP": "DELBENDE Loic", "PAMONTAGRI": "DELBENDE Loic", "PAVALPROPR": "DELBENDE Loic", "PAVALAGRIC": "DELBENDE Loic", "DATEREALIS": "2017-02-01", "LONGUEUR": "326", "LARGEUR": "1", "HAUTEUR": "1", "SURFACE": "324", "VOLUME": "0", "HAIE1": "0", "HAIE2": "0", "HAIE3": "324", "MATERIAUX": "Espèces arbustives locales", "OBSERVATIO": "Renforcement de 120 m existants", "ENTRETIEN": "MO", "PAMONT_REF": "ZE 58", "PAVAL_REFE": "ZE 58", "PAMONT_CON": "1", "PAVAL_CONV": "1", "PAMONT__01": "1", "PAVAL_C_01": "1", "PAMONT_DAT": "2015-05-05", "PAVAL_DATE": "2015-05-05", "ID_SAGE": 5, "ID_PARC": 3, "ID_PAYS": 9, "ID_MDAD": 9, "BV": "{Hem_aval}" }, "geometry": { "type": "MultiLineString", "coordinates": [ [ [ 2.068557262121567, 50.810589388987033 ], [ 2.06714391510713, 50.8121326596779 ] ] ] } },
{ "type": "Feature", "properties": { "fid": 132, "ID_RUISSOL": "7969", "ID_ENTITE": "148", "TYPEOUVRAG": "Haie", "NUMEROINTE": "hem15-10", "COMMUNEINS": "62618", "COMMUNE": "NORDAUSQUES", "MAITREOUVR": "SYMVAHEM", "PAMONTPROP": "DELBENDE Loic", "PAMONTAGRI": "DELBENDE Loic", "PAVALPROPR": "DELBENDE Loic", "PAVALAGRIC": "DELBENDE Loic", "DATEREALIS": "2017-02-01", "LONGUEUR": "300", "LARGEUR": "1", "HAUTEUR": "1", "SURFACE": "302", "VOLUME": "0", "HAIE1": "0", "HAIE2": "0", "HAIE3": "302", "MATERIAUX": "Espèces arbustives locales", "OBSERVATIO": null, "ENTRETIEN": "MO", "PAMONT_REF": "ZE 58", "PAVAL_REFE": "ZE 58", "PAMONT_CON": "1", "PAVAL_CONV": "1", "PAMONT__01": "1", "PAVAL_C_01": "1", "PAMONT_DAT": "2015-05-05", "PAVAL_DATE": "2015-05-05", "ID_SAGE": 5, "ID_PARC": 3, "ID_PAYS": 9, "ID_MDAD": 9, "BV": "{Hem_aval}" }, "geometry": { "type": "MultiLineString", "coordinates": [ [ [ 2.072589478677051, 50.806234558429622 ], [ 2.07095791161377, 50.807979612024248 ] ] ] } },
{ "type": "Feature", "properties": { "fid": 133, "ID_RUISSOL": "7970", "ID_ENTITE": "148", "TYPEOUVRAG": "Haie", "NUMEROINTE": "hem15-11", "COMMUNEINS": "62618", "COMMUNE": "NORDAUSQUES", "MAITREOUVR": "SYMVAHEM", "PAMONTPROP": "DELBENDE Loic", "PAMONTAGRI": "DELBENDE Loic", "PAVALPROPR": "DELBENDE Loic", "PAVALAGRIC": "DELBENDE Loic", "DATEREALIS": "2017-02-01", "LONGUEUR": "100", "LARGEUR": "1", "HAUTEUR": "1", "SURFACE": "100", "VOLUME": "0", "HAIE1": "0", "HAIE2": "0", "HAIE3": "100", "MATERIAUX": "Espèces arbustives locales", "OBSERVATIO": null, "ENTRETIEN": "MO", "PAMONT_REF": "ZD 2", "PAVAL_REFE": "ZD 2", "PAMONT_CON": "1", "PAVAL_CONV": "1", "PAMONT__01": "1", "PAVAL_C_01": "1", "PAMONT_DAT": "2015-05-05", "PAVAL_DATE": "2015-05-05", "ID_SAGE": 5, "ID_PARC": 3, "ID_PAYS": 9, "ID_MDAD": 9, "BV": "{Hem_aval,Sartebecques}" }, "geometry": { "type": "MultiLineString", "coordinates": [ [ [ 2.071732057669013, 50.803634666062941 ], [ 2.071178579040585, 50.803680526833112 ], [ 2.070623056625366, 50.803836341563901 ], [ 2.070010324089621, 50.804096699561029 ] ] ] } },
{ "type": "Feature", "properties": { "fid": 134, "ID_RUISSOL": "7972", "ID_ENTITE": "148", "TYPEOUVRAG": "Haie", "NUMEROINTE": "hem15-12", "COMMUNEINS": "62827", "COMMUNE": "TOURNEHEM-SUR-LA-HEM", "MAITREOUVR": "SYMVAHEM", "PAMONTPROP": "EARL DE LA LONGUE HAIE LEDUC Bruno", "PAMONTAGRI": "EARL DE LA LONGUE HAIE LEDUC Bruno", "PAVALPROPR": "EARL DE LA LONGUE HAIE LEDUC Bruno", "PAVALAGRIC": "EARL DE LA LONGUE HAIE LEDUC Bruno", "DATEREALIS": "2017-02-01", "LONGUEUR": "120", "LARGEUR": "1", "HAUTEUR": "1", "SURFACE": "120", "VOLUME": "0", "HAIE1": "0", "HAIE2": "0", "HAIE3": "120", "MATERIAUX": "Espèces arbustives locales", "OBSERVATIO": null, "ENTRETIEN": "MO", "PAMONT_REF": "ZB 26", "PAVAL_REFE": "ZB 26", "PAMONT_CON": "1", "PAVAL_CONV": "1", "PAMONT__01": "1", "PAVAL_C_01": "1", "PAMONT_DAT": "2015-05-05", "PAVAL_DATE": "2015-05-05", "ID_SAGE": 5, "ID_PARC": 3, "ID_PAYS": 9, "ID_MDAD": 9, "BV": "{Hem_aval}" }, "geometry": { "type": "MultiLineString", "coordinates": [ [ [ 2.06766847742857, 50.802537756208032 ], [ 2.066998399736037, 50.802808069304874 ] ] ] } },
{ "type": "Feature", "properties": { "fid": 135, "ID_RUISSOL": "7973", "ID_ENTITE": "148", "TYPEOUVRAG": "Haie", "NUMEROINTE": "hem15-13", "COMMUNEINS": "62827", "COMMUNE": "TOURNEHEM-SUR-LA-HEM", "MAITREOUVR": "SYMVAHEM", "PAMONTPROP": "EARL DE LA LONGUE HAIE LEDUC Bruno", "PAMONTAGRI": "EARL DE LA LONGUE HAIE LEDUC Bruno", "PAVALPROPR": "EARL DE LA LONGUE HAIE LEDUC Bruno", "PAVALAGRIC": "EARL DE LA LONGUE HAIE LEDUC Bruno", "DATEREALIS": "2017-02-01", "LONGUEUR": "245", "LARGEUR": "2", "HAUTEUR": "1", "SURFACE": "490", "VOLUME": "0", "HAIE1": "0", "HAIE2": "0", "HAIE3": "245", "MATERIAUX": "Pieux et fagots de saules", "OBSERVATIO": "Clôture, prairie", "ENTRETIEN": "MO", "PAMONT_REF": "B 391", "PAVAL_REFE": "B 391", "PAMONT_CON": "1", "PAVAL_CONV": "1", "PAMONT__01": "1", "PAVAL_C_01": "1", "PAMONT_DAT": "2015-05-05", "PAVAL_DATE": "2015-05-05", "ID_SAGE": 5, "ID_PARC": 3, "ID_PAYS": 9, "ID_MDAD": 9, "BV": "{Bonningues_les_Ardres}" }, "geometry": { "type": "MultiLineString", "coordinates": [ [ [ 2.034429426530548, 50.79127110512443 ], [ 2.031645061270428, 50.789791813543474 ] ] ] } },
{ "type": "Feature", "properties": { "fid": 136, "ID_RUISSOL": "8017", "ID_ENTITE": "148", "TYPEOUVRAG": "Fascine", "NUMEROINTE": "hem15-27", "COMMUNEINS": "62055", "COMMUNE": "AUDREHEM", "MAITREOUVR": "SYMVAHEM", "PAMONTPROP": "RIGOBERT Alain", "PAMONTAGRI": "RIGOBERT François", "PAVALPROPR": "RIGOBERT Alain", "PAVALAGRIC": "RIGOBERT François", "DATEREALIS": "2017-12-01", "LONGUEUR": "25", "LARGEUR": "1", "HAUTEUR": "1", "SURFACE": "25", "VOLUME": "0", "HAIE1": "0", "HAIE2": "0", "HAIE3": "0", "MATERIAUX": null, "OBSERVATIO": null, "ENTRETIEN": "MO", "PAMONT_REF": "OA 262", "PAVAL_REFE": "OA 262", "PAMONT_CON": "1", "PAVAL_CONV": "1", "PAMONT__01": "1", "PAVAL_C_01": "1", "PAMONT_DAT": "2015-05-13", "PAVAL_DATE": "2015-05-13", "ID_SAGE": 5, "ID_PARC": 3, "ID_PAYS": 9, "ID_MDAD": 9, "BV": "{Alquines}" }, "geometry": { "type": "MultiLineString", "coordinates": [ [ [ 2.003058998079033, 50.780832336222105 ], [ 2.003075668087407, 50.78081898637118 ], [ 2.003115668004368, 50.780803986597533 ], [ 2.00316233789238, 50.780788976842445 ], [ 2.003217337774113, 50.780769017148501 ], [ 2.003267337667988, 50.78075063742854 ], [ 2.003318997554194, 50.780732327712592 ], [ 2.003385667385452, 50.780712308051292 ], [ 2.003445667305729, 50.780682358448004 ], [ 2.00350899725216, 50.780645678905628 ], [ 2.00357233711782, 50.780622339260518 ], [ 2.003627336989304, 50.780604029553615 ] ] ] } },
{ "type": "Feature", "properties": { "fid": 137, "ID_RUISSOL": "8031", "ID_ENTITE": "148", "TYPEOUVRAG": "Fascine", "NUMEROINTE": "hem15-41", "COMMUNEINS": "62419", "COMMUNE": "HAUT-LOQUIN", "MAITREOUVR": "SYMVAHEM", "PAMONTPROP": "DEVIGNE Maurice", "PAMONTAGRI": "DEVIGNE Maurice", "PAVALPROPR": "DEVIGNE Maurice", "PAVALAGRIC": "DEVIGNE Maurice", "DATEREALIS": "2017-12-01", "LONGUEUR": "41", "LARGEUR": "1", "HAUTEUR": "1", "SURFACE": "41", "VOLUME": "0", "HAIE1": "0", "HAIE2": "0", "HAIE3": "0", "MATERIAUX": "Pieux et fagots de saules", "OBSERVATIO": "Fascine en intégralité du côté de M. Devigne. Voisin refuse une mitoyenneté", "ENTRETIEN": "MO", "PAMONT_REF": "0B 92", "PAVAL_REFE": "0B 92", "PAMONT_CON": "1", "PAVAL_CONV": "1", "PAMONT__01": "1", "PAVAL_C_01": "1", "PAMONT_DAT": "2015-05-19", "PAVAL_DATE": "2015-05-19", "ID_SAGE": 5, "ID_PARC": 3, "ID_PAYS": 9, "ID_MDAD": 9, "BV": "{Alquines}" }, "geometry": { "type": "MultiLineString", "coordinates": [ [ [ 1.958509595059679, 50.73453591094065 ], [ 1.958531274988453, 50.734519251115685 ], [ 1.958579594836709, 50.734480921515264 ], [ 1.958627984684511, 50.734442581915019 ], [ 1.958676304542497, 50.734402592327655 ], [ 1.958727924355696, 50.734365902720725 ], [ 1.958776314193576, 50.734329283106817 ], [ 1.958822974035644, 50.73429425347684 ], [ 1.958859593926379, 50.734264243787109 ] ] ] } },
{ "type": "Feature", "properties": { "fid": 138, "ID_RUISSOL": "8032", "ID_ENTITE": "148", "TYPEOUVRAG": "Haie", "NUMEROINTE": "hem15-25", "COMMUNEINS": "62455", "COMMUNE": "HOCQUINGHEN", "MAITREOUVR": "SYMVAHEM", "PAMONTPROP": "LEROY Colette", "PAMONTAGRI": "FOVET Anne-Marie", "PAVALPROPR": null, "PAVALAGRIC": "EARL FOULON DUMONT FOULON Philippe", "DATEREALIS": "2017-02-01", "LONGUEUR": "35", "LARGEUR": "1", "HAUTEUR": "2", "SURFACE": "35", "VOLUME": "0", "HAIE1": "0", "HAIE2": "35", "HAIE3": "0", "MATERIAUX": "Espèces arbustives locales", "OBSERVATIO": "Haie placée en haut de talus, donc entièrement du côté de M. Fovet. Une fascine sera placée en renforcement de la haie à l'endroit où le passage d'eau est le plus fort.", "ENTRETIEN": "MO", "PAMONT_REF": "A 287", "PAVAL_REFE": null, "PAMONT_CON": "1", "PAVAL_CONV": "1", "PAMONT__01": "1", "PAVAL_C_01": "1", "PAMONT_DAT": "2015-06-05", "PAVAL_DATE": null, "ID_SAGE": 5, "ID_PARC": 3, "ID_PAYS": 9, "ID_MDAD": 9, "BV": "{Surques}" }, "geometry": { "type": "MultiLineString", "coordinates": [ [ [ 1.934612942698323, 50.766213936483766 ], [ 1.934597942846296, 50.766208976491328 ], [ 1.934549623364094, 50.766185646575501 ], [ 1.934497933927789, 50.766158936679922 ], [ 1.934444654503811, 50.766132296780277 ], [ 1.934391315080626, 50.766105596881012 ], [ 1.93433962562535, 50.766082266957902 ], [ 1.934289656165552, 50.766057277052134 ], [ 1.934236306723536, 50.766033947125393 ], [ 1.934182967281473, 50.76601060719878 ] ] ] } },
{ "type": "Feature", "properties": { "fid": 139, "ID_RUISSOL": "8033", "ID_ENTITE": "148", "TYPEOUVRAG": "Fascine", "NUMEROINTE": "hem15-26", "COMMUNEINS": "62455", "COMMUNE": "HOCQUINGHEN", "MAITREOUVR": "SYMVAHEM", "PAMONTPROP": "LEROY Colette", "PAMONTAGRI": "FOVET Anne-Marie", "PAVALPROPR": null, "PAVALAGRIC": "EARL FOULON DUMONT FOULON Philippe", "DATEREALIS": "2017-02-01", "LONGUEUR": "10", "LARGEUR": "1", "HAUTEUR": "1", "SURFACE": "36", "VOLUME": "0", "HAIE1": "0", "HAIE2": "0", "HAIE3": "0", "MATERIAUX": "Pieux et fagots de saules", "OBSERVATIO": "Fascine placée derrière la haie en haut de talus. Fascine en renforcement de la haie au niveau du passage d'eau le plus important.", "ENTRETIEN": "MO", "PAMONT_REF": "A 287", "PAVAL_REFE": null, "PAMONT_CON": "1", "PAVAL_CONV": "1", "PAMONT__01": "1", "PAVAL_C_01": "1", "PAMONT_DAT": "2015-06-05", "PAVAL_DATE": null, "ID_SAGE": 5, "ID_PARC": 3, "ID_PAYS": 9, "ID_MDAD": 9, "BV": "{Surques}" }, "geometry": { "type": "MultiLineString", "coordinates": [ [ [ 1.934424624925334, 50.766085637116824 ], [ 1.934441284745227, 50.766093967085389 ], [ 1.934489604236718, 50.766115647014622 ], [ 1.934509633815167, 50.766162306678098 ] ] ] } },
{ "type": "Feature", "properties": { "fid": 140, "ID_RUISSOL": "8034", "ID_ENTITE": "148", "TYPEOUVRAG": "Haie", "NUMEROINTE": "hem15-36", "COMMUNEINS": "62803", "COMMUNE": "SURQUES", "MAITREOUVR": "SYMVAHEM", "PAMONTPROP": "Messieurs Hache Hubert, Leleu Eric, Merlot Michel", "PAMONTAGRI": "GAEC DU PLOUY HACHE Laurent", "PAVALPROPR": "Messieurs Hache Hubert, Leleu Eric, Merlot Michel", "PAVALAGRIC": "GAEC DU PLOUY HACHE Laurent", "DATEREALIS": "2017-02-01", "LONGUEUR": "251", "LARGEUR": "1", "HAUTEUR": "2", "SURFACE": "239", "VOLUME": "0", "HAIE1": "0", "HAIE2": "239", "HAIE3": "0", "MATERIAUX": "Espèces arbustives locales", "OBSERVATIO": "En haut du grand talus.", "ENTRETIEN": "MO", "PAMONT_REF": "C 200, C 199, C 196, C 538, C 540, C 542", "PAVAL_REFE": "C 200, C 199, C 196, C 538, C 540, C 542", "PAMONT_CON": "1", "PAVAL_CONV": "1", "PAMONT__01": "1", "PAVAL_C_01": "1", "PAMONT_DAT": "2015-05-30", "PAVAL_DATE": "2015-05-30", "ID_SAGE": 5, "ID_PARC": 3, "ID_PAYS": 9, "ID_MDAD": 9, "BV": "{Surques}" }, "geometry": { "type": "MultiLineString", "coordinates": [ [ [ 1.912369988812834, 50.733434208233078 ], [ 1.9123766687158, 50.733442538177904 ], [ 1.912409978313012, 50.733469178025089 ], [ 1.912443297891788, 50.733499187844657 ], [ 1.912479977435561, 50.733530847657299 ], [ 1.912516666960896, 50.733565877442345 ], [ 1.912551636499848, 50.73360084722453 ], [ 1.912589966012447, 50.733635877012844 ], [ 1.912626655556064, 50.733667536825578 ], [ 1.912658315138605, 50.733699196628386 ], [ 1.912688324742889, 50.733729206441481 ], [ 1.91271998431636, 50.73376252623072 ], [ 1.912751643898853, 50.733794186033542 ], [ 1.91278000350688, 50.733825845829877 ], [ 1.912811663080304, 50.73385916561913 ], [ 1.912841672675527, 50.733890825418719 ], [ 1.912873332230619, 50.733927505180482 ], [ 1.912904991785638, 50.733964194942089 ], [ 1.912936661331576, 50.734002534690269 ], [ 1.912968320886941, 50.734039154452482 ], [ 1.912998330463725, 50.734074184224532 ], [ 1.913029990018728, 50.734110863986281 ], [ 1.913059999577448, 50.734149203731185 ], [ 1.913088289149802, 50.734187483473178 ], [ 1.91311498877019, 50.734219203265866 ], [ 1.913134958470373, 50.734245843086875 ], [ 1.913161658063662, 50.734282532838826 ], [ 1.913189947644999, 50.734319152594473 ], [ 1.913213287273332, 50.73435418235335 ], [ 1.913239986866631, 50.734390862105393 ], [ 1.913264966464194, 50.734429201840435 ], [ 1.91328995606167, 50.734467541575455 ], [ 1.91331665566424, 50.73450251134156 ], [ 1.913338275287853, 50.734540841070014 ], [ 1.913363324884816, 50.734579180805234 ], [ 1.913384944508348, 50.734617520533639 ], [ 1.913406624149768, 50.734652490289818 ], [ 1.913429953787052, 50.734685870062307 ], [ 1.913456653389597, 50.734720829828511 ], [ 1.913476623034858, 50.734757519567196 ], [ 1.913499952627084, 50.734799159271965 ], [ 1.91352494222442, 50.734837499007114 ], [ 1.913548271825615, 50.734877488725438 ], [ 1.913568301452375, 50.734917478437239 ], [ 1.913588321106237, 50.734952508189664 ], [ 1.913608290751426, 50.734989197928378 ], [ 1.9136283103966, 50.735025817667804 ], [ 1.913648280041825, 50.735062497406652 ], [ 1.913666649699387, 50.73509918714219 ], [ 1.913688269350166, 50.735132496911952 ], [ 1.913703269042837, 50.735167536654416 ], [ 1.913719988713547, 50.735204156387304 ], [ 1.913743328341581, 50.73523918614638 ], [ 1.913766657988056, 50.735270845933044 ], [ 1.913778297707129, 50.73530581566942 ], [ 1.913796607356093, 50.735344155391367 ], [ 1.913816627009832, 50.735379185143884 ], [ 1.913829976733668, 50.735410844910781 ], [ 1.913848296391576, 50.735447524646396 ], [ 1.913871626047311, 50.735477474447165 ], [ 1.91388497575275, 50.735512504186424 ], [ 1.913904935397853, 50.73554919392523 ], [ 1.913921595086977, 50.735582503685208 ], [ 1.913946644701956, 50.735617473448237 ], [ 1.91395497460096, 50.735624143410092 ], [ 1.913954974618955, 50.735620843437154 ] ] ] } },
{ "type": "Feature", "properties": { "fid": 141, "ID_RUISSOL": "8040", "ID_ENTITE": "148", "TYPEOUVRAG": "Fascine", "NUMEROINTE": "hem15-34", "COMMUNEINS": "62024", "COMMUNE": "ALQUINES", "MAITREOUVR": "SYMVAHEM", "PAMONTPROP": "DELATTRE-DEWILDE Jeanne", "PAMONTAGRI": "GAEC de la Chapelle CROQUELOIS Guillaume", "PAVALPROPR": "DELATTRE-DEWILDE Jeanne", "PAVALAGRIC": "GAEC de la Chapelle CROQUELOIS Guillaume", "DATEREALIS": "2017-12-01", "LONGUEUR": "20", "LARGEUR": "1", "HAUTEUR": "1", "SURFACE": "20", "VOLUME": "0", "HAIE1": "0", "HAIE2": "0", "HAIE3": "0", "MATERIAUX": "Pieux et fagots de saules", "OBSERVATIO": "2 fascines parallèles dans le champs. Respecter la largeur de pulvérisation entre les 2 fascines afin de permettre les traitements. donc laisser une largeur de 24m entre les 2 fascines !", "ENTRETIEN": "MO", "PAMONT_REF": "ZC 73", "PAVAL_REFE": "ZC 73", "PAMONT_CON": "1", "PAVAL_CONV": "1", "PAMONT__01": "1", "PAVAL_C_01": "1", "PAMONT_DAT": "2015-06-05", "PAVAL_DATE": "2015-06-05", "ID_SAGE": 5, "ID_PARC": 3, "ID_PAYS": 9, "ID_MDAD": 9, "BV": "{Lumbres1}" }, "geometry": { "type": "MultiLineString", "coordinates": [ [ [ 2.017727491972079, 50.743544312664035 ], [ 2.017714152018364, 50.743547672611136 ], [ 2.017660822155441, 50.743569292339515 ] ] ] } },
{ "type": "Feature", "properties": { "fid": 142, "ID_RUISSOL": "8041", "ID_ENTITE": "148", "TYPEOUVRAG": "Fascine", "NUMEROINTE": "hem15-35", "COMMUNEINS": "62024", "COMMUNE": "ALQUINES", "MAITREOUVR": "SYMVAHEM", "PAMONTPROP": "DELATTRE-DEWILDE Jeanne", "PAMONTAGRI": "GAEC de la Chapelle CROQUELOIS Guillaume", "PAVALPROPR": "DELATTRE-DEWILDE Jeanne", "PAVALAGRIC": "GAEC de la Chapelle CROQUELOIS Guillaume", "DATEREALIS": "2017-01-01", "LONGUEUR": "20", "LARGEUR": "1", "HAUTEUR": "1", "SURFACE": "20", "VOLUME": "0", "HAIE1": "0", "HAIE2": "0", "HAIE3": "0", "MATERIAUX": "Pieux et fagots de saules", "OBSERVATIO": "2 fascines parallèles dans le champs. Respecter la largeur de pulvérisation entre les 2 fascines afin de permettre les traitements. %0D<br>%0A%0D<br>%0ADonc laisser une largeur de 24m entre les 2 fascines !", "ENTRETIEN": "MO", "PAMONT_REF": "ZC 73", "PAVAL_REFE": "ZC 73", "PAMONT_CON": "1", "PAVAL_CONV": "1", "PAMONT__01": "1", "PAVAL_C_01": "1", "PAMONT_DAT": "2015-06-05", "PAVAL_DATE": "2015-06-05", "ID_SAGE": 5, "ID_PARC": 3, "ID_PAYS": 9, "ID_MDAD": 9, "BV": "{Lumbres1}" }, "geometry": { "type": "MultiLineString", "coordinates": [ [ [ 2.017464154152877, 50.743394323208719 ], [ 2.017460824179015, 50.743392673213819 ], [ 2.017467494165766, 50.743389303252684 ], [ 2.017507494065498, 50.74337264345963 ], [ 2.017545823954081, 50.74335929363869 ] ] ] } },
{ "type": "Feature", "properties": { "fid": 143, "ID_RUISSOL": "8042", "ID_ENTITE": "148", "TYPEOUVRAG": "Fascine", "NUMEROINTE": "hem15-44", "COMMUNEINS": "62024", "COMMUNE": "ALQUINES", "MAITREOUVR": "SYMVAHEM", "PAMONTPROP": "DELATTRE-DEWILDE Jeanne", "PAMONTAGRI": "GAEC de la Chapelle CROQUELOIS Guillaume", "PAVALPROPR": "DELATTRE-DEWILDE Jeanne", "PAVALAGRIC": "GAEC de la Chapelle CROQUELOIS Guillaume", "DATEREALIS": "2017-12-01", "LONGUEUR": "25", "LARGEUR": "1", "HAUTEUR": "1", "SURFACE": "25", "VOLUME": "0", "HAIE1": "0", "HAIE2": "0", "HAIE3": "0", "MATERIAUX": "Pieux et fagots de saules", "OBSERVATIO": "En limite de parcelle avec Billoray. A l'amont de la tache de terre qui a été remplayée. Ouvrage à placer du côte de M. Croquelois.", "ENTRETIEN": "MO", "PAMONT_REF": "ZC 20, ZC 21", "PAVAL_REFE": "ZC 20, ZC 21", "PAMONT_CON": "1", "PAVAL_CONV": "1", "PAMONT__01": "1", "PAVAL_C_01": "1", "PAMONT_DAT": "2015-06-05", "PAVAL_DATE": "2015-06-05", "ID_SAGE": 5, "ID_PARC": 3, "ID_PAYS": 9, "ID_MDAD": 9, "BV": "{Lumbres1}" }, "geometry": { "type": "MultiLineString", "coordinates": [ [ [ 2.014780827088909, 50.745145954581645 ], [ 2.014774157082298, 50.745152634517929 ], [ 2.01474915698881, 50.745189314192899 ], [ 2.014725826887435, 50.745225933871879 ] ] ] } },
{ "type": "Feature", "properties": { "fid": 144, "ID_RUISSOL": "8043", "ID_ENTITE": "148", "TYPEOUVRAG": "Haie", "NUMEROINTE": "hem15-45", "COMMUNEINS": "62020", "COMMUNE": "ALEMBON", "MAITREOUVR": "SYMVAHEM", "PAMONTPROP": "BROUILLARD Frédéric", "PAMONTAGRI": "BROUILLARD Frédéric", "PAVALPROPR": "BROUILLARD Frédéric", "PAVALAGRIC": "BROUILLARD Frédéric", "DATEREALIS": "2017-02-01", "LONGUEUR": "90", "LARGEUR": "1", "HAUTEUR": "2", "SURFACE": "90", "VOLUME": "0", "HAIE1": "90", "HAIE2": "0", "HAIE3": "0", "MATERIAUX": "Espèces arbustives locales", "OBSERVATIO": "Haie le long de la route", "ENTRETIEN": "MO", "PAMONT_REF": "OA 353", "PAVAL_REFE": "OA 353", "PAMONT_CON": "1", "PAVAL_CONV": "1", "PAMONT__01": "1", "PAVAL_C_01": "1", "PAMONT_DAT": "2015-05-22", "PAVAL_DATE": "2015-05-22", "ID_SAGE": 5, "ID_PARC": 3, "ID_PAYS": 9, "ID_MDAD": 9, "BV": "{Alembon2}" }, "geometry": { "type": "MultiLineString", "coordinates": [ [ [ 1.87701496142611, 50.783558707286886 ], [ 1.877008281475001, 50.783556987284676 ], [ 1.876953291717124, 50.78356868704703 ], [ 1.876896641937971, 50.783585336763167 ], [ 1.876844952140546, 50.783600346505693 ], [ 1.876789952362052, 50.783615346239955 ], [ 1.876736612584248, 50.783628695992419 ], [ 1.87667825284572, 50.783640335746782 ], [ 1.876624973077711, 50.783652035513398 ], [ 1.876576593282066, 50.783663665292927 ], [ 1.876528273485597, 50.783675365072035 ], [ 1.876479953689453, 50.783687004851622 ], [ 1.876428263901885, 50.783700354608207 ], [ 1.876376634103642, 50.78371535435096 ], [ 1.876323294336039, 50.783726994117913 ], [ 1.876266644607925, 50.783735323904644 ], [ 1.876216604810705, 50.783748673665386 ], [ 1.876166635002744, 50.783763673412302 ], [ 1.87610992524352, 50.783777023156233 ], [ 1.876056585465354, 50.783790312909133 ], [ 1.876006615657144, 50.783805322655994 ], [ 1.875954925869059, 50.783818672412544 ], [ 1.875904946029495, 50.783838692116746 ], [ 1.875859936224129, 50.783848681918677 ] ] ] } },
{ "type": "Feature", "properties": { "fid": 145, "ID_RUISSOL": "8044", "ID_ENTITE": "148", "TYPEOUVRAG": "Haie", "NUMEROINTE": "hem15-46", "COMMUNEINS": "62020", "COMMUNE": "ALEMBON", "MAITREOUVR": "SYMVAHEM", "PAMONTPROP": "BROUILLARD Frédéric", "PAMONTAGRI": "BROUILLARD Frédéric", "PAVALPROPR": "BROUILLARD Frédéric", "PAVALAGRIC": "BROUILLARD Frédéric", "DATEREALIS": "2017-02-01", "LONGUEUR": "25", "LARGEUR": "0", "HAUTEUR": "0", "SURFACE": "0", "VOLUME": "0", "HAIE1": "25", "HAIE2": "0", "HAIE3": "0", "MATERIAUX": "Espèces arbustives locales", "OBSERVATIO": "Haie dans la parcelle pour faire le lien entre la route et la haie implantée par le propriétaire.", "ENTRETIEN": "MO", "PAMONT_REF": "OA 353", "PAVAL_REFE": "OA 353", "PAMONT_CON": "1", "PAVAL_CONV": "1", "PAMONT__01": "1", "PAVAL_C_01": "1", "PAMONT_DAT": "2015-05-22", "PAVAL_DATE": "2015-05-22", "ID_SAGE": 5, "ID_PARC": 3, "ID_PAYS": 9, "ID_MDAD": 9, "BV": "{Alembon2}" }, "geometry": { "type": "MultiLineString", "coordinates": [ [ [ 1.875858286379375, 50.783825342112735 ], [ 1.875856626409473, 50.783822042136599 ], [ 1.875856626555298, 50.783798702334842 ], [ 1.875854976721232, 50.783773652543481 ], [ 1.875849956968348, 50.783738692827811 ], [ 1.875844937184551, 50.783708683070053 ], [ 1.875843277381555, 50.783678673320793 ], [ 1.875838257597781, 50.783648663563049 ], [ 1.875838257774556, 50.783620373803352 ] ] ] } },
{ "type": "Feature", "properties": { "fid": 146, "ID_RUISSOL": "8045", "ID_ENTITE": "148", "TYPEOUVRAG": "Fascine", "NUMEROINTE": "hem15-47", "COMMUNEINS": "62598", "COMMUNE": "MUNCQ-NIEURLET", "MAITREOUVR": "SYMVAHEM", "PAMONTPROP": "EARL COUSTRE COUSTRE Bertrand", "PAMONTAGRI": "EARL COUSTRE COUSTRE Bertrand", "PAVALPROPR": "EARL COUSTRE COUSTRE Bertrand", "PAVALAGRIC": "EARL COUSTRE COUSTRE Bertrand", "DATEREALIS": "2017-12-01", "LONGUEUR": "20", "LARGEUR": "1", "HAUTEUR": "1", "SURFACE": "20", "VOLUME": "0", "HAIE1": "0", "HAIE2": "0", "HAIE3": "0", "MATERIAUX": "Pieux et fagots de saules", "OBSERVATIO": null, "ENTRETIEN": "MO", "PAMONT_REF": null, "PAVAL_REFE": null, "PAMONT_CON": "1", "PAVAL_CONV": "1", "PAMONT__01": "1", "PAVAL_C_01": "1", "PAMONT_DAT": "2015-06-02", "PAVAL_DATE": "2015-06-02", "ID_SAGE": 5, "ID_PARC": null, "ID_PAYS": 9, "ID_MDAD": 9, "BV": "{Hem_aval}" }, "geometry": { "type": "MultiLineString", "coordinates": [ [ [ 2.114511251287272, 50.830180749443763 ], [ 2.114248235950574, 50.830504499469043 ] ] ] } },
{ "type": "Feature", "properties": { "fid": 147, "ID_RUISSOL": "8046", "ID_ENTITE": "148", "TYPEOUVRAG": "Fascine", "NUMEROINTE": "hem15-48", "COMMUNEINS": "62598", "COMMUNE": "MUNCQ-NIEURLET", "MAITREOUVR": "SYMVAHEM", "PAMONTPROP": "EARL COUSTRE COUSTRE Bertrand", "PAMONTAGRI": "EARL COUSTRE COUSTRE Bertrand", "PAVALPROPR": "EARL COUSTRE COUSTRE Bertrand", "PAVALAGRIC": "EARL COUSTRE COUSTRE Bertrand", "DATEREALIS": "2017-12-01", "LONGUEUR": "12", "LARGEUR": "1", "HAUTEUR": "1", "SURFACE": "12", "VOLUME": "0", "HAIE1": "0", "HAIE2": "0", "HAIE3": "0", "MATERIAUX": "Pieux et fagots de saules", "OBSERVATIO": "Dans la parcelle en amont du regard du drain. Fascine morte recommandée pour éviter les dégâts sur le drain par le racinaire", "ENTRETIEN": "MO", "PAMONT_REF": "AC 36 - AC 48", "PAVAL_REFE": "AC 36 - AC 48", "PAMONT_CON": "1", "PAVAL_CONV": "1", "PAMONT__01": "1", "PAVAL_C_01": "1", "PAMONT_DAT": "2015-06-02", "PAVAL_DATE": "2015-06-02", "ID_SAGE": 5, "ID_PARC": null, "ID_PAYS": 9, "ID_MDAD": 9, "BV": "{Hem_aval}" }, "geometry": { "type": "MultiLineString", "coordinates": [ [ [ 2.120887112538537, 50.836298679660082 ], [ 2.120993459085554, 50.836104060054716 ] ] ] } },
{ "type": "Feature", "properties": { "fid": 148, "ID_RUISSOL": "8051", "ID_ENTITE": "148", "TYPEOUVRAG": "Fascine", "NUMEROINTE": "hem15-52", "COMMUNEINS": "62598", "COMMUNE": "MUNCQ-NIEURLET", "MAITREOUVR": "SYMVAHEM", "PAMONTPROP": "EARL COUSTRE COUSTRE Bertrand", "PAMONTAGRI": "EARL COUSTRE COUSTRE Bertrand", "PAVALPROPR": "EARL COUSTRE COUSTRE Bertrand", "PAVALAGRIC": "EARL COUSTRE COUSTRE Bertrand", "DATEREALIS": "2017-12-01", "LONGUEUR": "15", "LARGEUR": "1", "HAUTEUR": "1", "SURFACE": "15", "VOLUME": "0", "HAIE1": "0", "HAIE2": "0", "HAIE3": "0", "MATERIAUX": "Pieux et fagots de saules", "OBSERVATIO": "Dans le creux, perpendiculairement à la route. En limite de culture (colza en 2015).", "ENTRETIEN": "MO", "PAMONT_REF": "AE 29", "PAVAL_REFE": "AE 29", "PAMONT_CON": "1", "PAVAL_CONV": "1", "PAMONT__01": "1", "PAVAL_C_01": "1", "PAMONT_DAT": "2015-06-02", "PAVAL_DATE": "2015-06-02", "ID_SAGE": 5, "ID_PARC": null, "ID_PAYS": 9, "ID_MDAD": 9, "BV": "{Hem_aval}" }, "geometry": { "type": "MultiLineString", "coordinates": [ [ [ 2.117291660826941, 50.829715681304037 ], [ 2.117303330822114, 50.829705701429432 ], [ 2.117348340791238, 50.829670671890227 ], [ 2.117395000754498, 50.829635702358928 ], [ 2.117443340706101, 50.829602392825144 ], [ 2.117491660658065, 50.82956901329166 ], [ 2.117540000609787, 50.829535693757748 ], [ 2.117590000561651, 50.829500734243055 ], [ 2.117638330519597, 50.829465694720305 ], [ 2.117693330460425, 50.829429015242219 ], [ 2.117746670412929, 50.829390675766497 ] ] ] } },
{ "type": "Feature", "properties": { "fid": 149, "ID_RUISSOL": "8055", "ID_ENTITE": "148", "TYPEOUVRAG": "Fascine", "NUMEROINTE": "hem15-56", "COMMUNEINS": "62598", "COMMUNE": "MUNCQ-NIEURLET", "MAITREOUVR": "SYMVAHEM", "PAMONTPROP": "EARL COUSTRE COUSTRE Bertrand", "PAMONTAGRI": "EARL COUSTRE COUSTRE Bertrand", "PAVALPROPR": "EARL COUSTRE COUSTRE Bertrand", "PAVALAGRIC": "EARL COUSTRE COUSTRE Bertrand", "DATEREALIS": "2017-12-01", "LONGUEUR": "15", "LARGEUR": "1", "HAUTEUR": "1", "SURFACE": "15", "VOLUME": "0", "HAIE1": "0", "HAIE2": "0", "HAIE3": "0", "MATERIAUX": "Pieux et fagots de saules", "OBSERVATIO": "Au niveau du pont, M. Coustre à remblayer avec de la terre à gauche du pont. Implanter la fascine la long du fossé à 2m du fossé.", "ENTRETIEN": "MO", "PAMONT_REF": "AC 28", "PAVAL_REFE": "AC 28", "PAMONT_CON": "1", "PAVAL_CONV": "1", "PAMONT__01": "1", "PAVAL_C_01": "1", "PAMONT_DAT": "2015-06-02", "PAVAL_DATE": "2015-06-02", "ID_SAGE": 5, "ID_PARC": null, "ID_PAYS": 9, "ID_MDAD": 9, "BV": "{Hem_aval}" }, "geometry": { "type": "MultiLineString", "coordinates": [ [ [ 2.116230006853704, 50.829047350326206 ], [ 2.116196677050948, 50.829024020311671 ], [ 2.116151667311994, 50.828994010282187 ], [ 2.116110007549565, 50.828967370247412 ], [ 2.116066677798935, 50.828939010215635 ], [ 2.116025008030618, 50.828914030169912 ], [ 2.115983338280057, 50.828884020157659 ], [ 2.115945008517983, 50.828854010162388 ], [ 2.11590167875533, 50.828829020108451 ], [ 2.11585500899244, 50.828807340015686 ], [ 2.115800009199088, 50.828802379769627 ] ] ] } },
{ "type": "Feature", "properties": { "fid": 150, "ID_RUISSOL": "8063", "ID_ENTITE": "148", "TYPEOUVRAG": "Fascine", "NUMEROINTE": "hem15-57", "COMMUNEINS": "62598", "COMMUNE": "MUNCQ-NIEURLET", "MAITREOUVR": "SYMVAHEM", "PAMONTPROP": "EARL COUSTRE COUSTRE Bertrand", "PAMONTAGRI": "EARL COUSTRE COUSTRE Bertrand", "PAVALPROPR": "EARL COUSTRE COUSTRE Bertrand", "PAVALAGRIC": "EARL COUSTRE COUSTRE Bertrand", "DATEREALIS": "2017-12-01", "LONGUEUR": "12", "LARGEUR": "1", "HAUTEUR": "1", "SURFACE": "12", "VOLUME": "0", "HAIE1": "0", "HAIE2": "0", "HAIE3": "0", "MATERIAUX": "Pieux et fagots de saules", "OBSERVATIO": "Dans le champs en amont du regard. Fascine morte de préférence pour ne pas endommager le drain.", "ENTRETIEN": "MO", "PAMONT_REF": "AE 07, AE 28", "PAVAL_REFE": "AE 07, AE 28", "PAMONT_CON": "1", "PAVAL_CONV": "1", "PAMONT__01": "1", "PAVAL_C_01": "1", "PAMONT_DAT": "2015-06-05", "PAVAL_DATE": "2015-06-05", "ID_SAGE": 5, "ID_PARC": null, "ID_PAYS": 9, "ID_MDAD": 9, "BV": "{Hem_aval}" }, "geometry": { "type": "MultiLineString", "coordinates": [ [ [ 2.119420002795341, 50.827112369198034 ], [ 2.119431672719479, 50.827122419190985 ], [ 2.119456672586438, 50.827135709229751 ], [ 2.119491672424879, 50.827147409329271 ], [ 2.119525002263118, 50.827160759409644 ], [ 2.119553332136412, 50.82716908949768 ], [ 2.119570002043676, 50.827179069516291 ] ] ] } },
{ "type": "Feature", "properties": { "fid": 151, "ID_RUISSOL": "8064", "ID_ENTITE": "148", "TYPEOUVRAG": "Haie", "NUMEROINTE": "hem15-61", "COMMUNEINS": "62020", "COMMUNE": "ALEMBON", "MAITREOUVR": "SYMVAHEM", "PAMONTPROP": "BEN BACHIR Ouahid", "PAMONTAGRI": "BEN BACHIR Ouahid", "PAVALPROPR": "BEN BACHIR Ouahid", "PAVALAGRIC": "BEN BACHIR Ouahid", "DATEREALIS": "2015-03-04", "LONGUEUR": "60", "LARGEUR": "1", "HAUTEUR": "2", "SURFACE": "60", "VOLUME": "0", "HAIE1": "0", "HAIE2": "0", "HAIE3": "60", "MATERIAUX": "Espèces arbustives locales", "OBSERVATIO": null, "ENTRETIEN": "MO", "PAMONT_REF": "473 (anciennement)", "PAVAL_REFE": "473 (anciennement)", "PAMONT_CON": "1", "PAVAL_CONV": "1", "PAMONT__01": "1", "PAVAL_C_01": "1", "PAMONT_DAT": "2015-05-30", "PAVAL_DATE": "2015-05-30", "ID_SAGE": 5, "ID_PARC": 3, "ID_PAYS": 9, "ID_MDAD": 9, "BV": "{Alembon1}" }, "geometry": { "type": "MultiLineString", "coordinates": [ [ [ 1.868367903742088, 50.767973641383051 ], [ 1.867799806877577, 50.768227632032286 ] ] ] } },
{ "type": "Feature", "properties": { "fid": 152, "ID_RUISSOL": "8065", "ID_ENTITE": "148", "TYPEOUVRAG": "Haie", "NUMEROINTE": "hem15-62", "COMMUNEINS": "62020", "COMMUNE": "ALEMBON", "MAITREOUVR": "SYMVAHEM", "PAMONTPROP": "LEPETIT Bruno", "PAMONTAGRI": "LEPETIT Bruno", "PAVALPROPR": "LEPETIT Bruno", "PAVALAGRIC": "LEPETIT Bruno", "DATEREALIS": "2017-02-01", "LONGUEUR": "70", "LARGEUR": "1", "HAUTEUR": "2", "SURFACE": "70", "VOLUME": "0", "HAIE1": "0", "HAIE2": "0", "HAIE3": "70", "MATERIAUX": "Espèces arbustives locales", "OBSERVATIO": null, "ENTRETIEN": "MO", "PAMONT_REF": "481 (anciennement)", "PAVAL_REFE": "481 (anciennement)", "PAMONT_CON": "1", "PAVAL_CONV": "1", "PAMONT__01": "1", "PAVAL_C_01": "1", "PAMONT_DAT": "2015-05-30", "PAVAL_DATE": "2015-05-30", "ID_SAGE": 5, "ID_PARC": 3, "ID_PAYS": 9, "ID_MDAD": 9, "BV": "{Alembon1}" }, "geometry": { "type": "MultiLineString", "coordinates": [ [ [ 1.867423149726963, 50.76679884087509 ], [ 1.866286233787191, 50.767339199753884 ] ] ] } },
{ "type": "Feature", "properties": { "fid": 153, "ID_RUISSOL": "8153", "ID_ENTITE": "148", "TYPEOUVRAG": "Fascine", "NUMEROINTE": "hem15-23b", "COMMUNEINS": "62155", "COMMUNE": "BONNINGUES-LES-ARDRES", "MAITREOUVR": "SYMVAHEM", "PAMONTPROP": "MAIRIE AUDREHEM BOUFFART José", "PAMONTAGRI": "BOURBIAUX Alain", "PAVALPROPR": "FONTAINE Hubert", "PAVALAGRIC": "FONTAINE Hubert", "DATEREALIS": "2017-02-01", "LONGUEUR": "15", "LARGEUR": "1", "HAUTEUR": "0", "SURFACE": "15", "VOLUME": "0", "HAIE1": "0", "HAIE2": "0", "HAIE3": "0", "MATERIAUX": "Pieux et fagots de saules", "OBSERVATIO": "Prolongement de la fascine existante sur la droite", "ENTRETIEN": "MO", "PAMONT_REF": "0D 128", "PAVAL_REFE": "0D 129", "PAMONT_CON": "1", "PAVAL_CONV": "1", "PAMONT__01": "1", "PAVAL_C_01": "1", "PAMONT_DAT": "2015-05-16", "PAVAL_DATE": "2015-05-16", "ID_SAGE": 5, "ID_PARC": 3, "ID_PAYS": 9, "ID_MDAD": 9, "BV": "{Bonningues_les_Ardres}" }, "geometry": { "type": "MultiLineString", "coordinates": [ [ [ 2.021877608899484, 50.78301686434498 ], [ 2.021834012243, 50.783052751418289 ] ] ] } },
{ "type": "Feature", "properties": { "fid": 154, "ID_RUISSOL": "8515", "ID_ENTITE": "148", "TYPEOUVRAG": "Fascine", "NUMEROINTE": "Hem 15-67", "COMMUNEINS": "62024", "COMMUNE": "ALQUINES", "MAITREOUVR": "SYMVAHEM", "PAMONTPROP": "AFR ALQUINES CROQUELOIS JEAN FRANCOIS", "PAMONTAGRI": null, "PAVALPROPR": "AFR ALQUINES CROQUELOIS JEAN FRANCOIS", "PAVALAGRIC": null, "DATEREALIS": "2011-12-01", "LONGUEUR": "24", "LARGEUR": "1", "HAUTEUR": "1", "SURFACE": "30", "VOLUME": "0", "HAIE1": "0", "HAIE2": "0", "HAIE3": "0", "MATERIAUX": "Pieux et fagots de saules", "OBSERVATIO": "fascine faite par l'afr le 01/12/2011, à refaire peu de reprise", "ENTRETIEN": "Agriculteur", "PAMONT_REF": "ZH 44", "PAVAL_REFE": "ZH 45", "PAMONT_CON": "1", "PAVAL_CONV": "1", "PAMONT__01": "1", "PAVAL_C_01": "1", "PAMONT_DAT": "2011-12-01", "PAVAL_DATE": "2015-08-26", "ID_SAGE": 5, "ID_PARC": 3, "ID_PAYS": 4, "ID_MDAD": 3, "BV": "{Alquines}" }, "geometry": { "type": "MultiLineString", "coordinates": [ [ [ 1.984981164382845, 50.723816046689834 ], [ 1.984981164332446, 50.723824376625629 ], [ 1.984964444420392, 50.723831056541783 ], [ 1.984931134635765, 50.723837726425899 ], [ 1.984896164873805, 50.723842756319378 ], [ 1.984861135112792, 50.723847706213384 ], [ 1.984822795346344, 50.723857756061697 ], [ 1.984787825564435, 50.723866085929757 ], [ 1.984754445780362, 50.723872755813701 ], [ 1.984719485998384, 50.723881085681768 ], [ 1.984682796229691, 50.723889415546502 ] ] ] } },
{ "type": "Feature", "properties": { "fid": 155, "ID_RUISSOL": "8516", "ID_ENTITE": "148", "TYPEOUVRAG": "Fascine", "NUMEROINTE": "Hem 15-68", "COMMUNEINS": "62024", "COMMUNE": "ALQUINES", "MAITREOUVR": "SYMVAHEM", "PAMONTPROP": "AFR ALQUINES CROQUELOIS JEAN FRANCOIS", "PAMONTAGRI": null, "PAVALPROPR": "AFR ALQUINES CROQUELOIS JEAN FRANCOIS", "PAVALAGRIC": null, "DATEREALIS": "2011-12-01", "LONGUEUR": "30", "LARGEUR": "1", "HAUTEUR": "1", "SURFACE": "30", "VOLUME": "0", "HAIE1": "0", "HAIE2": "0", "HAIE3": "0", "MATERIAUX": "Pieux et fagots de saules", "OBSERVATIO": null, "ENTRETIEN": "Agriculteur", "PAMONT_REF": "ZH 49", "PAVAL_REFE": "ZH 49", "PAMONT_CON": "1", "PAVAL_CONV": "1", "PAMONT__01": "1", "PAVAL_C_01": "1", "PAMONT_DAT": "2015-08-26", "PAVAL_DATE": "2015-08-26", "ID_SAGE": 5, "ID_PARC": 3, "ID_PAYS": 4, "ID_MDAD": 3, "BV": "{Alquines}" }, "geometry": { "type": "MultiLineString", "coordinates": [ [ [ 1.982922826400837, 50.726101035059308 ], [ 1.9829228264208, 50.726097725084884 ], [ 1.982911126460597, 50.7261060549977 ], [ 1.982887796569992, 50.726117684862352 ], [ 1.98286617667576, 50.726127734742548 ], [ 1.982844496782417, 50.72613771462315 ], [ 1.982821166901774, 50.726147694500497 ], [ 1.982801137005689, 50.726156024397049 ], [ 1.98278117710907, 50.726164354293772 ], [ 1.982766167174356, 50.726172684200115 ], [ 1.982751167249576, 50.726179354119317 ], [ 1.982732787340804, 50.726187684019081 ], [ 1.982717787415967, 50.726194363938205 ], [ 1.982712827444192, 50.726196013915761 ], [ 1.982694447535063, 50.726204403815082 ], [ 1.982677797612981, 50.726212733718214 ], [ 1.98265948770368, 50.726221063618119 ], [ 1.982637807820316, 50.726229393511439 ], [ 1.982617837933742, 50.726236073420857 ], [ 1.982597818017715, 50.726247703291897 ], [ 1.982581158105671, 50.726254383207788 ], [ 1.982581158095725, 50.726256033195007 ] ] ] } },
{ "type": "Feature", "properties": { "fid": 156, "ID_RUISSOL": "8517", "ID_ENTITE": "148", "TYPEOUVRAG": "Fascine", "NUMEROINTE": "Hem 15-69", "COMMUNEINS": "62024", "COMMUNE": "ALQUINES", "MAITREOUVR": "SYMVAHEM", "PAMONTPROP": "AFR ALQUINES CROQUELOIS JEAN FRANCOIS", "PAMONTAGRI": null, "PAVALPROPR": "AFR ALQUINES CROQUELOIS JEAN FRANCOIS", "PAVALAGRIC": null, "DATEREALIS": "2011-12-01", "LONGUEUR": "32", "LARGEUR": "1", "HAUTEUR": "1", "SURFACE": "30", "VOLUME": "0", "HAIE1": "0", "HAIE2": "0", "HAIE3": "0", "MATERIAUX": "Pieux et fagots de saules", "OBSERVATIO": null, "ENTRETIEN": "Agriculteur", "PAMONT_REF": "ZH 49", "PAVAL_REFE": "ZH 49", "PAMONT_CON": "1", "PAVAL_CONV": "1", "PAMONT__01": "1", "PAVAL_C_01": "1", "PAMONT_DAT": "2015-08-26", "PAVAL_DATE": "2015-08-26", "ID_SAGE": 5, "ID_PARC": 3, "ID_PAYS": 4, "ID_MDAD": 3, "BV": "{Alquines}" }, "geometry": { "type": "MultiLineString", "coordinates": [ [ [ 1.984701167441322, 50.725319404557617 ], [ 1.984701167451662, 50.725317694570791 ], [ 1.984684437539973, 50.725324364486788 ], [ 1.984662827645377, 50.725334414367182 ], [ 1.984641147751745, 50.725344394248054 ], [ 1.984614447886685, 50.725356034106291 ], [ 1.984586148033627, 50.725367723961057 ], [ 1.984561168155348, 50.725379363822647 ], [ 1.984531158315392, 50.725391063673989 ], [ 1.984507818424573, 50.725402693538861 ], [ 1.984484488523284, 50.725416043390489 ], [ 1.98445778865789, 50.725427743248233 ], [ 1.984432798769741, 50.725441033097113 ], [ 1.984407818881155, 50.725454382945436 ], [ 1.984381108995852, 50.725469392777661 ], [ 1.984356129117672, 50.725481022639315 ], [ 1.984337819218118, 50.725487702552137 ] ] ] } },
{ "type": "Feature", "properties": { "fid": 157, "ID_RUISSOL": "9400", "ID_ENTITE": "148", "TYPEOUVRAG": "Fascine", "NUMEROINTE": "hem15-70", "COMMUNEINS": "62055", "COMMUNE": "AUDREHEM", "MAITREOUVR": "SYMVAHEM", "PAMONTPROP": "RIGOBERT Alain", "PAMONTAGRI": "RIGOBERT François", "PAVALPROPR": "RIGOBERT Alain", "PAVALAGRIC": "RIGOBERT François", "DATEREALIS": "2017-02-01", "LONGUEUR": "25", "LARGEUR": "1", "HAUTEUR": "0", "SURFACE": "25", "VOLUME": "0", "HAIE1": "0", "HAIE2": "0", "HAIE3": "0", "MATERIAUX": "Pieux et fagots de saules", "OBSERVATIO": null, "ENTRETIEN": "MO", "PAMONT_REF": "OA 262", "PAVAL_REFE": "OA 262", "PAMONT_CON": "1", "PAVAL_CONV": "1", "PAMONT__01": "1", "PAVAL_C_01": "1", "PAMONT_DAT": "2015-05-13", "PAVAL_DATE": "2015-05-13", "ID_SAGE": 5, "ID_PARC": 3, "ID_PAYS": 9, "ID_MDAD": 9, "BV": "{Alquines}" }, "geometry": { "type": "MultiLineString", "coordinates": [ [ [ 2.002973759452084, 50.779599710013137 ], [ 2.002148646980411, 50.779949425699613 ] ] ] } },
{ "type": "Feature", "properties": { "fid": 158, "ID_RUISSOL": "9401", "ID_ENTITE": "148", "TYPEOUVRAG": "Haie", "NUMEROINTE": "hem15-71", "COMMUNEINS": "62024", "COMMUNE": "ALQUINES", "MAITREOUVR": "SYMVAHEM", "PAMONTPROP": "DELATTRE-DEWILDE Jeanne", "PAMONTAGRI": "GAEC de la Chapelle CROQUELOIS Guillaume", "PAVALPROPR": "DELATTRE-DEWILDE Jeanne", "PAVALAGRIC": "GAEC de la Chapelle CROQUELOIS Guillaume", "DATEREALIS": "2017-02-01", "LONGUEUR": "35", "LARGEUR": "1", "HAUTEUR": "1", "SURFACE": "35", "VOLUME": "0", "HAIE1": "35", "HAIE2": "0", "HAIE3": "0", "MATERIAUX": "Espèces arbustives locales", "OBSERVATIO": "Haie dans le prolongement du talus existant et du pylone électrique. On laisse un passage entre les 2 .", "ENTRETIEN": "MO", "PAMONT_REF": "ZC73", "PAVAL_REFE": "ZC 73", "PAMONT_CON": "1", "PAVAL_CONV": "1", "PAMONT__01": "1", "PAVAL_C_01": "1", "PAMONT_DAT": "2015-06-05", "PAVAL_DATE": "2015-06-05", "ID_SAGE": 5, "ID_PARC": 3, "ID_PAYS": 9, "ID_MDAD": 9, "BV": "{Lumbres1}" }, "geometry": { "type": "MultiLineString", "coordinates": [ [ [ 2.014275475644229, 50.744414274265822 ], [ 2.014790832915179, 50.744191591482057 ] ] ] } },
{ "type": "Feature", "properties": { "fid": 159, "ID_RUISSOL": "9402", "ID_ENTITE": "148", "TYPEOUVRAG": "Fascine", "NUMEROINTE": "hem15-72", "COMMUNEINS": "62024", "COMMUNE": "ALQUINES", "MAITREOUVR": "SYMVAHEM", "PAMONTPROP": "DELATTRE-DEWILDE Jeanne", "PAMONTAGRI": "GAEC de la Chapelle CROQUELOIS Guillaume", "PAVALPROPR": "DELATTRE-DEWILDE Jeanne", "PAVALAGRIC": "GAEC de la Chapelle CROQUELOIS Guillaume", "DATEREALIS": "2017-12-01", "LONGUEUR": "20", "LARGEUR": "1", "HAUTEUR": "1", "SURFACE": "20", "VOLUME": "0", "HAIE1": "0", "HAIE2": "0", "HAIE3": "0", "MATERIAUX": "Pieux et fagots de saules", "OBSERVATIO": null, "ENTRETIEN": "MO", "PAMONT_REF": "ZC 73", "PAVAL_REFE": "ZC 73", "PAMONT_CON": "1", "PAVAL_CONV": "1", "PAMONT__01": "1", "PAVAL_C_01": "1", "PAMONT_DAT": "2015-06-05", "PAVAL_DATE": "2015-06-05", "ID_SAGE": 5, "ID_PARC": 3, "ID_PAYS": 9, "ID_MDAD": 9, "BV": "{Lumbres1}" }, "geometry": { "type": "MultiLineString", "coordinates": [ [ [ 2.016352353412781, 50.74343395373706 ], [ 2.016533582357032, 50.743551751406706 ], [ 2.016274834461575, 50.743642797528565 ] ] ] } },
{ "type": "Feature", "properties": { "fid": 160, "ID_RUISSOL": "9403", "ID_ENTITE": "148", "TYPEOUVRAG": "Haie", "NUMEROINTE": "hem15-73", "COMMUNEINS": "62827", "COMMUNE": "TOURNEHEM-SUR-LA-HEM", "MAITREOUVR": "SYMVAHEM", "PAMONTPROP": "LEFEBVRE Hubert", "PAMONTAGRI": "LEFEBVRE Hubert", "PAVALPROPR": "LEFEBVRE Hubert", "PAVALAGRIC": "LEFEBVRE Hubert", "DATEREALIS": "2017-12-01", "LONGUEUR": "5", "LARGEUR": "1", "HAUTEUR": "1", "SURFACE": "5", "VOLUME": "0", "HAIE1": "5", "HAIE2": "0", "HAIE3": "0", "MATERIAUX": "Espèces arbustives locales", "OBSERVATIO": "Prolongement d'une haie du 1er programme", "ENTRETIEN": "MO", "PAMONT_REF": "ZC 75", "PAVAL_REFE": "ZC 75", "PAMONT_CON": "1", "PAVAL_CONV": "1", "PAMONT__01": "1", "PAVAL_C_01": "1", "PAMONT_DAT": "2015-05-05", "PAVAL_DATE": "2015-05-05", "ID_SAGE": 5, "ID_PARC": 3, "ID_PAYS": 9, "ID_MDAD": 9, "BV": "{Hem_aval}" }, "geometry": { "type": "MultiLineString", "coordinates": [ [ [ 2.051985276912566, 50.79964122088932 ], [ 2.051940472543899, 50.79964465718276 ], [ 2.051948900157783, 50.799672107217177 ] ] ] } },
{ "type": "Feature", "properties": { "fid": 161, "ID_RUISSOL": "9404", "ID_ENTITE": "148", "TYPEOUVRAG": "Fascine", "NUMEROINTE": "hem15-74", "COMMUNEINS": "62598", "COMMUNE": "MUNCQ-NIEURLET", "MAITREOUVR": "SYMVAHEM", "PAMONTPROP": "EARL COUSTRE COUSTRE Bertrand", "PAMONTAGRI": "EARL COUSTRE COUSTRE Bertrand", "PAVALPROPR": "EARL COUSTRE COUSTRE Bertrand", "PAVALAGRIC": "EARL COUSTRE COUSTRE Bertrand", "DATEREALIS": "2017-12-01", "LONGUEUR": "15", "LARGEUR": "1", "HAUTEUR": "1", "SURFACE": "15", "VOLUME": "0", "HAIE1": "0", "HAIE2": "0", "HAIE3": "0", "MATERIAUX": "Pieux et fagots de saules", "OBSERVATIO": null, "ENTRETIEN": "MO", "PAMONT_REF": "AE07-AE4", "PAVAL_REFE": "AE07-AE4", "PAMONT_CON": "1", "PAVAL_CONV": "1", "PAMONT__01": "1", "PAVAL_C_01": "1", "PAMONT_DAT": "2015-06-05", "PAVAL_DATE": "2015-06-05", "ID_SAGE": 5, "ID_PARC": 0, "ID_PAYS": 9, "ID_MDAD": 9, "BV": "{Hem_aval}" }, "geometry": { "type": "MultiLineString", "coordinates": [ [ [ 2.122332781146647, 50.82788573985804 ], [ 2.122305736226457, 50.828084335048629 ] ] ] } },
{ "type": "Feature", "properties": { "fid": 162, "ID_RUISSOL": "9653", "ID_ENTITE": "148", "TYPEOUVRAG": "Haie", "NUMEROINTE": null, "COMMUNEINS": "62024", "COMMUNE": "ALQUINES", "MAITREOUVR": "SYMVAHEM", "PAMONTPROP": null, "PAMONTAGRI": null, "PAVALPROPR": null, "PAVALAGRIC": null, "DATEREALIS": "2011-12-01", "LONGUEUR": "61", "LARGEUR": "0", "HAUTEUR": "0", "SURFACE": "0", "VOLUME": "0", "HAIE1": "0", "HAIE2": "61", "HAIE3": "0", "MATERIAUX": "Espèces arbustives locales", "OBSERVATIO": null, "ENTRETIEN": "AFR", "PAMONT_REF": null, "PAVAL_REFE": null, "PAMONT_CON": "1", "PAVAL_CONV": "1", "PAMONT__01": "1", "PAVAL_C_01": "1", "PAMONT_DAT": null, "PAVAL_DATE": null, "ID_SAGE": 5, "ID_PARC": 3, "ID_PAYS": null, "ID_MDAD": null, "BV": "{Alquines}" }, "geometry": { "type": "MultiLineString", "coordinates": [ [ [ 1.983482826266291, 50.725409371491956 ], [ 1.983472836393393, 50.725401041536799 ], [ 1.983462796571159, 50.725384381645867 ], [ 1.98345281675842, 50.725366071767823 ], [ 1.983439456972028, 50.725347701883621 ], [ 1.983427827181989, 50.725327732015145 ], [ 1.983417847379563, 50.725307712150297 ], [ 1.983407797567351, 50.725289402272104 ], [ 1.983397817744638, 50.725272742381286 ], [ 1.983387837921921, 50.725256082490468 ], [ 1.983381158094174, 50.725236052632084 ], [ 1.983374488245945, 50.725219402747662 ], [ 1.983364508423223, 50.725202742856865 ], [ 1.983359478582782, 50.725182713001715 ], [ 1.983352808744569, 50.725164403130051 ], [ 1.983347778883787, 50.725147743248925 ], [ 1.983339459058618, 50.725129373374536 ], [ 1.983331129243117, 50.725109413512449 ], [ 1.983324449395014, 50.725092753628033 ], [ 1.983317839546734, 50.725076033744251 ], [ 1.983311159688671, 50.725061023847161 ], [ 1.983306139837761, 50.725042713978745 ], [ 1.9832994699696, 50.725029364068853 ], [ 1.983297810032631, 50.725021034129945 ], [ 1.983292790161743, 50.725006034235939 ], [ 1.983286180303135, 50.724991024338991 ], [ 1.983282810389267, 50.72498104440951 ], [ 1.983279500515248, 50.724964384531646 ], [ 1.983276130661972, 50.724944364679644 ], [ 1.983274480785153, 50.724926054817793 ], [ 1.983274480845441, 50.724916064894906 ], [ 1.983276130933246, 50.724899415026663 ], [ 1.983274481036512, 50.724884405139314 ] ] ] } },
{ "type": "Feature", "properties": { "fid": 163, "ID_RUISSOL": "9654", "ID_ENTITE": "148", "TYPEOUVRAG": "Haie", "NUMEROINTE": null, "COMMUNEINS": "62024", "COMMUNE": "ALQUINES", "MAITREOUVR": "SYMVAHEM", "PAMONTPROP": null, "PAMONTAGRI": null, "PAVALPROPR": null, "PAVALAGRIC": null, "DATEREALIS": "2011-12-01", "LONGUEUR": "370", "LARGEUR": "0", "HAUTEUR": "0", "SURFACE": "0", "VOLUME": "0", "HAIE1": "0", "HAIE2": "370", "HAIE3": "0", "MATERIAUX": "Espèces arbustives locales", "OBSERVATIO": null, "ENTRETIEN": "AFR", "PAMONT_REF": null, "PAVAL_REFE": null, "PAMONT_CON": "1", "PAVAL_CONV": "1", "PAMONT__01": "1", "PAVAL_C_01": "1", "PAMONT_DAT": null, "PAVAL_DATE": null, "ID_SAGE": 5, "ID_PARC": null, "ID_PAYS": 4, "ID_MDAD": null, "BV": "{Alquines}" }, "geometry": { "type": "MultiLineString", "coordinates": [ [ [ 1.980502872416831, 50.724871049858599 ], [ 1.98049950244273, 50.724871049852062 ], [ 1.980491172506741, 50.72487104983589 ], [ 1.980509482265873, 50.724887709742497 ], [ 1.9805561516366, 50.724932719484897 ], [ 1.980621190825944, 50.724984409211302 ], [ 1.980696149909163, 50.725041058918663 ], [ 1.980772818948978, 50.725102728590556 ], [ 1.980851147985881, 50.725162748278471 ], [ 1.980929476992931, 50.725227717928156 ], [ 1.981016195935336, 50.725292697594178 ], [ 1.981111174774011, 50.725364347224684 ], [ 1.98121951340917, 50.725452726751911 ], [ 1.981336181910123, 50.725552736205458 ], [ 1.981452840360886, 50.725661065594835 ], [ 1.981562828842768, 50.725772714945656 ], [ 1.98166118741399, 50.725884354274008 ], [ 1.981751146059606, 50.725994343598835 ], [ 1.981839454677177, 50.726111072868441 ], [ 1.981921153335884, 50.726229392112941 ], [ 1.982001132027618, 50.726344401379784 ], [ 1.982081180719035, 50.72645935064731 ], [ 1.982171139303348, 50.726579389894901 ], [ 1.982266127778694, 50.726711059062531 ], [ 1.982362826200849, 50.726849338182518 ], [ 1.982464484574226, 50.726989337299024 ], [ 1.982566142927077, 50.727132706389611 ], [ 1.98266450130549, 50.727276015474366 ], [ 1.982761139706587, 50.727417724568213 ], [ 1.982851158199073, 50.727552703701264 ], [ 1.982921156996372, 50.727662692988282 ], [ 1.982962806243291, 50.727734342516143 ], [ 1.982986135842206, 50.727771032278319 ] ] ] } },
{ "type": "Feature", "properties": { "fid": 164, "ID_RUISSOL": "9655", "ID_ENTITE": "148", "TYPEOUVRAG": "Fascine", "NUMEROINTE": null, "COMMUNEINS": "62024", "COMMUNE": "ALQUINES", "MAITREOUVR": "SYMVAHEM", "PAMONTPROP": null, "PAMONTAGRI": null, "PAVALPROPR": null, "PAVALAGRIC": null, "DATEREALIS": "2011-12-01", "LONGUEUR": "30", "LARGEUR": "0", "HAUTEUR": "0", "SURFACE": "0", "VOLUME": "0", "HAIE1": "0", "HAIE2": "0", "HAIE3": "0", "MATERIAUX": "Pieux et fagots de saules", "OBSERVATIO": null, "ENTRETIEN": "AFR", "PAMONT_REF": null, "PAVAL_REFE": null, "PAMONT_CON": "1", "PAVAL_CONV": "1", "PAMONT__01": "1", "PAVAL_C_01": "1", "PAMONT_DAT": null, "PAVAL_DATE": null, "ID_SAGE": 5, "ID_PARC": null, "ID_PAYS": 4, "ID_MDAD": null, "BV": "{Alquines}" }, "geometry": { "type": "MultiLineString", "coordinates": [ [ [ 1.984326102078901, 50.728339350518816 ], [ 1.984336142021384, 50.728336050564046 ], [ 1.984357761925283, 50.728324350696901 ], [ 1.984382811802367, 50.728312710836022 ], [ 1.984409451687483, 50.728297711004224 ], [ 1.984434441555009, 50.728287731130429 ], [ 1.984457771445738, 50.72827603126661 ], [ 1.9844828213432, 50.728261021431756 ], [ 1.984502781259506, 50.728249391560773 ], [ 1.984521091158635, 50.728242711648321 ], [ 1.984544431049244, 50.728231021784453 ], [ 1.984567760949599, 50.728217731932915 ], [ 1.98459109084035, 50.728206032069096 ], [ 1.984619450702281, 50.728192682227892 ], [ 1.984642780592681, 50.728181042363559 ], [ 1.984651110578774, 50.728172712444263 ] ] ] } },
{ "type": "Feature", "properties": { "fid": 165, "ID_RUISSOL": "9656", "ID_ENTITE": "148", "TYPEOUVRAG": "Haie", "NUMEROINTE": null, "COMMUNEINS": "62024", "COMMUNE": "ALQUINES", "MAITREOUVR": "SYMVAHEM", "PAMONTPROP": null, "PAMONTAGRI": null, "PAVALPROPR": null, "PAVALAGRIC": null, "DATEREALIS": "2011-12-01", "LONGUEUR": "160", "LARGEUR": "0", "HAUTEUR": "0", "SURFACE": "0", "VOLUME": "0", "HAIE1": "0", "HAIE2": "160", "HAIE3": "0", "MATERIAUX": "Espèces arbustives locales", "OBSERVATIO": null, "ENTRETIEN": "AFR", "PAMONT_REF": null, "PAVAL_REFE": null, "PAMONT_CON": "1", "PAVAL_CONV": "1", "PAMONT__01": "1", "PAVAL_C_01": "1", "PAMONT_DAT": null, "PAVAL_DATE": null, "ID_SAGE": 5, "ID_PARC": null, "ID_PAYS": 4, "ID_MDAD": null, "BV": "{Alquines}" }, "geometry": { "type": "MultiLineString", "coordinates": [ [ [ 1.987536075748286, 50.72859767484146 ], [ 1.987534425761018, 50.728597674838213 ], [ 1.987532775763316, 50.728599394821728 ], [ 1.987537795694486, 50.72860435479339 ], [ 1.987561125453536, 50.728614394761983 ], [ 1.987586115180054, 50.728627684708805 ], [ 1.987612754893468, 50.728641034658466 ], [ 1.987639454606416, 50.72865438460822 ], [ 1.987666094320183, 50.728667674558295 ], [ 1.987694454010232, 50.728682684498565 ], [ 1.987721083713686, 50.728697684435481 ], [ 1.987749443413795, 50.728711034388496 ], [ 1.98777773311444, 50.728724384341398 ], [ 1.987806092804462, 50.728739394281682 ], [ 1.987829422533361, 50.728754394212118 ], [ 1.987856062237072, 50.728769334149554 ], [ 1.987884421927074, 50.72878434408981 ], [ 1.987912771617208, 50.728799344030165 ], [ 1.987939411320474, 50.72881435396706 ], [ 1.987967771000498, 50.728831003894733 ], [ 1.987996060691014, 50.728846013834918 ], [ 1.988021110396516, 50.728862673755998 ], [ 1.988046100112551, 50.728877673689738 ], [ 1.988074449792202, 50.728894393616841 ], [ 1.9881027494525, 50.728914363518854 ], [ 1.988131099132557, 50.728931013446534 ], [ 1.988157738835767, 50.7289460233835 ], [ 1.98818272853131, 50.728964393291307 ], [ 1.988212738198467, 50.728981053222199 ], [ 1.988239437891174, 50.728997713146555 ], [ 1.988264417597214, 50.729014363067648 ], [ 1.988291057290369, 50.72903102299189 ], [ 1.988317766972958, 50.7290493329036 ], [ 1.988344406655653, 50.729067712814654 ], [ 1.988371106358404, 50.729082712751818 ], [ 1.988399396038789, 50.729099372679336 ], [ 1.988426095731447, 50.729116032603756 ], [ 1.9884543954118, 50.729132682531386 ], [ 1.988482745091699, 50.729149342459088 ], [ 1.988512754748386, 50.729167712376885 ], [ 1.988541114438215, 50.729182722317276 ], [ 1.988567754131297, 50.729199382241589 ], [ 1.988596103801143, 50.72921769215661 ], [ 1.988626113478268, 50.729232692100339 ], [ 1.988652753181352, 50.729247702037384 ], [ 1.988681112861181, 50.729264351965163 ], [ 1.988711052528741, 50.72928101189607 ], [ 1.988739412208493, 50.729297671823772 ], [ 1.98876776188795, 50.729314391751096 ], [ 1.988797771554945, 50.729331051682067 ], [ 1.988827721222396, 50.729347711612952 ], [ 1.988854420904911, 50.729366021524747 ], [ 1.988881060587518, 50.729384391435957 ], [ 1.988906110282764, 50.729402701344526 ], [ 1.988932749975747, 50.72941936126891 ], [ 1.988957739681467, 50.729436021190054 ], [ 1.988986089350836, 50.729454391104674 ], [ 1.989012729043799, 50.72947105102908 ], [ 1.989039428736352, 50.729487700953662 ], [ 1.989067728416475, 50.729504360881343 ], [ 1.989091058124954, 50.729522670786551 ], [ 1.989114387853488, 50.729537680717158 ], [ 1.989134417617599, 50.729551030653994 ], [ 1.989154377382248, 50.729564380590681 ] ] ] } },
{ "type": "Feature", "properties": { "fid": 166, "ID_RUISSOL": "9657", "ID_ENTITE": "148", "TYPEOUVRAG": "Haie", "NUMEROINTE": null, "COMMUNEINS": "62024", "COMMUNE": "ALQUINES", "MAITREOUVR": "SYMVAHEM", "PAMONTPROP": null, "PAMONTAGRI": null, "PAVALPROPR": null, "PAVALAGRIC": null, "DATEREALIS": "2011-12-01", "LONGUEUR": "120", "LARGEUR": "0", "HAUTEUR": "0", "SURFACE": "0", "VOLUME": "0", "HAIE1": "0", "HAIE2": "120", "HAIE3": "0", "MATERIAUX": "Espèces arbustives locales", "OBSERVATIO": null, "ENTRETIEN": "AFR", "PAMONT_REF": null, "PAVAL_REFE": null, "PAMONT_CON": "1", "PAVAL_CONV": "1", "PAMONT__01": "1", "PAVAL_C_01": "1", "PAMONT_DAT": null, "PAVAL_DATE": null, "ID_SAGE": 5, "ID_PARC": null, "ID_PAYS": 4, "ID_MDAD": null, "BV": "{Alquines}" }, "geometry": { "type": "MultiLineString", "coordinates": [ [ [ 1.993232690054836, 50.732152708793187 ], [ 1.993236060028727, 50.732152708799902 ], [ 1.993242669916533, 50.732162688736466 ], [ 1.99324934977312, 50.732177688634643 ], [ 1.993259389603612, 50.732192698539478 ], [ 1.993269369414402, 50.732211008418844 ], [ 1.993282729209143, 50.732227658317662 ], [ 1.993299378988413, 50.732242668235678 ], [ 1.993314388759852, 50.732261038124634 ], [ 1.993329388541811, 50.732277698026678 ], [ 1.993347698298122, 50.732294357935345 ], [ 1.99336600806457, 50.732309357856714 ], [ 1.993384387820328, 50.732326017765537 ], [ 1.993404347563837, 50.732342677677458 ], [ 1.993422727329728, 50.732357677599005 ], [ 1.993444337039846, 50.732377707488396 ], [ 1.993467676757144, 50.732394367407117 ], [ 1.993487696520397, 50.732407717344607 ], [ 1.993507666253716, 50.732426027243918 ], [ 1.993529345983862, 50.732442687159363 ], [ 1.993547715749802, 50.732457687080874 ], [ 1.993566025516142, 50.73247269700223 ], [ 1.993587705246334, 50.732489346917717 ], [ 1.993609384986543, 50.73250435684583 ], [ 1.993629344740144, 50.732519356770553 ], [ 1.993651034470178, 50.732536016686026 ], [ 1.993672714190198, 50.732554326588769 ], [ 1.993692673923179, 50.732572696487686 ], [ 1.993712703655976, 50.732591006387146 ], [ 1.993734383375977, 50.73260931628996 ], [ 1.993755993116693, 50.732624326217937 ], [ 1.993776022869713, 50.732639326142824 ], [ 1.993797702599784, 50.732655986058298 ], [ 1.993807682481575, 50.732662666026961 ], [ 1.993819382401028, 50.732661006063068 ], [ 1.993849332189034, 50.73265770614821 ], [ 1.993881051983996, 50.732651026262836 ], [ 1.993909341836245, 50.732639326409064 ], [ 1.993937701728383, 50.732621016606203 ], [ 1.993961031649367, 50.732604366780535 ], [ 1.993982711573119, 50.732589356939009 ], [ 1.994009351448274, 50.732576007094622 ], [ 1.994026011410887, 50.732561007242943 ], [ 1.994054371292969, 50.732544347427407 ], [ 1.994077701183337, 50.732532707563259 ], [ 1.994097661120386, 50.732517707718159 ], [ 1.994124371015277, 50.732501047899291 ], [ 1.994147700916122, 50.732487698048295 ], [ 1.994169380829763, 50.732474348193946 ], [ 1.994192710720156, 50.732462708329798 ], [ 1.994216050610847, 50.732451008466136 ], [ 1.994239380501188, 50.732439378601903 ], [ 1.994267670332903, 50.732431048722248 ], [ 1.994297680161752, 50.73242100885917 ], [ 1.994319360054863, 50.732411018979064 ] ] ] } },
{ "type": "Feature", "properties": { "fid": 167, "ID_RUISSOL": "9658", "ID_ENTITE": "148", "TYPEOUVRAG": "Fascine", "NUMEROINTE": null, "COMMUNEINS": "62024", "COMMUNE": "ALQUINES", "MAITREOUVR": "SYMVAHEM", "PAMONTPROP": null, "PAMONTAGRI": null, "PAVALPROPR": null, "PAVALAGRIC": null, "DATEREALIS": "2011-12-01", "LONGUEUR": "30", "LARGEUR": "0", "HAUTEUR": "0", "SURFACE": "0", "VOLUME": "0", "HAIE1": "0", "HAIE2": "0", "HAIE3": "0", "MATERIAUX": "Pieux et fagots de saules", "OBSERVATIO": null, "ENTRETIEN": "AFR", "PAMONT_REF": null, "PAVAL_REFE": null, "PAMONT_CON": "1", "PAVAL_CONV": "1", "PAMONT__01": "1", "PAVAL_C_01": "1", "PAMONT_DAT": null, "PAVAL_DATE": null, "ID_SAGE": 5, "ID_PARC": null, "ID_PAYS": 4, "ID_MDAD": null, "BV": "{Alquines}" }, "geometry": { "type": "MultiLineString", "coordinates": [ [ [ 1.995179373583573, 50.73237936093831 ], [ 1.995189363506152, 50.732379360958255 ], [ 1.99520932337211, 50.732375991023908 ], [ 1.995226043242532, 50.732375991057282 ], [ 1.995247663095195, 50.732372691125725 ], [ 1.995267682929935, 50.732374341153033 ], [ 1.995284342790709, 50.732375991173626 ], [ 1.995309332586499, 50.732377711210326 ], [ 1.995329352421236, 50.732379361237676 ], [ 1.995344362294737, 50.732381021254923 ], [ 1.995366042136889, 50.732379361310898 ], [ 1.995389371976733, 50.732375991383279 ], [ 1.99541436178306, 50.732375991433159 ], [ 1.995436041625153, 50.732374341489098 ], [ 1.995461031441593, 50.732372691551632 ], [ 1.995489321232521, 50.732371031620794 ], [ 1.995517671033464, 50.732367661703179 ], [ 1.995547680811004, 50.73236601177576 ], [ 1.995577690588541, 50.732364361848283 ], [ 1.995609350363468, 50.73236105193682 ] ] ] } },
{ "type": "Feature", "properties": { "fid": 168, "ID_RUISSOL": "9659", "ID_ENTITE": "148", "TYPEOUVRAG": "Fascine", "NUMEROINTE": null, "COMMUNEINS": "62024", "COMMUNE": "ALQUINES", "MAITREOUVR": "SYMVAHEM", "PAMONTPROP": null, "PAMONTAGRI": null, "PAVALPROPR": null, "PAVALAGRIC": null, "DATEREALIS": "2011-12-01", "LONGUEUR": "25", "LARGEUR": "0", "HAUTEUR": "0", "SURFACE": "0", "VOLUME": "0", "HAIE1": "0", "HAIE2": "0", "HAIE3": "0", "MATERIAUX": "Pieux et fagots de saules", "OBSERVATIO": null, "ENTRETIEN": "AFR", "PAMONT_REF": null, "PAVAL_REFE": null, "PAMONT_CON": "1", "PAVAL_CONV": "1", "PAMONT__01": "1", "PAVAL_C_01": "1", "PAMONT_DAT": null, "PAVAL_DATE": null, "ID_SAGE": 5, "ID_PARC": null, "ID_PAYS": 4, "ID_MDAD": null, "BV": "{Alquines}" }, "geometry": { "type": "MultiLineString", "coordinates": [ [ [ 1.994799370803984, 50.733314333011009 ], [ 1.994797650817326, 50.733314333007563 ], [ 1.994799370732356, 50.733326032921312 ], [ 1.994801020617559, 50.733342692796811 ], [ 1.994799370508162, 50.733362652640459 ], [ 1.99480267034983, 50.733384332480824 ], [ 1.994804330214325, 50.733404362330496 ], [ 1.994807690045425, 50.733427692158344 ], [ 1.994810999897485, 50.733447662011812 ], [ 1.994810999764757, 50.733469341845527 ], [ 1.99481099964213, 50.733489371691938 ], [ 1.994814369503884, 50.733507681558272 ], [ 1.994816019378987, 50.73352599142116 ], [ 1.994816019338151, 50.733532661369992 ] ] ] } },
{ "type": "Feature", "properties": { "fid": 169, "ID_RUISSOL": "9660", "ID_ENTITE": "148", "TYPEOUVRAG": "Fascine", "NUMEROINTE": null, "COMMUNEINS": "62024", "COMMUNE": "ALQUINES", "MAITREOUVR": "SYMVAHEM", "PAMONTPROP": null, "PAMONTAGRI": null, "PAVALPROPR": null, "PAVALAGRIC": null, "DATEREALIS": "2011-12-01", "LONGUEUR": "30", "LARGEUR": "0", "HAUTEUR": "0", "SURFACE": "0", "VOLUME": "0", "HAIE1": "0", "HAIE2": "0", "HAIE3": "0", "MATERIAUX": "Pieux et fagots de saules", "OBSERVATIO": null, "ENTRETIEN": "AFR", "PAMONT_REF": null, "PAVAL_REFE": null, "PAMONT_CON": "1", "PAVAL_CONV": "1", "PAMONT__01": "1", "PAVAL_C_01": "1", "PAMONT_DAT": null, "PAVAL_DATE": null, "ID_SAGE": 5, "ID_PARC": null, "ID_PAYS": 4, "ID_MDAD": null, "BV": "{Alquines}" }, "geometry": { "type": "MultiLineString", "coordinates": [ [ [ 1.977411148466019, 50.734517638889685 ], [ 1.977411148456155, 50.734519288876854 ], [ 1.977396148522813, 50.734527618781954 ], [ 1.977369438650378, 50.734540968624479 ], [ 1.977346108791576, 50.734547648525734 ], [ 1.977336128829132, 50.734554328453733 ], [ 1.97731444892794, 50.734565958319727 ], [ 1.977294489003115, 50.734579308175817 ], [ 1.977269499117349, 50.734592658021803 ], [ 1.977237839293595, 50.734604297867726 ], [ 1.977207829456678, 50.734615997716489 ], [ 1.977179469587234, 50.734630997542858 ], [ 1.977152829704804, 50.734645937373109 ], [ 1.977121169860938, 50.734660947192793 ], [ 1.97709611999545, 50.734670987064391 ] ] ] } },
{ "type": "Feature", "properties": { "fid": 170, "ID_RUISSOL": "9661", "ID_ENTITE": "148", "TYPEOUVRAG": "Haie", "NUMEROINTE": null, "COMMUNEINS": "62024", "COMMUNE": "ALQUINES", "MAITREOUVR": "SYMVAHEM", "PAMONTPROP": null, "PAMONTAGRI": null, "PAVALPROPR": null, "PAVALAGRIC": null, "DATEREALIS": "2011-12-01", "LONGUEUR": "45", "LARGEUR": "0", "HAUTEUR": "0", "SURFACE": "0", "VOLUME": "0", "HAIE1": "0", "HAIE2": "0", "HAIE3": "45", "MATERIAUX": "Espèces arbustives locales", "OBSERVATIO": null, "ENTRETIEN": "AFR", "PAMONT_REF": null, "PAVAL_REFE": null, "PAMONT_CON": "1", "PAVAL_CONV": "1", "PAMONT__01": "1", "PAVAL_C_01": "1", "PAMONT_DAT": null, "PAVAL_DATE": null, "ID_SAGE": 5, "ID_PARC": 3, "ID_PAYS": 4, "ID_MDAD": 3, "BV": "{Alquines}" }, "geometry": { "type": "MultiLineString", "coordinates": [ [ [ 1.982164377962756, 50.726438468802833 ], [ 1.982532168858715, 50.726278649063659 ] ] ] } },
{ "type": "Feature", "properties": { "fid": 171, "ID_RUISSOL": "9662", "ID_ENTITE": "148", "TYPEOUVRAG": "Haie", "NUMEROINTE": null, "COMMUNEINS": "62024", "COMMUNE": "ALQUINES", "MAITREOUVR": "SYMVAHEM", "PAMONTPROP": null, "PAMONTAGRI": null, "PAVALPROPR": null, "PAVALAGRIC": null, "DATEREALIS": "2011-12-01", "LONGUEUR": "120", "LARGEUR": "0", "HAUTEUR": "0", "SURFACE": "0", "VOLUME": "0", "HAIE1": "0", "HAIE2": "0", "HAIE3": "120", "MATERIAUX": "Espèces arbustives locales", "OBSERVATIO": null, "ENTRETIEN": "AFR", "PAMONT_REF": null, "PAVAL_REFE": null, "PAMONT_CON": "1", "PAVAL_CONV": "1", "PAMONT__01": "1", "PAVAL_C_01": "1", "PAMONT_DAT": null, "PAVAL_DATE": null, "ID_SAGE": null, "ID_PARC": null, "ID_PAYS": null, "ID_MDAD": null, "BV": "{Alquines}" }, "geometry": { "type": "MultiLineString", "coordinates": [ [ [ 1.982954824491821, 50.726076427076926 ], [ 1.984330069531076, 50.725504908392836 ] ] ] } },
{ "type": "Feature", "properties": { "fid": 172, "ID_RUISSOL": "9663", "ID_ENTITE": "148", "TYPEOUVRAG": "Haie", "NUMEROINTE": null, "COMMUNEINS": "62024", "COMMUNE": "ALQUINES", "MAITREOUVR": "SYMVAHEM", "PAMONTPROP": null, "PAMONTAGRI": null, "PAVALPROPR": null, "PAVALAGRIC": null, "DATEREALIS": "2011-12-01", "LONGUEUR": "45", "LARGEUR": "0", "HAUTEUR": "0", "SURFACE": "0", "VOLUME": "0", "HAIE1": "0", "HAIE2": "0", "HAIE3": "45", "MATERIAUX": "Espèces arbustives locales", "OBSERVATIO": null, "ENTRETIEN": "AFR", "PAMONT_REF": null, "PAVAL_REFE": null, "PAMONT_CON": "1", "PAVAL_CONV": "1", "PAMONT__01": "1", "PAVAL_C_01": "1", "PAMONT_DAT": null, "PAVAL_DATE": null, "ID_SAGE": null, "ID_PARC": null, "ID_PAYS": null, "ID_MDAD": null, "BV": "{Alquines}" }, "geometry": { "type": "MultiLineString", "coordinates": [ [ [ 1.984712040362198, 50.725310917997241 ], [ 1.985256170766486, 50.725109679708176 ] ] ] } },
{ "type": "Feature", "properties": { "fid": 173, "ID_RUISSOL": "9664", "ID_ENTITE": "148", "TYPEOUVRAG": "Bande enherbée", "NUMEROINTE": null, "COMMUNEINS": "62024", "COMMUNE": "ALQUINES", "MAITREOUVR": "SYMVAHEM", "PAMONTPROP": null, "PAMONTAGRI": null, "PAVALPROPR": null, "PAVALAGRIC": null, "DATEREALIS": "2011-12-01", "LONGUEUR": "225", "LARGEUR": "2", "HAUTEUR": "0", "SURFACE": "450", "VOLUME": "0", "HAIE1": "0", "HAIE2": "0", "HAIE3": "0", "MATERIAUX": "Mélange prairial", "OBSERVATIO": null, "ENTRETIEN": "AFR", "PAMONT_REF": null, "PAVAL_REFE": null, "PAMONT_CON": "1", "PAVAL_CONV": "1", "PAMONT__01": "1", "PAVAL_C_01": "1", "PAMONT_DAT": null, "PAVAL_DATE": null, "ID_SAGE": null, "ID_PARC": null, "ID_PAYS": null, "ID_MDAD": null, "BV": "{Alquines}" }, "geometry": { "type": "MultiLineString", "coordinates": [ [ [ 1.983685815731072, 50.728644818410075 ], [ 1.986167964706973, 50.727422436133189 ] ] ] } },
{ "type": "Feature", "properties": { "fid": 174, "ID_RUISSOL": "9665", "ID_ENTITE": "148", "TYPEOUVRAG": "Haie", "NUMEROINTE": null, "COMMUNEINS": "62024", "COMMUNE": "ALQUINES", "MAITREOUVR": "SYMVAHEM", "PAMONTPROP": null, "PAMONTAGRI": null, "PAVALPROPR": null, "PAVALAGRIC": null, "DATEREALIS": "2011-12-01", "LONGUEUR": "58", "LARGEUR": "0", "HAUTEUR": "0", "SURFACE": "0", "VOLUME": "0", "HAIE1": "0", "HAIE2": "0", "HAIE3": "58", "MATERIAUX": "Espèces arbustives locales", "OBSERVATIO": null, "ENTRETIEN": "AFR", "PAMONT_REF": null, "PAVAL_REFE": null, "PAMONT_CON": "1", "PAVAL_CONV": "1", "PAMONT__01": "1", "PAVAL_C_01": "1", "PAMONT_DAT": null, "PAVAL_DATE": null, "ID_SAGE": null, "ID_PARC": null, "ID_PAYS": null, "ID_MDAD": null, "BV": "{Alquines}" }, "geometry": { "type": "MultiLineString", "coordinates": [ [ [ 1.983712989606417, 50.728636470532187 ], [ 1.984326918239238, 50.728324398167324 ] ] ] } },
{ "type": "Feature", "properties": { "fid": 175, "ID_RUISSOL": "9666", "ID_ENTITE": "148", "TYPEOUVRAG": "Haie", "NUMEROINTE": null, "COMMUNEINS": "62024", "COMMUNE": "ALQUINES", "MAITREOUVR": "SYMVAHEM", "PAMONTPROP": null, "PAMONTAGRI": null, "PAVALPROPR": null, "PAVALAGRIC": null, "DATEREALIS": "2011-12-01", "LONGUEUR": "118", "LARGEUR": "0", "HAUTEUR": "0", "SURFACE": "0", "VOLUME": "0", "HAIE1": "0", "HAIE2": "0", "HAIE3": "118", "MATERIAUX": "Espèces arbustives locales", "OBSERVATIO": null, "ENTRETIEN": "AFR", "PAMONT_REF": null, "PAVAL_REFE": null, "PAMONT_CON": "1", "PAVAL_CONV": "1", "PAMONT__01": "1", "PAVAL_C_01": "1", "PAMONT_DAT": null, "PAVAL_DATE": null, "ID_SAGE": null, "ID_PARC": null, "ID_PAYS": null, "ID_MDAD": null, "BV": "{Alquines}" }, "geometry": { "type": "MultiLineString", "coordinates": [ [ [ 1.984899645194633, 50.728046266161371 ], [ 1.986167964706973, 50.727422436133189 ] ] ] } },
{ "type": "Feature", "properties": { "fid": 176, "ID_RUISSOL": "9667", "ID_ENTITE": "148", "TYPEOUVRAG": "Bande enherbée", "NUMEROINTE": null, "COMMUNEINS": "62024", "COMMUNE": "ALQUINES", "MAITREOUVR": "SYMVAHEM", "PAMONTPROP": null, "PAMONTAGRI": null, "PAVALPROPR": null, "PAVALAGRIC": null, "DATEREALIS": "2011-12-01", "LONGUEUR": "235", "LARGEUR": "3", "HAUTEUR": "0", "SURFACE": "705", "VOLUME": "0", "HAIE1": "0", "HAIE2": "0", "HAIE3": "0", "MATERIAUX": "Mélange prairial", "OBSERVATIO": null, "ENTRETIEN": "AFR", "PAMONT_REF": null, "PAVAL_REFE": null, "PAMONT_CON": "1", "PAVAL_CONV": "1", "PAMONT__01": "1", "PAVAL_C_01": "1", "PAMONT_DAT": null, "PAVAL_DATE": null, "ID_SAGE": null, "ID_PARC": null, "ID_PAYS": null, "ID_MDAD": null, "BV": "{Alquines}" }, "geometry": { "type": "MultiLineString", "coordinates": [ [ [ 1.97609610409619, 50.735211384821511 ], [ 1.978607920899175, 50.733883710604132 ] ] ] } },
{ "type": "Feature", "properties": { "fid": 177, "ID_RUISSOL": "9668", "ID_ENTITE": "148", "TYPEOUVRAG": "Haie", "NUMEROINTE": null, "COMMUNEINS": "62024", "COMMUNE": "ALQUINES", "MAITREOUVR": "SYMVAHEM", "PAMONTPROP": null, "PAMONTAGRI": null, "PAVALPROPR": null, "PAVALAGRIC": null, "DATEREALIS": "2011-12-01", "LONGUEUR": "100", "LARGEUR": "0", "HAUTEUR": "0", "SURFACE": "0", "VOLUME": "0", "HAIE1": "0", "HAIE2": "0", "HAIE3": "100", "MATERIAUX": "Espèces arbustives locales", "OBSERVATIO": null, "ENTRETIEN": "AFR", "PAMONT_REF": null, "PAVAL_REFE": null, "PAMONT_CON": "1", "PAVAL_CONV": "1", "PAMONT__01": "1", "PAVAL_C_01": "1", "PAMONT_DAT": null, "PAVAL_DATE": null, "ID_SAGE": null, "ID_PARC": null, "ID_PAYS": null, "ID_MDAD": null, "BV": "{Alquines}" }, "geometry": { "type": "MultiLineString", "coordinates": [ [ [ 1.976041863440018, 50.735222364796385 ], [ 1.977133903913966, 50.734648599228571 ] ] ] } },
{ "type": "Feature", "properties": { "fid": 178, "ID_RUISSOL": "9669", "ID_ENTITE": "148", "TYPEOUVRAG": "Haie", "NUMEROINTE": null, "COMMUNEINS": "62024", "COMMUNE": "ALQUINES", "MAITREOUVR": "SYMVAHEM", "PAMONTPROP": null, "PAMONTAGRI": null, "PAVALPROPR": null, "PAVALAGRIC": null, "DATEREALIS": "2011-12-01", "LONGUEUR": "105", "LARGEUR": "0", "HAUTEUR": "0", "SURFACE": "0", "VOLUME": "0", "HAIE1": "0", "HAIE2": "0", "HAIE3": "105", "MATERIAUX": "Espèces arbustives locales", "OBSERVATIO": null, "ENTRETIEN": "AFR", "PAMONT_REF": null, "PAVAL_REFE": null, "PAMONT_CON": "1", "PAVAL_CONV": "1", "PAMONT__01": "1", "PAVAL_C_01": "1", "PAMONT_DAT": null, "PAVAL_DATE": null, "ID_SAGE": null, "ID_PARC": null, "ID_PAYS": null, "ID_MDAD": null, "BV": "{Alquines}" }, "geometry": { "type": "MultiLineString", "coordinates": [ [ [ 1.9774792101292, 50.734491467526119 ], [ 1.978625922803484, 50.73388385842965 ] ] ] } },
{ "type": "Feature", "properties": { "fid": 179, "ID_RUISSOL": "9670", "ID_ENTITE": "148", "TYPEOUVRAG": "Bande enherbée", "NUMEROINTE": null, "COMMUNEINS": "62024", "COMMUNE": "ALQUINES", "MAITREOUVR": "SYMVAHEM", "PAMONTPROP": null, "PAMONTAGRI": null, "PAVALPROPR": null, "PAVALAGRIC": null, "DATEREALIS": "2011-12-01", "LONGUEUR": "285", "LARGEUR": "5", "HAUTEUR": "0", "SURFACE": "1425", "VOLUME": "0", "HAIE1": "0", "HAIE2": "0", "HAIE3": "0", "MATERIAUX": "Mélange prairial", "OBSERVATIO": null, "ENTRETIEN": "AFR", "PAMONT_REF": null, "PAVAL_REFE": null, "PAMONT_CON": "1", "PAVAL_CONV": "1", "PAMONT__01": "1", "PAVAL_C_01": "1", "PAMONT_DAT": null, "PAVAL_DATE": null, "ID_SAGE": null, "ID_PARC": null, "ID_PAYS": null, "ID_MDAD": null, "BV": "{Alquines}" }, "geometry": { "type": "MultiLineString", "coordinates": [ [ [ 1.970663989184801, 50.730561659154482 ], [ 1.973844767177153, 50.72909106160396 ] ] ] } },
{ "type": "Feature", "properties": { "fid": 180, "ID_RUISSOL": "9671", "ID_ENTITE": "148", "TYPEOUVRAG": "Haie", "NUMEROINTE": null, "COMMUNEINS": "62024", "COMMUNE": "ALQUINES", "MAITREOUVR": "SYMVAHEM", "PAMONTPROP": null, "PAMONTAGRI": null, "PAVALPROPR": null, "PAVALAGRIC": null, "DATEREALIS": "2011-12-01", "LONGUEUR": "285", "LARGEUR": "0", "HAUTEUR": "0", "SURFACE": "0", "VOLUME": "0", "HAIE1": "285", "HAIE2": "0", "HAIE3": "0", "MATERIAUX": "Espèces arbustives locales", "OBSERVATIO": null, "ENTRETIEN": "AFR", "PAMONT_REF": null, "PAVAL_REFE": null, "PAMONT_CON": "1", "PAVAL_CONV": "1", "PAMONT__01": "1", "PAVAL_C_01": "1", "PAMONT_DAT": null, "PAVAL_DATE": null, "ID_SAGE": null, "ID_PARC": null, "ID_PAYS": null, "ID_MDAD": null, "BV": "{Alquines}" }, "geometry": { "type": "MultiLineString", "coordinates": [ [ [ 1.970627987809104, 50.73056136119623 ], [ 1.973844767177153, 50.72909106160396 ] ] ] } },
{ "type": "Feature", "properties": { "fid": 181, "ID_RUISSOL": "9672", "ID_ENTITE": "148", "TYPEOUVRAG": "Bande enherbée", "NUMEROINTE": null, "COMMUNEINS": "62024", "COMMUNE": "ALQUINES", "MAITREOUVR": "SYMVAHEM", "PAMONTPROP": null, "PAMONTAGRI": null, "PAVALPROPR": null, "PAVALAGRIC": null, "DATEREALIS": "2011-12-01", "LONGUEUR": "213", "LARGEUR": "2", "HAUTEUR": "0", "SURFACE": "426", "VOLUME": "0", "HAIE1": "0", "HAIE2": "0", "HAIE3": "0", "MATERIAUX": "Mélange prairial", "OBSERVATIO": null, "ENTRETIEN": "AFR", "PAMONT_REF": null, "PAVAL_REFE": null, "PAMONT_CON": "1", "PAVAL_CONV": "1", "PAMONT__01": "1", "PAVAL_C_01": "1", "PAMONT_DAT": null, "PAVAL_DATE": null, "ID_SAGE": null, "ID_PARC": null, "ID_PAYS": null, "ID_MDAD": null, "BV": "{Alquines}" }, "geometry": { "type": "MultiLineString", "coordinates": [ [ [ 1.994872745143101, 50.734461841665834 ], [ 1.994878246895542, 50.734187651054675 ], [ 1.994797406866499, 50.733729939058939 ], [ 1.994716109771416, 50.733295075947368 ], [ 1.994600415989882, 50.732779949035717 ], [ 1.994409737736121, 50.732412759824115 ] ] ] } },
{ "type": "Feature", "properties": { "fid": 182, "ID_RUISSOL": "9673", "ID_ENTITE": "148", "TYPEOUVRAG": "Bande enherbée", "NUMEROINTE": null, "COMMUNEINS": "62024", "COMMUNE": "ALQUINES", "MAITREOUVR": "SYMVAHEM", "PAMONTPROP": null, "PAMONTAGRI": null, "PAVALPROPR": null, "PAVALAGRIC": null, "DATEREALIS": "2011-12-01", "LONGUEUR": "95", "LARGEUR": "2", "HAUTEUR": "0", "SURFACE": "190", "VOLUME": "0", "HAIE1": "0", "HAIE2": "0", "HAIE3": "0", "MATERIAUX": "Mélange prairial", "OBSERVATIO": null, "ENTRETIEN": "AFR", "PAMONT_REF": null, "PAVAL_REFE": null, "PAMONT_CON": "1", "PAVAL_CONV": "1", "PAMONT__01": "1", "PAVAL_C_01": "1", "PAMONT_DAT": null, "PAVAL_DATE": null, "ID_SAGE": null, "ID_PARC": null, "ID_PAYS": null, "ID_MDAD": null, "BV": "{Alquines}" }, "geometry": { "type": "MultiLineString", "coordinates": [ [ [ 1.994409279061699, 50.732435609105593 ], [ 1.995874694637442, 50.732325317096439 ] ] ] } },
{ "type": "Feature", "properties": { "fid": 183, "ID_RUISSOL": "9674", "ID_ENTITE": "148", "TYPEOUVRAG": "Bande enherbée", "NUMEROINTE": null, "COMMUNEINS": "62024", "COMMUNE": "ALQUINES", "MAITREOUVR": "SYMVAHEM", "PAMONTPROP": null, "PAMONTAGRI": null, "PAVALPROPR": null, "PAVALAGRIC": null, "DATEREALIS": "2011-12-01", "LONGUEUR": "140", "LARGEUR": "2", "HAUTEUR": "0", "SURFACE": "280", "VOLUME": "0", "HAIE1": "0", "HAIE2": "0", "HAIE3": "0", "MATERIAUX": "Mélange prairial", "OBSERVATIO": null, "ENTRETIEN": "AFR", "PAMONT_REF": null, "PAVAL_REFE": null, "PAMONT_CON": "1", "PAVAL_CONV": "1", "PAMONT__01": "1", "PAVAL_C_01": "1", "PAMONT_DAT": null, "PAVAL_DATE": null, "ID_SAGE": null, "ID_PARC": null, "ID_PAYS": null, "ID_MDAD": null, "BV": "{Alquines}" }, "geometry": { "type": "MultiLineString", "coordinates": [ [ [ 1.993813547492677, 50.729825545026074 ], [ 1.995607278346939, 50.729257290046256 ] ] ] } },
{ "type": "Feature", "properties": { "fid": 184, "ID_RUISSOL": "9675", "ID_ENTITE": "148", "TYPEOUVRAG": "Haie", "NUMEROINTE": null, "COMMUNEINS": "62024", "COMMUNE": "ALQUINES", "MAITREOUVR": "SYMVAHEM", "PAMONTPROP": null, "PAMONTAGRI": null, "PAVALPROPR": null, "PAVALAGRIC": null, "DATEREALIS": "2011-12-01", "LONGUEUR": "140", "LARGEUR": "0", "HAUTEUR": "0", "SURFACE": "0", "VOLUME": "0", "HAIE1": "140", "HAIE2": "0", "HAIE3": "0", "MATERIAUX": "Espèces arbustives locales", "OBSERVATIO": null, "ENTRETIEN": "AFR", "PAMONT_REF": null, "PAVAL_REFE": null, "PAMONT_CON": "1", "PAVAL_CONV": "1", "PAMONT__01": "1", "PAVAL_C_01": "1", "PAMONT_DAT": null, "PAVAL_DATE": null, "ID_SAGE": null, "ID_PARC": null, "ID_PAYS": null, "ID_MDAD": null, "BV": "{Alquines}" }, "geometry": { "type": "MultiLineString", "coordinates": [ [ [ 1.993777546509747, 50.72982525376618 ], [ 1.995607736446398, 50.729234440650472 ] ] ] } },
{ "type": "Feature", "properties": { "fid": 185, "ID_RUISSOL": null, "ID_ENTITE": null, "TYPEOUVRAG": "Fascine", "NUMEROINTE": "F6_2026", "COMMUNEINS": "62506", "COMMUNE": "LICQUES", "MAITREOUVR": "SYMVAHEM", "PAMONTPROP": "DENIS Benoît et Serge", "PAMONTAGRI": "DENIS Benoît et Serge", "PAVALPROPR": "DENIS Benoît et Serge", "PAVALAGRIC": "DENIS Benoît et Serge", "DATEREALIS": "2026-03-05", "LONGUEUR": "12", "LARGEUR": "1", "HAUTEUR": null, "SURFACE": null, "VOLUME": null, "HAIE1": null, "HAIE2": null, "HAIE3": null, "MATERIAUX": "Pieux et fagots de saules", "OBSERVATIO": null, "ENTRETIEN": "MO", "PAMONT_REF": null, "PAVAL_REFE": null, "PAMONT_CON": "1", "PAVAL_CONV": "1", "PAMONT__01": null, "PAVAL_C_01": null, "PAMONT_DAT": null, "PAVAL_DATE": null, "ID_SAGE": null, "ID_PARC": null, "ID_PAYS": null, "ID_MDAD": null, "BV": null }, "geometry": { "type": "MultiLineString", "coordinates": [ [ [ 1.928574078778271, 50.80010073802606 ], [ 1.928667199064377, 50.800052395920126 ], [ 1.928651784243638, 50.799980084793333 ] ] ] } },
{ "type": "Feature", "properties": { "fid": 186, "ID_RUISSOL": null, "ID_ENTITE": null, "TYPEOUVRAG": "Fascine", "NUMEROINTE": "F8_2026", "COMMUNEINS": "62506", "COMMUNE": "LICQUES", "MAITREOUVR": "SYMVAHEM", "PAMONTPROP": "DENIS Benoît et Serge", "PAMONTAGRI": "DENIS Benoît et Serge", "PAVALPROPR": "DENIS Benoît et Serge", "PAVALAGRIC": "DENIS Benoît et Serge", "DATEREALIS": "2025-03-05", "LONGUEUR": "12", "LARGEUR": "1", "HAUTEUR": null, "SURFACE": null, "VOLUME": null, "HAIE1": null, "HAIE2": null, "HAIE3": null, "MATERIAUX": "Pieux et fagots de saules", "OBSERVATIO": null, "ENTRETIEN": "MO", "PAMONT_REF": null, "PAVAL_REFE": null, "PAMONT_CON": "1", "PAVAL_CONV": "1", "PAMONT__01": null, "PAVAL_C_01": null, "PAMONT_DAT": null, "PAVAL_DATE": null, "ID_SAGE": null, "ID_PARC": null, "ID_PAYS": null, "ID_MDAD": null, "BV": null }, "geometry": { "type": "MultiLineString", "coordinates": [ [ [ 1.925477840401962, 50.802041321625019 ], [ 1.925605712696038, 50.801954888824042 ], [ 1.925605712696038, 50.801954888824042 ] ] ] } },
{ "type": "Feature", "properties": { "fid": 187, "ID_RUISSOL": null, "ID_ENTITE": null, "TYPEOUVRAG": "Fascine", "NUMEROINTE": "F7_2026", "COMMUNEINS": "62506", "COMMUNE": "LICQUES", "MAITREOUVR": "SYMVAHEM", "PAMONTPROP": "DENIS Benoît et Serge", "PAMONTAGRI": "DENIS Benoît et Serge", "PAVALPROPR": "DENIS Benoît et Serge", "PAVALAGRIC": "DENIS Benoît et Serge", "DATEREALIS": "2026-03-05", "LONGUEUR": "35", "LARGEUR": "1", "HAUTEUR": null, "SURFACE": null, "VOLUME": null, "HAIE1": null, "HAIE2": null, "HAIE3": null, "MATERIAUX": "Pieux et fagots de saules", "OBSERVATIO": null, "ENTRETIEN": "MO", "PAMONT_REF": null, "PAVAL_REFE": null, "PAMONT_CON": "1", "PAVAL_CONV": "1", "PAMONT__01": null, "PAVAL_C_01": null, "PAMONT_DAT": null, "PAVAL_DATE": null, "ID_SAGE": null, "ID_PARC": null, "ID_PAYS": null, "ID_MDAD": null, "BV": null }, "geometry": { "type": "MultiLineString", "coordinates": [ [ [ 1.927307934652815, 50.801173289168467 ], [ 1.927690810165795, 50.80094776380394 ] ] ] } },
{ "type": "Feature", "properties": { "fid": 188, "ID_RUISSOL": null, "ID_ENTITE": null, "TYPEOUVRAG": "Haie", "NUMEROINTE": "H8_2026", "COMMUNEINS": "62506", "COMMUNE": "LICQUES", "MAITREOUVR": "SYMVAHEM", "PAMONTPROP": "DENIS Benoît et Serge", "PAMONTAGRI": "DENIS Benoît et Serge", "PAVALPROPR": "DENIS Benoît et Serge", "PAVALAGRIC": "DENIS Benoît et Serge", "DATEREALIS": "2026-03-06", "LONGUEUR": "260", "LARGEUR": "1", "HAUTEUR": null, "SURFACE": null, "VOLUME": null, "HAIE1": "260", "HAIE2": null, "HAIE3": null, "MATERIAUX": "Espèces arbustives locales", "OBSERVATIO": null, "ENTRETIEN": "MO", "PAMONT_REF": null, "PAVAL_REFE": null, "PAMONT_CON": "1", "PAVAL_CONV": "1", "PAMONT__01": null, "PAVAL_C_01": null, "PAMONT_DAT": null, "PAVAL_DATE": null, "ID_SAGE": null, "ID_PARC": null, "ID_PAYS": null, "ID_MDAD": null, "BV": null }, "geometry": { "type": "MultiLineString", "coordinates": [ [ [ 1.925620431657981, 50.801946569335477 ], [ 1.925992211811639, 50.801786989241059 ], [ 1.926363923701983, 50.801630478853063 ], [ 1.926637992008408, 50.801506911853387 ], [ 1.927014940728603, 50.80133201606467 ], [ 1.9272601942996, 50.801195913822198 ], [ 1.927755674829919, 50.800917607788875 ], [ 1.92796785929708, 50.800741290973441 ], [ 1.928320195529097, 50.800357322315286 ], [ 1.928572785160131, 50.800104566187187 ] ] ] } },
{ "type": "Feature", "properties": { "fid": 189, "ID_RUISSOL": null, "ID_ENTITE": null, "TYPEOUVRAG": "Haie", "NUMEROINTE": "H14_2026", "COMMUNEINS": "62055", "COMMUNE": "AUDREHEM", "MAITREOUVR": "SYMVAHEM", "PAMONTPROP": "DE MONTIGNY Thérèse", "PAMONTAGRI": "DE MONTIGNY Ghislain", "PAVALPROPR": "DE MONTIGNY Thérèse", "PAVALAGRIC": "LANDESMANN Benoît", "DATEREALIS": "2025-03-06", "LONGUEUR": "350", "LARGEUR": "1", "HAUTEUR": null, "SURFACE": null, "VOLUME": null, "HAIE1": "350", "HAIE2": null, "HAIE3": null, "MATERIAUX": "Espèces arbustives locales", "OBSERVATIO": null, "ENTRETIEN": "MO", "PAMONT_REF": null, "PAVAL_REFE": null, "PAMONT_CON": "1", "PAVAL_CONV": "1", "PAMONT__01": null, "PAVAL_C_01": null, "PAMONT_DAT": null, "PAVAL_DATE": null, "ID_SAGE": null, "ID_PARC": null, "ID_PAYS": null, "ID_MDAD": null, "BV": null }, "geometry": { "type": "MultiLineString", "coordinates": [ [ [ 1.979437085497199, 50.763059155461519 ], [ 1.982087187797361, 50.765156425088236 ], [ 1.982789977095733, 50.764727553109708 ] ] ] } },
{ "type": "Feature", "properties": { "fid": 190, "ID_RUISSOL": null, "ID_ENTITE": null, "TYPEOUVRAG": "Haie", "NUMEROINTE": "H15_2026", "COMMUNEINS": "62055", "COMMUNE": "AUDREHEM", "MAITREOUVR": "SYMVAHEM", "PAMONTPROP": "DE MONTIGNY Thérèse", "PAMONTAGRI": "DE MONTIGNY Ghislain", "PAVALPROPR": "DE MONTIGNY Thérèse", "PAVALAGRIC": "LANDESMANN Benoît", "DATEREALIS": "2025-03-07", "LONGUEUR": "290", "LARGEUR": "1", "HAUTEUR": null, "SURFACE": null, "VOLUME": null, "HAIE1": "290", "HAIE2": null, "HAIE3": null, "MATERIAUX": "Espèces arbustives locales", "OBSERVATIO": null, "ENTRETIEN": "MO", "PAMONT_REF": null, "PAVAL_REFE": null, "PAMONT_CON": "1", "PAVAL_CONV": "1", "PAMONT__01": null, "PAVAL_C_01": null, "PAMONT_DAT": null, "PAVAL_DATE": null, "ID_SAGE": null, "ID_PARC": null, "ID_PAYS": null, "ID_MDAD": null, "BV": null }, "geometry": { "type": "MultiLineString", "coordinates": [ [ [ 1.982857884043223, 50.767258439603886 ], [ 1.984813997636572, 50.765463179832821 ], [ 1.985369680225151, 50.765646965135282 ] ] ] } },
{ "type": "Feature", "properties": { "fid": 191, "ID_RUISSOL": null, "ID_ENTITE": null, "TYPEOUVRAG": "Haie", "NUMEROINTE": "H16_2026", "COMMUNEINS": "62055", "COMMUNE": "AUDREHEM", "MAITREOUVR": "SYMVAHEM", "PAMONTPROP": "DE MONTIGNY Thérèse", "PAMONTAGRI": "DE MONTIGNY Ghislain", "PAVALPROPR": "DE MONTIGNY Thérèse", "PAVALAGRIC": "LANDESMANN Benoît", "DATEREALIS": "2025-03-07", "LONGUEUR": "250", "LARGEUR": "1", "HAUTEUR": null, "SURFACE": null, "VOLUME": null, "HAIE1": "250", "HAIE2": null, "HAIE3": null, "MATERIAUX": "Espèces arbustives locales", "OBSERVATIO": null, "ENTRETIEN": "MO", "PAMONT_REF": null, "PAVAL_REFE": null, "PAMONT_CON": "1", "PAVAL_CONV": "1", "PAMONT__01": null, "PAVAL_C_01": null, "PAMONT_DAT": null, "PAVAL_DATE": null, "ID_SAGE": null, "ID_PARC": null, "ID_PAYS": null, "ID_MDAD": null, "BV": null }, "geometry": { "type": "MultiLineString", "coordinates": [ [ [ 1.982867324153203, 50.764677080116222 ], [ 1.983706641137591, 50.765272698264233 ], [ 1.986055923644517, 50.763489779630781 ], [ 1.986055923644517, 50.763489779630781 ] ] ] } },
{ "type": "Feature", "properties": { "fid": 192, "ID_RUISSOL": null, "ID_ENTITE": null, "TYPEOUVRAG": "Haie", "NUMEROINTE": "H1_2026", "COMMUNEINS": "62775", "COMMUNE": "SANGHEN", "MAITREOUVR": "SYMVAHEM", "PAMONTPROP": null, "PAMONTAGRI": null, "PAVALPROPR": "VASSEUR", "PAVALAGRIC": "DUMONT Benoît", "DATEREALIS": "2026-03-08", "LONGUEUR": "170", "LARGEUR": "1", "HAUTEUR": null, "SURFACE": null, "VOLUME": null, "HAIE1": "170", "HAIE2": null, "HAIE3": null, "MATERIAUX": "Espèces arbustives locales", "OBSERVATIO": null, "ENTRETIEN": "MO", "PAMONT_REF": null, "PAVAL_REFE": null, "PAMONT_CON": "1", "PAVAL_CONV": "1", "PAMONT__01": null, "PAVAL_C_01": null, "PAMONT_DAT": null, "PAVAL_DATE": null, "ID_SAGE": null, "ID_PARC": null, "ID_PAYS": null, "ID_MDAD": null, "BV": null }, "geometry": { "type": "MultiLineString", "coordinates": [ [ [ 1.874837329285818, 50.770409520542557 ], [ 1.876729061294438, 50.771373186000339 ] ] ] } },
{ "type": "Feature", "properties": { "fid": 193, "ID_RUISSOL": null, "ID_ENTITE": null, "TYPEOUVRAG": "Haie", "NUMEROINTE": "H2_2026", "COMMUNEINS": "62775", "COMMUNE": "SANGHEN", "MAITREOUVR": "SYMVAHEM", "PAMONTPROP": "VASSEUR", "PAMONTAGRI": "DUMONT Benoît", "PAVALPROPR": null, "PAVALAGRIC": null, "DATEREALIS": "2026-03-08", "LONGUEUR": "205", "LARGEUR": "1", "HAUTEUR": null, "SURFACE": null, "VOLUME": null, "HAIE1": "205", "HAIE2": null, "HAIE3": null, "MATERIAUX": "Espèces arbustives locales", "OBSERVATIO": null, "ENTRETIEN": "MO", "PAMONT_REF": null, "PAVAL_REFE": null, "PAMONT_CON": "1", "PAVAL_CONV": "1", "PAMONT__01": null, "PAVAL_C_01": null, "PAMONT_DAT": null, "PAVAL_DATE": null, "ID_SAGE": null, "ID_PARC": null, "ID_PAYS": null, "ID_MDAD": null, "BV": null }, "geometry": { "type": "MultiLineString", "coordinates": [ [ [ 1.876306470848323, 50.768945982356868 ], [ 1.87848554903822, 50.770133411802775 ] ] ] } }
]
}
