{
"type": "FeatureCollection",
"name": "SNDP_LPF_FD62",
"crs": { "type": "name", "properties": { "name": "urn:ogc:def:crs:OGC:1.3:CRS84" } },
"features": [
{ "type": "Feature", "properties": { "commune": "NULL", "date_suivi": "08/04/2025", "geniteur": "0", "espece": "Lamproie de Planer", "layer": "SNDP LPF Hem 2025" }, "geometry": { "type": "Point", "coordinates": [ 1.96604468625, 50.781452604999977 ] } },
{ "type": "Feature", "properties": { "commune": "NULL", "date_suivi": "08/04/2025", "geniteur": "0", "espece": "Lamproie de Planer", "layer": "SNDP LPF Hem 2025" }, "geometry": { "type": "Point", "coordinates": [ 1.967635722222223, 50.781749684444442 ] } },
{ "type": "Feature", "properties": { "commune": "NULL", "date_suivi": "08/04/2025", "geniteur": "0", "espece": "Lamproie de Planer", "layer": "SNDP LPF Hem 2025" }, "geometry": { "type": "Point", "coordinates": [ 1.974065443333333, 50.784547918333324 ] } },
{ "type": "Feature", "properties": { "commune": "NULL", "date_suivi": "08/04/2025", "geniteur": "0", "espece": "Lamproie de Planer", "layer": "SNDP LPF Hem 2025" }, "geometry": { "type": "Point", "coordinates": [ 1.974629778333334, 50.784976723333322 ] } },
{ "type": "Feature", "properties": { "commune": "NULL", "date_suivi": "08/04/2025", "geniteur": "0", "espece": "Lamproie de Planer", "layer": "SNDP LPF Hem 2025" }, "geometry": { "type": "Point", "coordinates": [ 1.97877908375, 50.787019374999979 ] } },
{ "type": "Feature", "properties": { "commune": "NULL", "date_suivi": "08/04/2025", "geniteur": "0", "espece": "Lamproie de Planer", "layer": "SNDP LPF Hem 2025" }, "geometry": { "type": "Point", "coordinates": [ 1.978790251666667, 50.787013806666643 ] } },
{ "type": "Feature", "properties": { "commune": "NULL", "date_suivi": "08/04/2025", "geniteur": "0", "espece": "Lamproie de Planer", "layer": "SNDP LPF Hem 2025" }, "geometry": { "type": "Point", "coordinates": [ 1.98942324, 50.790029869999984 ] } },
{ "type": "Feature", "properties": { "commune": "NULL", "date_suivi": "08/04/2025", "geniteur": "0", "espece": "Lamproie de Planer", "layer": "SNDP LPF Hem 2025" }, "geometry": { "type": "Point", "coordinates": [ 1.991308191428572, 50.790748715714273 ] } },
{ "type": "Feature", "properties": { "commune": "NULL", "date_suivi": "08/04/2025", "geniteur": "0", "espece": "Lamproie de Planer", "layer": "SNDP LPF Hem 2025" }, "geometry": { "type": "Point", "coordinates": [ 1.996641021250001, 50.791950623749983 ] } },
{ "type": "Feature", "properties": { "commune": "NULL", "date_suivi": "08/04/2025", "geniteur": "0", "espece": "Lamproie de Planer", "layer": "SNDP LPF Hem 2025" }, "geometry": { "type": "Point", "coordinates": [ 1.997717466, 50.7930802 ] } },
{ "type": "Feature", "properties": { "commune": "NULL", "date_suivi": "08/04/2025", "geniteur": "0", "espece": "Lamproie de Planer", "layer": "SNDP LPF Hem 2025" }, "geometry": { "type": "Point", "coordinates": [ 1.99779096, 50.793129413599985 ] } },
{ "type": "Feature", "properties": { "commune": "NULL", "date_suivi": "08/04/2025", "geniteur": "0", "espece": "Lamproie de Planer", "layer": "SNDP LPF Hem 2025" }, "geometry": { "type": "Point", "coordinates": [ 2.006555544545454, 50.796382014545436 ] } },
{ "type": "Feature", "properties": { "commune": "NULL", "date_suivi": "08/04/2025", "geniteur": "0", "espece": "Lamproie de Planer", "layer": "SNDP LPF Hem 2025" }, "geometry": { "type": "Point", "coordinates": [ 2.006540693333333, 50.796376611666652 ] } },
{ "type": "Feature", "properties": { "commune": "NULL", "date_suivi": "08/04/2025", "geniteur": "0", "espece": "Lamproie de Planer", "layer": "SNDP LPF Hem 2025" }, "geometry": { "type": "Point", "coordinates": [ 2.006946085, 50.796317478749991 ] } },
{ "type": "Feature", "properties": { "commune": "NULL", "date_suivi": "08/04/2025", "geniteur": "0", "espece": "Lamproie de Planer", "layer": "SNDP LPF Hem 2025" }, "geometry": { "type": "Point", "coordinates": [ 2.009849167142856, 50.796724547142837 ] } },
{ "type": "Feature", "properties": { "commune": "NULL", "date_suivi": "08/04/2025", "geniteur": "0", "espece": "Lamproie de Planer", "layer": "SNDP LPF Hem 2025" }, "geometry": { "type": "Point", "coordinates": [ 2.013724126250001, 50.797360518749976 ] } },
{ "type": "Feature", "properties": { "commune": "NULL", "date_suivi": "08/04/2025", "geniteur": "0", "espece": "Lamproie de Planer", "layer": "SNDP LPF Hem 2025" }, "geometry": { "type": "Point", "coordinates": [ 2.0165831475, 50.797020187499982 ] } },
{ "type": "Feature", "properties": { "commune": "NULL", "date_suivi": "08/04/2025", "geniteur": "0", "espece": "Lamproie de Planer", "layer": "SNDP LPF Hem 2025" }, "geometry": { "type": "Point", "coordinates": [ 2.018864117142857, 50.799534905714239 ] } },
{ "type": "Feature", "properties": { "commune": "NULL", "date_suivi": "08/04/2025", "geniteur": "0", "espece": "Lamproie de Planer", "layer": "SNDP LPF Hem 2025" }, "geometry": { "type": "Point", "coordinates": [ 2.0241613125, 50.800014624999974 ] } },
{ "type": "Feature", "properties": { "commune": "NULL", "date_suivi": "08/04/2025", "geniteur": "0", "espece": "Lamproie de Planer", "layer": "SNDP LPF Hem 2025" }, "geometry": { "type": "Point", "coordinates": [ 2.02832419, 50.800335714285708 ] } },
{ "type": "Feature", "properties": { "commune": "NULL", "date_suivi": "08/04/2025", "geniteur": "0", "espece": "Lamproie de Planer", "layer": "SNDP LPF Hem 2025" }, "geometry": { "type": "Point", "coordinates": [ 2.0327453525, 50.801375894999964 ] } },
{ "type": "Feature", "properties": { "commune": "NULL", "date_suivi": "08/04/2025", "geniteur": "0", "espece": "Lamproie de Planer", "layer": "SNDP LPF Hem 2025" }, "geometry": { "type": "Point", "coordinates": [ 2.033819396249999, 50.80169421 ] } },
{ "type": "Feature", "properties": { "commune": "NULL", "date_suivi": "08/04/2025", "geniteur": "0", "espece": "Lamproie de Planer", "layer": "SNDP LPF Hem 2025" }, "geometry": { "type": "Point", "coordinates": [ 2.036955191428571, 50.80286118999998 ] } },
{ "type": "Feature", "properties": { "commune": "NULL", "date_suivi": "08/04/2025", "geniteur": "0", "espece": "Lamproie de Planer", "layer": "SNDP LPF Hem 2025" }, "geometry": { "type": "Point", "coordinates": [ 2.040466999, 50.80344244999997 ] } },
{ "type": "Feature", "properties": { "commune": "NULL", "date_suivi": "08/04/2025", "geniteur": "0", "espece": "Lamproie de Planer", "layer": "SNDP LPF Hem 2025" }, "geometry": { "type": "Point", "coordinates": [ 2.040459778333334, 50.80361589 ] } },
{ "type": "Feature", "properties": { "commune": "NULL", "date_suivi": "08/04/2025", "geniteur": "0", "espece": "Lamproie de Planer", "layer": "SNDP LPF Hem 2025" }, "geometry": { "type": "Point", "coordinates": [ 2.040486184, 50.803654733999984 ] } },
{ "type": "Feature", "properties": { "commune": "NULL", "date_suivi": "08/04/2025", "geniteur": "0", "espece": "Lamproie de Planer", "layer": "SNDP LPF Hem 2025" }, "geometry": { "type": "Point", "coordinates": [ 2.05002652125, 50.808769501249998 ] } },
{ "type": "Feature", "properties": { "commune": "NULL", "date_suivi": "08/04/2025", "geniteur": "0", "espece": "Lamproie de Planer", "layer": "SNDP LPF Hem 2025" }, "geometry": { "type": "Point", "coordinates": [ 2.051060905714285, 50.808790308571417 ] } },
{ "type": "Feature", "properties": { "commune": "NULL", "date_suivi": "08/04/2025", "geniteur": "0", "espece": "Lamproie de Planer", "layer": "SNDP LPF Hem 2025" }, "geometry": { "type": "Point", "coordinates": [ 2.056707767, 50.810911182999973 ] } },
{ "type": "Feature", "properties": { "commune": "NULL", "date_suivi": "08/04/2025", "geniteur": "0", "espece": "Lamproie de Planer", "layer": "SNDP LPF Hem 2025" }, "geometry": { "type": "Point", "coordinates": [ 2.058934368888889, 50.81134402 ] } },
{ "type": "Feature", "properties": { "commune": "NULL", "date_suivi": "08/04/2025", "geniteur": "0", "espece": "Lamproie de Planer", "layer": "SNDP LPF Hem 2025" }, "geometry": { "type": "Point", "coordinates": [ 2.058940851111112, 50.811366834444428 ] } },
{ "type": "Feature", "properties": { "commune": "NULL", "date_suivi": "08/04/2025", "geniteur": "0", "espece": "Lamproie de Planer", "layer": "SNDP LPF Hem 2025" }, "geometry": { "type": "Point", "coordinates": [ 2.0590999375, 50.811854624999981 ] } },
{ "type": "Feature", "properties": { "commune": "NULL", "date_suivi": "08/04/2025", "geniteur": "0", "espece": "Lamproie de Planer", "layer": "SNDP LPF Hem 2025" }, "geometry": { "type": "Point", "coordinates": [ 2.061514733, 50.814815664999976 ] } },
{ "type": "Feature", "properties": { "commune": "NULL", "date_suivi": "08/04/2025", "geniteur": "0", "espece": "Lamproie de Planer", "layer": "SNDP LPF Hem 2025" }, "geometry": { "type": "Point", "coordinates": [ 2.063657844615385, 50.816902565384609 ] } },
{ "type": "Feature", "properties": { "commune": "NULL", "date_suivi": "08/04/2025", "geniteur": "0", "espece": "Lamproie de Planer", "layer": "SNDP LPF Hem 2025" }, "geometry": { "type": "Point", "coordinates": [ 2.064359499, 50.817184448999988 ] } },
{ "type": "Feature", "properties": { "commune": "NULL", "date_suivi": "08/04/2025", "geniteur": "0", "espece": "Lamproie de Planer", "layer": "SNDP LPF Hem 2025" }, "geometry": { "type": "Point", "coordinates": [ 2.071353335, 50.81818977 ] } },
{ "type": "Feature", "properties": { "commune": "NULL", "date_suivi": "09/04/2025", "geniteur": "0", "espece": "Lamproie de Planer", "layer": "SNDP LPF Hem 2025" }, "geometry": { "type": "Point", "coordinates": [ 2.072710353749999, 50.817552686249982 ] } },
{ "type": "Feature", "properties": { "commune": "NULL", "date_suivi": "09/04/2025", "geniteur": "0", "espece": "Lamproie de Planer", "layer": "SNDP LPF Hem 2025" }, "geometry": { "type": "Point", "coordinates": [ 2.072720105, 50.817548333749983 ] } },
{ "type": "Feature", "properties": { "commune": "NULL", "date_suivi": "09/04/2025", "geniteur": "0", "espece": "Lamproie de Planer", "layer": "SNDP LPF Hem 2025" }, "geometry": { "type": "Point", "coordinates": [ 2.07456835, 50.817807501 ] } },
{ "type": "Feature", "properties": { "commune": "NULL", "date_suivi": "09/04/2025", "geniteur": "0", "espece": "Lamproie de Planer", "layer": "SNDP LPF Hem 2025" }, "geometry": { "type": "Point", "coordinates": [ 2.074605766, 50.817850633999967 ] } },
{ "type": "Feature", "properties": { "commune": "NULL", "date_suivi": "09/04/2025", "geniteur": "0", "espece": "Lamproie de Planer", "layer": "SNDP LPF Hem 2025" }, "geometry": { "type": "Point", "coordinates": [ 2.074626895, 50.817870478749995 ] } },
{ "type": "Feature", "properties": { "commune": "NULL", "date_suivi": "09/04/2025", "geniteur": "0", "espece": "Lamproie de Planer", "layer": "SNDP LPF Hem 2025" }, "geometry": { "type": "Point", "coordinates": [ 2.076658776666667, 50.81857775777776 ] } },
{ "type": "Feature", "properties": { "commune": "NULL", "date_suivi": "09/04/2025", "geniteur": "0", "espece": "Lamproie de Planer", "layer": "SNDP LPF Hem 2025" }, "geometry": { "type": "Point", "coordinates": [ 2.07669415, 50.818603632999981 ] } },
{ "type": "Feature", "properties": { "commune": "NULL", "date_suivi": "09/04/2025", "geniteur": "0", "espece": "Lamproie de Planer", "layer": "SNDP LPF Hem 2025" }, "geometry": { "type": "Point", "coordinates": [ 2.076794184444444, 50.81870576 ] } },
{ "type": "Feature", "properties": { "commune": "NULL", "date_suivi": "09/04/2025", "geniteur": "0", "espece": "Lamproie de Planer", "layer": "SNDP LPF Hem 2025" }, "geometry": { "type": "Point", "coordinates": [ 2.08033725, 50.828349748999983 ] } },
{ "type": "Feature", "properties": { "commune": "NULL", "date_suivi": "09/04/2025", "geniteur": "1", "espece": "LPF/LPP", "layer": "SNDP LPF Hem 2025" }, "geometry": { "type": "Point", "coordinates": [ 2.085776636818182, 50.826231590909074 ] } },
{ "type": "Feature", "properties": { "commune": "NULL", "date_suivi": "09/04/2025", "geniteur": "0", "espece": "Lamproie de Planer", "layer": "SNDP LPF Hem 2025" }, "geometry": { "type": "Point", "coordinates": [ 2.087065888333334, 50.825448443333329 ] } },
{ "type": "Feature", "properties": { "commune": "NULL", "date_suivi": "09/04/2025", "geniteur": "0", "espece": "Lamproie de Planer", "layer": "SNDP LPF Hem 2025" }, "geometry": { "type": "Point", "coordinates": [ 2.088235111666668, 50.824340443333327 ] } },
{ "type": "Feature", "properties": { "commune": "NULL", "date_suivi": "09/04/2025", "geniteur": "0", "espece": "Lamproie de Planer", "layer": "SNDP LPF Hem 2025" }, "geometry": { "type": "Point", "coordinates": [ 2.084246138571427, 50.822821234047588 ] } },
{ "type": "Feature", "properties": { "commune": "NULL", "date_suivi": "09/04/2025", "geniteur": "0", "espece": "Lamproie de Planer", "layer": "SNDP LPF Hem 2025" }, "geometry": { "type": "Point", "coordinates": [ 2.080386723333332, 50.821726361666649 ] } },
{ "type": "Feature", "properties": { "commune": "NULL", "date_suivi": "09/04/2025", "geniteur": "0", "espece": "Lamproie de Planer", "layer": "SNDP LPF Hem 2025" }, "geometry": { "type": "Point", "coordinates": [ 2.080227934, 50.821661967999979 ] } },
{ "type": "Feature", "properties": { "commune": "NULL", "date_suivi": "09/04/2025", "geniteur": "0", "espece": "Lamproie de Planer", "layer": "SNDP LPF Hem 2025" }, "geometry": { "type": "Point", "coordinates": [ 2.078436916249999, 50.820540208749982 ] } },
{ "type": "Feature", "properties": { "commune": "NULL", "date_suivi": "09/04/2025", "geniteur": "0", "espece": "Lamproie de Planer", "layer": "SNDP LPF Hem 2025" }, "geometry": { "type": "Point", "coordinates": [ 2.090360975, 50.836719806666665 ] } },
{ "type": "Feature", "properties": { "commune": "NULL", "date_suivi": "09/04/2025", "geniteur": "0", "espece": "Lamproie de Planer", "layer": "SNDP LPF Hem 2025" }, "geometry": { "type": "Point", "coordinates": [ 2.096012261428572, 50.846947285714272 ] } },
{ "type": "Feature", "properties": { "commune": "NULL", "date_suivi": "09/04/2025", "geniteur": "0", "espece": "Lamproie de Planer", "layer": "SNDP LPF Hem 2025" }, "geometry": { "type": "Point", "coordinates": [ 2.097163332, 50.848085099999984 ] } },
{ "type": "Feature", "properties": { "commune": "NULL", "date_suivi": "09/04/2025", "geniteur": "0", "espece": "Lamproie de Planer", "layer": "SNDP LPF Hem 2025" }, "geometry": { "type": "Point", "coordinates": [ 2.097170214285715, 50.848107405714266 ] } },
{ "type": "Feature", "properties": { "commune": "NULL", "date_suivi": "09/04/2025", "geniteur": "0", "espece": "Lamproie de Planer", "layer": "SNDP LPF Hem 2025" }, "geometry": { "type": "Point", "coordinates": [ 2.097317695, 50.848267001666649 ] } },
{ "type": "Feature", "properties": { "commune": "NULL", "date_suivi": "09/04/2025", "geniteur": "0", "espece": "Lamproie de Planer", "layer": "SNDP LPF Hem 2025" }, "geometry": { "type": "Point", "coordinates": [ 2.09745603, 50.848531833333304 ] } },
{ "type": "Feature", "properties": { "commune": "NULL", "date_suivi": "09/04/2025", "geniteur": "0", "espece": "Lamproie de Planer", "layer": "SNDP LPF Hem 2025" }, "geometry": { "type": "Point", "coordinates": [ 2.097463668571429, 50.848550571428561 ] } },
{ "type": "Feature", "properties": { "commune": "NULL", "date_suivi": "09/04/2025", "geniteur": "0", "espece": "Lamproie de Planer", "layer": "SNDP LPF Hem 2025" }, "geometry": { "type": "Point", "coordinates": [ 2.097568691428571, 50.848732142857131 ] } },
{ "type": "Feature", "properties": { "commune": "NULL", "date_suivi": "05/04/2023", "geniteur": "0", "espece": "Lamproie de Planer", "layer": "SNDP AGNATHES LPF 2023" }, "geometry": { "type": "Point", "coordinates": [ 2.059285003431706, 50.811222246373248 ] } },
{ "type": "Feature", "properties": { "commune": "NULL", "date_suivi": "05/04/2023", "geniteur": "0", "espece": "Lamproie de Planer", "layer": "SNDP AGNATHES LPF 2023" }, "geometry": { "type": "Point", "coordinates": [ 2.0586094433811, 50.810383326363016 ] } },
{ "type": "Feature", "properties": { "commune": "NULL", "date_suivi": "05/04/2023", "geniteur": "0", "espece": "Lamproie de Planer", "layer": "SNDP AGNATHES LPF 2023" }, "geometry": { "type": "Point", "coordinates": [ 2.058648335048784, 50.810398324696429 ] } },
{ "type": "Feature", "properties": { "commune": "NULL", "date_suivi": "17/04/2023", "geniteur": "0", "espece": "Lamproie de Planer", "layer": "SNDP AGNATHES LPF 2023" }, "geometry": { "type": "Point", "coordinates": [ 2.058642082455924, 50.810625614792258 ] } },
{ "type": "Feature", "properties": { "commune": "NULL", "date_suivi": "05/04/2023", "geniteur": "0", "espece": "Lamproie de Planer", "layer": "SNDP AGNATHES LPF 2023" }, "geometry": { "type": "Point", "coordinates": [ 2.049324761476067, 50.809387381124992 ] } },
{ "type": "Feature", "properties": { "commune": "NULL", "date_suivi": "05/04/2023", "geniteur": "0", "espece": "Lamproie de Planer", "layer": "SNDP AGNATHES LPF 2023" }, "geometry": { "type": "Point", "coordinates": [ 2.02496555671658, 50.800031109696491 ] } },
{ "type": "Feature", "properties": { "commune": "NULL", "date_suivi": "05/04/2023", "geniteur": "0", "espece": "Lamproie de Planer", "layer": "SNDP AGNATHES LPF 2023" }, "geometry": { "type": "Point", "coordinates": [ 2.026979585049739, 50.800235417196468 ] } },
{ "type": "Feature", "properties": { "commune": "NULL", "date_suivi": "05/04/2023", "geniteur": "0", "espece": "LPF/LPP", "layer": "SNDP AGNATHES LPF 2023" }, "geometry": { "type": "Point", "coordinates": [ 2.027165415049611, 50.80031416969701 ] } },
{ "type": "Feature", "properties": { "commune": "NULL", "date_suivi": "05/04/2023", "geniteur": "0", "espece": "Lamproie de Planer", "layer": "SNDP AGNATHES LPF 2023" }, "geometry": { "type": "Point", "coordinates": [ 2.03274541588311, 50.801372073029903 ] } },
{ "type": "Feature", "properties": { "commune": "NULL", "date_suivi": "05/04/2023", "geniteur": "0", "espece": "Lamproie de Planer", "layer": "SNDP AGNATHES LPF 2023" }, "geometry": { "type": "Point", "coordinates": [ 2.032778667049543, 50.801377994696544 ] } },
{ "type": "Feature", "properties": { "commune": "NULL", "date_suivi": "05/04/2023", "geniteur": "0", "espece": "Lamproie de Planer", "layer": "SNDP AGNATHES LPF 2023" }, "geometry": { "type": "Point", "coordinates": [ 2.033678334049556, 50.801614011696429 ] } },
{ "type": "Feature", "properties": { "commune": "NULL", "date_suivi": "05/04/2023", "geniteur": "0", "espece": "Lamproie de Planer", "layer": "SNDP AGNATHES LPF 2023" }, "geometry": { "type": "Point", "coordinates": [ 2.04116700004907, 50.804074989696353 ] } },
{ "type": "Feature", "properties": { "commune": "NULL", "date_suivi": "17/04/2023", "geniteur": "0", "espece": "Lamproie de Planer", "layer": "SNDP AGNATHES LPF 2023" }, "geometry": { "type": "Point", "coordinates": [ 1.967416106718943, 50.781770536364824 ] } },
{ "type": "Feature", "properties": { "commune": "NULL", "date_suivi": "17/04/2023", "geniteur": "0", "espece": "Lamproie de Planer", "layer": "SNDP AGNATHES LPF 2023" }, "geometry": { "type": "Point", "coordinates": [ 1.967481664051965, 50.781777659697269 ] } },
{ "type": "Feature", "properties": { "commune": "NULL", "date_suivi": "17/04/2023", "geniteur": "0", "espece": "Lamproie de Planer", "layer": "SNDP AGNATHES LPF 2023" }, "geometry": { "type": "Point", "coordinates": [ 1.967661953387684, 50.782009166363949 ] } },
{ "type": "Feature", "properties": { "commune": "NULL", "date_suivi": "17/04/2023", "geniteur": "0", "espece": "Lamproie de Planer", "layer": "SNDP AGNATHES LPF 2023" }, "geometry": { "type": "Point", "coordinates": [ 1.968208008053971, 50.78209133369905 ] } },
{ "type": "Feature", "properties": { "commune": "NULL", "date_suivi": "17/04/2023", "geniteur": "0", "espece": "Lamproie de Planer", "layer": "SNDP AGNATHES LPF 2023" }, "geometry": { "type": "Point", "coordinates": [ 1.971608891174069, 50.783319069701605 ] } },
{ "type": "Feature", "properties": { "commune": "NULL", "date_suivi": "17/04/2023", "geniteur": "0", "espece": "Lamproie de Planer", "layer": "SNDP AGNATHES LPF 2023" }, "geometry": { "type": "Point", "coordinates": [ 1.972259995052748, 50.783885859696944 ] } },
{ "type": "Feature", "properties": { "commune": "NULL", "date_suivi": "17/04/2023", "geniteur": "0", "espece": "Lamproie de Planer", "layer": "SNDP AGNATHES LPF 2023" }, "geometry": { "type": "Point", "coordinates": [ 1.972286670052604, 50.783868339696923 ] } },
{ "type": "Feature", "properties": { "commune": "NULL", "date_suivi": "17/04/2023", "geniteur": "0", "espece": "Lamproie de Planer", "layer": "SNDP AGNATHES LPF 2023" }, "geometry": { "type": "Point", "coordinates": [ 1.97530540005247, 50.785735829696904 ] } },
{ "type": "Feature", "properties": { "commune": "NULL", "date_suivi": "17/04/2023", "geniteur": "0", "espece": "Lamproie de Planer", "layer": "SNDP AGNATHES LPF 2023" }, "geometry": { "type": "Point", "coordinates": [ 1.976172922552459, 50.785961659696902 ] } },
{ "type": "Feature", "properties": { "commune": "NULL", "date_suivi": "17/04/2023", "geniteur": "0", "espece": "Lamproie de Planer", "layer": "SNDP AGNATHES LPF 2023" }, "geometry": { "type": "Point", "coordinates": [ 1.976944990052364, 50.786638343030177 ] } },
{ "type": "Feature", "properties": { "commune": "NULL", "date_suivi": "17/04/2023", "geniteur": "0", "espece": "Lamproie de Planer", "layer": "SNDP AGNATHES LPF 2023" }, "geometry": { "type": "Point", "coordinates": [ 1.979653336719559, 50.78769999636377 ] } },
{ "type": "Feature", "properties": { "commune": "NULL", "date_suivi": "17/04/2023", "geniteur": "0", "espece": "Lamproie de Planer", "layer": "SNDP AGNATHES LPF 2023" }, "geometry": { "type": "Point", "coordinates": [ 1.979917134337407, 50.787562378268795 ] } },
{ "type": "Feature", "properties": { "commune": "NULL", "date_suivi": "17/04/2023", "geniteur": "0", "espece": "Lamproie de Planer", "layer": "SNDP AGNATHES LPF 2023" }, "geometry": { "type": "Point", "coordinates": [ 1.979879190052201, 50.787564149696806 ] } },
{ "type": "Feature", "properties": { "commune": "NULL", "date_suivi": "17/04/2023", "geniteur": "0", "espece": "Lamproie de Planer", "layer": "SNDP AGNATHES LPF 2023" }, "geometry": { "type": "Point", "coordinates": [ 1.979900553385558, 50.787557789696805 ] } },
{ "type": "Feature", "properties": { "commune": "NULL", "date_suivi": "17/04/2023", "geniteur": "0", "espece": "Lamproie de Planer", "layer": "SNDP AGNATHES LPF 2023" }, "geometry": { "type": "Point", "coordinates": [ 1.982050234339581, 50.789155958268516 ] } },
{ "type": "Feature", "properties": { "commune": "NULL", "date_suivi": "17/04/2023", "geniteur": "0", "espece": "Lamproie de Planer", "layer": "SNDP AGNATHES LPF 2023" }, "geometry": { "type": "Point", "coordinates": [ 1.986234430051906, 50.789908346363418 ] } },
{ "type": "Feature", "properties": { "commune": "NULL", "date_suivi": "17/04/2023", "geniteur": "0", "espece": "Lamproie de Planer", "layer": "SNDP AGNATHES LPF 2023" }, "geometry": { "type": "Point", "coordinates": [ 1.989423310051726, 50.790083883030093 ] } },
{ "type": "Feature", "properties": { "commune": "NULL", "date_suivi": "17/04/2023", "geniteur": "0", "espece": "Lamproie de Planer", "layer": "SNDP AGNATHES LPF 2023" }, "geometry": { "type": "Point", "coordinates": [ 1.990209992551847, 50.790252494696837 ] } },
{ "type": "Feature", "properties": { "commune": "NULL", "date_suivi": "17/04/2023", "geniteur": "0", "espece": "Lamproie de Planer", "layer": "SNDP AGNATHES LPF 2023" }, "geometry": { "type": "Point", "coordinates": [ 1.991616100051786, 50.790597763030192 ] } },
{ "type": "Feature", "properties": { "commune": "NULL", "date_suivi": "17/04/2023", "geniteur": "0", "espece": "Lamproie de Planer", "layer": "SNDP AGNATHES LPF 2023" }, "geometry": { "type": "Point", "coordinates": [ 1.997550837250141, 50.792880269912978 ] } },
{ "type": "Feature", "properties": { "commune": "NULL", "date_suivi": "17/04/2023", "geniteur": "0", "espece": "Lamproie de Planer", "layer": "SNDP AGNATHES LPF 2023" }, "geometry": { "type": "Point", "coordinates": [ 2.002272222244846, 50.794006665244972 ] } },
{ "type": "Feature", "properties": { "commune": "NULL", "date_suivi": "17/04/2023", "geniteur": "0", "espece": "Lamproie de Planer", "layer": "SNDP AGNATHES LPF 2023" }, "geometry": { "type": "Point", "coordinates": [ 2.002830416698134, 50.79445667236515 ] } },
{ "type": "Feature", "properties": { "commune": "NULL", "date_suivi": "17/04/2023", "geniteur": "0", "espece": "Lamproie de Planer", "layer": "SNDP AGNATHES LPF 2023" }, "geometry": { "type": "Point", "coordinates": [ 2.003548333347598, 50.794929461705721 ] } },
{ "type": "Feature", "properties": { "commune": "NULL", "date_suivi": "17/04/2023", "geniteur": "0", "espece": "Lamproie de Planer", "layer": "SNDP AGNATHES LPF 2023" }, "geometry": { "type": "Point", "coordinates": [ 2.004457500131048, 50.794981256817401 ] } },
{ "type": "Feature", "properties": { "commune": "NULL", "date_suivi": "17/04/2023", "geniteur": "0", "espece": "Lamproie de Planer", "layer": "SNDP AGNATHES LPF 2023" }, "geometry": { "type": "Point", "coordinates": [ 2.005309166561894, 50.795713329011804 ] } },
{ "type": "Feature", "properties": { "commune": "NULL", "date_suivi": "17/04/2023", "geniteur": "0", "espece": "Lamproie de Planer", "layer": "SNDP AGNATHES LPF 2023" }, "geometry": { "type": "Point", "coordinates": [ 2.006544166605784, 50.796390819246142 ] } },
{ "type": "Feature", "properties": { "commune": "NULL", "date_suivi": "17/04/2023", "geniteur": "0", "espece": "Lamproie de Planer", "layer": "SNDP AGNATHES LPF 2023" }, "geometry": { "type": "Point", "coordinates": [ 2.006601666709878, 50.79643249481385 ] } },
{ "type": "Feature", "properties": { "commune": "NULL", "date_suivi": "17/04/2023", "geniteur": "0", "espece": "Lamproie de Planer", "layer": "SNDP AGNATHES LPF 2023" }, "geometry": { "type": "Point", "coordinates": [ 2.009747916759159, 50.796641254121688 ] } },
{ "type": "Feature", "properties": { "commune": "NULL", "date_suivi": "17/04/2023", "geniteur": "0", "espece": "Lamproie de Planer", "layer": "SNDP AGNATHES LPF 2023" }, "geometry": { "type": "Point", "coordinates": [ 2.010796666694512, 50.796798515017159 ] } },
{ "type": "Feature", "properties": { "commune": "NULL", "date_suivi": "17/04/2023", "geniteur": "0", "espece": "Lamproie de Planer", "layer": "SNDP AGNATHES LPF 2023" }, "geometry": { "type": "Point", "coordinates": [ 2.012249333312981, 50.796721330975068 ] } },
{ "type": "Feature", "properties": { "commune": "NULL", "date_suivi": "17/04/2023", "geniteur": "0", "espece": "Lamproie de Planer", "layer": "SNDP AGNATHES LPF 2023" }, "geometry": { "type": "Point", "coordinates": [ 2.012165000091884, 50.796626662904721 ] } },
{ "type": "Feature", "properties": { "commune": "NULL", "date_suivi": "17/04/2023", "geniteur": "0", "espece": "Lamproie de Planer", "layer": "SNDP AGNATHES LPF 2023" }, "geometry": { "type": "Point", "coordinates": [ 2.012135555397532, 50.796606656936724 ] } },
{ "type": "Feature", "properties": { "commune": "NULL", "date_suivi": "17/04/2023", "geniteur": "0", "espece": "Lamproie de Planer", "layer": "SNDP AGNATHES LPF 2023" }, "geometry": { "type": "Point", "coordinates": [ 2.012608611137646, 50.796740838913067 ] } },
{ "type": "Feature", "properties": { "commune": "NULL", "date_suivi": "17/04/2023", "geniteur": "0", "espece": "Lamproie de Planer", "layer": "SNDP AGNATHES LPF 2023" }, "geometry": { "type": "Point", "coordinates": [ 2.013013333464071, 50.797375000544321 ] } },
{ "type": "Feature", "properties": { "commune": "NULL", "date_suivi": "17/04/2023", "geniteur": "0", "espece": "Lamproie de Planer", "layer": "SNDP AGNATHES LPF 2023" }, "geometry": { "type": "Point", "coordinates": [ 2.013737638925893, 50.797382232575025 ] } },
{ "type": "Feature", "properties": { "commune": "NULL", "date_suivi": "17/04/2023", "geniteur": "0", "espece": "Lamproie de Planer", "layer": "SNDP AGNATHES LPF 2023" }, "geometry": { "type": "Point", "coordinates": [ 2.016797222744203, 50.797224447158911 ] } },
{ "type": "Feature", "properties": { "commune": "NULL", "date_suivi": "17/04/2023", "geniteur": "0", "espece": "Lamproie de Planer", "layer": "SNDP AGNATHES LPF 2023" }, "geometry": { "type": "Point", "coordinates": [ 2.017694166849869, 50.798082494432364 ] } },
{ "type": "Feature", "properties": { "commune": "NULL", "date_suivi": "17/04/2023", "geniteur": "0", "espece": "Lamproie de Planer", "layer": "SNDP AGNATHES LPF 2023" }, "geometry": { "type": "Point", "coordinates": [ 2.018904444294428, 50.799587779271413 ] } },
{ "type": "Feature", "properties": { "commune": "NULL", "date_suivi": "17/04/2023", "geniteur": "0", "espece": "Lamproie de Planer", "layer": "SNDP AGNATHES LPF 2023" }, "geometry": { "type": "Point", "coordinates": [ 2.018907916595725, 50.799590825731187 ] } },
{ "type": "Feature", "properties": { "commune": "NULL", "date_suivi": "13/04/2026", "geniteur": "0", "espece": "Lamproie de Planer", "layer": "SNDP LPF Hem 2026" }, "geometry": { "type": "Point", "coordinates": [ 0.0, 0.0 ] } },
{ "type": "Feature", "properties": { "commune": "NULL", "date_suivi": "13/04/2026", "geniteur": "0", "espece": "Lamproie de Planer", "layer": "SNDP LPF Hem 2026" }, "geometry": { "type": "Point", "coordinates": [ 0.0, 0.0 ] } },
{ "type": "Feature", "properties": { "commune": "NULL", "date_suivi": "13/04/2026", "geniteur": "0", "espece": "Lamproie de Planer", "layer": "SNDP LPF Hem 2026" }, "geometry": { "type": "Point", "coordinates": [ 0.0, 0.0 ] } },
{ "type": "Feature", "properties": { "commune": "NULL", "date_suivi": "13/04/2026", "geniteur": "0", "espece": "Lamproie de Planer", "layer": "SNDP LPF Hem 2026" }, "geometry": { "type": "Point", "coordinates": [ 0.0, 0.0 ] } },
{ "type": "Feature", "properties": { "commune": "NULL", "date_suivi": "13/04/2026", "geniteur": "0", "espece": "Lamproie de Planer", "layer": "SNDP LPF Hem 2026" }, "geometry": { "type": "Point", "coordinates": [ 0.0, 0.0 ] } },
{ "type": "Feature", "properties": { "commune": "NULL", "date_suivi": "13/04/2026", "geniteur": "0", "espece": "Lamproie de Planer", "layer": "SNDP LPF Hem 2026" }, "geometry": { "type": "Point", "coordinates": [ 1.96375606, 50.781203583571411 ] } },
{ "type": "Feature", "properties": { "commune": "NULL", "date_suivi": "13/04/2026", "geniteur": "0", "espece": "Lamproie de Planer", "layer": "SNDP LPF Hem 2026" }, "geometry": { "type": "Point", "coordinates": [ 1.964381357142857, 50.781306214285699 ] } },
{ "type": "Feature", "properties": { "commune": "NULL", "date_suivi": "13/04/2026", "geniteur": "0", "espece": "Lamproie de Planer", "layer": "SNDP LPF Hem 2026" }, "geometry": { "type": "Point", "coordinates": [ 1.964528883, 50.781317283999975 ] } },
{ "type": "Feature", "properties": { "commune": "NULL", "date_suivi": "13/04/2026", "geniteur": "0", "espece": "Lamproie de Planer", "layer": "SNDP LPF Hem 2026" }, "geometry": { "type": "Point", "coordinates": [ 1.971270095714285, 50.783247547142849 ] } },
{ "type": "Feature", "properties": { "commune": "NULL", "date_suivi": "13/04/2026", "geniteur": "0", "espece": "Lamproie de Planer", "layer": "SNDP LPF Hem 2026" }, "geometry": { "type": "Point", "coordinates": [ 1.971286715714285, 50.783268262857135 ] } },
{ "type": "Feature", "properties": { "commune": "NULL", "date_suivi": "13/04/2026", "geniteur": "0", "espece": "Lamproie de Planer", "layer": "SNDP LPF Hem 2026" }, "geometry": { "type": "Point", "coordinates": [ 1.97530296, 50.785785937499995 ] } },
{ "type": "Feature", "properties": { "commune": "NULL", "date_suivi": "13/04/2026", "geniteur": "0", "espece": "Lamproie de Planer", "layer": "SNDP LPF Hem 2026" }, "geometry": { "type": "Point", "coordinates": [ 1.988940643750001, 50.789902851249977 ] } },
{ "type": "Feature", "properties": { "commune": "NULL", "date_suivi": "13/04/2026", "geniteur": "0", "espece": "Lamproie de Planer", "layer": "SNDP LPF Hem 2026" }, "geometry": { "type": "Point", "coordinates": [ 1.996631223333333, 50.791957221666657 ] } },
{ "type": "Feature", "properties": { "commune": "NULL", "date_suivi": "13/04/2026", "geniteur": "0", "espece": "Lamproie de Planer", "layer": "SNDP LPF Hem 2026" }, "geometry": { "type": "Point", "coordinates": [ 1.996603471666667, 50.791958695 ] } },
{ "type": "Feature", "properties": { "commune": "NULL", "date_suivi": "13/04/2026", "geniteur": "0", "espece": "Lamproie de Planer", "layer": "SNDP LPF Hem 2026" }, "geometry": { "type": "Point", "coordinates": [ 1.996965184444444, 50.792022203333318 ] } },
{ "type": "Feature", "properties": { "commune": "NULL", "date_suivi": "13/04/2026", "geniteur": "0", "espece": "Lamproie de Planer", "layer": "SNDP LPF Hem 2026" }, "geometry": { "type": "Point", "coordinates": [ 1.997772445, 50.793199361666645 ] } },
{ "type": "Feature", "properties": { "commune": "NULL", "date_suivi": "13/04/2026", "geniteur": "0", "espece": "Lamproie de Planer", "layer": "SNDP LPF Hem 2026" }, "geometry": { "type": "Point", "coordinates": [ 1.9978001675, 50.793189853749993 ] } },
{ "type": "Feature", "properties": { "commune": "NULL", "date_suivi": "13/04/2026", "geniteur": "0", "espece": "Lamproie de Planer", "layer": "SNDP LPF Hem 2026" }, "geometry": { "type": "Point", "coordinates": [ 2.004755221666666, 50.79589039 ] } },
{ "type": "Feature", "properties": { "commune": "NULL", "date_suivi": "13/04/2026", "geniteur": "0", "espece": "Lamproie de Planer", "layer": "SNDP LPF Hem 2026" }, "geometry": { "type": "Point", "coordinates": [ 2.005662475, 50.796175943333303 ] } },
{ "type": "Feature", "properties": { "commune": "NULL", "date_suivi": "13/04/2026", "geniteur": "0", "espece": "Lamproie de Planer", "layer": "SNDP LPF Hem 2026" }, "geometry": { "type": "Point", "coordinates": [ 2.009595785714285, 50.796248834285691 ] } },
{ "type": "Feature", "properties": { "commune": "NULL", "date_suivi": "13/04/2026", "geniteur": "0", "espece": "Lamproie de Planer", "layer": "SNDP LPF Hem 2026" }, "geometry": { "type": "Point", "coordinates": [ 2.01269227, 50.797123205384594 ] } },
{ "type": "Feature", "properties": { "commune": "NULL", "date_suivi": "13/04/2026", "geniteur": "0", "espece": "Lamproie de Planer", "layer": "SNDP LPF Hem 2026" }, "geometry": { "type": "Point", "coordinates": [ 2.017617308571429, 50.798048452857117 ] } },
{ "type": "Feature", "properties": { "commune": "NULL", "date_suivi": "13/04/2026", "geniteur": "0", "espece": "Lamproie de Planer", "layer": "SNDP LPF Hem 2026" }, "geometry": { "type": "Point", "coordinates": [ 2.01833898, 50.798303187499997 ] } },
{ "type": "Feature", "properties": { "commune": "NULL", "date_suivi": "13/04/2026", "geniteur": "0", "espece": "Lamproie de Planer", "layer": "SNDP LPF Hem 2026" }, "geometry": { "type": "Point", "coordinates": [ 2.0183680625, 50.798955666249988 ] } },
{ "type": "Feature", "properties": { "commune": "NULL", "date_suivi": "13/04/2026", "geniteur": "0", "espece": "Lamproie de Planer", "layer": "SNDP LPF Hem 2026" }, "geometry": { "type": "Point", "coordinates": [ 2.024193571428571, 50.799975855714258 ] } },
{ "type": "Feature", "properties": { "commune": "NULL", "date_suivi": "13/04/2026", "geniteur": "0", "espece": "Lamproie de Planer", "layer": "SNDP LPF Hem 2026" }, "geometry": { "type": "Point", "coordinates": [ 2.024923083333333, 50.800100806666656 ] } },
{ "type": "Feature", "properties": { "commune": "NULL", "date_suivi": "13/04/2026", "geniteur": "0", "espece": "Lamproie de Planer", "layer": "SNDP LPF Hem 2026" }, "geometry": { "type": "Point", "coordinates": [ 2.02491725, 50.800101002499986 ] } },
{ "type": "Feature", "properties": { "commune": "NULL", "date_suivi": "13/04/2026", "geniteur": "0", "espece": "Lamproie de Planer", "layer": "SNDP LPF Hem 2026" }, "geometry": { "type": "Point", "coordinates": [ 2.032755971666666, 50.8014031933333 ] } },
{ "type": "Feature", "properties": { "commune": "NULL", "date_suivi": "13/04/2026", "geniteur": "0", "espece": "Lamproie de Planer", "layer": "SNDP LPF Hem 2026" }, "geometry": { "type": "Point", "coordinates": [ 2.033578734, 50.801535163999972 ] } },
{ "type": "Feature", "properties": { "commune": "NULL", "date_suivi": "13/04/2026", "geniteur": "0", "espece": "Lamproie de Planer", "layer": "SNDP LPF Hem 2026" }, "geometry": { "type": "Point", "coordinates": [ 2.034962278333333, 50.802201276666636 ] } },
{ "type": "Feature", "properties": { "commune": "NULL", "date_suivi": "13/04/2026", "geniteur": "0", "espece": "Lamproie de Planer", "layer": "SNDP LPF Hem 2026" }, "geometry": { "type": "Point", "coordinates": [ 2.04005111, 50.802992195 ] } },
{ "type": "Feature", "properties": { "commune": "NULL", "date_suivi": "13/04/2026", "geniteur": "0", "espece": "Lamproie de Planer", "layer": "SNDP LPF Hem 2026" }, "geometry": { "type": "Point", "coordinates": [ 2.0400546, 50.802989299999965 ] } },
{ "type": "Feature", "properties": { "commune": "NULL", "date_suivi": "13/04/2026", "geniteur": "0", "espece": "Lamproie de Planer", "layer": "SNDP LPF Hem 2026" }, "geometry": { "type": "Point", "coordinates": [ 2.0400581, 50.802992567999972 ] } },
{ "type": "Feature", "properties": { "commune": "NULL", "date_suivi": "13/04/2026", "geniteur": "0", "espece": "Lamproie de Planer", "layer": "SNDP LPF Hem 2026" }, "geometry": { "type": "Point", "coordinates": [ 2.04039239, 50.803448886666658 ] } },
{ "type": "Feature", "properties": { "commune": "NULL", "date_suivi": "13/04/2026", "geniteur": "0", "espece": "Lamproie de Planer", "layer": "SNDP LPF Hem 2026" }, "geometry": { "type": "Point", "coordinates": [ 2.040449835, 50.8036225 ] } },
{ "type": "Feature", "properties": { "commune": "NULL", "date_suivi": "13/04/2026", "geniteur": "0", "espece": "Lamproie de Planer", "layer": "SNDP LPF Hem 2026" }, "geometry": { "type": "Point", "coordinates": [ 2.040405583333333, 50.803735028333314 ] } },
{ "type": "Feature", "properties": { "commune": "NULL", "date_suivi": "13/04/2026", "geniteur": "0", "espece": "Lamproie de Planer", "layer": "SNDP LPF Hem 2026" }, "geometry": { "type": "Point", "coordinates": [ 2.041112081666667, 50.804335501666642 ] } },
{ "type": "Feature", "properties": { "commune": "NULL", "date_suivi": "13/04/2026", "geniteur": "0", "espece": "Lamproie de Planer", "layer": "SNDP LPF Hem 2026" }, "geometry": { "type": "Point", "coordinates": [ 2.041123434, 50.804349399999985 ] } },
{ "type": "Feature", "properties": { "commune": "NULL", "date_suivi": "13/04/2026", "geniteur": "0", "espece": "Lamproie de Planer", "layer": "SNDP LPF Hem 2026" }, "geometry": { "type": "Point", "coordinates": [ 2.04113688, 50.804348 ] } },
{ "type": "Feature", "properties": { "commune": "NULL", "date_suivi": "13/04/2026", "geniteur": "0", "espece": "Lamproie de Planer", "layer": "SNDP LPF Hem 2026" }, "geometry": { "type": "Point", "coordinates": [ 2.04112611, 50.80437458333332 ] } },
{ "type": "Feature", "properties": { "commune": "NULL", "date_suivi": "13/04/2026", "geniteur": "0", "espece": "Lamproie de Planer", "layer": "SNDP LPF Hem 2026" }, "geometry": { "type": "Point", "coordinates": [ 2.0910755, 50.837481111666641 ] } },
{ "type": "Feature", "properties": { "commune": "NULL", "date_suivi": "13/04/2026", "geniteur": "0", "espece": "Lamproie de Planer", "layer": "SNDP LPF Hem 2026" }, "geometry": { "type": "Point", "coordinates": [ 2.0907405, 50.837049526666647 ] } },
{ "type": "Feature", "properties": { "commune": "NULL", "date_suivi": "13/04/2026", "geniteur": "0", "espece": "Lamproie de Planer", "layer": "SNDP LPF Hem 2026" }, "geometry": { "type": "Point", "coordinates": [ 2.090669332500001, 50.836968372499967 ] } },
{ "type": "Feature", "properties": { "commune": "NULL", "date_suivi": "13/04/2026", "geniteur": "0", "espece": "Lamproie de Planer", "layer": "SNDP LPF Hem 2026" }, "geometry": { "type": "Point", "coordinates": [ 2.090529984545454, 50.836868273636341 ] } },
{ "type": "Feature", "properties": { "commune": "NULL", "date_suivi": "13/04/2026", "geniteur": "0", "espece": "Lamproie de Planer", "layer": "SNDP LPF Hem 2026" }, "geometry": { "type": "Point", "coordinates": [ 2.090502691428571, 50.836841642857138 ] } },
{ "type": "Feature", "properties": { "commune": "NULL", "date_suivi": "13/04/2026", "geniteur": "0", "espece": "Lamproie de Planer", "layer": "SNDP LPF Hem 2026" }, "geometry": { "type": "Point", "coordinates": [ 2.09042025, 50.836756627499966 ] } },
{ "type": "Feature", "properties": { "commune": "NULL", "date_suivi": "13/04/2026", "geniteur": "0", "espece": "Lamproie de Planer", "layer": "SNDP LPF Hem 2026" }, "geometry": { "type": "Point", "coordinates": [ 2.09419824, 50.846236475714271 ] } },
{ "type": "Feature", "properties": { "commune": "NULL", "date_suivi": "13/04/2026", "geniteur": "0", "espece": "Lamproie de Planer", "layer": "SNDP LPF Hem 2026" }, "geometry": { "type": "Point", "coordinates": [ 2.095778024285714, 50.846689811428554 ] } },
{ "type": "Feature", "properties": { "commune": "NULL", "date_suivi": "13/04/2026", "geniteur": "0", "espece": "Lamproie de Planer", "layer": "SNDP LPF Hem 2026" }, "geometry": { "type": "Point", "coordinates": [ 2.096878215714286, 50.847696499999984 ] } },
{ "type": "Feature", "properties": { "commune": "NULL", "date_suivi": "13/04/2026", "geniteur": "0", "espece": "Lamproie de Planer", "layer": "SNDP LPF Hem 2026" }, "geometry": { "type": "Point", "coordinates": [ 2.097010734, 50.847828268 ] } },
{ "type": "Feature", "properties": { "commune": "NULL", "date_suivi": "13/04/2026", "geniteur": "0", "espece": "Lamproie de Planer", "layer": "SNDP LPF Hem 2026" }, "geometry": { "type": "Point", "coordinates": [ 2.097361721666666, 50.848331196666649 ] } },
{ "type": "Feature", "properties": { "commune": "NULL", "date_suivi": "14/04/2026", "geniteur": "0", "espece": "Lamproie de Planer", "layer": "SNDP LPF Hem 2026" }, "geometry": { "type": "Point", "coordinates": [ 2.060604832, 50.812860431999987 ] } },
{ "type": "Feature", "properties": { "commune": "NULL", "date_suivi": "14/04/2026", "geniteur": "0", "espece": "Lamproie de Planer", "layer": "SNDP LPF Hem 2026" }, "geometry": { "type": "Point", "coordinates": [ 2.063694021249999, 50.81689329124999 ] } },
{ "type": "Feature", "properties": { "commune": "NULL", "date_suivi": "14/04/2026", "geniteur": "0", "espece": "Lamproie de Planer", "layer": "SNDP LPF Hem 2026" }, "geometry": { "type": "Point", "coordinates": [ 2.067478358571429, 50.818153405714256 ] } },
{ "type": "Feature", "properties": { "commune": "NULL", "date_suivi": "14/04/2026", "geniteur": "0", "espece": "Lamproie de Planer", "layer": "SNDP LPF Hem 2026" }, "geometry": { "type": "Point", "coordinates": [ 2.067477594285715, 50.818150144285703 ] } },
{ "type": "Feature", "properties": { "commune": "NULL", "date_suivi": "14/04/2026", "geniteur": "0", "espece": "Lamproie de Planer", "layer": "SNDP LPF Hem 2026" }, "geometry": { "type": "Point", "coordinates": [ 2.068226547142856, 50.817789379999986 ] } },
{ "type": "Feature", "properties": { "commune": "NULL", "date_suivi": "14/04/2026", "geniteur": "0", "espece": "Lamproie de Planer", "layer": "SNDP LPF Hem 2026" }, "geometry": { "type": "Point", "coordinates": [ 2.070115402857144, 50.81810874 ] } },
{ "type": "Feature", "properties": { "commune": "NULL", "date_suivi": "14/04/2026", "geniteur": "0", "espece": "Lamproie de Planer", "layer": "SNDP LPF Hem 2026" }, "geometry": { "type": "Point", "coordinates": [ 2.074629333333334, 50.817787278333306 ] } },
{ "type": "Feature", "properties": { "commune": "NULL", "date_suivi": "14/04/2026", "geniteur": "0", "espece": "Lamproie de Planer", "layer": "SNDP LPF Hem 2026" }, "geometry": { "type": "Point", "coordinates": [ 2.074629113333334, 50.817796443333314 ] } },
{ "type": "Feature", "properties": { "commune": "NULL", "date_suivi": "14/04/2026", "geniteur": "0", "espece": "Lamproie de Planer", "layer": "SNDP LPF Hem 2026" }, "geometry": { "type": "Point", "coordinates": [ 2.075420832857143, 50.817866189999982 ] } },
{ "type": "Feature", "properties": { "commune": "NULL", "date_suivi": "14/04/2026", "geniteur": "0", "espece": "Lamproie de Planer", "layer": "SNDP LPF Hem 2026" }, "geometry": { "type": "Point", "coordinates": [ 2.076219712857143, 50.817905691428535 ] } },
{ "type": "Feature", "properties": { "commune": "NULL", "date_suivi": "14/04/2026", "geniteur": "0", "espece": "Lamproie de Planer", "layer": "SNDP LPF Hem 2026" }, "geometry": { "type": "Point", "coordinates": [ 2.076830501428572, 50.818681167142849 ] } },
{ "type": "Feature", "properties": { "commune": "NULL", "date_suivi": "14/04/2026", "geniteur": "0", "espece": "Lamproie de Planer", "layer": "SNDP LPF Hem 2026" }, "geometry": { "type": "Point", "coordinates": [ 2.076835952857143, 50.818683905714259 ] } },
{ "type": "Feature", "properties": { "commune": "NULL", "date_suivi": "14/04/2026", "geniteur": "0", "espece": "Lamproie de Planer", "layer": "SNDP LPF Hem 2026" }, "geometry": { "type": "Point", "coordinates": [ 2.078568055, 50.820556471666656 ] } },
{ "type": "Feature", "properties": { "commune": "NULL", "date_suivi": "14/04/2026", "geniteur": "0", "espece": "Lamproie de Planer", "layer": "SNDP LPF Hem 2026" }, "geometry": { "type": "Point", "coordinates": [ 2.078665946666667, 50.820676166666644 ] } },
{ "type": "Feature", "properties": { "commune": "NULL", "date_suivi": "14/04/2026", "geniteur": "0", "espece": "Lamproie de Planer", "layer": "SNDP LPF Hem 2026" }, "geometry": { "type": "Point", "coordinates": [ 2.079194595714285, 50.821243167142839 ] } },
{ "type": "Feature", "properties": { "commune": "NULL", "date_suivi": "14/04/2026", "geniteur": "0", "espece": "Lamproie de Planer", "layer": "SNDP LPF Hem 2026" }, "geometry": { "type": "Point", "coordinates": [ 2.08045411, 50.828794306666644 ] } },
{ "type": "Feature", "properties": { "commune": "NULL", "date_suivi": "14/04/2026", "geniteur": "0", "espece": "Lamproie de Planer", "layer": "SNDP LPF Hem 2026" }, "geometry": { "type": "Point", "coordinates": [ 2.081310168333333, 50.829417889999974 ] } },
{ "type": "Feature", "properties": { "commune": "NULL", "date_suivi": "2012", "geniteur": "5.0", "espece": "Lamproie de Planer", "layer": "Suivi repro LPF Hem 2012" }, "geometry": { "type": "Point", "coordinates": [ 2.082298419107102, 12.704617254456437 ] } },
{ "type": "Feature", "properties": { "commune": "NULL", "date_suivi": "2012", "geniteur": "19.0", "espece": "Lamproie de Planer", "layer": "Suivi repro LPF Hem 2012" }, "geometry": { "type": "Point", "coordinates": [ 2.082182965505734, 12.704314540933424 ] } },
{ "type": "Feature", "properties": { "commune": "NULL", "date_suivi": "2012", "geniteur": "12.0", "espece": "Lamproie de Planer", "layer": "Suivi repro LPF Hem 2012" }, "geometry": { "type": "Point", "coordinates": [ 2.082219167678774, 12.704431821823553 ] } },
{ "type": "Feature", "properties": { "commune": "NULL", "date_suivi": "2012", "geniteur": "1.0", "espece": "Lamproie de Planer", "layer": "Suivi repro LPF Hem 2012" }, "geometry": { "type": "Point", "coordinates": [ 2.082633927090425, 12.705031146056911 ] } },
{ "type": "Feature", "properties": { "commune": "NULL", "date_suivi": "2012", "geniteur": "0.0", "espece": "Lamproie de Planer", "layer": "Suivi repro LPF Hem 2012" }, "geometry": { "type": "Point", "coordinates": [ 2.08275717606698, 12.705204779095565 ] } },
{ "type": "Feature", "properties": { "commune": "NULL", "date_suivi": "2012", "geniteur": "2.0", "espece": "Lamproie de Planer", "layer": "Suivi repro LPF Hem 2012" }, "geometry": { "type": "Point", "coordinates": [ 2.082889263142156, 12.705337506406284 ] } },
{ "type": "Feature", "properties": { "commune": "NULL", "date_suivi": "2012", "geniteur": "5.0", "espece": "Lamproie de Planer", "layer": "Suivi repro LPF Hem 2012" }, "geometry": { "type": "Point", "coordinates": [ 2.082501840974396, 12.704898418689321 ] } },
{ "type": "Feature", "properties": { "commune": "NULL", "date_suivi": "2012", "geniteur": "3.0", "espece": "Lamproie de Planer", "layer": "Suivi repro LPF Hem 2012" }, "geometry": { "type": "Point", "coordinates": [ 2.082272632932458, 12.704502142581978 ] } },
{ "type": "Feature", "properties": { "commune": "NULL", "date_suivi": "2012", "geniteur": "6.0", "espece": "Lamproie de Planer", "layer": "Suivi repro LPF Hem 2012" }, "geometry": { "type": "Point", "coordinates": [ 2.082142684360622, 12.704189012363841 ] } },
{ "type": "Feature", "properties": { "commune": "NULL", "date_suivi": "2012", "geniteur": "3.0", "espece": "Lamproie de Planer", "layer": "Suivi repro LPF Hem 2012" }, "geometry": { "type": "Point", "coordinates": [ 2.082037599569722, 12.703892569016563 ] } },
{ "type": "Feature", "properties": { "commune": "NULL", "date_suivi": "2012", "geniteur": "5.0", "espece": "Lamproie de Planer", "layer": "Suivi repro LPF Hem 2012" }, "geometry": { "type": "Point", "coordinates": [ 2.081950094148866, 12.703522516297092 ] } },
{ "type": "Feature", "properties": { "commune": "NULL", "date_suivi": "2012", "geniteur": "4.0", "espece": "Lamproie de Planer", "layer": "Suivi repro LPF Hem 2012" }, "geometry": { "type": "Point", "coordinates": [ 2.081892696523511, 12.703431648090788 ] } },
{ "type": "Feature", "properties": { "commune": "NULL", "date_suivi": "2012", "geniteur": "10.0", "espece": "Lamproie de Planer", "layer": "Suivi repro LPF Hem 2012" }, "geometry": { "type": "Point", "coordinates": [ 2.081852100662543, 12.703332770560559 ] } },
{ "type": "Feature", "properties": { "commune": "NULL", "date_suivi": "2012", "geniteur": "9.0", "espece": "Lamproie de Planer", "layer": "Suivi repro LPF Hem 2012" }, "geometry": { "type": "Point", "coordinates": [ 2.081820148521883, 12.703209388292374 ] } },
{ "type": "Feature", "properties": { "commune": "NULL", "date_suivi": "2012", "geniteur": "5.0", "espece": "Lamproie de Planer", "layer": "Suivi repro LPF Hem 2012" }, "geometry": { "type": "Point", "coordinates": [ 2.081729730896831, 12.703085338618806 ] } },
{ "type": "Feature", "properties": { "commune": "NULL", "date_suivi": "2012", "geniteur": "9.0", "espece": "Lamproie de Planer", "layer": "Suivi repro LPF Hem 2012" }, "geometry": { "type": "Point", "coordinates": [ 2.081714192072588, 12.70298674741279 ] } },
{ "type": "Feature", "properties": { "commune": "NULL", "date_suivi": "2012", "geniteur": "18.0", "espece": "Lamproie de Planer", "layer": "Suivi repro LPF Hem 2012" }, "geometry": { "type": "Point", "coordinates": [ 2.081607070471999, 12.702862507114475 ] } },
{ "type": "Feature", "properties": { "commune": "NULL", "date_suivi": "2012", "geniteur": "1.0", "espece": "Lamproie de Planer", "layer": "Suivi repro LPF Hem 2012" }, "geometry": { "type": "Point", "coordinates": [ 2.081516750748654, 12.702730257567602 ] } },
{ "type": "Feature", "properties": { "commune": "NULL", "date_suivi": "2012", "geniteur": "0.0", "espece": "Lamproie de Planer", "layer": "Suivi repro LPF Hem 2012" }, "geometry": { "type": "Point", "coordinates": [ 2.081392050947161, 12.702679626589163 ] } },
{ "type": "Feature", "properties": { "commune": "NULL", "date_suivi": "2012", "geniteur": "9.0", "espece": "Lamproie de Planer", "layer": "Suivi repro LPF Hem 2012" }, "geometry": { "type": "Point", "coordinates": [ 2.081260456879038, 12.702505899955234 ] } },
{ "type": "Feature", "properties": { "commune": "NULL", "date_suivi": "2012", "geniteur": "15.0", "espece": "Lamproie de Planer", "layer": "Suivi repro LPF Hem 2012" }, "geometry": { "type": "Point", "coordinates": [ 2.081195097420252, 12.702382136691835 ] } },
{ "type": "Feature", "properties": { "commune": "NULL", "date_suivi": "2012", "geniteur": "6.0", "espece": "Lamproie de Planer", "layer": "Suivi repro LPF Hem 2012" }, "geometry": { "type": "Point", "coordinates": [ 2.081129835366653, 12.702250173530047 ] } },
{ "type": "Feature", "properties": { "commune": "NULL", "date_suivi": "2012", "geniteur": "12.0", "espece": "Lamproie de Planer", "layer": "Suivi repro LPF Hem 2012" }, "geometry": { "type": "Point", "coordinates": [ 2.081673013833244, 12.702937070368092 ] } },
{ "type": "Feature", "properties": { "commune": "NULL", "date_suivi": "2012", "geniteur": "2.0", "espece": "Lamproie de Planer", "layer": "Suivi repro LPF Hem 2012" }, "geometry": { "type": "Point", "coordinates": [ 2.081097593222449, 12.702151392085742 ] } },
{ "type": "Feature", "properties": { "commune": "NULL", "date_suivi": "2012", "geniteur": "0.0", "espece": "Lamproie de Planer", "layer": "Suivi repro LPF Hem 2012" }, "geometry": { "type": "Point", "coordinates": [ 2.081050202206259, 12.701921220454633 ] } },
{ "type": "Feature", "properties": { "commune": "NULL", "date_suivi": "2012", "geniteur": "5.0", "espece": "Lamproie de Planer", "layer": "Suivi repro LPF Hem 2012" }, "geometry": { "type": "Point", "coordinates": [ 2.081002325425089, 12.701732048977789 ] } },
{ "type": "Feature", "properties": { "commune": "NULL", "date_suivi": "2012", "geniteur": "4.0", "espece": "Lamproie de Planer", "layer": "Suivi repro LPF Hem 2012" }, "geometry": { "type": "Point", "coordinates": [ 2.080944930236247, 12.701641181545547 ] } },
{ "type": "Feature", "properties": { "commune": "NULL", "date_suivi": "2012", "geniteur": "2.0", "espece": "Lamproie de Planer", "layer": "Suivi repro LPF Hem 2012" }, "geometry": { "type": "Point", "coordinates": [ 2.080947652256202, 12.701411583551224 ] } },
{ "type": "Feature", "properties": { "commune": "NULL", "date_suivi": "2012", "geniteur": "4.0", "espece": "Lamproie de Planer", "layer": "Suivi repro LPF Hem 2012" }, "geometry": { "type": "Point", "coordinates": [ 2.079822694322464, 12.699774927636694 ] } },
{ "type": "Feature", "properties": { "commune": "NULL", "date_suivi": "2012", "geniteur": "0.0", "espece": "Lamproie de Planer", "layer": "Suivi repro LPF Hem 2012" }, "geometry": { "type": "Point", "coordinates": [ 2.079714217389568, 12.699765485492037 ] } },
{ "type": "Feature", "properties": { "commune": "NULL", "date_suivi": "2012", "geniteur": "0.0", "espece": "Lamproie de Planer", "layer": "Suivi repro LPF Hem 2012" }, "geometry": { "type": "Point", "coordinates": [ 2.079606324610138, 12.699706844428679 ] } },
{ "type": "Feature", "properties": { "commune": "NULL", "date_suivi": "2012", "geniteur": "23.0", "espece": "Lamproie de Planer", "layer": "Suivi repro LPF Hem 2012" }, "geometry": { "type": "Point", "coordinates": [ 2.079532326218959, 12.699607586677029 ] } },
{ "type": "Feature", "properties": { "commune": "NULL", "date_suivi": "2012", "geniteur": "8.0", "espece": "Lamproie de Planer", "layer": "Suivi repro LPF Hem 2012" }, "geometry": { "type": "Point", "coordinates": [ 2.079391513311132, 12.699507564140818 ] } },
{ "type": "Feature", "properties": { "commune": "NULL", "date_suivi": "2012", "geniteur": "0.0", "espece": "Lamproie de Planer", "layer": "Suivi repro LPF Hem 2012" }, "geometry": { "type": "Point", "coordinates": [ 2.079342473485513, 12.699416792970679 ] } },
{ "type": "Feature", "properties": { "commune": "NULL", "date_suivi": "2012", "geniteur": "0.0", "espece": "Lamproie de Planer", "layer": "Suivi repro LPF Hem 2012" }, "geometry": { "type": "Point", "coordinates": [ 2.079301688207059, 12.699334317223547 ] } },
{ "type": "Feature", "properties": { "commune": "NULL", "date_suivi": "2012", "geniteur": "0.0", "espece": "Lamproie de Planer", "layer": "Suivi repro LPF Hem 2012" }, "geometry": { "type": "Point", "coordinates": [ 2.079210305174114, 12.699292266603868 ] } },
{ "type": "Feature", "properties": { "commune": "NULL", "date_suivi": "2012", "geniteur": "6.0", "espece": "Lamproie de Planer", "layer": "Suivi repro LPF Hem 2012" }, "geometry": { "type": "Point", "coordinates": [ 2.079111154867663, 12.699200921715933 ] } },
{ "type": "Feature", "properties": { "commune": "NULL", "date_suivi": "2012", "geniteur": "0.0", "espece": "Lamproie de Planer", "layer": "Suivi repro LPF Hem 2012" }, "geometry": { "type": "Point", "coordinates": [ 2.079079208792041, 12.69907754290394 ] } },
{ "type": "Feature", "properties": { "commune": "NULL", "date_suivi": "2012", "geniteur": "2.0", "espece": "Lamproie de Planer", "layer": "Suivi repro LPF Hem 2012" }, "geometry": { "type": "Point", "coordinates": [ 2.078856730850788, 12.698820768556692 ] } },
{ "type": "Feature", "properties": { "commune": "NULL", "date_suivi": "2012", "geniteur": "0.0", "espece": "Lamproie de Planer", "layer": "Suivi repro LPF Hem 2012" }, "geometry": { "type": "Point", "coordinates": [ 2.078782247063252, 12.698762509510468 ] } },
{ "type": "Feature", "properties": { "commune": "NULL", "date_suivi": "2012", "geniteur": "0.0", "espece": "Lamproie de Planer", "layer": "Suivi repro LPF Hem 2012" }, "geometry": { "type": "Point", "coordinates": [ 2.0786735767699, 12.698769465494678 ] } },
{ "type": "Feature", "properties": { "commune": "NULL", "date_suivi": "2012", "geniteur": "1.0", "espece": "Lamproie de Planer", "layer": "Suivi repro LPF Hem 2012" }, "geometry": { "type": "Point", "coordinates": [ 2.078437906751576, 12.698217310336071 ] } },
{ "type": "Feature", "properties": { "commune": "NULL", "date_suivi": "2012", "geniteur": "0.0", "espece": "Lamproie de Planer", "layer": "Suivi repro LPF Hem 2012" }, "geometry": { "type": "Point", "coordinates": [ 2.078158273078508, 12.697148006535979 ] } },
{ "type": "Feature", "properties": { "commune": "NULL", "date_suivi": "2012", "geniteur": "3.0", "espece": "Lamproie de Planer", "layer": "Suivi repro LPF Hem 2012" }, "geometry": { "type": "Point", "coordinates": [ 2.078041448442693, 12.69713846662586 ] } },
{ "type": "Feature", "properties": { "commune": "NULL", "date_suivi": "2012", "geniteur": "0.0", "espece": "Lamproie de Planer", "layer": "Suivi repro LPF Hem 2012" }, "geometry": { "type": "Point", "coordinates": [ 2.077982889851191, 12.6971459960136 ] } },
{ "type": "Feature", "properties": { "commune": "NULL", "date_suivi": "2012", "geniteur": "5.0", "espece": "Lamproie de Planer", "layer": "Suivi repro LPF Hem 2012" }, "geometry": { "type": "Point", "coordinates": [ 2.078016686256943, 12.697113580586096 ] } },
{ "type": "Feature", "properties": { "commune": "NULL", "date_suivi": "2012", "geniteur": "2.0", "espece": "Lamproie de Planer", "layer": "Suivi repro LPF Hem 2012" }, "geometry": { "type": "Point", "coordinates": [ 2.07772496632007, 12.697061031390589 ] } },
{ "type": "Feature", "properties": { "commune": "NULL", "date_suivi": "2012", "geniteur": "0.0", "espece": "Lamproie de Planer", "layer": "Suivi repro LPF Hem 2012" }, "geometry": { "type": "Point", "coordinates": [ 2.07770933624434, 12.696970644297416 ] } },
{ "type": "Feature", "properties": { "commune": "NULL", "date_suivi": "2012", "geniteur": "0.0", "espece": "Lamproie de Planer", "layer": "Suivi repro LPF Hem 2012" }, "geometry": { "type": "Point", "coordinates": [ 2.077626601100452, 12.696904089778283 ] } },
{ "type": "Feature", "properties": { "commune": "NULL", "date_suivi": "2012", "geniteur": "0.0", "espece": "Lamproie de Planer", "layer": "Suivi repro LPF Hem 2012" }, "geometry": { "type": "Point", "coordinates": [ 2.077635440452891, 12.696863187638204 ] } },
{ "type": "Feature", "properties": { "commune": "NULL", "date_suivi": "2012", "geniteur": "3.0", "espece": "Lamproie de Planer", "layer": "Suivi repro LPF Hem 2012" }, "geometry": { "type": "Point", "coordinates": [ 2.07756119493248, 12.696761740843224 ] } },
{ "type": "Feature", "properties": { "commune": "NULL", "date_suivi": "2012", "geniteur": "0.0", "espece": "Lamproie de Planer", "layer": "Suivi repro LPF Hem 2012" }, "geometry": { "type": "Point", "coordinates": [ 2.077529057188016, 12.696654763233772 ] } },
{ "type": "Feature", "properties": { "commune": "NULL", "date_suivi": "2012", "geniteur": "4.0", "espece": "Lamproie de Planer", "layer": "Suivi repro LPF Hem 2012" }, "geometry": { "type": "Point", "coordinates": [ 2.077480118922943, 12.696555793675836 ] } },
{ "type": "Feature", "properties": { "commune": "NULL", "date_suivi": "2012", "geniteur": "6.0", "espece": "Lamproie de Planer", "layer": "Suivi repro LPF Hem 2012" }, "geometry": { "type": "Point", "coordinates": [ 2.077293987316319, 12.696053417978925 ] } },
{ "type": "Feature", "properties": { "commune": "NULL", "date_suivi": "2012", "geniteur": "0.0", "espece": "Lamproie de Planer", "layer": "Suivi repro LPF Hem 2012" }, "geometry": { "type": "Point", "coordinates": [ 2.077375159892115, 12.696251164872708 ] } },
{ "type": "Feature", "properties": { "commune": "NULL", "date_suivi": "2012", "geniteur": "2.0", "espece": "Lamproie de Planer", "layer": "Suivi repro LPF Hem 2012" }, "geometry": { "type": "Point", "coordinates": [ 2.077129300734811, 12.695854713037239 ] } },
{ "type": "Feature", "properties": { "commune": "NULL", "date_suivi": "2012", "geniteur": "0.0", "espece": "Lamproie de Planer", "layer": "Suivi repro LPF Hem 2012" }, "geometry": { "type": "Point", "coordinates": [ 2.077088519684701, 12.695772238787283 ] } },
{ "type": "Feature", "properties": { "commune": "NULL", "date_suivi": "2012", "geniteur": "0.0", "espece": "Lamproie de Planer", "layer": "Suivi repro LPF Hem 2012" }, "geometry": { "type": "Point", "coordinates": [ 2.076957532760829, 12.695549318881378 ] } },
{ "type": "Feature", "properties": { "commune": "NULL", "date_suivi": "2012", "geniteur": "8.0", "espece": "Lamproie de Planer", "layer": "Suivi repro LPF Hem 2012" }, "geometry": { "type": "Point", "coordinates": [ 2.076874995055196, 12.69546636547037 ] } },
{ "type": "Feature", "properties": { "commune": "NULL", "date_suivi": "2012", "geniteur": "2.0", "espece": "Lamproie de Planer", "layer": "Suivi repro LPF Hem 2012" }, "geometry": { "type": "Point", "coordinates": [ 2.076800320687942, 12.695424505284672 ] } },
{ "type": "Feature", "properties": { "commune": "NULL", "date_suivi": "2012", "geniteur": "0.0", "espece": "Lamproie de Planer", "layer": "Suivi repro LPF Hem 2012" }, "geometry": { "type": "Point", "coordinates": [ 2.077186882378958, 12.695929179473799 ] } },
{ "type": "Feature", "properties": { "commune": "NULL", "date_suivi": "2012", "geniteur": "2.0", "espece": "Lamproie de Planer", "layer": "Suivi repro LPF Hem 2012" }, "geometry": { "type": "Point", "coordinates": [ 2.076719150443923, 12.695226759268369 ] } },
{ "type": "Feature", "properties": { "commune": "NULL", "date_suivi": "2012", "geniteur": "0.0", "espece": "Lamproie de Planer", "layer": "Suivi repro LPF Hem 2012" }, "geometry": { "type": "Point", "coordinates": [ 2.076652925421873, 12.6951767954533 ] } },
{ "type": "Feature", "properties": { "commune": "NULL", "date_suivi": "2012", "geniteur": "0.0", "espece": "Lamproie de Planer", "layer": "Suivi repro LPF Hem 2012" }, "geometry": { "type": "Point", "coordinates": [ 2.076488242345613, 12.694978090752183 ] } },
{ "type": "Feature", "properties": { "commune": "NULL", "date_suivi": "2012", "geniteur": "4.0", "espece": "Lamproie de Planer", "layer": "Suivi repro LPF Hem 2012" }, "geometry": { "type": "Point", "coordinates": [ 2.076423482960885, 12.694805135317887 ] } },
{ "type": "Feature", "properties": { "commune": "NULL", "date_suivi": "2012", "geniteur": "8.0", "espece": "Lamproie de Planer", "layer": "Suivi repro LPF Hem 2012" }, "geometry": { "type": "Point", "coordinates": [ 2.07636541443004, 12.694771666218564 ] } },
{ "type": "Feature", "properties": { "commune": "NULL", "date_suivi": "2012", "geniteur": "8.0", "espece": "Lamproie de Planer", "layer": "Suivi repro LPF Hem 2012" }, "geometry": { "type": "Point", "coordinates": [ 2.076390761467933, 12.694747355672861 ] } },
{ "type": "Feature", "properties": { "commune": "NULL", "date_suivi": "2012", "geniteur": "0.0", "espece": "Lamproie de Planer", "layer": "Suivi repro LPF Hem 2012" }, "geometry": { "type": "Point", "coordinates": [ 2.076249179815539, 12.694712927348354 ] } },
{ "type": "Feature", "properties": { "commune": "NULL", "date_suivi": "2012", "geniteur": "0.0", "espece": "Lamproie de Planer", "layer": "Suivi repro LPF Hem 2012" }, "geometry": { "type": "Point", "coordinates": [ 2.076157413034017, 12.69470367268346 ] } },
{ "type": "Feature", "properties": { "commune": "NULL", "date_suivi": "2012", "geniteur": "18.0", "espece": "Lamproie de Planer", "layer": "Suivi repro LPF Hem 2012" }, "geometry": { "type": "Point", "coordinates": [ 2.075689934856995, 12.694681900078146 ] } },
{ "type": "Feature", "properties": { "commune": "NULL", "date_suivi": "2012", "geniteur": "4.0", "espece": "Lamproie de Planer", "layer": "Suivi repro LPF Hem 2012" }, "geometry": { "type": "Point", "coordinates": [ 2.075797817681037, 12.694740543767709 ] } },
{ "type": "Feature", "properties": { "commune": "NULL", "date_suivi": "2012", "geniteur": "0.0", "espece": "Lamproie de Planer", "layer": "Suivi repro LPF Hem 2012" }, "geometry": { "type": "Point", "coordinates": [ 2.076148670861928, 12.694736374447015 ] } },
{ "type": "Feature", "properties": { "commune": "NULL", "date_suivi": "2012", "geniteur": "8.0", "espece": "Lamproie de Planer", "layer": "Suivi repro LPF Hem 2012" }, "geometry": { "type": "Point", "coordinates": [ 2.07576509668165, 12.694682763901371 ] } },
{ "type": "Feature", "properties": { "commune": "NULL", "date_suivi": "2012", "geniteur": "0.0", "espece": "Lamproie de Planer", "layer": "Suivi repro LPF Hem 2012" }, "geometry": { "type": "Point", "coordinates": [ 2.075889975428368, 12.694717001143506 ] } },
{ "type": "Feature", "properties": { "commune": "NULL", "date_suivi": "2012", "geniteur": "0.0", "espece": "Lamproie de Planer", "layer": "Suivi repro LPF Hem 2012" }, "geometry": { "type": "Point", "coordinates": [ 2.075931536543885, 12.694733879800458 ] } },
{ "type": "Feature", "properties": { "commune": "NULL", "date_suivi": "06/04/2022", "geniteur": "0", "espece": "Lamproie de Planer", "layer": "SNDP_AGNATHES_HEM_2022_04_06" }, "geometry": { "type": "Point", "coordinates": [ 1.955208678053086, 50.778612340697542 ] } },
{ "type": "Feature", "properties": { "commune": "NULL", "date_suivi": "06/04/2022", "geniteur": "0", "espece": "Lamproie de Planer", "layer": "SNDP_AGNATHES_HEM_2022_04_06" }, "geometry": { "type": "Point", "coordinates": [ 1.957502326053271, 50.780174649697074 ] } },
{ "type": "Feature", "properties": { "commune": "NULL", "date_suivi": "06/04/2022", "geniteur": "0", "espece": "Lamproie de Planer", "layer": "SNDP_AGNATHES_HEM_2022_04_06" }, "geometry": { "type": "Point", "coordinates": [ 1.960092998053266, 50.780451329697044 ] } },
{ "type": "Feature", "properties": { "commune": "NULL", "date_suivi": "06/04/2022", "geniteur": "1", "espece": "Lamproie de Planer", "layer": "SNDP_AGNATHES_HEM_2022_04_06" }, "geometry": { "type": "Point", "coordinates": [ 1.96007722171967, 50.780377779697076 ] } },
{ "type": "Feature", "properties": { "commune": "NULL", "date_suivi": "06/04/2022", "geniteur": "0", "espece": "Lamproie de Planer", "layer": "SNDP_AGNATHES_HEM_2022_04_06" }, "geometry": { "type": "Point", "coordinates": [ 1.962275658053168, 50.78104133369704 ] } },
{ "type": "Feature", "properties": { "commune": "NULL", "date_suivi": "06/04/2022", "geniteur": "0", "espece": "Lamproie de Planer", "layer": "SNDP_AGNATHES_HEM_2022_04_06" }, "geometry": { "type": "Point", "coordinates": [ 1.964595846719327, 50.781301108030426 ] } },
{ "type": "Feature", "properties": { "commune": "NULL", "date_suivi": "06/04/2022", "geniteur": "0", "espece": "Lamproie de Planer", "layer": "SNDP_AGNATHES_HEM_2022_04_06" }, "geometry": { "type": "Point", "coordinates": [ 1.970087527551104, 50.782497069706082 ] } },
{ "type": "Feature", "properties": { "commune": "NULL", "date_suivi": "06/04/2022", "geniteur": "0", "espece": "Lamproie de Planer", "layer": "SNDP_AGNATHES_HEM_2022_04_06" }, "geometry": { "type": "Point", "coordinates": [ 1.970544411477237, 50.782942133985287 ] } },
{ "type": "Feature", "properties": { "commune": "NULL", "date_suivi": "06/04/2022", "geniteur": "0", "espece": "Lamproie de Planer", "layer": "SNDP_AGNATHES_HEM_2022_04_06" }, "geometry": { "type": "Point", "coordinates": [ 1.970433330053379, 50.782950419697372 ] } },
{ "type": "Feature", "properties": { "commune": "NULL", "date_suivi": "06/04/2022", "geniteur": "0", "espece": "Lamproie de Planer", "layer": "SNDP_AGNATHES_HEM_2022_04_06" }, "geometry": { "type": "Point", "coordinates": [ 1.971583990053647, 50.783282013697182 ] } },
{ "type": "Feature", "properties": { "commune": "NULL", "date_suivi": "06/04/2022", "geniteur": "0", "espece": "Lamproie de Planer", "layer": "SNDP_AGNATHES_HEM_2022_04_06" }, "geometry": { "type": "Point", "coordinates": [ 1.972499443385927, 50.783951699696985 ] } },
{ "type": "Feature", "properties": { "commune": "NULL", "date_suivi": "06/04/2022", "geniteur": "0", "espece": "Lamproie de Planer", "layer": "SNDP_AGNATHES_HEM_2022_04_06" }, "geometry": { "type": "Point", "coordinates": [ 1.972495678052632, 50.784025317696994 ] } },
{ "type": "Feature", "properties": { "commune": "NULL", "date_suivi": "06/04/2022", "geniteur": "0", "espece": "Lamproie de Planer", "layer": "SNDP_AGNATHES_HEM_2022_04_06" }, "geometry": { "type": "Point", "coordinates": [ 1.975218880052472, 50.785323333030242 ] } },
{ "type": "Feature", "properties": { "commune": "NULL", "date_suivi": "06/04/2022", "geniteur": "0", "espece": "Lamproie de Planer", "layer": "SNDP_AGNATHES_HEM_2022_04_06" }, "geometry": { "type": "Point", "coordinates": [ 1.97529800605251, 50.785775997696895 ] } },
{ "type": "Feature", "properties": { "commune": "NULL", "date_suivi": "06/04/2022", "geniteur": "0", "espece": "Lamproie de Planer", "layer": "SNDP_AGNATHES_HEM_2022_04_06" }, "geometry": { "type": "Point", "coordinates": [ 1.975647988052492, 50.785879327696897 ] } },
{ "type": "Feature", "properties": { "commune": "NULL", "date_suivi": "06/04/2022", "geniteur": "0", "espece": "Lamproie de Planer", "layer": "SNDP_AGNATHES_HEM_2022_04_06" }, "geometry": { "type": "Point", "coordinates": [ 1.977276673385718, 50.786698339696855 ] } },
{ "type": "Feature", "properties": { "commune": "NULL", "date_suivi": "06/04/2022", "geniteur": "0", "espece": "Lamproie de Planer", "layer": "SNDP_AGNATHES_HEM_2022_04_06" }, "geometry": { "type": "Point", "coordinates": [ 1.979966891480708, 50.787571181125422 ] } },
{ "type": "Feature", "properties": { "commune": "NULL", "date_suivi": "06/04/2022", "geniteur": "0", "espece": "Lamproie de Planer", "layer": "SNDP_AGNATHES_HEM_2022_04_06" }, "geometry": { "type": "Point", "coordinates": [ 1.980152085052201, 50.787648329696843 ] } },
{ "type": "Feature", "properties": { "commune": "NULL", "date_suivi": "06/04/2022", "geniteur": "0", "espece": "Lamproie de Planer", "layer": "SNDP_AGNATHES_HEM_2022_04_06" }, "geometry": { "type": "Point", "coordinates": [ 1.985214973385292, 50.789974426363486 ] } },
{ "type": "Feature", "properties": { "commune": "NULL", "date_suivi": "06/04/2022", "geniteur": "0", "espece": "Lamproie de Planer", "layer": "SNDP_AGNATHES_HEM_2022_04_06" }, "geometry": { "type": "Point", "coordinates": [ 1.989459990051726, 50.790028319696766 ] } },
{ "type": "Feature", "properties": { "commune": "NULL", "date_suivi": "06/04/2022", "geniteur": "0", "espece": "Lamproie de Planer", "layer": "SNDP_AGNATHES_HEM_2022_04_06" }, "geometry": { "type": "Point", "coordinates": [ 1.990222783385055, 50.790214983030083 ] } },
{ "type": "Feature", "properties": { "commune": "NULL", "date_suivi": "06/04/2022", "geniteur": "0", "espece": "Lamproie de Planer", "layer": "SNDP_AGNATHES_HEM_2022_04_06" }, "geometry": { "type": "Point", "coordinates": [ 1.991331012051612, 50.790793689696734 ] } },
{ "type": "Feature", "properties": { "commune": "NULL", "date_suivi": "06/04/2018", "geniteur": "0", "espece": "Lamproie de Planer", "layer": "SNDP_Agnathes_Hem_2018" }, "geometry": { "type": "Point", "coordinates": [ 2.00585345788617, 12.638940287264139 ] } },
{ "type": "Feature", "properties": { "commune": "NULL", "date_suivi": "06/04/2018", "geniteur": "1", "espece": "Lamproie de Planer", "layer": "SNDP_Agnathes_Hem_2018" }, "geometry": { "type": "Point", "coordinates": [ 2.005962638662488, 12.6388622587646 ] } },
{ "type": "Feature", "properties": { "commune": "NULL", "date_suivi": "06/04/2018", "geniteur": "1", "espece": "Lamproie de Planer", "layer": "SNDP_Agnathes_Hem_2018" }, "geometry": { "type": "Point", "coordinates": [ 2.006338164669456, 12.638984945055178 ] } },
{ "type": "Feature", "properties": { "commune": "NULL", "date_suivi": "06/04/2018", "geniteur": "0", "espece": "Lamproie de Planer", "layer": "SNDP_Agnathes_Hem_2018" }, "geometry": { "type": "Point", "coordinates": [ 2.006967803171166, 12.639174838905777 ] } },
{ "type": "Feature", "properties": { "commune": "NULL", "date_suivi": "06/04/2018", "geniteur": "0", "espece": "Lamproie de Planer", "layer": "SNDP_Agnathes_Hem_2018" }, "geometry": { "type": "Point", "coordinates": [ 2.007740159532634, 12.639826571835387 ] } },
{ "type": "Feature", "properties": { "commune": "NULL", "date_suivi": "06/04/2018", "geniteur": "0", "espece": "Lamproie de Planer", "layer": "SNDP_Agnathes_Hem_2018" }, "geometry": { "type": "Point", "coordinates": [ 2.008237823734117, 12.640429829091588 ] } },
{ "type": "Feature", "properties": { "commune": "NULL", "date_suivi": "06/04/2018", "geniteur": "0", "espece": "Lamproie de Planer", "layer": "SNDP_Agnathes_Hem_2018" }, "geometry": { "type": "Point", "coordinates": [ 2.008989181794119, 12.640860194975335 ] } },
{ "type": "Feature", "properties": { "commune": "NULL", "date_suivi": "06/04/2018", "geniteur": "0", "espece": "Lamproie de Planer", "layer": "SNDP_Agnathes_Hem_2018" }, "geometry": { "type": "Point", "coordinates": [ 2.009305827664496, 12.641218839185315 ] } },
{ "type": "Feature", "properties": { "commune": "NULL", "date_suivi": "06/04/2018", "geniteur": "0", "espece": "Lamproie de Planer", "layer": "SNDP_Agnathes_Hem_2018" }, "geometry": { "type": "Point", "coordinates": [ 2.009290395238766, 12.641183156679892 ] } },
{ "type": "Feature", "properties": { "commune": "NULL", "date_suivi": "06/04/2018", "geniteur": "0", "espece": "Lamproie de Planer", "layer": "SNDP_Agnathes_Hem_2018" }, "geometry": { "type": "Point", "coordinates": [ 2.009657703670017, 12.641861437088409 ] } },
{ "type": "Feature", "properties": { "commune": "NULL", "date_suivi": "06/04/2018", "geniteur": "1", "espece": "Lamproie de Planer", "layer": "SNDP_Agnathes_Hem_2018" }, "geometry": { "type": "Point", "coordinates": [ 2.0101532115089, 12.642256339705693 ] } },
{ "type": "Feature", "properties": { "commune": "NULL", "date_suivi": "06/04/2018", "geniteur": "2", "espece": "Lamproie de Planer", "layer": "SNDP_Agnathes_Hem_2018" }, "geometry": { "type": "Point", "coordinates": [ 2.010646664604034, 12.642600460999486 ] } },
{ "type": "Feature", "properties": { "commune": "NULL", "date_suivi": "06/04/2018", "geniteur": "0", "espece": "Lamproie de Planer", "layer": "SNDP_Agnathes_Hem_2018" }, "geometry": { "type": "Point", "coordinates": [ 2.010770774863994, 12.64268873923977 ] } },
{ "type": "Feature", "properties": { "commune": "NULL", "date_suivi": "06/04/2018", "geniteur": "1", "espece": "Lamproie de Planer", "layer": "SNDP_Agnathes_Hem_2018" }, "geometry": { "type": "Point", "coordinates": [ 2.012007568541775, 12.643187426104483 ] } },
{ "type": "Feature", "properties": { "commune": "NULL", "date_suivi": "06/04/2018", "geniteur": "0", "espece": "Lamproie de Planer", "layer": "SNDP_Agnathes_Hem_2018" }, "geometry": { "type": "Point", "coordinates": [ 2.01275068090742, 12.643702137134643 ] } },
{ "type": "Feature", "properties": { "commune": "NULL", "date_suivi": "06/04/2018", "geniteur": "0", "espece": "Lamproie de Planer", "layer": "SNDP_Agnathes_Hem_2018" }, "geometry": { "type": "Point", "coordinates": [ 2.013525270029347, 12.644425475837711 ] } },
{ "type": "Feature", "properties": { "commune": "NULL", "date_suivi": "06/04/2018", "geniteur": "0", "espece": "Lamproie de Planer", "layer": "SNDP_Agnathes_Hem_2018" }, "geometry": { "type": "Point", "coordinates": [ 2.01459360065442, 12.644977763815056 ] } },
{ "type": "Feature", "properties": { "commune": "NULL", "date_suivi": "06/04/2018", "geniteur": "0", "espece": "Lamproie de Planer", "layer": "SNDP_Agnathes_Hem_2018" }, "geometry": { "type": "Point", "coordinates": [ 2.016829443700292, 12.645247132121764 ] } },
{ "type": "Feature", "properties": { "commune": "NULL", "date_suivi": "06/04/2018", "geniteur": "0", "espece": "Lamproie de Planer", "layer": "SNDP_Agnathes_Hem_2018" }, "geometry": { "type": "Point", "coordinates": [ 2.016972510500076, 12.645411063267208 ] } },
{ "type": "Feature", "properties": { "commune": "NULL", "date_suivi": "06/04/2018", "geniteur": "2", "espece": "Lamproie de Planer", "layer": "SNDP_Agnathes_Hem_2018" }, "geometry": { "type": "Point", "coordinates": [ 2.017654368955458, 12.645576840382549 ] } },
{ "type": "Feature", "properties": { "commune": "NULL", "date_suivi": "06/04/2018", "geniteur": "0", "espece": "Lamproie de Planer", "layer": "SNDP_Agnathes_Hem_2018" }, "geometry": { "type": "Point", "coordinates": [ 2.018215233507094, 12.646024588530217 ] } },
{ "type": "Feature", "properties": { "commune": "NULL", "date_suivi": "06/04/2018", "geniteur": "0", "espece": "Lamproie de Planer", "layer": "SNDP_Agnathes_Hem_2018" }, "geometry": { "type": "Point", "coordinates": [ 2.018956945812319, 12.646424631206505 ] } },
{ "type": "Feature", "properties": { "commune": "NULL", "date_suivi": "06/04/2018", "geniteur": "0", "espece": "Lamproie de Planer", "layer": "SNDP_Agnathes_Hem_2018" }, "geometry": { "type": "Point", "coordinates": [ 2.01896122664646, 12.646429822716158 ] } },
{ "type": "Feature", "properties": { "commune": "NULL", "date_suivi": "06/04/2018", "geniteur": "0", "espece": "Lamproie de Planer", "layer": "SNDP_Agnathes_Hem_2018" }, "geometry": { "type": "Point", "coordinates": [ 2.019108450776869, 12.646789710263095 ] } },
{ "type": "Feature", "properties": { "commune": "NULL", "date_suivi": "06/04/2018", "geniteur": "0", "espece": "Lamproie de Planer", "layer": "SNDP_Agnathes_Hem_2018" }, "geometry": { "type": "Point", "coordinates": [ 2.019696970012924, 12.647138677253285 ] } },
{ "type": "Feature", "properties": { "commune": "NULL", "date_suivi": "06/04/2018", "geniteur": "0", "espece": "Lamproie de Planer", "layer": "SNDP_Agnathes_Hem_2018" }, "geometry": { "type": "Point", "coordinates": [ 2.019866428845044, 12.647113448744046 ] } },
{ "type": "Feature", "properties": { "commune": "NULL", "date_suivi": "06/04/2018", "geniteur": "3", "espece": "Lamproie de Planer", "layer": "SNDP_Agnathes_Hem_2018" }, "geometry": { "type": "Point", "coordinates": [ 2.021370849294924, 12.647231787351041 ] } },
{ "type": "Feature", "properties": { "commune": "NULL", "date_suivi": "06/04/2018", "geniteur": "1", "espece": "Lamproie de Planer", "layer": "SNDP_Agnathes_Hem_2018" }, "geometry": { "type": "Point", "coordinates": [ 2.021809047858318, 12.647333904723078 ] } },
{ "type": "Feature", "properties": { "commune": "NULL", "date_suivi": "06/04/2018", "geniteur": "0", "espece": "Lamproie de Planer", "layer": "SNDP_Agnathes_Hem_2018" }, "geometry": { "type": "Point", "coordinates": [ 2.022104899835504, 12.648094768660625 ] } },
{ "type": "Feature", "properties": { "commune": "NULL", "date_suivi": "06/04/2018", "geniteur": "0", "espece": "Lamproie de Planer", "layer": "SNDP_Agnathes_Hem_2018" }, "geometry": { "type": "Point", "coordinates": [ 2.022109312915329, 12.648103998428487 ] } },
{ "type": "Feature", "properties": { "commune": "NULL", "date_suivi": "06/04/2018", "geniteur": "4", "espece": "Lamproie de Planer", "layer": "SNDP_Agnathes_Hem_2018" }, "geometry": { "type": "Point", "coordinates": [ 2.024955294472113, 12.649175318515944 ] } },
{ "type": "Feature", "properties": { "commune": "NULL", "date_suivi": "06/04/2018", "geniteur": "2", "espece": "Lamproie de Planer", "layer": "SNDP_Agnathes_Hem_2018" }, "geometry": { "type": "Point", "coordinates": [ 2.025015566174228, 12.649150246327197 ] } },
{ "type": "Feature", "properties": { "commune": "NULL", "date_suivi": "06/04/2018", "geniteur": "1", "espece": "Lamproie de Planer", "layer": "SNDP_Agnathes_Hem_2018" }, "geometry": { "type": "Point", "coordinates": [ 2.025263893174041, 12.649775962692933 ] } },
{ "type": "Feature", "properties": { "commune": "NULL", "date_suivi": "06/04/2018", "geniteur": "3", "espece": "Lamproie de Planer", "layer": "SNDP_Agnathes_Hem_2018" }, "geometry": { "type": "Point", "coordinates": [ 2.026137724177481, 12.650434583885744 ] } },
{ "type": "Feature", "properties": { "commune": "NULL", "date_suivi": "06/04/2018", "geniteur": "1", "espece": "Lamproie de Planer", "layer": "SNDP_Agnathes_Hem_2018" }, "geometry": { "type": "Point", "coordinates": [ 2.026166700212693, 12.65061794511467 ] } },
{ "type": "Feature", "properties": { "commune": "NULL", "date_suivi": "06/04/2018", "geniteur": "0", "espece": "Lamproie de Planer", "layer": "SNDP_Agnathes_Hem_2018" }, "geometry": { "type": "Point", "coordinates": [ 2.026396533160437, 12.651003161311458 ] } },
{ "type": "Feature", "properties": { "commune": "NULL", "date_suivi": "06/04/2018", "geniteur": "0", "espece": "Lamproie de Planer", "layer": "SNDP_Agnathes_Hem_2018" }, "geometry": { "type": "Point", "coordinates": [ 2.02743112238686, 12.650941999802971 ] } },
{ "type": "Feature", "properties": { "commune": "NULL", "date_suivi": "06/04/2018", "geniteur": "0", "espece": "Lamproie de Planer", "layer": "SNDP_Agnathes_Hem_2018" }, "geometry": { "type": "Point", "coordinates": [ 2.028304329376521, 12.650879543765354 ] } },
{ "type": "Feature", "properties": { "commune": "NULL", "date_suivi": "06/04/2018", "geniteur": "0", "espece": "Lamproie de Planer", "layer": "SNDP_Agnathes_Hem_2018" }, "geometry": { "type": "Point", "coordinates": [ 2.029201951809832, 12.651180593556887 ] } },
{ "type": "Feature", "properties": { "commune": "NULL", "date_suivi": "06/04/2018", "geniteur": "0", "espece": "Lamproie de Planer", "layer": "SNDP_Agnathes_Hem_2018" }, "geometry": { "type": "Point", "coordinates": [ 2.030255711500315, 12.65128968885751 ] } },
{ "type": "Feature", "properties": { "commune": "NULL", "date_suivi": "06/04/2018", "geniteur": "0", "espece": "Lamproie de Planer", "layer": "SNDP_Agnathes_Hem_2018" }, "geometry": { "type": "Point", "coordinates": [ 2.030566372940304, 12.651743464479187 ] } },
{ "type": "Feature", "properties": { "commune": "NULL", "date_suivi": "06/04/2018", "geniteur": "0", "espece": "Lamproie de Planer", "layer": "SNDP_Agnathes_Hem_2018" }, "geometry": { "type": "Point", "coordinates": [ 2.031072702465168, 12.651893721348497 ] } },
{ "type": "Feature", "properties": { "commune": "NULL", "date_suivi": "06/04/2018", "geniteur": "0", "espece": "Lamproie de Planer", "layer": "SNDP_Agnathes_Hem_2018" }, "geometry": { "type": "Point", "coordinates": [ 2.032650970186114, 12.651675405069097 ] } },
{ "type": "Feature", "properties": { "commune": "NULL", "date_suivi": "06/04/2018", "geniteur": "0", "espece": "Lamproie de Planer", "layer": "SNDP_Agnathes_Hem_2018" }, "geometry": { "type": "Point", "coordinates": [ 2.03296084984304, 12.652190671610891 ] } },
{ "type": "Feature", "properties": { "commune": "NULL", "date_suivi": "06/04/2018", "geniteur": "0", "espece": "Lamproie de Planer", "layer": "SNDP_Agnathes_Hem_2018" }, "geometry": { "type": "Point", "coordinates": [ 2.034828281522884, 12.654085972363804 ] } },
{ "type": "Feature", "properties": { "commune": "NULL", "date_suivi": "06/04/2018", "geniteur": "0", "espece": "Lamproie de Planer", "layer": "SNDP_Agnathes_Hem_2018" }, "geometry": { "type": "Point", "coordinates": [ 2.034951976967665, 12.654159032186126 ] } },
{ "type": "Feature", "properties": { "commune": "NULL", "date_suivi": "06/04/2018", "geniteur": "0", "espece": "Lamproie de Planer", "layer": "SNDP_Agnathes_Hem_2018" }, "geometry": { "type": "Point", "coordinates": [ 2.035404644514115, 12.654454203448033 ] } },
{ "type": "Feature", "properties": { "commune": "NULL", "date_suivi": "06/04/2018", "geniteur": "0", "espece": "Lamproie de Planer", "layer": "SNDP_Agnathes_Hem_2018" }, "geometry": { "type": "Point", "coordinates": [ 2.035913524473576, 12.654713078624267 ] } },
{ "type": "Feature", "properties": { "commune": "NULL", "date_suivi": "06/04/2018", "geniteur": "0", "espece": "Lamproie de Planer", "layer": "SNDP_Agnathes_Hem_2018" }, "geometry": { "type": "Point", "coordinates": [ 2.03606859595475, 12.654749031401353 ] } },
{ "type": "Feature", "properties": { "commune": "NULL", "date_suivi": "06/04/2018", "geniteur": "0", "espece": "Lamproie de Planer", "layer": "SNDP_Agnathes_Hem_2018" }, "geometry": { "type": "Point", "coordinates": [ 2.03687776988505, 12.654240158277277 ] } },
{ "type": "Feature", "properties": { "commune": "NULL", "date_suivi": "06/04/2018", "geniteur": "0", "espece": "Lamproie de Planer", "layer": "SNDP_Agnathes_Hem_2018" }, "geometry": { "type": "Point", "coordinates": [ 2.037648854195371, 12.654425353516121 ] } },
{ "type": "Feature", "properties": { "commune": "NULL", "date_suivi": "06/04/2018", "geniteur": "0", "espece": "Lamproie de Planer", "layer": "SNDP_Agnathes_Hem_2018" }, "geometry": { "type": "Point", "coordinates": [ 2.037651172995437, 12.654115023466193 ] } },
{ "type": "Feature", "properties": { "commune": "NULL", "date_suivi": "06/04/2018", "geniteur": "0", "espece": "Lamproie de Planer", "layer": "SNDP_Agnathes_Hem_2018" }, "geometry": { "type": "Point", "coordinates": [ 2.039448892985941, 12.654678035882071 ] } },
{ "type": "Feature", "properties": { "commune": "NULL", "date_suivi": "06/04/2018", "geniteur": "0", "espece": "Lamproie de Planer", "layer": "SNDP_Agnathes_Hem_2018" }, "geometry": { "type": "Point", "coordinates": [ 2.041798630551215, 12.655491011894014 ] } },
{ "type": "Feature", "properties": { "commune": "NULL", "date_suivi": "06/04/2018", "geniteur": "0", "espece": "Lamproie de Planer", "layer": "SNDP_Agnathes_Hem_2018" }, "geometry": { "type": "Point", "coordinates": [ 2.042221638361943, 12.655666420534644 ] } },
{ "type": "Feature", "properties": { "commune": "NULL", "date_suivi": "06/04/2018", "geniteur": "0", "espece": "Lamproie de Planer", "layer": "SNDP_Agnathes_Hem_2018" }, "geometry": { "type": "Point", "coordinates": [ 2.043459852451169, 12.656511318836092 ] } },
{ "type": "Feature", "properties": { "commune": "NULL", "date_suivi": "06/04/2018", "geniteur": "0", "espece": "Lamproie de Planer", "layer": "SNDP_Agnathes_Hem_2018" }, "geometry": { "type": "Point", "coordinates": [ 2.044042003089388, 12.656721181920894 ] } },
{ "type": "Feature", "properties": { "commune": "NULL", "date_suivi": "06/04/2018", "geniteur": "0", "espece": "Lamproie de Planer", "layer": "SNDP_Agnathes_Hem_2018" }, "geometry": { "type": "Point", "coordinates": [ 2.044182401222062, 12.656791674123193 ] } },
{ "type": "Feature", "properties": { "commune": "NULL", "date_suivi": "06/04/2018", "geniteur": "3", "espece": "Lamproie de Planer", "layer": "SNDP_Agnathes_Hem_2018" }, "geometry": { "type": "Point", "coordinates": [ 2.044211974765615, 12.65680585102205 ] } },
{ "type": "Feature", "properties": { "commune": "NULL", "date_suivi": "06/04/2018", "geniteur": "0", "espece": "Lamproie de Planer", "layer": "SNDP_Agnathes_Hem_2018" }, "geometry": { "type": "Point", "coordinates": [ 2.044306266048331, 12.656831940901812 ] } },
{ "type": "Feature", "properties": { "commune": "NULL", "date_suivi": "06/04/2018", "geniteur": "0", "espece": "Lamproie de Planer", "layer": "SNDP_Agnathes_Hem_2018" }, "geometry": { "type": "Point", "coordinates": [ 2.044890720199263, 12.656859734900975 ] } },
{ "type": "Feature", "properties": { "commune": "NULL", "date_suivi": "06/04/2018", "geniteur": "0", "espece": "Lamproie de Planer", "layer": "SNDP_Agnathes_Hem_2018" }, "geometry": { "type": "Point", "coordinates": [ 2.045717551154939, 12.656775148118331 ] } },
{ "type": "Feature", "properties": { "commune": "NULL", "date_suivi": "06/04/2018", "geniteur": "0", "espece": "Lamproie de Planer", "layer": "SNDP_Agnathes_Hem_2018" }, "geometry": { "type": "Point", "coordinates": [ 2.046657356834402, 12.658468576201169 ] } },
{ "type": "Feature", "properties": { "commune": "NULL", "date_suivi": "06/04/2018", "geniteur": "12", "espece": "Lamproie de Planer", "layer": "SNDP_Agnathes_Hem_2018" }, "geometry": { "type": "Point", "coordinates": [ 2.050870754022807, 12.662270450094026 ] } },
{ "type": "Feature", "properties": { "commune": "NULL", "date_suivi": "06/04/2018", "geniteur": "10", "espece": "Lamproie de Planer", "layer": "SNDP_Agnathes_Hem_2018" }, "geometry": { "type": "Point", "coordinates": [ 2.050909750725999, 12.662289461682422 ] } },
{ "type": "Feature", "properties": { "commune": "NULL", "date_suivi": "06/04/2018", "geniteur": "3", "espece": "Lamproie de Planer", "layer": "SNDP_Agnathes_Hem_2018" }, "geometry": { "type": "Point", "coordinates": [ 2.050905663197327, 12.662249732778351 ] } },
{ "type": "Feature", "properties": { "commune": "NULL", "date_suivi": "06/04/2018", "geniteur": "1", "espece": "Lamproie de Planer", "layer": "SNDP_Agnathes_Hem_2018" }, "geometry": { "type": "Point", "coordinates": [ 2.051177741757157, 12.661935689844555 ] } },
{ "type": "Feature", "properties": { "commune": "NULL", "date_suivi": "06/04/2018", "geniteur": "0", "espece": "Lamproie de Planer", "layer": "SNDP_Agnathes_Hem_2018" }, "geometry": { "type": "Point", "coordinates": [ 2.052209774046838, 12.661953026549973 ] } },
{ "type": "Feature", "properties": { "commune": "NULL", "date_suivi": "06/04/2018", "geniteur": "0", "espece": "Lamproie de Planer", "layer": "SNDP_Agnathes_Hem_2018" }, "geometry": { "type": "Point", "coordinates": [ 2.052367102180602, 12.662207641289207 ] } },
{ "type": "Feature", "properties": { "commune": "NULL", "date_suivi": "06/04/2018", "geniteur": "0", "espece": "Lamproie de Planer", "layer": "SNDP_Agnathes_Hem_2018" }, "geometry": { "type": "Point", "coordinates": [ 2.053308089769448, 12.662695048196305 ] } },
{ "type": "Feature", "properties": { "commune": "NULL", "date_suivi": "06/04/2018", "geniteur": "0", "espece": "Lamproie de Planer", "layer": "SNDP_Agnathes_Hem_2018" }, "geometry": { "type": "Point", "coordinates": [ 2.054241877237882, 12.66320910911822 ] } },
{ "type": "Feature", "properties": { "commune": "NULL", "date_suivi": "06/04/2018", "geniteur": "0", "espece": "Lamproie de Planer", "layer": "SNDP_Agnathes_Hem_2018" }, "geometry": { "type": "Point", "coordinates": [ 2.054694800549699, 12.663369441268218 ] } },
{ "type": "Feature", "properties": { "commune": "NULL", "date_suivi": "06/04/2018", "geniteur": "2", "espece": "Lamproie de Planer", "layer": "SNDP_Agnathes_Hem_2018" }, "geometry": { "type": "Point", "coordinates": [ 2.055251553161593, 12.663627729895818 ] } },
{ "type": "Feature", "properties": { "commune": "NULL", "date_suivi": "06/04/2018", "geniteur": "0", "espece": "Lamproie de Planer", "layer": "SNDP_Agnathes_Hem_2018" }, "geometry": { "type": "Point", "coordinates": [ 2.055438169096728, 12.663679054627343 ] } },
{ "type": "Feature", "properties": { "commune": "NULL", "date_suivi": "06/04/2018", "geniteur": "0", "espece": "Lamproie de Planer", "layer": "SNDP_Agnathes_Hem_2018" }, "geometry": { "type": "Point", "coordinates": [ 2.056288842728859, 12.664037616344338 ] } },
{ "type": "Feature", "properties": { "commune": "NULL", "date_suivi": "06/04/2018", "geniteur": "0", "espece": "Lamproie de Planer", "layer": "SNDP_Agnathes_Hem_2018" }, "geometry": { "type": "Point", "coordinates": [ 2.056565036610032, 12.664485121740649 ] } },
{ "type": "Feature", "properties": { "commune": "NULL", "date_suivi": "06/04/2018", "geniteur": "3", "espece": "Lamproie de Planer", "layer": "SNDP_Agnathes_Hem_2018" }, "geometry": { "type": "Point", "coordinates": [ 2.056582905538471, 12.66460298008171 ] } },
{ "type": "Feature", "properties": { "commune": "NULL", "date_suivi": "19/06/2018", "geniteur": "0", "espece": "Lamproie de Planer", "layer": "SNDP_Agnathes_Hem_2018" }, "geometry": { "type": "Point", "coordinates": [ 2.019056153200797, 12.64666605390002 ] } },
{ "type": "Feature", "properties": { "commune": "NULL", "date_suivi": "19/06/2018", "geniteur": "0", "espece": "Lamproie de Planer", "layer": "SNDP_Agnathes_Hem_2018" }, "geometry": { "type": "Point", "coordinates": [ 2.04643426199886, 12.657810226730817 ] } },
{ "type": "Feature", "properties": { "commune": "NULL", "date_suivi": "20/06/2018", "geniteur": "1", "espece": "Lamproie de Planer", "layer": "SNDP_Agnathes_Hem_2018" }, "geometry": { "type": "Point", "coordinates": [ 2.074195427388952, 12.686594824303524 ] } },
{ "type": "Feature", "properties": { "commune": "NULL", "date_suivi": "20/06/2018", "geniteur": "0", "espece": "Lamproie de Planer", "layer": "SNDP_Agnathes_Hem_2018" }, "geometry": { "type": "Point", "coordinates": [ 2.074209082342708, 12.686602049502456 ] } },
{ "type": "Feature", "properties": { "commune": "NULL", "date_suivi": "12/04/2021", "geniteur": "0", "espece": "Lamproie de Planer", "layer": "SNDP_AGNATHES_HEM_2021_04_13" }, "geometry": { "type": "Point", "coordinates": [ 1.967825427550261, 50.782082097197843 ] } },
{ "type": "Feature", "properties": { "commune": "NULL", "date_suivi": "13/04/2021", "geniteur": "0", "espece": "LPP", "layer": "SNDP_AGNATHES_HEM_2021_04_13" }, "geometry": { "type": "Point", "coordinates": [ 1.968275841305972, 50.782161259697652 ] } },
{ "type": "Feature", "properties": { "commune": "NULL", "date_suivi": "12/04/2021", "geniteur": "0", "espece": "Lamproie de Planer", "layer": "SNDP_AGNATHES_HEM_2021_04_13" }, "geometry": { "type": "Point", "coordinates": [ 1.968260812552215, 50.782200002197534 ] } },
{ "type": "Feature", "properties": { "commune": "NULL", "date_suivi": "12/04/2021", "geniteur": "0", "espece": "Lamproie de Planer", "layer": "SNDP_AGNATHES_HEM_2021_04_13" }, "geometry": { "type": "Point", "coordinates": [ 1.968624000052561, 50.782203991697038 ] } },
{ "type": "Feature", "properties": { "commune": "NULL", "date_suivi": "12/04/2021", "geniteur": "0", "espece": "Lamproie de Planer", "layer": "SNDP_AGNATHES_HEM_2021_04_13" }, "geometry": { "type": "Point", "coordinates": [ 1.970680352053775, 50.782527657697493 ] } },
{ "type": "Feature", "properties": { "commune": "NULL", "date_suivi": "12/04/2021", "geniteur": "0", "espece": "Lamproie de Planer", "layer": "SNDP_AGNATHES_HEM_2021_04_13" }, "geometry": { "type": "Point", "coordinates": [ 1.970684705503953, 50.782818475152993 ] } },
{ "type": "Feature", "properties": { "commune": "NULL", "date_suivi": "12/04/2021", "geniteur": "0", "espece": "Lamproie de Planer", "layer": "SNDP_AGNATHES_HEM_2021_04_13" }, "geometry": { "type": "Point", "coordinates": [ 1.971571666719343, 50.783331956363639 ] } },
{ "type": "Feature", "properties": { "commune": "NULL", "date_suivi": "12/04/2021", "geniteur": "0", "espece": "Lamproie de Planer", "layer": "SNDP_AGNATHES_HEM_2021_04_13" }, "geometry": { "type": "Point", "coordinates": [ 1.972541680052591, 50.783900009696914 ] } },
{ "type": "Feature", "properties": { "commune": "NULL", "date_suivi": "12/04/2021", "geniteur": "0", "espece": "Lamproie de Planer", "layer": "SNDP_AGNATHES_HEM_2021_04_13" }, "geometry": { "type": "Point", "coordinates": [ 1.974118360052511, 50.784553339696913 ] } },
{ "type": "Feature", "properties": { "commune": "NULL", "date_suivi": "12/04/2021", "geniteur": "0", "espece": "Lamproie de Planer", "layer": "SNDP_AGNATHES_HEM_2021_04_13" }, "geometry": { "type": "Point", "coordinates": [ 1.974130910951234, 50.784560151065691 ] } },
{ "type": "Feature", "properties": { "commune": "NULL", "date_suivi": "12/04/2021", "geniteur": "0", "espece": "Lamproie de Planer", "layer": "SNDP_AGNATHES_HEM_2021_04_13" }, "geometry": { "type": "Point", "coordinates": [ 1.975246680052454, 50.785258359696904 ] } },
{ "type": "Feature", "properties": { "commune": "NULL", "date_suivi": "12/04/2021", "geniteur": "0", "espece": "Lamproie de Planer", "layer": "SNDP_AGNATHES_HEM_2021_04_13" }, "geometry": { "type": "Point", "coordinates": [ 1.975791044494061, 50.785900746250192 ] } },
{ "type": "Feature", "properties": { "commune": "NULL", "date_suivi": "12/04/2021", "geniteur": "0", "espece": "Lamproie de Planer", "layer": "SNDP_AGNATHES_HEM_2021_04_13" }, "geometry": { "type": "Point", "coordinates": [ 1.9762800200524, 50.785983339696863 ] } },
{ "type": "Feature", "properties": { "commune": "NULL", "date_suivi": "12/04/2021", "geniteur": "0", "espece": "Lamproie de Planer", "layer": "SNDP_AGNATHES_HEM_2021_04_13" }, "geometry": { "type": "Point", "coordinates": [ 1.9762616500524, 50.786003299696873 ] } },
{ "type": "Feature", "properties": { "commune": "NULL", "date_suivi": "12/04/2021", "geniteur": "0", "espece": "LPP", "layer": "SNDP_AGNATHES_HEM_2021_04_13" }, "geometry": { "type": "Point", "coordinates": [ 1.979191650052249, 50.787173329696834 ] } },
{ "type": "Feature", "properties": { "commune": "NULL", "date_suivi": "12/04/2021", "geniteur": "0", "espece": "LPP", "layer": "SNDP_AGNATHES_HEM_2021_04_13" }, "geometry": { "type": "Point", "coordinates": [ 1.979659970052226, 50.787698359696826 ] } },
{ "type": "Feature", "properties": { "commune": "NULL", "date_suivi": "12/04/2021", "geniteur": "0", "espece": "Lamproie de Planer", "layer": "SNDP_AGNATHES_HEM_2021_04_13" }, "geometry": { "type": "Point", "coordinates": [ 1.980076660052206, 50.787719979696838 ] } },
{ "type": "Feature", "properties": { "commune": "NULL", "date_suivi": "12/04/2021", "geniteur": "0", "espece": "Lamproie de Planer", "layer": "SNDP_AGNATHES_HEM_2021_04_13" }, "geometry": { "type": "Point", "coordinates": [ 1.982210000052207, 50.788630004696842 ] } },
{ "type": "Feature", "properties": { "commune": "NULL", "date_suivi": "12/04/2021", "geniteur": "0", "espece": "Lamproie de Planer", "layer": "SNDP_AGNATHES_HEM_2021_04_13" }, "geometry": { "type": "Point", "coordinates": [ 1.982076640052102, 50.789241659696764 ] } },
{ "type": "Feature", "properties": { "commune": "NULL", "date_suivi": "12/04/2021", "geniteur": "0", "espece": "Lamproie de Planer", "layer": "SNDP_AGNATHES_HEM_2021_04_13" }, "geometry": { "type": "Point", "coordinates": [ -1.363081210117897, -5.983856309209252 ] } },
{ "type": "Feature", "properties": { "commune": "NULL", "date_suivi": "12/04/2021", "geniteur": "0", "espece": "Lamproie de Planer", "layer": "SNDP_AGNATHES_HEM_2021_04_13" }, "geometry": { "type": "Point", "coordinates": [ 1.983802295048708, 50.789619570951992 ] } },
{ "type": "Feature", "properties": { "commune": "NULL", "date_suivi": "12/04/2021", "geniteur": "0", "espece": "Lamproie de Planer", "layer": "SNDP_AGNATHES_HEM_2021_04_13" }, "geometry": { "type": "Point", "coordinates": [ 1.984170020051994, 50.789543339696763 ] } },
{ "type": "Feature", "properties": { "commune": "NULL", "date_suivi": "12/04/2021", "geniteur": "0", "espece": "Lamproie de Planer", "layer": "SNDP_AGNATHES_HEM_2021_04_13" }, "geometry": { "type": "Point", "coordinates": [ 1.984157500051994, 50.789535009696777 ] } },
{ "type": "Feature", "properties": { "commune": "NULL", "date_suivi": "12/04/2021", "geniteur": "0", "espece": "Lamproie de Planer", "layer": "SNDP_AGNATHES_HEM_2021_04_13" }, "geometry": { "type": "Point", "coordinates": [ -1.363081210117897, -5.983856309209252 ] } },
{ "type": "Feature", "properties": { "commune": "NULL", "date_suivi": "12/04/2021", "geniteur": "0", "espece": "Lamproie de Planer", "layer": "SNDP_AGNATHES_HEM_2021_04_13" }, "geometry": { "type": "Point", "coordinates": [ 1.984308310051988, 50.789606669696759 ] } },
{ "type": "Feature", "properties": { "commune": "NULL", "date_suivi": "12/04/2021", "geniteur": "0", "espece": "Lamproie de Planer", "layer": "SNDP_AGNATHES_HEM_2021_04_13" }, "geometry": { "type": "Point", "coordinates": [ 1.984243330051881, 50.789608349696799 ] } },
{ "type": "Feature", "properties": { "commune": "NULL", "date_suivi": "12/04/2021", "geniteur": "0", "espece": "Lamproie de Planer", "layer": "SNDP_AGNATHES_HEM_2021_04_13" }, "geometry": { "type": "Point", "coordinates": [ 1.984221650051992, 50.789603359696784 ] } },
{ "type": "Feature", "properties": { "commune": "NULL", "date_suivi": "12/04/2021", "geniteur": "0", "espece": "Lamproie de Planer", "layer": "SNDP_AGNATHES_HEM_2021_04_13" }, "geometry": { "type": "Point", "coordinates": [ 1.985671680051917, 50.790046689696766 ] } },
{ "type": "Feature", "properties": { "commune": "NULL", "date_suivi": "12/04/2021", "geniteur": "0", "espece": "Lamproie de Planer", "layer": "SNDP_AGNATHES_HEM_2021_04_13" }, "geometry": { "type": "Point", "coordinates": [ 1.985899165051851, 50.789838314696773 ] } },
{ "type": "Feature", "properties": { "commune": "NULL", "date_suivi": "12/04/2021", "geniteur": "0", "espece": "Lamproie de Planer", "layer": "SNDP_AGNATHES_HEM_2021_04_13" }, "geometry": { "type": "Point", "coordinates": [ 1.985901640051906, 50.789828359696763 ] } },
{ "type": "Feature", "properties": { "commune": "NULL", "date_suivi": "12/04/2021", "geniteur": "0", "espece": "Lamproie de Planer", "layer": "SNDP_AGNATHES_HEM_2021_04_13" }, "geometry": { "type": "Point", "coordinates": [ 1.986245030051887, 50.789889969696738 ] } },
{ "type": "Feature", "properties": { "commune": "NULL", "date_suivi": "12/04/2021", "geniteur": "0", "espece": "Lamproie de Planer", "layer": "SNDP_AGNATHES_HEM_2021_04_13" }, "geometry": { "type": "Point", "coordinates": [ 1.987813310051807, 50.789593319696763 ] } },
{ "type": "Feature", "properties": { "commune": "NULL", "date_suivi": "12/04/2021", "geniteur": "0", "espece": "Lamproie de Planer", "layer": "SNDP_AGNATHES_HEM_2021_04_13" }, "geometry": { "type": "Point", "coordinates": [ 1.987893360051804, 50.789561649696772 ] } },
{ "type": "Feature", "properties": { "commune": "NULL", "date_suivi": "12/04/2021", "geniteur": "0", "espece": "Lamproie de Planer", "layer": "SNDP_AGNATHES_HEM_2021_04_13" }, "geometry": { "type": "Point", "coordinates": [ 1.988017495051826, 50.78958832469678 ] } },
{ "type": "Feature", "properties": { "commune": "NULL", "date_suivi": "12/04/2021", "geniteur": "0", "espece": "Lamproie de Planer", "layer": "SNDP_AGNATHES_HEM_2021_04_13" }, "geometry": { "type": "Point", "coordinates": [ 1.989428330051724, 50.79005329969673 ] } },
{ "type": "Feature", "properties": { "commune": "NULL", "date_suivi": "12/04/2021", "geniteur": "0", "espece": "Lamproie de Planer", "layer": "SNDP_AGNATHES_HEM_2021_04_13" }, "geometry": { "type": "Point", "coordinates": [ 1.990386640051675, 50.790545019696751 ] } },
{ "type": "Feature", "properties": { "commune": "NULL", "date_suivi": "12/04/2021", "geniteur": "0", "espece": "Lamproie de Planer", "layer": "SNDP_AGNATHES_HEM_2021_04_13" }, "geometry": { "type": "Point", "coordinates": [ 1.991515058038611, 50.79071119241771 ] } },
{ "type": "Feature", "properties": { "commune": "NULL", "date_suivi": "12/04/2021", "geniteur": "0", "espece": "Lamproie de Planer", "layer": "SNDP_AGNATHES_HEM_2021_04_13" }, "geometry": { "type": "Point", "coordinates": [ 1.991338350051627, 50.790823359696745 ] } },
{ "type": "Feature", "properties": { "commune": "NULL", "date_suivi": "12/04/2021", "geniteur": "0", "espece": "Lamproie de Planer", "layer": "SNDP_AGNATHES_HEM_2021_04_13" }, "geometry": { "type": "Point", "coordinates": [ 1.992071660051588, 50.791186649696719 ] } },
{ "type": "Feature", "properties": { "commune": "NULL", "date_suivi": "12/04/2021", "geniteur": "0", "espece": "Lamproie de Planer", "layer": "SNDP_AGNATHES_HEM_2021_04_13" }, "geometry": { "type": "Point", "coordinates": [ 1.992899990051573, 50.791759174696729 ] } },
{ "type": "Feature", "properties": { "commune": "NULL", "date_suivi": "12/04/2021", "geniteur": "0", "espece": "Lamproie de Planer", "layer": "SNDP_AGNATHES_HEM_2021_04_13" }, "geometry": { "type": "Point", "coordinates": [ 1.996214990051377, 50.79189834969668 ] } },
{ "type": "Feature", "properties": { "commune": "NULL", "date_suivi": "12/04/2021", "geniteur": "0", "espece": "Lamproie de Planer", "layer": "SNDP_AGNATHES_HEM_2021_04_13" }, "geometry": { "type": "Point", "coordinates": [ 1.997085000051332, 50.792021689696696 ] } },
{ "type": "Feature", "properties": { "commune": "NULL", "date_suivi": "12/04/2021", "geniteur": "0", "espece": "Lamproie de Planer", "layer": "SNDP_AGNATHES_HEM_2021_04_13" }, "geometry": { "type": "Point", "coordinates": [ 1.997065830051305, 50.791998324696699 ] } },
{ "type": "Feature", "properties": { "commune": "NULL", "date_suivi": "12/04/2021", "geniteur": "0", "espece": "Lamproie de Planer", "layer": "SNDP_AGNATHES_HEM_2021_04_13" }, "geometry": { "type": "Point", "coordinates": [ 1.997410010051315, 50.792396669696664 ] } },
{ "type": "Feature", "properties": { "commune": "NULL", "date_suivi": "12/04/2021", "geniteur": "0", "espece": "Lamproie de Planer", "layer": "SNDP_AGNATHES_HEM_2021_04_13" }, "geometry": { "type": "Point", "coordinates": [ 1.997620805051442, 50.792918334696722 ] } },
{ "type": "Feature", "properties": { "commune": "NULL", "date_suivi": "12/04/2021", "geniteur": "0", "espece": "Lamproie de Planer", "layer": "SNDP_AGNATHES_HEM_2021_04_13" }, "geometry": { "type": "Point", "coordinates": [ 1.997684936179257, 50.793116872277778 ] } },
{ "type": "Feature", "properties": { "commune": "NULL", "date_suivi": "12/04/2021", "geniteur": "0", "espece": "Lamproie de Planer", "layer": "SNDP_AGNATHES_HEM_2021_04_13" }, "geometry": { "type": "Point", "coordinates": [ -1.363081210117897, -5.983856309209252 ] } },
{ "type": "Feature", "properties": { "commune": "NULL", "date_suivi": "12/04/2021", "geniteur": "0", "espece": "Lamproie de Planer", "layer": "SNDP_AGNATHES_HEM_2021_04_13" }, "geometry": { "type": "Point", "coordinates": [ 2.002531670051052, 50.794053329696624 ] } },
{ "type": "Feature", "properties": { "commune": "NULL", "date_suivi": "12/04/2021", "geniteur": "0", "espece": "Lamproie de Planer", "layer": "SNDP_AGNATHES_HEM_2021_04_13" }, "geometry": { "type": "Point", "coordinates": [ 2.002465000051056, 50.794031649696635 ] } },
{ "type": "Feature", "properties": { "commune": "NULL", "date_suivi": "12/04/2021", "geniteur": "0", "espece": "Lamproie de Planer", "layer": "SNDP_AGNATHES_HEM_2021_04_13" }, "geometry": { "type": "Point", "coordinates": [ 2.002471670051055, 50.794118309696628 ] } },
{ "type": "Feature", "properties": { "commune": "NULL", "date_suivi": "12/04/2021", "geniteur": "0", "espece": "Lamproie de Planer", "layer": "SNDP_AGNATHES_HEM_2021_04_13" }, "geometry": { "type": "Point", "coordinates": [ 2.002488330051055, 50.794099999696641 ] } },
{ "type": "Feature", "properties": { "commune": "NULL", "date_suivi": "12/04/2021", "geniteur": "0", "espece": "Lamproie de Planer", "layer": "SNDP_AGNATHES_HEM_2021_04_13" }, "geometry": { "type": "Point", "coordinates": [ 2.003033330051026, 50.794843359696614 ] } },
{ "type": "Feature", "properties": { "commune": "NULL", "date_suivi": "12/04/2021", "geniteur": "0", "espece": "Lamproie de Planer", "layer": "SNDP_AGNATHES_HEM_2021_04_13" }, "geometry": { "type": "Point", "coordinates": [ 2.003725000050991, 50.794794969696618 ] } },
{ "type": "Feature", "properties": { "commune": "NULL", "date_suivi": "12/04/2021", "geniteur": "0", "espece": "Lamproie de Planer", "layer": "SNDP_AGNATHES_HEM_2021_04_13" }, "geometry": { "type": "Point", "coordinates": [ 2.003705000050992, 50.794814999696612 ] } },
{ "type": "Feature", "properties": { "commune": "NULL", "date_suivi": "12/04/2021", "geniteur": "0", "espece": "Lamproie de Planer", "layer": "SNDP_AGNATHES_HEM_2021_04_13" }, "geometry": { "type": "Point", "coordinates": [ 2.004418330050956, 50.795016669696622 ] } },
{ "type": "Feature", "properties": { "commune": "NULL", "date_suivi": "12/04/2021", "geniteur": "0", "espece": "Lamproie de Planer", "layer": "SNDP_AGNATHES_HEM_2021_04_13" }, "geometry": { "type": "Point", "coordinates": [ 2.004436670050954, 50.795053349696609 ] } },
{ "type": "Feature", "properties": { "commune": "NULL", "date_suivi": "12/04/2021", "geniteur": "0", "espece": "Lamproie de Planer", "layer": "SNDP_AGNATHES_HEM_2021_04_13" }, "geometry": { "type": "Point", "coordinates": [ 2.004711670050939, 50.795181659696617 ] } },
{ "type": "Feature", "properties": { "commune": "NULL", "date_suivi": "12/04/2021", "geniteur": "0", "espece": "Lamproie de Planer", "layer": "SNDP_AGNATHES_HEM_2021_04_13" }, "geometry": { "type": "Point", "coordinates": [ 2.006260000050861, 50.79603830969657 ] } },
{ "type": "Feature", "properties": { "commune": "NULL", "date_suivi": "12/04/2021", "geniteur": "4", "espece": "Lamproie de Planer", "layer": "SNDP_AGNATHES_HEM_2021_04_13" }, "geometry": { "type": "Point", "coordinates": [ 2.006578330050844, 50.796386659696559 ] } },
{ "type": "Feature", "properties": { "commune": "NULL", "date_suivi": "12/04/2021", "geniteur": "0", "espece": "Lamproie de Planer", "layer": "SNDP_AGNATHES_HEM_2021_04_13" }, "geometry": { "type": "Point", "coordinates": [ 2.009601665050802, 50.79631999469661 ] } },
{ "type": "Feature", "properties": { "commune": "NULL", "date_suivi": "12/04/2021", "geniteur": "0", "espece": "Lamproie de Planer", "layer": "SNDP_AGNATHES_HEM_2021_04_13" }, "geometry": { "type": "Point", "coordinates": [ 2.009556670050692, 50.796661689696549 ] } },
{ "type": "Feature", "properties": { "commune": "NULL", "date_suivi": "12/04/2021", "geniteur": "0", "espece": "Lamproie de Planer", "layer": "SNDP_AGNATHES_HEM_2021_04_13" }, "geometry": { "type": "Point", "coordinates": [ 2.011116670050611, 50.796798319696556 ] } },
{ "type": "Feature", "properties": { "commune": "NULL", "date_suivi": "12/04/2021", "geniteur": "0", "espece": "Lamproie de Planer", "layer": "SNDP_AGNATHES_HEM_2021_04_13" }, "geometry": { "type": "Point", "coordinates": [ 2.011991666715758, 50.796550559697124 ] } },
{ "type": "Feature", "properties": { "commune": "NULL", "date_suivi": "12/04/2021", "geniteur": "0", "espece": "Lamproie de Planer", "layer": "SNDP_AGNATHES_HEM_2021_04_13" }, "geometry": { "type": "Point", "coordinates": [ 2.012632500050685, 50.796752484696874 ] } },
{ "type": "Feature", "properties": { "commune": "NULL", "date_suivi": "12/04/2021", "geniteur": "0", "espece": "Lamproie de Planer", "layer": "SNDP_AGNATHES_HEM_2021_04_13" }, "geometry": { "type": "Point", "coordinates": [ 2.012640000050534, 50.797139989696568 ] } },
{ "type": "Feature", "properties": { "commune": "NULL", "date_suivi": "12/04/2021", "geniteur": "0", "espece": "Lamproie de Planer", "layer": "SNDP_AGNATHES_HEM_2021_04_13" }, "geometry": { "type": "Point", "coordinates": [ 2.013575000050486, 50.797274969696531 ] } },
{ "type": "Feature", "properties": { "commune": "NULL", "date_suivi": "12/04/2021", "geniteur": "0", "espece": "Lamproie de Planer", "layer": "SNDP_AGNATHES_HEM_2021_04_13" }, "geometry": { "type": "Point", "coordinates": [ 2.013625835050512, 50.797253324696534 ] } },
{ "type": "Feature", "properties": { "commune": "NULL", "date_suivi": "12/04/2021", "geniteur": "0", "espece": "Lamproie de Planer", "layer": "SNDP_AGNATHES_HEM_2021_04_13" }, "geometry": { "type": "Point", "coordinates": [ 2.013771668212859, 50.797322123348792 ] } },
{ "type": "Feature", "properties": { "commune": "NULL", "date_suivi": "12/04/2021", "geniteur": "0", "espece": "Lamproie de Planer", "layer": "SNDP_AGNATHES_HEM_2021_04_13" }, "geometry": { "type": "Point", "coordinates": [ 2.013866670050471, 50.797293349696545 ] } },
{ "type": "Feature", "properties": { "commune": "NULL", "date_suivi": "12/04/2021", "geniteur": "0", "espece": "Lamproie de Planer", "layer": "SNDP_AGNATHES_HEM_2021_04_13" }, "geometry": { "type": "Point", "coordinates": [ 2.014562500050447, 50.797234154696532 ] } },
{ "type": "Feature", "properties": { "commune": "NULL", "date_suivi": "12/04/2021", "geniteur": "0", "espece": "Lamproie de Planer", "layer": "SNDP_AGNATHES_HEM_2021_04_13" }, "geometry": { "type": "Point", "coordinates": [ 2.014771670050424, 50.79720001469655 ] } },
{ "type": "Feature", "properties": { "commune": "NULL", "date_suivi": "12/04/2021", "geniteur": "0", "espece": "Lamproie de Planer", "layer": "SNDP_AGNATHES_HEM_2021_04_13" }, "geometry": { "type": "Point", "coordinates": [ 2.015960000050365, 50.797006669696657 ] } },
{ "type": "Feature", "properties": { "commune": "NULL", "date_suivi": "12/04/2021", "geniteur": "0", "espece": "Lamproie de Planer", "layer": "SNDP_AGNATHES_HEM_2021_04_13" }, "geometry": { "type": "Point", "coordinates": [ 2.016897500050244, 50.79711249969661 ] } },
{ "type": "Feature", "properties": { "commune": "NULL", "date_suivi": "12/04/2021", "geniteur": "0", "espece": "Lamproie de Planer", "layer": "SNDP_AGNATHES_HEM_2021_04_13" }, "geometry": { "type": "Point", "coordinates": [ -1.363081210117897, -5.983856309209252 ] } },
{ "type": "Feature", "properties": { "commune": "NULL", "date_suivi": "12/04/2021", "geniteur": "0", "espece": "Lamproie de Planer", "layer": "SNDP_AGNATHES_HEM_2021_04_13" }, "geometry": { "type": "Point", "coordinates": [ 2.016983330050311, 50.797185009696555 ] } },
{ "type": "Feature", "properties": { "commune": "NULL", "date_suivi": "12/04/2021", "geniteur": "0", "espece": "Lamproie de Planer", "layer": "SNDP_AGNATHES_HEM_2021_04_13" }, "geometry": { "type": "Point", "coordinates": [ 2.017074446717467, 50.797390559696673 ] } },
{ "type": "Feature", "properties": { "commune": "NULL", "date_suivi": "12/04/2021", "geniteur": "0", "espece": "Lamproie de Planer", "layer": "SNDP_AGNATHES_HEM_2021_04_13" }, "geometry": { "type": "Point", "coordinates": [ 2.017770835050255, 50.798160839696514 ] } },
{ "type": "Feature", "properties": { "commune": "NULL", "date_suivi": "12/04/2021", "geniteur": "0", "espece": "Lamproie de Planer", "layer": "SNDP_AGNATHES_HEM_2021_04_13" }, "geometry": { "type": "Point", "coordinates": [ 2.018108330050253, 50.798663329696495 ] } },
{ "type": "Feature", "properties": { "commune": "NULL", "date_suivi": "12/04/2021", "geniteur": "0", "espece": "Lamproie de Planer", "layer": "SNDP_AGNATHES_HEM_2021_04_13" }, "geometry": { "type": "Point", "coordinates": [ 2.01855000005023, 50.79901999969649 ] } },
{ "type": "Feature", "properties": { "commune": "NULL", "date_suivi": "12/04/2021", "geniteur": "0", "espece": "Lamproie de Planer", "layer": "SNDP_AGNATHES_HEM_2021_04_13" }, "geometry": { "type": "Point", "coordinates": [ 2.018565000050229, 50.799025029696502 ] } },
{ "type": "Feature", "properties": { "commune": "NULL", "date_suivi": "12/04/2021", "geniteur": "0", "espece": "Lamproie de Planer", "layer": "SNDP_AGNATHES_HEM_2021_04_13" }, "geometry": { "type": "Point", "coordinates": [ 2.018828330050216, 50.799434979696493 ] } },
{ "type": "Feature", "properties": { "commune": "NULL", "date_suivi": "12/04/2021", "geniteur": "0", "espece": "Lamproie de Planer", "layer": "SNDP_AGNATHES_HEM_2021_04_13" }, "geometry": { "type": "Point", "coordinates": [ 2.019331670050189, 50.799710019696462 ] } },
{ "type": "Feature", "properties": { "commune": "NULL", "date_suivi": "12/04/2021", "geniteur": "0", "espece": "Lamproie de Planer", "layer": "SNDP_AGNATHES_HEM_2021_04_13" }, "geometry": { "type": "Point", "coordinates": [ 2.020175000050146, 50.799886639696439 ] } },
{ "type": "Feature", "properties": { "commune": "NULL", "date_suivi": "12/04/2021", "geniteur": "0", "espece": "Lamproie de Planer", "layer": "SNDP_AGNATHES_HEM_2021_04_13" }, "geometry": { "type": "Point", "coordinates": [ 2.022276670050039, 50.800584979696453 ] } },
{ "type": "Feature", "properties": { "commune": "NULL", "date_suivi": "12/04/2021", "geniteur": "0", "espece": "Lamproie de Planer", "layer": "SNDP_AGNATHES_HEM_2021_04_13" }, "geometry": { "type": "Point", "coordinates": [ 2.022596670050022, 50.800639979696442 ] } },
{ "type": "Feature", "properties": { "commune": "NULL", "date_suivi": "12/04/2021", "geniteur": "0", "espece": "Lamproie de Planer", "layer": "SNDP_AGNATHES_HEM_2021_04_13" }, "geometry": { "type": "Point", "coordinates": [ 2.022573330050025, 50.800654154696446 ] } },
{ "type": "Feature", "properties": { "commune": "NULL", "date_suivi": "12/04/2021", "geniteur": "0", "espece": "Lamproie de Planer", "layer": "SNDP_AGNATHES_HEM_2021_04_13" }, "geometry": { "type": "Point", "coordinates": [ 2.023300000049987, 50.80042329969644 ] } },
{ "type": "Feature", "properties": { "commune": "NULL", "date_suivi": "12/04/2021", "geniteur": "0", "espece": "Lamproie de Planer", "layer": "SNDP_AGNATHES_HEM_2021_04_13" }, "geometry": { "type": "Point", "coordinates": [ 2.023295000049986, 50.80039163969645 ] } },
{ "type": "Feature", "properties": { "commune": "NULL", "date_suivi": "12/04/2021", "geniteur": "0", "espece": "Lamproie de Planer", "layer": "SNDP_AGNATHES_HEM_2021_04_13" }, "geometry": { "type": "Point", "coordinates": [ 2.023625000049971, 50.800193339696456 ] } },
{ "type": "Feature", "properties": { "commune": "NULL", "date_suivi": "12/04/2021", "geniteur": "0", "espece": "Lamproie de Planer", "layer": "SNDP_AGNATHES_HEM_2021_04_13" }, "geometry": { "type": "Point", "coordinates": [ 2.023656670049968, 50.800208349696447 ] } },
{ "type": "Feature", "properties": { "commune": "NULL", "date_suivi": "12/04/2021", "geniteur": "0", "espece": "Lamproie de Planer", "layer": "SNDP_AGNATHES_HEM_2021_04_13" }, "geometry": { "type": "Point", "coordinates": [ 2.024166670049941, 50.800039989696465 ] } },
{ "type": "Feature", "properties": { "commune": "NULL", "date_suivi": "12/04/2021", "geniteur": "0", "espece": "Lamproie de Planer", "layer": "SNDP_AGNATHES_HEM_2021_04_13" }, "geometry": { "type": "Point", "coordinates": [ 2.025222500049888, 50.80026168969647 ] } },
{ "type": "Feature", "properties": { "commune": "NULL", "date_suivi": "12/04/2021", "geniteur": "0", "espece": "Lamproie de Planer", "layer": "SNDP_AGNATHES_HEM_2021_04_13" }, "geometry": { "type": "Point", "coordinates": [ 2.025790000049859, 50.799696669696466 ] } },
{ "type": "Feature", "properties": { "commune": "NULL", "date_suivi": "12/04/2021", "geniteur": "0", "espece": "Lamproie de Planer", "layer": "SNDP_AGNATHES_HEM_2021_04_13" }, "geometry": { "type": "Point", "coordinates": [ -1.363081210117897, -5.983856309209252 ] } },
{ "type": "Feature", "properties": { "commune": "NULL", "date_suivi": "12/04/2021", "geniteur": "0", "espece": "Lamproie de Planer", "layer": "SNDP_AGNATHES_HEM_2021_04_13" }, "geometry": { "type": "Point", "coordinates": [ 2.028793330049706, 50.800431699696432 ] } },
{ "type": "Feature", "properties": { "commune": "NULL", "date_suivi": "12/04/2021", "geniteur": "0", "espece": "Lamproie de Planer", "layer": "SNDP_AGNATHES_HEM_2021_04_13" }, "geometry": { "type": "Point", "coordinates": [ 2.030316670049627, 50.800764969696452 ] } },
{ "type": "Feature", "properties": { "commune": "NULL", "date_suivi": "12/04/2021", "geniteur": "0", "espece": "Lamproie de Planer", "layer": "SNDP_AGNATHES_HEM_2021_04_13" }, "geometry": { "type": "Point", "coordinates": [ 2.032670000049507, 50.801416649696421 ] } },
{ "type": "Feature", "properties": { "commune": "NULL", "date_suivi": "12/04/2021", "geniteur": "0", "espece": "Lamproie de Planer", "layer": "SNDP_AGNATHES_HEM_2021_04_13" }, "geometry": { "type": "Point", "coordinates": [ 2.032680835049492, 50.801422499696429 ] } },
{ "type": "Feature", "properties": { "commune": "NULL", "date_suivi": "12/04/2021", "geniteur": "0", "espece": "Lamproie de Planer", "layer": "SNDP_AGNATHES_HEM_2021_04_13" }, "geometry": { "type": "Point", "coordinates": [ 2.035980000049337, 50.802591639696402 ] } },
{ "type": "Feature", "properties": { "commune": "NULL", "date_suivi": "12/04/2021", "geniteur": "0", "espece": "Lamproie de Planer", "layer": "SNDP_AGNATHES_HEM_2021_04_13" }, "geometry": { "type": "Point", "coordinates": [ -1.363081210117897, -5.983856309209252 ] } },
{ "type": "Feature", "properties": { "commune": "NULL", "date_suivi": "12/04/2021", "geniteur": "0", "espece": "Lamproie de Planer", "layer": "SNDP_AGNATHES_HEM_2021_04_13" }, "geometry": { "type": "Point", "coordinates": [ 2.035976670049338, 50.802593359696381 ] } },
{ "type": "Feature", "properties": { "commune": "NULL", "date_suivi": "12/04/2021", "geniteur": "0", "espece": "Lamproie de Planer", "layer": "SNDP_AGNATHES_HEM_2021_04_13" }, "geometry": { "type": "Point", "coordinates": [ 2.035965835049336, 50.802593359696388 ] } },
{ "type": "Feature", "properties": { "commune": "NULL", "date_suivi": "12/04/2021", "geniteur": "0", "espece": "Lamproie de Planer", "layer": "SNDP_AGNATHES_HEM_2021_04_13" }, "geometry": { "type": "Point", "coordinates": [ 2.036647573559878, 50.802780893543783 ] } },
{ "type": "Feature", "properties": { "commune": "NULL", "date_suivi": "12/04/2021", "geniteur": "0", "espece": "Lamproie de Planer", "layer": "SNDP_AGNATHES_HEM_2021_04_13" }, "geometry": { "type": "Point", "coordinates": [ 2.03749000004926, 50.802988309696367 ] } },
{ "type": "Feature", "properties": { "commune": "NULL", "date_suivi": "12/04/2021", "geniteur": "0", "espece": "Lamproie de Planer", "layer": "SNDP_AGNATHES_HEM_2021_04_13" }, "geometry": { "type": "Point", "coordinates": [ 2.038490000049209, 50.803001659696363 ] } },
{ "type": "Feature", "properties": { "commune": "NULL", "date_suivi": "12/04/2021", "geniteur": "0", "espece": "Lamproie de Planer", "layer": "SNDP_AGNATHES_HEM_2021_04_13" }, "geometry": { "type": "Point", "coordinates": [ 2.040016670049129, 50.802956639696362 ] } },
{ "type": "Feature", "properties": { "commune": "NULL", "date_suivi": "12/04/2021", "geniteur": "0", "espece": "Lamproie de Planer", "layer": "SNDP_AGNATHES_HEM_2021_04_13" }, "geometry": { "type": "Point", "coordinates": [ 2.040023330049129, 50.802956639696369 ] } },
{ "type": "Feature", "properties": { "commune": "NULL", "date_suivi": "12/04/2021", "geniteur": "0", "espece": "Lamproie de Planer", "layer": "SNDP_AGNATHES_HEM_2021_04_13" }, "geometry": { "type": "Point", "coordinates": [ 2.04003000004913, 50.802956639696347 ] } },
{ "type": "Feature", "properties": { "commune": "NULL", "date_suivi": "12/04/2021", "geniteur": "0", "espece": "Lamproie de Planer", "layer": "SNDP_AGNATHES_HEM_2021_04_13" }, "geometry": { "type": "Point", "coordinates": [ 2.04002833004913, 50.80295333969638 ] } },
{ "type": "Feature", "properties": { "commune": "NULL", "date_suivi": "12/04/2021", "geniteur": "0", "espece": "Lamproie de Planer", "layer": "SNDP_AGNATHES_HEM_2021_04_13" }, "geometry": { "type": "Point", "coordinates": [ 2.040028330049129, 50.802949969696378 ] } },
{ "type": "Feature", "properties": { "commune": "NULL", "date_suivi": "12/04/2021", "geniteur": "0", "espece": "Lamproie de Planer", "layer": "SNDP_AGNATHES_HEM_2021_04_13" }, "geometry": { "type": "Point", "coordinates": [ 2.040038330049128, 50.802946659696381 ] } },
{ "type": "Feature", "properties": { "commune": "NULL", "date_suivi": "12/04/2021", "geniteur": "0", "espece": "Lamproie de Planer", "layer": "SNDP_AGNATHES_HEM_2021_04_13" }, "geometry": { "type": "Point", "coordinates": [ 2.040841670049087, 50.80391997969636 ] } },
{ "type": "Feature", "properties": { "commune": "NULL", "date_suivi": "13/04/2021", "geniteur": "0", "espece": "Lamproie de Planer", "layer": "SNDP_AGNATHES_HEM_2021_04_13" }, "geometry": { "type": "Point", "coordinates": [ 2.049231670048655, 50.809357514696181 ] } },
{ "type": "Feature", "properties": { "commune": "NULL", "date_suivi": "13/04/2021", "geniteur": "0", "espece": "Lamproie de Planer", "layer": "SNDP_AGNATHES_HEM_2021_04_13" }, "geometry": { "type": "Point", "coordinates": [ 2.049256670048654, 50.809338319696188 ] } },
{ "type": "Feature", "properties": { "commune": "NULL", "date_suivi": "13/04/2021", "geniteur": "0", "espece": "Lamproie de Planer", "layer": "SNDP_AGNATHES_HEM_2021_04_13" }, "geometry": { "type": "Point", "coordinates": [ 2.049603340048638, 50.809180009696199 ] } },
{ "type": "Feature", "properties": { "commune": "NULL", "date_suivi": "13/04/2021", "geniteur": "0", "espece": "Lamproie de Planer", "layer": "SNDP_AGNATHES_HEM_2021_04_13" }, "geometry": { "type": "Point", "coordinates": [ 2.050796670048575, 50.808654979696215 ] } },
{ "type": "Feature", "properties": { "commune": "NULL", "date_suivi": "13/04/2021", "geniteur": "0", "espece": "Lamproie de Planer", "layer": "SNDP_AGNATHES_HEM_2021_04_13" }, "geometry": { "type": "Point", "coordinates": [ 2.051850835048312, 50.809190844696261 ] } },
{ "type": "Feature", "properties": { "commune": "NULL", "date_suivi": "13/04/2021", "geniteur": "0", "espece": "Lamproie de Planer", "layer": "SNDP_AGNATHES_HEM_2021_04_13" }, "geometry": { "type": "Point", "coordinates": [ 2.056038330048307, 50.810606639696154 ] } },
{ "type": "Feature", "properties": { "commune": "NULL", "date_suivi": "13/04/2021", "geniteur": "0", "espece": "Lamproie de Planer", "layer": "SNDP_AGNATHES_HEM_2021_04_13" }, "geometry": { "type": "Point", "coordinates": [ 2.056066670048305, 50.810608359696154 ] } },
{ "type": "Feature", "properties": { "commune": "NULL", "date_suivi": "13/04/2021", "geniteur": "0", "espece": "Lamproie de Planer", "layer": "SNDP_AGNATHES_HEM_2021_04_13" }, "geometry": { "type": "Point", "coordinates": [ 2.056255000048297, 50.810759989696159 ] } },
{ "type": "Feature", "properties": { "commune": "NULL", "date_suivi": "13/04/2021", "geniteur": "0", "espece": "Lamproie de Planer", "layer": "SNDP_AGNATHES_HEM_2021_04_13" }, "geometry": { "type": "Point", "coordinates": [ 2.056265000048294, 50.810776649696166 ] } },
{ "type": "Feature", "properties": { "commune": "NULL", "date_suivi": "13/04/2021", "geniteur": "0", "espece": "Lamproie de Planer", "layer": "SNDP_AGNATHES_HEM_2021_04_13" }, "geometry": { "type": "Point", "coordinates": [ -1.363081210117897, -5.983856309209252 ] } },
{ "type": "Feature", "properties": { "commune": "NULL", "date_suivi": "13/04/2021", "geniteur": "0", "espece": "Lamproie de Planer", "layer": "SNDP_AGNATHES_HEM_2021_04_13" }, "geometry": { "type": "Point", "coordinates": [ 2.056283330048295, 50.810774989696142 ] } },
{ "type": "Feature", "properties": { "commune": "NULL", "date_suivi": "13/04/2021", "geniteur": "0", "espece": "Lamproie de Planer", "layer": "SNDP_AGNATHES_HEM_2021_04_13" }, "geometry": { "type": "Point", "coordinates": [ 2.056941670048261, 50.810966679696129 ] } },
{ "type": "Feature", "properties": { "commune": "NULL", "date_suivi": "13/04/2021", "geniteur": "0", "espece": "Lamproie de Planer", "layer": "SNDP_AGNATHES_HEM_2021_04_13" }, "geometry": { "type": "Point", "coordinates": [ 2.057283330048242, 50.810920019696148 ] } },
{ "type": "Feature", "properties": { "commune": "NULL", "date_suivi": "13/04/2021", "geniteur": "0", "espece": "Lamproie de Planer", "layer": "SNDP_AGNATHES_HEM_2021_04_13" }, "geometry": { "type": "Point", "coordinates": [ 2.057677216714894, 50.810982239696123 ] } },
{ "type": "Feature", "properties": { "commune": "NULL", "date_suivi": "13/04/2021", "geniteur": "0", "espece": "Lamproie de Planer", "layer": "SNDP_AGNATHES_HEM_2021_04_13" }, "geometry": { "type": "Point", "coordinates": [ 2.05793667004821, 50.811193339696132 ] } },
{ "type": "Feature", "properties": { "commune": "NULL", "date_suivi": "13/04/2021", "geniteur": "0", "espece": "Lamproie de Planer", "layer": "SNDP_AGNATHES_HEM_2021_04_13" }, "geometry": { "type": "Point", "coordinates": [ 2.057950000048208, 50.811200009696137 ] } },
{ "type": "Feature", "properties": { "commune": "NULL", "date_suivi": "13/04/2021", "geniteur": "0", "espece": "Lamproie de Planer", "layer": "SNDP_AGNATHES_HEM_2021_04_13" }, "geometry": { "type": "Point", "coordinates": [ 2.05792167004821, 50.811156649696109 ] } },
{ "type": "Feature", "properties": { "commune": "NULL", "date_suivi": "13/04/2021", "geniteur": "0", "espece": "Lamproie de Planer", "layer": "SNDP_AGNATHES_HEM_2021_04_13" }, "geometry": { "type": "Point", "coordinates": [ 2.058130000048199, 50.811221689696133 ] } },
{ "type": "Feature", "properties": { "commune": "NULL", "date_suivi": "13/04/2021", "geniteur": "0", "espece": "Lamproie de Planer", "layer": "SNDP_AGNATHES_HEM_2021_04_13" }, "geometry": { "type": "Point", "coordinates": [ 2.058935000048157, 50.811584979696129 ] } },
{ "type": "Feature", "properties": { "commune": "NULL", "date_suivi": "13/04/2021", "geniteur": "0", "espece": "Lamproie de Planer", "layer": "SNDP_AGNATHES_HEM_2021_04_13" }, "geometry": { "type": "Point", "coordinates": [ 2.058918330048159, 50.811589999696139 ] } },
{ "type": "Feature", "properties": { "commune": "NULL", "date_suivi": "13/04/2021", "geniteur": "0", "espece": "Lamproie de Planer", "layer": "SNDP_AGNATHES_HEM_2021_04_13" }, "geometry": { "type": "Point", "coordinates": [ 2.05941693362671, 50.81205565970177 ] } },
{ "type": "Feature", "properties": { "commune": "NULL", "date_suivi": "13/04/2021", "geniteur": "0", "espece": "Lamproie de Planer", "layer": "SNDP_AGNATHES_HEM_2021_04_13" }, "geometry": { "type": "Point", "coordinates": [ 2.059326252548555, 50.812141657196364 ] } },
{ "type": "Feature", "properties": { "commune": "NULL", "date_suivi": "13/04/2021", "geniteur": "0", "espece": "Lamproie de Planer", "layer": "SNDP_AGNATHES_HEM_2021_04_13" }, "geometry": { "type": "Point", "coordinates": [ 2.061313340048035, 50.814629999696045 ] } },
{ "type": "Feature", "properties": { "commune": "NULL", "date_suivi": "13/04/2021", "geniteur": "0", "espece": "Lamproie de Planer", "layer": "SNDP_AGNATHES_HEM_2021_04_13" }, "geometry": { "type": "Point", "coordinates": [ 2.061846665047979, 50.815932494696007 ] } },
{ "type": "Feature", "properties": { "commune": "NULL", "date_suivi": "13/04/2021", "geniteur": "0", "espece": "Lamproie de Planer", "layer": "SNDP_AGNATHES_HEM_2021_04_13" }, "geometry": { "type": "Point", "coordinates": [ 2.062021660047997, 50.816300009695979 ] } },
{ "type": "Feature", "properties": { "commune": "NULL", "date_suivi": "13/04/2021", "geniteur": "0", "espece": "Lamproie de Planer", "layer": "SNDP_AGNATHES_HEM_2021_04_13" }, "geometry": { "type": "Point", "coordinates": [ 2.063390000047928, 50.817064979695957 ] } },
{ "type": "Feature", "properties": { "commune": "NULL", "date_suivi": "13/04/2021", "geniteur": "0", "espece": "Lamproie de Planer", "layer": "SNDP_AGNATHES_HEM_2021_04_13" }, "geometry": { "type": "Point", "coordinates": [ 2.063438330047925, 50.817024989695959 ] } },
{ "type": "Feature", "properties": { "commune": "NULL", "date_suivi": "13/04/2021", "geniteur": "0", "espece": "Lamproie de Planer", "layer": "SNDP_AGNATHES_HEM_2021_04_13" }, "geometry": { "type": "Point", "coordinates": [ 2.063436670047925, 50.817028359695946 ] } },
{ "type": "Feature", "properties": { "commune": "NULL", "date_suivi": "13/04/2021", "geniteur": "0", "espece": "Lamproie de Planer", "layer": "SNDP_AGNATHES_HEM_2021_04_13" }, "geometry": { "type": "Point", "coordinates": [ 2.065183330047835, 50.817433359695947 ] } },
{ "type": "Feature", "properties": { "commune": "NULL", "date_suivi": "13/04/2021", "geniteur": "0", "espece": "Lamproie de Planer", "layer": "SNDP_AGNATHES_HEM_2021_04_13" }, "geometry": { "type": "Point", "coordinates": [ 2.065256670047833, 50.817459999695942 ] } },
{ "type": "Feature", "properties": { "commune": "NULL", "date_suivi": "13/04/2021", "geniteur": "0", "espece": "Lamproie de Planer", "layer": "SNDP_AGNATHES_HEM_2021_04_13" }, "geometry": { "type": "Point", "coordinates": [ 2.068565000047663, 50.817771659695943 ] } },
{ "type": "Feature", "properties": { "commune": "NULL", "date_suivi": "13/04/2021", "geniteur": "0", "espece": "Lamproie de Planer", "layer": "SNDP_AGNATHES_HEM_2021_04_13" }, "geometry": { "type": "Point", "coordinates": [ 2.069735000047603, 50.817989989695945 ] } },
{ "type": "Feature", "properties": { "commune": "NULL", "date_suivi": "13/04/2021", "geniteur": "0", "espece": "Lamproie de Planer", "layer": "SNDP_AGNATHES_HEM_2021_04_13" }, "geometry": { "type": "Point", "coordinates": [ 2.069665000047607, 50.818070029695903 ] } },
{ "type": "Feature", "properties": { "commune": "NULL", "date_suivi": "13/04/2021", "geniteur": "0", "espece": "Lamproie de Planer", "layer": "SNDP_AGNATHES_HEM_2021_04_13" }, "geometry": { "type": "Point", "coordinates": [ 2.069871660047595, 50.818168319695914 ] } },
{ "type": "Feature", "properties": { "commune": "NULL", "date_suivi": "13/04/2021", "geniteur": "0", "espece": "Lamproie de Planer", "layer": "SNDP_AGNATHES_HEM_2021_04_13" }, "geometry": { "type": "Point", "coordinates": [ 2.069855000047596, 50.818189999695932 ] } },
{ "type": "Feature", "properties": { "commune": "NULL", "date_suivi": "13/04/2021", "geniteur": "0", "espece": "Lamproie de Planer", "layer": "SNDP_AGNATHES_HEM_2021_04_13" }, "geometry": { "type": "Point", "coordinates": [ 2.070938330047542, 50.818150009695877 ] } },
{ "type": "Feature", "properties": { "commune": "NULL", "date_suivi": "13/04/2021", "geniteur": "0", "espece": "Lamproie de Planer", "layer": "SNDP_AGNATHES_HEM_2021_04_13" }, "geometry": { "type": "Point", "coordinates": [ 2.070931670047541, 50.818165019695918 ] } },
{ "type": "Feature", "properties": { "commune": "NULL", "date_suivi": "13/04/2021", "geniteur": "0", "espece": "Lamproie de Planer", "layer": "SNDP_AGNATHES_HEM_2021_04_13" }, "geometry": { "type": "Point", "coordinates": [ 2.072181670047478, 50.817539979695923 ] } },
{ "type": "Feature", "properties": { "commune": "NULL", "date_suivi": "13/04/2021", "geniteur": "0", "espece": "Lamproie de Planer", "layer": "SNDP_AGNATHES_HEM_2021_04_13" }, "geometry": { "type": "Point", "coordinates": [ 2.073793330047394, 50.817911659695937 ] } },
{ "type": "Feature", "properties": { "commune": "NULL", "date_suivi": "13/04/2021", "geniteur": "0", "espece": "Lamproie de Planer", "layer": "SNDP_AGNATHES_HEM_2021_04_13" }, "geometry": { "type": "Point", "coordinates": [ 2.074105000047379, 50.817648319695934 ] } },
{ "type": "Feature", "properties": { "commune": "NULL", "date_suivi": "13/04/2021", "geniteur": "0", "espece": "Lamproie de Planer", "layer": "SNDP_AGNATHES_HEM_2021_04_13" }, "geometry": { "type": "Point", "coordinates": [ 2.074388340047364, 50.817505009695964 ] } },
{ "type": "Feature", "properties": { "commune": "NULL", "date_suivi": "13/04/2021", "geniteur": "0", "espece": "Lamproie de Planer", "layer": "SNDP_AGNATHES_HEM_2021_04_13" }, "geometry": { "type": "Point", "coordinates": [ 2.074411670047363, 50.817461649695943 ] } },
{ "type": "Feature", "properties": { "commune": "NULL", "date_suivi": "13/04/2021", "geniteur": "0", "espece": "Lamproie de Planer", "layer": "SNDP_AGNATHES_HEM_2021_04_13" }, "geometry": { "type": "Point", "coordinates": [ 2.074706670047347, 50.817736689695913 ] } },
{ "type": "Feature", "properties": { "commune": "NULL", "date_suivi": "13/04/2021", "geniteur": "0", "espece": "Lamproie de Planer", "layer": "SNDP_AGNATHES_HEM_2021_04_13" }, "geometry": { "type": "Point", "coordinates": [ 2.074700000047348, 50.817778329695919 ] } },
{ "type": "Feature", "properties": { "commune": "NULL", "date_suivi": "13/04/2021", "geniteur": "0", "espece": "Lamproie de Planer", "layer": "SNDP_AGNATHES_HEM_2021_04_13" }, "geometry": { "type": "Point", "coordinates": [ 2.074882495046924, 50.817888354696017 ] } },
{ "type": "Feature", "properties": { "commune": "NULL", "date_suivi": "13/04/2021", "geniteur": "0", "espece": "Lamproie de Planer", "layer": "SNDP_AGNATHES_HEM_2021_04_13" }, "geometry": { "type": "Point", "coordinates": [ 2.076419170047246, 50.818255839695937 ] } },
{ "type": "Feature", "properties": { "commune": "NULL", "date_suivi": "13/04/2021", "geniteur": "0", "espece": "Lamproie de Planer", "layer": "SNDP_AGNATHES_HEM_2021_04_13" }, "geometry": { "type": "Point", "coordinates": [ 2.076951110047306, 50.818695003029269 ] } },
{ "type": "Feature", "properties": { "commune": "NULL", "date_suivi": "13/04/2021", "geniteur": "0", "espece": "Lamproie de Planer", "layer": "SNDP_AGNATHES_HEM_2021_04_13" }, "geometry": { "type": "Point", "coordinates": [ 2.076921670047234, 50.818706639695904 ] } },
{ "type": "Feature", "properties": { "commune": "NULL", "date_suivi": "13/04/2021", "geniteur": "0", "espece": "Lamproie de Planer", "layer": "SNDP_AGNATHES_HEM_2021_04_13" }, "geometry": { "type": "Point", "coordinates": [ 2.077265835047216, 50.819091669695887 ] } },
{ "type": "Feature", "properties": { "commune": "NULL", "date_suivi": "13/04/2021", "geniteur": "0", "espece": "Lamproie de Planer", "layer": "SNDP_AGNATHES_HEM_2021_04_13" }, "geometry": { "type": "Point", "coordinates": [ 2.078165835047422, 50.820379984696082 ] } },
{ "type": "Feature", "properties": { "commune": "NULL", "date_suivi": "13/04/2021", "geniteur": "0", "espece": "Lamproie de Planer", "layer": "SNDP_AGNATHES_HEM_2021_04_13" }, "geometry": { "type": "Point", "coordinates": [ 2.078105005047173, 50.82037333969587 ] } },
{ "type": "Feature", "properties": { "commune": "NULL", "date_suivi": "13/04/2021", "geniteur": "0", "espece": "Lamproie de Planer", "layer": "SNDP_AGNATHES_HEM_2021_04_13" }, "geometry": { "type": "Point", "coordinates": [ 2.078435000047157, 50.820396679695868 ] } },
{ "type": "Feature", "properties": { "commune": "NULL", "date_suivi": "13/04/2021", "geniteur": "0", "espece": "Lamproie de Planer", "layer": "SNDP_AGNATHES_HEM_2021_04_13" }, "geometry": { "type": "Point", "coordinates": [ 2.078783890045475, 50.821162226362823 ] } },
{ "type": "Feature", "properties": { "commune": "NULL", "date_suivi": "13/04/2021", "geniteur": "0", "espece": "Lamproie de Planer", "layer": "SNDP_AGNATHES_HEM_2021_04_13" }, "geometry": { "type": "Point", "coordinates": [ 2.078674165046754, 50.820975019696 ] } },
{ "type": "Feature", "properties": { "commune": "NULL", "date_suivi": "13/04/2021", "geniteur": "0", "espece": "Lamproie de Planer", "layer": "SNDP_AGNATHES_HEM_2021_04_13" }, "geometry": { "type": "Point", "coordinates": [ 2.079954170046731, 50.821679144695892 ] } },
{ "type": "Feature", "properties": { "commune": "NULL", "date_suivi": "13/04/2021", "geniteur": "0", "espece": "Lamproie de Planer", "layer": "SNDP_AGNATHES_HEM_2021_04_13" }, "geometry": { "type": "Point", "coordinates": [ 2.080161670047068, 50.821659979695823 ] } },
{ "type": "Feature", "properties": { "commune": "NULL", "date_suivi": "13/04/2021", "geniteur": "0", "espece": "Lamproie de Planer", "layer": "SNDP_AGNATHES_HEM_2021_04_13" }, "geometry": { "type": "Point", "coordinates": [ 2.081453786418825, 50.82198560878868 ] } },
{ "type": "Feature", "properties": { "commune": "NULL", "date_suivi": "13/04/2021", "geniteur": "0", "espece": "Lamproie de Planer", "layer": "SNDP_AGNATHES_HEM_2021_04_13" }, "geometry": { "type": "Point", "coordinates": [ -1.363081210117897, -5.983856309209252 ] } },
{ "type": "Feature", "properties": { "commune": "NULL", "date_suivi": "13/04/2021", "geniteur": "0", "espece": "Lamproie de Planer", "layer": "SNDP_AGNATHES_HEM_2021_04_13" }, "geometry": { "type": "Point", "coordinates": [ 2.082036670046971, 50.822168349695787 ] } },
{ "type": "Feature", "properties": { "commune": "NULL", "date_suivi": "13/04/2021", "geniteur": "0", "espece": "Lamproie de Planer", "layer": "SNDP_AGNATHES_HEM_2021_04_13" }, "geometry": { "type": "Point", "coordinates": [ 2.082096660046969, 50.822160019695801 ] } },
{ "type": "Feature", "properties": { "commune": "NULL", "date_suivi": "13/04/2021", "geniteur": "0", "espece": "Lamproie de Planer", "layer": "SNDP_AGNATHES_HEM_2021_04_13" }, "geometry": { "type": "Point", "coordinates": [ 2.082870000046929, 50.822401679695794 ] } },
{ "type": "Feature", "properties": { "commune": "NULL", "date_suivi": "13/04/2021", "geniteur": "0", "espece": "Lamproie de Planer", "layer": "SNDP_AGNATHES_HEM_2021_04_13" }, "geometry": { "type": "Point", "coordinates": [ 2.082825830046724, 50.822317474695836 ] } },
{ "type": "Feature", "properties": { "commune": "NULL", "date_suivi": "13/04/2021", "geniteur": "0", "espece": "Lamproie de Planer", "layer": "SNDP_AGNATHES_HEM_2021_04_13" }, "geometry": { "type": "Point", "coordinates": [ 2.083356113378983, 50.82254000636302 ] } },
{ "type": "Feature", "properties": { "commune": "NULL", "date_suivi": "13/04/2021", "geniteur": "0", "espece": "Lamproie de Planer", "layer": "SNDP_AGNATHES_HEM_2021_04_13" }, "geometry": { "type": "Point", "coordinates": [ 2.083851665046625, 50.822719159695879 ] } },
{ "type": "Feature", "properties": { "commune": "NULL", "date_suivi": "13/04/2021", "geniteur": "0", "espece": "Lamproie de Planer", "layer": "SNDP_AGNATHES_HEM_2021_04_13" }, "geometry": { "type": "Point", "coordinates": [ 2.08381666004688, 50.822713339695788 ] } },
{ "type": "Feature", "properties": { "commune": "NULL", "date_suivi": "13/04/2021", "geniteur": "0", "espece": "Lamproie de Planer", "layer": "SNDP_AGNATHES_HEM_2021_04_13" }, "geometry": { "type": "Point", "coordinates": [ 2.083785830046633, 50.822688324695825 ] } },
{ "type": "Feature", "properties": { "commune": "NULL", "date_suivi": "13/04/2021", "geniteur": "0", "espece": "Lamproie de Planer", "layer": "SNDP_AGNATHES_HEM_2021_04_13" }, "geometry": { "type": "Point", "coordinates": [ 2.083758330046884, 50.822641689695779 ] } },
{ "type": "Feature", "properties": { "commune": "NULL", "date_suivi": "13/04/2021", "geniteur": "0", "espece": "Lamproie de Planer", "layer": "SNDP_AGNATHES_HEM_2021_04_13" }, "geometry": { "type": "Point", "coordinates": [ 2.084301670046856, 50.82282332969578 ] } },
{ "type": "Feature", "properties": { "commune": "NULL", "date_suivi": "13/04/2021", "geniteur": "0", "espece": "Lamproie de Planer", "layer": "SNDP_AGNATHES_HEM_2021_04_13" }, "geometry": { "type": "Point", "coordinates": [ -1.363081210117897, -5.983856309209252 ] } },
{ "type": "Feature", "properties": { "commune": "NULL", "date_suivi": "13/04/2021", "geniteur": "0", "espece": "Lamproie de Planer", "layer": "SNDP_AGNATHES_HEM_2021_04_13" }, "geometry": { "type": "Point", "coordinates": [ 2.084649165046823, 50.822880809695789 ] } },
{ "type": "Feature", "properties": { "commune": "NULL", "date_suivi": "13/04/2021", "geniteur": "0", "espece": "Lamproie de Planer", "layer": "SNDP_AGNATHES_HEM_2021_04_13" }, "geometry": { "type": "Point", "coordinates": [ 2.084625000046838, 50.822868349695781 ] } },
{ "type": "Feature", "properties": { "commune": "NULL", "date_suivi": "13/04/2021", "geniteur": "0", "espece": "Lamproie de Planer", "layer": "SNDP_AGNATHES_HEM_2021_04_13" }, "geometry": { "type": "Point", "coordinates": [ 2.084631670046837, 50.822918319695766 ] } },
{ "type": "Feature", "properties": { "commune": "NULL", "date_suivi": "13/04/2021", "geniteur": "0", "espece": "Lamproie de Planer", "layer": "SNDP_AGNATHES_HEM_2021_04_13" }, "geometry": { "type": "Point", "coordinates": [ 2.085385005046773, 50.823140844695786 ] } },
{ "type": "Feature", "properties": { "commune": "NULL", "date_suivi": "13/04/2021", "geniteur": "0", "espece": "Lamproie de Planer", "layer": "SNDP_AGNATHES_HEM_2021_04_13" }, "geometry": { "type": "Point", "coordinates": [ 2.085695000046783, 50.823206649695784 ] } },
{ "type": "Feature", "properties": { "commune": "NULL", "date_suivi": "13/04/2021", "geniteur": "0", "espece": "Lamproie de Planer", "layer": "SNDP_AGNATHES_HEM_2021_04_13" }, "geometry": { "type": "Point", "coordinates": [ 2.086776670046729, 50.82355416469575 ] } },
{ "type": "Feature", "properties": { "commune": "NULL", "date_suivi": "13/04/2021", "geniteur": "0", "espece": "Lamproie de Planer", "layer": "SNDP_AGNATHES_HEM_2021_04_13" }, "geometry": { "type": "Point", "coordinates": [ -1.363081210117897, -5.983856309209252 ] } },
{ "type": "Feature", "properties": { "commune": "NULL", "date_suivi": "13/04/2021", "geniteur": "0", "espece": "Lamproie de Planer", "layer": "SNDP_AGNATHES_HEM_2021_04_13" }, "geometry": { "type": "Point", "coordinates": [ 2.088113330046661, 50.824697494695741 ] } },
{ "type": "Feature", "properties": { "commune": "NULL", "date_suivi": "13/04/2021", "geniteur": "0", "espece": "Lamproie de Planer", "layer": "SNDP_AGNATHES_HEM_2021_04_13" }, "geometry": { "type": "Point", "coordinates": [ -1.363081210117897, -5.983856309209252 ] } },
{ "type": "Feature", "properties": { "commune": "NULL", "date_suivi": "13/04/2021", "geniteur": "0", "espece": "Lamproie de Planer", "layer": "SNDP_AGNATHES_HEM_2021_04_13" }, "geometry": { "type": "Point", "coordinates": [ 2.08708833004671, 50.825443329695716 ] } },
{ "type": "Feature", "properties": { "commune": "NULL", "date_suivi": "13/04/2021", "geniteur": "0", "espece": "Lamproie de Planer", "layer": "SNDP_AGNATHES_HEM_2021_04_13" }, "geometry": { "type": "Point", "coordinates": [ 2.087078330046712, 50.825450009695686 ] } },
{ "type": "Feature", "properties": { "commune": "NULL", "date_suivi": "13/04/2021", "geniteur": "0", "espece": "Lamproie de Planer", "layer": "SNDP_AGNATHES_HEM_2021_04_13" }, "geometry": { "type": "Point", "coordinates": [ 2.087086670046712, 50.825456679695712 ] } },
{ "type": "Feature", "properties": { "commune": "NULL", "date_suivi": "13/04/2021", "geniteur": "0", "espece": "Lamproie de Planer", "layer": "SNDP_AGNATHES_HEM_2021_04_13" }, "geometry": { "type": "Point", "coordinates": [ -1.363081210117897, -5.983856309209252 ] } },
{ "type": "Feature", "properties": { "commune": "NULL", "date_suivi": "13/04/2021", "geniteur": "0", "espece": "Lamproie de Planer", "layer": "SNDP_AGNATHES_HEM_2021_04_13" }, "geometry": { "type": "Point", "coordinates": [ 2.08652666004674, 50.825768339695713 ] } },
{ "type": "Feature", "properties": { "commune": "NULL", "date_suivi": "13/04/2021", "geniteur": "0", "espece": "Lamproie de Planer", "layer": "SNDP_AGNATHES_HEM_2021_04_13" }, "geometry": { "type": "Point", "coordinates": [ 2.085640000046785, 50.826306659695675 ] } },
{ "type": "Feature", "properties": { "commune": "NULL", "date_suivi": "13/04/2021", "geniteur": "0", "espece": "Lamproie de Planer", "layer": "SNDP_AGNATHES_HEM_2021_04_13" }, "geometry": { "type": "Point", "coordinates": [ 2.08554000004679, 50.826386639695677 ] } },
{ "type": "Feature", "properties": { "commune": "NULL", "date_suivi": "13/04/2021", "geniteur": "0", "espece": "Lamproie de Planer", "layer": "SNDP_AGNATHES_HEM_2021_04_13" }, "geometry": { "type": "Point", "coordinates": [ 2.085505000046792, 50.82637830969567 ] } },
{ "type": "Feature", "properties": { "commune": "NULL", "date_suivi": "13/04/2021", "geniteur": "0", "espece": "Lamproie de Planer", "layer": "SNDP_AGNATHES_HEM_2021_04_13" }, "geometry": { "type": "Point", "coordinates": [ 2.085471670046794, 50.826403359695689 ] } },
{ "type": "Feature", "properties": { "commune": "NULL", "date_suivi": "13/04/2021", "geniteur": "0", "espece": "Lamproie de Planer", "layer": "SNDP_AGNATHES_HEM_2021_04_13" }, "geometry": { "type": "Point", "coordinates": [ 2.085410000046798, 50.826458359695664 ] } },
{ "type": "Feature", "properties": { "commune": "NULL", "date_suivi": "13/04/2021", "geniteur": "0", "espece": "Lamproie de Planer", "layer": "SNDP_AGNATHES_HEM_2021_04_13" }, "geometry": { "type": "Point", "coordinates": [ 2.085215000046807, 50.826563329695688 ] } },
{ "type": "Feature", "properties": { "commune": "NULL", "date_suivi": "13/04/2021", "geniteur": "0", "espece": "Lamproie de Planer", "layer": "SNDP_AGNATHES_HEM_2021_04_13" }, "geometry": { "type": "Point", "coordinates": [ 2.084026670046867, 50.826448309695657 ] } },
{ "type": "Feature", "properties": { "commune": "NULL", "date_suivi": "13/04/2021", "geniteur": "0", "espece": "Lamproie de Planer", "layer": "SNDP_AGNATHES_HEM_2021_04_13" }, "geometry": { "type": "Point", "coordinates": [ 2.08379333004688, 50.826696649695684 ] } },
{ "type": "Feature", "properties": { "commune": "NULL", "date_suivi": "13/04/2021", "geniteur": "0", "espece": "Lamproie de Planer", "layer": "SNDP_AGNATHES_HEM_2021_04_13" }, "geometry": { "type": "Point", "coordinates": [ 2.082770000046932, 50.826855019695685 ] } },
{ "type": "Feature", "properties": { "commune": "NULL", "date_suivi": "13/04/2021", "geniteur": "0", "espece": "Lamproie de Planer", "layer": "SNDP_AGNATHES_HEM_2021_04_13" }, "geometry": { "type": "Point", "coordinates": [ 2.082052004047001, 50.82696965369567 ] } },
{ "type": "Feature", "properties": { "commune": "NULL", "date_suivi": "13/04/2021", "geniteur": "0", "espece": "Lamproie de Planer", "layer": "SNDP_AGNATHES_HEM_2021_04_13" }, "geometry": { "type": "Point", "coordinates": [ 2.081371670047004, 50.827048299695655 ] } },
{ "type": "Feature", "properties": { "commune": "NULL", "date_suivi": "13/04/2021", "geniteur": "0", "espece": "Lamproie de Planer", "layer": "SNDP_AGNATHES_HEM_2021_04_13" }, "geometry": { "type": "Point", "coordinates": [ 2.08104500004702, 50.827211699695638 ] } },
{ "type": "Feature", "properties": { "commune": "NULL", "date_suivi": "13/04/2021", "geniteur": "0", "espece": "Lamproie de Planer", "layer": "SNDP_AGNATHES_HEM_2021_04_13" }, "geometry": { "type": "Point", "coordinates": [ 2.081081670047018, 50.827226639695645 ] } },
{ "type": "Feature", "properties": { "commune": "NULL", "date_suivi": "13/04/2021", "geniteur": "0", "espece": "Lamproie de Planer", "layer": "SNDP_AGNATHES_HEM_2021_04_13" }, "geometry": { "type": "Point", "coordinates": [ -1.363081210117897, -5.983856309209252 ] } },
{ "type": "Feature", "properties": { "commune": "NULL", "date_suivi": "13/04/2021", "geniteur": "0", "espece": "Lamproie de Planer", "layer": "SNDP_AGNATHES_HEM_2021_04_13" }, "geometry": { "type": "Point", "coordinates": [ 2.081288330047007, 50.829416659695589 ] } },
{ "type": "Feature", "properties": { "commune": "NULL", "date_suivi": "13/04/2021", "geniteur": "0", "espece": "Lamproie de Planer", "layer": "SNDP_AGNATHES_HEM_2021_04_13" }, "geometry": { "type": "Point", "coordinates": [ 2.090870000046513, 50.837076699695345 ] } },
{ "type": "Feature", "properties": { "commune": "NULL", "date_suivi": "13/04/2021", "geniteur": "0", "espece": "Lamproie de Planer", "layer": "SNDP_AGNATHES_HEM_2021_04_13" }, "geometry": { "type": "Point", "coordinates": [ 2.090693330046522, 50.836988319695358 ] } },
{ "type": "Feature", "properties": { "commune": "NULL", "date_suivi": "13/04/2021", "geniteur": "0", "espece": "Lamproie de Planer", "layer": "SNDP_AGNATHES_HEM_2021_04_13" }, "geometry": { "type": "Point", "coordinates": [ 2.090636670046526, 50.836979989695372 ] } },
{ "type": "Feature", "properties": { "commune": "NULL", "date_suivi": "13/04/2021", "geniteur": "0", "espece": "Lamproie de Planer", "layer": "SNDP_AGNATHES_HEM_2021_04_13" }, "geometry": { "type": "Point", "coordinates": [ 2.090518330046532, 50.836724979695397 ] } },
{ "type": "Feature", "properties": { "commune": "NULL", "date_suivi": "13/04/2021", "geniteur": "0", "espece": "Lamproie de Planer", "layer": "SNDP_AGNATHES_HEM_2021_04_13" }, "geometry": { "type": "Point", "coordinates": [ 2.090320835045445, 50.836666664695883 ] } },
{ "type": "Feature", "properties": { "commune": "NULL", "date_suivi": "13/04/2021", "geniteur": "0", "espece": "Lamproie de Planer", "layer": "SNDP_AGNATHES_HEM_2021_04_13" }, "geometry": { "type": "Point", "coordinates": [ 2.090228340046547, 50.836611679695373 ] } },
{ "type": "Feature", "properties": { "commune": "NULL", "date_suivi": "13/04/2021", "geniteur": "0", "espece": "Lamproie de Planer", "layer": "SNDP_AGNATHES_HEM_2021_04_13" }, "geometry": { "type": "Point", "coordinates": [ 2.090008330046557, 50.836413319695396 ] } },
{ "type": "Feature", "properties": { "commune": "NULL", "date_suivi": "13/04/2021", "geniteur": "0", "espece": "Lamproie de Planer", "layer": "SNDP_AGNATHES_HEM_2021_04_13" }, "geometry": { "type": "Point", "coordinates": [ 2.089981670046559, 50.836381659695391 ] } },
{ "type": "Feature", "properties": { "commune": "NULL", "date_suivi": "13/04/2021", "geniteur": "0", "espece": "Lamproie de Planer", "layer": "SNDP_AGNATHES_HEM_2021_04_13" }, "geometry": { "type": "Point", "coordinates": [ 2.089671670046576, 50.835979969695387 ] } },
{ "type": "Feature", "properties": { "commune": "NULL", "date_suivi": "13/04/2021", "geniteur": "0", "espece": "Lamproie de Planer", "layer": "SNDP_AGNATHES_HEM_2021_04_13" }, "geometry": { "type": "Point", "coordinates": [ 2.089327505046607, 50.835629144695417 ] } },
{ "type": "Feature", "properties": { "commune": "NULL", "date_suivi": "13/04/2021", "geniteur": "0", "espece": "Lamproie de Planer", "layer": "SNDP_AGNATHES_HEM_2021_04_13" }, "geometry": { "type": "Point", "coordinates": [ 2.093818330046358, 50.846191659695094 ] } },
{ "type": "Feature", "properties": { "commune": "NULL", "date_suivi": "13/04/2021", "geniteur": "0", "espece": "Lamproie de Planer", "layer": "SNDP_AGNATHES_HEM_2021_04_13" }, "geometry": { "type": "Point", "coordinates": [ 2.094116660046344, 50.846273359695083 ] } },
{ "type": "Feature", "properties": { "commune": "NULL", "date_suivi": "13/04/2021", "geniteur": "0", "espece": "Lamproie de Planer", "layer": "SNDP_AGNATHES_HEM_2021_04_13" }, "geometry": { "type": "Point", "coordinates": [ -1.363081210117897, -5.983856309209252 ] } },
{ "type": "Feature", "properties": { "commune": "NULL", "date_suivi": "13/04/2021", "geniteur": "0", "espece": "Lamproie de Planer", "layer": "SNDP_AGNATHES_HEM_2021_04_13" }, "geometry": { "type": "Point", "coordinates": [ 2.095911670046252, 50.846826679695084 ] } },
{ "type": "Feature", "properties": { "commune": "NULL", "date_suivi": "13/04/2021", "geniteur": "0", "espece": "Lamproie de Planer", "layer": "SNDP_AGNATHES_HEM_2021_04_13" }, "geometry": { "type": "Point", "coordinates": [ 2.09612667004624, 50.847033309695064 ] } },
{ "type": "Feature", "properties": { "commune": "NULL", "date_suivi": "13/04/2021", "geniteur": "0", "espece": "Lamproie de Planer", "layer": "SNDP_AGNATHES_HEM_2021_04_13" }, "geometry": { "type": "Point", "coordinates": [ 2.096230000046235, 50.847106679695059 ] } },
{ "type": "Feature", "properties": { "commune": "NULL", "date_suivi": "13/04/2021", "geniteur": "0", "espece": "Lamproie de Planer", "layer": "SNDP_AGNATHES_HEM_2021_04_13" }, "geometry": { "type": "Point", "coordinates": [ 2.096790000046206, 50.847605009695052 ] } },
{ "type": "Feature", "properties": { "commune": "NULL", "date_suivi": "13/04/2021", "geniteur": "0", "espece": "LPP", "layer": "SNDP_AGNATHES_HEM_2021_04_13" }, "geometry": { "type": "Point", "coordinates": [ 2.097160000046187, 50.84801330969502 ] } }
]
}
