{
"type": "FeatureCollection",
"name": "USRA_HEM",
"crs": { "type": "name", "properties": { "name": "urn:ogc:def:crs:OGC:1.3:CRS84" } },
"features": [
{ "type": "Feature", "properties": { "fid": 1, "usra_id": 123603, "usra_id_st": "6049_1", "tgh_id": 6049, "usra_index": 1, "toponyme": "rivière la hem", "longueur": 906.55, "zamont": 33.599998474121101, "zaval": 30.899998855590823, "agri3w_v": 0.0, "agri3w": "faible", "agribv_v": 44.05, "agribv": "fort", "alluvial": "oui", "beton": "absence", "canaux": "absence", "carriere": "absence", "chenal_v": null, "chenal": "faible", "conf": "absence", "conso": 1118.734426493035, "consom1": "faible", "consom2": "faible", "curage": "absence", "dobs1_v": 0.3, "dobs1": "fort", "dobs2_v": 3.52, "dobs2": "fort", "eclu": "absence", "etiage": "fort", "haies_v": 5.1592160602602384, "haies": "fort", "imper_v": 7.08, "imper": "faible", "intercep_v": 7.0, "intercepte": "faible", "montagne": "dessous", "navigable": "non", "obsmax1_v": 2.0, "obsmax1": "moyen", "obsmax2_v": 2.0, "obsmax2": "moyen", "orp": "absence", "orp_amont": "absence", "orp_autour": "absence", "orp_aval": "absence", "orp_proche": "absence", "pente2c": "faible", "pente3c": "faible", "pistes": "absence", "rang": "petit", "rectitud_v": 0.0, "rectitude": "faible", "ret_us": "autre", "ret_vol1_v": 0.0, "ret_vol1": "faible", "ret_vol2_v": 0.0, "ret_vol2": "faible", "sensisol_v": 21.5469, "sensisol": "moyen", "tcc": "absence", "txamg_v": 15.23, "txamg": "moyen", "txetg1_v": 17.8, "txetg1": "moyen", "txetg2_v": 12.94, "txetg2": "moyen", "txetg3_v": null, "txetg3": "faible", "txetg4_v": null, "txetg4": "faible", "txetg5_v": 7.59, "txetg5": "faible", "veget10_v": 22.026541989783414, "veget10": "faible", "veget30_v": 18.233481548204065, "veget30": "tres_faible", "veget60_v": 15.913567305375496, "veget60": "tres_faible", "hyd_dyn1": 1.0, "hyd_dyn2": 0.0, "hyd_dyn3": 0.0, "hyd_dyn4": 0.0, "hyd_dyn5": 0.0, "hyd_dyn": 1.0, "hyd_dyn_cl": "tres_faible", "av_hyd_dyn": "-", "hyd_qte1": 1.0, "hyd_qte2": 0.0, "hyd_qte3": 0.0, "hyd_qte4": 0.0, "hyd_qte5": 0.0, "hyd_qte": 1.0, "hyd_qte_cl": "tres_faible", "av_hyd_qte": "-", "hyd_mes1": 0.0, "hyd_mes2": 0.15, "hyd_mes3": 0.85, "hyd_mes4": 0.0, "hyd_mes5": 0.0, "hyd_mes": 3.0, "hyd_mes_cl": "moyen", "av_hyd_mes": "-", "con_amp1": 0.0, "con_amp2": 0.0, "con_amp3": 0.0, "con_amp4": 0.4, "con_amp5": 0.6, "con_amp": 5.0, "con_amp_cl": "tres_fort", "av_con_amp": "-", "con_pro1": 0.0, "con_pro2": 0.0, "con_pro3": 0.3, "con_pro4": 0.5, "con_pro5": 0.2, "con_pro": 4.0, "con_pro_cl": "fort", "av_con_pro": "-", "con_lat1": 0.6, "con_lat2": 0.0, "con_lat3": 0.4, "con_lat4": 0.0, "con_lat5": 0.0, "con_lat": 1.0, "con_lat_cl": "tres_faible", "av_con_lat": "-", "con_sed1": 1.0, "con_sed2": 0.0, "con_sed3": 0.0, "con_sed4": 0.0, "con_sed5": 0.0, "con_sed": 1.0, "con_sed_cl": "tres_faible", "av_con_sed": "-", "mor_pll1": 0.6, "mor_pll2": 0.0, "mor_pll3": 0.4, "mor_pll4": 0.0, "mor_pll5": 0.0, "mor_pll": 1.0, "mor_pll_cl": "tres_faible", "av_mor_pll": "-", "mor_riv1": 0.0, "mor_riv2": 0.051, "mor_riv3": 0.313, "mor_riv4": 0.528, "mor_riv5": 0.108, "mor_riv": 4.0, "mor_riv_cl": "fort", "av_mor_riv": "-", "mor_ssl1": 0.0, "mor_ssl2": 0.0, "mor_ssl3": 0.15, "mor_ssl4": 0.85, "mor_ssl5": 0.0, "mor_ssl": 4.0, "mor_ssl_cl": "fort", "av_mor_ssl": "-", "av_aggrave": null, "av_attenue": null, "lbbh": "Artois-Picardie", "cdbh": "01", "Score_100": 25.1, "mor_rip": 4 }, "geometry": { "type": "MultiLineString", "coordinates": [ [ [ 2.02103166305285, 50.800051571973889 ], [ 2.021572719795039, 50.800258605327286 ], [ 2.021998591861714, 50.800418971338921 ], [ 2.022201130663208, 50.800487856298481 ], [ 2.022316337692173, 50.800533623900037 ], [ 2.022441892684129, 50.800557040819214 ], [ 2.022587845257862, 50.800551007702047 ], [ 2.022673240087095, 50.800528348542294 ], [ 2.022738170989753, 50.80046604891384 ], [ 2.022820142089218, 50.800401191080908 ], [ 2.022917124523648, 50.800365163572216 ], [ 2.0230542322744, 50.800377005961479 ], [ 2.023187530974289, 50.800366386571852 ], [ 2.023348392338069, 50.800321886814331 ], [ 2.023461699211918, 50.800247404202693 ], [ 2.0235931640309, 50.800185625573768 ], [ 2.023774806098945, 50.800091938214912 ], [ 2.02394407240046, 50.800051989890264 ], [ 2.024195847888169, 50.799992050336797 ], [ 2.024440142302056, 50.799952688930468 ], [ 2.024581723542898, 50.799952900157137 ], [ 2.024701807931215, 50.799966402014213 ], [ 2.02481018262774, 50.799999552063056 ], [ 2.024920794355577, 50.800063226729037 ], [ 2.024965168348566, 50.800111129345332 ], [ 2.025012880648253, 50.800133037216405 ], [ 2.025090478812367, 50.80014710348474 ], [ 2.02518088772212, 50.800157680853602 ], [ 2.025230435243552, 50.800158068503485 ], [ 2.025324147313518, 50.800144445304525 ], [ 2.025368241940031, 50.800134022995152 ], [ 2.025416897994415, 50.800107485478883 ], [ 2.025457549379429, 50.800055761753036 ], [ 2.025474327008422, 50.799993981301562 ], [ 2.02550066419179, 50.799877542087067 ], [ 2.025534184719535, 50.799828454359073 ], [ 2.025615958985465, 50.799773463102461 ], [ 2.025661905575133, 50.799740623392282 ], [ 2.025777183083485, 50.799710120343946 ], [ 2.025862435312593, 50.799694636046013 ], [ 2.025947373144321, 50.799695300112454 ], [ 2.026014799539719, 50.799722745361755 ], [ 2.026053162512717, 50.79978854603926 ], [ 2.026068316657977, 50.799882877946104 ], [ 2.026102450371765, 50.79994774826023 ], [ 2.026166591961499, 50.799998496775544 ], [ 2.026336243373415, 50.800084166111226 ], [ 2.026653506279771, 50.800151248505856 ], [ 2.027120095875022, 50.800257181523769 ], [ 2.027490210706498, 50.800300448139495 ], [ 2.027706752562236, 50.800304829965405 ], [ 2.027943043820754, 50.800312954577137 ], [ 2.028109375916498, 50.800351040224093 ], [ 2.028342927821888, 50.800427335214223 ], [ 2.028519030830417, 50.800472674658714 ], [ 2.028817176452607, 50.800503711616685 ], [ 2.029114028639453, 50.800528456891207 ], [ 2.029569486745863, 50.800551745082615 ], [ 2.030197732157066, 50.800645466376871 ], [ 2.030374957735856, 50.800706065477065 ], [ 2.030593446506531, 50.800756218141061 ], [ 2.030749134528999, 50.800759223904954 ], [ 2.030905187446909, 50.800743389663566 ], [ 2.031030425810577, 50.800710267476411 ], [ 2.031185757628004, 50.800658536514256 ], [ 2.031299652961302, 50.800626223123651 ], [ 2.031349218360989, 50.80062571120601 ], [ 2.031398679562535, 50.800630582073175 ], [ 2.031447793467492, 50.800653395602055 ], [ 2.031485286941983, 50.800691372354798 ], [ 2.031499556871272, 50.800758778449143 ], [ 2.031524588316909, 50.800928556819116 ], [ 2.031515713274194, 50.801094482514621 ], [ 2.031507354143111, 50.801111608916905 ] ] ] } },
{ "type": "Feature", "properties": { "fid": 2, "usra_id": 123621, "usra_id_st": "6049_2", "tgh_id": 6049, "usra_index": 2, "toponyme": "rivière la hem", "longueur": 906.55, "zamont": 30.899998855590823, "zaval": 28.199999237060538, "agri3w_v": 0.0, "agri3w": "faible", "agribv_v": 44.05, "agribv": "fort", "alluvial": "oui", "beton": "absence", "canaux": "absence", "carriere": "absence", "chenal_v": null, "chenal": "faible", "conf": "absence", "conso": 1118.734426493035, "consom1": "faible", "consom2": "faible", "curage": "absence", "dobs1_v": 0.31, "dobs1": "fort", "dobs2_v": 3.9, "dobs2": "fort", "eclu": "absence", "etiage": "fort", "haies_v": 5.1592160602602384, "haies": "fort", "imper_v": 7.08, "imper": "faible", "intercep_v": 7.0, "intercepte": "faible", "montagne": "dessous", "navigable": "non", "obsmax1_v": 2.0, "obsmax1": "moyen", "obsmax2_v": 2.0, "obsmax2": "moyen", "orp": "absence", "orp_amont": "absence", "orp_autour": "absence", "orp_aval": "absence", "orp_proche": "absence", "pente2c": "faible", "pente3c": "faible", "pistes": "absence", "rang": "petit", "rectitud_v": 0.0, "rectitude": "faible", "ret_us": "autre", "ret_vol1_v": 0.0, "ret_vol1": "faible", "ret_vol2_v": 0.0, "ret_vol2": "faible", "sensisol_v": 21.5469, "sensisol": "moyen", "tcc": "absence", "txamg_v": 21.45, "txamg": "moyen", "txetg1_v": 19.36, "txetg1": "moyen", "txetg2_v": 13.39, "txetg2": "moyen", "txetg3_v": 5.68, "txetg3": "faible", "txetg4_v": 5.68, "txetg4": "faible", "txetg5_v": 7.57, "txetg5": "faible", "veget10_v": 27.950868426234585, "veget10": "faible", "veget30_v": 17.764788795789205, "veget30": "tres_faible", "veget60_v": 14.445144616446049, "veget60": "tres_faible", "hyd_dyn1": 1.0, "hyd_dyn2": 0.0, "hyd_dyn3": 0.0, "hyd_dyn4": 0.0, "hyd_dyn5": 0.0, "hyd_dyn": 1.0, "hyd_dyn_cl": "tres_faible", "av_hyd_dyn": "-", "hyd_qte1": 1.0, "hyd_qte2": 0.0, "hyd_qte3": 0.0, "hyd_qte4": 0.0, "hyd_qte5": 0.0, "hyd_qte": 1.0, "hyd_qte_cl": "tres_faible", "av_hyd_qte": "-", "hyd_mes1": 0.0, "hyd_mes2": 0.15, "hyd_mes3": 0.85, "hyd_mes4": 0.0, "hyd_mes5": 0.0, "hyd_mes": 3.0, "hyd_mes_cl": "moyen", "av_hyd_mes": "-", "con_amp1": 0.0, "con_amp2": 0.0, "con_amp3": 0.0, "con_amp4": 0.4, "con_amp5": 0.6, "con_amp": 5.0, "con_amp_cl": "tres_fort", "av_con_amp": "-", "con_pro1": 0.0, "con_pro2": 0.0, "con_pro3": 0.3, "con_pro4": 0.5, "con_pro5": 0.2, "con_pro": 4.0, "con_pro_cl": "fort", "av_con_pro": "-", "con_lat1": 0.6, "con_lat2": 0.0, "con_lat3": 0.4, "con_lat4": 0.0, "con_lat5": 0.0, "con_lat": 1.0, "con_lat_cl": "tres_faible", "av_con_lat": "-", "con_sed1": 1.0, "con_sed2": 0.0, "con_sed3": 0.0, "con_sed4": 0.0, "con_sed5": 0.0, "con_sed": 1.0, "con_sed_cl": "tres_faible", "av_con_sed": "-", "mor_pll1": 0.6, "mor_pll2": 0.0, "mor_pll3": 0.4, "mor_pll4": 0.0, "mor_pll5": 0.0, "mor_pll": 1.0, "mor_pll_cl": "tres_faible", "av_mor_pll": "-", "mor_riv1": 0.0, "mor_riv2": 0.051, "mor_riv3": 0.313, "mor_riv4": 0.528, "mor_riv5": 0.108, "mor_riv": 4.0, "mor_riv_cl": "fort", "av_mor_riv": "-", "mor_ssl1": 0.0, "mor_ssl2": 0.0, "mor_ssl3": 0.15, "mor_ssl4": 0.85, "mor_ssl5": 0.0, "mor_ssl": 4.0, "mor_ssl_cl": "fort", "av_mor_ssl": "-", "av_aggrave": null, "av_attenue": null, "lbbh": "Artois-Picardie", "cdbh": "01", "Score_100": 26.7, "mor_rip": 4 }, "geometry": { "type": "MultiLineString", "coordinates": [ [ [ 2.031507354143111, 50.801111608916905 ], [ 2.031472957033202, 50.801182082464436 ], [ 2.031458192508965, 50.801213372084611 ], [ 2.031459000397807, 50.801244782753628 ], [ 2.031472775122182, 50.801264629730412 ], [ 2.03150773291508, 50.801287333167828 ], [ 2.03157834312453, 50.801296854684203 ], [ 2.031670674645001, 50.801281421466108 ], [ 2.031765958979827, 50.801259730248724 ], [ 2.031875070187704, 50.801255194490437 ], [ 2.031996453855174, 50.801274980222978 ], [ 2.032157945105093, 50.801270851151983 ], [ 2.032292382323228, 50.801274587166183 ], [ 2.03240264896612, 50.801283518940942 ], [ 2.032533855922977, 50.80130786677266 ], [ 2.032791052059781, 50.801406768512095 ], [ 2.033225556308978, 50.801489100240147 ], [ 2.033462247298252, 50.801550156208542 ], [ 2.033525311959265, 50.801583844301192 ], [ 2.03362758276628, 50.801640268131841 ], [ 2.033683980015641, 50.801725945928844 ], [ 2.033823750298895, 50.80204017602879 ], [ 2.033883204925116, 50.802114212917793 ], [ 2.033932286776421, 50.802138819680209 ], [ 2.03405224037962, 50.8021594895391 ], [ 2.034186835977222, 50.802155149313101 ], [ 2.034298057209344, 50.802114737116689 ], [ 2.034446671176235, 50.80211768339224 ], [ 2.034533977252997, 50.802142586120169 ], [ 2.034900363923577, 50.802233356674577 ], [ 2.035359892011816, 50.80241367660647 ], [ 2.035801140136174, 50.802587572452452 ], [ 2.036058141907941, 50.802697232836621 ], [ 2.036416334791068, 50.802772681901736 ], [ 2.03703793933206, 50.802919255363491 ], [ 2.037507425430547, 50.803024273785041 ], [ 2.037892970216145, 50.803076600926261 ], [ 2.037980400424398, 50.803095221281659 ], [ 2.03807960496613, 50.803090603588949 ], [ 2.038190376756692, 50.803073513399646 ], [ 2.038243724404644, 50.803023678353973 ], [ 2.038321604846483, 50.802949806477379 ], [ 2.038503798275114, 50.802826492688723 ], [ 2.038676927693332, 50.802732718438399 ], [ 2.038843911060764, 50.802664019956815 ], [ 2.038943510995233, 50.802638767529437 ], [ 2.039014245138785, 50.802642004885762 ], [ 2.039143991472823, 50.802669026184489 ], [ 2.039348168168106, 50.802728025494929 ], [ 2.039505316563393, 50.802802812718888 ], [ 2.040199851830917, 50.803133871729912 ], [ 2.040340965127157, 50.803232760451188 ], [ 2.040428160553557, 50.803337514627827 ], [ 2.040462905156016, 50.803445453878105 ], [ 2.040514597280662, 50.803703366640782 ], [ 2.040528106070663, 50.803811142284808 ], [ 2.040549605457875, 50.803871424480619 ], [ 2.040591647952986, 50.803894179785075 ], [ 2.04067935580893, 50.80389844412975 ], [ 2.040789956510503, 50.803890322959617 ], [ 2.040898121202578, 50.8038615458848 ], [ 2.041004629288319, 50.803845317652751 ], [ 2.041124968147924, 50.803846243767268 ], [ 2.041157186581517, 50.803864436963032 ], [ 2.041182085590042, 50.803895135512953 ], [ 2.041206743948396, 50.803938393889119 ], [ 2.041216846326876, 50.804073679402755 ] ] ] } },
{ "type": "Feature", "properties": { "fid": 3, "usra_id": 123629, "usra_id_st": "6049_3", "tgh_id": 6049, "usra_index": 3, "toponyme": "rivière la hem", "longueur": 906.55, "zamont": 28.199999237060538, "zaval": 25.499999618530261, "agri3w_v": 0.0, "agri3w": "faible", "agribv_v": 44.05, "agribv": "fort", "alluvial": "oui", "beton": "absence", "canaux": "absence", "carriere": "absence", "chenal_v": null, "chenal": "faible", "conf": "absence", "conso": 1118.734426493035, "consom1": "faible", "consom2": "faible", "curage": "absence", "dobs1_v": 0.32, "dobs1": "fort", "dobs2_v": 2.66, "dobs2": "fort", "eclu": "absence", "etiage": "fort", "haies_v": 5.1592160602602384, "haies": "fort", "imper_v": 7.08, "imper": "faible", "intercep_v": 7.0, "intercepte": "faible", "montagne": "dessous", "navigable": "non", "obsmax1_v": 2.0, "obsmax1": "moyen", "obsmax2_v": 2.0, "obsmax2": "moyen", "orp": "absence", "orp_amont": "absence", "orp_autour": "absence", "orp_aval": "absence", "orp_proche": "absence", "pente2c": "faible", "pente3c": "faible", "pistes": "absence", "rang": "petit", "rectitud_v": 0.0, "rectitude": "faible", "ret_us": "autre", "ret_vol1_v": 0.0, "ret_vol1": "faible", "ret_vol2_v": 0.0, "ret_vol2": "faible", "sensisol_v": 21.5469, "sensisol": "moyen", "tcc": "absence", "txamg_v": 29.28, "txamg": "fort", "txetg1_v": 20.67, "txetg1": "moyen", "txetg2_v": 11.0, "txetg2": "moyen", "txetg3_v": 70.38, "txetg3": "fort", "txetg4_v": 70.38, "txetg4": "fort", "txetg5_v": 8.21, "txetg5": "faible", "veget10_v": 21.380427671086885, "veget10": "faible", "veget30_v": 16.197472864848351, "veget30": "tres_faible", "veget60_v": 15.420011711279018, "veget60": "tres_faible", "hyd_dyn1": 1.0, "hyd_dyn2": 0.0, "hyd_dyn3": 0.0, "hyd_dyn4": 0.0, "hyd_dyn5": 0.0, "hyd_dyn": 1.0, "hyd_dyn_cl": "tres_faible", "av_hyd_dyn": "-", "hyd_qte1": 1.0, "hyd_qte2": 0.0, "hyd_qte3": 0.0, "hyd_qte4": 0.0, "hyd_qte5": 0.0, "hyd_qte": 1.0, "hyd_qte_cl": "tres_faible", "av_hyd_qte": "-", "hyd_mes1": 0.0, "hyd_mes2": 0.0, "hyd_mes3": 0.0, "hyd_mes4": 0.815, "hyd_mes5": 0.185, "hyd_mes": 4.0, "hyd_mes_cl": "fort", "av_hyd_mes": "-", "con_amp1": 0.0, "con_amp2": 0.0, "con_amp3": 0.0, "con_amp4": 0.4, "con_amp5": 0.6, "con_amp": 5.0, "con_amp_cl": "tres_fort", "av_con_amp": "-", "con_pro1": 0.0, "con_pro2": 0.0, "con_pro3": 0.3, "con_pro4": 0.5, "con_pro5": 0.2, "con_pro": 4.0, "con_pro_cl": "fort", "av_con_pro": "-", "con_lat1": 0.0, "con_lat2": 0.0, "con_lat3": 0.0, "con_lat4": 0.8, "con_lat5": 0.2, "con_lat": 4.0, "con_lat_cl": "fort", "av_con_lat": "-", "con_sed1": 1.0, "con_sed2": 0.0, "con_sed3": 0.0, "con_sed4": 0.0, "con_sed5": 0.0, "con_sed": 1.0, "con_sed_cl": "tres_faible", "av_con_sed": "-", "mor_pll1": 0.0, "mor_pll2": 0.0, "mor_pll3": 0.162, "mor_pll4": 0.462, "mor_pll5": 0.375, "mor_pll": 4.0, "mor_pll_cl": "fort", "av_mor_pll": "-", "mor_riv1": 0.0, "mor_riv2": 0.022, "mor_riv3": 0.306, "mor_riv4": 0.456, "mor_riv5": 0.216, "mor_riv": 4.0, "mor_riv_cl": "fort", "av_mor_riv": "-", "mor_ssl1": 0.0, "mor_ssl2": 0.0, "mor_ssl3": 0.029, "mor_ssl4": 0.286, "mor_ssl5": 0.685, "mor_ssl": 5.0, "mor_ssl_cl": "tres_fort", "av_mor_ssl": "-", "av_aggrave": null, "av_attenue": null, "lbbh": "Artois-Picardie", "cdbh": "01", "Score_100": 34.0, "mor_rip": 4 }, "geometry": { "type": "MultiLineString", "coordinates": [ [ [ 2.041216846326876, 50.804073679402755 ], [ 2.041236041101782, 50.804330723209098 ], [ 2.041259966652718, 50.804486133717283 ], [ 2.041316448937458, 50.804568219165638 ], [ 2.041393491345646, 50.80461188047515 ], [ 2.041531360625584, 50.804658701415292 ], [ 2.041620004515198, 50.804688095620982 ], [ 2.041678865661256, 50.804719952497543 ], [ 2.041713658672134, 50.804751624249775 ], [ 2.041720830278422, 50.80482076857259 ], [ 2.041671353482448, 50.804890374487961 ], [ 2.041660669750336, 50.804930669100628 ], [ 2.041691909638406, 50.804999998511292 ], [ 2.041716019134567, 50.805071964854982 ], [ 2.041807931902757, 50.805152527944344 ], [ 2.042069455179489, 50.80532322382664 ], [ 2.042283770428408, 50.80544510418769 ], [ 2.042368254616215, 50.805469979536156 ], [ 2.042450199176835, 50.80547958187509 ], [ 2.04266524595975, 50.805489309564003 ], [ 2.0429458314164, 50.805478006009871 ], [ 2.0431397614174, 50.80548128986409 ], [ 2.043250210820036, 50.805481240691421 ], [ 2.043373059341592, 50.805499231825578 ], [ 2.043450413710449, 50.805526743479078 ], [ 2.043521213135564, 50.805600862319402 ], [ 2.043970353278156, 50.806253925341025 ], [ 2.04406089030731, 50.80633268150423 ], [ 2.044181125659323, 50.806413459911845 ], [ 2.044629786912898, 50.806647496137991 ], [ 2.045251480770869, 50.80679313062803 ], [ 2.045739306580744, 50.806904538322591 ], [ 2.046236840229666, 50.807026785473568 ], [ 2.046441402143898, 50.807066933094333 ], [ 2.046618194548241, 50.807078155659916 ], [ 2.046887256183621, 50.807077522127599 ], [ 2.047347542175374, 50.807073863767982 ], [ 2.047416952694297, 50.807072599871269 ], [ 2.047549837084689, 50.807084382714287 ], [ 2.048221100270809, 50.807155908655545 ], [ 2.048548484775902, 50.807215833250645 ], [ 2.048955294097897, 50.807269185109071 ], [ 2.049095975375928, 50.807317813354977 ], [ 2.049105340702282, 50.807346597057723 ], [ 2.049083352658359, 50.807385908594689 ], [ 2.048939925879051, 50.807556190165961 ], [ 2.04892401035419, 50.807574013839123 ], [ 2.048907122702015, 50.807642973742688 ], [ 2.048912684146237, 50.807722872059564 ], [ 2.048948115204578, 50.807795820279289 ], [ 2.049192890817182, 50.807955605331166 ], [ 2.049764685364988, 50.808195047951052 ], [ 2.050037077333331, 50.808340611410117 ] ] ] } },
{ "type": "Feature", "properties": { "fid": 4, "usra_id": 123647, "usra_id_st": "6049_4", "tgh_id": 6049, "usra_index": 4, "toponyme": "rivière la hem", "longueur": 906.55, "zamont": 25.499999618530261, "zaval": 22.8, "agri3w_v": 2.17, "agri3w": "faible", "agribv_v": 44.05, "agribv": "fort", "alluvial": "oui", "beton": "absence", "canaux": "absence", "carriere": "absence", "chenal_v": null, "chenal": "faible", "conf": "absence", "conso": 1118.734426493035, "consom1": "faible", "consom2": "faible", "curage": "absence", "dobs1_v": 0.27, "dobs1": "fort", "dobs2_v": 2.54, "dobs2": "fort", "eclu": "absence", "etiage": "fort", "haies_v": 5.1592160602602384, "haies": "fort", "imper_v": 7.08, "imper": "faible", "intercep_v": 7.0, "intercepte": "faible", "montagne": "dessous", "navigable": "non", "obsmax1_v": 0.95, "obsmax1": "faible", "obsmax2_v": 2.0, "obsmax2": "moyen", "orp": "absence", "orp_amont": "absence", "orp_autour": "absence", "orp_aval": "absence", "orp_proche": "absence", "pente2c": "faible", "pente3c": "faible", "pistes": "absence", "rang": "petit", "rectitud_v": 33.33, "rectitude": "moyen", "ret_us": "autre", "ret_vol1_v": 0.0, "ret_vol1": "faible", "ret_vol2_v": 0.0, "ret_vol2": "faible", "sensisol_v": 21.5469, "sensisol": "moyen", "tcc": "absence", "txamg_v": 34.03, "txamg": "fort", "txetg1_v": 15.4, "txetg1": "moyen", "txetg2_v": 10.78, "txetg2": "moyen", "txetg3_v": 6.49, "txetg3": "faible", "txetg4_v": null, "txetg4": "faible", "txetg5_v": 8.13, "txetg5": "faible", "veget10_v": 75.931762600480113, "veget10": "moyen", "veget30_v": 57.456664064904174, "veget30": "moyen", "veget60_v": 38.520567409215914, "veget60": "faible", "hyd_dyn1": 1.0, "hyd_dyn2": 0.0, "hyd_dyn3": 0.0, "hyd_dyn4": 0.0, "hyd_dyn5": 0.0, "hyd_dyn": 1.0, "hyd_dyn_cl": "tres_faible", "av_hyd_dyn": "-", "hyd_qte1": 1.0, "hyd_qte2": 0.0, "hyd_qte3": 0.0, "hyd_qte4": 0.0, "hyd_qte5": 0.0, "hyd_qte": 1.0, "hyd_qte_cl": "tres_faible", "av_hyd_qte": "-", "hyd_mes1": 0.0, "hyd_mes2": 0.045, "hyd_mes3": 0.825, "hyd_mes4": 0.13, "hyd_mes5": 0.0, "hyd_mes": 3.0, "hyd_mes_cl": "moyen", "av_hyd_mes": "-", "con_amp1": 0.0, "con_amp2": 0.1, "con_amp3": 0.7, "con_amp4": 0.2, "con_amp5": 0.0, "con_amp": 3.0, "con_amp_cl": "moyen", "av_con_amp": "-", "con_pro1": 0.0, "con_pro2": 0.0, "con_pro3": 0.3, "con_pro4": 0.5, "con_pro5": 0.2, "con_pro": 4.0, "con_pro_cl": "fort", "av_con_pro": "-", "con_lat1": 0.06, "con_lat2": 0.0, "con_lat3": 0.744, "con_lat4": 0.196, "con_lat5": 0.0, "con_lat": 3.0, "con_lat_cl": "moyen", "av_con_lat": "-", "con_sed1": 1.0, "con_sed2": 0.0, "con_sed3": 0.0, "con_sed4": 0.0, "con_sed5": 0.0, "con_sed": 1.0, "con_sed_cl": "tres_faible", "av_con_sed": "-", "mor_pll1": 0.0, "mor_pll2": 0.0, "mor_pll3": 0.299, "mor_pll4": 0.551, "mor_pll5": 0.15, "mor_pll": 4.0, "mor_pll_cl": "fort", "av_mor_pll": "-", "mor_riv1": 0.024, "mor_riv2": 0.054, "mor_riv3": 0.746, "mor_riv4": 0.176, "mor_riv5": 0.0, "mor_riv": 3.0, "mor_riv_cl": "moyen", "av_mor_riv": "-", "mor_ssl1": 0.0, "mor_ssl2": 0.0, "mor_ssl3": 0.094, "mor_ssl4": 0.672, "mor_ssl5": 0.234, "mor_ssl": 4.0, "mor_ssl_cl": "fort", "av_mor_ssl": "-", "av_aggrave": null, "av_attenue": null, "lbbh": "Artois-Picardie", "cdbh": "01", "Score_100": 29.3, "mor_rip": 3 }, "geometry": { "type": "MultiLineString", "coordinates": [ [ [ 2.050037077333331, 50.808340611410117 ], [ 2.050081505122533, 50.80836435302264 ], [ 2.05036137527176, 50.808466081485797 ], [ 2.050470023752311, 50.808486649020402 ], [ 2.050588549469333, 50.808509086222095 ], [ 2.050772617663331, 50.808584960652226 ], [ 2.050955270525932, 50.808660824018631 ], [ 2.051245042147112, 50.808837995260582 ], [ 2.051673705612016, 50.808934572606447 ], [ 2.051821643738735, 50.80897428027118 ], [ 2.051914311001085, 50.809016259033882 ], [ 2.051965662280808, 50.809071382237292 ], [ 2.051947265255101, 50.809220186533679 ], [ 2.051964550003376, 50.809279536819169 ], [ 2.052026084960893, 50.809320381376423 ], [ 2.052477029205445, 50.809362392830479 ], [ 2.052628979128198, 50.80941469155669 ], [ 2.052721138276345, 50.809483583436666 ], [ 2.052839996251696, 50.809563445211317 ], [ 2.05293674337933, 50.809614426707398 ], [ 2.053078783117838, 50.809666649541157 ], [ 2.053250455610365, 50.809724480855259 ], [ 2.053405273234405, 50.809775005870684 ], [ 2.053550162736542, 50.809826352540156 ], [ 2.053638449489318, 50.809875474700725 ], [ 2.053781567266442, 50.809945649952034 ], [ 2.053884268231152, 50.809981422573017 ], [ 2.054056281998205, 50.810021310264098 ], [ 2.054159017237318, 50.810055288406033 ], [ 2.054321052126625, 50.810098688997392 ], [ 2.05450430932741, 50.810143147641213 ], [ 2.054668116731639, 50.810167718911323 ], [ 2.054799290018587, 50.810195631461802 ], [ 2.05497710456588, 50.810228383833142 ], [ 2.055092516500024, 50.810266046326078 ], [ 2.05525155158893, 50.810318395461856 ], [ 2.055350897350918, 50.810381956228539 ], [ 2.055442018733698, 50.810431098535602 ], [ 2.055532029216705, 50.810464081811723 ], [ 2.055632205442942, 50.810483683272679 ], [ 2.055771926552469, 50.810508967793218 ], [ 2.055932954678558, 50.810530824559045 ], [ 2.056028747938995, 50.810557570510348 ], [ 2.056105947821319, 50.810594045331911 ], [ 2.056193730686907, 50.810670079335154 ], [ 2.056263461871782, 50.810727134278594 ], [ 2.056333311673823, 50.81077790931316 ], [ 2.056411961912379, 50.810812600407708 ], [ 2.056510621712343, 50.810837573172009 ], [ 2.056661638046529, 50.810864736686661 ], [ 2.056794399370869, 50.810883686591019 ], [ 2.056889268280044, 50.810884404569627 ], [ 2.057022520140624, 50.810877337649565 ], [ 2.05717567985082, 50.810865934943138 ], [ 2.057239144160063, 50.810879873833819 ], [ 2.057363426921081, 50.810897861738262 ], [ 2.057490440269983, 50.810921253676881 ], [ 2.057631630194546, 50.81094385543377 ], [ 2.057720412962516, 50.810966958038158 ], [ 2.057789051378959, 50.811006956050953 ], [ 2.057862677929836, 50.811082881776322 ], [ 2.057895968281767, 50.811119920735834 ], [ 2.057943435195118, 50.811156169597673 ], [ 2.058051670336631, 50.811199158517709 ], [ 2.058156181363017, 50.81121430441879 ], [ 2.058253663297863, 50.81122670536223 ], [ 2.058361479190058, 50.811216753041137 ], [ 2.058479291204082, 50.811202389893133 ], [ 2.05855721983113, 50.811200286860895 ], [ 2.058667529914491, 50.811208298133366 ], [ 2.058750717291235, 50.811227768719881 ], [ 2.058846361493346, 50.81126258658584 ], [ 2.058895110182124, 50.811306022756 ], [ 2.058927658891669, 50.811382534843553 ], [ 2.058941513190296, 50.811474159006302 ], [ 2.058934026678206, 50.811571005508647 ], [ 2.058943903128776, 50.811648243604424 ], [ 2.058955853747248, 50.811690504599746 ], [ 2.05897225482799, 50.811722032195625 ], [ 2.059019621843984, 50.811763663349453 ], [ 2.059120678084499, 50.811811980579094 ], [ 2.059204945193647, 50.811849403983985 ], [ 2.059307350290894, 50.811901320234725 ], [ 2.059314345859293, 50.811905859286931 ], [ 2.059378722016496, 50.811946721424896 ], [ 2.059402287714444, 50.811973816776266 ], [ 2.059427993842279, 50.812037715508382 ], [ 2.05948073875751, 50.81209464029039 ], [ 2.059555044087899, 50.812134680005585 ], [ 2.059667648747372, 50.812171419658831 ], [ 2.059780540213535, 50.81219290813317 ], [ 2.059900629751267, 50.812208170056913 ], [ 2.060050337209064, 50.81222993599463 ], [ 2.060157598707545, 50.812249587162832 ], [ 2.060222753173823, 50.812263192876117 ] ] ] } },
{ "type": "Feature", "properties": { "fid": 5, "usra_id": 123651, "usra_id_st": "6049_5", "tgh_id": 6049, "usra_index": 5, "toponyme": "rivière la hem", "longueur": 906.55, "zamont": 22.8, "zaval": 20.100000381469702, "agri3w_v": 44.74, "agri3w": "moyen", "agribv_v": 44.05, "agribv": "fort", "alluvial": "oui", "beton": "absence", "canaux": "absence", "carriere": "absence", "chenal_v": null, "chenal": "faible", "conf": "absence", "conso": 1118.734426493035, "consom1": "faible", "consom2": "faible", "curage": "absence", "dobs1_v": 0.28, "dobs1": "fort", "dobs2_v": 2.43, "dobs2": "fort", "eclu": "absence", "etiage": "fort", "haies_v": 5.1592160602602384, "haies": "fort", "imper_v": 7.08, "imper": "faible", "intercep_v": 7.0, "intercepte": "faible", "montagne": "dessous", "navigable": "non", "obsmax1_v": 0.95, "obsmax1": "faible", "obsmax2_v": 2.0, "obsmax2": "moyen", "orp": "absence", "orp_amont": "absence", "orp_autour": "absence", "orp_aval": "absence", "orp_proche": "absence", "pente2c": "faible", "pente3c": "faible", "pistes": "absence", "rang": "petit", "rectitud_v": 33.33, "rectitude": "moyen", "ret_us": "autre", "ret_vol1_v": 0.0, "ret_vol1": "faible", "ret_vol2_v": 0.0, "ret_vol2": "faible", "sensisol_v": 21.5469, "sensisol": "moyen", "tcc": "absence", "txamg_v": 18.26, "txamg": "moyen", "txetg1_v": 16.46, "txetg1": "moyen", "txetg2_v": 10.57, "txetg2": "moyen", "txetg3_v": 15.74, "txetg3": "moyen", "txetg4_v": null, "txetg4": "faible", "txetg5_v": 8.04, "txetg5": "faible", "veget10_v": 38.577213561605255, "veget10": "faible", "veget30_v": 22.217389867739573, "veget30": "faible", "veget60_v": 15.772239728274235, "veget60": "tres_faible", "hyd_dyn1": 1.0, "hyd_dyn2": 0.0, "hyd_dyn3": 0.0, "hyd_dyn4": 0.0, "hyd_dyn5": 0.0, "hyd_dyn": 1.0, "hyd_dyn_cl": "tres_faible", "av_hyd_dyn": "-", "hyd_qte1": 1.0, "hyd_qte2": 0.0, "hyd_qte3": 0.0, "hyd_qte4": 0.0, "hyd_qte5": 0.0, "hyd_qte": 1.0, "hyd_qte_cl": "tres_faible", "av_hyd_qte": "-", "hyd_mes1": 0.0, "hyd_mes2": 0.045, "hyd_mes3": 0.825, "hyd_mes4": 0.13, "hyd_mes5": 0.0, "hyd_mes": 3.0, "hyd_mes_cl": "moyen", "av_hyd_mes": "-", "con_amp1": 0.0, "con_amp2": 0.1, "con_amp3": 0.7, "con_amp4": 0.2, "con_amp5": 0.0, "con_amp": 3.0, "con_amp_cl": "moyen", "av_con_amp": "-", "con_pro1": 0.0, "con_pro2": 0.0, "con_pro3": 0.3, "con_pro4": 0.5, "con_pro5": 0.2, "con_pro": 4.0, "con_pro_cl": "fort", "av_con_pro": "-", "con_lat1": 0.18, "con_lat2": 0.0, "con_lat3": 0.722, "con_lat4": 0.098, "con_lat5": 0.0, "con_lat": 3.0, "con_lat_cl": "moyen", "av_con_lat": "-", "con_sed1": 1.0, "con_sed2": 0.0, "con_sed3": 0.0, "con_sed4": 0.0, "con_sed5": 0.0, "con_sed": 1.0, "con_sed_cl": "tres_faible", "av_con_sed": "-", "mor_pll1": 0.0, "mor_pll2": 0.0, "mor_pll3": 0.249, "mor_pll4": 0.504, "mor_pll5": 0.247, "mor_pll": 4.0, "mor_pll_cl": "fort", "av_mor_pll": "-", "mor_riv1": 0.0, "mor_riv2": 0.043, "mor_riv3": 0.461, "mor_riv4": 0.368, "mor_riv5": 0.128, "mor_riv": 3.0, "mor_riv_cl": "moyen", "av_mor_riv": "-", "mor_ssl1": 0.0, "mor_ssl2": 0.0, "mor_ssl3": 0.049, "mor_ssl4": 0.451, "mor_ssl5": 0.499, "mor_ssl": 5.0, "mor_ssl_cl": "tres_fort", "av_mor_ssl": "D", "av_aggrave": null, "av_attenue": null, "lbbh": "Artois-Picardie", "cdbh": "01", "Score_100": 38.9, "mor_rip": 4 }, "geometry": { "type": "MultiLineString", "coordinates": [ [ [ 2.060222753173823, 50.812263192876117 ], [ 2.060269040861658, 50.81227285875773 ], [ 2.06037476858921, 50.812298778914545 ], [ 2.060435066626257, 50.812330637234766 ], [ 2.060519234503896, 50.812373442452724 ], [ 2.060573413860313, 50.812429480295386 ], [ 2.060617748723419, 50.812481854910729 ], [ 2.060635162807002, 50.812534923844176 ], [ 2.060642344834566, 50.812604963372138 ], [ 2.060635501597171, 50.812667719191012 ], [ 2.06059841679417, 50.812757164508774 ], [ 2.060574379200668, 50.812830557683583 ], [ 2.060567586389265, 50.812890622113336 ], [ 2.060570688806332, 50.812951658374608 ], [ 2.060601656665809, 50.813037130368201 ], [ 2.060788406957906, 50.813348985602616 ], [ 2.061051164484012, 50.813384163634389 ], [ 2.061174882390918, 50.813432649767854 ], [ 2.061234643564974, 50.813493215501495 ], [ 2.06123720809458, 50.813582959541733 ], [ 2.061238878503065, 50.81364488217563 ], [ 2.061077235050887, 50.813806066217211 ], [ 2.060979849885249, 50.813863653559139 ], [ 2.060920007097215, 50.81395831082056 ], [ 2.06092850472399, 50.814033743566824 ], [ 2.060955714109566, 50.814093166853297 ], [ 2.061056660621984, 50.814223130883484 ], [ 2.061334599440163, 50.814430693857979 ], [ 2.061362196698156, 50.814469483279382 ], [ 2.061366026062985, 50.814567311918289 ], [ 2.061395731718, 50.814644698767701 ], [ 2.061513656435356, 50.814775687406815 ], [ 2.061553931296328, 50.814818161205956 ], [ 2.061623929236986, 50.814937124630902 ], [ 2.061643992268411, 50.815000082849778 ], [ 2.061702900211195, 50.815181769844017 ], [ 2.061785012333284, 50.815561025224291 ], [ 2.061919894330258, 50.815996306620946 ], [ 2.062100195185667, 50.816426545889975 ], [ 2.06212234835546, 50.816453629884329 ], [ 2.062195754028419, 50.816542112044381 ], [ 2.062284347026229, 50.816575976595324 ], [ 2.062393118917309, 50.816591150780823 ], [ 2.062442245808754, 50.816614848648967 ], [ 2.06264654448246, 50.816747382700775 ], [ 2.062812676101233, 50.816876040432071 ], [ 2.062922936537447, 50.816963004721394 ], [ 2.063032419800782, 50.817015867853797 ], [ 2.063132595283479, 50.81703636020449 ], [ 2.063257416275774, 50.817026531469978 ], [ 2.063387090340542, 50.81698443836158 ], [ 2.063567302731047, 50.816890684778947 ], [ 2.063661035695826, 50.816877033098692 ], [ 2.063750117236516, 50.816884880223022 ], [ 2.064052804830696, 50.816982261224837 ], [ 2.064242572360877, 50.817059054423936 ], [ 2.064312606919522, 50.817100853333343 ], [ 2.064414289756225, 50.817192238065353 ], [ 2.064478861448087, 50.817223228963712 ], [ 2.064990503660467, 50.817356270981549 ], [ 2.06525791033464, 50.817447103587334 ], [ 2.065457912947172, 50.817506924029345 ], [ 2.066028368800522, 50.817676292287537 ], [ 2.066122681245984, 50.817707505151631 ], [ 2.066231071571011, 50.817743309613284 ], [ 2.066411334128045, 50.817798494390232 ], [ 2.066576488152957, 50.817828443017682 ] ] ] } },
{ "type": "Feature", "properties": { "fid": 6, "usra_id": 123671, "usra_id_st": "6050_1", "tgh_id": 6050, "usra_index": 1, "toponyme": "rivière la hem", "longueur": 1036.96, "zamont": 20.100000381469702, "zaval": 17.36333366235095, "agri3w_v": 1.72, "agri3w": "faible", "agribv_v": 44.05, "agribv": "fort", "alluvial": "oui", "beton": "absence", "canaux": "absence", "carriere": "absence", "chenal_v": null, "chenal": "faible", "conf": "absence", "conso": 1118.734426493035, "consom1": "faible", "consom2": "faible", "curage": "absence", "dobs1_v": 0.26, "dobs1": "fort", "dobs2_v": 2.32, "dobs2": "fort", "eclu": "absence", "etiage": "fort", "haies_v": 5.1592160602602384, "haies": "fort", "imper_v": 7.08, "imper": "faible", "intercep_v": 7.0, "intercepte": "faible", "montagne": "dessous", "navigable": "non", "obsmax1_v": 0.95, "obsmax1": "faible", "obsmax2_v": 2.0, "obsmax2": "moyen", "orp": "absence", "orp_amont": "absence", "orp_autour": "absence", "orp_aval": "absence", "orp_proche": "absence", "pente2c": "faible", "pente3c": "faible", "pistes": "absence", "rang": "petit", "rectitud_v": 16.67, "rectitude": "faible", "ret_us": "autre", "ret_vol1_v": 0.0, "ret_vol1": "faible", "ret_vol2_v": 0.0, "ret_vol2": "faible", "sensisol_v": 21.5469, "sensisol": "moyen", "tcc": "absence", "txamg_v": 3.53, "txamg": "faible", "txetg1_v": 16.56, "txetg1": "moyen", "txetg2_v": 11.55, "txetg2": "moyen", "txetg3_v": null, "txetg3": "faible", "txetg4_v": null, "txetg4": "faible", "txetg5_v": 7.96, "txetg5": "faible", "veget10_v": 53.208102297261249, "veget10": "moyen", "veget30_v": 37.185745353848624, "veget30": "faible", "veget60_v": 28.134522012423474, "veget60": "faible", "hyd_dyn1": 1.0, "hyd_dyn2": 0.0, "hyd_dyn3": 0.0, "hyd_dyn4": 0.0, "hyd_dyn5": 0.0, "hyd_dyn": 1.0, "hyd_dyn_cl": "tres_faible", "av_hyd_dyn": "-", "hyd_qte1": 1.0, "hyd_qte2": 0.0, "hyd_qte3": 0.0, "hyd_qte4": 0.0, "hyd_qte5": 0.0, "hyd_qte": 1.0, "hyd_qte_cl": "tres_faible", "av_hyd_qte": "-", "hyd_mes1": 0.0, "hyd_mes2": 0.15, "hyd_mes3": 0.85, "hyd_mes4": 0.0, "hyd_mes5": 0.0, "hyd_mes": 3.0, "hyd_mes_cl": "moyen", "av_hyd_mes": "-", "con_amp1": 0.0, "con_amp2": 0.1, "con_amp3": 0.7, "con_amp4": 0.2, "con_amp5": 0.0, "con_amp": 3.0, "con_amp_cl": "moyen", "av_con_amp": "-", "con_pro1": 0.0, "con_pro2": 0.0, "con_pro3": 0.3, "con_pro4": 0.5, "con_pro5": 0.2, "con_pro": 4.0, "con_pro_cl": "fort", "av_con_pro": "-", "con_lat1": 1.0, "con_lat2": 0.0, "con_lat3": 0.0, "con_lat4": 0.0, "con_lat5": 0.0, "con_lat": 1.0, "con_lat_cl": "tres_faible", "av_con_lat": "-", "con_sed1": 1.0, "con_sed2": 0.0, "con_sed3": 0.0, "con_sed4": 0.0, "con_sed5": 0.0, "con_sed": 1.0, "con_sed_cl": "tres_faible", "av_con_sed": "-", "mor_pll1": 1.0, "mor_pll2": 0.0, "mor_pll3": 0.0, "mor_pll4": 0.0, "mor_pll5": 0.0, "mor_pll": 1.0, "mor_pll_cl": "tres_faible", "av_mor_pll": "-", "mor_riv1": 0.0, "mor_riv2": 0.2, "mor_riv3": 0.8, "mor_riv4": 0.0, "mor_riv5": 0.0, "mor_riv": 3.0, "mor_riv_cl": "moyen", "av_mor_riv": "-", "mor_ssl1": 0.0, "mor_ssl2": 0.0, "mor_ssl3": 0.15, "mor_ssl4": 0.85, "mor_ssl5": 0.0, "mor_ssl": 4.0, "mor_ssl_cl": "fort", "av_mor_ssl": "-", "av_aggrave": null, "av_attenue": null, "lbbh": "Artois-Picardie", "cdbh": "01", "Score_100": 17.2, "mor_rip": 3 }, "geometry": { "type": "MultiLineString", "coordinates": [ [ [ 2.066576488152957, 50.817828443017682 ], [ 2.067004337904014, 50.817974307625093 ], [ 2.067286113875948, 50.818054476418254 ], [ 2.067454068138431, 50.818086239295681 ], [ 2.067587120288144, 50.818090823653272 ], [ 2.067716291841387, 50.818075639561087 ], [ 2.067820373704784, 50.81803873393261 ], [ 2.067955933251351, 50.817908750618635 ], [ 2.068063231334977, 50.817851232303909 ], [ 2.06823354173919, 50.817756500864505 ], [ 2.068480520033809, 50.817727840752219 ], [ 2.068620885939386, 50.817719917308736 ], [ 2.068692742111773, 50.817740193522184 ], [ 2.068726061615723, 50.817776332094176 ], [ 2.068723723232337, 50.817901928263886 ], [ 2.068756758929003, 50.817953317779683 ], [ 2.068779183608034, 50.817966046682173 ], [ 2.068922963643491, 50.818003010407949 ], [ 2.069196682803804, 50.817983521033753 ], [ 2.069287233418989, 50.817988683416992 ], [ 2.06955733340532, 50.818087601896956 ], [ 2.069607964756442, 50.818106821881535 ], [ 2.069726555218753, 50.81812744631921 ], [ 2.069773138397117, 50.818135869144122 ], [ 2.069876518217074, 50.818136640642841 ], [ 2.069924651042028, 50.818137897056992 ], [ 2.070187541556223, 50.818091407512988 ], [ 2.070374674855842, 50.818082036483233 ], [ 2.070424290490676, 50.818079714805229 ], [ 2.070614239353703, 50.818071261654346 ], [ 2.070764235679226, 50.818078660679937 ], [ 2.070918730248757, 50.818148899827747 ], [ 2.07115966113438, 50.818140825853895 ], [ 2.071442759814963, 50.818073847751286 ], [ 2.071493091478386, 50.818032949678432 ], [ 2.071474647487076, 50.817958341384561 ], [ 2.07140558837, 50.817863616723152 ], [ 2.071239631516896, 50.817800470656387 ], [ 2.071211474832467, 50.817715023037714 ], [ 2.071237081890483, 50.817632667754076 ], [ 2.071348957159792, 50.817557235919629 ], [ 2.07147975883057, 50.817530395954627 ], [ 2.07168730042467, 50.817642302429313 ], [ 2.071798743308122, 50.817666460637916 ], [ 2.071913451381798, 50.817667314815779 ], [ 2.071973395687558, 50.817642638428026 ], [ 2.07203820417727, 50.817584800338679 ], [ 2.072074489903529, 50.817537516751656 ], [ 2.07214879511657, 50.817502180306249 ], [ 2.072385189426095, 50.817433057866928 ], [ 2.072467575227172, 50.817420212376462 ], [ 2.072552394054838, 50.817428918704472 ], [ 2.07265064252264, 50.817477203467348 ], [ 2.072731315359911, 50.817556760800443 ], [ 2.072834815804453, 50.817703780877579 ], [ 2.072897611408891, 50.817754493411734 ], [ 2.072966553926482, 50.817779231673839 ], [ 2.073169814968604, 50.81781663287434 ], [ 2.073244970838851, 50.817811808270228 ], [ 2.073383853595159, 50.817807457399134 ], [ 2.073604690450383, 50.817813585159456 ], [ 2.073727397423639, 50.817841414305718 ], [ 2.073838389021095, 50.817813527421585 ], [ 2.073924587341002, 50.817747772161333 ], [ 2.074016682542982, 50.817669499288385 ], [ 2.074041068099716, 50.817576367503399 ], [ 2.074149309668615, 50.817543973706798 ], [ 2.074298121227099, 50.817538798333658 ], [ 2.074418194825041, 50.817555840376777 ], [ 2.074512794458444, 50.817571795915718 ], [ 2.074606099572277, 50.817657726475872 ], [ 2.0746973582223, 50.817777736865075 ], [ 2.07477186671035, 50.817807898878186 ], [ 2.074883377821494, 50.817828465857488 ], [ 2.075182385428642, 50.817819917925675 ], [ 2.07570055818852, 50.817754674161968 ], [ 2.07590051743437, 50.817740903763529 ], [ 2.075924608592106, 50.817740185135342 ], [ 2.076057909164777, 50.817731303704427 ], [ 2.076122787026201, 50.817746140446047 ], [ 2.076174654446768, 50.817775236552613 ], [ 2.076199267062061, 50.81782297266129 ], [ 2.076207482323292, 50.817838286617999 ], [ 2.076230239368225, 50.81798649974855 ], [ 2.076286645171696, 50.818076641683064 ], [ 2.076712273887229, 50.818497908448663 ], [ 2.076766544251768, 50.818550350261312 ], [ 2.077092757362546, 50.818909866796474 ], [ 2.077147915094277, 50.818991026577187 ], [ 2.077157710312152, 50.819006321914223 ] ] ] } },
{ "type": "Feature", "properties": { "fid": 7, "usra_id": 123679, "usra_id_st": "6050_2", "tgh_id": 6050, "usra_index": 2, "toponyme": "rivière la hem", "longueur": 1036.96, "zamont": 17.36333366235095, "zaval": 14.626666943232202, "agri3w_v": 19.27, "agri3w": "faible", "agribv_v": 44.05, "agribv": "fort", "alluvial": "oui", "beton": "absence", "canaux": "absence", "carriere": "absence", "chenal_v": null, "chenal": "faible", "conf": "absence", "conso": 1118.734426493035, "consom1": "faible", "consom2": "faible", "curage": "absence", "dobs1_v": 0.27, "dobs1": "fort", "dobs2_v": 2.31, "dobs2": "fort", "eclu": "absence", "etiage": "fort", "haies_v": 5.1592160602602384, "haies": "fort", "imper_v": 7.08, "imper": "faible", "intercep_v": 7.0, "intercepte": "faible", "montagne": "dessous", "navigable": "non", "obsmax1_v": 0.95, "obsmax1": "faible", "obsmax2_v": 2.0, "obsmax2": "moyen", "orp": "absence", "orp_amont": "absence", "orp_autour": "absence", "orp_aval": "absence", "orp_proche": "absence", "pente2c": "faible", "pente3c": "faible", "pistes": "absence", "rang": "petit", "rectitud_v": 83.33, "rectitude": "fort", "ret_us": "autre", "ret_vol1_v": 0.0, "ret_vol1": "faible", "ret_vol2_v": 0.0, "ret_vol2": "faible", "sensisol_v": 21.5469, "sensisol": "moyen", "tcc": "absence", "txamg_v": 40.41, "txamg": "fort", "txetg1_v": 19.17, "txetg1": "moyen", "txetg2_v": 13.83, "txetg2": "moyen", "txetg3_v": 7.3, "txetg3": "faible", "txetg4_v": null, "txetg4": "faible", "txetg5_v": 7.88, "txetg5": "faible", "veget10_v": 47.327609321282623, "veget10": "moyen", "veget30_v": 29.713458018909613, "veget30": "faible", "veget60_v": 24.877751463061635, "veget60": "faible", "hyd_dyn1": 1.0, "hyd_dyn2": 0.0, "hyd_dyn3": 0.0, "hyd_dyn4": 0.0, "hyd_dyn5": 0.0, "hyd_dyn": 1.0, "hyd_dyn_cl": "tres_faible", "av_hyd_dyn": "-", "hyd_qte1": 1.0, "hyd_qte2": 0.0, "hyd_qte3": 0.0, "hyd_qte4": 0.0, "hyd_qte5": 0.0, "hyd_qte": 1.0, "hyd_qte_cl": "tres_faible", "av_hyd_qte": "-", "hyd_mes1": 0.0, "hyd_mes2": 0.0, "hyd_mes3": 0.57, "hyd_mes4": 0.374, "hyd_mes5": 0.056, "hyd_mes": 3.0, "hyd_mes_cl": "moyen", "av_hyd_mes": "-", "con_amp1": 0.0, "con_amp2": 0.1, "con_amp3": 0.7, "con_amp4": 0.2, "con_amp5": 0.0, "con_amp": 3.0, "con_amp_cl": "moyen", "av_con_amp": "-", "con_pro1": 0.0, "con_pro2": 0.0, "con_pro3": 0.3, "con_pro4": 0.5, "con_pro5": 0.2, "con_pro": 4.0, "con_pro_cl": "fort", "av_con_pro": "-", "con_lat1": 0.0, "con_lat2": 0.0, "con_lat3": 0.504, "con_lat4": 0.436, "con_lat5": 0.06, "con_lat": 3.0, "con_lat_cl": "moyen", "av_con_lat": "-", "con_sed1": 1.0, "con_sed2": 0.0, "con_sed3": 0.0, "con_sed4": 0.0, "con_sed5": 0.0, "con_sed": 1.0, "con_sed_cl": "tres_faible", "av_con_sed": "-", "mor_pll1": 0.0, "mor_pll2": 0.0, "mor_pll3": 0.061, "mor_pll4": 0.326, "mor_pll5": 0.613, "mor_pll": 5.0, "mor_pll_cl": "tres_fort", "av_mor_pll": "-", "mor_riv1": 0.0, "mor_riv2": 0.008, "mor_riv3": 0.632, "mor_riv4": 0.28, "mor_riv5": 0.08, "mor_riv": 3.0, "mor_riv_cl": "moyen", "av_mor_riv": "-", "mor_ssl1": 0.0, "mor_ssl2": 0.0, "mor_ssl3": 0.037, "mor_ssl4": 0.388, "mor_ssl5": 0.575, "mor_ssl": 5.0, "mor_ssl_cl": "tres_fort", "av_mor_ssl": "-", "av_aggrave": null, "av_attenue": null, "lbbh": "Artois-Picardie", "cdbh": "01", "Score_100": 38.1, "mor_rip": 3 }, "geometry": { "type": "MultiLineString", "coordinates": [ [ [ 2.077157710312152, 50.819006321914223 ], [ 2.077165812430074, 50.819018973449744 ], [ 2.077284708456998, 50.819176870213326 ], [ 2.077575689743937, 50.81952715189783 ], [ 2.077839177845901, 50.819832367472884 ], [ 2.078335453001816, 50.820418344091159 ], [ 2.079092134311243, 50.821247598305462 ], [ 2.079226129153822, 50.82135535903484 ], [ 2.079396406191797, 50.821415834165997 ], [ 2.082943363206768, 50.822488152863819 ], [ 2.08372358213385, 50.822734348443618 ], [ 2.083790035918629, 50.822818279422847 ], [ 2.084494394870673, 50.823726965759519 ], [ 2.084754753473578, 50.824051880338864 ], [ 2.084812400820366, 50.824152793279673 ], [ 2.084008550143979, 50.824963367560073 ], [ 2.083969585479163, 50.825002559296557 ], [ 2.083920837691033, 50.825034501300692 ], [ 2.083748425557817, 50.825166921212656 ], [ 2.083587428290643, 50.825372100245055 ], [ 2.083407673907948, 50.825673144455116 ], [ 2.08337147535863, 50.825767711954825 ] ] ] } },
{ "type": "Feature", "properties": { "fid": 8, "usra_id": 123685, "usra_id_st": "6050_3", "tgh_id": 6050, "usra_index": 3, "toponyme": "rivière la hem", "longueur": 1036.96, "zamont": 14.626666943232202, "zaval": 11.890000224113452, "agri3w_v": 7.14, "agri3w": "faible", "agribv_v": 44.05, "agribv": "fort", "alluvial": "oui", "beton": "absence", "canaux": "absence", "carriere": "absence", "chenal_v": null, "chenal": "faible", "conf": "absence", "conso": 1118.734426493035, "consom1": "faible", "consom2": "faible", "curage": "absence", "dobs1_v": 0.24, "dobs1": "fort", "dobs2_v": 2.76, "dobs2": "fort", "eclu": "absence", "etiage": "fort", "haies_v": 5.1592160602602384, "haies": "fort", "imper_v": 7.08, "imper": "faible", "intercep_v": 7.0, "intercepte": "faible", "montagne": "dessous", "navigable": "non", "obsmax1_v": 0.95, "obsmax1": "faible", "obsmax2_v": 2.0, "obsmax2": "moyen", "orp": "absence", "orp_amont": "absence", "orp_autour": "absence", "orp_aval": "absence", "orp_proche": "absence", "pente2c": "faible", "pente3c": "faible", "pistes": "absence", "rang": "petit", "rectitud_v": 50.0, "rectitude": "moyen", "ret_us": "autre", "ret_vol1_v": 0.0, "ret_vol1": "faible", "ret_vol2_v": 0.0, "ret_vol2": "faible", "sensisol_v": 21.5469, "sensisol": "moyen", "tcc": "absence", "txamg_v": 5.86, "txamg": "faible", "txetg1_v": 21.39, "txetg1": "moyen", "txetg2_v": 15.92, "txetg2": "moyen", "txetg3_v": null, "txetg3": "faible", "txetg4_v": null, "txetg4": "faible", "txetg5_v": 7.81, "txetg5": "faible", "veget10_v": 59.665094206849957, "veget10": "moyen", "veget30_v": 52.661361839485117, "veget30": "moyen", "veget60_v": 48.235517783245982, "veget60": "moyen", "hyd_dyn1": 1.0, "hyd_dyn2": 0.0, "hyd_dyn3": 0.0, "hyd_dyn4": 0.0, "hyd_dyn5": 0.0, "hyd_dyn": 1.0, "hyd_dyn_cl": "tres_faible", "av_hyd_dyn": "-", "hyd_qte1": 1.0, "hyd_qte2": 0.0, "hyd_qte3": 0.0, "hyd_qte4": 0.0, "hyd_qte5": 0.0, "hyd_qte": 1.0, "hyd_qte_cl": "tres_faible", "av_hyd_qte": "-", "hyd_mes1": 0.0, "hyd_mes2": 0.045, "hyd_mes3": 0.825, "hyd_mes4": 0.13, "hyd_mes5": 0.0, "hyd_mes": 3.0, "hyd_mes_cl": "moyen", "av_hyd_mes": "-", "con_amp1": 0.0, "con_amp2": 0.1, "con_amp3": 0.7, "con_amp4": 0.2, "con_amp5": 0.0, "con_amp": 3.0, "con_amp_cl": "moyen", "av_con_amp": "-", "con_pro1": 0.0, "con_pro2": 0.0, "con_pro3": 0.3, "con_pro4": 0.5, "con_pro5": 0.2, "con_pro": 4.0, "con_pro_cl": "fort", "av_con_pro": "-", "con_lat1": 0.3, "con_lat2": 0.0, "con_lat3": 0.7, "con_lat4": 0.0, "con_lat5": 0.0, "con_lat": 3.0, "con_lat_cl": "moyen", "av_con_lat": "-", "con_sed1": 1.0, "con_sed2": 0.0, "con_sed3": 0.0, "con_sed4": 0.0, "con_sed5": 0.0, "con_sed": 1.0, "con_sed_cl": "tres_faible", "av_con_sed": "-", "mor_pll1": 0.15, "mor_pll2": 0.0, "mor_pll3": 0.728, "mor_pll4": 0.122, "mor_pll5": 0.0, "mor_pll": 3.0, "mor_pll_cl": "moyen", "av_mor_pll": "-", "mor_riv1": 0.12, "mor_riv2": 0.112, "mor_riv3": 0.688, "mor_riv4": 0.08, "mor_riv5": 0.0, "mor_riv": 3.0, "mor_riv_cl": "moyen", "av_mor_riv": "-", "mor_ssl1": 0.0, "mor_ssl2": 0.0, "mor_ssl3": 0.094, "mor_ssl4": 0.672, "mor_ssl5": 0.234, "mor_ssl": 4.0, "mor_ssl_cl": "fort", "av_mor_ssl": "-", "av_aggrave": null, "av_attenue": null, "lbbh": "Artois-Picardie", "cdbh": "01", "Score_100": 21.8, "mor_rip": 3 }, "geometry": { "type": "MultiLineString", "coordinates": [ [ [ 2.08337147535863, 50.825767711954825 ], [ 2.08331691728292, 50.825910242381774 ], [ 2.083198391126535, 50.826116630227538 ], [ 2.083126009110235, 50.826201334450495 ], [ 2.082924738109085, 50.826439413517456 ], [ 2.082520674195923, 50.826843781178155 ], [ 2.08247170971853, 50.826887384888146 ], [ 2.082458303630677, 50.826923175258095 ], [ 2.08215668991797, 50.826916468886445 ], [ 2.082091403186634, 50.826923166008825 ], [ 2.081970629289883, 50.826942912896506 ], [ 2.081858353784008, 50.826962722256575 ], [ 2.081550102188864, 50.827008901864076 ], [ 2.081422410570996, 50.827019624997007 ], [ 2.081212451388605, 50.82703602229806 ], [ 2.081064731983266, 50.827057364170543 ], [ 2.080967871591278, 50.827086258615019 ], [ 2.08095059430814, 50.827101384087051 ], [ 2.080947365793825, 50.827122893706971 ], [ 2.08095670369997, 50.82715436545049 ], [ 2.081004992512369, 50.82722470503532 ], [ 2.081058848247181, 50.827300468981228 ], [ 2.081066786316489, 50.827331033163148 ], [ 2.081063508383563, 50.827355234090483 ], [ 2.081044666246304, 50.827378423064445 ], [ 2.080972839288547, 50.827432624340943 ], [ 2.080932833092681, 50.827451171149093 ], [ 2.080884245856745, 50.827474140807198 ], [ 2.080752697657645, 50.827540462794474 ], [ 2.080680969099904, 50.827589281267436 ], [ 2.080653380721494, 50.827625864057545 ], [ 2.08062086680314, 50.82769919674594 ], [ 2.080604987189141, 50.827792391042593 ], [ 2.080603880201392, 50.827929658285001 ], [ 2.080594457933733, 50.827979833384006 ], [ 2.080582483146944, 50.828014736834923 ], [ 2.080563376637629, 50.828052279360399 ], [ 2.080511328957068, 50.828109317870222 ], [ 2.080452083446164, 50.82817258383524 ], [ 2.080417544303304, 50.82820193748023 ], [ 2.080266837244561, 50.828308492673806 ], [ 2.08020497278473, 50.828360075270062 ], [ 2.080188830774387, 50.828390461799245 ], [ 2.080183871880563, 50.828429005852023 ], [ 2.080197868846649, 50.828515242633195 ], [ 2.080217746205005, 50.828589858874054 ], [ 2.080246419390274, 50.828648389965124 ], [ 2.080311425736739, 50.828734105788442 ], [ 2.080415400511656, 50.828857792394594 ], [ 2.080513544965905, 50.828990408119957 ], [ 2.080584482010631, 50.829061811918024 ], [ 2.080680899326785, 50.829134300781256 ], [ 2.08082112879445, 50.829212495922299 ], [ 2.080990989377697, 50.829297189879085 ], [ 2.081139389004494, 50.82939338931471 ], [ 2.081279652878376, 50.829469789706643 ], [ 2.081286652898293, 50.829474327402735 ], [ 2.081402820456053, 50.829551447298051 ], [ 2.081538588554106, 50.829641272583245 ], [ 2.081649272142096, 50.82970848237926 ], [ 2.081781022240432, 50.829785716666798 ], [ 2.081853774029025, 50.829835599671846 ], [ 2.082059429973694, 50.829977080641747 ], [ 2.0823003021186, 50.830129587114307 ], [ 2.082553644509532, 50.83029743760175 ], [ 2.082668366508447, 50.830376339996462 ], [ 2.082882657697147, 50.83051070522562 ], [ 2.083070282922862, 50.830631415627508 ], [ 2.083263476464917, 50.830757549984668 ], [ 2.0833768663361, 50.83083195575847 ], [ 2.083392267219734, 50.830841938409336 ], [ 2.083531913822132, 50.830952425872724 ], [ 2.083657560125493, 50.831053838058253 ], [ 2.083755139268904, 50.831140688318591 ], [ 2.083857034101025, 50.83122398132145 ], [ 2.08394115521673, 50.831272152070177 ], [ 2.083997159362016, 50.831308452330823 ], [ 2.084164958691971, 50.831429015233937 ], [ 2.084266887651174, 50.831510513667475 ], [ 2.084392306879437, 50.831624484404827 ], [ 2.084466283396675, 50.831685141328393 ], [ 2.08457811280311, 50.831767609386681 ], [ 2.084709281706054, 50.831877135871352 ], [ 2.084920160684111, 50.832043772018395 ], [ 2.085101637918733, 50.832191350426392 ], [ 2.085217407379447, 50.832290893887702 ], [ 2.085291467935298, 50.832347064771106 ], [ 2.085365840429833, 50.832386190751144 ], [ 2.08537990766425, 50.832391677252851 ], [ 2.085443177441954, 50.832418160685485 ], [ 2.085529128819465, 50.832443913226626 ], [ 2.085670064102349, 50.832484424420869 ], [ 2.085758756581208, 50.832518577689342 ] ] ] } },
{ "type": "Feature", "properties": { "fid": 9, "usra_id": 123694, "usra_id_st": "6050_4", "tgh_id": 6050, "usra_index": 4, "toponyme": "rivière la hem", "longueur": 1036.96, "zamont": 11.890000224113452, "zaval": 9.1533335049947002, "agri3w_v": 1.21, "agri3w": "faible", "agribv_v": 44.05, "agribv": "fort", "alluvial": "oui", "beton": "absence", "canaux": "absence", "carriere": "absence", "chenal_v": null, "chenal": "faible", "conf": "absence", "conso": 1118.734426493035, "consom1": "faible", "consom2": "faible", "curage": "absence", "dobs1_v": 0.25, "dobs1": "fort", "dobs2_v": 2.28, "dobs2": "fort", "eclu": "absence", "etiage": "fort", "haies_v": 5.1592160602602384, "haies": "fort", "imper_v": 7.08, "imper": "faible", "intercep_v": 7.0, "intercepte": "faible", "montagne": "dessous", "navigable": "non", "obsmax1_v": 0.95, "obsmax1": "faible", "obsmax2_v": 0.95, "obsmax2": "faible", "orp": "absence", "orp_amont": "absence", "orp_autour": "absence", "orp_aval": "absence", "orp_proche": "absence", "pente2c": "faible", "pente3c": "faible", "pistes": "absence", "rang": "petit", "rectitud_v": 50.0, "rectitude": "moyen", "ret_us": "autre", "ret_vol1_v": 0.0, "ret_vol1": "faible", "ret_vol2_v": 0.0, "ret_vol2": "faible", "sensisol_v": 21.5469, "sensisol": "moyen", "tcc": "absence", "txamg_v": 24.41, "txamg": "moyen", "txetg1_v": 26.31, "txetg1": "moyen", "txetg2_v": 10.81, "txetg2": "moyen", "txetg3_v": null, "txetg3": "faible", "txetg4_v": null, "txetg4": "faible", "txetg5_v": 7.73, "txetg5": "faible", "veget10_v": 57.970600756446167, "veget10": "moyen", "veget30_v": 48.464751032550566, "veget30": "moyen", "veget60_v": 37.146305691405395, "veget60": "faible", "hyd_dyn1": 1.0, "hyd_dyn2": 0.0, "hyd_dyn3": 0.0, "hyd_dyn4": 0.0, "hyd_dyn5": 0.0, "hyd_dyn": 1.0, "hyd_dyn_cl": "tres_faible", "av_hyd_dyn": "-", "hyd_qte1": 1.0, "hyd_qte2": 0.0, "hyd_qte3": 0.0, "hyd_qte4": 0.0, "hyd_qte5": 0.0, "hyd_qte": 1.0, "hyd_qte_cl": "tres_faible", "av_hyd_qte": "-", "hyd_mes1": 0.0, "hyd_mes2": 0.045, "hyd_mes3": 0.825, "hyd_mes4": 0.13, "hyd_mes5": 0.0, "hyd_mes": 3.0, "hyd_mes_cl": "moyen", "av_hyd_mes": "-", "con_amp1": 0.0, "con_amp2": 0.1, "con_amp3": 0.7, "con_amp4": 0.2, "con_amp5": 0.0, "con_amp": 3.0, "con_amp_cl": "moyen", "av_con_amp": "-", "con_pro1": 0.0, "con_pro2": 0.0, "con_pro3": 0.5, "con_pro4": 0.5, "con_pro5": 0.0, "con_pro": 4.0, "con_pro_cl": "fort", "av_con_pro": "D", "con_lat1": 0.18, "con_lat2": 0.0, "con_lat3": 0.722, "con_lat4": 0.098, "con_lat5": 0.0, "con_lat": 3.0, "con_lat_cl": "moyen", "av_con_lat": "-", "con_sed1": 1.0, "con_sed2": 0.0, "con_sed3": 0.0, "con_sed4": 0.0, "con_sed5": 0.0, "con_sed": 1.0, "con_sed_cl": "tres_faible", "av_con_sed": "-", "mor_pll1": 0.09, "mor_pll2": 0.0, "mor_pll3": 0.676, "mor_pll4": 0.234, "mor_pll5": 0.0, "mor_pll": 3.0, "mor_pll_cl": "moyen", "av_mor_pll": "-", "mor_riv1": 0.072, "mor_riv2": 0.083, "mor_riv3": 0.717, "mor_riv4": 0.128, "mor_riv5": 0.0, "mor_riv": 3.0, "mor_riv_cl": "moyen", "av_mor_riv": "-", "mor_ssl1": 0.0, "mor_ssl2": 0.0, "mor_ssl3": 0.094, "mor_ssl4": 0.672, "mor_ssl5": 0.234, "mor_ssl": 4.0, "mor_ssl_cl": "fort", "av_mor_ssl": "-", "av_aggrave": null, "av_attenue": null, "lbbh": "Artois-Picardie", "cdbh": "01", "Score_100": 25.2, "mor_rip": 3 }, "geometry": { "type": "MultiLineString", "coordinates": [ [ [ 2.085758756581208, 50.832518577689342 ], [ 2.085852955584084, 50.832554851261172 ], [ 2.08598906778935, 50.832626729337342 ], [ 2.086040661237702, 50.832671968423519 ], [ 2.086066723577749, 50.832718814775468 ], [ 2.086085522709465, 50.832775477270282 ], [ 2.086092316988488, 50.832868837670446 ], [ 2.086097497954173, 50.832972952836322 ], [ 2.086087489980758, 50.833055423445515 ], [ 2.0860817973307, 50.833134336807376 ], [ 2.08608570277663, 50.83315320698788 ], [ 2.086110791508824, 50.833175821304074 ], [ 2.086293014038848, 50.833283028380301 ], [ 2.08654869458414, 50.833479597776048 ], [ 2.086686095822543, 50.833558662136291 ], [ 2.086892223067993, 50.833675912730634 ], [ 2.08721886130002, 50.833788661947345 ], [ 2.087414345503226, 50.833868150648698 ], [ 2.087687131057229, 50.834059459378643 ], [ 2.087906496162054, 50.83422794629616 ], [ 2.088004236140398, 50.834306718948291 ], [ 2.088110181693569, 50.834401701390938 ], [ 2.088170893674757, 50.834490969654482 ], [ 2.088241892000701, 50.834637734823275 ], [ 2.088373936994025, 50.834777768546871 ], [ 2.088469755164305, 50.834884340341652 ], [ 2.088586109889771, 50.83495248195581 ], [ 2.088969300887511, 50.835228035318401 ], [ 2.089218975776078, 50.83544429331107 ], [ 2.089411517247064, 50.835608095140444 ], [ 2.089458850544881, 50.835654198660727 ], [ 2.089586880314442, 50.835781640536538 ], [ 2.089613290611432, 50.835809646960591 ], [ 2.089879457106193, 50.836209952310028 ], [ 2.089959910001542, 50.836304746773401 ], [ 2.090393450592657, 50.836617448181549 ], [ 2.090676568244924, 50.836865349038852 ], [ 2.090810480567296, 50.837059225876459 ], [ 2.090945551977312, 50.837189409004509 ], [ 2.090982824446716, 50.837243513360569 ], [ 2.090992480443933, 50.837257939120697 ], [ 2.091049123858034, 50.837571478422944 ], [ 2.091111082269513, 50.837670623146884 ], [ 2.091176983218219, 50.837708786290058 ], [ 2.091261546226864, 50.837733627252824 ], [ 2.091340752199762, 50.837741382133977 ], [ 2.091508137270241, 50.837730938037062 ], [ 2.091564871325885, 50.837727762532573 ], [ 2.091671205739182, 50.837802108356911 ], [ 2.091862135768579, 50.837977557665496 ], [ 2.091932450045178, 50.83808483764092 ], [ 2.092111348200423, 50.838220721661386 ], [ 2.092156846206322, 50.838290138005632 ], [ 2.092156748051964, 50.838373577715956 ], [ 2.092129796955759, 50.838453233077963 ], [ 2.092025820253421, 50.838561038267343 ], [ 2.091957946104562, 50.838631423502427 ], [ 2.091917885350374, 50.838730721909755 ], [ 2.09192566659716, 50.839004427062875 ], [ 2.091990314732358, 50.839189722637222 ], [ 2.092088005681211, 50.839272079840796 ], [ 2.092121731114553, 50.839287577913325 ], [ 2.092339505742989, 50.839389650474274 ], [ 2.092454426887884, 50.839459571870044 ], [ 2.092650625727496, 50.83957943096523 ], [ 2.092667447931364, 50.83958942264443 ], [ 2.09283659879454, 50.839716262263913 ], [ 2.093125489189918, 50.839876125210125 ] ] ] } },
{ "type": "Feature", "properties": { "fid": 10, "usra_id": 123704, "usra_id_st": "6050_5", "tgh_id": 6050, "usra_index": 5, "toponyme": "rivière la hem", "longueur": 1036.96, "zamont": 9.1533335049947002, "zaval": 6.4166667858759503, "agri3w_v": 16.93, "agri3w": "faible", "agribv_v": 44.05, "agribv": "fort", "alluvial": "oui", "beton": "absence", "canaux": "absence", "carriere": "absence", "chenal_v": null, "chenal": "faible", "conf": "absence", "conso": 1118.734426493035, "consom1": "faible", "consom2": "faible", "curage": "absence", "dobs1_v": 0.26, "dobs1": "fort", "dobs2_v": 2.27, "dobs2": "fort", "eclu": "absence", "etiage": "fort", "haies_v": 5.1592160602602384, "haies": "fort", "imper_v": 7.08, "imper": "faible", "intercep_v": 7.0, "intercepte": "faible", "montagne": "dessous", "navigable": "non", "obsmax1_v": 0.95, "obsmax1": "faible", "obsmax2_v": 0.95, "obsmax2": "faible", "orp": "absence", "orp_amont": "absence", "orp_autour": "absence", "orp_aval": "absence", "orp_proche": "absence", "pente2c": "faible", "pente3c": "faible", "pistes": "absence", "rang": "petit", "rectitud_v": 33.33, "rectitude": "moyen", "ret_us": "autre", "ret_vol1_v": 0.0, "ret_vol1": "faible", "ret_vol2_v": 0.0, "ret_vol2": "faible", "sensisol_v": 21.5469, "sensisol": "moyen", "tcc": "absence", "txamg_v": 13.65, "txamg": "moyen", "txetg1_v": 34.17, "txetg1": "fort", "txetg2_v": 12.93, "txetg2": "moyen", "txetg3_v": null, "txetg3": "faible", "txetg4_v": null, "txetg4": "faible", "txetg5_v": 7.66, "txetg5": "faible", "veget10_v": 59.704809242076799, "veget10": "moyen", "veget30_v": 44.1057800967262, "veget30": "moyen", "veget60_v": 36.307670652787074, "veget60": "faible", "hyd_dyn1": 1.0, "hyd_dyn2": 0.0, "hyd_dyn3": 0.0, "hyd_dyn4": 0.0, "hyd_dyn5": 0.0, "hyd_dyn": 1.0, "hyd_dyn_cl": "tres_faible", "av_hyd_dyn": "-", "hyd_qte1": 1.0, "hyd_qte2": 0.0, "hyd_qte3": 0.0, "hyd_qte4": 0.0, "hyd_qte5": 0.0, "hyd_qte": 1.0, "hyd_qte_cl": "tres_faible", "av_hyd_qte": "-", "hyd_mes1": 0.0, "hyd_mes2": 0.045, "hyd_mes3": 0.825, "hyd_mes4": 0.13, "hyd_mes5": 0.0, "hyd_mes": 3.0, "hyd_mes_cl": "moyen", "av_hyd_mes": "-", "con_amp1": 0.0, "con_amp2": 0.0, "con_amp3": 0.2, "con_amp4": 0.5, "con_amp5": 0.3, "con_amp": 4.0, "con_amp_cl": "fort", "av_con_amp": "-", "con_pro1": 0.0, "con_pro2": 0.0, "con_pro3": 0.5, "con_pro4": 0.5, "con_pro5": 0.0, "con_pro": 4.0, "con_pro_cl": "fort", "av_con_pro": "D", "con_lat1": 0.18, "con_lat2": 0.0, "con_lat3": 0.722, "con_lat4": 0.098, "con_lat5": 0.0, "con_lat": 3.0, "con_lat_cl": "moyen", "av_con_lat": "-", "con_sed1": 1.0, "con_sed2": 0.0, "con_sed3": 0.0, "con_sed4": 0.0, "con_sed5": 0.0, "con_sed": 1.0, "con_sed_cl": "tres_faible", "av_con_sed": "-", "mor_pll1": 0.09, "mor_pll2": 0.0, "mor_pll3": 0.676, "mor_pll4": 0.234, "mor_pll5": 0.0, "mor_pll": 3.0, "mor_pll_cl": "moyen", "av_mor_pll": "-", "mor_riv1": 0.072, "mor_riv2": 0.083, "mor_riv3": 0.717, "mor_riv4": 0.128, "mor_riv5": 0.0, "mor_riv": 3.0, "mor_riv_cl": "moyen", "av_mor_riv": "-", "mor_ssl1": 0.0, "mor_ssl2": 0.0, "mor_ssl3": 0.094, "mor_ssl4": 0.672, "mor_ssl5": 0.234, "mor_ssl": 4.0, "mor_ssl_cl": "fort", "av_mor_ssl": "-", "av_aggrave": null, "av_attenue": null, "lbbh": "Artois-Picardie", "cdbh": "01", "Score_100": 27.8, "mor_rip": 3 }, "geometry": { "type": "MultiLineString", "coordinates": [ [ [ 2.093125489189918, 50.839876125210125 ], [ 2.093143830331541, 50.839886274568144 ], [ 2.093245839977671, 50.839965073333047 ], [ 2.093328520662501, 50.840093975021595 ], [ 2.093457487419513, 50.840405345928701 ], [ 2.093610474587033, 50.840642423082208 ], [ 2.093673059867788, 50.840707476751206 ], [ 2.093922650060443, 50.84085284333112 ], [ 2.093988280978236, 50.840906255279258 ], [ 2.094029728669425, 50.84096487472911 ], [ 2.094014178713977, 50.841041024176896 ], [ 2.093946742962503, 50.841087188884302 ], [ 2.093706438993474, 50.841132994550684 ], [ 2.093629654325336, 50.841147688972704 ], [ 2.093446902582842, 50.841223520179305 ], [ 2.093431024743726, 50.841239554436974 ], [ 2.09335878458716, 50.841316188847728 ], [ 2.093348395029292, 50.841342132244378 ], [ 2.093329097783338, 50.84139044098827 ], [ 2.093274820448313, 50.841492327655068 ], [ 2.093219549111115, 50.841570879746158 ], [ 2.093120534786336, 50.841639244460495 ], [ 2.093097702732745, 50.84164805046165 ], [ 2.092930696301799, 50.841715023335695 ], [ 2.092809711891201, 50.841744648214842 ], [ 2.092712520507564, 50.841790595754937 ], [ 2.092518772419638, 50.841925561006441 ], [ 2.092468157063254, 50.841981716511292 ], [ 2.092330788386343, 50.842055184667679 ], [ 2.092096942922249, 50.842213184663549 ], [ 2.092008706628207, 50.842312131829658 ], [ 2.091894476925589, 50.842515862414764 ], [ 2.091875926560988, 50.842600961622054 ], [ 2.091886283712015, 50.842654869219416 ], [ 2.091908155031508, 50.842698991423426 ], [ 2.092006031928768, 50.842771480319819 ], [ 2.09220616749853, 50.842909312127773 ], [ 2.092432557028571, 50.843084119935227 ], [ 2.092584732879623, 50.84320993839215 ], [ 2.092683573162956, 50.843385611909852 ], [ 2.092739076742624, 50.843528670776543 ], [ 2.092903437011574, 50.843685979430632 ], [ 2.093176493583877, 50.843944564755439 ], [ 2.093291103659729, 50.844188539482317 ], [ 2.093367230465794, 50.844444795049583 ], [ 2.093585673517103, 50.844902160428298 ], [ 2.093624519777815, 50.845026256282665 ], [ 2.093651477778993, 50.845180770476993 ], [ 2.093645280930942, 50.845522558240269 ], [ 2.093681653703034, 50.845704953879448 ], [ 2.093809032653956, 50.845713954266067 ], [ 2.093850890650874, 50.845750146334893 ], [ 2.093865176217066, 50.845822025993215 ], [ 2.093822767433483, 50.845894390919348 ], [ 2.093782525675769, 50.846003556689823 ], [ 2.09377615855814, 50.846042089938976 ], [ 2.09378715270653, 50.84606101098138 ], [ 2.093831487139887, 50.846116959382549 ], [ 2.093960530414519, 50.84619056993396 ], [ 2.094112993295719, 50.846223079358957 ], [ 2.094288550383402, 50.846232429170179 ], [ 2.094565150637199, 50.846218287997992 ], [ 2.094861003450233, 50.846236585052843 ], [ 2.095159528028602, 50.846263872762627 ], [ 2.095245345852387, 50.846298588851695 ], [ 2.095294582447299, 50.846318684366366 ], [ 2.095345402952864, 50.84640787554229 ], [ 2.095571429769538, 50.846604206608113 ], [ 2.095876603666539, 50.846890830632141 ], [ 2.096080458479482, 50.84706727217899 ] ] ] } },
{ "type": "Feature", "properties": { "fid": 11, "usra_id": 123709, "usra_id_st": "6050_6", "tgh_id": 6050, "usra_index": 6, "toponyme": "rivière la hem", "longueur": 1036.96, "zamont": 6.4166667858759503, "zaval": 3.6800000667571999, "agri3w_v": 30.45, "agri3w": "moyen", "agribv_v": 44.05, "agribv": "fort", "alluvial": "oui", "beton": "absence", "canaux": "absence", "carriere": "absence", "chenal_v": null, "chenal": "faible", "conf": "absence", "conso": 1118.734426493035, "consom1": "faible", "consom2": "faible", "curage": "absence", "dobs1_v": 0.27, "dobs1": "fort", "dobs2_v": 2.49, "dobs2": "fort", "eclu": "absence", "etiage": "fort", "haies_v": 5.1592160602602384, "haies": "fort", "imper_v": 7.08, "imper": "faible", "intercep_v": 7.0, "intercepte": "faible", "montagne": "dessous", "navigable": "non", "obsmax1_v": 0.95, "obsmax1": "faible", "obsmax2_v": 0.95, "obsmax2": "faible", "orp": "absence", "orp_amont": "absence", "orp_autour": "absence", "orp_aval": "absence", "orp_proche": "absence", "pente2c": "faible", "pente3c": "faible", "pistes": "absence", "rang": "petit", "rectitud_v": 66.67, "rectitude": "fort", "ret_us": "autre", "ret_vol1_v": 0.0, "ret_vol1": "faible", "ret_vol2_v": 0.0, "ret_vol2": "faible", "sensisol_v": 21.5469, "sensisol": "moyen", "tcc": "absence", "txamg_v": 87.08, "txamg": "tres_fort", "txetg1_v": 48.75, "txetg1": "fort", "txetg2_v": 12.67, "txetg2": "moyen", "txetg3_v": 21.99, "txetg3": "moyen", "txetg4_v": null, "txetg4": "faible", "txetg5_v": 7.58, "txetg5": "faible", "veget10_v": 31.118518321183505, "veget10": "faible", "veget30_v": 19.658462721986226, "veget30": "tres_faible", "veget60_v": 16.828105513107769, "veget60": "tres_faible", "hyd_dyn1": 1.0, "hyd_dyn2": 0.0, "hyd_dyn3": 0.0, "hyd_dyn4": 0.0, "hyd_dyn5": 0.0, "hyd_dyn": 1.0, "hyd_dyn_cl": "tres_faible", "av_hyd_dyn": "-", "hyd_qte1": 1.0, "hyd_qte2": 0.0, "hyd_qte3": 0.0, "hyd_qte4": 0.0, "hyd_qte5": 0.0, "hyd_qte": 1.0, "hyd_qte_cl": "tres_faible", "av_hyd_qte": "-", "hyd_mes1": 0.0, "hyd_mes2": 0.0, "hyd_mes3": 0.57, "hyd_mes4": 0.374, "hyd_mes5": 0.056, "hyd_mes": 3.0, "hyd_mes_cl": "moyen", "av_hyd_mes": "-", "con_amp1": 0.0, "con_amp2": 0.0, "con_amp3": 0.2, "con_amp4": 0.5, "con_amp5": 0.3, "con_amp": 4.0, "con_amp_cl": "fort", "av_con_amp": "-", "con_pro1": 0.0, "con_pro2": 0.0, "con_pro3": 0.5, "con_pro4": 0.5, "con_pro5": 0.0, "con_pro": 4.0, "con_pro_cl": "fort", "av_con_pro": "D", "con_lat1": 0.0, "con_lat2": 0.0, "con_lat3": 0.091, "con_lat4": 0.514, "con_lat5": 0.395, "con_lat": 4.0, "con_lat_cl": "fort", "av_con_lat": "-", "con_sed1": 1.0, "con_sed2": 0.0, "con_sed3": 0.0, "con_sed4": 0.0, "con_sed5": 0.0, "con_sed": 1.0, "con_sed_cl": "tres_faible", "av_con_sed": "-", "mor_pll1": 0.0, "mor_pll2": 0.0, "mor_pll3": 0.0, "mor_pll4": 0.105, "mor_pll5": 0.895, "mor_pll": 5.0, "mor_pll_cl": "tres_fort", "av_mor_pll": "-", "mor_riv1": 0.0, "mor_riv2": 0.0, "mor_riv3": 0.048, "mor_riv4": 0.232, "mor_riv5": 0.72, "mor_riv": 5.0, "mor_riv_cl": "tres_fort", "av_mor_riv": "-", "mor_ssl1": 0.0, "mor_ssl2": 0.0, "mor_ssl3": 0.015, "mor_ssl4": 0.187, "mor_ssl5": 0.798, "mor_ssl": 5.0, "mor_ssl_cl": "tres_fort", "av_mor_ssl": "-", "av_aggrave": null, "av_attenue": null, "lbbh": "Artois-Picardie", "cdbh": "01", "Score_100": 58.6, "mor_rip": 4 }, "geometry": { "type": "MultiLineString", "coordinates": [ [ [ 2.096080458479482, 50.84706727217899 ], [ 2.09619334405845, 50.847164976830712 ], [ 2.096348229832084, 50.847298884143754 ], [ 2.096585720594234, 50.847567071746099 ], [ 2.096898590897636, 50.847820552288184 ], [ 2.097195713877257, 50.848239898936662 ], [ 2.097271268510271, 50.848372333384958 ], [ 2.097382337976425, 50.848578594690821 ], [ 2.097473043664873, 50.848735362817386 ], [ 2.097639014931478, 50.848883703454263 ], [ 2.097740037793984, 50.848940060288179 ], [ 2.097909451257226, 50.848976276247924 ], [ 2.098202374243955, 50.84900082433461 ], [ 2.098392063734341, 50.849012962013504 ], [ 2.098538756684469, 50.849051704446218 ], [ 2.098630330702392, 50.84908197364237 ], [ 2.098672097955556, 50.849123546361483 ], [ 2.098675637361976, 50.849163048432132 ], [ 2.098626804211223, 50.849277536227632 ], [ 2.098568585327694, 50.849362348792866 ], [ 2.098531622070343, 50.849447314949138 ], [ 2.098517072745667, 50.84954679816628 ], [ 2.098538548475386, 50.849613345624057 ], [ 2.098627654974025, 50.849701914453988 ], [ 2.098708825536601, 50.849759024135238 ], [ 2.098783632541449, 50.849854667036077 ], [ 2.098811902977099, 50.849937412960763 ], [ 2.098889940754662, 50.850325563560411 ], [ 2.09895940827911, 50.850560232311757 ], [ 2.099022168769135, 50.850695264312691 ], [ 2.099075128907414, 50.850744992348147 ], [ 2.099241650605109, 50.850784774221637 ], [ 2.099367060674121, 50.850825156213695 ], [ 2.099489458976852, 50.850875385427628 ], [ 2.099631292905951, 50.850948184573717 ], [ 2.099904218421567, 50.85113946152579 ], [ 2.100186371366454, 50.851369383535911 ], [ 2.100399156484142, 50.851516263099427 ], [ 2.100645759994424, 50.851674152372517 ], [ 2.100866069078971, 50.851796861196277 ], [ 2.101123192243808, 50.851921629279431 ], [ 2.101361523058667, 50.852066896750607 ], [ 2.101502556798013, 50.852184547249223 ], [ 2.101740051638386, 50.852376461684329 ], [ 2.102015022607947, 50.852533655071767 ], [ 2.102394268159759, 50.852724794154661 ], [ 2.102623185535696, 50.852921130917004 ], [ 2.102658308011307, 50.853175287536629 ], [ 2.10266096517385, 50.853185175707885 ], [ 2.10266790603423, 50.853193300321287 ], [ 2.102780103515094, 50.853338554467484 ], [ 2.103443088763892, 50.853989295492227 ], [ 2.103455215857841, 50.854024372895239 ], [ 2.103471514072747, 50.85406396620175 ], [ 2.103525755827341, 50.854200728229237 ], [ 2.103553039001909, 50.85433909083666 ], [ 2.103557581496518, 50.854401926440872 ] ] ] } },
{ "type": "Feature", "properties": { "fid": 12, "usra_id": 123713, "usra_id_st": "6051_1", "tgh_id": 6051, "usra_index": 1, "toponyme": "rivière meulestroom", "longueur": 972.96, "zamont": 3.6800000667571999, "zaval": 3.3225000500678998, "agri3w_v": 0.0, "agri3w": "faible", "agribv_v": 44.05, "agribv": "fort", "alluvial": "oui", "beton": "absence", "canaux": "absence", "carriere": "absence", "chenal_v": null, "chenal": "faible", "conf": "absence", "conso": 1118.734426493035, "consom1": "faible", "consom2": "faible", "curage": "absence", "dobs1_v": 0.24, "dobs1": "fort", "dobs2_v": 2.33, "dobs2": "fort", "eclu": "absence", "etiage": "fort", "haies_v": 5.1592160602602384, "haies": "fort", "imper_v": 7.08, "imper": "faible", "intercep_v": 7.0, "intercepte": "faible", "montagne": "dessous", "navigable": "non", "obsmax1_v": 0.95, "obsmax1": "faible", "obsmax2_v": 0.95, "obsmax2": "faible", "orp": "absence", "orp_amont": "absence", "orp_autour": "absence", "orp_aval": "absence", "orp_proche": "absence", "pente2c": "faible", "pente3c": "faible", "pistes": "absence", "rang": "petit", "rectitud_v": 100.0, "rectitude": "fort", "ret_us": "autre", "ret_vol1_v": 0.0, "ret_vol1": "faible", "ret_vol2_v": 0.0, "ret_vol2": "faible", "sensisol_v": 21.5469, "sensisol": "moyen", "tcc": "absence", "txamg_v": 97.51, "txamg": "tres_fort", "txetg1_v": 68.65, "txetg1": "fort", "txetg2_v": 14.77, "txetg2": "moyen", "txetg3_v": 100.0, "txetg3": "fort", "txetg4_v": null, "txetg4": "faible", "txetg5_v": 7.57, "txetg5": "faible", "veget10_v": 34.531914882986726, "veget10": "faible", "veget30_v": 27.863190566281805, "veget30": "faible", "veget60_v": 19.259353687213363, "veget60": "tres_faible", "hyd_dyn1": 1.0, "hyd_dyn2": 0.0, "hyd_dyn3": 0.0, "hyd_dyn4": 0.0, "hyd_dyn5": 0.0, "hyd_dyn": 1.0, "hyd_dyn_cl": "tres_faible", "av_hyd_dyn": "-", "hyd_qte1": 1.0, "hyd_qte2": 0.0, "hyd_qte3": 0.0, "hyd_qte4": 0.0, "hyd_qte5": 0.0, "hyd_qte": 1.0, "hyd_qte_cl": "tres_faible", "av_hyd_qte": "-", "hyd_mes1": 0.0, "hyd_mes2": 0.0, "hyd_mes3": 0.57, "hyd_mes4": 0.374, "hyd_mes5": 0.056, "hyd_mes": 3.0, "hyd_mes_cl": "moyen", "av_hyd_mes": "-", "con_amp1": 0.0, "con_amp2": 0.0, "con_amp3": 0.2, "con_amp4": 0.5, "con_amp5": 0.3, "con_amp": 4.0, "con_amp_cl": "fort", "av_con_amp": "-", "con_pro1": 0.0, "con_pro2": 0.0, "con_pro3": 0.5, "con_pro4": 0.5, "con_pro5": 0.0, "con_pro": 4.0, "con_pro_cl": "fort", "av_con_pro": "D", "con_lat1": 0.0, "con_lat2": 0.0, "con_lat3": 0.091, "con_lat4": 0.514, "con_lat5": 0.395, "con_lat": 4.0, "con_lat_cl": "fort", "av_con_lat": "-", "con_sed1": 1.0, "con_sed2": 0.0, "con_sed3": 0.0, "con_sed4": 0.0, "con_sed5": 0.0, "con_sed": 1.0, "con_sed_cl": "tres_faible", "av_con_sed": "-", "mor_pll1": 0.0, "mor_pll2": 0.0, "mor_pll3": 0.0, "mor_pll4": 0.035, "mor_pll5": 0.965, "mor_pll": 5.0, "mor_pll_cl": "tres_fort", "av_mor_pll": "-", "mor_riv1": 0.0, "mor_riv2": 0.0, "mor_riv3": 0.072, "mor_riv4": 0.308, "mor_riv5": 0.62, "mor_riv": 5.0, "mor_riv_cl": "tres_fort", "av_mor_riv": "-", "mor_ssl1": 0.0, "mor_ssl2": 0.0, "mor_ssl3": 0.0, "mor_ssl4": 0.052, "mor_ssl5": 0.948, "mor_ssl": 5.0, "mor_ssl_cl": "tres_fort", "av_mor_ssl": "-", "av_aggrave": null, "av_attenue": null, "lbbh": "Artois-Picardie", "cdbh": "01", "Score_100": 53.3, "mor_rip": 4 }, "geometry": { "type": "MultiLineString", "coordinates": [ [ [ 2.103557581496518, 50.854401926440872 ], [ 2.103575909836988, 50.854486393548754 ], [ 2.103637627313966, 50.854759581226624 ], [ 2.103722775429529, 50.85491181722864 ], [ 2.103838473747117, 50.855020310589126 ], [ 2.104112112962949, 50.855173900254918 ], [ 2.104432490065384, 50.85532961919445 ], [ 2.104515270426505, 50.855376867023637 ], [ 2.104607875095807, 50.855429568412845 ], [ 2.104687596356044, 50.855489354728263 ], [ 2.104859071519928, 50.855649386775546 ], [ 2.104915908835312, 50.855720672086456 ], [ 2.105110891769885, 50.856071972309685 ], [ 2.105312325424836, 50.856538157575571 ], [ 2.105559062876484, 50.856928406582561 ], [ 2.105621122226256, 50.857024849928841 ], [ 2.105634941764698, 50.857044686993333 ], [ 2.105708018559975, 50.857159152884861 ], [ 2.105718891255598, 50.85718524907665 ], [ 2.105853263251936, 50.857518169137101 ], [ 2.106067610025525, 50.857738617292718 ], [ 2.106843497618206, 50.858343490744588 ], [ 2.10717667339321, 50.858657196768739 ], [ 2.107233533460082, 50.858727583627406 ], [ 2.107320812871816, 50.858920204388447 ], [ 2.107405465308978, 50.859259943413122 ], [ 2.107496966292974, 50.859454388440298 ], [ 2.108055785912152, 50.860072054156397 ], [ 2.108458449883109, 50.860544155547004 ], [ 2.10862028213971, 50.860769605870026 ], [ 2.108662796840515, 50.860849758248158 ], [ 2.108885006197515, 50.861266737731498 ], [ 2.10913393193833, 50.86161661922619 ], [ 2.109260309206864, 50.861763760977745 ], [ 2.109285257248457, 50.861875188675711 ], [ 2.109271887290354, 50.861989034304486 ], [ 2.109178703137302, 50.862127510059537 ] ] ] } },
{ "type": "Feature", "properties": { "fid": 13, "usra_id": 123716, "usra_id_st": "6051_2", "tgh_id": 6051, "usra_index": 2, "toponyme": "rivière meulestroom", "longueur": 972.96, "zamont": 3.3225000500678998, "zaval": 2.9650000333786002, "agri3w_v": 7.52, "agri3w": "faible", "agribv_v": 44.05, "agribv": "fort", "alluvial": "oui", "beton": "absence", "canaux": "absence", "carriere": "absence", "chenal_v": null, "chenal": "faible", "conf": "absence", "conso": 1118.734426493035, "consom1": "faible", "consom2": "faible", "curage": "absence", "dobs1_v": 0.25, "dobs1": "fort", "dobs2_v": 1.81, "dobs2": "fort", "eclu": "absence", "etiage": "fort", "haies_v": 5.1592160602602384, "haies": "fort", "imper_v": 7.08, "imper": "faible", "intercep_v": 7.0, "intercepte": "faible", "montagne": "dessous", "navigable": "non", "obsmax1_v": 0.95, "obsmax1": "faible", "obsmax2_v": 0.95, "obsmax2": "faible", "orp": "absence", "orp_amont": "absence", "orp_autour": "absence", "orp_aval": "absence", "orp_proche": "absence", "pente2c": "faible", "pente3c": "faible", "pistes": "absence", "rang": "petit", "rectitud_v": 100.0, "rectitude": "fort", "ret_us": "autre", "ret_vol1_v": 0.0, "ret_vol1": "faible", "ret_vol2_v": 0.0, "ret_vol2": "faible", "sensisol_v": 21.5469, "sensisol": "moyen", "tcc": "absence", "txamg_v": 100.0, "txamg": "tres_fort", "txetg1_v": 65.27, "txetg1": "fort", "txetg2_v": 16.16, "txetg2": "moyen", "txetg3_v": 100.0, "txetg3": "fort", "txetg4_v": null, "txetg4": "faible", "txetg5_v": 7.56, "txetg5": "faible", "veget10_v": 19.489416859212461, "veget10": "tres_faible", "veget30_v": 11.771069437618682, "veget30": "tres_faible", "veget60_v": 9.6589763301473912, "veget60": "tres_faible", "hyd_dyn1": 1.0, "hyd_dyn2": 0.0, "hyd_dyn3": 0.0, "hyd_dyn4": 0.0, "hyd_dyn5": 0.0, "hyd_dyn": 1.0, "hyd_dyn_cl": "tres_faible", "av_hyd_dyn": "-", "hyd_qte1": 1.0, "hyd_qte2": 0.0, "hyd_qte3": 0.0, "hyd_qte4": 0.0, "hyd_qte5": 0.0, "hyd_qte": 1.0, "hyd_qte_cl": "tres_faible", "av_hyd_qte": "-", "hyd_mes1": 0.0, "hyd_mes2": 0.0, "hyd_mes3": 0.57, "hyd_mes4": 0.374, "hyd_mes5": 0.056, "hyd_mes": 3.0, "hyd_mes_cl": "moyen", "av_hyd_mes": "-", "con_amp1": 0.0, "con_amp2": 0.0, "con_amp3": 0.2, "con_amp4": 0.5, "con_amp5": 0.3, "con_amp": 4.0, "con_amp_cl": "fort", "av_con_amp": "-", "con_pro1": 0.0, "con_pro2": 0.0, "con_pro3": 0.5, "con_pro4": 0.5, "con_pro5": 0.0, "con_pro": 4.0, "con_pro_cl": "fort", "av_con_pro": "D", "con_lat1": 0.0, "con_lat2": 0.0, "con_lat3": 0.091, "con_lat4": 0.514, "con_lat5": 0.395, "con_lat": 4.0, "con_lat_cl": "fort", "av_con_lat": "-", "con_sed1": 1.0, "con_sed2": 0.0, "con_sed3": 0.0, "con_sed4": 0.0, "con_sed5": 0.0, "con_sed": 1.0, "con_sed_cl": "tres_faible", "av_con_sed": "-", "mor_pll1": 0.0, "mor_pll2": 0.0, "mor_pll3": 0.0, "mor_pll4": 0.035, "mor_pll5": 0.965, "mor_pll": 5.0, "mor_pll_cl": "tres_fort", "av_mor_pll": "-", "mor_riv1": 0.0, "mor_riv2": 0.0, "mor_riv3": 0.0, "mor_riv4": 0.08, "mor_riv5": 0.92, "mor_riv": 5.0, "mor_riv_cl": "tres_fort", "av_mor_riv": "-", "mor_ssl1": 0.0, "mor_ssl2": 0.0, "mor_ssl3": 0.0, "mor_ssl4": 0.052, "mor_ssl5": 0.948, "mor_ssl": 5.0, "mor_ssl_cl": "tres_fort", "av_mor_ssl": "-", "av_aggrave": null, "av_attenue": null, "lbbh": "Artois-Picardie", "cdbh": "01", "Score_100": 57.2, "mor_rip": 5 }, "geometry": { "type": "MultiLineString", "coordinates": [ [ [ 2.109178703137302, 50.862127510059537 ], [ 2.10914811288264, 50.862172968336125 ], [ 2.109077022118674, 50.862343820824471 ], [ 2.109036106649956, 50.862571410628199 ], [ 2.109018653507791, 50.862755206432794 ], [ 2.109037122095468, 50.862832495176583 ], [ 2.10915602372385, 50.863319611615502 ], [ 2.109156070136147, 50.863555568130707 ], [ 2.109147927353, 50.863614723314832 ], [ 2.109105022070218, 50.864033395936382 ], [ 2.10907102278554, 50.864191055232695 ], [ 2.10897091731072, 50.864478332117166 ], [ 2.108708099485729, 50.864986047511337 ], [ 2.108697744977373, 50.865010197124398 ], [ 2.108657520321314, 50.865119364458657 ], [ 2.108653965239617, 50.865159711688598 ], [ 2.108652614432416, 50.865314912337638 ], [ 2.10867844296953, 50.865377001527918 ], [ 2.108715227636542, 50.865460701028596 ], [ 2.108924008800413, 50.865757360804224 ], [ 2.109139358182279, 50.866003825554124 ], [ 2.109228032943508, 50.866119296177047 ], [ 2.109481856052667, 50.866514067490577 ], [ 2.109814800803075, 50.867083452878283 ], [ 2.109993075406873, 50.867422059185266 ], [ 2.110258850627611, 50.867942516446739 ], [ 2.110456023136475, 50.868255238567215 ], [ 2.110747774849427, 50.868670911015165 ], [ 2.110861320471265, 50.868823340909799 ], [ 2.111042757135356, 50.869303719069244 ], [ 2.111212941132475, 50.869619835637991 ], [ 2.111389436004784, 50.869900110246448 ], [ 2.111557490788726, 50.870176735728194 ], [ 2.1116098619881, 50.870261441827509 ], [ 2.111682812310366, 50.870384872353064 ], [ 2.111711229574535, 50.87043287821357 ] ] ] } },
{ "type": "Feature", "properties": { "fid": 14, "usra_id": 123717, "usra_id_st": "6051_3", "tgh_id": 6051, "usra_index": 3, "toponyme": "rivière meulestroom", "longueur": 972.96, "zamont": 2.9650000333786002, "zaval": 2.6075000166893001, "agri3w_v": 21.69, "agri3w": "faible", "agribv_v": 44.05, "agribv": "fort", "alluvial": "non", "beton": "absence", "canaux": "absence", "carriere": "absence", "chenal_v": null, "chenal": "faible", "conf": "absence", "conso": 1118.734426493035, "consom1": "faible", "consom2": "faible", "curage": "absence", "dobs1_v": 0.22, "dobs1": "fort", "dobs2_v": 1.71, "dobs2": "fort", "eclu": "absence", "etiage": "fort", "haies_v": 5.1592160602602384, "haies": "fort", "imper_v": 7.08, "imper": "faible", "intercep_v": 7.0, "intercepte": "faible", "montagne": "dessous", "navigable": "non", "obsmax1_v": 0.95, "obsmax1": "faible", "obsmax2_v": 0.95, "obsmax2": "faible", "orp": "absence", "orp_amont": "absence", "orp_autour": "absence", "orp_aval": "absence", "orp_proche": "absence", "pente2c": "faible", "pente3c": "faible", "pistes": "absence", "rang": "petit", "rectitud_v": 100.0, "rectitude": "fort", "ret_us": "autre", "ret_vol1_v": 0.0, "ret_vol1": "faible", "ret_vol2_v": 0.0, "ret_vol2": "faible", "sensisol_v": 21.5469, "sensisol": "moyen", "tcc": "absence", "txamg_v": 100.0, "txamg": "tres_fort", "txetg1_v": 61.09, "txetg1": "fort", "txetg2_v": 20.16, "txetg2": "moyen", "txetg3_v": 100.0, "txetg3": "fort", "txetg4_v": null, "txetg4": "faible", "txetg5_v": 7.56, "txetg5": "faible", "veget10_v": 25.392920850978673, "veget10": "faible", "veget30_v": 16.683138739340574, "veget30": "tres_faible", "veget60_v": 11.341307756238169, "veget60": "tres_faible", "hyd_dyn1": 1.0, "hyd_dyn2": 0.0, "hyd_dyn3": 0.0, "hyd_dyn4": 0.0, "hyd_dyn5": 0.0, "hyd_dyn": 1.0, "hyd_dyn_cl": "tres_faible", "av_hyd_dyn": "-", "hyd_qte1": 1.0, "hyd_qte2": 0.0, "hyd_qte3": 0.0, "hyd_qte4": 0.0, "hyd_qte5": 0.0, "hyd_qte": 1.0, "hyd_qte_cl": "tres_faible", "av_hyd_qte": "-", "hyd_mes1": 1.0, "hyd_mes2": 0.0, "hyd_mes3": 0.0, "hyd_mes4": 0.0, "hyd_mes5": 0.0, "hyd_mes": 1.0, "hyd_mes_cl": "tres_faible", "av_hyd_mes": "-", "con_amp1": 0.0, "con_amp2": 0.0, "con_amp3": 0.2, "con_amp4": 0.5, "con_amp5": 0.3, "con_amp": 4.0, "con_amp_cl": "fort", "av_con_amp": "-", "con_pro1": 0.0, "con_pro2": 0.0, "con_pro3": 0.5, "con_pro4": 0.5, "con_pro5": 0.0, "con_pro": 4.0, "con_pro_cl": "fort", "av_con_pro": "D", "con_lat1": 0.0, "con_lat2": 0.0, "con_lat3": 0.154, "con_lat4": 0.716, "con_lat5": 0.13, "con_lat": 4.0, "con_lat_cl": "fort", "av_con_lat": "-", "con_sed1": 1.0, "con_sed2": 0.0, "con_sed3": 0.0, "con_sed4": 0.0, "con_sed5": 0.0, "con_sed": 1.0, "con_sed_cl": "tres_faible", "av_con_sed": "-", "mor_pll1": 0.0, "mor_pll2": 0.0, "mor_pll3": 0.0, "mor_pll4": 0.059, "mor_pll5": 0.941, "mor_pll": 5.0, "mor_pll_cl": "tres_fort", "av_mor_pll": "-", "mor_riv1": 0.0, "mor_riv2": 0.0, "mor_riv3": 0.048, "mor_riv4": 0.232, "mor_riv5": 0.72, "mor_riv": 5.0, "mor_riv_cl": "tres_fort", "av_mor_riv": "-", "mor_ssl1": 0.0, "mor_ssl2": 0.0, "mor_ssl3": 0.0, "mor_ssl4": 0.052, "mor_ssl5": 0.948, "mor_ssl": 5.0, "mor_ssl_cl": "tres_fort", "av_mor_ssl": "-", "av_aggrave": null, "av_attenue": null, "lbbh": "Artois-Picardie", "cdbh": "01", "Score_100": 59.7, "mor_rip": 4 }, "geometry": { "type": "MultiLineString", "coordinates": [ [ [ 2.111711229574535, 50.87043287821357 ], [ 2.111827344217383, 50.870629031970942 ], [ 2.112258654087716, 50.871410836759921 ], [ 2.112272400546255, 50.871435157880413 ], [ 2.112456951777967, 50.871741505047332 ], [ 2.112478822123379, 50.871787415745942 ], [ 2.112724049967222, 50.872270037058534 ], [ 2.11277059520691, 50.872363672530284 ], [ 2.112958227482528, 50.872736430094598 ], [ 2.112970509147159, 50.872763432145767 ], [ 2.113263074471869, 50.873375578752366 ], [ 2.113328737758382, 50.873510618920676 ], [ 2.11368523965086, 50.874195887682689 ], [ 2.114275378502934, 50.875299990092074 ], [ 2.114482132280347, 50.875635198742295 ], [ 2.11458592639936, 50.875859326517194 ], [ 2.114745833034942, 50.876197790644149 ], [ 2.115052599107818, 50.876731080801356 ], [ 2.115154420382322, 50.876906747477925 ], [ 2.115442763089545, 50.877439905403101 ], [ 2.115453677051077, 50.877464205846415 ], [ 2.115617705363816, 50.877810771503484 ], [ 2.115864765126947, 50.878353503739667 ], [ 2.1160504285869, 50.878715374794908 ] ] ] } },
{ "type": "Feature", "properties": { "fid": 15, "usra_id": 123720, "usra_id_st": "6051_4", "tgh_id": 6051, "usra_index": 4, "toponyme": "rivière meulestroom", "longueur": 972.96, "zamont": 2.6075000166893001, "zaval": 2.25, "agri3w_v": 3.85, "agri3w": "faible", "agribv_v": 44.05, "agribv": "fort", "alluvial": "non", "beton": "absence", "canaux": "absence", "carriere": "absence", "chenal_v": 3.71, "chenal": "faible", "conf": "absence", "conso": 1118.734426493035, "consom1": "faible", "consom2": "faible", "curage": "absence", "dobs1_v": 0.19, "dobs1": "moyen", "dobs2_v": 1.61, "dobs2": "fort", "eclu": "absence", "etiage": "fort", "haies_v": 5.1592160602602384, "haies": "fort", "imper_v": 7.08, "imper": "faible", "intercep_v": 7.0, "intercepte": "faible", "montagne": "dessous", "navigable": "non", "obsmax1_v": 0.95, "obsmax1": "faible", "obsmax2_v": 0.95, "obsmax2": "faible", "orp": "absence", "orp_amont": "absence", "orp_autour": "absence", "orp_aval": "absence", "orp_proche": "absence", "pente2c": "faible", "pente3c": "faible", "pistes": "absence", "rang": "petit", "rectitud_v": 83.33, "rectitude": "fort", "ret_us": "autre", "ret_vol1_v": 0.0, "ret_vol1": "faible", "ret_vol2_v": 0.0, "ret_vol2": "faible", "sensisol_v": 21.5469, "sensisol": "moyen", "tcc": "absence", "txamg_v": 100.0, "txamg": "tres_fort", "txetg1_v": 55.75, "txetg1": "fort", "txetg2_v": 26.82, "txetg2": "moyen", "txetg3_v": 100.0, "txetg3": "fort", "txetg4_v": null, "txetg4": "faible", "txetg5_v": 7.55, "txetg5": "faible", "veget10_v": 16.786954960970547, "veget10": "tres_faible", "veget30_v": 13.649102923668242, "veget30": "tres_faible", "veget60_v": 10.704634721834566, "veget60": "tres_faible", "hyd_dyn1": 1.0, "hyd_dyn2": 0.0, "hyd_dyn3": 0.0, "hyd_dyn4": 0.0, "hyd_dyn5": 0.0, "hyd_dyn": 1.0, "hyd_dyn_cl": "tres_faible", "av_hyd_dyn": "-", "hyd_qte1": 1.0, "hyd_qte2": 0.0, "hyd_qte3": 0.0, "hyd_qte4": 0.0, "hyd_qte5": 0.0, "hyd_qte": 1.0, "hyd_qte_cl": "tres_faible", "av_hyd_qte": "-", "hyd_mes1": 1.0, "hyd_mes2": 0.0, "hyd_mes3": 0.0, "hyd_mes4": 0.0, "hyd_mes5": 0.0, "hyd_mes": 1.0, "hyd_mes_cl": "tres_faible", "av_hyd_mes": "-", "con_amp1": 0.0, "con_amp2": 0.0, "con_amp3": 0.3, "con_amp4": 0.45, "con_amp5": 0.25, "con_amp": 4.0, "con_amp_cl": "fort", "av_con_amp": "-", "con_pro1": 0.0, "con_pro2": 0.0, "con_pro3": 0.5, "con_pro4": 0.5, "con_pro5": 0.0, "con_pro": 4.0, "con_pro_cl": "fort", "av_con_pro": "D", "con_lat1": 0.0, "con_lat2": 0.0, "con_lat3": 0.154, "con_lat4": 0.716, "con_lat5": 0.13, "con_lat": 4.0, "con_lat_cl": "fort", "av_con_lat": "-", "con_sed1": 1.0, "con_sed2": 0.0, "con_sed3": 0.0, "con_sed4": 0.0, "con_sed5": 0.0, "con_sed": 1.0, "con_sed_cl": "tres_faible", "av_con_sed": "-", "mor_pll1": 0.0, "mor_pll2": 0.0, "mor_pll3": 0.0, "mor_pll4": 0.059, "mor_pll5": 0.941, "mor_pll": 5.0, "mor_pll_cl": "tres_fort", "av_mor_pll": "-", "mor_riv1": 0.0, "mor_riv2": 0.0, "mor_riv3": 0.0, "mor_riv4": 0.08, "mor_riv5": 0.92, "mor_riv": 5.0, "mor_riv_cl": "tres_fort", "av_mor_riv": "-", "mor_ssl1": 0.0, "mor_ssl2": 0.0, "mor_ssl3": 0.0, "mor_ssl4": 0.052, "mor_ssl5": 0.948, "mor_ssl": 5.0, "mor_ssl_cl": "tres_fort", "av_mor_ssl": "-", "av_aggrave": null, "av_attenue": null, "lbbh": "Artois-Picardie", "cdbh": "01", "Score_100": 56.3, "mor_rip": 5 }, "geometry": { "type": "MultiLineString", "coordinates": [ [ [ 2.1160504285869, 50.878715374794908 ], [ 2.116115618376773, 50.878842432892583 ], [ 2.116170381913805, 50.878953170088479 ], [ 2.116282232166801, 50.879123523303832 ], [ 2.116423113452274, 50.879336247888027 ], [ 2.116713345773808, 50.879844293900909 ], [ 2.116864210459952, 50.880134243065825 ], [ 2.116876385042191, 50.880167523668511 ], [ 2.11712339774365, 50.880794582691884 ], [ 2.117302736247572, 50.881239041388547 ], [ 2.117412115585295, 50.881469484203784 ], [ 2.117542004859587, 50.881743134814911 ], [ 2.11763328540972, 50.881954609234839 ], [ 2.117756229807433, 50.882220136002033 ], [ 2.117793168832602, 50.882296654373746 ], [ 2.117856376680869, 50.882491781416938 ], [ 2.117900905662477, 50.88278097645459 ], [ 2.117923364279211, 50.88287443810821 ], [ 2.117994932028413, 50.883319029758098 ], [ 2.118079825117333, 50.883651572404915 ], [ 2.118156353639006, 50.883975981440969 ], [ 2.118220310759126, 50.884289535752181 ], [ 2.11829791793748, 50.884552946389093 ], [ 2.118411789064533, 50.885092035153271 ], [ 2.118427887614294, 50.885144182992434 ], [ 2.118492108002402, 50.885362641596231 ], [ 2.118509538912233, 50.885500027098686 ], [ 2.118556132327805, 50.885672606946315 ], [ 2.118563962680333, 50.885871827192275 ], [ 2.118571578104222, 50.88600286328959 ], [ 2.118572584612108, 50.886026196013056 ], [ 2.118543544424241, 50.886225155791855 ], [ 2.118547807889848, 50.886305031245833 ], [ 2.118550795739636, 50.886376823434802 ], [ 2.118570002740954, 50.886574329518574 ], [ 2.119054955559262, 50.886499701904249 ], [ 2.119059209890025, 50.88649973192846 ], [ 2.119098901156369, 50.886500909174181 ], [ 2.119288693170649, 50.886506998939133 ] ] ] } },
{ "type": "Feature", "properties": { "fid": 16, "usra_id": 123906, "usra_id_st": "6045_1", "tgh_id": 6045, "usra_index": 1, "toponyme": "rivière la hem", "longueur": 264.75, "zamont": 95.400001525878906, "zaval": 93.100001743861611, "agri3w_v": 0.0, "agri3w": "faible", "agribv_v": 44.05, "agribv": "fort", "alluvial": "oui", "beton": "absence", "canaux": "absence", "carriere": "absence", "chenal_v": null, "chenal": "faible", "conf": "absence", "conso": 1118.734426493035, "consom1": "faible", "consom2": "faible", "curage": "absence", "dobs1_v": 0.69, "dobs1": "fort", "dobs2_v": 3.15, "dobs2": "fort", "eclu": "absence", "etiage": "fort", "haies_v": 5.1592160602602384, "haies": "fort", "imper_v": 7.08, "imper": "faible", "intercep_v": 0.0, "intercepte": "faible", "montagne": "dessous", "navigable": "non", "obsmax1_v": 3.0, "obsmax1": "moyen", "obsmax2_v": 3.0, "obsmax2": "moyen", "orp": "absence", "orp_amont": "absence", "orp_autour": "absence", "orp_aval": "absence", "orp_proche": "absence", "pente2c": "faible", "pente3c": "moyen", "pistes": "absence", "rang": "petit", "rectitud_v": 66.67, "rectitude": "fort", "ret_us": "autre", "ret_vol1_v": 0.0, "ret_vol1": "faible", "ret_vol2_v": 0.0, "ret_vol2": "faible", "sensisol_v": 21.5469, "sensisol": "moyen", "tcc": "absence", "txamg_v": 41.04, "txamg": "fort", "txetg1_v": 18.68, "txetg1": "moyen", "txetg2_v": 33.47, "txetg2": "fort", "txetg3_v": 75.29, "txetg3": "fort", "txetg4_v": 75.29, "txetg4": "fort", "txetg5_v": 75.29, "txetg5": "fort", "veget10_v": 33.003851528517934, "veget10": "faible", "veget30_v": 17.266800786391034, "veget30": "tres_faible", "veget60_v": 12.606017696405251, "veget60": "tres_faible", "hyd_dyn1": 1.0, "hyd_dyn2": 0.0, "hyd_dyn3": 0.0, "hyd_dyn4": 0.0, "hyd_dyn5": 0.0, "hyd_dyn": 1.0, "hyd_dyn_cl": "tres_faible", "av_hyd_dyn": "-", "hyd_qte1": 1.0, "hyd_qte2": 0.0, "hyd_qte3": 0.0, "hyd_qte4": 0.0, "hyd_qte5": 0.0, "hyd_qte": 1.0, "hyd_qte_cl": "tres_faible", "av_hyd_qte": "-", "hyd_mes1": 0.0, "hyd_mes2": 0.0, "hyd_mes3": 0.0, "hyd_mes4": 0.28, "hyd_mes5": 0.72, "hyd_mes": 5.0, "hyd_mes_cl": "tres_fort", "av_hyd_mes": "-", "con_amp1": 0.0, "con_amp2": 0.0, "con_amp3": 0.0, "con_amp4": 0.4, "con_amp5": 0.6, "con_amp": 5.0, "con_amp_cl": "tres_fort", "av_con_amp": "-", "con_pro1": 0.0, "con_pro2": 0.0, "con_pro3": 0.0, "con_pro4": 0.2, "con_pro5": 0.8, "con_pro": 5.0, "con_pro_cl": "tres_fort", "av_con_pro": "-", "con_lat1": 0.0, "con_lat2": 0.0, "con_lat3": 0.0, "con_lat4": 0.231, "con_lat5": 0.769, "con_lat": 5.0, "con_lat_cl": "tres_fort", "av_con_lat": "-", "con_sed1": 0.0, "con_sed2": 0.0, "con_sed3": 0.6, "con_sed4": 0.4, "con_sed5": 0.0, "con_sed": 3.0, "con_sed_cl": "moyen", "av_con_sed": "-", "mor_pll1": 0.0, "mor_pll2": 0.0, "mor_pll3": 0.007, "mor_pll4": 0.133, "mor_pll5": 0.86, "mor_pll": 5.0, "mor_pll_cl": "tres_fort", "av_mor_pll": "-", "mor_riv1": 0.0, "mor_riv2": 0.003, "mor_riv3": 0.253, "mor_riv4": 0.376, "mor_riv5": 0.368, "mor_riv": 4.0, "mor_riv_cl": "fort", "av_mor_riv": "D", "mor_ssl1": 0.0, "mor_ssl2": 0.0, "mor_ssl3": 0.0, "mor_ssl4": 0.147, "mor_ssl5": 0.853, "mor_ssl": 5.0, "mor_ssl_cl": "tres_fort", "av_mor_ssl": "-", "av_aggrave": null, "av_attenue": null, "lbbh": "Artois-Picardie", "cdbh": "01", "Score_100": 42.4, "mor_rip": 4 }, "geometry": { "type": "MultiLineString", "coordinates": [ [ [ 1.930134706731034, 50.739640058008256 ], [ 1.930202363757548, 50.739650510751588 ], [ 1.930261230842494, 50.739675245764296 ], [ 1.93033540202, 50.739711778082111 ], [ 1.930426636047243, 50.739743970186872 ], [ 1.930487127940498, 50.739758848017047 ], [ 1.930549033785084, 50.73977373796977 ], [ 1.930617645401031, 50.739805735493221 ], [ 1.930780431356327, 50.739930971018232 ], [ 1.931075263005044, 50.740164127308098 ], [ 1.931245407999197, 50.740275964862029 ], [ 1.931275882895964, 50.740305839691779 ], [ 1.93142418834014, 50.740447102467336 ], [ 1.931594792386022, 50.740603811707587 ], [ 1.93167960784551, 50.740671842341428 ], [ 1.931763583479249, 50.740712944734618 ], [ 1.931853521071657, 50.740739740398702 ], [ 1.93194519785149, 50.740751295712187 ], [ 1.932021780291903, 50.740741184638189 ], [ 1.932177315129917, 50.74067611441474 ], [ 1.932292303256714, 50.740655564361511 ], [ 1.932347370468899, 50.740659626320088 ], [ 1.932410577212787, 50.740679910666664 ], [ 1.932541137103759, 50.740725001657417 ], [ 1.932636425084687, 50.74076620049464 ], [ 1.93275970544834, 50.74082109982119 ], [ 1.932827727483153, 50.740880909312885 ], [ 1.932881629300909, 50.740939700304281 ], [ 1.932887871345018, 50.740944210372547 ] ] ] } },
{ "type": "Feature", "properties": { "fid": 17, "usra_id": 123907, "usra_id_st": "6045_2", "tgh_id": 6045, "usra_index": 2, "toponyme": "rivière la hem", "longueur": 264.75, "zamont": 93.100001743861611, "zaval": 90.800001961844302, "agri3w_v": 0.0, "agri3w": "faible", "agribv_v": 44.05, "agribv": "fort", "alluvial": "oui", "beton": "absence", "canaux": "absence", "carriere": "absence", "chenal_v": null, "chenal": "faible", "conf": "absence", "conso": 1118.734426493035, "consom1": "faible", "consom2": "faible", "curage": "absence", "dobs1_v": 0.67, "dobs1": "fort", "dobs2_v": 3.24, "dobs2": "fort", "eclu": "absence", "etiage": "fort", "haies_v": 5.1592160602602384, "haies": "fort", "imper_v": 7.08, "imper": "faible", "intercep_v": 0.0, "intercepte": "faible", "montagne": "dessous", "navigable": "non", "obsmax1_v": 2.5, "obsmax1": "moyen", "obsmax2_v": 3.0, "obsmax2": "moyen", "orp": "absence", "orp_amont": "absence", "orp_autour": "absence", "orp_aval": "absence", "orp_proche": "absence", "pente2c": "faible", "pente3c": "moyen", "pistes": "absence", "rang": "petit", "rectitud_v": 100.0, "rectitude": "fort", "ret_us": "autre", "ret_vol1_v": 0.0, "ret_vol1": "faible", "ret_vol2_v": 0.0, "ret_vol2": "faible", "sensisol_v": 21.5469, "sensisol": "moyen", "tcc": "absence", "txamg_v": 0.0, "txamg": "faible", "txetg1_v": 17.28, "txetg1": "moyen", "txetg2_v": 30.23, "txetg2": "fort", "txetg3_v": 100.01, "txetg3": "fort", "txetg4_v": 100.01, "txetg4": "fort", "txetg5_v": 87.65, "txetg5": "fort", "veget10_v": 36.477310557127844, "veget10": "faible", "veget30_v": 14.223109004463971, "veget30": "tres_faible", "veget60_v": 7.2450223832605456, "veget60": "tres_faible", "hyd_dyn1": 1.0, "hyd_dyn2": 0.0, "hyd_dyn3": 0.0, "hyd_dyn4": 0.0, "hyd_dyn5": 0.0, "hyd_dyn": 1.0, "hyd_dyn_cl": "tres_faible", "av_hyd_dyn": "-", "hyd_qte1": 1.0, "hyd_qte2": 0.0, "hyd_qte3": 0.0, "hyd_qte4": 0.0, "hyd_qte5": 0.0, "hyd_qte": 1.0, "hyd_qte_cl": "tres_faible", "av_hyd_qte": "-", "hyd_mes1": 0.0, "hyd_mes2": 0.0, "hyd_mes3": 0.0, "hyd_mes4": 0.28, "hyd_mes5": 0.72, "hyd_mes": 5.0, "hyd_mes_cl": "tres_fort", "av_hyd_mes": "-", "con_amp1": 0.0, "con_amp2": 0.0, "con_amp3": 0.0, "con_amp4": 0.4, "con_amp5": 0.6, "con_amp": 5.0, "con_amp_cl": "tres_fort", "av_con_amp": "-", "con_pro1": 0.0, "con_pro2": 0.0, "con_pro3": 0.0, "con_pro4": 0.2, "con_pro5": 0.8, "con_pro": 5.0, "con_pro_cl": "tres_fort", "av_con_pro": "-", "con_lat1": 0.0, "con_lat2": 0.0, "con_lat3": 0.0, "con_lat4": 0.315, "con_lat5": 0.685, "con_lat": 5.0, "con_lat_cl": "tres_fort", "av_con_lat": "-", "con_sed1": 0.0, "con_sed2": 0.0, "con_sed3": 0.6, "con_sed4": 0.4, "con_sed5": 0.0, "con_sed": 3.0, "con_sed_cl": "moyen", "av_con_sed": "-", "mor_pll1": 0.0, "mor_pll2": 0.0, "mor_pll3": 0.027, "mor_pll4": 0.342, "mor_pll5": 0.631, "mor_pll": 5.0, "mor_pll_cl": "tres_fort", "av_mor_pll": "-", "mor_riv1": 0.0, "mor_riv2": 0.016, "mor_riv3": 0.304, "mor_riv4": 0.44, "mor_riv5": 0.24, "mor_riv": 4.0, "mor_riv_cl": "fort", "av_mor_riv": "-", "mor_ssl1": 0.0, "mor_ssl2": 0.0, "mor_ssl3": 0.0, "mor_ssl4": 0.147, "mor_ssl5": 0.853, "mor_ssl": 5.0, "mor_ssl_cl": "tres_fort", "av_mor_ssl": "-", "av_aggrave": null, "av_attenue": null, "lbbh": "Artois-Picardie", "cdbh": "01", "Score_100": 31.6, "mor_rip": 4 }, "geometry": { "type": "MultiLineString", "coordinates": [ [ [ 1.932887871345018, 50.740944210372547 ], [ 1.932933161953313, 50.740976934191117 ], [ 1.93301176993201, 50.741004529206734 ], [ 1.933110440796682, 50.741019733082403 ], [ 1.933193405420599, 50.741041981144697 ], [ 1.933259173453516, 50.741074850106926 ], [ 1.933311872153581, 50.741123759563038 ], [ 1.933369882961443, 50.741188867089875 ], [ 1.933424913204226, 50.741261127950402 ], [ 1.933517910447445, 50.741343585191558 ], [ 1.933699473004876, 50.741517435090081 ], [ 1.93397613683942, 50.741741454431214 ], [ 1.934177402668781, 50.741919959112096 ], [ 1.93433896216583, 50.742037102672157 ], [ 1.934379337845712, 50.742067061426013 ], [ 1.934443598609733, 50.742104403601537 ], [ 1.934487050429622, 50.742122722936479 ], [ 1.934778738522798, 50.742305590185275 ], [ 1.935339297491621, 50.742696170179293 ] ] ] } },
{ "type": "Feature", "properties": { "fid": 18, "usra_id": 123914, "usra_id_st": "6045_3", "tgh_id": 6045, "usra_index": 3, "toponyme": "rivière la hem", "longueur": 264.75, "zamont": 90.800001961844302, "zaval": 88.500002179827007, "agri3w_v": 0.0, "agri3w": "faible", "agribv_v": 44.05, "agribv": "fort", "alluvial": "oui", "beton": "absence", "canaux": "absence", "carriere": "absence", "chenal_v": null, "chenal": "faible", "conf": "absence", "conso": 1118.734426493035, "consom1": "faible", "consom2": "faible", "curage": "absence", "dobs1_v": 0.68, "dobs1": "fort", "dobs2_v": 3.32, "dobs2": "fort", "eclu": "absence", "etiage": "fort", "haies_v": 5.1592160602602384, "haies": "fort", "imper_v": 7.08, "imper": "faible", "intercep_v": 0.0, "intercepte": "faible", "montagne": "dessous", "navigable": "non", "obsmax1_v": 2.5, "obsmax1": "moyen", "obsmax2_v": 3.0, "obsmax2": "moyen", "orp": "absence", "orp_amont": "absence", "orp_autour": "absence", "orp_aval": "absence", "orp_proche": "absence", "pente2c": "faible", "pente3c": "moyen", "pistes": "absence", "rang": "petit", "rectitud_v": 33.33, "rectitude": "moyen", "ret_us": "autre", "ret_vol1_v": 0.0, "ret_vol1": "faible", "ret_vol2_v": 0.0, "ret_vol2": "faible", "sensisol_v": 21.5469, "sensisol": "moyen", "tcc": "absence", "txamg_v": 21.85, "txamg": "moyen", "txetg1_v": 15.18, "txetg1": "moyen", "txetg2_v": 30.49, "txetg2": "fort", "txetg3_v": 3.73, "txetg3": "faible", "txetg4_v": 3.73, "txetg4": "faible", "txetg5_v": 59.68, "txetg5": "fort", "veget10_v": 47.777845799007984, "veget10": "moyen", "veget30_v": 24.986629733900138, "veget30": "faible", "veget60_v": 16.492046755599095, "veget60": "tres_faible", "hyd_dyn1": 1.0, "hyd_dyn2": 0.0, "hyd_dyn3": 0.0, "hyd_dyn4": 0.0, "hyd_dyn5": 0.0, "hyd_dyn": 1.0, "hyd_dyn_cl": "tres_faible", "av_hyd_dyn": "-", "hyd_qte1": 1.0, "hyd_qte2": 0.0, "hyd_qte3": 0.0, "hyd_qte4": 0.0, "hyd_qte5": 0.0, "hyd_qte": 1.0, "hyd_qte_cl": "tres_faible", "av_hyd_qte": "-", "hyd_mes1": 0.0, "hyd_mes2": 0.0, "hyd_mes3": 0.522, "hyd_mes4": 0.426, "hyd_mes5": 0.052, "hyd_mes": 3.0, "hyd_mes_cl": "moyen", "av_hyd_mes": "-", "con_amp1": 0.0, "con_amp2": 0.0, "con_amp3": 0.0, "con_amp4": 0.4, "con_amp5": 0.6, "con_amp": 5.0, "con_amp_cl": "tres_fort", "av_con_amp": "-", "con_pro1": 0.0, "con_pro2": 0.0, "con_pro3": 0.0, "con_pro4": 0.2, "con_pro5": 0.8, "con_pro": 5.0, "con_pro_cl": "tres_fort", "av_con_pro": "-", "con_lat1": 0.0, "con_lat2": 0.0, "con_lat3": 0.516, "con_lat4": 0.444, "con_lat5": 0.04, "con_lat": 3.0, "con_lat_cl": "moyen", "av_con_lat": "-", "con_sed1": 0.0, "con_sed2": 0.0, "con_sed3": 0.6, "con_sed4": 0.4, "con_sed5": 0.0, "con_sed": 3.0, "con_sed_cl": "moyen", "av_con_sed": "-", "mor_pll1": 0.0, "mor_pll2": 0.0, "mor_pll3": 0.417, "mor_pll4": 0.493, "mor_pll5": 0.09, "mor_pll": 4.0, "mor_pll_cl": "fort", "av_mor_pll": "-", "mor_riv1": 0.0, "mor_riv2": 0.072, "mor_riv3": 0.768, "mor_riv4": 0.16, "mor_riv5": 0.0, "mor_riv": 3.0, "mor_riv_cl": "moyen", "av_mor_riv": "-", "mor_ssl1": 0.0, "mor_ssl2": 0.0, "mor_ssl3": 0.223, "mor_ssl4": 0.496, "mor_ssl5": 0.281, "mor_ssl": 4.0, "mor_ssl_cl": "fort", "av_mor_ssl": "-", "av_aggrave": null, "av_attenue": null, "lbbh": "Artois-Picardie", "cdbh": "01", "Score_100": 32.1, "mor_rip": 3 }, "geometry": { "type": "MultiLineString", "coordinates": [ [ [ 1.935339297491621, 50.742696170179293 ], [ 1.935345937932098, 50.742700796977964 ], [ 1.935421207194066, 50.742752590578924 ], [ 1.935505990044579, 50.742756007958093 ], [ 1.935609250225601, 50.742755096516689 ], [ 1.935701084037799, 50.742759471435384 ], [ 1.935820873906813, 50.74277934052013 ], [ 1.93599833308503, 50.742814060389421 ], [ 1.936099950741782, 50.742823902839334 ], [ 1.936191689467614, 50.742832763390822 ], [ 1.936229829450861, 50.742834884161589 ], [ 1.936430179831743, 50.742857236026119 ], [ 1.936554383638261, 50.742869065866486 ], [ 1.936717032210785, 50.742868661018633 ], [ 1.936900833729663, 50.742871128757905 ], [ 1.93699830484868, 50.742876448237659 ], [ 1.93711727157669, 50.742868490819212 ], [ 1.937229244376218, 50.742856884108868 ], [ 1.937354057339035, 50.742840002776795 ], [ 1.937452175414615, 50.742814817126821 ], [ 1.937513072676931, 50.742810850287597 ], [ 1.937553869465169, 50.742821069592416 ], [ 1.93761658637915, 50.742864678408893 ], [ 1.937684997473393, 50.742906541077126 ], [ 1.937769628556073, 50.742917134506818 ], [ 1.937871665232237, 50.742907237126182 ], [ 1.937952320611776, 50.742905233435501 ], [ 1.938028600840863, 50.742909473885717 ], [ 1.938076429809908, 50.74292154775204 ], [ 1.938132267431633, 50.742956123976597 ], [ 1.938210691229227, 50.742992687617054 ], [ 1.938315677105609, 50.743043835609924 ], [ 1.938418139355017, 50.743080604199712 ], [ 1.938502193306549, 50.743051708305877 ], [ 1.938557377708341, 50.743050384306962 ], [ 1.938603621857495, 50.743070520698907 ], [ 1.938629708747638, 50.743107535011823 ], [ 1.938697816919042, 50.743163752291942 ], [ 1.938737065692871, 50.743192538811748 ] ] ] } },
{ "type": "Feature", "properties": { "fid": 19, "usra_id": 123915, "usra_id_st": "6045_4", "tgh_id": 6045, "usra_index": 4, "toponyme": "rivière la hem", "longueur": 264.75, "zamont": 88.500002179827007, "zaval": 86.200002397809698, "agri3w_v": 0.0, "agri3w": "faible", "agribv_v": 44.05, "agribv": "fort", "alluvial": "oui", "beton": "absence", "canaux": "absence", "carriere": "absence", "chenal_v": null, "chenal": "faible", "conf": "absence", "conso": 1118.734426493035, "consom1": "faible", "consom2": "faible", "curage": "absence", "dobs1_v": 0.64, "dobs1": "fort", "dobs2_v": 2.97, "dobs2": "fort", "eclu": "absence", "etiage": "fort", "haies_v": 5.1592160602602384, "haies": "fort", "imper_v": 7.08, "imper": "faible", "intercep_v": 0.0, "intercepte": "faible", "montagne": "dessous", "navigable": "non", "obsmax1_v": 2.0, "obsmax1": "moyen", "obsmax2_v": 3.0, "obsmax2": "moyen", "orp": "absence", "orp_amont": "absence", "orp_autour": "absence", "orp_aval": "absence", "orp_proche": "absence", "pente2c": "faible", "pente3c": "moyen", "pistes": "absence", "rang": "petit", "rectitud_v": 66.67, "rectitude": "fort", "ret_us": "autre", "ret_vol1_v": 0.0, "ret_vol1": "faible", "ret_vol2_v": 0.0, "ret_vol2": "faible", "sensisol_v": 21.5469, "sensisol": "moyen", "tcc": "absence", "txamg_v": 0.0, "txamg": "faible", "txetg1_v": 15.48, "txetg1": "moyen", "txetg2_v": 27.66, "txetg2": "moyen", "txetg3_v": null, "txetg3": "faible", "txetg4_v": null, "txetg4": "faible", "txetg5_v": 44.76, "txetg5": "fort", "veget10_v": 66.863869545094985, "veget10": "moyen", "veget30_v": 40.449880192974753, "veget30": "moyen", "veget60_v": 32.21739753411952, "veget60": "faible", "hyd_dyn1": 1.0, "hyd_dyn2": 0.0, "hyd_dyn3": 0.0, "hyd_dyn4": 0.0, "hyd_dyn5": 0.0, "hyd_dyn": 1.0, "hyd_dyn_cl": "tres_faible", "av_hyd_dyn": "-", "hyd_qte1": 1.0, "hyd_qte2": 0.0, "hyd_qte3": 0.0, "hyd_qte4": 0.0, "hyd_qte5": 0.0, "hyd_qte": 1.0, "hyd_qte_cl": "tres_faible", "av_hyd_qte": "-", "hyd_mes1": 0.0, "hyd_mes2": 0.0, "hyd_mes3": 0.365, "hyd_mes4": 0.56, "hyd_mes5": 0.075, "hyd_mes": 4.0, "hyd_mes_cl": "fort", "av_hyd_mes": "-", "con_amp1": 0.0, "con_amp2": 0.0, "con_amp3": 0.0, "con_amp4": 0.4, "con_amp5": 0.6, "con_amp": 5.0, "con_amp_cl": "tres_fort", "av_con_amp": "-", "con_pro1": 0.0, "con_pro2": 0.0, "con_pro3": 0.3, "con_pro4": 0.5, "con_pro5": 0.2, "con_pro": 4.0, "con_pro_cl": "fort", "av_con_pro": "-", "con_lat1": 0.0, "con_lat2": 0.0, "con_lat3": 0.42, "con_lat4": 0.58, "con_lat5": 0.0, "con_lat": 4.0, "con_lat_cl": "fort", "av_con_lat": "-", "con_sed1": 0.0, "con_sed2": 0.0, "con_sed3": 0.6, "con_sed4": 0.4, "con_sed5": 0.0, "con_sed": 3.0, "con_sed_cl": "moyen", "av_con_sed": "-", "mor_pll1": 0.0, "mor_pll2": 0.0, "mor_pll3": 0.136, "mor_pll4": 0.448, "mor_pll5": 0.415, "mor_pll": 4.0, "mor_pll_cl": "fort", "av_mor_pll": "D", "mor_riv1": 0.04, "mor_riv2": 0.064, "mor_riv3": 0.736, "mor_riv4": 0.16, "mor_riv5": 0.0, "mor_riv": 3.0, "mor_riv_cl": "moyen", "av_mor_riv": "-", "mor_ssl1": 0.0, "mor_ssl2": 0.0, "mor_ssl3": 0.103, "mor_ssl4": 0.457, "mor_ssl5": 0.44, "mor_ssl": 4.0, "mor_ssl_cl": "fort", "av_mor_ssl": "D", "av_aggrave": null, "av_attenue": null, "lbbh": "Artois-Picardie", "cdbh": "01", "Score_100": 25.0, "mor_rip": 3 }, "geometry": { "type": "MultiLineString", "coordinates": [ [ [ 1.938737065692871, 50.743192538811748 ], [ 1.93874238113831, 50.74319643735479 ], [ 1.938774428336168, 50.743219144683785 ], [ 1.938942464796516, 50.743365052690898 ], [ 1.939000732529163, 50.743418493789072 ], [ 1.939110038165869, 50.743466088452742 ], [ 1.939218755099566, 50.743541496173208 ], [ 1.939271234257231, 50.743601169305052 ], [ 1.939303499254333, 50.743680412037939 ], [ 1.939324718047768, 50.743746997557452 ], [ 1.939360978388116, 50.743837939991813 ], [ 1.939419228123467, 50.743892278053949 ], [ 1.939479309858075, 50.743926889777484 ], [ 1.939500235496236, 50.743940528507622 ], [ 1.939530926452813, 50.743960531971645 ], [ 1.939554243391764, 50.743994830346637 ], [ 1.939528400550974, 50.744079859301344 ], [ 1.939550132580942, 50.744122220401252 ], [ 1.939602593751087, 50.744182790538709 ], [ 1.939609995552378, 50.74423400310458 ], [ 1.93961579342087, 50.744294175593055 ], [ 1.939637886426269, 50.744319489910218 ], [ 1.939669687886711, 50.744353860538098 ], [ 1.939740551063822, 50.744413690028466 ], [ 1.939815618587442, 50.744475350008564 ], [ 1.939839951298379, 50.744528501494216 ], [ 1.939823143607283, 50.744587584001209 ], [ 1.939811878175662, 50.744652097871416 ], [ 1.939846147338957, 50.744703539275555 ], [ 1.939921386291925, 50.744757124391718 ], [ 1.939966759291342, 50.744818531285866 ], [ 1.939990579766382, 50.744895907029736 ], [ 1.940007519828298, 50.744964250569168 ], [ 1.940032640603202, 50.745047021512534 ], [ 1.94006523043947, 50.745111011533183 ], [ 1.940114020509026, 50.745144629337155 ], [ 1.94015194411933, 50.74522391983885 ], [ 1.940182549828008, 50.745277592779289 ] ] ] } },
{ "type": "Feature", "properties": { "fid": 20, "usra_id": 123916, "usra_id_st": "6045_5", "tgh_id": 6045, "usra_index": 5, "toponyme": "rivière la hem", "longueur": 264.75, "zamont": 86.200002397809698, "zaval": 83.900002615792403, "agri3w_v": 0.0, "agri3w": "faible", "agribv_v": 44.05, "agribv": "fort", "alluvial": "oui", "beton": "absence", "canaux": "absence", "carriere": "absence", "chenal_v": null, "chenal": "faible", "conf": "absence", "conso": 1118.734426493035, "consom1": "faible", "consom2": "faible", "curage": "absence", "dobs1_v": 0.64, "dobs1": "fort", "dobs2_v": 2.68, "dobs2": "fort", "eclu": "absence", "etiage": "fort", "haies_v": 5.1592160602602384, "haies": "fort", "imper_v": 7.08, "imper": "faible", "intercep_v": 0.0, "intercepte": "faible", "montagne": "dessous", "navigable": "non", "obsmax1_v": 2.0, "obsmax1": "moyen", "obsmax2_v": 3.0, "obsmax2": "moyen", "orp": "absence", "orp_amont": "absence", "orp_autour": "absence", "orp_aval": "absence", "orp_proche": "absence", "pente2c": "faible", "pente3c": "moyen", "pistes": "absence", "rang": "petit", "rectitud_v": 66.67, "rectitude": "fort", "ret_us": "autre", "ret_vol1_v": 0.0, "ret_vol1": "faible", "ret_vol2_v": 0.0, "ret_vol2": "faible", "sensisol_v": 21.5469, "sensisol": "moyen", "tcc": "absence", "txamg_v": 0.0, "txamg": "faible", "txetg1_v": 15.89, "txetg1": "moyen", "txetg2_v": 25.31, "txetg2": "moyen", "txetg3_v": 10.89, "txetg3": "moyen", "txetg4_v": null, "txetg4": "faible", "txetg5_v": 35.81, "txetg5": "fort", "veget10_v": 43.896688111433328, "veget10": "moyen", "veget30_v": 25.391425262458696, "veget30": "faible", "veget60_v": 17.989711372566408, "veget60": "tres_faible", "hyd_dyn1": 1.0, "hyd_dyn2": 0.0, "hyd_dyn3": 0.0, "hyd_dyn4": 0.0, "hyd_dyn5": 0.0, "hyd_dyn": 1.0, "hyd_dyn_cl": "tres_faible", "av_hyd_dyn": "-", "hyd_qte1": 1.0, "hyd_qte2": 0.0, "hyd_qte3": 0.0, "hyd_qte4": 0.0, "hyd_qte5": 0.0, "hyd_qte": 1.0, "hyd_qte_cl": "tres_faible", "av_hyd_qte": "-", "hyd_mes1": 0.0, "hyd_mes2": 0.0, "hyd_mes3": 0.365, "hyd_mes4": 0.56, "hyd_mes5": 0.075, "hyd_mes": 4.0, "hyd_mes_cl": "fort", "av_hyd_mes": "-", "con_amp1": 0.0, "con_amp2": 0.0, "con_amp3": 0.0, "con_amp4": 0.4, "con_amp5": 0.6, "con_amp": 5.0, "con_amp_cl": "tres_fort", "av_con_amp": "-", "con_pro1": 0.0, "con_pro2": 0.0, "con_pro3": 0.3, "con_pro4": 0.5, "con_pro5": 0.2, "con_pro": 4.0, "con_pro_cl": "fort", "av_con_pro": "-", "con_lat1": 0.0, "con_lat2": 0.0, "con_lat3": 0.42, "con_lat4": 0.58, "con_lat5": 0.0, "con_lat": 4.0, "con_lat_cl": "fort", "av_con_lat": "-", "con_sed1": 0.0, "con_sed2": 0.0, "con_sed3": 0.6, "con_sed4": 0.4, "con_sed5": 0.0, "con_sed": 3.0, "con_sed_cl": "moyen", "av_con_sed": "-", "mor_pll1": 0.0, "mor_pll2": 0.0, "mor_pll3": 0.082, "mor_pll4": 0.395, "mor_pll5": 0.523, "mor_pll": 5.0, "mor_pll_cl": "tres_fort", "av_mor_pll": "-", "mor_riv1": 0.0, "mor_riv2": 0.04, "mor_riv3": 0.76, "mor_riv4": 0.2, "mor_riv5": 0.0, "mor_riv": 3.0, "mor_riv_cl": "moyen", "av_mor_riv": "-", "mor_ssl1": 0.0, "mor_ssl2": 0.0, "mor_ssl3": 0.041, "mor_ssl4": 0.271, "mor_ssl5": 0.688, "mor_ssl": 5.0, "mor_ssl_cl": "tres_fort", "av_mor_ssl": "-", "av_aggrave": null, "av_attenue": null, "lbbh": "Artois-Picardie", "cdbh": "01", "Score_100": 27.6, "mor_rip": 3 }, "geometry": { "type": "MultiLineString", "coordinates": [ [ [ 1.940182549828008, 50.745277592779289 ], [ 1.940183309954872, 50.745278925804925 ], [ 1.940166274646838, 50.745348774646438 ], [ 1.940143507058033, 50.745422164090449 ], [ 1.940118983651846, 50.745511691007508 ], [ 1.940119420111034, 50.745624761784853 ], [ 1.940105563855172, 50.745744889673738 ], [ 1.940108353913052, 50.745880414386967 ], [ 1.940111817920303, 50.74591723553327 ], [ 1.9401211375528, 50.746011537399689 ], [ 1.940129565076229, 50.746148007426349 ], [ 1.940168694778042, 50.746237178991436 ], [ 1.940256416559712, 50.746302535700352 ], [ 1.940358488364771, 50.746358143604574 ], [ 1.94047379968831, 50.746389635513729 ], [ 1.940560715203012, 50.746426269719265 ], [ 1.940627757460008, 50.746466324116206 ], [ 1.940778327041466, 50.746502602647439 ], [ 1.940901782187418, 50.74655031587357 ], [ 1.940987397983287, 50.746581554569524 ], [ 1.941018765586115, 50.74663656021206 ], [ 1.941098459647088, 50.746680311418977 ], [ 1.941161848201537, 50.746692516384591 ], [ 1.941219011457279, 50.746731589031143 ], [ 1.941308775301911, 50.746767349562575 ], [ 1.941395312894738, 50.746821927053269 ], [ 1.941449363867488, 50.74687443344434 ], [ 1.941529923049035, 50.746944215022474 ], [ 1.94163731287085, 50.747016019429083 ], [ 1.941674337955472, 50.747071072974634 ], [ 1.941674785400879, 50.747116841900564 ], [ 1.94170257510372, 50.747140409457664 ], [ 1.94174297600532, 50.747150415453021 ] ] ] } },
{ "type": "Feature", "properties": { "fid": 21, "usra_id": 123917, "usra_id_st": "6045_6", "tgh_id": 6045, "usra_index": 6, "toponyme": "rivière la hem", "longueur": 264.75, "zamont": 83.900002615792403, "zaval": 81.600002833775093, "agri3w_v": 0.41, "agri3w": "faible", "agribv_v": 44.05, "agribv": "fort", "alluvial": "oui", "beton": "absence", "canaux": "absence", "carriere": "absence", "chenal_v": null, "chenal": "faible", "conf": "absence", "conso": 1118.734426493035, "consom1": "faible", "consom2": "faible", "curage": "absence", "dobs1_v": 0.63, "dobs1": "fort", "dobs2_v": 2.79, "dobs2": "fort", "eclu": "absence", "etiage": "fort", "haies_v": 5.1592160602602384, "haies": "fort", "imper_v": 7.08, "imper": "faible", "intercep_v": 0.0, "intercepte": "faible", "montagne": "dessous", "navigable": "non", "obsmax1_v": 2.0, "obsmax1": "moyen", "obsmax2_v": 3.0, "obsmax2": "moyen", "orp": "absence", "orp_amont": "absence", "orp_autour": "absence", "orp_aval": "absence", "orp_proche": "absence", "pente2c": "faible", "pente3c": "moyen", "pistes": "absence", "rang": "petit", "rectitud_v": 33.33, "rectitude": "moyen", "ret_us": "autre", "ret_vol1_v": 0.0, "ret_vol1": "faible", "ret_vol2_v": 0.0, "ret_vol2": "faible", "sensisol_v": 21.5469, "sensisol": "moyen", "tcc": "absence", "txamg_v": 0.0, "txamg": "faible", "txetg1_v": 16.03, "txetg1": "moyen", "txetg2_v": 25.89, "txetg2": "moyen", "txetg3_v": 10.87, "txetg3": "moyen", "txetg4_v": null, "txetg4": "faible", "txetg5_v": 29.84, "txetg5": "moyen", "veget10_v": 53.306344752042641, "veget10": "moyen", "veget30_v": 20.535047612739607, "veget30": "faible", "veget60_v": 12.639819676002441, "veget60": "tres_faible", "hyd_dyn1": 1.0, "hyd_dyn2": 0.0, "hyd_dyn3": 0.0, "hyd_dyn4": 0.0, "hyd_dyn5": 0.0, "hyd_dyn": 1.0, "hyd_dyn_cl": "tres_faible", "av_hyd_dyn": "-", "hyd_qte1": 1.0, "hyd_qte2": 0.0, "hyd_qte3": 0.0, "hyd_qte4": 0.0, "hyd_qte5": 0.0, "hyd_qte": 1.0, "hyd_qte_cl": "tres_faible", "av_hyd_qte": "-", "hyd_mes1": 0.0, "hyd_mes2": 0.053, "hyd_mes3": 0.827, "hyd_mes4": 0.12, "hyd_mes5": 0.0, "hyd_mes": 3.0, "hyd_mes_cl": "moyen", "av_hyd_mes": "-", "con_amp1": 0.0, "con_amp2": 0.0, "con_amp3": 0.0, "con_amp4": 0.4, "con_amp5": 0.6, "con_amp": 5.0, "con_amp_cl": "tres_fort", "av_con_amp": "-", "con_pro1": 0.0, "con_pro2": 0.0, "con_pro3": 0.3, "con_pro4": 0.5, "con_pro5": 0.2, "con_pro": 4.0, "con_pro_cl": "fort", "av_con_pro": "-", "con_lat1": 0.075, "con_lat2": 0.0, "con_lat3": 0.925, "con_lat4": 0.0, "con_lat5": 0.0, "con_lat": 3.0, "con_lat_cl": "moyen", "av_con_lat": "-", "con_sed1": 0.0, "con_sed2": 0.25, "con_sed3": 0.75, "con_sed4": 0.0, "con_sed5": 0.0, "con_sed": 3.0, "con_sed_cl": "moyen", "av_con_sed": "-", "mor_pll1": 0.015, "mor_pll2": 0.0, "mor_pll3": 0.591, "mor_pll4": 0.348, "mor_pll5": 0.046, "mor_pll": 3.0, "mor_pll_cl": "moyen", "av_mor_pll": "-", "mor_riv1": 0.0, "mor_riv2": 0.12, "mor_riv3": 0.78, "mor_riv4": 0.1, "mor_riv5": 0.0, "mor_riv": 3.0, "mor_riv_cl": "moyen", "av_mor_riv": "-", "mor_ssl1": 0.0, "mor_ssl2": 0.0, "mor_ssl3": 0.196, "mor_ssl4": 0.536, "mor_ssl5": 0.268, "mor_ssl": 4.0, "mor_ssl_cl": "fort", "av_mor_ssl": "-", "av_aggrave": null, "av_attenue": null, "lbbh": "Artois-Picardie", "cdbh": "01", "Score_100": 23.8, "mor_rip": 3 }, "geometry": { "type": "MultiLineString", "coordinates": [ [ [ 1.94174297600532, 50.747150415453021 ], [ 1.941770112002583, 50.747157136151316 ], [ 1.941860369734426, 50.747169569217419 ], [ 1.941921795413375, 50.747207780389708 ], [ 1.941957425772308, 50.747261924618222 ], [ 1.942002803535937, 50.74732333053727 ], [ 1.942060403964153, 50.747341767302174 ], [ 1.942111047453876, 50.747354760773348 ], [ 1.942156596003757, 50.747408091883891 ], [ 1.942206576507265, 50.747452487095437 ], [ 1.942283577237329, 50.747489933094464 ], [ 1.942340401308576, 50.747545154663847 ], [ 1.942350653626038, 50.747595493648831 ], [ 1.942354043629824, 50.747635903411087 ], [ 1.942428405881717, 50.747664353339687 ], [ 1.942516985394602, 50.747689334611003 ], [ 1.942568456395949, 50.747730152900907 ], [ 1.942615382042641, 50.74778529021544 ], [ 1.942680129699315, 50.747800197982265 ], [ 1.942726095850934, 50.747833790596786 ], [ 1.942747188403438, 50.747906655466494 ], [ 1.942794057607848, 50.747964484278235 ], [ 1.942864683487597, 50.748035975172023 ], [ 1.942984066619832, 50.748142876930089 ], [ 1.943020582885483, 50.748222154186962 ], [ 1.9430887920229, 50.748341184126502 ], [ 1.943102536108054, 50.748360145267235 ], [ 1.943143503424299, 50.748429589372584 ], [ 1.943255211605102, 50.748565140917371 ], [ 1.943372241609654, 50.748649588396106 ], [ 1.943491892203357, 50.748743928877921 ], [ 1.943562993210993, 50.748792989489189 ], [ 1.943594270422603, 50.748852480258527 ], [ 1.943587591994846, 50.748900880610464 ], [ 1.943562510325056, 50.748950022096743 ], [ 1.943501165853114, 50.749041928662017 ], [ 1.943491165608814, 50.749053785710238 ] ] ] } },
{ "type": "Feature", "properties": { "fid": 22, "usra_id": 123918, "usra_id_st": "6045_7", "tgh_id": 6045, "usra_index": 7, "toponyme": "rivière la hem", "longueur": 264.75, "zamont": 81.600002833775093, "zaval": 79.300003051757798, "agri3w_v": 0.0, "agri3w": "faible", "agribv_v": 44.05, "agribv": "fort", "alluvial": "oui", "beton": "absence", "canaux": "absence", "carriere": "absence", "chenal_v": null, "chenal": "faible", "conf": "absence", "conso": 1118.734426493035, "consom1": "faible", "consom2": "faible", "curage": "absence", "dobs1_v": 0.61, "dobs1": "fort", "dobs2_v": 2.8, "dobs2": "fort", "eclu": "absence", "etiage": "fort", "haies_v": 5.1592160602602384, "haies": "fort", "imper_v": 7.08, "imper": "faible", "intercep_v": 0.0, "intercepte": "faible", "montagne": "dessous", "navigable": "non", "obsmax1_v": 2.0, "obsmax1": "moyen", "obsmax2_v": 2.5, "obsmax2": "moyen", "orp": "absence", "orp_amont": "absence", "orp_autour": "absence", "orp_aval": "absence", "orp_proche": "absence", "pente2c": "faible", "pente3c": "moyen", "pistes": "absence", "rang": "petit", "rectitud_v": 0.0, "rectitude": "faible", "ret_us": "autre", "ret_vol1_v": 0.0, "ret_vol1": "faible", "ret_vol2_v": 0.0, "ret_vol2": "faible", "sensisol_v": 21.5469, "sensisol": "moyen", "tcc": "absence", "txamg_v": 0.0, "txamg": "faible", "txetg1_v": 16.18, "txetg1": "moyen", "txetg2_v": 19.97, "txetg2": "moyen", "txetg3_v": 10.85, "txetg3": "moyen", "txetg4_v": null, "txetg4": "faible", "txetg5_v": 25.58, "txetg5": "moyen", "veget10_v": 64.923078227664206, "veget10": "moyen", "veget30_v": 33.254349196818723, "veget30": "faible", "veget60_v": 22.441576844675414, "veget60": "faible", "hyd_dyn1": 1.0, "hyd_dyn2": 0.0, "hyd_dyn3": 0.0, "hyd_dyn4": 0.0, "hyd_dyn5": 0.0, "hyd_dyn": 1.0, "hyd_dyn_cl": "tres_faible", "av_hyd_dyn": "-", "hyd_qte1": 1.0, "hyd_qte2": 0.0, "hyd_qte3": 0.0, "hyd_qte4": 0.0, "hyd_qte5": 0.0, "hyd_qte": 1.0, "hyd_qte_cl": "tres_faible", "av_hyd_qte": "-", "hyd_mes1": 0.0, "hyd_mes2": 0.175, "hyd_mes3": 0.727, "hyd_mes4": 0.098, "hyd_mes5": 0.0, "hyd_mes": 3.0, "hyd_mes_cl": "moyen", "av_hyd_mes": "-", "con_amp1": 0.0, "con_amp2": 0.0, "con_amp3": 0.0, "con_amp4": 0.4, "con_amp5": 0.6, "con_amp": 5.0, "con_amp_cl": "tres_fort", "av_con_amp": "-", "con_pro1": 0.0, "con_pro2": 0.0, "con_pro3": 0.3, "con_pro4": 0.5, "con_pro5": 0.2, "con_pro": 4.0, "con_pro_cl": "fort", "av_con_pro": "-", "con_lat1": 0.25, "con_lat2": 0.0, "con_lat3": 0.75, "con_lat4": 0.0, "con_lat5": 0.0, "con_lat": 3.0, "con_lat_cl": "moyen", "av_con_lat": "-", "con_sed1": 0.0, "con_sed2": 0.25, "con_sed3": 0.75, "con_sed4": 0.0, "con_sed5": 0.0, "con_sed": 3.0, "con_sed_cl": "moyen", "av_con_sed": "-", "mor_pll1": 0.125, "mor_pll2": 0.0, "mor_pll3": 0.744, "mor_pll4": 0.131, "mor_pll5": 0.0, "mor_pll": 3.0, "mor_pll_cl": "moyen", "av_mor_pll": "-", "mor_riv1": 0.0, "mor_riv2": 0.2, "mor_riv3": 0.8, "mor_riv4": 0.0, "mor_riv5": 0.0, "mor_riv": 3.0, "mor_riv_cl": "moyen", "av_mor_riv": "-", "mor_ssl1": 0.0, "mor_ssl2": 0.0, "mor_ssl3": 0.297, "mor_ssl4": 0.572, "mor_ssl5": 0.131, "mor_ssl": 4.0, "mor_ssl_cl": "fort", "av_mor_ssl": "-", "av_aggrave": null, "av_attenue": null, "lbbh": "Artois-Picardie", "cdbh": "01", "Score_100": 23.7, "mor_rip": 3 }, "geometry": { "type": "MultiLineString", "coordinates": [ [ [ 1.943491165608814, 50.749053785710238 ], [ 1.943396714396139, 50.749165773905666 ], [ 1.943302875651159, 50.74932291117679 ], [ 1.94321580982708, 50.749427162094662 ], [ 1.943133875898433, 50.749489280982665 ], [ 1.943043929872754, 50.749528897975274 ], [ 1.942947291383308, 50.749550511025298 ], [ 1.942843676508305, 50.749567577983164 ], [ 1.942762158480036, 50.749609958414155 ], [ 1.942671006060424, 50.749639694017652 ], [ 1.942575762454404, 50.749662215980706 ], [ 1.942513758718925, 50.749718222317966 ], [ 1.942476699043755, 50.749798669065846 ], [ 1.942467714964872, 50.749889225224116 ], [ 1.942505084018266, 50.749928128856148 ], [ 1.942559328903123, 50.749971662614925 ], [ 1.942584948827433, 50.750031105469155 ], [ 1.942612639678411, 50.750126459949556 ], [ 1.942596887747645, 50.750202600956491 ], [ 1.942543463353007, 50.750254193403634 ], [ 1.942490834374175, 50.750268103847667 ], [ 1.942410110494088, 50.750272802027197 ], [ 1.942372355868125, 50.750319143445637 ], [ 1.942285425632072, 50.750349811977735 ], [ 1.94220761801887, 50.750417349363481 ], [ 1.942166219937267, 50.750502245822751 ], [ 1.942118205347224, 50.750565549607451 ], [ 1.942043983591604, 50.750597223333763 ], [ 1.941972362785236, 50.750639687331152 ], [ 1.941935623729198, 50.750704881588398 ], [ 1.941880032988635, 50.750725048043876 ], [ 1.94182321750766, 50.750736230558061 ], [ 1.941697999836392, 50.75083836116017 ] ] ] } },
{ "type": "Feature", "properties": { "fid": 23, "usra_id": 124088, "usra_id_st": "6052_1", "tgh_id": 6052, "usra_index": 1, "toponyme": "rivière la liette", "longueur": 297.85, "zamont": 3.7599999904632599, "zaval": 3.7159259142699099, "agri3w_v": 100.0, "agri3w": "fort", "agribv_v": 44.05, "agribv": "fort", "alluvial": "oui", "beton": "absence", "canaux": "absence", "carriere": "absence", "chenal_v": null, "chenal": "faible", "conf": "absence", "conso": 1118.734426493035, "consom1": "faible", "consom2": "faible", "curage": "absence", "dobs1_v": 0.44, "dobs1": "fort", "dobs2_v": 0.0, "dobs2": "aucun", "eclu": "absence", "etiage": "fort", "haies_v": 5.1592160602602384, "haies": "fort", "imper_v": 7.08, "imper": "faible", "intercep_v": 0.0, "intercepte": "faible", "montagne": "dessous", "navigable": "non", "obsmax1_v": 5.0, "obsmax1": "moyen", "obsmax2_v": null, "obsmax2": "aucun", "orp": "absence", "orp_amont": "absence", "orp_autour": "absence", "orp_aval": "absence", "orp_proche": "absence", "pente2c": "faible", "pente3c": "faible", "pistes": "absence", "rang": "petit", "rectitud_v": 100.0, "rectitude": "fort", "ret_us": "autre", "ret_vol1_v": 0.0, "ret_vol1": "faible", "ret_vol2_v": 0.0, "ret_vol2": "faible", "sensisol_v": 21.5469, "sensisol": "moyen", "tcc": "absence", "txamg_v": 0.0, "txamg": "faible", "txetg1_v": 100.0, "txetg1": "fort", "txetg2_v": 100.0, "txetg2": "fort", "txetg3_v": 99.98, "txetg3": "fort", "txetg4_v": 99.98, "txetg4": "fort", "txetg5_v": 99.98, "txetg5": "fort", "veget10_v": 0.0, "veget10": "tres_faible", "veget30_v": 0.0, "veget30": "tres_faible", "veget60_v": 0.0, "veget60": "tres_faible", "hyd_dyn1": 1.0, "hyd_dyn2": 0.0, "hyd_dyn3": 0.0, "hyd_dyn4": 0.0, "hyd_dyn5": 0.0, "hyd_dyn": 1.0, "hyd_dyn_cl": "tres_faible", "av_hyd_dyn": "-", "hyd_qte1": 1.0, "hyd_qte2": 0.0, "hyd_qte3": 0.0, "hyd_qte4": 0.0, "hyd_qte5": 0.0, "hyd_qte": 1.0, "hyd_qte_cl": "tres_faible", "av_hyd_qte": "-", "hyd_mes1": 0.0, "hyd_mes2": 0.0, "hyd_mes3": 0.0, "hyd_mes4": 0.225, "hyd_mes5": 0.775, "hyd_mes": 5.0, "hyd_mes_cl": "tres_fort", "av_hyd_mes": "-", "con_amp1": 0.0, "con_amp2": 0.0, "con_amp3": 0.0, "con_amp4": 0.1, "con_amp5": 0.9, "con_amp": 5.0, "con_amp_cl": "tres_fort", "av_con_amp": "-", "con_pro1": 0.1, "con_pro2": 0.4, "con_pro3": 0.4, "con_pro4": 0.1, "con_pro5": 0.0, "con_pro": 3.0, "con_pro_cl": "moyen", "av_con_pro": "D", "con_lat1": 0.0, "con_lat2": 0.0, "con_lat3": 0.0, "con_lat4": 0.315, "con_lat5": 0.685, "con_lat": 5.0, "con_lat_cl": "tres_fort", "av_con_lat": "-", "con_sed1": 0.0, "con_sed2": 0.0, "con_sed3": 0.6, "con_sed4": 0.4, "con_sed5": 0.0, "con_sed": 3.0, "con_sed_cl": "moyen", "av_con_sed": "-", "mor_pll1": 0.0, "mor_pll2": 0.0, "mor_pll3": 0.004, "mor_pll4": 0.088, "mor_pll5": 0.908, "mor_pll": 5.0, "mor_pll_cl": "tres_fort", "av_mor_pll": "-", "mor_riv1": 0.0, "mor_riv2": 0.0, "mor_riv3": 0.0, "mor_riv4": 0.6, "mor_riv5": 0.4, "mor_riv": 4.0, "mor_riv_cl": "fort", "av_mor_riv": "-", "mor_ssl1": 0.0, "mor_ssl2": 0.0, "mor_ssl3": 0.0, "mor_ssl4": 0.032, "mor_ssl5": 0.968, "mor_ssl": 5.0, "mor_ssl_cl": "tres_fort", "av_mor_ssl": "-", "av_aggrave": null, "av_attenue": null, "lbbh": "Artois-Picardie", "cdbh": "01", "Score_100": 56.6, "mor_rip": 5 }, "geometry": { "type": "MultiLineString", "coordinates": [ [ [ 2.114326499360719, 50.852100414015858 ], [ 2.114468374265639, 50.852172299077864 ], [ 2.114599452770394, 50.85221360298447 ], [ 2.116470267161669, 50.852696994070975 ], [ 2.116723658029068, 50.85279478750676 ], [ 2.116957130455255, 50.852896925326618 ], [ 2.117277564662369, 50.853050817678429 ], [ 2.117340877485075, 50.853077284078061 ], [ 2.117945792664153, 50.85333456924387 ], [ 2.118008161828127, 50.853371126836812 ] ] ] } },
{ "type": "Feature", "properties": { "fid": 24, "usra_id": 124099, "usra_id_st": "6052_2", "tgh_id": 6052, "usra_index": 2, "toponyme": "rivière la liette", "longueur": 297.85, "zamont": 3.7159259142699099, "zaval": 3.671851838076559, "agri3w_v": 27.22, "agri3w": "faible", "agribv_v": 44.05, "agribv": "fort", "alluvial": "oui", "beton": "absence", "canaux": "absence", "carriere": "absence", "chenal_v": null, "chenal": "faible", "conf": "absence", "conso": 1118.734426493035, "consom1": "faible", "consom2": "faible", "curage": "absence", "dobs1_v": 0.45, "dobs1": "fort", "dobs2_v": 0.0, "dobs2": "aucun", "eclu": "absence", "etiage": "fort", "haies_v": 5.1592160602602384, "haies": "fort", "imper_v": 7.08, "imper": "faible", "intercep_v": 0.0, "intercepte": "faible", "montagne": "dessous", "navigable": "non", "obsmax1_v": 5.0, "obsmax1": "moyen", "obsmax2_v": null, "obsmax2": "aucun", "orp": "absence", "orp_amont": "absence", "orp_autour": "absence", "orp_aval": "absence", "orp_proche": "absence", "pente2c": "faible", "pente3c": "faible", "pistes": "absence", "rang": "petit", "rectitud_v": 100.0, "rectitude": "fort", "ret_us": "autre", "ret_vol1_v": 0.0, "ret_vol1": "faible", "ret_vol2_v": 0.0, "ret_vol2": "faible", "sensisol_v": 21.5469, "sensisol": "moyen", "tcc": "absence", "txamg_v": 28.51, "txamg": "fort", "txetg1_v": 100.0, "txetg1": "fort", "txetg2_v": 100.0, "txetg2": "fort", "txetg3_v": 100.0, "txetg3": "fort", "txetg4_v": 100.0, "txetg4": "fort", "txetg5_v": 99.99, "txetg5": "fort", "veget10_v": 14.492705673265904, "veget10": "tres_faible", "veget30_v": 9.6418698022563394, "veget30": "tres_faible", "veget60_v": 4.8249645626375059, "veget60": "tres_faible", "hyd_dyn1": 1.0, "hyd_dyn2": 0.0, "hyd_dyn3": 0.0, "hyd_dyn4": 0.0, "hyd_dyn5": 0.0, "hyd_dyn": 1.0, "hyd_dyn_cl": "tres_faible", "av_hyd_dyn": "-", "hyd_qte1": 1.0, "hyd_qte2": 0.0, "hyd_qte3": 0.0, "hyd_qte4": 0.0, "hyd_qte5": 0.0, "hyd_qte": 1.0, "hyd_qte_cl": "tres_faible", "av_hyd_qte": "-", "hyd_mes1": 0.0, "hyd_mes2": 0.0, "hyd_mes3": 0.0, "hyd_mes4": 0.225, "hyd_mes5": 0.775, "hyd_mes": 5.0, "hyd_mes_cl": "tres_fort", "av_hyd_mes": "-", "con_amp1": 0.0, "con_amp2": 0.0, "con_amp3": 0.0, "con_amp4": 0.1, "con_amp5": 0.9, "con_amp": 5.0, "con_amp_cl": "tres_fort", "av_con_amp": "-", "con_pro1": 0.1, "con_pro2": 0.4, "con_pro3": 0.4, "con_pro4": 0.1, "con_pro5": 0.0, "con_pro": 3.0, "con_pro_cl": "moyen", "av_con_pro": "D", "con_lat1": 0.0, "con_lat2": 0.0, "con_lat3": 0.0, "con_lat4": 0.231, "con_lat5": 0.769, "con_lat": 5.0, "con_lat_cl": "tres_fort", "av_con_lat": "-", "con_sed1": 0.0, "con_sed2": 0.0, "con_sed3": 0.6, "con_sed4": 0.4, "con_sed5": 0.0, "con_sed": 3.0, "con_sed_cl": "moyen", "av_con_sed": "-", "mor_pll1": 0.0, "mor_pll2": 0.0, "mor_pll3": 0.007, "mor_pll4": 0.133, "mor_pll5": 0.86, "mor_pll": 5.0, "mor_pll_cl": "tres_fort", "av_mor_pll": "-", "mor_riv1": 0.0, "mor_riv2": 0.0, "mor_riv3": 0.0, "mor_riv4": 0.44, "mor_riv5": 0.56, "mor_riv": 5.0, "mor_riv_cl": "tres_fort", "av_mor_riv": "-", "mor_ssl1": 0.0, "mor_ssl2": 0.0, "mor_ssl3": 0.0, "mor_ssl4": 0.032, "mor_ssl5": 0.968, "mor_ssl": 5.0, "mor_ssl_cl": "tres_fort", "av_mor_ssl": "-", "av_aggrave": null, "av_attenue": null, "lbbh": "Artois-Picardie", "cdbh": "01", "Score_100": 46.2, "mor_rip": 5 }, "geometry": { "type": "MultiLineString", "coordinates": [ [ [ 2.118008161828127, 50.853371126836812 ], [ 2.118924982582968, 50.853908509954294 ], [ 2.119013490472882, 50.853953097089999 ], [ 2.119054193602663, 50.853975814147695 ], [ 2.119360548294469, 50.854125115445555 ], [ 2.119432414150443, 50.854148949554556 ], [ 2.119747188879397, 50.854142199396122 ], [ 2.120094069363553, 50.8541634876035 ], [ 2.120513526943504, 50.854168240093273 ], [ 2.12078153427647, 50.854161157579306 ], [ 2.120880990253139, 50.854147503616446 ], [ 2.121711118348546, 50.853955668131121 ] ] ] } },
{ "type": "Feature", "properties": { "fid": 25, "usra_id": 124106, "usra_id_st": "6052_3", "tgh_id": 6052, "usra_index": 3, "toponyme": "rivière la liette", "longueur": 297.85, "zamont": 3.671851838076559, "zaval": 3.627777761883209, "agri3w_v": 87.21, "agri3w": "fort", "agribv_v": 44.05, "agribv": "fort", "alluvial": "oui", "beton": "absence", "canaux": "absence", "carriere": "absence", "chenal_v": null, "chenal": "faible", "conf": "absence", "conso": 1118.734426493035, "consom1": "faible", "consom2": "faible", "curage": "absence", "dobs1_v": 0.45, "dobs1": "fort", "dobs2_v": 0.0, "dobs2": "aucun", "eclu": "absence", "etiage": "fort", "haies_v": 5.1592160602602384, "haies": "fort", "imper_v": 7.08, "imper": "faible", "intercep_v": 0.0, "intercepte": "faible", "montagne": "dessous", "navigable": "non", "obsmax1_v": 5.0, "obsmax1": "moyen", "obsmax2_v": null, "obsmax2": "aucun", "orp": "absence", "orp_amont": "absence", "orp_autour": "absence", "orp_aval": "absence", "orp_proche": "absence", "pente2c": "faible", "pente3c": "faible", "pistes": "absence", "rang": "petit", "rectitud_v": 100.0, "rectitude": "fort", "ret_us": "autre", "ret_vol1_v": 0.0, "ret_vol1": "faible", "ret_vol2_v": 0.0, "ret_vol2": "faible", "sensisol_v": 21.5469, "sensisol": "moyen", "tcc": "absence", "txamg_v": 7.66, "txamg": "faible", "txetg1_v": 100.0, "txetg1": "fort", "txetg2_v": 100.0, "txetg2": "fort", "txetg3_v": 100.0, "txetg3": "fort", "txetg4_v": 100.0, "txetg4": "fort", "txetg5_v": 99.99, "txetg5": "fort", "veget10_v": 28.710852725818302, "veget10": "faible", "veget30_v": 13.531248672538982, "veget30": "tres_faible", "veget60_v": 9.1924219299257945, "veget60": "tres_faible", "hyd_dyn1": 1.0, "hyd_dyn2": 0.0, "hyd_dyn3": 0.0, "hyd_dyn4": 0.0, "hyd_dyn5": 0.0, "hyd_dyn": 1.0, "hyd_dyn_cl": "tres_faible", "av_hyd_dyn": "-", "hyd_qte1": 1.0, "hyd_qte2": 0.0, "hyd_qte3": 0.0, "hyd_qte4": 0.0, "hyd_qte5": 0.0, "hyd_qte": 1.0, "hyd_qte_cl": "tres_faible", "av_hyd_qte": "-", "hyd_mes1": 0.0, "hyd_mes2": 0.0, "hyd_mes3": 0.0, "hyd_mes4": 0.225, "hyd_mes5": 0.775, "hyd_mes": 5.0, "hyd_mes_cl": "tres_fort", "av_hyd_mes": "-", "con_amp1": 0.0, "con_amp2": 0.0, "con_amp3": 0.0, "con_amp4": 0.1, "con_amp5": 0.9, "con_amp": 5.0, "con_amp_cl": "tres_fort", "av_con_amp": "-", "con_pro1": 0.1, "con_pro2": 0.4, "con_pro3": 0.4, "con_pro4": 0.1, "con_pro5": 0.0, "con_pro": 3.0, "con_pro_cl": "moyen", "av_con_pro": "D", "con_lat1": 0.0, "con_lat2": 0.0, "con_lat3": 0.0, "con_lat4": 0.315, "con_lat5": 0.685, "con_lat": 5.0, "con_lat_cl": "tres_fort", "av_con_lat": "-", "con_sed1": 0.0, "con_sed2": 0.0, "con_sed3": 0.6, "con_sed4": 0.4, "con_sed5": 0.0, "con_sed": 3.0, "con_sed_cl": "moyen", "av_con_sed": "-", "mor_pll1": 0.0, "mor_pll2": 0.0, "mor_pll3": 0.004, "mor_pll4": 0.088, "mor_pll5": 0.908, "mor_pll": 5.0, "mor_pll_cl": "tres_fort", "av_mor_pll": "-", "mor_riv1": 0.0, "mor_riv2": 0.016, "mor_riv3": 0.304, "mor_riv4": 0.44, "mor_riv5": 0.24, "mor_riv": 4.0, "mor_riv_cl": "fort", "av_mor_riv": "-", "mor_ssl1": 0.0, "mor_ssl2": 0.0, "mor_ssl3": 0.0, "mor_ssl4": 0.032, "mor_ssl5": 0.968, "mor_ssl": 5.0, "mor_ssl_cl": "tres_fort", "av_mor_ssl": "-", "av_aggrave": null, "av_attenue": null, "lbbh": "Artois-Picardie", "cdbh": "01", "Score_100": 53.9, "mor_rip": 4 }, "geometry": { "type": "MultiLineString", "coordinates": [ [ [ 2.121711118348546, 50.853955668131121 ], [ 2.121724916679532, 50.853952479395559 ], [ 2.121857203701802, 50.853925598059334 ], [ 2.123073289738764, 50.853683839006109 ], [ 2.123400263824166, 50.853627820313172 ], [ 2.12345854119777, 50.853618360824647 ], [ 2.124706072567399, 50.85336065750186 ], [ 2.124865266950909, 50.853334858965638 ], [ 2.125129661480984, 50.853290957251353 ], [ 2.125773834994254, 50.853286451494519 ] ] ] } },
{ "type": "Feature", "properties": { "fid": 26, "usra_id": 124121, "usra_id_st": "6052_5", "tgh_id": 6052, "usra_index": 5, "toponyme": "rivière la liette", "longueur": 297.85, "zamont": 3.583703685689859, "zaval": 3.5396296094965081, "agri3w_v": 75.11, "agri3w": "fort", "agribv_v": 44.05, "agribv": "fort", "alluvial": "oui", "beton": "absence", "canaux": "absence", "carriere": "absence", "chenal_v": null, "chenal": "faible", "conf": "absence", "conso": 1118.734426493035, "consom1": "faible", "consom2": "faible", "curage": "absence", "dobs1_v": 0.47, "dobs1": "fort", "dobs2_v": 0.0, "dobs2": "aucun", "eclu": "absence", "etiage": "fort", "haies_v": 5.1592160602602384, "haies": "fort", "imper_v": 7.08, "imper": "faible", "intercep_v": 0.0, "intercepte": "faible", "montagne": "dessous", "navigable": "non", "obsmax1_v": 5.0, "obsmax1": "moyen", "obsmax2_v": null, "obsmax2": "aucun", "orp": "absence", "orp_amont": "absence", "orp_autour": "absence", "orp_aval": "absence", "orp_proche": "absence", "pente2c": "faible", "pente3c": "faible", "pistes": "absence", "rang": "petit", "rectitud_v": 100.0, "rectitude": "fort", "ret_us": "autre", "ret_vol1_v": 0.0, "ret_vol1": "faible", "ret_vol2_v": 0.0, "ret_vol2": "faible", "sensisol_v": 21.5469, "sensisol": "moyen", "tcc": "absence", "txamg_v": 0.0, "txamg": "faible", "txetg1_v": 100.0, "txetg1": "fort", "txetg2_v": 100.0, "txetg2": "fort", "txetg3_v": 100.01, "txetg3": "fort", "txetg4_v": 100.01, "txetg4": "fort", "txetg5_v": 100.0, "txetg5": "fort", "veget10_v": 7.2907939894300098, "veget10": "tres_faible", "veget30_v": 4.9938419440922059, "veget30": "tres_faible", "veget60_v": 4.1644138896902723, "veget60": "tres_faible", "hyd_dyn1": 1.0, "hyd_dyn2": 0.0, "hyd_dyn3": 0.0, "hyd_dyn4": 0.0, "hyd_dyn5": 0.0, "hyd_dyn": 1.0, "hyd_dyn_cl": "tres_faible", "av_hyd_dyn": "-", "hyd_qte1": 1.0, "hyd_qte2": 0.0, "hyd_qte3": 0.0, "hyd_qte4": 0.0, "hyd_qte5": 0.0, "hyd_qte": 1.0, "hyd_qte_cl": "tres_faible", "av_hyd_qte": "-", "hyd_mes1": 0.0, "hyd_mes2": 0.0, "hyd_mes3": 0.0, "hyd_mes4": 0.225, "hyd_mes5": 0.775, "hyd_mes": 5.0, "hyd_mes_cl": "tres_fort", "av_hyd_mes": "-", "con_amp1": 0.0, "con_amp2": 0.0, "con_amp3": 0.0, "con_amp4": 0.1, "con_amp5": 0.9, "con_amp": 5.0, "con_amp_cl": "tres_fort", "av_con_amp": "-", "con_pro1": 0.1, "con_pro2": 0.4, "con_pro3": 0.4, "con_pro4": 0.1, "con_pro5": 0.0, "con_pro": 3.0, "con_pro_cl": "moyen", "av_con_pro": "D", "con_lat1": 0.0, "con_lat2": 0.0, "con_lat3": 0.0, "con_lat4": 0.315, "con_lat5": 0.685, "con_lat": 5.0, "con_lat_cl": "tres_fort", "av_con_lat": "-", "con_sed1": 0.0, "con_sed2": 0.0, "con_sed3": 0.6, "con_sed4": 0.4, "con_sed5": 0.0, "con_sed": 3.0, "con_sed_cl": "moyen", "av_con_sed": "-", "mor_pll1": 0.0, "mor_pll2": 0.0, "mor_pll3": 0.004, "mor_pll4": 0.088, "mor_pll5": 0.908, "mor_pll": 5.0, "mor_pll_cl": "tres_fort", "av_mor_pll": "-", "mor_riv1": 0.0, "mor_riv2": 0.0, "mor_riv3": 0.0, "mor_riv4": 0.6, "mor_riv5": 0.4, "mor_riv": 4.0, "mor_riv_cl": "fort", "av_mor_riv": "-", "mor_ssl1": 0.0, "mor_ssl2": 0.0, "mor_ssl3": 0.0, "mor_ssl4": 0.032, "mor_ssl5": 0.968, "mor_ssl": 5.0, "mor_ssl_cl": "tres_fort", "av_mor_ssl": "-", "av_aggrave": null, "av_attenue": null, "lbbh": "Artois-Picardie", "cdbh": "01", "Score_100": 50.0, "mor_rip": 5 }, "geometry": { "type": "MultiLineString", "coordinates": [ [ [ 2.129829526474467, 50.853709749439687 ], [ 2.130727887534583, 50.853877377355296 ], [ 2.132204440206386, 50.85422320435314 ], [ 2.132694277347927, 50.854337861622462 ], [ 2.133590327602162, 50.854567486666575 ], [ 2.133791989828841, 50.854625433935553 ] ] ] } },
{ "type": "Feature", "properties": { "fid": 27, "usra_id": 124114, "usra_id_st": "6052_4", "tgh_id": 6052, "usra_index": 4, "toponyme": "rivière la liette", "longueur": 297.85, "zamont": 3.627777761883209, "zaval": 3.583703685689859, "agri3w_v": 71.35, "agri3w": "fort", "agribv_v": 44.05, "agribv": "fort", "alluvial": "oui", "beton": "absence", "canaux": "absence", "carriere": "absence", "chenal_v": null, "chenal": "faible", "conf": "absence", "conso": 1118.734426493035, "consom1": "faible", "consom2": "faible", "curage": "absence", "dobs1_v": 0.46, "dobs1": "fort", "dobs2_v": 0.0, "dobs2": "aucun", "eclu": "absence", "etiage": "fort", "haies_v": 5.1592160602602384, "haies": "fort", "imper_v": 7.08, "imper": "faible", "intercep_v": 0.0, "intercepte": "faible", "montagne": "dessous", "navigable": "non", "obsmax1_v": 5.0, "obsmax1": "moyen", "obsmax2_v": null, "obsmax2": "aucun", "orp": "absence", "orp_amont": "absence", "orp_autour": "absence", "orp_aval": "absence", "orp_proche": "absence", "pente2c": "faible", "pente3c": "faible", "pistes": "absence", "rang": "petit", "rectitud_v": 100.0, "rectitude": "fort", "ret_us": "autre", "ret_vol1_v": 0.0, "ret_vol1": "faible", "ret_vol2_v": 0.0, "ret_vol2": "faible", "sensisol_v": 21.5469, "sensisol": "moyen", "tcc": "absence", "txamg_v": 46.19, "txamg": "fort", "txetg1_v": 100.0, "txetg1": "fort", "txetg2_v": 100.0, "txetg2": "fort", "txetg3_v": 100.01, "txetg3": "fort", "txetg4_v": 100.01, "txetg4": "fort", "txetg5_v": 100.0, "txetg5": "fort", "veget10_v": 1.0791329802864991, "veget10": "tres_faible", "veget30_v": 0.35977453191886699, "veget30": "tres_faible", "veget60_v": 0.17996291644201001, "veget60": "tres_faible", "hyd_dyn1": 1.0, "hyd_dyn2": 0.0, "hyd_dyn3": 0.0, "hyd_dyn4": 0.0, "hyd_dyn5": 0.0, "hyd_dyn": 1.0, "hyd_dyn_cl": "tres_faible", "av_hyd_dyn": "-", "hyd_qte1": 1.0, "hyd_qte2": 0.0, "hyd_qte3": 0.0, "hyd_qte4": 0.0, "hyd_qte5": 0.0, "hyd_qte": 1.0, "hyd_qte_cl": "tres_faible", "av_hyd_qte": "-", "hyd_mes1": 0.0, "hyd_mes2": 0.0, "hyd_mes3": 0.0, "hyd_mes4": 0.225, "hyd_mes5": 0.775, "hyd_mes": 5.0, "hyd_mes_cl": "tres_fort", "av_hyd_mes": "-", "con_amp1": 0.0, "con_amp2": 0.0, "con_amp3": 0.0, "con_amp4": 0.1, "con_amp5": 0.9, "con_amp": 5.0, "con_amp_cl": "tres_fort", "av_con_amp": "-", "con_pro1": 0.1, "con_pro2": 0.4, "con_pro3": 0.4, "con_pro4": 0.1, "con_pro5": 0.0, "con_pro": 3.0, "con_pro_cl": "moyen", "av_con_pro": "D", "con_lat1": 0.0, "con_lat2": 0.0, "con_lat3": 0.0, "con_lat4": 0.231, "con_lat5": 0.769, "con_lat": 5.0, "con_lat_cl": "tres_fort", "av_con_lat": "-", "con_sed1": 0.0, "con_sed2": 0.0, "con_sed3": 0.6, "con_sed4": 0.4, "con_sed5": 0.0, "con_sed": 3.0, "con_sed_cl": "moyen", "av_con_sed": "-", "mor_pll1": 0.0, "mor_pll2": 0.0, "mor_pll3": 0.0, "mor_pll4": 0.021, "mor_pll5": 0.979, "mor_pll": 5.0, "mor_pll_cl": "tres_fort", "av_mor_pll": "-", "mor_riv1": 0.0, "mor_riv2": 0.0, "mor_riv3": 0.0, "mor_riv4": 0.44, "mor_riv5": 0.56, "mor_riv": 5.0, "mor_riv_cl": "tres_fort", "av_mor_riv": "-", "mor_ssl1": 0.0, "mor_ssl2": 0.0, "mor_ssl3": 0.0, "mor_ssl4": 0.032, "mor_ssl5": 0.968, "mor_ssl": 5.0, "mor_ssl_cl": "tres_fort", "av_mor_ssl": "-", "av_aggrave": null, "av_attenue": null, "lbbh": "Artois-Picardie", "cdbh": "01", "Score_100": 62.5, "mor_rip": 5 }, "geometry": { "type": "MultiLineString", "coordinates": [ [ [ 2.125773834994254, 50.853286451494519 ], [ 2.126474884601394, 50.853281544129331 ], [ 2.126654912126453, 50.853280113165887 ], [ 2.126745626633111, 50.853279851084345 ], [ 2.127571781524467, 50.853207577071309 ], [ 2.127723340158765, 50.853213122918788 ], [ 2.127769918830424, 50.853224214834732 ], [ 2.128137499373417, 50.853358670590772 ], [ 2.128632377474157, 50.853508369465366 ], [ 2.128716985817398, 50.853533184419518 ], [ 2.129006553482135, 50.853589934849516 ], [ 2.129813825830577, 50.853706819740999 ], [ 2.129829526474467, 50.853709749439687 ] ] ] } },
{ "type": "Feature", "properties": { "fid": 28, "usra_id": 124138, "usra_id_st": "6052_6", "tgh_id": 6052, "usra_index": 6, "toponyme": "rivière la liette", "longueur": 297.85, "zamont": 3.5396296094965081, "zaval": 3.495555533303158, "agri3w_v": 47.52, "agri3w": "moyen", "agribv_v": 44.05, "agribv": "fort", "alluvial": "oui", "beton": "absence", "canaux": "absence", "carriere": "absence", "chenal_v": null, "chenal": "faible", "conf": "absence", "conso": 1118.734426493035, "consom1": "faible", "consom2": "faible", "curage": "absence", "dobs1_v": 0.47, "dobs1": "fort", "dobs2_v": 0.0, "dobs2": "aucun", "eclu": "absence", "etiage": "fort", "haies_v": 5.1592160602602384, "haies": "fort", "imper_v": 7.08, "imper": "faible", "intercep_v": 0.0, "intercepte": "faible", "montagne": "dessous", "navigable": "non", "obsmax1_v": 5.0, "obsmax1": "moyen", "obsmax2_v": null, "obsmax2": "aucun", "orp": "absence", "orp_amont": "absence", "orp_autour": "absence", "orp_aval": "absence", "orp_proche": "absence", "pente2c": "faible", "pente3c": "faible", "pistes": "absence", "rang": "petit", "rectitud_v": 100.0, "rectitude": "fort", "ret_us": "autre", "ret_vol1_v": 0.0, "ret_vol1": "faible", "ret_vol2_v": 0.0, "ret_vol2": "faible", "sensisol_v": 21.5469, "sensisol": "moyen", "tcc": "absence", "txamg_v": 0.0, "txamg": "faible", "txetg1_v": 100.0, "txetg1": "fort", "txetg2_v": 100.0, "txetg2": "fort", "txetg3_v": 100.0, "txetg3": "fort", "txetg4_v": 100.0, "txetg4": "fort", "txetg5_v": 100.0, "txetg5": "fort", "veget10_v": 11.449735594805203, "veget10": "tres_faible", "veget30_v": 5.0664895708165636, "veget30": "tres_faible", "veget60_v": 7.1894880686995304, "veget60": "tres_faible", "hyd_dyn1": 1.0, "hyd_dyn2": 0.0, "hyd_dyn3": 0.0, "hyd_dyn4": 0.0, "hyd_dyn5": 0.0, "hyd_dyn": 1.0, "hyd_dyn_cl": "tres_faible", "av_hyd_dyn": "-", "hyd_qte1": 1.0, "hyd_qte2": 0.0, "hyd_qte3": 0.0, "hyd_qte4": 0.0, "hyd_qte5": 0.0, "hyd_qte": 1.0, "hyd_qte_cl": "tres_faible", "av_hyd_qte": "-", "hyd_mes1": 0.0, "hyd_mes2": 0.0, "hyd_mes3": 0.0, "hyd_mes4": 0.225, "hyd_mes5": 0.775, "hyd_mes": 5.0, "hyd_mes_cl": "tres_fort", "av_hyd_mes": "-", "con_amp1": 0.0, "con_amp2": 0.0, "con_amp3": 0.0, "con_amp4": 0.1, "con_amp5": 0.9, "con_amp": 5.0, "con_amp_cl": "tres_fort", "av_con_amp": "-", "con_pro1": 0.1, "con_pro2": 0.4, "con_pro3": 0.4, "con_pro4": 0.1, "con_pro5": 0.0, "con_pro": 3.0, "con_pro_cl": "moyen", "av_con_pro": "D", "con_lat1": 0.0, "con_lat2": 0.0, "con_lat3": 0.0, "con_lat4": 0.315, "con_lat5": 0.685, "con_lat": 5.0, "con_lat_cl": "tres_fort", "av_con_lat": "-", "con_sed1": 0.0, "con_sed2": 0.0, "con_sed3": 0.6, "con_sed4": 0.4, "con_sed5": 0.0, "con_sed": 3.0, "con_sed_cl": "moyen", "av_con_sed": "-", "mor_pll1": 0.0, "mor_pll2": 0.0, "mor_pll3": 0.015, "mor_pll4": 0.245, "mor_pll5": 0.74, "mor_pll": 5.0, "mor_pll_cl": "tres_fort", "av_mor_pll": "-", "mor_riv1": 0.0, "mor_riv2": 0.0, "mor_riv3": 0.0, "mor_riv4": 0.6, "mor_riv5": 0.4, "mor_riv": 4.0, "mor_riv_cl": "fort", "av_mor_riv": "-", "mor_ssl1": 0.0, "mor_ssl2": 0.0, "mor_ssl3": 0.0, "mor_ssl4": 0.032, "mor_ssl5": 0.968, "mor_ssl": 5.0, "mor_ssl_cl": "tres_fort", "av_mor_ssl": "-", "av_aggrave": null, "av_attenue": null, "lbbh": "Artois-Picardie", "cdbh": "01", "Score_100": 42.8, "mor_rip": 5 }, "geometry": { "type": "MultiLineString", "coordinates": [ [ [ 2.133791989828841, 50.854625433935553 ], [ 2.134019075815355, 50.854690686117721 ], [ 2.134785193343114, 50.854975922646453 ], [ 2.134897406298608, 50.855043989429539 ], [ 2.134962804627016, 50.855114423011251 ], [ 2.135083856536884, 50.855326996868087 ], [ 2.135241881758676, 50.855532649409447 ], [ 2.135456768603131, 50.855728826799414 ], [ 2.135726365693767, 50.855876037970134 ], [ 2.136100871803447, 50.856022180729965 ], [ 2.136479213376832, 50.856192572685593 ], [ 2.136824907044167, 50.856367969124157 ] ] ] } },
{ "type": "Feature", "properties": { "fid": 29, "usra_id": 124153, "usra_id_st": "6052_7", "tgh_id": 6052, "usra_index": 7, "toponyme": "rivière la liette", "longueur": 297.85, "zamont": 3.495555533303158, "zaval": 3.4514814571098071, "agri3w_v": 63.02, "agri3w": "fort", "agribv_v": 44.05, "agribv": "fort", "alluvial": "oui", "beton": "absence", "canaux": "absence", "carriere": "absence", "chenal_v": 0.0, "chenal": "faible", "conf": "absence", "conso": 1118.734426493035, "consom1": "faible", "consom2": "faible", "curage": "absence", "dobs1_v": 0.48, "dobs1": "fort", "dobs2_v": 0.0, "dobs2": "aucun", "eclu": "absence", "etiage": "fort", "haies_v": 5.1592160602602384, "haies": "fort", "imper_v": 7.08, "imper": "faible", "intercep_v": 0.0, "intercepte": "faible", "montagne": "dessous", "navigable": "non", "obsmax1_v": 5.0, "obsmax1": "moyen", "obsmax2_v": null, "obsmax2": "aucun", "orp": "absence", "orp_amont": "absence", "orp_autour": "absence", "orp_aval": "absence", "orp_proche": "absence", "pente2c": "faible", "pente3c": "faible", "pistes": "absence", "rang": "petit", "rectitud_v": 0.0, "rectitude": "faible", "ret_us": "autre", "ret_vol1_v": 0.0, "ret_vol1": "faible", "ret_vol2_v": 0.0, "ret_vol2": "faible", "sensisol_v": 21.5469, "sensisol": "moyen", "tcc": "absence", "txamg_v": 48.56, "txamg": "fort", "txetg1_v": 100.0, "txetg1": "fort", "txetg2_v": 100.0, "txetg2": "fort", "txetg3_v": 100.01, "txetg3": "fort", "txetg4_v": 100.01, "txetg4": "fort", "txetg5_v": 100.0, "txetg5": "fort", "veget10_v": 0.0, "veget10": "tres_faible", "veget30_v": 0.39162004598379702, "veget30": "tres_faible", "veget60_v": 1.2551920921703981, "veget60": "tres_faible", "hyd_dyn1": 1.0, "hyd_dyn2": 0.0, "hyd_dyn3": 0.0, "hyd_dyn4": 0.0, "hyd_dyn5": 0.0, "hyd_dyn": 1.0, "hyd_dyn_cl": "tres_faible", "av_hyd_dyn": "-", "hyd_qte1": 1.0, "hyd_qte2": 0.0, "hyd_qte3": 0.0, "hyd_qte4": 0.0, "hyd_qte5": 0.0, "hyd_qte": 1.0, "hyd_qte_cl": "tres_faible", "av_hyd_qte": "-", "hyd_mes1": 0.0, "hyd_mes2": 0.0, "hyd_mes3": 0.0, "hyd_mes4": 0.315, "hyd_mes5": 0.685, "hyd_mes": 5.0, "hyd_mes_cl": "tres_fort", "av_hyd_mes": "-", "con_amp1": 0.0, "con_amp2": 0.0, "con_amp3": 0.0, "con_amp4": 0.1, "con_amp5": 0.9, "con_amp": 5.0, "con_amp_cl": "tres_fort", "av_con_amp": "-", "con_pro1": 0.1, "con_pro2": 0.4, "con_pro3": 0.4, "con_pro4": 0.1, "con_pro5": 0.0, "con_pro": 3.0, "con_pro_cl": "moyen", "av_con_pro": "D", "con_lat1": 0.0, "con_lat2": 0.0, "con_lat3": 0.0, "con_lat4": 0.33, "con_lat5": 0.67, "con_lat": 5.0, "con_lat_cl": "tres_fort", "av_con_lat": "-", "con_sed1": 0.0, "con_sed2": 0.0, "con_sed3": 0.6, "con_sed4": 0.4, "con_sed5": 0.0, "con_sed": 3.0, "con_sed_cl": "moyen", "av_con_sed": "-", "mor_pll1": 0.0, "mor_pll2": 0.0, "mor_pll3": 0.0, "mor_pll4": 0.15, "mor_pll5": 0.85, "mor_pll": 5.0, "mor_pll_cl": "tres_fort", "av_mor_pll": "-", "mor_riv1": 0.0, "mor_riv2": 0.0, "mor_riv3": 0.0, "mor_riv4": 0.64, "mor_riv5": 0.36, "mor_riv": 4.0, "mor_riv_cl": "fort", "av_mor_riv": "-", "mor_ssl1": 0.0, "mor_ssl2": 0.0, "mor_ssl3": 0.009, "mor_ssl4": 0.135, "mor_ssl5": 0.856, "mor_ssl": 5.0, "mor_ssl_cl": "tres_fort", "av_mor_ssl": "-", "av_aggrave": null, "av_attenue": null, "lbbh": "Artois-Picardie", "cdbh": "01", "Score_100": 59.6, "mor_rip": 5 }, "geometry": { "type": "MultiLineString", "coordinates": [ [ [ 2.136824907044167, 50.856367969124157 ], [ 2.136843137055155, 50.85637721851991 ], [ 2.137131917434847, 50.856563137834428 ], [ 2.137309850556621, 50.856683693106312 ], [ 2.137353398762206, 50.856706423698704 ], [ 2.13741104228454, 50.85673373762868 ], [ 2.137486118148897, 50.856654407927309 ], [ 2.137697821770692, 50.856378643544268 ], [ 2.137731068771227, 50.856341191880951 ], [ 2.137812889355664, 50.856281646482586 ], [ 2.138730545665449, 50.856576876807928 ], [ 2.138841783123143, 50.856619812106281 ], [ 2.138889707421598, 50.85663539494935 ], [ 2.138931978136517, 50.856650041571974 ], [ 2.139141930265236, 50.856722367614175 ], [ 2.139363143933407, 50.856799256871483 ], [ 2.139454092668387, 50.856868069764388 ], [ 2.13967072264592, 50.857275580717243 ] ] ] } },
{ "type": "Feature", "properties": { "fid": 30, "usra_id": 124163, "usra_id_st": "6052_8", "tgh_id": 6052, "usra_index": 8, "toponyme": "rivière la liette", "longueur": 297.85, "zamont": 3.4514814571098071, "zaval": 3.4074073809164571, "agri3w_v": 100.0, "agri3w": "fort", "agribv_v": 44.05, "agribv": "fort", "alluvial": "oui", "beton": "absence", "canaux": "absence", "carriere": "absence", "chenal_v": null, "chenal": "faible", "conf": "absence", "conso": 1118.734426493035, "consom1": "faible", "consom2": "faible", "curage": "absence", "dobs1_v": 0.48, "dobs1": "fort", "dobs2_v": 0.0, "dobs2": "aucun", "eclu": "absence", "etiage": "fort", "haies_v": 5.1592160602602384, "haies": "fort", "imper_v": 7.08, "imper": "faible", "intercep_v": 0.0, "intercepte": "faible", "montagne": "dessous", "navigable": "non", "obsmax1_v": 5.0, "obsmax1": "moyen", "obsmax2_v": null, "obsmax2": "aucun", "orp": "absence", "orp_amont": "absence", "orp_autour": "absence", "orp_aval": "absence", "orp_proche": "absence", "pente2c": "faible", "pente3c": "faible", "pistes": "absence", "rang": "petit", "rectitud_v": 100.0, "rectitude": "fort", "ret_us": "autre", "ret_vol1_v": 0.0, "ret_vol1": "faible", "ret_vol2_v": 0.0, "ret_vol2": "faible", "sensisol_v": 21.5469, "sensisol": "moyen", "tcc": "absence", "txamg_v": 0.0, "txamg": "faible", "txetg1_v": 100.0, "txetg1": "fort", "txetg2_v": 100.0, "txetg2": "fort", "txetg3_v": 99.97, "txetg3": "fort", "txetg4_v": 99.97, "txetg4": "fort", "txetg5_v": 100.0, "txetg5": "fort", "veget10_v": 0.0, "veget10": "tres_faible", "veget30_v": 0.0, "veget30": "tres_faible", "veget60_v": 0.0, "veget60": "tres_faible", "hyd_dyn1": 1.0, "hyd_dyn2": 0.0, "hyd_dyn3": 0.0, "hyd_dyn4": 0.0, "hyd_dyn5": 0.0, "hyd_dyn": 1.0, "hyd_dyn_cl": "tres_faible", "av_hyd_dyn": "-", "hyd_qte1": 1.0, "hyd_qte2": 0.0, "hyd_qte3": 0.0, "hyd_qte4": 0.0, "hyd_qte5": 0.0, "hyd_qte": 1.0, "hyd_qte_cl": "tres_faible", "av_hyd_qte": "-", "hyd_mes1": 0.0, "hyd_mes2": 0.0, "hyd_mes3": 0.0, "hyd_mes4": 0.225, "hyd_mes5": 0.775, "hyd_mes": 5.0, "hyd_mes_cl": "tres_fort", "av_hyd_mes": "-", "con_amp1": 0.0, "con_amp2": 0.0, "con_amp3": 0.0, "con_amp4": 0.1, "con_amp5": 0.9, "con_amp": 5.0, "con_amp_cl": "tres_fort", "av_con_amp": "-", "con_pro1": 0.1, "con_pro2": 0.4, "con_pro3": 0.4, "con_pro4": 0.1, "con_pro5": 0.0, "con_pro": 3.0, "con_pro_cl": "moyen", "av_con_pro": "D", "con_lat1": 0.0, "con_lat2": 0.0, "con_lat3": 0.0, "con_lat4": 0.315, "con_lat5": 0.685, "con_lat": 5.0, "con_lat_cl": "tres_fort", "av_con_lat": "-", "con_sed1": 0.0, "con_sed2": 0.0, "con_sed3": 0.6, "con_sed4": 0.4, "con_sed5": 0.0, "con_sed": 3.0, "con_sed_cl": "moyen", "av_con_sed": "-", "mor_pll1": 0.0, "mor_pll2": 0.0, "mor_pll3": 0.004, "mor_pll4": 0.088, "mor_pll5": 0.908, "mor_pll": 5.0, "mor_pll_cl": "tres_fort", "av_mor_pll": "-", "mor_riv1": 0.0, "mor_riv2": 0.0, "mor_riv3": 0.0, "mor_riv4": 0.6, "mor_riv5": 0.4, "mor_riv": 4.0, "mor_riv_cl": "fort", "av_mor_riv": "-", "mor_ssl1": 0.0, "mor_ssl2": 0.0, "mor_ssl3": 0.0, "mor_ssl4": 0.032, "mor_ssl5": 0.968, "mor_ssl": 5.0, "mor_ssl_cl": "tres_fort", "av_mor_ssl": "-", "av_aggrave": null, "av_attenue": null, "lbbh": "Artois-Picardie", "cdbh": "01", "Score_100": 56.6, "mor_rip": 5 }, "geometry": { "type": "MultiLineString", "coordinates": [ [ [ 2.13967072264592, 50.857275580717243 ], [ 2.139808323702306, 50.857534423557695 ], [ 2.139819337803388, 50.857553340202621 ], [ 2.139869279618804, 50.85761648688144 ], [ 2.139902677155747, 50.857652604189234 ], [ 2.140375112349982, 50.858287472086332 ], [ 2.140517360169754, 50.858588108582843 ], [ 2.14068719701003, 50.859097976351187 ], [ 2.140743887179608, 50.859263446796007 ], [ 2.140762835398074, 50.859315613371372 ], [ 2.140923032658628, 50.859812215482528 ] ] ] } },
{ "type": "Feature", "properties": { "fid": 31, "usra_id": 124173, "usra_id_st": "6052_9", "tgh_id": 6052, "usra_index": 9, "toponyme": "rivière la liette", "longueur": 297.85, "zamont": 3.4074073809164571, "zaval": 3.3633333047231071, "agri3w_v": 99.97, "agri3w": "fort", "agribv_v": 44.05, "agribv": "fort", "alluvial": "non", "beton": "absence", "canaux": "absence", "carriere": "absence", "chenal_v": null, "chenal": "faible", "conf": "absence", "conso": 1118.734426493035, "consom1": "faible", "consom2": "faible", "curage": "absence", "dobs1_v": 0.49, "dobs1": "fort", "dobs2_v": 0.0, "dobs2": "aucun", "eclu": "absence", "etiage": "fort", "haies_v": 5.1592160602602384, "haies": "fort", "imper_v": 7.08, "imper": "faible", "intercep_v": 0.0, "intercepte": "faible", "montagne": "dessous", "navigable": "non", "obsmax1_v": 5.0, "obsmax1": "moyen", "obsmax2_v": null, "obsmax2": "aucun", "orp": "absence", "orp_amont": "absence", "orp_autour": "absence", "orp_aval": "absence", "orp_proche": "absence", "pente2c": "faible", "pente3c": "faible", "pistes": "absence", "rang": "petit", "rectitud_v": 100.0, "rectitude": "fort", "ret_us": "autre", "ret_vol1_v": 0.0, "ret_vol1": "faible", "ret_vol2_v": 0.0, "ret_vol2": "faible", "sensisol_v": 21.5469, "sensisol": "moyen", "tcc": "absence", "txamg_v": 0.0, "txamg": "faible", "txetg1_v": 100.0, "txetg1": "fort", "txetg2_v": 100.0, "txetg2": "fort", "txetg3_v": 100.01, "txetg3": "fort", "txetg4_v": 100.01, "txetg4": "fort", "txetg5_v": 100.0, "txetg5": "fort", "veget10_v": 0.0, "veget10": "tres_faible", "veget30_v": 0.0, "veget30": "tres_faible", "veget60_v": 0.0, "veget60": "tres_faible", "hyd_dyn1": 1.0, "hyd_dyn2": 0.0, "hyd_dyn3": 0.0, "hyd_dyn4": 0.0, "hyd_dyn5": 0.0, "hyd_dyn": 1.0, "hyd_dyn_cl": "tres_faible", "av_hyd_dyn": "-", "hyd_qte1": 1.0, "hyd_qte2": 0.0, "hyd_qte3": 0.0, "hyd_qte4": 0.0, "hyd_qte5": 0.0, "hyd_qte": 1.0, "hyd_qte_cl": "tres_faible", "av_hyd_qte": "-", "hyd_mes1": 1.0, "hyd_mes2": 0.0, "hyd_mes3": 0.0, "hyd_mes4": 0.0, "hyd_mes5": 0.0, "hyd_mes": 1.0, "hyd_mes_cl": "tres_faible", "av_hyd_mes": "-", "con_amp1": 0.0, "con_amp2": 0.0, "con_amp3": 0.0, "con_amp4": 0.1, "con_amp5": 0.9, "con_amp": 5.0, "con_amp_cl": "tres_fort", "av_con_amp": "-", "con_pro1": 0.1, "con_pro2": 0.4, "con_pro3": 0.4, "con_pro4": 0.1, "con_pro5": 0.0, "con_pro": 3.0, "con_pro_cl": "moyen", "av_con_pro": "D", "con_lat1": 0.0, "con_lat2": 0.0, "con_lat3": 0.0, "con_lat4": 0.802, "con_lat5": 0.198, "con_lat": 4.0, "con_lat_cl": "fort", "av_con_lat": "-", "con_sed1": 0.0, "con_sed2": 0.0, "con_sed3": 0.6, "con_sed4": 0.4, "con_sed5": 0.0, "con_sed": 3.0, "con_sed_cl": "moyen", "av_con_sed": "-", "mor_pll1": 0.0, "mor_pll2": 0.0, "mor_pll3": 0.012, "mor_pll4": 0.205, "mor_pll5": 0.783, "mor_pll": 5.0, "mor_pll_cl": "tres_fort", "av_mor_pll": "-", "mor_riv1": 0.0, "mor_riv2": 0.0, "mor_riv3": 0.0, "mor_riv4": 0.6, "mor_riv5": 0.4, "mor_riv": 4.0, "mor_riv_cl": "fort", "av_mor_riv": "-", "mor_ssl1": 0.0, "mor_ssl2": 0.0, "mor_ssl3": 0.0, "mor_ssl4": 0.032, "mor_ssl5": 0.968, "mor_ssl": 5.0, "mor_ssl_cl": "tres_fort", "av_mor_ssl": "-", "av_aggrave": null, "av_attenue": null, "lbbh": "Artois-Picardie", "cdbh": "01", "Score_100": 56.6, "mor_rip": 5 }, "geometry": { "type": "MultiLineString", "coordinates": [ [ [ 2.140923032658628, 50.859812215482528 ], [ 2.140945863884376, 50.859882990091769 ], [ 2.141053317645614, 50.860146601520142 ], [ 2.141150913571106, 50.860324016360892 ], [ 2.14134310385343, 50.860606154091037 ], [ 2.141494346580981, 50.860796498141035 ], [ 2.141566478840371, 50.860888505966024 ], [ 2.141881293909782, 50.861211858965518 ], [ 2.14223199475163, 50.861509439774274 ], [ 2.142967627113053, 50.862093169881945 ], [ 2.142987305505771, 50.862107544021505 ] ] ] } },
{ "type": "Feature", "properties": { "fid": 32, "usra_id": 124178, "usra_id_st": "6052_10", "tgh_id": 6052, "usra_index": 10, "toponyme": "rivière la liette", "longueur": 297.85, "zamont": 3.3633333047231071, "zaval": 3.3192592285297562, "agri3w_v": 19.91, "agri3w": "faible", "agribv_v": 44.05, "agribv": "fort", "alluvial": "oui", "beton": "absence", "canaux": "absence", "carriere": "absence", "chenal_v": null, "chenal": "faible", "conf": "absence", "conso": 1118.734426493035, "consom1": "faible", "consom2": "faible", "curage": "absence", "dobs1_v": 0.49, "dobs1": "fort", "dobs2_v": 0.0, "dobs2": "aucun", "eclu": "absence", "etiage": "fort", "haies_v": 5.1592160602602384, "haies": "fort", "imper_v": 7.08, "imper": "faible", "intercep_v": 0.0, "intercepte": "faible", "montagne": "dessous", "navigable": "non", "obsmax1_v": 5.0, "obsmax1": "moyen", "obsmax2_v": null, "obsmax2": "aucun", "orp": "absence", "orp_amont": "absence", "orp_autour": "absence", "orp_aval": "absence", "orp_proche": "absence", "pente2c": "faible", "pente3c": "faible", "pistes": "absence", "rang": "petit", "rectitud_v": 66.67, "rectitude": "fort", "ret_us": "autre", "ret_vol1_v": 0.0, "ret_vol1": "faible", "ret_vol2_v": 0.0, "ret_vol2": "faible", "sensisol_v": 21.5469, "sensisol": "moyen", "tcc": "absence", "txamg_v": 0.0, "txamg": "faible", "txetg1_v": 100.0, "txetg1": "fort", "txetg2_v": 100.0, "txetg2": "fort", "txetg3_v": 99.99, "txetg3": "fort", "txetg4_v": 99.99, "txetg4": "fort", "txetg5_v": 100.0, "txetg5": "fort", "veget10_v": 35.783094378423549, "veget10": "faible", "veget30_v": 13.841007139581436, "veget30": "tres_faible", "veget60_v": 8.6169967531211213, "veget60": "tres_faible", "hyd_dyn1": 1.0, "hyd_dyn2": 0.0, "hyd_dyn3": 0.0, "hyd_dyn4": 0.0, "hyd_dyn5": 0.0, "hyd_dyn": 1.0, "hyd_dyn_cl": "tres_faible", "av_hyd_dyn": "-", "hyd_qte1": 1.0, "hyd_qte2": 0.0, "hyd_qte3": 0.0, "hyd_qte4": 0.0, "hyd_qte5": 0.0, "hyd_qte": 1.0, "hyd_qte_cl": "tres_faible", "av_hyd_qte": "-", "hyd_mes1": 0.0, "hyd_mes2": 0.0, "hyd_mes3": 0.0, "hyd_mes4": 0.225, "hyd_mes5": 0.775, "hyd_mes": 5.0, "hyd_mes_cl": "tres_fort", "av_hyd_mes": "-", "con_amp1": 0.0, "con_amp2": 0.0, "con_amp3": 0.0, "con_amp4": 0.1, "con_amp5": 0.9, "con_amp": 5.0, "con_amp_cl": "tres_fort", "av_con_amp": "-", "con_pro1": 0.1, "con_pro2": 0.4, "con_pro3": 0.4, "con_pro4": 0.1, "con_pro5": 0.0, "con_pro": 3.0, "con_pro_cl": "moyen", "av_con_pro": "D", "con_lat1": 0.0, "con_lat2": 0.0, "con_lat3": 0.0, "con_lat4": 0.315, "con_lat5": 0.685, "con_lat": 5.0, "con_lat_cl": "tres_fort", "av_con_lat": "-", "con_sed1": 0.0, "con_sed2": 0.0, "con_sed3": 0.6, "con_sed4": 0.4, "con_sed5": 0.0, "con_sed": 3.0, "con_sed_cl": "moyen", "av_con_sed": "-", "mor_pll1": 0.0, "mor_pll2": 0.0, "mor_pll3": 0.027, "mor_pll4": 0.342, "mor_pll5": 0.631, "mor_pll": 5.0, "mor_pll_cl": "tres_fort", "av_mor_pll": "-", "mor_riv1": 0.0, "mor_riv2": 0.016, "mor_riv3": 0.304, "mor_riv4": 0.44, "mor_riv5": 0.24, "mor_riv": 4.0, "mor_riv_cl": "fort", "av_mor_riv": "-", "mor_ssl1": 0.0, "mor_ssl2": 0.0, "mor_ssl3": 0.0, "mor_ssl4": 0.032, "mor_ssl5": 0.968, "mor_ssl": 5.0, "mor_ssl_cl": "tres_fort", "av_mor_ssl": "-", "av_aggrave": null, "av_attenue": null, "lbbh": "Artois-Picardie", "cdbh": "01", "Score_100": 34.2, "mor_rip": 4 }, "geometry": { "type": "MultiLineString", "coordinates": [ [ [ 2.142987305505771, 50.862107544021505 ], [ 2.143303640844618, 50.862338610490866 ], [ 2.143532052758294, 50.862493594588706 ], [ 2.143728864145411, 50.862590045386078 ], [ 2.143948847079609, 50.86265794545357 ], [ 2.144619627550064, 50.862808784601114 ], [ 2.144950603152217, 50.862852323076361 ], [ 2.145693595939366, 50.862925597636405 ], [ 2.145929711571502, 50.862962203739635 ], [ 2.146080566019789, 50.863010786216911 ], [ 2.146164754608949, 50.863061603791799 ], [ 2.146195585994128, 50.863082449642157 ], [ 2.146270932936948, 50.863152944317505 ], [ 2.146452257409389, 50.863378811180702 ] ] ] } },
{ "type": "Feature", "properties": { "fid": 33, "usra_id": 124185, "usra_id_st": "6052_11", "tgh_id": 6052, "usra_index": 11, "toponyme": "rivière la liette", "longueur": 297.85, "zamont": 3.3192592285297562, "zaval": 3.2751851523364062, "agri3w_v": 63.86, "agri3w": "fort", "agribv_v": 44.05, "agribv": "fort", "alluvial": "oui", "beton": "absence", "canaux": "absence", "carriere": "absence", "chenal_v": null, "chenal": "faible", "conf": "absence", "conso": 1118.734426493035, "consom1": "faible", "consom2": "faible", "curage": "absence", "dobs1_v": 0.5, "dobs1": "fort", "dobs2_v": 0.0, "dobs2": "aucun", "eclu": "absence", "etiage": "fort", "haies_v": 5.1592160602602384, "haies": "fort", "imper_v": 7.08, "imper": "faible", "intercep_v": 0.0, "intercepte": "faible", "montagne": "dessous", "navigable": "non", "obsmax1_v": 5.0, "obsmax1": "moyen", "obsmax2_v": null, "obsmax2": "aucun", "orp": "absence", "orp_amont": "absence", "orp_autour": "absence", "orp_aval": "absence", "orp_proche": "absence", "pente2c": "faible", "pente3c": "faible", "pistes": "absence", "rang": "petit", "rectitud_v": 66.67, "rectitude": "fort", "ret_us": "autre", "ret_vol1_v": 0.0, "ret_vol1": "faible", "ret_vol2_v": 0.0, "ret_vol2": "faible", "sensisol_v": 21.5469, "sensisol": "moyen", "tcc": "absence", "txamg_v": 0.0, "txamg": "faible", "txetg1_v": 100.0, "txetg1": "fort", "txetg2_v": 100.0, "txetg2": "fort", "txetg3_v": 100.02, "txetg3": "fort", "txetg4_v": 100.02, "txetg4": "fort", "txetg5_v": 100.0, "txetg5": "fort", "veget10_v": 16.735085387112399, "veget10": "tres_faible", "veget30_v": 8.2335753457097702, "veget30": "tres_faible", "veget60_v": 6.280110662435348, "veget60": "tres_faible", "hyd_dyn1": 1.0, "hyd_dyn2": 0.0, "hyd_dyn3": 0.0, "hyd_dyn4": 0.0, "hyd_dyn5": 0.0, "hyd_dyn": 1.0, "hyd_dyn_cl": "tres_faible", "av_hyd_dyn": "-", "hyd_qte1": 1.0, "hyd_qte2": 0.0, "hyd_qte3": 0.0, "hyd_qte4": 0.0, "hyd_qte5": 0.0, "hyd_qte": 1.0, "hyd_qte_cl": "tres_faible", "av_hyd_qte": "-", "hyd_mes1": 0.0, "hyd_mes2": 0.0, "hyd_mes3": 0.0, "hyd_mes4": 0.225, "hyd_mes5": 0.775, "hyd_mes": 5.0, "hyd_mes_cl": "tres_fort", "av_hyd_mes": "-", "con_amp1": 0.0, "con_amp2": 0.0, "con_amp3": 0.0, "con_amp4": 0.1, "con_amp5": 0.9, "con_amp": 5.0, "con_amp_cl": "tres_fort", "av_con_amp": "-", "con_pro1": 0.1, "con_pro2": 0.4, "con_pro3": 0.4, "con_pro4": 0.1, "con_pro5": 0.0, "con_pro": 3.0, "con_pro_cl": "moyen", "av_con_pro": "D", "con_lat1": 0.0, "con_lat2": 0.0, "con_lat3": 0.0, "con_lat4": 0.315, "con_lat5": 0.685, "con_lat": 5.0, "con_lat_cl": "tres_fort", "av_con_lat": "-", "con_sed1": 0.0, "con_sed2": 0.0, "con_sed3": 0.6, "con_sed4": 0.4, "con_sed5": 0.0, "con_sed": 3.0, "con_sed_cl": "moyen", "av_con_sed": "-", "mor_pll1": 0.0, "mor_pll2": 0.0, "mor_pll3": 0.004, "mor_pll4": 0.088, "mor_pll5": 0.908, "mor_pll": 5.0, "mor_pll_cl": "tres_fort", "av_mor_pll": "-", "mor_riv1": 0.0, "mor_riv2": 0.0, "mor_riv3": 0.0, "mor_riv4": 0.6, "mor_riv5": 0.4, "mor_riv": 4.0, "mor_riv_cl": "fort", "av_mor_riv": "-", "mor_ssl1": 0.0, "mor_ssl2": 0.0, "mor_ssl3": 0.0, "mor_ssl4": 0.032, "mor_ssl5": 0.968, "mor_ssl": 5.0, "mor_ssl_cl": "tres_fort", "av_mor_ssl": "-", "av_aggrave": null, "av_attenue": null, "lbbh": "Artois-Picardie", "cdbh": "01", "Score_100": 47.1, "mor_rip": 5 }, "geometry": { "type": "MultiLineString", "coordinates": [ [ [ 2.146452257409389, 50.863378811180702 ], [ 2.146487474353407, 50.863422678897116 ], [ 2.14662055520354, 50.863515997434874 ], [ 2.146800749895889, 50.863589900336692 ], [ 2.147030832114294, 50.863647995034675 ], [ 2.147098778677103, 50.863653842538824 ], [ 2.147320938394618, 50.863677790200107 ], [ 2.147721953619161, 50.863681788026511 ] ] ] } },
{ "type": "Feature", "properties": { "fid": 34, "usra_id": 197455, "usra_id_st": "6047_1", "tgh_id": 6047, "usra_index": 1, "toponyme": "rivière la hem", "longueur": 589.63, "zamont": 68.300003051757798, "zaval": 66.131252765655503, "agri3w_v": 0.0, "agri3w": "faible", "agribv_v": 44.05, "agribv": "fort", "alluvial": "oui", "beton": "absence", "canaux": "absence", "carriere": "absence", "chenal_v": null, "chenal": "faible", "conf": "absence", "conso": 1118.734426493035, "consom1": "faible", "consom2": "faible", "curage": "absence", "dobs1_v": 0.51, "dobs1": "fort", "dobs2_v": 2.71, "dobs2": "fort", "eclu": "absence", "etiage": "fort", "haies_v": 5.1592160602602384, "haies": "fort", "imper_v": 7.08, "imper": "faible", "intercep_v": 0.0, "intercepte": "faible", "montagne": "dessous", "navigable": "non", "obsmax1_v": 2.0, "obsmax1": "moyen", "obsmax2_v": 0.91, "obsmax2": "faible", "orp": "absence", "orp_amont": "absence", "orp_autour": "absence", "orp_aval": "absence", "orp_proche": "absence", "pente2c": "faible", "pente3c": "faible", "pistes": "absence", "rang": "petit", "rectitud_v": 33.33, "rectitude": "moyen", "ret_us": "autre", "ret_vol1_v": 0.0, "ret_vol1": "faible", "ret_vol2_v": 0.0, "ret_vol2": "faible", "sensisol_v": 21.5469, "sensisol": "moyen", "tcc": "absence", "txamg_v": 0.0, "txamg": "faible", "txetg1_v": 15.63, "txetg1": "moyen", "txetg2_v": 23.43, "txetg2": "moyen", "txetg3_v": 63.5, "txetg3": "fort", "txetg4_v": null, "txetg4": "faible", "txetg5_v": 14.07, "txetg5": "moyen", "veget10_v": 32.83090822748693, "veget10": "faible", "veget30_v": 18.424590855363384, "veget30": "tres_faible", "veget60_v": 16.813293545108433, "veget60": "tres_faible", "hyd_dyn1": 1.0, "hyd_dyn2": 0.0, "hyd_dyn3": 0.0, "hyd_dyn4": 0.0, "hyd_dyn5": 0.0, "hyd_dyn": 1.0, "hyd_dyn_cl": "tres_faible", "av_hyd_dyn": "-", "hyd_qte1": 1.0, "hyd_qte2": 0.0, "hyd_qte3": 0.0, "hyd_qte4": 0.0, "hyd_qte5": 0.0, "hyd_qte": 1.0, "hyd_qte_cl": "tres_faible", "av_hyd_qte": "-", "hyd_mes1": 0.0, "hyd_mes2": 0.011, "hyd_mes3": 0.818, "hyd_mes4": 0.171, "hyd_mes5": 0.0, "hyd_mes": 3.0, "hyd_mes_cl": "moyen", "av_hyd_mes": "-", "con_amp1": 0.0, "con_amp2": 0.0, "con_amp3": 0.0, "con_amp4": 0.4, "con_amp5": 0.6, "con_amp": 5.0, "con_amp_cl": "tres_fort", "av_con_amp": "-", "con_pro1": 0.0, "con_pro2": 0.0, "con_pro3": 0.5, "con_pro4": 0.5, "con_pro5": 0.0, "con_pro": 4.0, "con_pro_cl": "fort", "av_con_pro": "D", "con_lat1": 0.075, "con_lat2": 0.0, "con_lat3": 0.925, "con_lat4": 0.0, "con_lat5": 0.0, "con_lat": 3.0, "con_lat_cl": "moyen", "av_con_lat": "-", "con_sed1": 0.0, "con_sed2": 0.25, "con_sed3": 0.75, "con_sed4": 0.0, "con_sed5": 0.0, "con_sed": 3.0, "con_sed_cl": "moyen", "av_con_sed": "-", "mor_pll1": 0.0, "mor_pll2": 0.0, "mor_pll3": 0.203, "mor_pll4": 0.635, "mor_pll5": 0.162, "mor_pll": 4.0, "mor_pll_cl": "fort", "av_mor_pll": "-", "mor_riv1": 0.0, "mor_riv2": 0.048, "mor_riv3": 0.312, "mor_riv4": 0.52, "mor_riv5": 0.12, "mor_riv": 4.0, "mor_riv_cl": "fort", "av_mor_riv": "-", "mor_ssl1": 0.0, "mor_ssl2": 0.0, "mor_ssl3": 0.011, "mor_ssl4": 0.169, "mor_ssl5": 0.82, "mor_ssl": 5.0, "mor_ssl_cl": "tres_fort", "av_mor_ssl": "-", "av_aggrave": null, "av_attenue": null, "lbbh": "Artois-Picardie", "cdbh": "01", "Score_100": 28.9, "mor_rip": 4 }, "geometry": { "type": "MultiLineString", "coordinates": [ [ [ 1.948053933734017, 50.759967073985663 ], [ 1.948109966843595, 50.759993570242436 ], [ 1.948183200020609, 50.760009443761973 ], [ 1.948262656450808, 50.759998449714047 ], [ 1.948336228804287, 50.759998173947309 ], [ 1.948353825913907, 50.760036010750831 ], [ 1.948355524514449, 50.760089865299967 ], [ 1.948351433260848, 50.760149952288039 ], [ 1.948379668187077, 50.760220183058685 ], [ 1.948397171212256, 50.760262505729493 ], [ 1.94841146849212, 50.760322748040643 ], [ 1.948394759807848, 50.760377344405434 ], [ 1.948252050029956, 50.760570860707389 ], [ 1.948102341966231, 50.760760728320882 ], [ 1.947817520055618, 50.761119050177932 ], [ 1.947745153906188, 50.76119650667939 ], [ 1.947714921049676, 50.761221376513234 ], [ 1.947674654516483, 50.761252442868688 ], [ 1.947646798175329, 50.761298868815899 ], [ 1.947637274094008, 50.761348141732093 ], [ 1.947637708263115, 50.761394806821443 ], [ 1.947664848853015, 50.761449773680432 ], [ 1.947711151356188, 50.761468111775649 ], [ 1.947747533314418, 50.761487263333819 ], [ 1.94775934041132, 50.761531332537764 ], [ 1.947733747520765, 50.761604697657241 ], [ 1.947690425390821, 50.761646506189528 ], [ 1.947636107387725, 50.761672967064676 ], [ 1.947582317718732, 50.761741607104241 ], [ 1.947563401224164, 50.761833872631343 ], [ 1.947573209210131, 50.761905742292747 ], [ 1.947573699887702, 50.761949715818382 ], [ 1.947532923591389, 50.762005005811957 ], [ 1.947499276515875, 50.762057664060094 ], [ 1.947475474651413, 50.762113097535767 ], [ 1.9474355849464, 50.762260820369654 ], [ 1.947293790477005, 50.762612273522819 ], [ 1.947192413193741, 50.762858182860882 ], [ 1.94686239910449, 50.763413532500778 ], [ 1.946776466003965, 50.763597655967921 ], [ 1.946758509678323, 50.763644165322752 ], [ 1.946721069108798, 50.763742555080171 ], [ 1.946710845440047, 50.763825023112148 ], [ 1.94672659337337, 50.763950782783134 ], [ 1.946751942346278, 50.764023681097107 ], [ 1.946815768788212, 50.764083444935885 ], [ 1.946894005600345, 50.764130767994175 ], [ 1.946928974572887, 50.764149907747992 ], [ 1.946978221714929, 50.764162886941804 ], [ 1.946997554586311, 50.764185483744583 ], [ 1.947011568321882, 50.764259183431378 ], [ 1.947004211983123, 50.764339881009278 ], [ 1.947005607429693, 50.764408089966985 ], [ 1.947170758827776, 50.764561135616724 ], [ 1.947236170828889, 50.764612836614084 ], [ 1.947322198654416, 50.764626126674614 ], [ 1.947355495027231, 50.764654470953651 ] ] ] } },
{ "type": "Feature", "properties": { "fid": 35, "usra_id": 197457, "usra_id_st": "6047_2", "tgh_id": 6047, "usra_index": 2, "toponyme": "rivière la hem", "longueur": 589.63, "zamont": 66.131252765655503, "zaval": 63.962502479553208, "agri3w_v": 0.0, "agri3w": "faible", "agribv_v": 44.05, "agribv": "fort", "alluvial": "oui", "beton": "absence", "canaux": "absence", "carriere": "absence", "chenal_v": null, "chenal": "faible", "conf": "absence", "conso": 1118.734426493035, "consom1": "faible", "consom2": "faible", "curage": "absence", "dobs1_v": 0.45, "dobs1": "fort", "dobs2_v": 2.72, "dobs2": "fort", "eclu": "absence", "etiage": "fort", "haies_v": 5.1592160602602384, "haies": "fort", "imper_v": 7.08, "imper": "faible", "intercep_v": 0.0, "intercepte": "faible", "montagne": "dessous", "navigable": "non", "obsmax1_v": 2.0, "obsmax1": "moyen", "obsmax2_v": 0.91, "obsmax2": "faible", "orp": "absence", "orp_amont": "absence", "orp_autour": "absence", "orp_aval": "absence", "orp_proche": "absence", "pente2c": "faible", "pente3c": "faible", "pistes": "absence", "rang": "petit", "rectitud_v": 33.33, "rectitude": "moyen", "ret_us": "autre", "ret_vol1_v": 0.0, "ret_vol1": "faible", "ret_vol2_v": 0.0, "ret_vol2": "faible", "sensisol_v": 21.5469, "sensisol": "moyen", "tcc": "absence", "txamg_v": 0.52, "txamg": "faible", "txetg1_v": 14.07, "txetg1": "moyen", "txetg2_v": 24.51, "txetg2": "moyen", "txetg3_v": 23.55, "txetg3": "moyen", "txetg4_v": null, "txetg4": "faible", "txetg5_v": 13.1, "txetg5": "moyen", "veget10_v": 72.329618246210416, "veget10": "moyen", "veget30_v": 57.963872194954078, "veget30": "moyen", "veget60_v": 46.258974603223095, "veget60": "moyen", "hyd_dyn1": 1.0, "hyd_dyn2": 0.0, "hyd_dyn3": 0.0, "hyd_dyn4": 0.0, "hyd_dyn5": 0.0, "hyd_dyn": 1.0, "hyd_dyn_cl": "tres_faible", "av_hyd_dyn": "-", "hyd_qte1": 1.0, "hyd_qte2": 0.0, "hyd_qte3": 0.0, "hyd_qte4": 0.0, "hyd_qte5": 0.0, "hyd_qte": 1.0, "hyd_qte_cl": "tres_faible", "av_hyd_qte": "-", "hyd_mes1": 0.0, "hyd_mes2": 0.011, "hyd_mes3": 0.818, "hyd_mes4": 0.171, "hyd_mes5": 0.0, "hyd_mes": 3.0, "hyd_mes_cl": "moyen", "av_hyd_mes": "-", "con_amp1": 0.0, "con_amp2": 0.0, "con_amp3": 0.0, "con_amp4": 0.4, "con_amp5": 0.6, "con_amp": 5.0, "con_amp_cl": "tres_fort", "av_con_amp": "-", "con_pro1": 0.0, "con_pro2": 0.0, "con_pro3": 0.5, "con_pro4": 0.5, "con_pro5": 0.0, "con_pro": 4.0, "con_pro_cl": "fort", "av_con_pro": "D", "con_lat1": 0.075, "con_lat2": 0.0, "con_lat3": 0.925, "con_lat4": 0.0, "con_lat5": 0.0, "con_lat": 3.0, "con_lat_cl": "moyen", "av_con_lat": "-", "con_sed1": 0.0, "con_sed2": 0.25, "con_sed3": 0.75, "con_sed4": 0.0, "con_sed5": 0.0, "con_sed": 3.0, "con_sed_cl": "moyen", "av_con_sed": "-", "mor_pll1": 0.015, "mor_pll2": 0.0, "mor_pll3": 0.591, "mor_pll4": 0.348, "mor_pll5": 0.046, "mor_pll": 3.0, "mor_pll_cl": "moyen", "av_mor_pll": "-", "mor_riv1": 0.12, "mor_riv2": 0.112, "mor_riv3": 0.688, "mor_riv4": 0.08, "mor_riv5": 0.0, "mor_riv": 3.0, "mor_riv_cl": "moyen", "av_mor_riv": "-", "mor_ssl1": 0.0, "mor_ssl2": 0.0, "mor_ssl3": 0.042, "mor_ssl4": 0.421, "mor_ssl5": 0.537, "mor_ssl": 5.0, "mor_ssl_cl": "tres_fort", "av_mor_ssl": "-", "av_aggrave": null, "av_attenue": null, "lbbh": "Artois-Picardie", "cdbh": "01", "Score_100": 25.1, "mor_rip": 3 }, "geometry": { "type": "MultiLineString", "coordinates": [ [ [ 1.947355495027231, 50.764654470953651 ], [ 1.947372238639125, 50.764668724310305 ], [ 1.947432483620335, 50.764898950241083 ], [ 1.947454948568798, 50.76504181565555 ], [ 1.947501858469116, 50.765166043764864 ], [ 1.947701795446985, 50.765347199784294 ], [ 1.947775848432574, 50.765459094530328 ], [ 1.947842246599169, 50.765800640761469 ], [ 1.947935428143918, 50.766012300464915 ], [ 1.947843931774328, 50.766326489536603 ], [ 1.947723290294722, 50.766478913052765 ], [ 1.947708955666457, 50.766555064773947 ], [ 1.947753943199624, 50.766636204505062 ], [ 1.947886226344392, 50.766737823140609 ], [ 1.947919104233012, 50.766789248643931 ], [ 1.947903167530682, 50.766941659640977 ], [ 1.947973053652118, 50.76698262991188 ], [ 1.948166054267012, 50.766955546100853 ], [ 1.948238713466211, 50.766999231629008 ], [ 1.948239583024152, 50.767092560998947 ], [ 1.948189504769333, 50.767186357286036 ], [ 1.948175434486774, 50.767249948631637 ], [ 1.948385946148451, 50.767467085286277 ], [ 1.948398133622995, 50.767560510180907 ], [ 1.948556755406363, 50.767755672314259 ], [ 1.948591237747293, 50.76779813783785 ], [ 1.948629135422452, 50.767880114532353 ], [ 1.948658603360158, 50.768026627480403 ], [ 1.948742584326715, 50.768137707650602 ], [ 1.948763240072812, 50.768164801820276 ], [ 1.948757225364426, 50.768249099633096 ], [ 1.948720218514081, 50.76832685447858 ], [ 1.948561546718345, 50.768470881320397 ], [ 1.948370451249769, 50.768743848867587 ], [ 1.948340780938572, 50.768809102969783 ], [ 1.948416217530423, 50.768922803026456 ], [ 1.948444118347192, 50.76900918182222 ], [ 1.948514668932947, 50.769086050218249 ], [ 1.948589635362661, 50.769222179248302 ], [ 1.9485951454921, 50.769296703676773 ], [ 1.948573535280133, 50.769429516964095 ] ] ] } },
{ "type": "Feature", "properties": { "fid": 36, "usra_id": 197463, "usra_id_st": "6047_3", "tgh_id": 6047, "usra_index": 3, "toponyme": "rivière la hem", "longueur": 589.63, "zamont": 63.962502479553208, "zaval": 61.793752193450914, "agri3w_v": 5.98, "agri3w": "faible", "agribv_v": 44.05, "agribv": "fort", "alluvial": "oui", "beton": "absence", "canaux": "absence", "carriere": "absence", "chenal_v": null, "chenal": "faible", "conf": "absence", "conso": 1118.734426493035, "consom1": "faible", "consom2": "faible", "curage": "absence", "dobs1_v": 0.42, "dobs1": "fort", "dobs2_v": 3.47, "dobs2": "fort", "eclu": "absence", "etiage": "fort", "haies_v": 5.1592160602602384, "haies": "fort", "imper_v": 7.08, "imper": "faible", "intercep_v": 0.0, "intercepte": "faible", "montagne": "dessous", "navigable": "non", "obsmax1_v": 2.0, "obsmax1": "moyen", "obsmax2_v": 0.91, "obsmax2": "faible", "orp": "absence", "orp_amont": "absence", "orp_autour": "absence", "orp_aval": "absence", "orp_proche": "absence", "pente2c": "faible", "pente3c": "faible", "pistes": "absence", "rang": "petit", "rectitud_v": 0.0, "rectitude": "faible", "ret_us": "autre", "ret_vol1_v": 0.0, "ret_vol1": "faible", "ret_vol2_v": 0.0, "ret_vol2": "faible", "sensisol_v": 21.5469, "sensisol": "moyen", "tcc": "absence", "txamg_v": 0.0, "txamg": "faible", "txetg1_v": 13.74, "txetg1": "moyen", "txetg2_v": 25.58, "txetg2": "moyen", "txetg3_v": 0.0, "txetg3": "faible", "txetg4_v": null, "txetg4": "faible", "txetg5_v": 6.61, "txetg5": "faible", "veget10_v": 32.397331090467667, "veget10": "faible", "veget30_v": 15.349855749992781, "veget30": "tres_faible", "veget60_v": 13.546380760746338, "veget60": "tres_faible", "hyd_dyn1": 1.0, "hyd_dyn2": 0.0, "hyd_dyn3": 0.0, "hyd_dyn4": 0.0, "hyd_dyn5": 0.0, "hyd_dyn": 1.0, "hyd_dyn_cl": "tres_faible", "av_hyd_dyn": "-", "hyd_qte1": 1.0, "hyd_qte2": 0.0, "hyd_qte3": 0.0, "hyd_qte4": 0.0, "hyd_qte5": 0.0, "hyd_qte": 1.0, "hyd_qte_cl": "tres_faible", "av_hyd_qte": "-", "hyd_mes1": 0.0, "hyd_mes2": 0.15, "hyd_mes3": 0.85, "hyd_mes4": 0.0, "hyd_mes5": 0.0, "hyd_mes": 3.0, "hyd_mes_cl": "moyen", "av_hyd_mes": "-", "con_amp1": 0.0, "con_amp2": 0.0, "con_amp3": 0.0, "con_amp4": 0.4, "con_amp5": 0.6, "con_amp": 5.0, "con_amp_cl": "tres_fort", "av_con_amp": "-", "con_pro1": 0.0, "con_pro2": 0.0, "con_pro3": 0.5, "con_pro4": 0.5, "con_pro5": 0.0, "con_pro": 4.0, "con_pro_cl": "fort", "av_con_pro": "D", "con_lat1": 1.0, "con_lat2": 0.0, "con_lat3": 0.0, "con_lat4": 0.0, "con_lat5": 0.0, "con_lat": 1.0, "con_lat_cl": "tres_faible", "av_con_lat": "-", "con_sed1": 1.0, "con_sed2": 0.0, "con_sed3": 0.0, "con_sed4": 0.0, "con_sed5": 0.0, "con_sed": 1.0, "con_sed_cl": "tres_faible", "av_con_sed": "-", "mor_pll1": 1.0, "mor_pll2": 0.0, "mor_pll3": 0.0, "mor_pll4": 0.0, "mor_pll5": 0.0, "mor_pll": 1.0, "mor_pll_cl": "tres_faible", "av_mor_pll": "-", "mor_riv1": 0.0, "mor_riv2": 0.08, "mor_riv3": 0.32, "mor_riv4": 0.6, "mor_riv5": 0.0, "mor_riv": 4.0, "mor_riv_cl": "fort", "av_mor_riv": "-", "mor_ssl1": 0.0, "mor_ssl2": 0.0, "mor_ssl3": 0.15, "mor_ssl4": 0.85, "mor_ssl5": 0.0, "mor_ssl": 4.0, "mor_ssl_cl": "fort", "av_mor_ssl": "-", "av_aggrave": null, "av_attenue": null, "lbbh": "Artois-Picardie", "cdbh": "01", "Score_100": 22.6, "mor_rip": 4 }, "geometry": { "type": "MultiLineString", "coordinates": [ [ [ 1.948573535280133, 50.769429516964095 ], [ 1.948572400012298, 50.769436494138326 ], [ 1.948589661513923, 50.769490479330344 ], [ 1.948645441830473, 50.769529535267623 ], [ 1.948786164406033, 50.769566616383038 ], [ 1.94896786580372, 50.769808632995819 ], [ 1.949119662768087, 50.769857472392808 ], [ 1.949202703762379, 50.769946110899504 ], [ 1.949324960568884, 50.769986624820596 ], [ 1.949361279762186, 50.770143962791572 ], [ 1.94942270169853, 50.770183963257395 ], [ 1.949505797180161, 50.770202610805079 ], [ 1.949544902797055, 50.770227168439298 ], [ 1.949531551730463, 50.770323966637328 ], [ 1.949676487194889, 50.770430176042218 ], [ 1.949712293017404, 50.770477138834487 ], [ 1.949690261964494, 50.770515537852717 ], [ 1.949507867248675, 50.770508615224621 ], [ 1.949404305366736, 50.770521201283927 ], [ 1.949295990743325, 50.770557974851314 ], [ 1.949117977180666, 50.770679405691439 ], [ 1.949076025487283, 50.77072302039609 ], [ 1.949076291600957, 50.770777759282566 ], [ 1.94911792576675, 50.770816695519059 ], [ 1.949121153333195, 50.770865178138827 ], [ 1.94906324324409, 50.770927501897546 ], [ 1.949032251898988, 50.770988258192887 ], [ 1.949064832457138, 50.771054037663284 ], [ 1.949230727542221, 50.771172986861465 ], [ 1.949234858992901, 50.771178405654553 ], [ 1.949491895394114, 50.77147220385293 ], [ 1.949785550853888, 50.771774386111368 ], [ 1.95009582654451, 50.772026457725559 ], [ 1.950229848519885, 50.77218102941238 ], [ 1.950315814906271, 50.772197905896469 ], [ 1.950361921427621, 50.772226111479583 ], [ 1.950319066683401, 50.77231279023453 ], [ 1.950317768850355, 50.772374694346979 ], [ 1.950364763742886, 50.772428032355144 ], [ 1.950440864313591, 50.772443030938717 ], [ 1.950530375513303, 50.772425839003738 ], [ 1.950613719578959, 50.772432822656086 ], [ 1.950675558985723, 50.772453084824114 ], [ 1.950669377755107, 50.772545456626844 ], [ 1.950705280033215, 50.772587933178578 ], [ 1.950782513781906, 50.772616400883528 ], [ 1.950829645836262, 50.772730757541453 ], [ 1.950896825522034, 50.772766319004745 ], [ 1.950979925838264, 50.77278496549544 ], [ 1.951046630665265, 50.772775656928964 ], [ 1.951141261873509, 50.772851828852396 ], [ 1.951239206308695, 50.772837399405944 ], [ 1.951312684761629, 50.772842504848683 ], [ 1.951344080158265, 50.772897505696086 ], [ 1.951323982522677, 50.773046291327503 ], [ 1.951353963197986, 50.77310128023975 ], [ 1.951504846102791, 50.773126778405917 ], [ 1.951525317523241, 50.7731628435129 ], [ 1.951487844614977, 50.773250930307611 ] ] ] } },
{ "type": "Feature", "properties": { "fid": 37, "usra_id": 197471, "usra_id_st": "6047_4", "tgh_id": 6047, "usra_index": 4, "toponyme": "rivière la hem", "longueur": 589.63, "zamont": 61.793752193450914, "zaval": 59.625001907348626, "agri3w_v": 0.9, "agri3w": "faible", "agribv_v": 44.05, "agribv": "fort", "alluvial": "oui", "beton": "absence", "canaux": "absence", "carriere": "absence", "chenal_v": null, "chenal": "faible", "conf": "absence", "conso": 1118.734426493035, "consom1": "faible", "consom2": "faible", "curage": "absence", "dobs1_v": 0.42, "dobs1": "fort", "dobs2_v": 3.16, "dobs2": "fort", "eclu": "absence", "etiage": "fort", "haies_v": 5.1592160602602384, "haies": "fort", "imper_v": 7.08, "imper": "faible", "intercep_v": 0.0, "intercepte": "faible", "montagne": "dessous", "navigable": "non", "obsmax1_v": 2.0, "obsmax1": "moyen", "obsmax2_v": 0.91, "obsmax2": "faible", "orp": "absence", "orp_amont": "absence", "orp_autour": "absence", "orp_aval": "absence", "orp_proche": "absence", "pente2c": "faible", "pente3c": "faible", "pistes": "absence", "rang": "petit", "rectitud_v": 33.33, "rectitude": "moyen", "ret_us": "autre", "ret_vol1_v": 0.0, "ret_vol1": "faible", "ret_vol2_v": 0.0, "ret_vol2": "faible", "sensisol_v": 21.5469, "sensisol": "moyen", "tcc": "absence", "txamg_v": 4.56, "txamg": "faible", "txetg1_v": 14.23, "txetg1": "moyen", "txetg2_v": 23.37, "txetg2": "moyen", "txetg3_v": 23.04, "txetg3": "moyen", "txetg4_v": null, "txetg4": "faible", "txetg5_v": 6.43, "txetg5": "faible", "veget10_v": 44.518426525701763, "veget10": "moyen", "veget30_v": 27.037286194573916, "veget30": "faible", "veget60_v": 21.948038909001276, "veget60": "faible", "hyd_dyn1": 1.0, "hyd_dyn2": 0.0, "hyd_dyn3": 0.0, "hyd_dyn4": 0.0, "hyd_dyn5": 0.0, "hyd_dyn": 1.0, "hyd_dyn_cl": "tres_faible", "av_hyd_dyn": "-", "hyd_qte1": 1.0, "hyd_qte2": 0.0, "hyd_qte3": 0.0, "hyd_qte4": 0.0, "hyd_qte5": 0.0, "hyd_qte": 1.0, "hyd_qte_cl": "tres_faible", "av_hyd_qte": "-", "hyd_mes1": 0.0, "hyd_mes2": 0.045, "hyd_mes3": 0.825, "hyd_mes4": 0.13, "hyd_mes5": 0.0, "hyd_mes": 3.0, "hyd_mes_cl": "moyen", "av_hyd_mes": "-", "con_amp1": 0.0, "con_amp2": 0.0, "con_amp3": 0.0, "con_amp4": 0.4, "con_amp5": 0.6, "con_amp": 5.0, "con_amp_cl": "tres_fort", "av_con_amp": "-", "con_pro1": 0.0, "con_pro2": 0.0, "con_pro3": 0.5, "con_pro4": 0.5, "con_pro5": 0.0, "con_pro": 4.0, "con_pro_cl": "fort", "av_con_pro": "D", "con_lat1": 0.3, "con_lat2": 0.0, "con_lat3": 0.7, "con_lat4": 0.0, "con_lat5": 0.0, "con_lat": 3.0, "con_lat_cl": "moyen", "av_con_lat": "-", "con_sed1": 1.0, "con_sed2": 0.0, "con_sed3": 0.0, "con_sed4": 0.0, "con_sed5": 0.0, "con_sed": 1.0, "con_sed_cl": "tres_faible", "av_con_sed": "-", "mor_pll1": 0.06, "mor_pll2": 0.0, "mor_pll3": 0.593, "mor_pll4": 0.312, "mor_pll5": 0.035, "mor_pll": 3.0, "mor_pll_cl": "moyen", "av_mor_pll": "-", "mor_riv1": 0.0, "mor_riv2": 0.12, "mor_riv3": 0.78, "mor_riv4": 0.1, "mor_riv5": 0.0, "mor_riv": 3.0, "mor_riv_cl": "moyen", "av_mor_riv": "-", "mor_ssl1": 0.0, "mor_ssl2": 0.0, "mor_ssl3": 0.049, "mor_ssl4": 0.451, "mor_ssl5": 0.499, "mor_ssl": 5.0, "mor_ssl_cl": "tres_fort", "av_mor_ssl": "D", "av_aggrave": null, "av_attenue": null, "lbbh": "Artois-Picardie", "cdbh": "01", "Score_100": 23.8, "mor_rip": 3 }, "geometry": { "type": "MultiLineString", "coordinates": [ [ [ 1.951487844614977, 50.773250930307611 ], [ 1.95145685177723, 50.773323784282205 ], [ 1.951471100101181, 50.773386716525231 ], [ 1.951526016985533, 50.77339974139344 ], [ 1.951716323382461, 50.773367245558113 ], [ 1.951791198747717, 50.773373259785366 ], [ 1.95181289751757, 50.773418308339934 ], [ 1.951741126928574, 50.773534355491833 ], [ 1.951761091523662, 50.77359464384616 ], [ 1.95205462870497, 50.773768502185547 ], [ 1.95205865449523, 50.773846602674865 ], [ 1.951995955349413, 50.773934909408361 ], [ 1.951836649185245, 50.774041246610317 ], [ 1.951703905931141, 50.774163061607595 ], [ 1.95160002353975, 50.774258199934785 ], [ 1.951549625019475, 50.774367248244971 ], [ 1.951354957270553, 50.774405090980835 ], [ 1.951279197156291, 50.774441242943617 ], [ 1.951273586016169, 50.774573998530776 ], [ 1.951230843602791, 50.774655294341478 ], [ 1.951226435115099, 50.774730631778382 ], [ 1.951286035819157, 50.77479035660204 ], [ 1.951555825427264, 50.774949658704315 ], [ 1.951657974133715, 50.775072553652514 ], [ 1.951731818874062, 50.775127911561441 ], [ 1.951930214343496, 50.775182523133239 ], [ 1.952018283886789, 50.77523441131963 ], [ 1.9519686553048, 50.775306676190702 ], [ 1.951905215393274, 50.775362673116412 ], [ 1.951919840493756, 50.775407661970874 ], [ 1.952082425632454, 50.775415311475797 ], [ 1.952142046950334, 50.775474138670461 ], [ 1.952166332702133, 50.775530873872583 ], [ 1.952306774356796, 50.77558230518116 ], [ 1.952384133204199, 50.775672687489674 ], [ 1.952580771556497, 50.775676136236548 ], [ 1.952643580249905, 50.775717940991591 ], [ 1.952659759733431, 50.775823960190777 ], [ 1.952729725840509, 50.775929534409983 ], [ 1.952966164548265, 50.776195332976059 ], [ 1.953343756886148, 50.776884951964391 ], [ 1.953456072932837, 50.776928069618684 ], [ 1.953533886013891, 50.776996919304061 ], [ 1.953601588217069, 50.777075554412363 ], [ 1.953675063044331, 50.777148854099927 ], [ 1.953857313995291, 50.777202332727704 ] ] ] } },
{ "type": "Feature", "properties": { "fid": 38, "usra_id": 197473, "usra_id_st": "6047_5", "tgh_id": 6047, "usra_index": 5, "toponyme": "rivière la hem", "longueur": 589.63, "zamont": 59.625001907348626, "zaval": 57.456251621246331, "agri3w_v": 3.43, "agri3w": "faible", "agribv_v": 44.05, "agribv": "fort", "alluvial": "oui", "beton": "absence", "canaux": "absence", "carriere": "absence", "chenal_v": null, "chenal": "faible", "conf": "absence", "conso": 1118.734426493035, "consom1": "faible", "consom2": "faible", "curage": "absence", "dobs1_v": 0.39, "dobs1": "fort", "dobs2_v": 2.85, "dobs2": "fort", "eclu": "absence", "etiage": "fort", "haies_v": 5.1592160602602384, "haies": "fort", "imper_v": 7.08, "imper": "faible", "intercep_v": 0.0, "intercepte": "faible", "montagne": "dessous", "navigable": "non", "obsmax1_v": 2.0, "obsmax1": "moyen", "obsmax2_v": 0.91, "obsmax2": "faible", "orp": "absence", "orp_amont": "absence", "orp_autour": "absence", "orp_aval": "absence", "orp_proche": "absence", "pente2c": "faible", "pente3c": "faible", "pistes": "absence", "rang": "petit", "rectitud_v": 66.67, "rectitude": "fort", "ret_us": "autre", "ret_vol1_v": 0.0, "ret_vol1": "faible", "ret_vol2_v": 0.0, "ret_vol2": "faible", "sensisol_v": 21.5469, "sensisol": "moyen", "tcc": "absence", "txamg_v": 29.83, "txamg": "fort", "txetg1_v": 13.91, "txetg1": "moyen", "txetg2_v": 22.81, "txetg2": "moyen", "txetg3_v": 13.83, "txetg3": "moyen", "txetg4_v": null, "txetg4": "faible", "txetg5_v": 6.26, "txetg5": "faible", "veget10_v": 46.891413899328512, "veget10": "moyen", "veget30_v": 24.301154245341134, "veget30": "faible", "veget60_v": 17.413228605478118, "veget60": "tres_faible", "hyd_dyn1": 1.0, "hyd_dyn2": 0.0, "hyd_dyn3": 0.0, "hyd_dyn4": 0.0, "hyd_dyn5": 0.0, "hyd_dyn": 1.0, "hyd_dyn_cl": "tres_faible", "av_hyd_dyn": "-", "hyd_qte1": 1.0, "hyd_qte2": 0.0, "hyd_qte3": 0.0, "hyd_qte4": 0.0, "hyd_qte5": 0.0, "hyd_qte": 1.0, "hyd_qte_cl": "tres_faible", "av_hyd_qte": "-", "hyd_mes1": 0.0, "hyd_mes2": 0.0, "hyd_mes3": 0.57, "hyd_mes4": 0.374, "hyd_mes5": 0.056, "hyd_mes": 3.0, "hyd_mes_cl": "moyen", "av_hyd_mes": "-", "con_amp1": 0.0, "con_amp2": 0.0, "con_amp3": 0.0, "con_amp4": 0.4, "con_amp5": 0.6, "con_amp": 5.0, "con_amp_cl": "tres_fort", "av_con_amp": "-", "con_pro1": 0.0, "con_pro2": 0.0, "con_pro3": 0.5, "con_pro4": 0.5, "con_pro5": 0.0, "con_pro": 4.0, "con_pro_cl": "fort", "av_con_pro": "D", "con_lat1": 0.0, "con_lat2": 0.0, "con_lat3": 0.504, "con_lat4": 0.436, "con_lat5": 0.06, "con_lat": 3.0, "con_lat_cl": "moyen", "av_con_lat": "-", "con_sed1": 1.0, "con_sed2": 0.0, "con_sed3": 0.0, "con_sed4": 0.0, "con_sed5": 0.0, "con_sed": 1.0, "con_sed_cl": "tres_faible", "av_con_sed": "-", "mor_pll1": 0.0, "mor_pll2": 0.0, "mor_pll3": 0.037, "mor_pll4": 0.266, "mor_pll5": 0.697, "mor_pll": 5.0, "mor_pll_cl": "tres_fort", "av_mor_pll": "-", "mor_riv1": 0.0, "mor_riv2": 0.008, "mor_riv3": 0.632, "mor_riv4": 0.28, "mor_riv5": 0.08, "mor_riv": 3.0, "mor_riv_cl": "moyen", "av_mor_riv": "-", "mor_ssl1": 0.0, "mor_ssl2": 0.0, "mor_ssl3": 0.015, "mor_ssl4": 0.187, "mor_ssl5": 0.798, "mor_ssl": 5.0, "mor_ssl_cl": "tres_fort", "av_mor_ssl": "-", "av_aggrave": null, "av_attenue": null, "lbbh": "Artois-Picardie", "cdbh": "01", "Score_100": 33.8, "mor_rip": 3 }, "geometry": { "type": "MultiLineString", "coordinates": [ [ [ 1.953857313995291, 50.777202332727704 ], [ 1.953873393652618, 50.777207051027553 ], [ 1.953934940336277, 50.777241665908122 ], [ 1.954070600094841, 50.777319076925515 ], [ 1.954109563564381, 50.777350810098348 ], [ 1.954176376940452, 50.777404312636556 ], [ 1.954431599305454, 50.777516825123527 ], [ 1.954551002489686, 50.777627299617244 ], [ 1.954713681616969, 50.777834149557329 ], [ 1.954960392376924, 50.778151176348828 ], [ 1.955032784611848, 50.778276510028611 ], [ 1.955081103275707, 50.778402538960208 ], [ 1.955136967924594, 50.778641692263633 ], [ 1.955197214570353, 50.778670911653776 ], [ 1.955231653891114, 50.77871606609191 ], [ 1.955203420359932, 50.778780435556534 ], [ 1.955213542215635, 50.77883794831645 ], [ 1.955295699373901, 50.778902346550346 ], [ 1.955525723415052, 50.779002082731267 ], [ 1.955645364554253, 50.77903359462568 ], [ 1.955767132009357, 50.779031026465702 ], [ 1.95586999883127, 50.779052527081944 ], [ 1.955994402354923, 50.779127149420965 ], [ 1.956107616925051, 50.779195396670708 ], [ 1.956189308155875, 50.779282223091435 ], [ 1.95638092390201, 50.779391506078817 ], [ 1.956607829594466, 50.77964106458635 ], [ 1.956868704598856, 50.779822711662881 ], [ 1.956926030101438, 50.779856392217965 ], [ 1.957170231029634, 50.779955346582383 ], [ 1.957698379072977, 50.780283696080794 ], [ 1.958074755700845, 50.780492328909766 ], [ 1.958310449110657, 50.780660302367629 ], [ 1.958694712261634, 50.780762219617209 ], [ 1.958968302007313, 50.780877567493945 ], [ 1.959076629123432, 50.780908981372605 ], [ 1.959165648840646, 50.7809160065204 ], [ 1.959191792844477, 50.780912551785107 ] ] ] } },
{ "type": "Feature", "properties": { "fid": 39, "usra_id": 197483, "usra_id_st": "6047_6", "tgh_id": 6047, "usra_index": 6, "toponyme": "rivière la hem", "longueur": 589.63, "zamont": 57.456251621246331, "zaval": 55.287501335144029, "agri3w_v": 1.35, "agri3w": "faible", "agribv_v": 44.05, "agribv": "fort", "alluvial": "oui", "beton": "absence", "canaux": "absence", "carriere": "absence", "chenal_v": null, "chenal": "faible", "conf": "absence", "conso": 1118.734426493035, "consom1": "faible", "consom2": "faible", "curage": "absence", "dobs1_v": 0.37, "dobs1": "fort", "dobs2_v": 2.47, "dobs2": "fort", "eclu": "absence", "etiage": "fort", "haies_v": 5.1592160602602384, "haies": "fort", "imper_v": 7.08, "imper": "faible", "intercep_v": 15.0, "intercepte": "moyen", "montagne": "dessous", "navigable": "non", "obsmax1_v": 2.0, "obsmax1": "moyen", "obsmax2_v": 0.91, "obsmax2": "faible", "orp": "absence", "orp_amont": "absence", "orp_autour": "absence", "orp_aval": "absence", "orp_proche": "absence", "pente2c": "faible", "pente3c": "faible", "pistes": "absence", "rang": "petit", "rectitud_v": 33.33, "rectitude": "moyen", "ret_us": "autre", "ret_vol1_v": 0.0, "ret_vol1": "faible", "ret_vol2_v": 0.0, "ret_vol2": "faible", "sensisol_v": 21.5469, "sensisol": "moyen", "tcc": "absence", "txamg_v": 0.0, "txamg": "faible", "txetg1_v": 13.91, "txetg1": "moyen", "txetg2_v": 30.55, "txetg2": "fort", "txetg3_v": 38.61, "txetg3": "fort", "txetg4_v": null, "txetg4": "faible", "txetg5_v": 11.48, "txetg5": "moyen", "veget10_v": 37.215067100098736, "veget10": "faible", "veget30_v": 21.774616958766888, "veget30": "faible", "veget60_v": 13.72299610489458, "veget60": "tres_faible", "hyd_dyn1": 1.0, "hyd_dyn2": 0.0, "hyd_dyn3": 0.0, "hyd_dyn4": 0.0, "hyd_dyn5": 0.0, "hyd_dyn": 1.0, "hyd_dyn_cl": "tres_faible", "av_hyd_dyn": "-", "hyd_qte1": 1.0, "hyd_qte2": 0.0, "hyd_qte3": 0.0, "hyd_qte4": 0.0, "hyd_qte5": 0.0, "hyd_qte": 1.0, "hyd_qte_cl": "tres_faible", "av_hyd_qte": "-", "hyd_mes1": 0.0, "hyd_mes2": 0.0, "hyd_mes3": 0.408, "hyd_mes4": 0.5, "hyd_mes5": 0.092, "hyd_mes": 4.0, "hyd_mes_cl": "fort", "av_hyd_mes": "-", "con_amp1": 0.0, "con_amp2": 0.0, "con_amp3": 0.0, "con_amp4": 0.4, "con_amp5": 0.6, "con_amp": 5.0, "con_amp_cl": "tres_fort", "av_con_amp": "-", "con_pro1": 0.0, "con_pro2": 0.0, "con_pro3": 0.0, "con_pro4": 0.3, "con_pro5": 0.7, "con_pro": 5.0, "con_pro_cl": "tres_fort", "av_con_pro": "-", "con_lat1": 0.0, "con_lat2": 0.0, "con_lat3": 0.5, "con_lat4": 0.5, "con_lat5": 0.0, "con_lat": 4.0, "con_lat_cl": "fort", "av_con_lat": "D", "con_sed1": 0.0, "con_sed2": 0.0, "con_sed3": 0.4, "con_sed4": 0.6, "con_sed5": 0.0, "con_sed": 4.0, "con_sed_cl": "fort", "av_con_sed": "-", "mor_pll1": 0.0, "mor_pll2": 0.0, "mor_pll3": 0.098, "mor_pll4": 0.428, "mor_pll5": 0.475, "mor_pll": 5.0, "mor_pll_cl": "tres_fort", "av_mor_pll": "D", "mor_riv1": 0.0, "mor_riv2": 0.072, "mor_riv3": 0.468, "mor_riv4": 0.38, "mor_riv5": 0.08, "mor_riv": 3.0, "mor_riv_cl": "moyen", "av_mor_riv": "-", "mor_ssl1": 0.0, "mor_ssl2": 0.0, "mor_ssl3": 0.005, "mor_ssl4": 0.09, "mor_ssl5": 0.905, "mor_ssl": 5.0, "mor_ssl_cl": "tres_fort", "av_mor_ssl": "-", "av_aggrave": null, "av_attenue": null, "lbbh": "Artois-Picardie", "cdbh": "01", "Score_100": 31.9, "mor_rip": 4 }, "geometry": { "type": "MultiLineString", "coordinates": [ [ [ 1.959191792844477, 50.780912551785107 ], [ 1.959255060279986, 50.780904191440172 ], [ 1.959300046967702, 50.780850728974166 ], [ 1.959321424808029, 50.7807755338508 ], [ 1.959595788649664, 50.780581315976029 ], [ 1.959696725072402, 50.780559726480767 ], [ 1.959895672693937, 50.780589204677625 ], [ 1.959961232138952, 50.780567319511192 ], [ 1.960000892974633, 50.780497660770919 ], [ 1.96007708871335, 50.780236283342113 ], [ 1.96014277806939, 50.780208118006001 ], [ 1.960238126638768, 50.780251087540798 ], [ 1.960347140599231, 50.78038569640929 ], [ 1.960512814741989, 50.780449890834376 ], [ 1.960575654676406, 50.780490794133158 ], [ 1.96090828962127, 50.780557278683347 ], [ 1.961027770281826, 50.780596859694754 ], [ 1.961225080553646, 50.780705285079513 ], [ 1.961331881943641, 50.780742068109213 ], [ 1.961606184122023, 50.780755123163274 ], [ 1.961669695254221, 50.780763728447234 ], [ 1.961735980746622, 50.78077504874679 ], [ 1.961869352926417, 50.78082730702512 ], [ 1.96210282571048, 50.780966540797621 ], [ 1.96215812568018, 50.780961617806 ], [ 1.962307399519228, 50.780997856597608 ], [ 1.962426767095907, 50.780906428604489 ], [ 1.962493703745557, 50.780886348207318 ], [ 1.962692898187145, 50.780972354230656 ], [ 1.962849380409091, 50.78107056651023 ], [ 1.962942293073796, 50.781094670179101 ], [ 1.963285621183218, 50.781123550463882 ], [ 1.963465820752815, 50.781101720410824 ], [ 1.963875643747429, 50.78120024499588 ], [ 1.964343932770788, 50.781277719077721 ], [ 1.964581501841597, 50.781287770154378 ], [ 1.964709811716238, 50.781311269461476 ], [ 1.965083890425603, 50.781427438966105 ], [ 1.965239959432641, 50.781408995052452 ], [ 1.965365717870357, 50.781419012901651 ], [ 1.965666992114741, 50.781496888974679 ], [ 1.965778210587033, 50.781525629047366 ], [ 1.965848613587146, 50.781543262454178 ], [ 1.966018649064133, 50.781568462733915 ] ] ] } },
{ "type": "Feature", "properties": { "fid": 40, "usra_id": 197485, "usra_id_st": "6047_7", "tgh_id": 6047, "usra_index": 7, "toponyme": "rivière la hem", "longueur": 589.63, "zamont": 55.287501335144029, "zaval": 53.118751049041755, "agri3w_v": 0.0, "agri3w": "faible", "agribv_v": 44.05, "agribv": "fort", "alluvial": "oui", "beton": "absence", "canaux": "absence", "carriere": "absence", "chenal_v": null, "chenal": "faible", "conf": "absence", "conso": 1118.734426493035, "consom1": "faible", "consom2": "faible", "curage": "absence", "dobs1_v": 0.35, "dobs1": "fort", "dobs2_v": 2.02, "dobs2": "fort", "eclu": "absence", "etiage": "fort", "haies_v": 5.1592160602602384, "haies": "fort", "imper_v": 7.08, "imper": "faible", "intercep_v": 15.0, "intercepte": "moyen", "montagne": "dessous", "navigable": "non", "obsmax1_v": 2.0, "obsmax1": "moyen", "obsmax2_v": 0.91, "obsmax2": "faible", "orp": "absence", "orp_amont": "absence", "orp_autour": "absence", "orp_aval": "absence", "orp_proche": "absence", "pente2c": "faible", "pente3c": "faible", "pistes": "absence", "rang": "petit", "rectitud_v": 0.0, "rectitude": "faible", "ret_us": "autre", "ret_vol1_v": 0.0, "ret_vol1": "faible", "ret_vol2_v": 0.0, "ret_vol2": "faible", "sensisol_v": 21.5469, "sensisol": "moyen", "tcc": "absence", "txamg_v": 41.54, "txamg": "fort", "txetg1_v": 12.94, "txetg1": "moyen", "txetg2_v": 28.35, "txetg2": "moyen", "txetg3_v": 14.87, "txetg3": "moyen", "txetg4_v": null, "txetg4": "faible", "txetg5_v": 11.27, "txetg5": "moyen", "veget10_v": 70.584016943941151, "veget10": "moyen", "veget30_v": 50.890752771861301, "veget30": "moyen", "veget60_v": 34.99618582564564, "veget60": "faible", "hyd_dyn1": 1.0, "hyd_dyn2": 0.0, "hyd_dyn3": 0.0, "hyd_dyn4": 0.0, "hyd_dyn5": 0.0, "hyd_dyn": 1.0, "hyd_dyn_cl": "tres_faible", "av_hyd_dyn": "-", "hyd_qte1": 1.0, "hyd_qte2": 0.0, "hyd_qte3": 0.0, "hyd_qte4": 0.0, "hyd_qte5": 0.0, "hyd_qte": 1.0, "hyd_qte_cl": "tres_faible", "av_hyd_qte": "-", "hyd_mes1": 0.0, "hyd_mes2": 0.0, "hyd_mes3": 0.408, "hyd_mes4": 0.5, "hyd_mes5": 0.092, "hyd_mes": 4.0, "hyd_mes_cl": "fort", "av_hyd_mes": "-", "con_amp1": 0.0, "con_amp2": 0.0, "con_amp3": 0.0, "con_amp4": 0.4, "con_amp5": 0.6, "con_amp": 5.0, "con_amp_cl": "tres_fort", "av_con_amp": "-", "con_pro1": 0.0, "con_pro2": 0.0, "con_pro3": 0.5, "con_pro4": 0.5, "con_pro5": 0.0, "con_pro": 4.0, "con_pro_cl": "fort", "av_con_pro": "D", "con_lat1": 0.0, "con_lat2": 0.0, "con_lat3": 0.36, "con_lat4": 0.54, "con_lat5": 0.1, "con_lat": 4.0, "con_lat_cl": "fort", "av_con_lat": "-", "con_sed1": 0.0, "con_sed2": 0.0, "con_sed3": 0.4, "con_sed4": 0.6, "con_sed5": 0.0, "con_sed": 4.0, "con_sed_cl": "fort", "av_con_sed": "-", "mor_pll1": 0.0, "mor_pll2": 0.0, "mor_pll3": 0.125, "mor_pll4": 0.438, "mor_pll5": 0.438, "mor_pll": 5.0, "mor_pll_cl": "tres_fort", "av_mor_pll": "D", "mor_riv1": 0.056, "mor_riv2": 0.074, "mor_riv3": 0.726, "mor_riv4": 0.144, "mor_riv5": 0.0, "mor_riv": 3.0, "mor_riv_cl": "moyen", "av_mor_riv": "-", "mor_ssl1": 0.0, "mor_ssl2": 0.0, "mor_ssl3": 0.026, "mor_ssl4": 0.299, "mor_ssl5": 0.675, "mor_ssl": 5.0, "mor_ssl_cl": "tres_fort", "av_mor_ssl": "-", "av_aggrave": null, "av_attenue": null, "lbbh": "Artois-Picardie", "cdbh": "01", "Score_100": 39.9, "mor_rip": 3 }, "geometry": { "type": "MultiLineString", "coordinates": [ [ [ 1.966018649064133, 50.781568462733915 ], [ 1.966060267617981, 50.781574630814369 ], [ 1.966559910667777, 50.781573393959476 ], [ 1.966617855872952, 50.781577463985649 ], [ 1.966715405503767, 50.781582759878233 ], [ 1.966863658226913, 50.781600141266416 ], [ 1.967247234248175, 50.781667928514736 ], [ 1.967508057138086, 50.78178584331318 ], [ 1.967646367341947, 50.781942223449143 ], [ 1.967755284809515, 50.782014013228775 ], [ 1.967822747962575, 50.782037004951519 ], [ 1.967913056548202, 50.782050315615884 ], [ 1.968177628213717, 50.782055199728276 ], [ 1.968425912580359, 50.782094943215 ], [ 1.968553967523794, 50.782130998638408 ], [ 1.968678878183082, 50.78218228204782 ], [ 1.968900231446069, 50.782292688519348 ], [ 1.969004488779418, 50.78231598419611 ], [ 1.969395647543586, 50.782359600272741 ], [ 1.969663887144957, 50.782461420281379 ], [ 1.969751606765408, 50.782463043238558 ], [ 1.969958000653231, 50.782406425686638 ], [ 1.970061286605509, 50.78240817716582 ], [ 1.970186402526576, 50.78244959038966 ], [ 1.970211579566501, 50.782464155410572 ], [ 1.970372529591793, 50.782552524465977 ], [ 1.970659582501114, 50.782772044417655 ], [ 1.970875590629674, 50.782936241170852 ], [ 1.970904916267297, 50.783024419078991 ], [ 1.97086475214365, 50.783119201205913 ], [ 1.970924921137488, 50.783152898534581 ], [ 1.971112472263058, 50.78318675090155 ], [ 1.971181224614833, 50.783216032499723 ], [ 1.971332931937985, 50.783341113189103 ], [ 1.971624380288703, 50.783347109190167 ], [ 1.971738473463986, 50.783374072930584 ], [ 1.971853631799459, 50.783418094081249 ], [ 1.971943335897539, 50.783461007715346 ], [ 1.972062755056151, 50.783573258713631 ], [ 1.972105243370232, 50.783640906947475 ], [ 1.972210953752588, 50.783731509409712 ], [ 1.972352943203707, 50.783847535525375 ], [ 1.972424343357475, 50.783885811246471 ], [ 1.972673604218541, 50.783950304279259 ] ] ] } },
{ "type": "Feature", "properties": { "fid": 41, "usra_id": 197491, "usra_id_st": "6047_8", "tgh_id": 6047, "usra_index": 8, "toponyme": "rivière la hem", "longueur": 589.63, "zamont": 53.118751049041755, "zaval": 50.950000762939453, "agri3w_v": 0.0, "agri3w": "faible", "agribv_v": 44.05, "agribv": "fort", "alluvial": "oui", "beton": "absence", "canaux": "absence", "carriere": "absence", "chenal_v": null, "chenal": "faible", "conf": "absence", "conso": 1118.734426493035, "consom1": "faible", "consom2": "faible", "curage": "absence", "dobs1_v": 0.33, "dobs1": "fort", "dobs2_v": 2.72, "dobs2": "fort", "eclu": "absence", "etiage": "fort", "haies_v": 5.1592160602602384, "haies": "fort", "imper_v": 7.08, "imper": "faible", "intercep_v": 15.0, "intercepte": "moyen", "montagne": "dessous", "navigable": "non", "obsmax1_v": 2.0, "obsmax1": "moyen", "obsmax2_v": 0.91, "obsmax2": "faible", "orp": "absence", "orp_amont": "absence", "orp_autour": "absence", "orp_aval": "absence", "orp_proche": "absence", "pente2c": "faible", "pente3c": "faible", "pistes": "absence", "rang": "petit", "rectitud_v": 33.33, "rectitude": "moyen", "ret_us": "autre", "ret_vol1_v": 0.0, "ret_vol1": "faible", "ret_vol2_v": 0.0, "ret_vol2": "faible", "sensisol_v": 21.5469, "sensisol": "moyen", "tcc": "absence", "txamg_v": 0.0, "txamg": "faible", "txetg1_v": 12.86, "txetg1": "moyen", "txetg2_v": 26.23, "txetg2": "moyen", "txetg3_v": null, "txetg3": "faible", "txetg4_v": null, "txetg4": "faible", "txetg5_v": 11.07, "txetg5": "moyen", "veget10_v": 26.77489851006121, "veget10": "faible", "veget30_v": 14.124461212004572, "veget30": "tres_faible", "veget60_v": 11.575520111997193, "veget60": "tres_faible", "hyd_dyn1": 1.0, "hyd_dyn2": 0.0, "hyd_dyn3": 0.0, "hyd_dyn4": 0.0, "hyd_dyn5": 0.0, "hyd_dyn": 1.0, "hyd_dyn_cl": "tres_faible", "av_hyd_dyn": "-", "hyd_qte1": 1.0, "hyd_qte2": 0.0, "hyd_qte3": 0.0, "hyd_qte4": 0.0, "hyd_qte5": 0.0, "hyd_qte": 1.0, "hyd_qte_cl": "tres_faible", "av_hyd_qte": "-", "hyd_mes1": 0.0, "hyd_mes2": 0.0, "hyd_mes3": 0.408, "hyd_mes4": 0.5, "hyd_mes5": 0.092, "hyd_mes": 4.0, "hyd_mes_cl": "fort", "av_hyd_mes": "-", "con_amp1": 0.0, "con_amp2": 0.0, "con_amp3": 0.0, "con_amp4": 0.4, "con_amp5": 0.6, "con_amp": 5.0, "con_amp_cl": "tres_fort", "av_con_amp": "-", "con_pro1": 0.0, "con_pro2": 0.0, "con_pro3": 0.5, "con_pro4": 0.5, "con_pro5": 0.0, "con_pro": 4.0, "con_pro_cl": "fort", "av_con_pro": "D", "con_lat1": 0.0, "con_lat2": 0.0, "con_lat3": 0.5, "con_lat4": 0.5, "con_lat5": 0.0, "con_lat": 4.0, "con_lat_cl": "fort", "av_con_lat": "D", "con_sed1": 0.0, "con_sed2": 0.0, "con_sed3": 0.4, "con_sed4": 0.6, "con_sed5": 0.0, "con_sed": 4.0, "con_sed_cl": "fort", "av_con_sed": "-", "mor_pll1": 0.0, "mor_pll2": 0.0, "mor_pll3": 0.412, "mor_pll4": 0.526, "mor_pll5": 0.062, "mor_pll": 4.0, "mor_pll_cl": "fort", "av_mor_pll": "-", "mor_riv1": 0.0, "mor_riv2": 0.048, "mor_riv3": 0.312, "mor_riv4": 0.52, "mor_riv5": 0.12, "mor_riv": 4.0, "mor_riv_cl": "fort", "av_mor_riv": "-", "mor_ssl1": 0.0, "mor_ssl2": 0.0, "mor_ssl3": 0.04, "mor_ssl4": 0.36, "mor_ssl5": 0.6, "mor_ssl": 5.0, "mor_ssl_cl": "tres_fort", "av_mor_ssl": "-", "av_aggrave": null, "av_attenue": null, "lbbh": "Artois-Picardie", "cdbh": "01", "Score_100": 30.3, "mor_rip": 4 }, "geometry": { "type": "MultiLineString", "coordinates": [ [ [ 1.972673604218541, 50.783950304279259 ], [ 1.97270733823317, 50.783959032468864 ], [ 1.972772562607235, 50.784022381450342 ], [ 1.972839991562096, 50.784116256777068 ], [ 1.97291787929199, 50.784183299298071 ], [ 1.973100819947567, 50.784304148646591 ], [ 1.973225575059251, 50.784363501658362 ], [ 1.973322633980066, 50.784393015349941 ], [ 1.973380306993024, 50.784410539432422 ], [ 1.973676778734004, 50.784447977459244 ], [ 1.974120190882027, 50.784567382101748 ], [ 1.974293101177703, 50.78462533603291 ], [ 1.974332101535964, 50.784656165376575 ], [ 1.974366801210638, 50.784689651189183 ], [ 1.974415119809318, 50.78474927080498 ], [ 1.974464853720967, 50.784808902049072 ], [ 1.974791618357653, 50.785026046542747 ], [ 1.975117869972348, 50.785130126271078 ], [ 1.975197453061248, 50.785183721700108 ], [ 1.97531171968644, 50.785340791706815 ], [ 1.975240557721794, 50.785567222626867 ], [ 1.975260573784679, 50.785626608958694 ], [ 1.975344735133376, 50.785733182470103 ], [ 1.975361865838299, 50.785795236924812 ], [ 1.975410443792823, 50.785842296005399 ], [ 1.975730744150367, 50.785822497961952 ], [ 1.975821999609243, 50.785859140258736 ], [ 1.975903091619134, 50.785908261082795 ], [ 1.975979000079314, 50.785934009506242 ], [ 1.976119291374146, 50.785926189854123 ], [ 1.976334904148119, 50.785972826931761 ], [ 1.976409140842764, 50.786011123506803 ], [ 1.976406771580305, 50.786057763479882 ], [ 1.976333842395725, 50.78609395330141 ], [ 1.97614767590507, 50.786130109609253 ], [ 1.976112939464695, 50.786167510537531 ], [ 1.97613446379943, 50.786222422578625 ], [ 1.976211476138559, 50.78626343396143 ], [ 1.976336955397599, 50.786287794992354 ], [ 1.976553450454685, 50.786291368666184 ], [ 1.976642115342154, 50.78631632418243 ], [ 1.976699168118386, 50.786364349634759 ], [ 1.976897617014401, 50.786419817638638 ], [ 1.976971671434763, 50.78646708530939 ], [ 1.976965096913245, 50.786580987932659 ], [ 1.976993936984876, 50.786624295019209 ], [ 1.977123773285535, 50.786643307242358 ], [ 1.977282262997659, 50.786645505977006 ], [ 1.977403497982103, 50.786669831057992 ], [ 1.977641873384226, 50.78678036066475 ], [ 1.977777059873589, 50.786814670138504 ], [ 1.978000084035583, 50.786845213728903 ], [ 1.978006488364635, 50.786847327928577 ] ] ] } },
{ "type": "Feature", "properties": { "fid": 42, "usra_id": 197498, "usra_id_st": "6047_9", "tgh_id": 6047, "usra_index": 9, "toponyme": "rivière la hem", "longueur": 589.63, "zamont": 50.950000762939453, "zaval": 48.781250476837158, "agri3w_v": 8.33, "agri3w": "faible", "agribv_v": 44.05, "agribv": "fort", "alluvial": "oui", "beton": "absence", "canaux": "absence", "carriere": "absence", "chenal_v": null, "chenal": "faible", "conf": "absence", "conso": 1118.734426493035, "consom1": "faible", "consom2": "faible", "curage": "absence", "dobs1_v": 0.34, "dobs1": "fort", "dobs2_v": 3.28, "dobs2": "fort", "eclu": "absence", "etiage": "fort", "haies_v": 5.1592160602602384, "haies": "fort", "imper_v": 7.08, "imper": "faible", "intercep_v": 8.0, "intercepte": "faible", "montagne": "dessous", "navigable": "non", "obsmax1_v": 2.0, "obsmax1": "moyen", "obsmax2_v": 0.91, "obsmax2": "faible", "orp": "absence", "orp_amont": "absence", "orp_autour": "absence", "orp_aval": "absence", "orp_proche": "absence", "pente2c": "faible", "pente3c": "faible", "pistes": "absence", "rang": "petit", "rectitud_v": 0.0, "rectitude": "faible", "ret_us": "autre", "ret_vol1_v": 0.0, "ret_vol1": "faible", "ret_vol2_v": 0.0, "ret_vol2": "faible", "sensisol_v": 21.5469, "sensisol": "moyen", "tcc": "absence", "txamg_v": 5.7, "txamg": "faible", "txetg1_v": 13.41, "txetg1": "moyen", "txetg2_v": 16.09, "txetg2": "moyen", "txetg3_v": null, "txetg3": "faible", "txetg4_v": null, "txetg4": "faible", "txetg5_v": 8.15, "txetg5": "faible", "veget10_v": 42.791529595771266, "veget10": "moyen", "veget30_v": 21.513412188124956, "veget30": "faible", "veget60_v": 13.722133239682108, "veget60": "tres_faible", "hyd_dyn1": 1.0, "hyd_dyn2": 0.0, "hyd_dyn3": 0.0, "hyd_dyn4": 0.0, "hyd_dyn5": 0.0, "hyd_dyn": 1.0, "hyd_dyn_cl": "tres_faible", "av_hyd_dyn": "-", "hyd_qte1": 1.0, "hyd_qte2": 0.0, "hyd_qte3": 0.0, "hyd_qte4": 0.0, "hyd_qte5": 0.0, "hyd_qte": 1.0, "hyd_qte_cl": "tres_faible", "av_hyd_qte": "-", "hyd_mes1": 0.0, "hyd_mes2": 0.15, "hyd_mes3": 0.85, "hyd_mes4": 0.0, "hyd_mes5": 0.0, "hyd_mes": 3.0, "hyd_mes_cl": "moyen", "av_hyd_mes": "-", "con_amp1": 0.0, "con_amp2": 0.0, "con_amp3": 0.0, "con_amp4": 0.4, "con_amp5": 0.6, "con_amp": 5.0, "con_amp_cl": "tres_fort", "av_con_amp": "-", "con_pro1": 0.0, "con_pro2": 0.0, "con_pro3": 0.5, "con_pro4": 0.5, "con_pro5": 0.0, "con_pro": 4.0, "con_pro_cl": "fort", "av_con_pro": "D", "con_lat1": 1.0, "con_lat2": 0.0, "con_lat3": 0.0, "con_lat4": 0.0, "con_lat5": 0.0, "con_lat": 1.0, "con_lat_cl": "tres_faible", "av_con_lat": "-", "con_sed1": 1.0, "con_sed2": 0.0, "con_sed3": 0.0, "con_sed4": 0.0, "con_sed5": 0.0, "con_sed": 1.0, "con_sed_cl": "tres_faible", "av_con_sed": "-", "mor_pll1": 1.0, "mor_pll2": 0.0, "mor_pll3": 0.0, "mor_pll4": 0.0, "mor_pll5": 0.0, "mor_pll": 1.0, "mor_pll_cl": "tres_faible", "av_mor_pll": "-", "mor_riv1": 0.0, "mor_riv2": 0.2, "mor_riv3": 0.8, "mor_riv4": 0.0, "mor_riv5": 0.0, "mor_riv": 3.0, "mor_riv_cl": "moyen", "av_mor_riv": "-", "mor_ssl1": 0.0, "mor_ssl2": 0.0, "mor_ssl3": 0.15, "mor_ssl4": 0.85, "mor_ssl5": 0.0, "mor_ssl": 4.0, "mor_ssl_cl": "fort", "av_mor_ssl": "-", "av_aggrave": null, "av_attenue": null, "lbbh": "Artois-Picardie", "cdbh": "01", "Score_100": 22.1, "mor_rip": 3 }, "geometry": { "type": "MultiLineString", "coordinates": [ [ [ 1.978006488364635, 50.786847327928577 ], [ 1.978158964006269, 50.786897663096838 ], [ 1.978256323772282, 50.78691281850552 ], [ 1.978314660679185, 50.786898043005522 ], [ 1.978425050791874, 50.786898948434988 ], [ 1.978655316779682, 50.786921474577625 ], [ 1.978883307489135, 50.786986154521152 ], [ 1.979033813221004, 50.787102242057252 ], [ 1.979123603270713, 50.787141561698355 ], [ 1.979213722804834, 50.787164732661054 ], [ 1.979314316432809, 50.787160173241816 ], [ 1.979409596554313, 50.787138521598791 ], [ 1.979495799670896, 50.787145508956392 ], [ 1.979567088853173, 50.787259152169561 ], [ 1.979625414463945, 50.787314364966377 ], [ 1.979604302102384, 50.787377899939095 ], [ 1.979494363509126, 50.787493647564105 ], [ 1.979511536544287, 50.787553906992088 ], [ 1.979560101816088, 50.787601861472474 ], [ 1.979655572581168, 50.78764032993363 ], [ 1.97974718168922, 50.787659923508294 ], [ 1.979815535699281, 50.787639845601667 ], [ 1.979853569083347, 50.78751004941806 ], [ 1.979908720891175, 50.78744320401519 ], [ 1.979989128046732, 50.787387332936397 ], [ 1.980063142673498, 50.787367301244068 ], [ 1.980149455956221, 50.787368905277305 ], [ 1.980223679360986, 50.787408096642196 ], [ 1.980260118740394, 50.787495432535266 ], [ 1.980252666361785, 50.787583306371786 ], [ 1.980099001358461, 50.787691518143767 ], [ 1.980055281483484, 50.787753073450929 ], [ 1.980059937108914, 50.787802462746725 ], [ 1.980092733915644, 50.78786015810978 ], [ 1.98015846628505, 50.787899279952974 ], [ 1.980274483229476, 50.787902024381303 ], [ 1.980356844006894, 50.787889239202421 ], [ 1.980421884276164, 50.787823371853342 ], [ 1.98050016540597, 50.787663396959985 ], [ 1.980554969332927, 50.787613597035367 ], [ 1.980649665100359, 50.787620653088482 ], [ 1.980727988950771, 50.787667056041094 ], [ 1.98082239154223, 50.78782754683504 ], [ 1.980880107672366, 50.787843273064233 ], [ 1.98096654966178, 50.787838596519322 ], [ 1.981164114285759, 50.787938017672403 ], [ 1.981626367069173, 50.788107797094455 ], [ 1.982111379795092, 50.788411457378935 ], [ 1.982226861302561, 50.788510205931608 ], [ 1.982263706319044, 50.78857780393286 ], [ 1.982253444922268, 50.788664757472674 ], [ 1.982202066491266, 50.788754964209872 ], [ 1.982125467661066, 50.788832402734364 ], [ 1.981969045231464, 50.788937004903687 ], [ 1.982007360274521, 50.789001923074906 ], [ 1.982113983329899, 50.789074993856147 ] ] ] } },
{ "type": "Feature", "properties": { "fid": 43, "usra_id": 197503, "usra_id_st": "6047_10", "tgh_id": 6047, "usra_index": 10, "toponyme": "rivière la hem", "longueur": 589.63, "zamont": 48.781250476837158, "zaval": 46.612500190734863, "agri3w_v": 14.28, "agri3w": "faible", "agribv_v": 44.05, "agribv": "fort", "alluvial": "oui", "beton": "absence", "canaux": "absence", "carriere": "absence", "chenal_v": null, "chenal": "faible", "conf": "absence", "conso": 1118.734426493035, "consom1": "faible", "consom2": "faible", "curage": "absence", "dobs1_v": 0.34, "dobs1": "fort", "dobs2_v": 2.64, "dobs2": "fort", "eclu": "absence", "etiage": "fort", "haies_v": 5.1592160602602384, "haies": "fort", "imper_v": 7.08, "imper": "faible", "intercep_v": 8.0, "intercepte": "faible", "montagne": "dessous", "navigable": "non", "obsmax1_v": 2.0, "obsmax1": "moyen", "obsmax2_v": 0.91, "obsmax2": "faible", "orp": "absence", "orp_amont": "absence", "orp_autour": "absence", "orp_aval": "absence", "orp_proche": "absence", "pente2c": "faible", "pente3c": "faible", "pistes": "absence", "rang": "petit", "rectitud_v": 0.0, "rectitude": "faible", "ret_us": "autre", "ret_vol1_v": 0.0, "ret_vol1": "faible", "ret_vol2_v": 0.0, "ret_vol2": "faible", "sensisol_v": 21.5469, "sensisol": "moyen", "tcc": "absence", "txamg_v": 0.0, "txamg": "faible", "txetg1_v": 14.0, "txetg1": "moyen", "txetg2_v": 11.07, "txetg2": "moyen", "txetg3_v": null, "txetg3": "faible", "txetg4_v": null, "txetg4": "faible", "txetg5_v": 8.08, "txetg5": "faible", "veget10_v": 71.412346717286923, "veget10": "moyen", "veget30_v": 44.8656195769194, "veget30": "moyen", "veget60_v": 26.717613133146529, "veget60": "faible", "hyd_dyn1": 1.0, "hyd_dyn2": 0.0, "hyd_dyn3": 0.0, "hyd_dyn4": 0.0, "hyd_dyn5": 0.0, "hyd_dyn": 1.0, "hyd_dyn_cl": "tres_faible", "av_hyd_dyn": "-", "hyd_qte1": 1.0, "hyd_qte2": 0.0, "hyd_qte3": 0.0, "hyd_qte4": 0.0, "hyd_qte5": 0.0, "hyd_qte": 1.0, "hyd_qte_cl": "tres_faible", "av_hyd_qte": "-", "hyd_mes1": 0.0, "hyd_mes2": 0.15, "hyd_mes3": 0.85, "hyd_mes4": 0.0, "hyd_mes5": 0.0, "hyd_mes": 3.0, "hyd_mes_cl": "moyen", "av_hyd_mes": "-", "con_amp1": 0.0, "con_amp2": 0.0, "con_amp3": 0.0, "con_amp4": 0.4, "con_amp5": 0.6, "con_amp": 5.0, "con_amp_cl": "tres_fort", "av_con_amp": "-", "con_pro1": 0.0, "con_pro2": 0.0, "con_pro3": 0.5, "con_pro4": 0.5, "con_pro5": 0.0, "con_pro": 4.0, "con_pro_cl": "fort", "av_con_pro": "D", "con_lat1": 1.0, "con_lat2": 0.0, "con_lat3": 0.0, "con_lat4": 0.0, "con_lat5": 0.0, "con_lat": 1.0, "con_lat_cl": "tres_faible", "av_con_lat": "-", "con_sed1": 1.0, "con_sed2": 0.0, "con_sed3": 0.0, "con_sed4": 0.0, "con_sed5": 0.0, "con_sed": 1.0, "con_sed_cl": "tres_faible", "av_con_sed": "-", "mor_pll1": 1.0, "mor_pll2": 0.0, "mor_pll3": 0.0, "mor_pll4": 0.0, "mor_pll5": 0.0, "mor_pll": 1.0, "mor_pll_cl": "tres_faible", "av_mor_pll": "-", "mor_riv1": 0.2, "mor_riv2": 0.16, "mor_riv3": 0.64, "mor_riv4": 0.0, "mor_riv5": 0.0, "mor_riv": 3.0, "mor_riv_cl": "moyen", "av_mor_riv": "-", "mor_ssl1": 0.0, "mor_ssl2": 0.0, "mor_ssl3": 0.15, "mor_ssl4": 0.85, "mor_ssl5": 0.0, "mor_ssl": 4.0, "mor_ssl_cl": "fort", "av_mor_ssl": "-", "av_aggrave": null, "av_attenue": null, "lbbh": "Artois-Picardie", "cdbh": "01", "Score_100": 22.2, "mor_rip": 3 }, "geometry": { "type": "MultiLineString", "coordinates": [ [ [ 1.982113983329899, 50.789074993856147 ], [ 1.982163723045997, 50.789109081310258 ], [ 1.982143783494845, 50.789254279655708 ], [ 1.982190609214803, 50.789318369987129 ], [ 1.982245496838664, 50.789334072418633 ], [ 1.982395831660235, 50.789320046687571 ], [ 1.982458671483827, 50.789292743991183 ], [ 1.982530860386764, 50.789223344918859 ], [ 1.982582249764459, 50.78920222966903 ], [ 1.982739058978568, 50.789217867033564 ], [ 1.982785381780525, 50.789237088450029 ], [ 1.982798933330254, 50.789266809738592 ], [ 1.982685784373724, 50.789401376724534 ], [ 1.982703308373285, 50.78944458983014 ], [ 1.982762132310898, 50.789475578128773 ], [ 1.982923079046977, 50.789496632783909 ], [ 1.983346409244533, 50.789492910256421 ], [ 1.983430946523329, 50.789512443308908 ], [ 1.983615972548858, 50.789532796281691 ], [ 1.983783400876408, 50.789513524605177 ], [ 1.983886051629887, 50.789477573067131 ], [ 1.983890334053794, 50.789475813417909 ], [ 1.983964878370676, 50.789429762334358 ], [ 1.984156093696782, 50.789424143547784 ], [ 1.984212197095355, 50.789449725221999 ], [ 1.984256449882817, 50.789501231677917 ], [ 1.984257969623758, 50.789565849025792 ], [ 1.984311674754565, 50.78963986480165 ], [ 1.984356528596965, 50.789661765508178 ], [ 1.984503614469586, 50.789668348436102 ], [ 1.984687230404767, 50.789618699625187 ], [ 1.984769065132895, 50.789631928695783 ], [ 1.984861899054296, 50.789591409899664 ], [ 1.984918712625049, 50.789582002688675 ], [ 1.984979299125447, 50.78959595575845 ], [ 1.98503226317587, 50.789636765414087 ], [ 1.98503599977139, 50.789661920001905 ], [ 1.985054828350192, 50.789780515786092 ], [ 1.985129273856182, 50.789878927004864 ], [ 1.985214736689349, 50.78992269320559 ], [ 1.985259591180349, 50.789944593577509 ], [ 1.985390345338667, 50.789988728596711 ], [ 1.985574558641917, 50.789979461427649 ], [ 1.985674214734538, 50.789951559669191 ], [ 1.985773437105915, 50.789875200621807 ], [ 1.985810456863135, 50.789794745899087 ], [ 1.985902747442226, 50.789711151972355 ], [ 1.985947041028458, 50.789690874880414 ], [ 1.986002384641591, 50.789684147082532 ], [ 1.98609115112221, 50.789704610030434 ], [ 1.986231267608477, 50.78977573910084 ], [ 1.986359024174838, 50.78996790160609 ], [ 1.986408179755169, 50.789987144687785 ], [ 1.986532712131053, 50.789989055236255 ], [ 1.986715166171802, 50.789926831952201 ], [ 1.986801067638035, 50.789879077023365 ], [ 1.986814532198795, 50.789843294932659 ], [ 1.986801161006087, 50.789734614044384 ], [ 1.986816095351425, 50.789696152029649 ], [ 1.986859082180384, 50.789670480244325 ], [ 1.986997676377196, 50.789676991157613 ], [ 1.987153998260826, 50.789716845807334 ], [ 1.98721494863494, 50.789712854932041 ], [ 1.987356047445229, 50.789665548386189 ], [ 1.987525216792253, 50.789630134618413 ], [ 1.987573810103102, 50.789607200028613 ], [ 1.987639550721009, 50.789576329165605 ], [ 1.987717811528075, 50.789556327500115 ], [ 1.987903836609481, 50.789545284436045 ] ] ] } },
{ "type": "Feature", "properties": { "fid": 44, "usra_id": 197509, "usra_id_st": "6047_11", "tgh_id": 6047, "usra_index": 11, "toponyme": "rivière la hem", "longueur": 589.63, "zamont": 46.612500190734863, "zaval": 44.443749904632568, "agri3w_v": 0.21, "agri3w": "faible", "agribv_v": 44.05, "agribv": "fort", "alluvial": "oui", "beton": "absence", "canaux": "absence", "carriere": "absence", "chenal_v": null, "chenal": "faible", "conf": "absence", "conso": 1118.734426493035, "consom1": "faible", "consom2": "faible", "curage": "absence", "dobs1_v": 0.35, "dobs1": "fort", "dobs2_v": 2.85, "dobs2": "fort", "eclu": "absence", "etiage": "fort", "haies_v": 5.1592160602602384, "haies": "fort", "imper_v": 7.08, "imper": "faible", "intercep_v": 8.0, "intercepte": "faible", "montagne": "dessous", "navigable": "non", "obsmax1_v": 2.0, "obsmax1": "moyen", "obsmax2_v": 0.91, "obsmax2": "faible", "orp": "absence", "orp_amont": "absence", "orp_autour": "absence", "orp_aval": "absence", "orp_proche": "absence", "pente2c": "faible", "pente3c": "faible", "pistes": "absence", "rang": "petit", "rectitud_v": 33.33, "rectitude": "moyen", "ret_us": "autre", "ret_vol1_v": 0.0, "ret_vol1": "faible", "ret_vol2_v": 0.0, "ret_vol2": "faible", "sensisol_v": 21.5469, "sensisol": "moyen", "tcc": "absence", "txamg_v": 0.0, "txamg": "faible", "txetg1_v": 14.66, "txetg1": "moyen", "txetg2_v": 6.4, "txetg2": "faible", "txetg3_v": null, "txetg3": "faible", "txetg4_v": null, "txetg4": "faible", "txetg5_v": 8.01, "txetg5": "faible", "veget10_v": 41.214552793771027, "veget10": "moyen", "veget30_v": 17.663230132489776, "veget30": "tres_faible", "veget60_v": 11.451064759642122, "veget60": "tres_faible", "hyd_dyn1": 1.0, "hyd_dyn2": 0.0, "hyd_dyn3": 0.0, "hyd_dyn4": 0.0, "hyd_dyn5": 0.0, "hyd_dyn": 1.0, "hyd_dyn_cl": "tres_faible", "av_hyd_dyn": "-", "hyd_qte1": 1.0, "hyd_qte2": 0.0, "hyd_qte3": 0.0, "hyd_qte4": 0.0, "hyd_qte5": 0.0, "hyd_qte": 1.0, "hyd_qte_cl": "tres_faible", "av_hyd_qte": "-", "hyd_mes1": 0.0, "hyd_mes2": 0.045, "hyd_mes3": 0.825, "hyd_mes4": 0.13, "hyd_mes5": 0.0, "hyd_mes": 3.0, "hyd_mes_cl": "moyen", "av_hyd_mes": "-", "con_amp1": 0.0, "con_amp2": 0.0, "con_amp3": 0.0, "con_amp4": 0.4, "con_amp5": 0.6, "con_amp": 5.0, "con_amp_cl": "tres_fort", "av_con_amp": "-", "con_pro1": 0.0, "con_pro2": 0.2, "con_pro3": 0.5, "con_pro4": 0.3, "con_pro5": 0.0, "con_pro": 3.0, "con_pro_cl": "moyen", "av_con_pro": "-", "con_lat1": 0.3, "con_lat2": 0.0, "con_lat3": 0.7, "con_lat4": 0.0, "con_lat5": 0.0, "con_lat": 3.0, "con_lat_cl": "moyen", "av_con_lat": "-", "con_sed1": 1.0, "con_sed2": 0.0, "con_sed3": 0.0, "con_sed4": 0.0, "con_sed5": 0.0, "con_sed": 1.0, "con_sed_cl": "tres_faible", "av_con_sed": "-", "mor_pll1": 0.15, "mor_pll2": 0.0, "mor_pll3": 0.728, "mor_pll4": 0.122, "mor_pll5": 0.0, "mor_pll": 3.0, "mor_pll_cl": "moyen", "av_mor_pll": "-", "mor_riv1": 0.0, "mor_riv2": 0.096, "mor_riv3": 0.624, "mor_riv4": 0.24, "mor_riv5": 0.04, "mor_riv": 3.0, "mor_riv_cl": "moyen", "av_mor_riv": "-", "mor_ssl1": 0.0, "mor_ssl2": 0.0, "mor_ssl3": 0.094, "mor_ssl4": 0.672, "mor_ssl5": 0.234, "mor_ssl": 4.0, "mor_ssl_cl": "fort", "av_mor_ssl": "-", "av_aggrave": null, "av_attenue": null, "lbbh": "Artois-Picardie", "cdbh": "01", "Score_100": 19.8, "mor_rip": 3 }, "geometry": { "type": "MultiLineString", "coordinates": [ [ [ 1.987903836609481, 50.789545284436045 ], [ 1.987997013514226, 50.789539753040494 ], [ 1.988100387906055, 50.789607889627248 ], [ 1.988189772424642, 50.789667836870777 ], [ 1.988378031500146, 50.789738457257627 ], [ 1.989370246613059, 50.789953785274825 ], [ 1.989413923098267, 50.789964009811371 ], [ 1.989608335424096, 50.79001045138515 ], [ 1.989720748371367, 50.79005174118101 ], [ 1.989765713602207, 50.790068257070224 ], [ 1.990066712502785, 50.790094027343613 ], [ 1.990173862840037, 50.790115533687256 ], [ 1.990276477618601, 50.79015135980179 ], [ 1.990341696100144, 50.790216493267778 ], [ 1.990293595753245, 50.790285194653869 ], [ 1.990294033743119, 50.790333651815679 ], [ 1.990317244172631, 50.79037601253615 ], [ 1.990407649936014, 50.790455706718788 ], [ 1.990483735617762, 50.790473371844179 ], [ 1.990562977781114, 50.790474911302077 ], [ 1.990856713047853, 50.790369616593971 ], [ 1.991133490448616, 50.790403263632363 ], [ 1.991440249112833, 50.790494579277023 ], [ 1.991496212810713, 50.7905273347669 ], [ 1.991524259569508, 50.790680998169009 ], [ 1.991443787684213, 50.790740464979891 ], [ 1.991284326050549, 50.790785832799102 ], [ 1.99124774833926, 50.790844757623695 ], [ 1.991255806597505, 50.790866357796368 ], [ 1.991273338509109, 50.790909569599421 ], [ 1.9914813134039, 50.790985728470034 ], [ 1.991559014493889, 50.790993535825542 ], [ 1.991940202599445, 50.790974188942698 ], [ 1.99203358129497, 50.790976739143048 ], [ 1.99213086286184, 50.790996369321284 ], [ 1.992213051337507, 50.79106253628369 ], [ 1.992140042144072, 50.791173209280593 ], [ 1.99212874332611, 50.791242209009447 ], [ 1.992359138758663, 50.791400200903318 ], [ 1.992447477412875, 50.791442190655914 ], [ 1.992834478000182, 50.791626572202368 ], [ 1.993042205541003, 50.791715288355455 ], [ 1.993078699024899, 50.791730837218019 ], [ 1.993227774696649, 50.791779598324091 ], [ 1.993546365846506, 50.791775891745182 ], [ 1.993754359852829, 50.791769479049023 ] ] ] } },
{ "type": "Feature", "properties": { "fid": 45, "usra_id": 197515, "usra_id_st": "6047_12", "tgh_id": 6047, "usra_index": 12, "toponyme": "rivière la hem", "longueur": 589.63, "zamont": 44.443749904632568, "zaval": 42.274999618530273, "agri3w_v": 0.0, "agri3w": "faible", "agribv_v": 44.05, "agribv": "fort", "alluvial": "oui", "beton": "absence", "canaux": "absence", "carriere": "absence", "chenal_v": null, "chenal": "faible", "conf": "absence", "conso": 1118.734426493035, "consom1": "faible", "consom2": "faible", "curage": "absence", "dobs1_v": 0.35, "dobs1": "fort", "dobs2_v": 2.43, "dobs2": "fort", "eclu": "absence", "etiage": "fort", "haies_v": 5.1592160602602384, "haies": "fort", "imper_v": 7.08, "imper": "faible", "intercep_v": 8.0, "intercepte": "faible", "montagne": "dessous", "navigable": "non", "obsmax1_v": 2.0, "obsmax1": "moyen", "obsmax2_v": 0.91, "obsmax2": "faible", "orp": "absence", "orp_amont": "absence", "orp_autour": "absence", "orp_aval": "absence", "orp_proche": "absence", "pente2c": "faible", "pente3c": "faible", "pistes": "absence", "rang": "petit", "rectitud_v": 0.0, "rectitude": "faible", "ret_us": "autre", "ret_vol1_v": 0.0, "ret_vol1": "faible", "ret_vol2_v": 0.0, "ret_vol2": "faible", "sensisol_v": 21.5469, "sensisol": "moyen", "tcc": "absence", "txamg_v": 10.9, "txamg": "moyen", "txetg1_v": 15.37, "txetg1": "moyen", "txetg2_v": 3.98, "txetg2": "faible", "txetg3_v": null, "txetg3": "faible", "txetg4_v": null, "txetg4": "faible", "txetg5_v": 7.94, "txetg5": "faible", "veget10_v": 35.627669977959911, "veget10": "faible", "veget30_v": 25.188093502746248, "veget30": "faible", "veget60_v": 21.522594647263251, "veget60": "faible", "hyd_dyn1": 1.0, "hyd_dyn2": 0.0, "hyd_dyn3": 0.0, "hyd_dyn4": 0.0, "hyd_dyn5": 0.0, "hyd_dyn": 1.0, "hyd_dyn_cl": "tres_faible", "av_hyd_dyn": "-", "hyd_qte1": 1.0, "hyd_qte2": 0.0, "hyd_qte3": 0.0, "hyd_qte4": 0.0, "hyd_qte5": 0.0, "hyd_qte": 1.0, "hyd_qte_cl": "tres_faible", "av_hyd_qte": "-", "hyd_mes1": 0.0, "hyd_mes2": 0.15, "hyd_mes3": 0.85, "hyd_mes4": 0.0, "hyd_mes5": 0.0, "hyd_mes": 3.0, "hyd_mes_cl": "moyen", "av_hyd_mes": "-", "con_amp1": 0.0, "con_amp2": 0.0, "con_amp3": 0.0, "con_amp4": 0.4, "con_amp5": 0.6, "con_amp": 5.0, "con_amp_cl": "tres_fort", "av_con_amp": "-", "con_pro1": 0.0, "con_pro2": 0.2, "con_pro3": 0.5, "con_pro4": 0.3, "con_pro5": 0.0, "con_pro": 3.0, "con_pro_cl": "moyen", "av_con_pro": "-", "con_lat1": 0.6, "con_lat2": 0.0, "con_lat3": 0.4, "con_lat4": 0.0, "con_lat5": 0.0, "con_lat": 1.0, "con_lat_cl": "tres_faible", "av_con_lat": "-", "con_sed1": 1.0, "con_sed2": 0.0, "con_sed3": 0.0, "con_sed4": 0.0, "con_sed5": 0.0, "con_sed": 1.0, "con_sed_cl": "tres_faible", "av_con_sed": "-", "mor_pll1": 0.6, "mor_pll2": 0.0, "mor_pll3": 0.4, "mor_pll4": 0.0, "mor_pll5": 0.0, "mor_pll": 1.0, "mor_pll_cl": "tres_faible", "av_mor_pll": "-", "mor_riv1": 0.0, "mor_riv2": 0.077, "mor_riv3": 0.469, "mor_riv4": 0.382, "mor_riv5": 0.072, "mor_riv": 3.0, "mor_riv_cl": "moyen", "av_mor_riv": "-", "mor_ssl1": 0.0, "mor_ssl2": 0.0, "mor_ssl3": 0.15, "mor_ssl4": 0.85, "mor_ssl5": 0.0, "mor_ssl": 4.0, "mor_ssl_cl": "fort", "av_mor_ssl": "-", "av_aggrave": null, "av_attenue": null, "lbbh": "Artois-Picardie", "cdbh": "01", "Score_100": 21.3, "mor_rip": 4 }, "geometry": { "type": "MultiLineString", "coordinates": [ [ [ 1.993754359852829, 50.791769479049023 ], [ 1.994122884183654, 50.791758116160089 ], [ 1.99415171505383, 50.791732327648383 ], [ 1.994161009806965, 50.791622036438788 ], [ 1.994165364174954, 50.791616687877465 ], [ 1.994195808664997, 50.791581042225232 ], [ 1.994345136848034, 50.791476367994392 ], [ 1.994398073810742, 50.79137809377719 ], [ 1.994540197873461, 50.791279642142065 ], [ 1.994605233515436, 50.791283756208273 ], [ 1.994657062136703, 50.791311093118132 ], [ 1.994717275014714, 50.791343881388848 ], [ 1.994727436598476, 50.791472275427431 ], [ 1.994714879838678, 50.791604075250632 ], [ 1.994729692325528, 50.791641880826681 ], [ 1.994777004903188, 50.791682640522708 ], [ 1.994844349351028, 50.791712794397682 ], [ 1.995126258056453, 50.791773392410981 ], [ 1.99529371805208, 50.791823196610146 ], [ 1.995397647347644, 50.791864412674308 ], [ 1.995532571640414, 50.791913056866363 ], [ 1.995646769233508, 50.791936409789287 ], [ 1.995807069944964, 50.791919756387827 ], [ 1.996275322780061, 50.791865206597414 ], [ 1.996576839483707, 50.791865841118856 ], [ 1.996778810438913, 50.791889002703179 ], [ 1.996904008123013, 50.791928594204826 ], [ 1.997018507070839, 50.792007580012971 ], [ 1.997122882786502, 50.792097251633628 ], [ 1.997142015378146, 50.792131502515474 ], [ 1.997131783912522, 50.792147571287963 ], [ 1.997078838411037, 50.792175858175732 ], [ 1.996936721884211, 50.792203427059 ], [ 1.996866809240684, 50.792230679948041 ], [ 1.99683935893051, 50.79225827474793 ], [ 1.99683856768813, 50.792297748936193 ], [ 1.996866192656351, 50.792332068238451 ], [ 1.996945132283329, 50.792348855021793 ], [ 1.99706958104335, 50.792355240732682 ], [ 1.997255252259216, 50.792344173438671 ], [ 1.997405196514983, 50.792349866752431 ], [ 1.997502626624781, 50.792362315569783 ], [ 1.997616628504457, 50.792395535217352 ], [ 1.99763434612933, 50.792429774618668 ], [ 1.997651740349421, 50.792480162544557 ], [ 1.997658795417481, 50.792552002112451 ], [ 1.997587624817349, 50.792642055212845 ], [ 1.997571264475315, 50.792681404095809 ], [ 1.99756198124207, 50.79272080992402 ], [ 1.997579141884475, 50.792782860658448 ], [ 1.997645371369392, 50.792939521088265 ], [ 1.99764809442452, 50.792944926705246 ], [ 1.997744030564893, 50.793102723347396 ], [ 1.997912729709244, 50.793232392117709 ], [ 1.998485256724057, 50.793485543846955 ], [ 1.998687537642835, 50.793564336286423 ], [ 1.998712936154369, 50.793569572435295 ] ] ] } },
{ "type": "Feature", "properties": { "fid": 46, "usra_id": 197519, "usra_id_st": "6047_13", "tgh_id": 6047, "usra_index": 13, "toponyme": "rivière la hem", "longueur": 589.63, "zamont": 42.274999618530273, "zaval": 40.106249332427979, "agri3w_v": 15.29, "agri3w": "faible", "agribv_v": 44.05, "agribv": "fort", "alluvial": "oui", "beton": "absence", "canaux": "absence", "carriere": "absence", "chenal_v": null, "chenal": "faible", "conf": "absence", "conso": 1118.734426493035, "consom1": "faible", "consom2": "faible", "curage": "absence", "dobs1_v": 0.36, "dobs1": "fort", "dobs2_v": 2.02, "dobs2": "fort", "eclu": "absence", "etiage": "fort", "haies_v": 5.1592160602602384, "haies": "fort", "imper_v": 7.08, "imper": "faible", "intercep_v": 8.0, "intercepte": "faible", "montagne": "dessous", "navigable": "non", "obsmax1_v": 2.0, "obsmax1": "moyen", "obsmax2_v": 0.6, "obsmax2": "faible", "orp": "absence", "orp_amont": "absence", "orp_autour": "absence", "orp_aval": "absence", "orp_proche": "absence", "pente2c": "faible", "pente3c": "faible", "pistes": "absence", "rang": "petit", "rectitud_v": 0.0, "rectitude": "faible", "ret_us": "autre", "ret_vol1_v": 0.0, "ret_vol1": "faible", "ret_vol2_v": 0.0, "ret_vol2": "faible", "sensisol_v": 21.5469, "sensisol": "moyen", "tcc": "absence", "txamg_v": 27.13, "txamg": "fort", "txetg1_v": 16.16, "txetg1": "moyen", "txetg2_v": 3.66, "txetg2": "faible", "txetg3_v": 27.66, "txetg3": "moyen", "txetg4_v": null, "txetg4": "faible", "txetg5_v": 7.87, "txetg5": "faible", "veget10_v": 32.912382020538409, "veget10": "faible", "veget30_v": 22.858069242405222, "veget30": "faible", "veget60_v": 17.517513800003865, "veget60": "tres_faible", "hyd_dyn1": 1.0, "hyd_dyn2": 0.0, "hyd_dyn3": 0.0, "hyd_dyn4": 0.0, "hyd_dyn5": 0.0, "hyd_dyn": 1.0, "hyd_dyn_cl": "tres_faible", "av_hyd_dyn": "-", "hyd_qte1": 1.0, "hyd_qte2": 0.0, "hyd_qte3": 0.0, "hyd_qte4": 0.0, "hyd_qte5": 0.0, "hyd_qte": 1.0, "hyd_qte_cl": "tres_faible", "av_hyd_qte": "-", "hyd_mes1": 0.0, "hyd_mes2": 0.15, "hyd_mes3": 0.85, "hyd_mes4": 0.0, "hyd_mes5": 0.0, "hyd_mes": 3.0, "hyd_mes_cl": "moyen", "av_hyd_mes": "-", "con_amp1": 0.0, "con_amp2": 0.0, "con_amp3": 0.0, "con_amp4": 0.4, "con_amp5": 0.6, "con_amp": 5.0, "con_amp_cl": "tres_fort", "av_con_amp": "-", "con_pro1": 0.0, "con_pro2": 0.2, "con_pro3": 0.5, "con_pro4": 0.3, "con_pro5": 0.0, "con_pro": 3.0, "con_pro_cl": "moyen", "av_con_pro": "-", "con_lat1": 0.2, "con_lat2": 0.0, "con_lat3": 0.8, "con_lat4": 0.0, "con_lat5": 0.0, "con_lat": 3.0, "con_lat_cl": "moyen", "av_con_lat": "-", "con_sed1": 1.0, "con_sed2": 0.0, "con_sed3": 0.0, "con_sed4": 0.0, "con_sed5": 0.0, "con_sed": 1.0, "con_sed_cl": "tres_faible", "av_con_sed": "-", "mor_pll1": 0.0, "mor_pll2": 0.0, "mor_pll3": 0.412, "mor_pll4": 0.526, "mor_pll5": 0.062, "mor_pll": 4.0, "mor_pll_cl": "fort", "av_mor_pll": "-", "mor_riv1": 0.0, "mor_riv2": 0.034, "mor_riv3": 0.458, "mor_riv4": 0.364, "mor_riv5": 0.144, "mor_riv": 3.0, "mor_riv_cl": "moyen", "av_mor_riv": "-", "mor_ssl1": 0.0, "mor_ssl2": 0.0, "mor_ssl3": 0.097, "mor_ssl4": 0.69, "mor_ssl5": 0.213, "mor_ssl": 4.0, "mor_ssl_cl": "fort", "av_mor_ssl": "-", "av_aggrave": null, "av_attenue": null, "lbbh": "Artois-Picardie", "cdbh": "01", "Score_100": 33.5, "mor_rip": 4 }, "geometry": { "type": "MultiLineString", "coordinates": [ [ [ 1.998712936154369, 50.793569572435295 ], [ 1.999348765255125, 50.79370065269778 ], [ 1.999817313740781, 50.793915276904187 ], [ 2.000751698668948, 50.794197343694911 ], [ 2.000815287318925, 50.794203237424256 ], [ 2.000876170422113, 50.794202828446601 ], [ 2.00096437727484, 50.794181103788887 ], [ 2.00116892014104, 50.79407596734206 ], [ 2.001283823545715, 50.794064326607426 ], [ 2.001461222183828, 50.794042419321656 ], [ 2.001585801019394, 50.794042520532329 ], [ 2.001700113673361, 50.794060484996969 ], [ 2.001812706740537, 50.794093689375565 ], [ 2.001946406728883, 50.794133343725498 ], [ 2.002272883951451, 50.794302853336347 ], [ 2.002498253696546, 50.794431174823721 ], [ 2.002729476940847, 50.794407902140051 ], [ 2.00283728549116, 50.794397100461119 ], [ 2.002888653737186, 50.794376874140568 ], [ 2.002890161932479, 50.794443285054889 ], [ 2.002948271406525, 50.794511046261213 ], [ 2.002955656095045, 50.794566736815206 ], [ 2.002939299344431, 50.794606086287224 ], [ 2.002883452059064, 50.794637941431063 ], [ 2.002830060267917, 50.794688659110847 ], [ 2.002799727298178, 50.794718923874655 ], [ 2.002804781428292, 50.794749471892509 ], [ 2.002858051479236, 50.794775919437676 ], [ 2.002969606786663, 50.794790271505626 ], [ 2.003176357196377, 50.794787439595716 ], [ 2.003239750323245, 50.794803200601358 ], [ 2.003348550288233, 50.794884826356572 ], [ 2.00343717229444, 50.794913351022856 ], [ 2.00353174218618, 50.794927566705795 ], [ 2.003758845790836, 50.794897978197064 ], [ 2.003850745486587, 50.794904096756945 ], [ 2.003961854963288, 50.794940876383947 ], [ 2.004032218861137, 50.79496207639621 ], [ 2.004154831068691, 50.794989974998721 ], [ 2.004301399700779, 50.795023448635547 ], [ 2.004436376858845, 50.795070288673344 ], [ 2.00453406952867, 50.795141057211652 ], [ 2.004614383909375, 50.795231426979896 ], [ 2.004738139050815, 50.795415460862245 ], [ 2.004776167437703, 50.795496519857522 ], [ 2.004771766351205, 50.795575445325355 ], [ 2.004736455949289, 50.795642459220616 ], [ 2.004694335535501, 50.795695959498964 ], [ 2.004620126954662, 50.795744039554954 ] ] ] } },
{ "type": "Feature", "properties": { "fid": 47, "usra_id": 197525, "usra_id_st": "6047_14", "tgh_id": 6047, "usra_index": 14, "toponyme": "rivière la hem", "longueur": 589.63, "zamont": 40.106249332427979, "zaval": 37.937499046325691, "agri3w_v": 9.3, "agri3w": "faible", "agribv_v": 44.05, "agribv": "fort", "alluvial": "oui", "beton": "absence", "canaux": "absence", "carriere": "absence", "chenal_v": null, "chenal": "faible", "conf": "absence", "conso": 1118.734426493035, "consom1": "faible", "consom2": "faible", "curage": "absence", "dobs1_v": 0.31, "dobs1": "fort", "dobs2_v": 3.36, "dobs2": "fort", "eclu": "absence", "etiage": "fort", "haies_v": 5.1592160602602384, "haies": "fort", "imper_v": 7.08, "imper": "faible", "intercep_v": 8.0, "intercepte": "faible", "montagne": "dessous", "navigable": "non", "obsmax1_v": 2.0, "obsmax1": "moyen", "obsmax2_v": 2.0, "obsmax2": "moyen", "orp": "absence", "orp_amont": "absence", "orp_autour": "absence", "orp_aval": "absence", "orp_proche": "absence", "pente2c": "faible", "pente3c": "faible", "pistes": "absence", "rang": "petit", "rectitud_v": 0.0, "rectitude": "faible", "ret_us": "autre", "ret_vol1_v": 0.0, "ret_vol1": "faible", "ret_vol2_v": 0.0, "ret_vol2": "faible", "sensisol_v": 21.5469, "sensisol": "moyen", "tcc": "absence", "txamg_v": 0.0, "txamg": "faible", "txetg1_v": 15.54, "txetg1": "moyen", "txetg2_v": 11.41, "txetg2": "moyen", "txetg3_v": null, "txetg3": "faible", "txetg4_v": null, "txetg4": "faible", "txetg5_v": 7.8, "txetg5": "faible", "veget10_v": 42.587480299464652, "veget10": "moyen", "veget30_v": 27.024000438043274, "veget30": "faible", "veget60_v": 25.53676090352559, "veget60": "faible", "hyd_dyn1": 1.0, "hyd_dyn2": 0.0, "hyd_dyn3": 0.0, "hyd_dyn4": 0.0, "hyd_dyn5": 0.0, "hyd_dyn": 1.0, "hyd_dyn_cl": "tres_faible", "av_hyd_dyn": "-", "hyd_qte1": 1.0, "hyd_qte2": 0.0, "hyd_qte3": 0.0, "hyd_qte4": 0.0, "hyd_qte5": 0.0, "hyd_qte": 1.0, "hyd_qte_cl": "tres_faible", "av_hyd_qte": "-", "hyd_mes1": 0.0, "hyd_mes2": 0.15, "hyd_mes3": 0.85, "hyd_mes4": 0.0, "hyd_mes5": 0.0, "hyd_mes": 3.0, "hyd_mes_cl": "moyen", "av_hyd_mes": "-", "con_amp1": 0.0, "con_amp2": 0.0, "con_amp3": 0.0, "con_amp4": 0.4, "con_amp5": 0.6, "con_amp": 5.0, "con_amp_cl": "tres_fort", "av_con_amp": "-", "con_pro1": 0.0, "con_pro2": 0.0, "con_pro3": 0.3, "con_pro4": 0.5, "con_pro5": 0.2, "con_pro": 4.0, "con_pro_cl": "fort", "av_con_pro": "-", "con_lat1": 1.0, "con_lat2": 0.0, "con_lat3": 0.0, "con_lat4": 0.0, "con_lat5": 0.0, "con_lat": 1.0, "con_lat_cl": "tres_faible", "av_con_lat": "-", "con_sed1": 1.0, "con_sed2": 0.0, "con_sed3": 0.0, "con_sed4": 0.0, "con_sed5": 0.0, "con_sed": 1.0, "con_sed_cl": "tres_faible", "av_con_sed": "-", "mor_pll1": 1.0, "mor_pll2": 0.0, "mor_pll3": 0.0, "mor_pll4": 0.0, "mor_pll5": 0.0, "mor_pll": 1.0, "mor_pll_cl": "tres_faible", "av_mor_pll": "-", "mor_riv1": 0.0, "mor_riv2": 0.2, "mor_riv3": 0.8, "mor_riv4": 0.0, "mor_riv5": 0.0, "mor_riv": 3.0, "mor_riv_cl": "moyen", "av_mor_riv": "-", "mor_ssl1": 0.0, "mor_ssl2": 0.0, "mor_ssl3": 0.15, "mor_ssl4": 0.85, "mor_ssl5": 0.0, "mor_ssl": 4.0, "mor_ssl_cl": "fort", "av_mor_ssl": "-", "av_aggrave": null, "av_attenue": null, "lbbh": "Artois-Picardie", "cdbh": "01", "Score_100": 20.9, "mor_rip": 3 }, "geometry": { "type": "MultiLineString", "coordinates": [ [ [ 2.004620126954662, 50.795744039554954 ], [ 2.004605413840339, 50.795753572227831 ], [ 2.004559064491261, 50.79580614138483 ], [ 2.004606228407503, 50.795854971319706 ], [ 2.004700407861502, 50.795888923105103 ], [ 2.004797882358317, 50.795899571875999 ], [ 2.004906407253852, 50.795852882956865 ], [ 2.005099648867928, 50.795817637865674 ], [ 2.005203088556958, 50.795813080208937 ], [ 2.005286033363641, 50.795842455444216 ], [ 2.005324740577329, 50.79588942301767 ], [ 2.005351488604274, 50.796039482196171 ], [ 2.005337429349415, 50.796105768596085 ], [ 2.005269651391485, 50.796168036966456 ], [ 2.005245683295978, 50.796234244226632 ], [ 2.005280322515715, 50.796272206514352 ], [ 2.005345062388574, 50.796291566260493 ], [ 2.005408921699306, 50.796284000580947 ], [ 2.005480268711152, 50.79625585723069 ], [ 2.005667920669891, 50.796216977534215 ], [ 2.006005404318394, 50.796190060437972 ], [ 2.006047078268999, 50.796158988173268 ], [ 2.006042396220178, 50.796109600482225 ], [ 2.006012003105686, 50.796071672278543 ], [ 2.005822101574821, 50.796010039298451 ], [ 2.00577604884031, 50.795976472458669 ], [ 2.005775310628158, 50.795942369960812 ], [ 2.005873516165694, 50.795916235275961 ], [ 2.005989766939768, 50.795908190077121 ], [ 2.00605861062421, 50.795934760441085 ], [ 2.006210657450666, 50.796049030566358 ], [ 2.006274506644865, 50.796113246674082 ], [ 2.006338764368044, 50.796299495897166 ], [ 2.006397005357141, 50.796360975347646 ], [ 2.006496546320399, 50.796410222224857 ], [ 2.006607696703734, 50.796445205134859 ], [ 2.006719274614551, 50.79645865667235 ], [ 2.006810224947133, 50.79644143620407 ], [ 2.006901388863748, 50.796413450032077 ], [ 2.006982928788161, 50.79637103062926 ], [ 2.007043538230117, 50.796313190618655 ], [ 2.007120777882569, 50.796273428682539 ], [ 2.007168398109343, 50.796228046984531 ], [ 2.007295286390283, 50.796040629606196 ], [ 2.007410111954636, 50.795961686698725 ], [ 2.007536253439087, 50.795954616139959 ], [ 2.007640165814721, 50.795997616004101 ], [ 2.007984347171718, 50.796204039352567 ], [ 2.008307827463531, 50.796240711291652 ], [ 2.008560780567384, 50.79626425924851 ], [ 2.008744580668842, 50.796133821887778 ], [ 2.008848802509633, 50.796089787174218 ], [ 2.008895514826513, 50.796090158798897 ], [ 2.00918429415202, 50.7961633408176 ], [ 2.009390859737392, 50.796098584880866 ], [ 2.009460806479074, 50.796069530850488 ], [ 2.009600091130395, 50.796113707571202 ], [ 2.009678366340729, 50.796164577401107 ], [ 2.009669772592907, 50.796290510783201 ] ] ] } },
{ "type": "Feature", "properties": { "fid": 48, "usra_id": 197527, "usra_id_st": "6047_15", "tgh_id": 6047, "usra_index": 15, "toponyme": "rivière la hem", "longueur": 589.63, "zamont": 37.937499046325691, "zaval": 35.768748760223396, "agri3w_v": 4.87, "agri3w": "faible", "agribv_v": 44.05, "agribv": "fort", "alluvial": "oui", "beton": "absence", "canaux": "absence", "carriere": "absence", "chenal_v": null, "chenal": "faible", "conf": "absence", "conso": 1118.734426493035, "consom1": "faible", "consom2": "faible", "curage": "absence", "dobs1_v": 0.32, "dobs1": "fort", "dobs2_v": 3.22, "dobs2": "fort", "eclu": "absence", "etiage": "fort", "haies_v": 5.1592160602602384, "haies": "fort", "imper_v": 7.08, "imper": "faible", "intercep_v": 8.0, "intercepte": "faible", "montagne": "dessous", "navigable": "non", "obsmax1_v": 2.0, "obsmax1": "moyen", "obsmax2_v": 2.0, "obsmax2": "moyen", "orp": "absence", "orp_amont": "absence", "orp_autour": "absence", "orp_aval": "absence", "orp_proche": "absence", "pente2c": "faible", "pente3c": "faible", "pistes": "absence", "rang": "petit", "rectitud_v": 0.0, "rectitude": "faible", "ret_us": "autre", "ret_vol1_v": 0.0, "ret_vol1": "faible", "ret_vol2_v": 0.0, "ret_vol2": "faible", "sensisol_v": 21.5469, "sensisol": "moyen", "tcc": "absence", "txamg_v": 0.0, "txamg": "faible", "txetg1_v": 16.43, "txetg1": "moyen", "txetg2_v": 11.85, "txetg2": "moyen", "txetg3_v": null, "txetg3": "faible", "txetg4_v": null, "txetg4": "faible", "txetg5_v": 7.73, "txetg5": "faible", "veget10_v": 81.322990205081297, "veget10": "fort", "veget30_v": 68.803549926926962, "veget30": "moyen", "veget60_v": 58.00672103488543, "veget60": "moyen", "hyd_dyn1": 1.0, "hyd_dyn2": 0.0, "hyd_dyn3": 0.0, "hyd_dyn4": 0.0, "hyd_dyn5": 0.0, "hyd_dyn": 1.0, "hyd_dyn_cl": "tres_faible", "av_hyd_dyn": "-", "hyd_qte1": 1.0, "hyd_qte2": 0.0, "hyd_qte3": 0.0, "hyd_qte4": 0.0, "hyd_qte5": 0.0, "hyd_qte": 1.0, "hyd_qte_cl": "tres_faible", "av_hyd_qte": "-", "hyd_mes1": 0.0, "hyd_mes2": 0.15, "hyd_mes3": 0.85, "hyd_mes4": 0.0, "hyd_mes5": 0.0, "hyd_mes": 3.0, "hyd_mes_cl": "moyen", "av_hyd_mes": "-", "con_amp1": 0.0, "con_amp2": 0.0, "con_amp3": 0.0, "con_amp4": 0.4, "con_amp5": 0.6, "con_amp": 5.0, "con_amp_cl": "tres_fort", "av_con_amp": "-", "con_pro1": 0.0, "con_pro2": 0.0, "con_pro3": 0.3, "con_pro4": 0.5, "con_pro5": 0.2, "con_pro": 4.0, "con_pro_cl": "fort", "av_con_pro": "-", "con_lat1": 1.0, "con_lat2": 0.0, "con_lat3": 0.0, "con_lat4": 0.0, "con_lat5": 0.0, "con_lat": 1.0, "con_lat_cl": "tres_faible", "av_con_lat": "-", "con_sed1": 1.0, "con_sed2": 0.0, "con_sed3": 0.0, "con_sed4": 0.0, "con_sed5": 0.0, "con_sed": 1.0, "con_sed_cl": "tres_faible", "av_con_sed": "-", "mor_pll1": 1.0, "mor_pll2": 0.0, "mor_pll3": 0.0, "mor_pll4": 0.0, "mor_pll5": 0.0, "mor_pll": 1.0, "mor_pll_cl": "tres_faible", "av_mor_pll": "-", "mor_riv1": 0.75, "mor_riv2": 0.05, "mor_riv3": 0.2, "mor_riv4": 0.0, "mor_riv5": 0.0, "mor_riv": 1.0, "mor_riv_cl": "tres_faible", "av_mor_riv": "-", "mor_ssl1": 0.0, "mor_ssl2": 0.0, "mor_ssl3": 0.15, "mor_ssl4": 0.85, "mor_ssl5": 0.0, "mor_ssl": 4.0, "mor_ssl_cl": "fort", "av_mor_ssl": "-", "av_aggrave": null, "av_attenue": null, "lbbh": "Artois-Picardie", "cdbh": "01", "Score_100": 14.4, "mor_rip": 1 }, "geometry": { "type": "MultiLineString", "coordinates": [ [ [ 2.009669772592907, 50.796290510783201 ], [ 2.009654438030004, 50.796515222905086 ], [ 2.009860090099336, 50.796639784558415 ], [ 2.010032218117665, 50.796669865322308 ], [ 2.010159634593361, 50.796669980455391 ], [ 2.010251524553298, 50.796605209241633 ], [ 2.010321794741633, 50.796488224105232 ], [ 2.010392167279117, 50.796437638284772 ], [ 2.010563766298504, 50.79642285023607 ], [ 2.010725296859333, 50.796416057501716 ], [ 2.010795222344009, 50.796459682069234 ], [ 2.010736703258407, 50.796555226117569 ], [ 2.010563138410379, 50.796597814397117 ], [ 2.010482715115986, 50.796655498693625 ], [ 2.010504051059449, 50.796722066685035 ], [ 2.01067761302805, 50.796751260659825 ], [ 2.010932162689569, 50.796765843659855 ], [ 2.011265258770126, 50.796746055716937 ], [ 2.011623143313374, 50.796761457355679 ], [ 2.011977451544371, 50.796886297400853 ], [ 2.012013407041019, 50.796857869678874 ], [ 2.012095884686816, 50.796624334385491 ], [ 2.012177172620535, 50.796594471513806 ], [ 2.012269466030116, 50.796580846835482 ], [ 2.012568020292379, 50.796661276609782 ], [ 2.012577998623835, 50.79680133092215 ], [ 2.012816976333732, 50.797246479433326 ], [ 2.013019206545063, 50.797257951727985 ], [ 2.013453500115101, 50.797275747913453 ], [ 2.014009426089157, 50.797299888916363 ], [ 2.014125413648508, 50.797305293186596 ], [ 2.014276364316243, 50.797260726521152 ], [ 2.014444743132877, 50.797193865637198 ], [ 2.014647185488361, 50.797194569653428 ], [ 2.014992952328102, 50.797178461064171 ], [ 2.015170356001343, 50.797156534362294 ], [ 2.015264877528426, 50.797138493398421 ] ] ] } },
{ "type": "Feature", "properties": { "fid": 49, "usra_id": 197536, "usra_id_st": "6047_16", "tgh_id": 6047, "usra_index": 16, "toponyme": "rivière la hem", "longueur": 589.63, "zamont": 35.768748760223396, "zaval": 33.599998474121101, "agri3w_v": 16.89, "agri3w": "faible", "agribv_v": 44.05, "agribv": "fort", "alluvial": "oui", "beton": "absence", "canaux": "absence", "carriere": "absence", "chenal_v": null, "chenal": "faible", "conf": "absence", "conso": 1118.734426493035, "consom1": "faible", "consom2": "faible", "curage": "absence", "dobs1_v": 0.32, "dobs1": "fort", "dobs2_v": 3.72, "dobs2": "fort", "eclu": "absence", "etiage": "fort", "haies_v": 5.1592160602602384, "haies": "fort", "imper_v": 7.08, "imper": "faible", "intercep_v": 8.0, "intercepte": "faible", "montagne": "dessous", "navigable": "non", "obsmax1_v": 2.0, "obsmax1": "moyen", "obsmax2_v": 2.0, "obsmax2": "moyen", "orp": "absence", "orp_amont": "absence", "orp_autour": "absence", "orp_aval": "absence", "orp_proche": "absence", "pente2c": "faible", "pente3c": "faible", "pistes": "absence", "rang": "petit", "rectitud_v": 66.67, "rectitude": "fort", "ret_us": "autre", "ret_vol1_v": 0.0, "ret_vol1": "faible", "ret_vol2_v": 0.0, "ret_vol2": "faible", "sensisol_v": 21.5469, "sensisol": "moyen", "tcc": "absence", "txamg_v": 6.79, "txamg": "faible", "txetg1_v": 17.42, "txetg1": "moyen", "txetg2_v": 13.21, "txetg2": "moyen", "txetg3_v": 11.52, "txetg3": "moyen", "txetg4_v": null, "txetg4": "faible", "txetg5_v": 7.67, "txetg5": "faible", "veget10_v": 45.429366600727072, "veget10": "moyen", "veget30_v": 32.324961961739682, "veget30": "faible", "veget60_v": 27.610402604539978, "veget60": "faible", "hyd_dyn1": 1.0, "hyd_dyn2": 0.0, "hyd_dyn3": 0.0, "hyd_dyn4": 0.0, "hyd_dyn5": 0.0, "hyd_dyn": 1.0, "hyd_dyn_cl": "tres_faible", "av_hyd_dyn": "-", "hyd_qte1": 1.0, "hyd_qte2": 0.0, "hyd_qte3": 0.0, "hyd_qte4": 0.0, "hyd_qte5": 0.0, "hyd_qte": 1.0, "hyd_qte_cl": "tres_faible", "av_hyd_qte": "-", "hyd_mes1": 0.0, "hyd_mes2": 0.0, "hyd_mes3": 0.57, "hyd_mes4": 0.374, "hyd_mes5": 0.056, "hyd_mes": 3.0, "hyd_mes_cl": "moyen", "av_hyd_mes": "-", "con_amp1": 0.0, "con_amp2": 0.0, "con_amp3": 0.0, "con_amp4": 0.4, "con_amp5": 0.6, "con_amp": 5.0, "con_amp_cl": "tres_fort", "av_con_amp": "-", "con_pro1": 0.0, "con_pro2": 0.0, "con_pro3": 0.3, "con_pro4": 0.5, "con_pro5": 0.2, "con_pro": 4.0, "con_pro_cl": "fort", "av_con_pro": "-", "con_lat1": 0.0, "con_lat2": 0.0, "con_lat3": 0.7, "con_lat4": 0.3, "con_lat5": 0.0, "con_lat": 3.0, "con_lat_cl": "moyen", "av_con_lat": "-", "con_sed1": 1.0, "con_sed2": 0.0, "con_sed3": 0.0, "con_sed4": 0.0, "con_sed5": 0.0, "con_sed": 1.0, "con_sed_cl": "tres_faible", "av_con_sed": "-", "mor_pll1": 0.0, "mor_pll2": 0.0, "mor_pll3": 0.136, "mor_pll4": 0.509, "mor_pll5": 0.355, "mor_pll": 4.0, "mor_pll_cl": "fort", "av_mor_pll": "-", "mor_riv1": 0.0, "mor_riv2": 0.04, "mor_riv3": 0.76, "mor_riv4": 0.2, "mor_riv5": 0.0, "mor_riv": 3.0, "mor_riv_cl": "moyen", "av_mor_riv": "-", "mor_ssl1": 0.0, "mor_ssl2": 0.0, "mor_ssl3": 0.015, "mor_ssl4": 0.187, "mor_ssl5": 0.798, "mor_ssl": 5.0, "mor_ssl_cl": "tres_fort", "av_mor_ssl": "-", "av_aggrave": null, "av_attenue": null, "lbbh": "Artois-Picardie", "cdbh": "01", "Score_100": 29.9, "mor_rip": 3 }, "geometry": { "type": "MultiLineString", "coordinates": [ [ [ 2.015264877528426, 50.797138493398421 ], [ 2.015400576376828, 50.797112592927057 ], [ 2.015630796348018, 50.797068651063469 ], [ 2.015779888285208, 50.797046499795798 ], [ 2.016249675669978, 50.797059182985905 ], [ 2.016356089093104, 50.797047461338138 ], [ 2.016673848235357, 50.797087655350424 ], [ 2.016816184715875, 50.797121080638341 ], [ 2.016956859095512, 50.797167054507938 ], [ 2.017088053576629, 50.797263200864826 ], [ 2.017184652392968, 50.797318696754715 ], [ 2.017263912298951, 50.797392001305447 ], [ 2.017299078490981, 50.797475725309461 ], [ 2.017325522365002, 50.797571045073504 ], [ 2.017343455295178, 50.797667194963999 ], [ 2.017358574763181, 50.797762425371964 ], [ 2.017412126250379, 50.797847191574945 ], [ 2.017490629899576, 50.797959072762161 ], [ 2.017514448153725, 50.797971822438775 ], [ 2.017662668031101, 50.798066307757274 ], [ 2.017721453303117, 50.798100867678876 ], [ 2.017778858290702, 50.798133622139616 ], [ 2.017950872961389, 50.798169971843464 ], [ 2.018027515423463, 50.798232487870827 ], [ 2.018145714850456, 50.798558232626213 ], [ 2.018155332143297, 50.79864534396922 ], [ 2.018601469877556, 50.799070577482674 ], [ 2.01885298961817, 50.799384809373223 ], [ 2.0191281913879, 50.799574506190829 ], [ 2.019356098626697, 50.799648979269534 ], [ 2.019916380875884, 50.799741320555064 ], [ 2.020648020437705, 50.799904096269387 ], [ 2.02103166305285, 50.800051571973889 ] ] ] } },
{ "type": "Feature", "properties": { "fid": 50, "usra_id": 198848, "usra_id_st": "6046_1", "tgh_id": 6046, "usra_index": 1, "toponyme": "rivière la hem", "longueur": 252.93, "zamont": 79.300003051757798, "zaval": 77.46666971842447, "agri3w_v": 54.91, "agri3w": "moyen", "agribv_v": 44.05, "agribv": "fort", "alluvial": "oui", "beton": "absence", "canaux": "absence", "carriere": "absence", "chenal_v": null, "chenal": "faible", "conf": "absence", "conso": 1118.734426493035, "consom1": "faible", "consom2": "faible", "curage": "absence", "dobs1_v": 0.59, "dobs1": "fort", "dobs2_v": 3.52, "dobs2": "fort", "eclu": "absence", "etiage": "fort", "haies_v": 5.1592160602602384, "haies": "fort", "imper_v": 7.08, "imper": "faible", "intercep_v": 0.0, "intercepte": "faible", "montagne": "dessous", "navigable": "non", "obsmax1_v": 2.0, "obsmax1": "moyen", "obsmax2_v": 2.5, "obsmax2": "moyen", "orp": "absence", "orp_amont": "absence", "orp_autour": "absence", "orp_aval": "absence", "orp_proche": "absence", "pente2c": "faible", "pente3c": "moyen", "pistes": "absence", "rang": "petit", "rectitud_v": 100.0, "rectitude": "fort", "ret_us": "autre", "ret_vol1_v": 0.0, "ret_vol1": "faible", "ret_vol2_v": 0.0, "ret_vol2": "faible", "sensisol_v": 21.5469, "sensisol": "moyen", "tcc": "absence", "txamg_v": 31.32, "txamg": "fort", "txetg1_v": 16.33, "txetg1": "moyen", "txetg2_v": 13.81, "txetg2": "moyen", "txetg3_v": 32.73, "txetg3": "fort", "txetg4_v": null, "txetg4": "faible", "txetg5_v": 22.96, "txetg5": "moyen", "veget10_v": 46.032173466513925, "veget10": "moyen", "veget30_v": 23.788373580888955, "veget30": "faible", "veget60_v": 13.877942756272541, "veget60": "tres_faible", "hyd_dyn1": 1.0, "hyd_dyn2": 0.0, "hyd_dyn3": 0.0, "hyd_dyn4": 0.0, "hyd_dyn5": 0.0, "hyd_dyn": 1.0, "hyd_dyn_cl": "tres_faible", "av_hyd_dyn": "-", "hyd_qte1": 1.0, "hyd_qte2": 0.0, "hyd_qte3": 0.0, "hyd_qte4": 0.0, "hyd_qte5": 0.0, "hyd_qte": 1.0, "hyd_qte_cl": "tres_faible", "av_hyd_qte": "-", "hyd_mes1": 0.0, "hyd_mes2": 0.0, "hyd_mes3": 0.609, "hyd_mes4": 0.352, "hyd_mes5": 0.039, "hyd_mes": 3.0, "hyd_mes_cl": "moyen", "av_hyd_mes": "-", "con_amp1": 0.0, "con_amp2": 0.0, "con_amp3": 0.0, "con_amp4": 0.4, "con_amp5": 0.6, "con_amp": 5.0, "con_amp_cl": "tres_fort", "av_con_amp": "-", "con_pro1": 0.0, "con_pro2": 0.0, "con_pro3": 0.3, "con_pro4": 0.5, "con_pro5": 0.2, "con_pro": 4.0, "con_pro_cl": "fort", "av_con_pro": "-", "con_lat1": 0.0, "con_lat2": 0.0, "con_lat3": 0.504, "con_lat4": 0.436, "con_lat5": 0.06, "con_lat": 3.0, "con_lat_cl": "moyen", "av_con_lat": "-", "con_sed1": 0.0, "con_sed2": 0.25, "con_sed3": 0.75, "con_sed4": 0.0, "con_sed5": 0.0, "con_sed": 3.0, "con_sed_cl": "moyen", "av_con_sed": "-", "mor_pll1": 0.0, "mor_pll2": 0.0, "mor_pll3": 0.005, "mor_pll4": 0.103, "mor_pll5": 0.892, "mor_pll": 5.0, "mor_pll_cl": "tres_fort", "av_mor_pll": "-", "mor_riv1": 0.0, "mor_riv2": 0.008, "mor_riv3": 0.632, "mor_riv4": 0.28, "mor_riv5": 0.08, "mor_riv": 3.0, "mor_riv_cl": "moyen", "av_mor_riv": "-", "mor_ssl1": 0.0, "mor_ssl2": 0.0, "mor_ssl3": 0.0, "mor_ssl4": 0.245, "mor_ssl5": 0.755, "mor_ssl": 5.0, "mor_ssl_cl": "tres_fort", "av_mor_ssl": "-", "av_aggrave": null, "av_attenue": null, "lbbh": "Artois-Picardie", "cdbh": "01", "Score_100": 50.3, "mor_rip": 3 }, "geometry": { "type": "MultiLineString", "coordinates": [ [ [ 1.941697999836392, 50.75083836116017 ], [ 1.941631087482946, 50.750925732494629 ], [ 1.941566984408788, 50.751014025024091 ], [ 1.941473981912751, 50.751198088159697 ], [ 1.941468840344289, 50.751307521093565 ], [ 1.941449241729621, 50.751364784781281 ], [ 1.941390499228889, 50.751400179141726 ], [ 1.941321875877405, 50.75143459207726 ], [ 1.941275823511418, 50.751471889022248 ], [ 1.941207893580162, 50.751540407067026 ], [ 1.941195289975527, 50.751601319600731 ], [ 1.941187972172523, 50.751612922888036 ], [ 1.941181272086706, 50.751662220096321 ], [ 1.941133577561054, 50.751710271197943 ], [ 1.941080112117557, 50.75176365727453 ], [ 1.941060664618288, 50.751813743360543 ], [ 1.941075481740513, 50.751848866034415 ], [ 1.94109016611609, 50.751890269017274 ], [ 1.941077941620663, 50.751933237757903 ], [ 1.941040393155569, 50.751969709594334 ], [ 1.940939289188823, 50.752068455049042 ], [ 1.940869298713272, 50.752167465175752 ], [ 1.940795644643454, 50.752305927402155 ], [ 1.940747826588104, 50.752426662474811 ], [ 1.940724335639024, 50.752534144329779 ], [ 1.940688875029486, 50.752605630373736 ], [ 1.940671182635894, 50.752639579016154 ], [ 1.940630947718045, 50.75273615013797 ], [ 1.940626620093976, 50.752807003776553 ], [ 1.940673615449434, 50.752925853648449 ], [ 1.940677069700486, 50.752933664174584 ] ] ] } },
{ "type": "Feature", "properties": { "fid": 51, "usra_id": 198849, "usra_id_st": "6046_2", "tgh_id": 6046, "usra_index": 2, "toponyme": "rivière la hem", "longueur": 252.93, "zamont": 77.46666971842447, "zaval": 75.633336385091127, "agri3w_v": 67.39, "agri3w": "fort", "agribv_v": 44.05, "agribv": "fort", "alluvial": "oui", "beton": "absence", "canaux": "absence", "carriere": "absence", "chenal_v": null, "chenal": "faible", "conf": "absence", "conso": 1118.734426493035, "consom1": "faible", "consom2": "faible", "curage": "absence", "dobs1_v": 0.58, "dobs1": "fort", "dobs2_v": 3.47, "dobs2": "fort", "eclu": "absence", "etiage": "fort", "haies_v": 5.1592160602602384, "haies": "fort", "imper_v": 7.08, "imper": "faible", "intercep_v": 0.0, "intercepte": "faible", "montagne": "dessous", "navigable": "non", "obsmax1_v": 2.0, "obsmax1": "moyen", "obsmax2_v": 0.91, "obsmax2": "faible", "orp": "absence", "orp_amont": "absence", "orp_autour": "absence", "orp_aval": "absence", "orp_proche": "absence", "pente2c": "faible", "pente3c": "moyen", "pistes": "absence", "rang": "petit", "rectitud_v": 33.33, "rectitude": "moyen", "ret_us": "autre", "ret_vol1_v": 0.0, "ret_vol1": "faible", "ret_vol2_v": 0.0, "ret_vol2": "faible", "sensisol_v": 21.5469, "sensisol": "moyen", "tcc": "absence", "txamg_v": 0.0, "txamg": "faible", "txetg1_v": 15.94, "txetg1": "moyen", "txetg2_v": 19.67, "txetg2": "moyen", "txetg3_v": null, "txetg3": "faible", "txetg4_v": null, "txetg4": "faible", "txetg5_v": 20.83, "txetg5": "moyen", "veget10_v": 66.937444859534949, "veget10": "moyen", "veget30_v": 39.371811444180338, "veget30": "faible", "veget60_v": 29.812868725371235, "veget60": "faible", "hyd_dyn1": 1.0, "hyd_dyn2": 0.0, "hyd_dyn3": 0.0, "hyd_dyn4": 0.0, "hyd_dyn5": 0.0, "hyd_dyn": 1.0, "hyd_dyn_cl": "tres_faible", "av_hyd_dyn": "-", "hyd_qte1": 1.0, "hyd_qte2": 0.0, "hyd_qte3": 0.0, "hyd_qte4": 0.0, "hyd_qte5": 0.0, "hyd_qte": 1.0, "hyd_qte_cl": "tres_faible", "av_hyd_qte": "-", "hyd_mes1": 0.0, "hyd_mes2": 0.053, "hyd_mes3": 0.827, "hyd_mes4": 0.12, "hyd_mes5": 0.0, "hyd_mes": 3.0, "hyd_mes_cl": "moyen", "av_hyd_mes": "-", "con_amp1": 0.0, "con_amp2": 0.0, "con_amp3": 0.0, "con_amp4": 0.4, "con_amp5": 0.6, "con_amp": 5.0, "con_amp_cl": "tres_fort", "av_con_amp": "-", "con_pro1": 0.0, "con_pro2": 0.0, "con_pro3": 0.5, "con_pro4": 0.5, "con_pro5": 0.0, "con_pro": 4.0, "con_pro_cl": "fort", "av_con_pro": "D", "con_lat1": 0.075, "con_lat2": 0.0, "con_lat3": 0.925, "con_lat4": 0.0, "con_lat5": 0.0, "con_lat": 3.0, "con_lat_cl": "moyen", "av_con_lat": "-", "con_sed1": 0.0, "con_sed2": 0.25, "con_sed3": 0.75, "con_sed4": 0.0, "con_sed5": 0.0, "con_sed": 3.0, "con_sed_cl": "moyen", "av_con_sed": "-", "mor_pll1": 0.0, "mor_pll2": 0.0, "mor_pll3": 0.157, "mor_pll4": 0.594, "mor_pll5": 0.249, "mor_pll": 4.0, "mor_pll_cl": "fort", "av_mor_pll": "-", "mor_riv1": 0.0, "mor_riv2": 0.12, "mor_riv3": 0.78, "mor_riv4": 0.1, "mor_riv5": 0.0, "mor_riv": 3.0, "mor_riv_cl": "moyen", "av_mor_riv": "-", "mor_ssl1": 0.0, "mor_ssl2": 0.0, "mor_ssl3": 0.388, "mor_ssl4": 0.513, "mor_ssl5": 0.099, "mor_ssl": 4.0, "mor_ssl_cl": "fort", "av_mor_ssl": "-", "av_aggrave": null, "av_attenue": null, "lbbh": "Artois-Picardie", "cdbh": "01", "Score_100": 42.7, "mor_rip": 3 }, "geometry": { "type": "MultiLineString", "coordinates": [ [ [ 1.940677069700486, 50.752933664174584 ], [ 1.940697915227266, 50.7529807986582 ], [ 1.94068840486653, 50.753029174478414 ], [ 1.940649156376448, 50.753079091887159 ], [ 1.940595461242346, 50.753143243873858 ], [ 1.940528742663242, 50.753154341490713 ], [ 1.940440990285681, 50.753223587585559 ], [ 1.940429666770169, 50.753290792224625 ], [ 1.940419814463525, 50.753355317339398 ], [ 1.940382995474985, 50.753424099611401 ], [ 1.940322740596208, 50.753463967243562 ], [ 1.940213402564079, 50.753483675302306 ], [ 1.940146417666853, 50.753507333301222 ], [ 1.940127234342196, 50.753544858517451 ], [ 1.940105706413808, 50.753626333751932 ], [ 1.940187565468988, 50.75363510690854 ], [ 1.94036968866972, 50.753651912401722 ], [ 1.940493844259887, 50.75366732685702 ], [ 1.940576434600699, 50.753708410455459 ], [ 1.940606847329894, 50.753741871132235 ], [ 1.940635807835394, 50.753777114132255 ], [ 1.94070356348307, 50.75391767681019 ], [ 1.940743022830733, 50.753991595007349 ], [ 1.940847030653491, 50.75422399533678 ], [ 1.940885826456956, 50.754329314900794 ], [ 1.94093452274584, 50.754434718674219 ], [ 1.940992967826717, 50.754547384116556 ], [ 1.941087882476676, 50.754674717295735 ], [ 1.94110990493457, 50.754703619688392 ], [ 1.941140540406997, 50.754734985191945 ] ] ] } },
{ "type": "Feature", "properties": { "fid": 52, "usra_id": 198854, "usra_id_st": "6046_3", "tgh_id": 6046, "usra_index": 3, "toponyme": "rivière la hem", "longueur": 252.93, "zamont": 75.633336385091127, "zaval": 73.800003051757798, "agri3w_v": 35.43, "agri3w": "moyen", "agribv_v": 44.05, "agribv": "fort", "alluvial": "oui", "beton": "absence", "canaux": "absence", "carriere": "absence", "chenal_v": null, "chenal": "faible", "conf": "absence", "conso": 1118.734426493035, "consom1": "faible", "consom2": "faible", "curage": "absence", "dobs1_v": 0.58, "dobs1": "fort", "dobs2_v": 3.72, "dobs2": "fort", "eclu": "absence", "etiage": "fort", "haies_v": 5.1592160602602384, "haies": "fort", "imper_v": 7.08, "imper": "faible", "intercep_v": 0.0, "intercepte": "faible", "montagne": "dessous", "navigable": "non", "obsmax1_v": 2.0, "obsmax1": "moyen", "obsmax2_v": 0.91, "obsmax2": "faible", "orp": "absence", "orp_amont": "absence", "orp_autour": "absence", "orp_aval": "absence", "orp_proche": "absence", "pente2c": "faible", "pente3c": "moyen", "pistes": "absence", "rang": "petit", "rectitud_v": 33.33, "rectitude": "moyen", "ret_us": "autre", "ret_vol1_v": 0.0, "ret_vol1": "faible", "ret_vol2_v": 0.0, "ret_vol2": "faible", "sensisol_v": 21.5469, "sensisol": "moyen", "tcc": "absence", "txamg_v": 0.0, "txamg": "faible", "txetg1_v": 16.33, "txetg1": "moyen", "txetg2_v": 22.08, "txetg2": "moyen", "txetg3_v": null, "txetg3": "faible", "txetg4_v": null, "txetg4": "faible", "txetg5_v": 19.06, "txetg5": "moyen", "veget10_v": 48.480246124102791, "veget10": "moyen", "veget30_v": 30.548640472272144, "veget30": "faible", "veget60_v": 25.515099995435804, "veget60": "faible", "hyd_dyn1": 1.0, "hyd_dyn2": 0.0, "hyd_dyn3": 0.0, "hyd_dyn4": 0.0, "hyd_dyn5": 0.0, "hyd_dyn": 1.0, "hyd_dyn_cl": "tres_faible", "av_hyd_dyn": "-", "hyd_qte1": 1.0, "hyd_qte2": 0.0, "hyd_qte3": 0.0, "hyd_qte4": 0.0, "hyd_qte5": 0.0, "hyd_qte": 1.0, "hyd_qte_cl": "tres_faible", "av_hyd_qte": "-", "hyd_mes1": 0.0, "hyd_mes2": 0.053, "hyd_mes3": 0.827, "hyd_mes4": 0.12, "hyd_mes5": 0.0, "hyd_mes": 3.0, "hyd_mes_cl": "moyen", "av_hyd_mes": "-", "con_amp1": 0.0, "con_amp2": 0.0, "con_amp3": 0.0, "con_amp4": 0.4, "con_amp5": 0.6, "con_amp": 5.0, "con_amp_cl": "tres_fort", "av_con_amp": "-", "con_pro1": 0.0, "con_pro2": 0.0, "con_pro3": 0.5, "con_pro4": 0.5, "con_pro5": 0.0, "con_pro": 4.0, "con_pro_cl": "fort", "av_con_pro": "D", "con_lat1": 0.075, "con_lat2": 0.0, "con_lat3": 0.925, "con_lat4": 0.0, "con_lat5": 0.0, "con_lat": 3.0, "con_lat_cl": "moyen", "av_con_lat": "-", "con_sed1": 0.0, "con_sed2": 0.25, "con_sed3": 0.75, "con_sed4": 0.0, "con_sed5": 0.0, "con_sed": 3.0, "con_sed_cl": "moyen", "av_con_sed": "-", "mor_pll1": 0.0, "mor_pll2": 0.0, "mor_pll3": 0.524, "mor_pll4": 0.476, "mor_pll5": 0.0, "mor_pll": 3.0, "mor_pll_cl": "moyen", "av_mor_pll": "D", "mor_riv1": 0.0, "mor_riv2": 0.12, "mor_riv3": 0.78, "mor_riv4": 0.1, "mor_riv5": 0.0, "mor_riv": 3.0, "mor_riv_cl": "moyen", "av_mor_riv": "-", "mor_ssl1": 0.0, "mor_ssl2": 0.0, "mor_ssl3": 0.388, "mor_ssl4": 0.513, "mor_ssl5": 0.099, "mor_ssl": 4.0, "mor_ssl_cl": "fort", "av_mor_ssl": "-", "av_aggrave": null, "av_attenue": null, "lbbh": "Artois-Picardie", "cdbh": "01", "Score_100": 33.0, "mor_rip": 3 }, "geometry": { "type": "MultiLineString", "coordinates": [ [ [ 1.941140540406997, 50.754734985191945 ], [ 1.941151443679573, 50.75474614827349 ], [ 1.941255850316158, 50.754826002749397 ], [ 1.941335045598773, 50.754893977215879 ], [ 1.941366437751823, 50.754948084894757 ], [ 1.941485853121637, 50.75505408978713 ], [ 1.941598936632111, 50.755125044272269 ], [ 1.941802437016182, 50.75526855489376 ], [ 1.941869302559931, 50.755317579915108 ], [ 1.941937639451622, 50.75536392537073 ], [ 1.942040899584103, 50.755431206531284 ], [ 1.942176462937859, 50.755509530253541 ], [ 1.942270315763934, 50.755553400319798 ], [ 1.942323379524952, 50.755586155599509 ], [ 1.942340421114267, 50.755650011801855 ], [ 1.942341317376435, 50.755741548456008 ], [ 1.942342081020954, 50.755839365373845 ], [ 1.942325215647275, 50.755901138753309 ], [ 1.942273066639806, 50.755959022932196 ], [ 1.94218875904726, 50.756065987666766 ], [ 1.942138061989427, 50.756122089430463 ], [ 1.942028768735971, 50.756206408117833 ], [ 1.941962986957031, 50.756239948017416 ], [ 1.941869403026363, 50.756317221340794 ], [ 1.941810219036302, 50.756373250809318 ], [ 1.941791149596117, 50.756405393030022 ], [ 1.941845590425002, 50.756439954858202 ], [ 1.941967940982708, 50.756474196564007 ], [ 1.942059905884874, 50.756499136343699 ] ] ] } },
{ "type": "Feature", "properties": { "fid": 53, "usra_id": 198855, "usra_id_st": "6046_4", "tgh_id": 6046, "usra_index": 4, "toponyme": "rivière la hem", "longueur": 252.93, "zamont": 73.800003051757798, "zaval": 71.96666971842447, "agri3w_v": 0.0, "agri3w": "faible", "agribv_v": 44.05, "agribv": "fort", "alluvial": "oui", "beton": "absence", "canaux": "absence", "carriere": "absence", "chenal_v": null, "chenal": "faible", "conf": "absence", "conso": 1118.734426493035, "consom1": "faible", "consom2": "faible", "curage": "absence", "dobs1_v": 0.58, "dobs1": "fort", "dobs2_v": 3.14, "dobs2": "fort", "eclu": "absence", "etiage": "fort", "haies_v": 5.1592160602602384, "haies": "fort", "imper_v": 7.08, "imper": "faible", "intercep_v": 0.0, "intercepte": "faible", "montagne": "dessous", "navigable": "non", "obsmax1_v": 2.0, "obsmax1": "moyen", "obsmax2_v": 0.91, "obsmax2": "faible", "orp": "absence", "orp_amont": "absence", "orp_autour": "absence", "orp_aval": "absence", "orp_proche": "absence", "pente2c": "faible", "pente3c": "moyen", "pistes": "absence", "rang": "petit", "rectitud_v": 0.0, "rectitude": "faible", "ret_us": "autre", "ret_vol1_v": 0.0, "ret_vol1": "faible", "ret_vol2_v": 0.0, "ret_vol2": "faible", "sensisol_v": 21.5469, "sensisol": "moyen", "tcc": "absence", "txamg_v": 0.0, "txamg": "faible", "txetg1_v": 16.74, "txetg1": "moyen", "txetg2_v": 21.08, "txetg2": "moyen", "txetg3_v": 32.73, "txetg3": "fort", "txetg4_v": null, "txetg4": "faible", "txetg5_v": 17.57, "txetg5": "moyen", "veget10_v": 55.115530475643638, "veget10": "moyen", "veget30_v": 30.682075666315193, "veget30": "faible", "veget60_v": 19.137010659384902, "veget60": "tres_faible", "hyd_dyn1": 1.0, "hyd_dyn2": 0.0, "hyd_dyn3": 0.0, "hyd_dyn4": 0.0, "hyd_dyn5": 0.0, "hyd_dyn": 1.0, "hyd_dyn_cl": "tres_faible", "av_hyd_dyn": "-", "hyd_qte1": 1.0, "hyd_qte2": 0.0, "hyd_qte3": 0.0, "hyd_qte4": 0.0, "hyd_qte5": 0.0, "hyd_qte": 1.0, "hyd_qte_cl": "tres_faible", "av_hyd_qte": "-", "hyd_mes1": 0.0, "hyd_mes2": 0.175, "hyd_mes3": 0.727, "hyd_mes4": 0.098, "hyd_mes5": 0.0, "hyd_mes": 3.0, "hyd_mes_cl": "moyen", "av_hyd_mes": "-", "con_amp1": 0.0, "con_amp2": 0.0, "con_amp3": 0.0, "con_amp4": 0.4, "con_amp5": 0.6, "con_amp": 5.0, "con_amp_cl": "tres_fort", "av_con_amp": "-", "con_pro1": 0.0, "con_pro2": 0.0, "con_pro3": 0.5, "con_pro4": 0.5, "con_pro5": 0.0, "con_pro": 4.0, "con_pro_cl": "fort", "av_con_pro": "D", "con_lat1": 0.25, "con_lat2": 0.0, "con_lat3": 0.75, "con_lat4": 0.0, "con_lat5": 0.0, "con_lat": 3.0, "con_lat_cl": "moyen", "av_con_lat": "-", "con_sed1": 0.0, "con_sed2": 0.25, "con_sed3": 0.75, "con_sed4": 0.0, "con_sed5": 0.0, "con_sed": 3.0, "con_sed_cl": "moyen", "av_con_sed": "-", "mor_pll1": 0.0, "mor_pll2": 0.0, "mor_pll3": 0.369, "mor_pll4": 0.537, "mor_pll5": 0.094, "mor_pll": 4.0, "mor_pll_cl": "fort", "av_mor_pll": "-", "mor_riv1": 0.0, "mor_riv2": 0.2, "mor_riv3": 0.8, "mor_riv4": 0.0, "mor_riv5": 0.0, "mor_riv": 3.0, "mor_riv_cl": "moyen", "av_mor_riv": "-", "mor_ssl1": 0.0, "mor_ssl2": 0.0, "mor_ssl3": 0.089, "mor_ssl4": 0.447, "mor_ssl5": 0.464, "mor_ssl": 5.0, "mor_ssl_cl": "tres_fort", "av_mor_ssl": "D", "av_aggrave": null, "av_attenue": null, "lbbh": "Artois-Picardie", "cdbh": "01", "Score_100": 26.3, "mor_rip": 3 }, "geometry": { "type": "MultiLineString", "coordinates": [ [ [ 1.942059905884874, 50.756499136343699 ], [ 1.942087500827848, 50.756506619743348 ], [ 1.942222297013712, 50.756554427102756 ], [ 1.942348531313008, 50.756605750930909 ], [ 1.942443990181817, 50.756640660998755 ], [ 1.942475252021028, 50.756701048522956 ], [ 1.942499593493468, 50.756754198504261 ], [ 1.942538363149428, 50.756794010918753 ], [ 1.942599933739876, 50.756825940931996 ], [ 1.942662786225993, 50.756864163194521 ], [ 1.942712719795152, 50.756911249109471 ], [ 1.942777592908555, 50.756920773533949 ], [ 1.9428610994621, 50.756918790730396 ], [ 1.942942926509795, 50.756929356393066 ], [ 1.943036182419012, 50.75693463499713 ], [ 1.943110558863653, 50.756963084117281 ], [ 1.943170564170549, 50.757002179277869 ], [ 1.943265045346723, 50.757016441527092 ], [ 1.943335954893305, 50.757008070071294 ], [ 1.943464457562786, 50.757019031600692 ], [ 1.943567671305536, 50.757021702299177 ], [ 1.943628225814361, 50.75703477899021 ], [ 1.943673430033629, 50.757037854631498 ], [ 1.943707773134505, 50.757019301895205 ], [ 1.943761842195004, 50.757004505899822 ], [ 1.943850703760784, 50.757016925335193 ], [ 1.94382093990879, 50.75708666542689 ], [ 1.943755437321149, 50.75717404907693 ], [ 1.943723128244277, 50.757230307415057 ], [ 1.943707981269525, 50.757277737964493 ], [ 1.943683009057406, 50.757321495768025 ], [ 1.943644025111817, 50.757358853269679 ], [ 1.943682455541754, 50.757414814538549 ], [ 1.943747026751269, 50.757438693336525 ], [ 1.94381725569414, 50.757462620104995 ], [ 1.943909434340176, 50.757519037328244 ], [ 1.943971759010753, 50.757582379935812 ], [ 1.944018808931589, 50.757632132817115 ], [ 1.944072027362761, 50.757657709807255 ], [ 1.944128736705783, 50.757651909464784 ], [ 1.944197045121011, 50.757632747369321 ], [ 1.944238242805595, 50.757632426851103 ] ] ] } },
{ "type": "Feature", "properties": { "fid": 54, "usra_id": 198856, "usra_id_st": "6046_5", "tgh_id": 6046, "usra_index": 5, "toponyme": "rivière la hem", "longueur": 252.93, "zamont": 71.96666971842447, "zaval": 70.133336385091127, "agri3w_v": 30.86, "agri3w": "moyen", "agribv_v": 44.05, "agribv": "fort", "alluvial": "oui", "beton": "absence", "canaux": "absence", "carriere": "absence", "chenal_v": null, "chenal": "faible", "conf": "absence", "conso": 1118.734426493035, "consom1": "faible", "consom2": "faible", "curage": "absence", "dobs1_v": 0.57, "dobs1": "fort", "dobs2_v": 3.14, "dobs2": "fort", "eclu": "absence", "etiage": "fort", "haies_v": 5.1592160602602384, "haies": "fort", "imper_v": 7.08, "imper": "faible", "intercep_v": 0.0, "intercepte": "faible", "montagne": "dessous", "navigable": "non", "obsmax1_v": 2.0, "obsmax1": "moyen", "obsmax2_v": 0.91, "obsmax2": "faible", "orp": "absence", "orp_amont": "absence", "orp_autour": "absence", "orp_aval": "absence", "orp_proche": "absence", "pente2c": "faible", "pente3c": "moyen", "pistes": "absence", "rang": "petit", "rectitud_v": 33.33, "rectitude": "moyen", "ret_us": "autre", "ret_vol1_v": 0.0, "ret_vol1": "faible", "ret_vol2_v": 0.0, "ret_vol2": "faible", "sensisol_v": 21.5469, "sensisol": "moyen", "tcc": "absence", "txamg_v": 0.0, "txamg": "faible", "txetg1_v": 16.33, "txetg1": "moyen", "txetg2_v": 22.34, "txetg2": "moyen", "txetg3_v": 13.66, "txetg3": "moyen", "txetg4_v": null, "txetg4": "faible", "txetg5_v": 16.3, "txetg5": "moyen", "veget10_v": 49.718671789443043, "veget10": "moyen", "veget30_v": 21.782397146111762, "veget30": "faible", "veget60_v": 15.387418811041698, "veget60": "tres_faible", "hyd_dyn1": 1.0, "hyd_dyn2": 0.0, "hyd_dyn3": 0.0, "hyd_dyn4": 0.0, "hyd_dyn5": 0.0, "hyd_dyn": 1.0, "hyd_dyn_cl": "tres_faible", "av_hyd_dyn": "-", "hyd_qte1": 1.0, "hyd_qte2": 0.0, "hyd_qte3": 0.0, "hyd_qte4": 0.0, "hyd_qte5": 0.0, "hyd_qte": 1.0, "hyd_qte_cl": "tres_faible", "av_hyd_qte": "-", "hyd_mes1": 0.0, "hyd_mes2": 0.053, "hyd_mes3": 0.827, "hyd_mes4": 0.12, "hyd_mes5": 0.0, "hyd_mes": 3.0, "hyd_mes_cl": "moyen", "av_hyd_mes": "-", "con_amp1": 0.0, "con_amp2": 0.0, "con_amp3": 0.0, "con_amp4": 0.4, "con_amp5": 0.6, "con_amp": 5.0, "con_amp_cl": "tres_fort", "av_con_amp": "-", "con_pro1": 0.0, "con_pro2": 0.0, "con_pro3": 0.5, "con_pro4": 0.5, "con_pro5": 0.0, "con_pro": 4.0, "con_pro_cl": "fort", "av_con_pro": "D", "con_lat1": 0.075, "con_lat2": 0.0, "con_lat3": 0.925, "con_lat4": 0.0, "con_lat5": 0.0, "con_lat": 3.0, "con_lat_cl": "moyen", "av_con_lat": "-", "con_sed1": 0.0, "con_sed2": 0.25, "con_sed3": 0.75, "con_sed4": 0.0, "con_sed5": 0.0, "con_sed": 3.0, "con_sed_cl": "moyen", "av_con_sed": "-", "mor_pll1": 0.0, "mor_pll2": 0.0, "mor_pll3": 0.359, "mor_pll4": 0.545, "mor_pll5": 0.096, "mor_pll": 4.0, "mor_pll_cl": "fort", "av_mor_pll": "-", "mor_riv1": 0.0, "mor_riv2": 0.12, "mor_riv3": 0.78, "mor_riv4": 0.1, "mor_riv5": 0.0, "mor_riv": 3.0, "mor_riv_cl": "moyen", "av_mor_riv": "-", "mor_ssl1": 0.0, "mor_ssl2": 0.0, "mor_ssl3": 0.196, "mor_ssl4": 0.536, "mor_ssl5": 0.268, "mor_ssl": 4.0, "mor_ssl_cl": "fort", "av_mor_ssl": "-", "av_aggrave": null, "av_attenue": null, "lbbh": "Artois-Picardie", "cdbh": "01", "Score_100": 33.1, "mor_rip": 3 }, "geometry": { "type": "MultiLineString", "coordinates": [ [ [ 1.944238242805595, 50.757632426851103 ], [ 1.944252226524744, 50.757632318054583 ], [ 1.944284417839129, 50.757648743207028 ], [ 1.944287828995176, 50.757688255120847 ], [ 1.944304159100747, 50.757718903192988 ], [ 1.944350854046673, 50.757718401860423 ], [ 1.944436438109539, 50.757685028693814 ], [ 1.944506123060516, 50.757667672784194 ], [ 1.944549875666902, 50.757672530471254 ], [ 1.944594683488288, 50.757694446558389 ], [ 1.944644959997056, 50.757725382397155 ], [ 1.944663873421343, 50.757767717744798 ], [ 1.944636432148488, 50.757794405303606 ], [ 1.944580569935797, 50.7578271332683 ], [ 1.944538023639762, 50.757832156565762 ], [ 1.944530100663575, 50.75787246969746 ], [ 1.9445379065795, 50.757904840131353 ], [ 1.944575547914137, 50.757931182151658 ], [ 1.944637612745037, 50.757939784427123 ], [ 1.944706277149221, 50.757970876122307 ], [ 1.94472932059573, 50.758018630495776 ], [ 1.944705838959002, 50.758058811727388 ], [ 1.944636134627436, 50.758077064918155 ], [ 1.944555511805246, 50.758076381355664 ], [ 1.944532464873913, 50.758095927420541 ], [ 1.944528841885591, 50.758133584976449 ], [ 1.944557769876017, 50.758170621188221 ], [ 1.944664832357216, 50.75819216771972 ], [ 1.944735346353192, 50.758202636250928 ], [ 1.944766123753029, 50.758219049273848 ], [ 1.944744453470876, 50.758240401722986 ], [ 1.944721425441948, 50.758259050638586 ], [ 1.944717764775451, 50.758298502549366 ], [ 1.944727155458357, 50.758322810327577 ], [ 1.944778431253576, 50.758373496017541 ], [ 1.944820675546846, 50.758382827510225 ], [ 1.944854489894604, 50.758389395514691 ], [ 1.945014567798858, 50.758379086881376 ], [ 1.945075823546805, 50.758358967207556 ], [ 1.945141001331391, 50.758354135510338 ], [ 1.945237126802169, 50.75835764206775 ], [ 1.945510756684012, 50.758329450779868 ], [ 1.94570074530879, 50.758309523906135 ], [ 1.945902294795831, 50.758278029228052 ], [ 1.946088247423159, 50.758248196853373 ], [ 1.946188785980028, 50.758243663985859 ], [ 1.946235846350889, 50.758256571817121 ] ] ] } },
{ "type": "Feature", "properties": { "fid": 55, "usra_id": 198861, "usra_id_st": "6046_6", "tgh_id": 6046, "usra_index": 6, "toponyme": "rivière la hem", "longueur": 252.93, "zamont": 70.133336385091127, "zaval": 68.300003051757798, "agri3w_v": 14.78, "agri3w": "faible", "agribv_v": 44.05, "agribv": "fort", "alluvial": "oui", "beton": "absence", "canaux": "absence", "carriere": "absence", "chenal_v": null, "chenal": "faible", "conf": "absence", "conso": 1118.734426493035, "consom1": "faible", "consom2": "faible", "curage": "absence", "dobs1_v": 0.55, "dobs1": "fort", "dobs2_v": 2.91, "dobs2": "fort", "eclu": "absence", "etiage": "fort", "haies_v": 5.1592160602602384, "haies": "fort", "imper_v": 7.08, "imper": "faible", "intercep_v": 0.0, "intercepte": "faible", "montagne": "dessous", "navigable": "non", "obsmax1_v": 2.0, "obsmax1": "moyen", "obsmax2_v": 0.91, "obsmax2": "faible", "orp": "absence", "orp_amont": "absence", "orp_autour": "absence", "orp_aval": "absence", "orp_proche": "absence", "pente2c": "faible", "pente3c": "moyen", "pistes": "absence", "rang": "petit", "rectitud_v": 66.67, "rectitude": "fort", "ret_us": "autre", "ret_vol1_v": 0.0, "ret_vol1": "faible", "ret_vol2_v": 0.0, "ret_vol2": "faible", "sensisol_v": 21.5469, "sensisol": "moyen", "tcc": "absence", "txamg_v": 0.0, "txamg": "faible", "txetg1_v": 16.4, "txetg1": "moyen", "txetg2_v": 22.7, "txetg2": "moyen", "txetg3_v": 44.8, "txetg3": "fort", "txetg4_v": null, "txetg4": "faible", "txetg5_v": 15.19, "txetg5": "moyen", "veget10_v": 70.749972193418913, "veget10": "moyen", "veget30_v": 43.556165266678171, "veget30": "moyen", "veget60_v": 29.789620535241919, "veget60": "faible", "hyd_dyn1": 1.0, "hyd_dyn2": 0.0, "hyd_dyn3": 0.0, "hyd_dyn4": 0.0, "hyd_dyn5": 0.0, "hyd_dyn": 1.0, "hyd_dyn_cl": "tres_faible", "av_hyd_dyn": "-", "hyd_qte1": 1.0, "hyd_qte2": 0.0, "hyd_qte3": 0.0, "hyd_qte4": 0.0, "hyd_qte5": 0.0, "hyd_qte": 1.0, "hyd_qte_cl": "tres_faible", "av_hyd_qte": "-", "hyd_mes1": 0.0, "hyd_mes2": 0.0, "hyd_mes3": 0.609, "hyd_mes4": 0.352, "hyd_mes5": 0.039, "hyd_mes": 3.0, "hyd_mes_cl": "moyen", "av_hyd_mes": "-", "con_amp1": 0.0, "con_amp2": 0.0, "con_amp3": 0.0, "con_amp4": 0.4, "con_amp5": 0.6, "con_amp": 5.0, "con_amp_cl": "tres_fort", "av_con_amp": "-", "con_pro1": 0.0, "con_pro2": 0.0, "con_pro3": 0.5, "con_pro4": 0.5, "con_pro5": 0.0, "con_pro": 4.0, "con_pro_cl": "fort", "av_con_pro": "D", "con_lat1": 0.0, "con_lat2": 0.0, "con_lat3": 0.7, "con_lat4": 0.3, "con_lat5": 0.0, "con_lat": 3.0, "con_lat_cl": "moyen", "av_con_lat": "-", "con_sed1": 0.0, "con_sed2": 0.25, "con_sed3": 0.75, "con_sed4": 0.0, "con_sed5": 0.0, "con_sed": 3.0, "con_sed_cl": "moyen", "av_con_sed": "-", "mor_pll1": 0.0, "mor_pll2": 0.0, "mor_pll3": 0.045, "mor_pll4": 0.52, "mor_pll5": 0.435, "mor_pll": 4.0, "mor_pll_cl": "fort", "av_mor_pll": "-", "mor_riv1": 0.04, "mor_riv2": 0.064, "mor_riv3": 0.736, "mor_riv4": 0.16, "mor_riv5": 0.0, "mor_riv": 3.0, "mor_riv_cl": "moyen", "av_mor_riv": "-", "mor_ssl1": 0.0, "mor_ssl2": 0.0, "mor_ssl3": 0.0, "mor_ssl4": 0.245, "mor_ssl5": 0.755, "mor_ssl": 5.0, "mor_ssl_cl": "tres_fort", "av_mor_ssl": "-", "av_aggrave": null, "av_attenue": null, "lbbh": "Artois-Picardie", "cdbh": "01", "Score_100": 30.2, "mor_rip": 3 }, "geometry": { "type": "MultiLineString", "coordinates": [ [ [ 1.946235846350889, 50.758256571817121 ], [ 1.94625630159542, 50.758262182322895 ], [ 1.946361535316244, 50.75830345336972 ], [ 1.946431200514346, 50.758354294018403 ], [ 1.946466052039372, 50.75837881714714 ], [ 1.946521969300391, 50.758410697259293 ], [ 1.946561139732339, 50.758431667552784 ], [ 1.946612776031556, 50.758465306070377 ], [ 1.946629051202953, 50.758498645339472 ], [ 1.946584448484589, 50.758534161459593 ], [ 1.946526059771118, 50.75855251145267 ], [ 1.946492564936762, 50.758597992270971 ], [ 1.946491300474744, 50.758658103275437 ], [ 1.94650674524559, 50.758730918429315 ], [ 1.946566660964946, 50.758774497742884 ], [ 1.946682136862019, 50.758799703054734 ], [ 1.946792087117645, 50.758818580136534 ], [ 1.946856661619431, 50.758842457270646 ], [ 1.94689711492964, 50.758869719663601 ], [ 1.94695567328814, 50.758910595278046 ], [ 1.947015136893418, 50.75897570665466 ], [ 1.947022699365743, 50.75901974020195 ], [ 1.947044349902234, 50.759066584927481 ], [ 1.947115544489875, 50.759112054027234 ], [ 1.947161618301619, 50.759141158534781 ], [ 1.947327412833818, 50.759262803957192 ], [ 1.947448529559703, 50.759356253900478 ], [ 1.947666793655225, 50.759539361407747 ], [ 1.947775369861035, 50.759623731596683 ], [ 1.947882362317713, 50.759716164326321 ], [ 1.94792517467578, 50.759765879705135 ], [ 1.947932888845115, 50.759802735722054 ], [ 1.947924855205608, 50.759848432015623 ], [ 1.94794658233208, 50.759891687814651 ], [ 1.947996636963659, 50.759933388328051 ], [ 1.948016100582254, 50.759949704874629 ], [ 1.948053933734017, 50.759967073985663 ] ] ] } },
{ "type": "Feature", "properties": { "fid": 56, "usra_id": 562605, "usra_id_st": "500631_1", "tgh_id": 500631, "usra_index": 1, "toponyme": "HEM", "longueur": 286.28, "zamont": 104.0, "zaval": 101.42352945664351, "agri3w_v": 0.0, "agri3w": "faible", "agribv_v": 44.05, "agribv": "fort", "alluvial": "oui", "beton": "absence", "canaux": "absence", "carriere": "absence", "chenal_v": null, "chenal": "faible", "conf": "absence", "conso": 1118.734426493035, "consom1": "faible", "consom2": "faible", "curage": "absence", "dobs1_v": 0.7, "dobs1": "fort", "dobs2_v": 2.33, "dobs2": "fort", "eclu": "absence", "etiage": "fort", "haies_v": 5.1592160602602384, "haies": "fort", "imper_v": 7.08, "imper": "faible", "intercep_v": 0.0, "intercepte": "faible", "montagne": "dessous", "navigable": "non", "obsmax1_v": 2.0, "obsmax1": "moyen", "obsmax2_v": 0.7, "obsmax2": "faible", "orp": "absence", "orp_amont": "absence", "orp_autour": "absence", "orp_aval": "absence", "orp_proche": "absence", "pente2c": "faible", "pente3c": "moyen", "pistes": "absence", "rang": "petit", "rectitud_v": 100.0, "rectitude": "fort", "ret_us": "autre", "ret_vol1_v": 0.0, "ret_vol1": "faible", "ret_vol2_v": 0.0, "ret_vol2": "faible", "sensisol_v": 21.5469, "sensisol": "moyen", "tcc": "absence", "txamg_v": 0.43, "txamg": "faible", "txetg1_v": 17.54, "txetg1": "moyen", "txetg2_v": 13.59, "txetg2": "moyen", "txetg3_v": null, "txetg3": "faible", "txetg4_v": null, "txetg4": "faible", "txetg5_v": null, "txetg5": "faible", "veget10_v": 84.549782836638727, "veget10": "fort", "veget30_v": 48.588316821132707, "veget30": "moyen", "veget60_v": 26.879960454847556, "veget60": "faible", "hyd_dyn1": 1.0, "hyd_dyn2": 0.0, "hyd_dyn3": 0.0, "hyd_dyn4": 0.0, "hyd_dyn5": 0.0, "hyd_dyn": 1.0, "hyd_dyn_cl": "tres_faible", "av_hyd_dyn": "-", "hyd_qte1": 1.0, "hyd_qte2": 0.0, "hyd_qte3": 0.0, "hyd_qte4": 0.0, "hyd_qte5": 0.0, "hyd_qte": 1.0, "hyd_qte_cl": "tres_faible", "av_hyd_qte": "-", "hyd_mes1": 0.0, "hyd_mes2": 0.0, "hyd_mes3": 0.609, "hyd_mes4": 0.352, "hyd_mes5": 0.039, "hyd_mes": 3.0, "hyd_mes_cl": "moyen", "av_hyd_mes": "-", "con_amp1": 0.0, "con_amp2": 0.0, "con_amp3": 0.0, "con_amp4": 0.4, "con_amp5": 0.6, "con_amp": 5.0, "con_amp_cl": "tres_fort", "av_con_amp": "-", "con_pro1": 0.0, "con_pro2": 0.0, "con_pro3": 0.5, "con_pro4": 0.5, "con_pro5": 0.0, "con_pro": 4.0, "con_pro_cl": "fort", "av_con_pro": "D", "con_lat1": 0.0, "con_lat2": 0.0, "con_lat3": 0.7, "con_lat4": 0.3, "con_lat5": 0.0, "con_lat": 3.0, "con_lat_cl": "moyen", "av_con_lat": "-", "con_sed1": 1.0, "con_sed2": 0.0, "con_sed3": 0.0, "con_sed4": 0.0, "con_sed5": 0.0, "con_sed": 1.0, "con_sed_cl": "tres_faible", "av_con_sed": "-", "mor_pll1": 0.0, "mor_pll2": 0.0, "mor_pll3": 0.228, "mor_pll4": 0.498, "mor_pll5": 0.275, "mor_pll": 4.0, "mor_pll_cl": "fort", "av_mor_pll": "-", "mor_riv1": 0.15, "mor_riv2": 0.13, "mor_riv3": 0.67, "mor_riv4": 0.05, "mor_riv5": 0.0, "mor_riv": 3.0, "mor_riv_cl": "moyen", "av_mor_riv": "-", "mor_ssl1": 0.0, "mor_ssl2": 0.0, "mor_ssl3": 0.171, "mor_ssl4": 0.529, "mor_ssl5": 0.3, "mor_ssl": 4.0, "mor_ssl_cl": "fort", "av_mor_ssl": "-", "av_aggrave": null, "av_attenue": null, "lbbh": "Artois-Picardie", "cdbh": "01", "Score_100": 19.8, "mor_rip": 1 }, "geometry": { "type": "MultiLineString", "coordinates": [ [ [ 1.904048364995928, 50.747549447286097 ], [ 1.904225367653967, 50.747604847524634 ], [ 1.90449554642447, 50.747668246619789 ], [ 1.904833349307364, 50.747743905905253 ], [ 1.90505882634332, 50.747781784289629 ], [ 1.905215993809452, 50.747838803288779 ], [ 1.905418573540028, 50.747953652527421 ], [ 1.905672553353032, 50.748046519397491 ], [ 1.905925041581648, 50.748142962052974 ], [ 1.90622997181058, 50.748234480922463 ], [ 1.90640261933212, 50.748295223843762 ], [ 1.906517874589163, 50.748328541492526 ], [ 1.906572478136081, 50.748354147297029 ], [ 1.90662193428052, 50.748356376519745 ], [ 1.906719334525699, 50.748365308418279 ], [ 1.90682201941084, 50.748391336479898 ], [ 1.906917535747493, 50.748421788287629 ], [ 1.907050568820734, 50.748483079696442 ], [ 1.9071720736592, 50.748554140671025 ], [ 1.907312829102692, 50.748650496574221 ], [ 1.907473265963897, 50.748752409225261 ], [ 1.907527213534983, 50.748783434077566 ] ] ] } },
{ "type": "Feature", "properties": { "fid": 57, "usra_id": 562607, "usra_id_st": "500631_2", "tgh_id": 500631, "usra_index": 2, "toponyme": "HEM", "longueur": 286.28, "zamont": 101.42352945664351, "zaval": 98.847058913287015, "agri3w_v": 0.0, "agri3w": "faible", "agribv_v": 44.05, "agribv": "fort", "alluvial": "oui", "beton": "absence", "canaux": "absence", "carriere": "absence", "chenal_v": null, "chenal": "faible", "conf": "absence", "conso": 1118.734426493035, "consom1": "faible", "consom2": "faible", "curage": "absence", "dobs1_v": 0.71, "dobs1": "fort", "dobs2_v": 2.0, "dobs2": "fort", "eclu": "absence", "etiage": "fort", "haies_v": 5.1592160602602384, "haies": "fort", "imper_v": 7.08, "imper": "faible", "intercep_v": 0.0, "intercepte": "faible", "montagne": "dessous", "navigable": "non", "obsmax1_v": 2.0, "obsmax1": "moyen", "obsmax2_v": 0.7, "obsmax2": "faible", "orp": "absence", "orp_amont": "absence", "orp_autour": "absence", "orp_aval": "absence", "orp_proche": "absence", "pente2c": "faible", "pente3c": "moyen", "pistes": "absence", "rang": "petit", "rectitud_v": 33.33, "rectitude": "moyen", "ret_us": "autre", "ret_vol1_v": 0.0, "ret_vol1": "faible", "ret_vol2_v": 0.0, "ret_vol2": "faible", "sensisol_v": 21.5469, "sensisol": "moyen", "tcc": "absence", "txamg_v": 30.6, "txamg": "fort", "txetg1_v": 17.97, "txetg1": "moyen", "txetg2_v": 11.65, "txetg2": "moyen", "txetg3_v": null, "txetg3": "faible", "txetg4_v": null, "txetg4": "faible", "txetg5_v": null, "txetg5": "faible", "veget10_v": 57.219957768223097, "veget10": "moyen", "veget30_v": 28.147258895944788, "veget30": "faible", "veget60_v": 17.963024454845254, "veget60": "tres_faible", "hyd_dyn1": 1.0, "hyd_dyn2": 0.0, "hyd_dyn3": 0.0, "hyd_dyn4": 0.0, "hyd_dyn5": 0.0, "hyd_dyn": 1.0, "hyd_dyn_cl": "tres_faible", "av_hyd_dyn": "-", "hyd_qte1": 1.0, "hyd_qte2": 0.0, "hyd_qte3": 0.0, "hyd_qte4": 0.0, "hyd_qte5": 0.0, "hyd_qte": 1.0, "hyd_qte_cl": "tres_faible", "av_hyd_qte": "-", "hyd_mes1": 0.0, "hyd_mes2": 0.21, "hyd_mes3": 0.699, "hyd_mes4": 0.091, "hyd_mes5": 0.0, "hyd_mes": 3.0, "hyd_mes_cl": "moyen", "av_hyd_mes": "-", "con_amp1": 0.0, "con_amp2": 0.0, "con_amp3": 0.0, "con_amp4": 0.4, "con_amp5": 0.6, "con_amp": 5.0, "con_amp_cl": "tres_fort", "av_con_amp": "-", "con_pro1": 0.0, "con_pro2": 0.0, "con_pro3": 0.5, "con_pro4": 0.5, "con_pro5": 0.0, "con_pro": 4.0, "con_pro_cl": "fort", "av_con_pro": "D", "con_lat1": 0.06, "con_lat2": 0.0, "con_lat3": 0.744, "con_lat4": 0.196, "con_lat5": 0.0, "con_lat": 3.0, "con_lat_cl": "moyen", "av_con_lat": "-", "con_sed1": 1.0, "con_sed2": 0.0, "con_sed3": 0.0, "con_sed4": 0.0, "con_sed5": 0.0, "con_sed": 1.0, "con_sed_cl": "tres_faible", "av_con_sed": "-", "mor_pll1": 0.0, "mor_pll2": 0.0, "mor_pll3": 0.299, "mor_pll4": 0.551, "mor_pll5": 0.15, "mor_pll": 4.0, "mor_pll_cl": "fort", "av_mor_pll": "-", "mor_riv1": 0.0, "mor_riv2": 0.024, "mor_riv3": 0.756, "mor_riv4": 0.22, "mor_riv5": 0.0, "mor_riv": 3.0, "mor_riv_cl": "moyen", "av_mor_riv": "-", "mor_ssl1": 0.0, "mor_ssl2": 0.0, "mor_ssl3": 0.44, "mor_ssl4": 0.477, "mor_ssl5": 0.083, "mor_ssl": 4.0, "mor_ssl_cl": "fort", "av_mor_ssl": "D", "av_aggrave": null, "av_attenue": null, "lbbh": "Artois-Picardie", "cdbh": "01", "Score_100": 30.4, "mor_rip": 3 }, "geometry": { "type": "MultiLineString", "coordinates": [ [ [ 1.907527213534983, 50.748783434077566 ], [ 1.907579431461526, 50.748813464163739 ], [ 1.9076523615397, 50.748841922403805 ], [ 1.907775022278159, 50.748860048752228 ], [ 1.907849581872924, 50.748878650234666 ], [ 1.907901612645456, 50.748892567190993 ], [ 1.908008228799487, 50.748932986463899 ], [ 1.908096715156678, 50.748961580927741 ], [ 1.908156110264727, 50.748962102016023 ], [ 1.908237604123552, 50.748987045600167 ], [ 1.908279247091063, 50.749023305215296 ], [ 1.908349903409646, 50.74909122682832 ], [ 1.908434291106202, 50.749178113338012 ], [ 1.908510330873045, 50.749258645062021 ], [ 1.908556907686033, 50.749328150060478 ], [ 1.90858525665061, 50.749390316327151 ], [ 1.908634544774072, 50.74946522920068 ], [ 1.908690056626464, 50.749514173262405 ], [ 1.908772340404926, 50.749567838817761 ], [ 1.908903651924723, 50.749643470709223 ], [ 1.909029131216225, 50.749727127536794 ], [ 1.909166237078347, 50.749796528421427 ], [ 1.909286900440972, 50.749841556420044 ], [ 1.9094274604253, 50.749882271862347 ], [ 1.909490337478967, 50.749917819716948 ], [ 1.909540408719279, 50.749956844762593 ], [ 1.909563239177353, 50.750012680887814 ], [ 1.909592390516756, 50.750038062270178 ], [ 1.909633207021927, 50.750047393430464 ], [ 1.909685337146571, 50.750056823690784 ], [ 1.909694162489419, 50.750106255595874 ], [ 1.909724610985083, 50.750137032443 ], [ 1.909838818293965, 50.750218794911895 ], [ 1.909929277312509, 50.7502868889271 ], [ 1.909998855333185, 50.750339544946151 ], [ 1.910020701765101, 50.750375630504912 ], [ 1.910019959903652, 50.75040972352533 ], [ 1.909990289543945, 50.750473175927752 ], [ 1.909979355315351, 50.750520640011551 ], [ 1.909972644187571, 50.750569038433113 ], [ 1.909974540532978, 50.750587057444548 ] ] ] } },
{ "type": "Feature", "properties": { "fid": 58, "usra_id": 562613, "usra_id_st": "500631_3", "tgh_id": 500631, "usra_index": 3, "toponyme": "HEM", "longueur": 286.28, "zamont": 98.847058913287015, "zaval": 96.270588369930493, "agri3w_v": 0.0, "agri3w": "faible", "agribv_v": 44.05, "agribv": "fort", "alluvial": "oui", "beton": "absence", "canaux": "absence", "carriere": "absence", "chenal_v": null, "chenal": "faible", "conf": "absence", "conso": 1118.734426493035, "consom1": "faible", "consom2": "faible", "curage": "absence", "dobs1_v": 0.71, "dobs1": "fort", "dobs2_v": 2.62, "dobs2": "fort", "eclu": "absence", "etiage": "fort", "haies_v": 5.1592160602602384, "haies": "fort", "imper_v": 7.08, "imper": "faible", "intercep_v": 0.0, "intercepte": "faible", "montagne": "dessous", "navigable": "non", "obsmax1_v": 2.0, "obsmax1": "moyen", "obsmax2_v": 0.7, "obsmax2": "faible", "orp": "absence", "orp_amont": "absence", "orp_autour": "absence", "orp_aval": "absence", "orp_proche": "absence", "pente2c": "faible", "pente3c": "moyen", "pistes": "absence", "rang": "petit", "rectitud_v": 33.33, "rectitude": "moyen", "ret_us": "autre", "ret_vol1_v": 0.0, "ret_vol1": "faible", "ret_vol2_v": 0.0, "ret_vol2": "faible", "sensisol_v": 21.5469, "sensisol": "moyen", "tcc": "absence", "txamg_v": 17.94, "txamg": "moyen", "txetg1_v": 18.42, "txetg1": "moyen", "txetg2_v": 13.83, "txetg2": "moyen", "txetg3_v": 11.68, "txetg3": "moyen", "txetg4_v": null, "txetg4": "faible", "txetg5_v": null, "txetg5": "faible", "veget10_v": 31.744097759875974, "veget10": "faible", "veget30_v": 16.964452549582397, "veget30": "tres_faible", "veget60_v": 14.387858241376264, "veget60": "tres_faible", "hyd_dyn1": 1.0, "hyd_dyn2": 0.0, "hyd_dyn3": 0.0, "hyd_dyn4": 0.0, "hyd_dyn5": 0.0, "hyd_dyn": 1.0, "hyd_dyn_cl": "tres_faible", "av_hyd_dyn": "-", "hyd_qte1": 1.0, "hyd_qte2": 0.0, "hyd_qte3": 0.0, "hyd_qte4": 0.0, "hyd_qte5": 0.0, "hyd_qte": 1.0, "hyd_qte_cl": "tres_faible", "av_hyd_qte": "-", "hyd_mes1": 0.0, "hyd_mes2": 0.21, "hyd_mes3": 0.699, "hyd_mes4": 0.091, "hyd_mes5": 0.0, "hyd_mes": 3.0, "hyd_mes_cl": "moyen", "av_hyd_mes": "-", "con_amp1": 0.0, "con_amp2": 0.0, "con_amp3": 0.0, "con_amp4": 0.4, "con_amp5": 0.6, "con_amp": 5.0, "con_amp_cl": "tres_fort", "av_con_amp": "-", "con_pro1": 0.0, "con_pro2": 0.0, "con_pro3": 0.5, "con_pro4": 0.5, "con_pro5": 0.0, "con_pro": 4.0, "con_pro_cl": "fort", "av_con_pro": "D", "con_lat1": 0.18, "con_lat2": 0.0, "con_lat3": 0.722, "con_lat4": 0.098, "con_lat5": 0.0, "con_lat": 3.0, "con_lat_cl": "moyen", "av_con_lat": "-", "con_sed1": 1.0, "con_sed2": 0.0, "con_sed3": 0.0, "con_sed4": 0.0, "con_sed5": 0.0, "con_sed": 1.0, "con_sed_cl": "tres_faible", "av_con_sed": "-", "mor_pll1": 0.036, "mor_pll2": 0.0, "mor_pll3": 0.522, "mor_pll4": 0.387, "mor_pll5": 0.055, "mor_pll": 3.0, "mor_pll_cl": "moyen", "av_mor_pll": "-", "mor_riv1": 0.0, "mor_riv2": 0.029, "mor_riv3": 0.307, "mor_riv4": 0.472, "mor_riv5": 0.192, "mor_riv": 4.0, "mor_riv_cl": "fort", "av_mor_riv": "-", "mor_ssl1": 0.0, "mor_ssl2": 0.0, "mor_ssl3": 0.231, "mor_ssl4": 0.524, "mor_ssl5": 0.245, "mor_ssl": 4.0, "mor_ssl_cl": "fort", "av_mor_ssl": "-", "av_aggrave": null, "av_attenue": null, "lbbh": "Artois-Picardie", "cdbh": "01", "Score_100": 28.4, "mor_rip": 4 }, "geometry": { "type": "MultiLineString", "coordinates": [ [ [ 1.909974540532978, 50.750587057444548 ], [ 1.909978504806689, 50.750624725798957 ], [ 1.909983615017562, 50.750649896505429 ], [ 1.910000312302049, 50.750662605714446 ], [ 1.910154032588864, 50.750683693699393 ], [ 1.910317847712625, 50.750695896323954 ], [ 1.910489836000779, 50.750722527962957 ], [ 1.910671275257627, 50.75076988124907 ], [ 1.910903275734072, 50.750833829104934 ], [ 1.911033725696915, 50.750884325071205 ], [ 1.91108385761713, 50.75092065788624 ], [ 1.911150053168548, 50.750933799988793 ], [ 1.91124347006728, 50.750931027800092 ], [ 1.911351419191939, 50.750910435559142 ], [ 1.911428216293901, 50.750891365471546 ], [ 1.911491416999613, 50.750847050489192 ], [ 1.911529064117571, 50.750806998769491 ], [ 1.911557329065808, 50.750808143314067 ], [ 1.91160953832182, 50.750813984019942 ], [ 1.911668740729585, 50.750823475274672 ], [ 1.911781761597652, 50.75082984765627 ], [ 1.911883254325563, 50.750845990051303 ], [ 1.912126512047966, 50.750912726085367 ], [ 1.912167173862427, 50.750929233877137 ], [ 1.912189392310325, 50.750948272520965 ], [ 1.912177532940763, 50.750973294795948 ], [ 1.91215282860155, 50.75100358892535 ], [ 1.912122233494281, 50.751044599813291 ], [ 1.912124126660594, 50.751087689375893 ], [ 1.912175490320604, 50.751197615553593 ], [ 1.912216767786588, 50.751250920224557 ], [ 1.912244273157257, 50.751287054784449 ], [ 1.912353309385131, 50.751411842542979 ], [ 1.91240531673344, 50.751492161513099 ], [ 1.912450077711977, 50.751580493315139 ], [ 1.912496350489215, 50.751664351529435 ], [ 1.912583130232722, 50.751771894817033 ], [ 1.912634216957703, 50.751825473310831 ] ] ] } },
{ "type": "Feature", "properties": { "fid": 59, "usra_id": 562616, "usra_id_st": "500631_4", "tgh_id": 500631, "usra_index": 4, "toponyme": "HEM", "longueur": 286.28, "zamont": 96.270588369930493, "zaval": 93.694117826574001, "agri3w_v": 0.0, "agri3w": "faible", "agribv_v": 44.05, "agribv": "fort", "alluvial": "oui", "beton": "absence", "canaux": "absence", "carriere": "absence", "chenal_v": null, "chenal": "faible", "conf": "absence", "conso": 1118.734426493035, "consom1": "faible", "consom2": "faible", "curage": "absence", "dobs1_v": 0.7, "dobs1": "fort", "dobs2_v": 3.1, "dobs2": "fort", "eclu": "absence", "etiage": "fort", "haies_v": 5.1592160602602384, "haies": "fort", "imper_v": 7.08, "imper": "faible", "intercep_v": 0.0, "intercepte": "faible", "montagne": "dessous", "navigable": "non", "obsmax1_v": 2.0, "obsmax1": "moyen", "obsmax2_v": 0.8, "obsmax2": "faible", "orp": "absence", "orp_amont": "absence", "orp_autour": "absence", "orp_aval": "absence", "orp_proche": "absence", "pente2c": "faible", "pente3c": "moyen", "pistes": "absence", "rang": "petit", "rectitud_v": 66.67, "rectitude": "fort", "ret_us": "autre", "ret_vol1_v": 0.0, "ret_vol1": "faible", "ret_vol2_v": 0.0, "ret_vol2": "faible", "sensisol_v": 21.5469, "sensisol": "moyen", "tcc": "absence", "txamg_v": 0.0, "txamg": "faible", "txetg1_v": 18.59, "txetg1": "moyen", "txetg2_v": 17.9, "txetg2": "moyen", "txetg3_v": 27.15, "txetg3": "moyen", "txetg4_v": null, "txetg4": "faible", "txetg5_v": null, "txetg5": "faible", "veget10_v": 26.113999786060244, "veget10": "faible", "veget30_v": 18.754908441810763, "veget30": "tres_faible", "veget60_v": 14.409360277146401, "veget60": "tres_faible", "hyd_dyn1": 1.0, "hyd_dyn2": 0.0, "hyd_dyn3": 0.0, "hyd_dyn4": 0.0, "hyd_dyn5": 0.0, "hyd_dyn": 1.0, "hyd_dyn_cl": "tres_faible", "av_hyd_dyn": "-", "hyd_qte1": 1.0, "hyd_qte2": 0.0, "hyd_qte3": 0.0, "hyd_qte4": 0.0, "hyd_qte5": 0.0, "hyd_qte": 1.0, "hyd_qte_cl": "tres_faible", "av_hyd_qte": "-", "hyd_mes1": 0.0, "hyd_mes2": 0.0, "hyd_mes3": 0.609, "hyd_mes4": 0.352, "hyd_mes5": 0.039, "hyd_mes": 3.0, "hyd_mes_cl": "moyen", "av_hyd_mes": "-", "con_amp1": 0.0, "con_amp2": 0.0, "con_amp3": 0.0, "con_amp4": 0.4, "con_amp5": 0.6, "con_amp": 5.0, "con_amp_cl": "tres_fort", "av_con_amp": "-", "con_pro1": 0.0, "con_pro2": 0.0, "con_pro3": 0.5, "con_pro4": 0.5, "con_pro5": 0.0, "con_pro": 4.0, "con_pro_cl": "fort", "av_con_pro": "D", "con_lat1": 0.0, "con_lat2": 0.0, "con_lat3": 0.7, "con_lat4": 0.3, "con_lat5": 0.0, "con_lat": 3.0, "con_lat_cl": "moyen", "av_con_lat": "-", "con_sed1": 1.0, "con_sed2": 0.0, "con_sed3": 0.0, "con_sed4": 0.0, "con_sed5": 0.0, "con_sed": 1.0, "con_sed_cl": "tres_faible", "av_con_sed": "-", "mor_pll1": 0.0, "mor_pll2": 0.0, "mor_pll3": 0.136, "mor_pll4": 0.509, "mor_pll5": 0.355, "mor_pll": 4.0, "mor_pll_cl": "fort", "av_mor_pll": "-", "mor_riv1": 0.0, "mor_riv2": 0.016, "mor_riv3": 0.304, "mor_riv4": 0.44, "mor_riv5": 0.24, "mor_riv": 4.0, "mor_riv_cl": "fort", "av_mor_riv": "-", "mor_ssl1": 0.0, "mor_ssl2": 0.0, "mor_ssl3": 0.069, "mor_ssl4": 0.358, "mor_ssl5": 0.573, "mor_ssl": 5.0, "mor_ssl_cl": "tres_fort", "av_mor_ssl": "-", "av_aggrave": null, "av_attenue": null, "lbbh": "Artois-Picardie", "cdbh": "01", "Score_100": 26.3, "mor_rip": 4 }, "geometry": { "type": "MultiLineString", "coordinates": [ [ [ 1.912634216957703, 50.751825473310831 ], [ 1.912677176369133, 50.751870527970844 ], [ 1.912801245977684, 50.75201967507202 ], [ 1.912834156075109, 50.752067522252005 ], [ 1.912839092612463, 50.75210076743209 ], [ 1.912828511242966, 50.75213208235845 ], [ 1.912769708675229, 50.752169257533602 ], [ 1.912648094204819, 50.752232804536234 ], [ 1.912588091372742, 50.752260098255718 ], [ 1.912537813019908, 50.752295553085318 ], [ 1.91256039467176, 50.75236305183504 ], [ 1.912599811262875, 50.752436979123175 ], [ 1.912625533232064, 50.752490147641836 ], [ 1.912682252373322, 50.752548971058893 ], [ 1.912768359798423, 50.752622408797961 ], [ 1.912833545436428, 50.752682203440379 ], [ 1.912853571726194, 50.752737116842788 ], [ 1.912855270857336, 50.752789178103185 ], [ 1.912880876444189, 50.752847729631846 ], [ 1.912941410766306, 50.752926327956033 ], [ 1.912968333453573, 50.752989377715004 ], [ 1.912971505410688, 50.753038759760827 ], [ 1.913001198359904, 50.753104525749968 ], [ 1.913039934746531, 50.753209854164879 ], [ 1.913085956920808, 50.753305375309431 ], [ 1.913117504133394, 50.753611647508535 ], [ 1.913120416296195, 50.753738199397461 ], [ 1.913119481809904, 50.753781264068948 ], [ 1.913130003772849, 50.753948263144309 ], [ 1.913119181679177, 50.754055850683692 ], [ 1.913106419562376, 50.754187649716798 ], [ 1.913130501607767, 50.754189648794721 ] ] ] } },
{ "type": "Feature", "properties": { "fid": 60, "usra_id": 562618, "usra_id_st": "500631_5", "tgh_id": 500631, "usra_index": 5, "toponyme": "HEM", "longueur": 286.28, "zamont": 93.694117826574001, "zaval": 91.117647283217508, "agri3w_v": 0.0, "agri3w": "faible", "agribv_v": 44.05, "agribv": "fort", "alluvial": "oui", "beton": "absence", "canaux": "absence", "carriere": "absence", "chenal_v": null, "chenal": "faible", "conf": "absence", "conso": 1118.734426493035, "consom1": "faible", "consom2": "faible", "curage": "absence", "dobs1_v": 0.68, "dobs1": "fort", "dobs2_v": 2.79, "dobs2": "fort", "eclu": "absence", "etiage": "fort", "haies_v": 5.1592160602602384, "haies": "fort", "imper_v": 7.08, "imper": "faible", "intercep_v": 0.0, "intercepte": "faible", "montagne": "dessous", "navigable": "non", "obsmax1_v": 2.0, "obsmax1": "moyen", "obsmax2_v": 0.8, "obsmax2": "faible", "orp": "absence", "orp_amont": "absence", "orp_autour": "absence", "orp_aval": "absence", "orp_proche": "absence", "pente2c": "faible", "pente3c": "moyen", "pistes": "absence", "rang": "petit", "rectitud_v": 33.33, "rectitude": "moyen", "ret_us": "autre", "ret_vol1_v": 0.0, "ret_vol1": "faible", "ret_vol2_v": 0.0, "ret_vol2": "faible", "sensisol_v": 21.5469, "sensisol": "moyen", "tcc": "absence", "txamg_v": 0.0, "txamg": "faible", "txetg1_v": 18.36, "txetg1": "moyen", "txetg2_v": 16.11, "txetg2": "moyen", "txetg3_v": 40.04, "txetg3": "fort", "txetg4_v": null, "txetg4": "faible", "txetg5_v": null, "txetg5": "faible", "veget10_v": 54.594367289419033, "veget10": "moyen", "veget30_v": 26.447848844426847, "veget30": "faible", "veget60_v": 22.173039920362513, "veget60": "faible", "hyd_dyn1": 1.0, "hyd_dyn2": 0.0, "hyd_dyn3": 0.0, "hyd_dyn4": 0.0, "hyd_dyn5": 0.0, "hyd_dyn": 1.0, "hyd_dyn_cl": "tres_faible", "av_hyd_dyn": "-", "hyd_qte1": 1.0, "hyd_qte2": 0.0, "hyd_qte3": 0.0, "hyd_qte4": 0.0, "hyd_qte5": 0.0, "hyd_qte": 1.0, "hyd_qte_cl": "tres_faible", "av_hyd_qte": "-", "hyd_mes1": 0.0, "hyd_mes2": 0.21, "hyd_mes3": 0.699, "hyd_mes4": 0.091, "hyd_mes5": 0.0, "hyd_mes": 3.0, "hyd_mes_cl": "moyen", "av_hyd_mes": "-", "con_amp1": 0.0, "con_amp2": 0.0, "con_amp3": 0.0, "con_amp4": 0.4, "con_amp5": 0.6, "con_amp": 5.0, "con_amp_cl": "tres_fort", "av_con_amp": "-", "con_pro1": 0.0, "con_pro2": 0.0, "con_pro3": 0.5, "con_pro4": 0.5, "con_pro5": 0.0, "con_pro": 4.0, "con_pro_cl": "fort", "av_con_pro": "D", "con_lat1": 0.3, "con_lat2": 0.0, "con_lat3": 0.7, "con_lat4": 0.0, "con_lat5": 0.0, "con_lat": 3.0, "con_lat_cl": "moyen", "av_con_lat": "-", "con_sed1": 1.0, "con_sed2": 0.0, "con_sed3": 0.0, "con_sed4": 0.0, "con_sed5": 0.0, "con_sed": 1.0, "con_sed_cl": "tres_faible", "av_con_sed": "-", "mor_pll1": 0.0, "mor_pll2": 0.0, "mor_pll3": 0.226, "mor_pll4": 0.652, "mor_pll5": 0.122, "mor_pll": 4.0, "mor_pll_cl": "fort", "av_mor_pll": "-", "mor_riv1": 0.0, "mor_riv2": 0.12, "mor_riv3": 0.78, "mor_riv4": 0.1, "mor_riv5": 0.0, "mor_riv": 3.0, "mor_riv_cl": "moyen", "av_mor_riv": "-", "mor_ssl1": 0.0, "mor_ssl2": 0.0, "mor_ssl3": 0.062, "mor_ssl4": 0.435, "mor_ssl5": 0.503, "mor_ssl": 5.0, "mor_ssl_cl": "tres_fort", "av_mor_ssl": "-", "av_aggrave": null, "av_attenue": null, "lbbh": "Artois-Picardie", "cdbh": "01", "Score_100": 23.7, "mor_rip": 3 }, "geometry": { "type": "MultiLineString", "coordinates": [ [ [ 1.913130501607767, 50.754189648794721 ], [ 1.913215146848613, 50.75419667525393 ], [ 1.913281366754268, 50.754208918977675 ], [ 1.913341598516797, 50.754236365336979 ], [ 1.913401324291201, 50.754287138345951 ], [ 1.913451149930345, 50.754337824898919 ], [ 1.9135165526935, 50.754387750049872 ], [ 1.913596137759299, 50.754436004249982 ], [ 1.913678512713996, 50.754486077442593 ], [ 1.913704528754873, 50.754525787877775 ], [ 1.913710880440813, 50.754559045242765 ], [ 1.913727924119125, 50.754621111098317 ], [ 1.913743942660452, 50.754665221012537 ], [ 1.913781195680525, 50.754708618881686 ], [ 1.91384716347578, 50.754732525627716 ], [ 1.91391014702789, 50.75476358509124 ], [ 1.913953427232839, 50.754789985858409 ], [ 1.914003409555346, 50.754833494717097 ], [ 1.91407739680226, 50.754879007679087 ], [ 1.914203559133639, 50.754932154533741 ], [ 1.91430009836667, 50.754981453474386 ], [ 1.91434149789426, 50.755029374060371 ], [ 1.91438930804611, 50.755107860394631 ], [ 1.914416233728467, 50.755170909631929 ], [ 1.914443762283707, 50.755206146312197 ], [ 1.914508005595877, 50.75524439521665 ], [ 1.91456128419021, 50.75526639619838 ], [ 1.914597571195297, 50.755289146337901 ], [ 1.914643486499354, 50.755324543298173 ], [ 1.914698335116042, 50.755339379121338 ], [ 1.914765004006138, 50.755330986923312 ], [ 1.914799453836908, 50.755307956221564 ], [ 1.914857928138223, 50.755286032305051 ], [ 1.914939960407611, 50.755286747433146 ], [ 1.915096506231495, 50.755308751003682 ], [ 1.915393729572021, 50.755366976848414 ], [ 1.915557328183197, 50.755389938636185 ], [ 1.915598227859427, 50.755395679049407 ], [ 1.915638719641306, 50.755420260204033 ], [ 1.915709666881212, 50.755475616478456 ], [ 1.915896782454589, 50.755588517447919 ], [ 1.915990126961941, 50.755654836783791 ], [ 1.916002200653654, 50.755663288406836 ] ] ] } },
{ "type": "Feature", "properties": { "fid": 61, "usra_id": 562624, "usra_id_st": "500631_6", "tgh_id": 500631, "usra_index": 6, "toponyme": "HEM", "longueur": 286.28, "zamont": 91.117647283217508, "zaval": 88.541176739861001, "agri3w_v": 0.0, "agri3w": "faible", "agribv_v": 44.05, "agribv": "fort", "alluvial": "oui", "beton": "absence", "canaux": "absence", "carriere": "absence", "chenal_v": null, "chenal": "faible", "conf": "absence", "conso": 1118.734426493035, "consom1": "faible", "consom2": "faible", "curage": "absence", "dobs1_v": 0.66, "dobs1": "fort", "dobs2_v": 3.18, "dobs2": "fort", "eclu": "absence", "etiage": "fort", "haies_v": 5.1592160602602384, "haies": "fort", "imper_v": 7.08, "imper": "faible", "intercep_v": 0.0, "intercepte": "faible", "montagne": "dessous", "navigable": "non", "obsmax1_v": 2.0, "obsmax1": "moyen", "obsmax2_v": 1.0, "obsmax2": "moyen", "orp": "absence", "orp_amont": "absence", "orp_autour": "absence", "orp_aval": "absence", "orp_proche": "absence", "pente2c": "faible", "pente3c": "moyen", "pistes": "absence", "rang": "petit", "rectitud_v": 33.33, "rectitude": "moyen", "ret_us": "autre", "ret_vol1_v": 0.0, "ret_vol1": "faible", "ret_vol2_v": 0.0, "ret_vol2": "faible", "sensisol_v": 21.5469, "sensisol": "moyen", "tcc": "absence", "txamg_v": 35.43, "txamg": "fort", "txetg1_v": 17.78, "txetg1": "moyen", "txetg2_v": 19.74, "txetg2": "moyen", "txetg3_v": 2.67, "txetg3": "faible", "txetg4_v": null, "txetg4": "faible", "txetg5_v": null, "txetg5": "faible", "veget10_v": 43.562953831871361, "veget10": "moyen", "veget30_v": 27.391399414629845, "veget30": "faible", "veget60_v": 16.637158942272691, "veget60": "tres_faible", "hyd_dyn1": 1.0, "hyd_dyn2": 0.0, "hyd_dyn3": 0.0, "hyd_dyn4": 0.0, "hyd_dyn5": 0.0, "hyd_dyn": 1.0, "hyd_dyn_cl": "tres_faible", "av_hyd_dyn": "-", "hyd_qte1": 1.0, "hyd_qte2": 0.0, "hyd_qte3": 0.0, "hyd_qte4": 0.0, "hyd_qte5": 0.0, "hyd_qte": 1.0, "hyd_qte_cl": "tres_faible", "av_hyd_qte": "-", "hyd_mes1": 0.0, "hyd_mes2": 0.21, "hyd_mes3": 0.699, "hyd_mes4": 0.091, "hyd_mes5": 0.0, "hyd_mes": 3.0, "hyd_mes_cl": "moyen", "av_hyd_mes": "-", "con_amp1": 0.0, "con_amp2": 0.0, "con_amp3": 0.0, "con_amp4": 0.4, "con_amp5": 0.6, "con_amp": 5.0, "con_amp_cl": "tres_fort", "av_con_amp": "-", "con_pro1": 0.0, "con_pro2": 0.0, "con_pro3": 0.3, "con_pro4": 0.5, "con_pro5": 0.2, "con_pro": 4.0, "con_pro_cl": "fort", "av_con_pro": "-", "con_lat1": 0.06, "con_lat2": 0.0, "con_lat3": 0.744, "con_lat4": 0.196, "con_lat5": 0.0, "con_lat": 3.0, "con_lat_cl": "moyen", "av_con_lat": "-", "con_sed1": 1.0, "con_sed2": 0.0, "con_sed3": 0.0, "con_sed4": 0.0, "con_sed5": 0.0, "con_sed": 1.0, "con_sed_cl": "tres_faible", "av_con_sed": "-", "mor_pll1": 0.0, "mor_pll2": 0.0, "mor_pll3": 0.299, "mor_pll4": 0.551, "mor_pll5": 0.15, "mor_pll": 4.0, "mor_pll_cl": "fort", "av_mor_pll": "-", "mor_riv1": 0.0, "mor_riv2": 0.024, "mor_riv3": 0.756, "mor_riv4": 0.22, "mor_riv5": 0.0, "mor_riv": 3.0, "mor_riv_cl": "moyen", "av_mor_riv": "-", "mor_ssl1": 0.0, "mor_ssl2": 0.0, "mor_ssl3": 0.44, "mor_ssl4": 0.477, "mor_ssl5": 0.083, "mor_ssl": 4.0, "mor_ssl_cl": "fort", "av_mor_ssl": "D", "av_aggrave": null, "av_attenue": null, "lbbh": "Artois-Picardie", "cdbh": "01", "Score_100": 31.7, "mor_rip": 3 }, "geometry": { "type": "MultiLineString", "coordinates": [ [ [ 1.916002200653654, 50.755663288406836 ], [ 1.916084886078517, 50.755721168359322 ], [ 1.916162478931322, 50.755796323855741 ], [ 1.916198922360489, 50.755811896083507 ], [ 1.916255555185568, 50.755809697136165 ], [ 1.916310676580599, 50.755811971741132 ], [ 1.916352699882212, 50.755831181891722 ], [ 1.916366105911634, 50.755865397799816 ], [ 1.916387629357745, 50.755916733968796 ], [ 1.916440404837108, 50.755962060756659 ], [ 1.91650901020535, 50.755994962452483 ], [ 1.916559034765644, 50.75603667584933 ], [ 1.916650733738491, 50.756113748469815 ], [ 1.916734587094677, 50.756161140288647 ], [ 1.916821405183319, 50.756202276418144 ], [ 1.916846378881309, 50.75622492740586 ], [ 1.916895802496261, 50.756294453164863 ], [ 1.916929068536018, 50.756326149752674 ], [ 1.916985119903651, 50.756350865807455 ], [ 1.917042799098719, 50.756365725186612 ], [ 1.917190591379756, 50.756400212742392 ], [ 1.917268072039567, 50.756415244266798 ], [ 1.917308468492756, 50.756444310728519 ], [ 1.917336077358531, 50.756475957990638 ], [ 1.917372211353311, 50.75650588470026 ], [ 1.917428301925489, 50.756528806193636 ], [ 1.917535426782368, 50.756546787399444 ], [ 1.917592757356462, 50.756577795714776 ], [ 1.917638482072115, 50.756622163275786 ], [ 1.91790074282154, 50.756793144486039 ], [ 1.917936237730832, 50.756852677865616 ], [ 1.917953093594255, 50.75692371469777 ], [ 1.918001628358059, 50.75696900386923 ], [ 1.91807963301892, 50.757025317312184 ], [ 1.918174726942109, 50.757076395151529 ], [ 1.918299891670253, 50.757110684670415 ], [ 1.918367782958514, 50.757111274625601 ], [ 1.918517980782156, 50.75710001683489 ], [ 1.918834535027228, 50.757049823357185 ], [ 1.91893365371371, 50.757041531867792 ] ] ] } },
{ "type": "Feature", "properties": { "fid": 62, "usra_id": 562628, "usra_id_st": "500631_7", "tgh_id": 500631, "usra_index": 7, "toponyme": "HEM", "longueur": 286.28, "zamont": 88.541176739861001, "zaval": 85.964706196504494, "agri3w_v": 2.42, "agri3w": "faible", "agribv_v": 44.05, "agribv": "fort", "alluvial": "oui", "beton": "absence", "canaux": "absence", "carriere": "absence", "chenal_v": null, "chenal": "faible", "conf": "absence", "conso": 1118.734426493035, "consom1": "faible", "consom2": "faible", "curage": "absence", "dobs1_v": 0.65, "dobs1": "fort", "dobs2_v": 3.81, "dobs2": "fort", "eclu": "absence", "etiage": "fort", "haies_v": 5.1592160602602384, "haies": "fort", "imper_v": 7.08, "imper": "faible", "intercep_v": 0.0, "intercepte": "faible", "montagne": "dessous", "navigable": "non", "obsmax1_v": 2.0, "obsmax1": "moyen", "obsmax2_v": 1.0, "obsmax2": "moyen", "orp": "absence", "orp_amont": "absence", "orp_autour": "absence", "orp_aval": "absence", "orp_proche": "absence", "pente2c": "faible", "pente3c": "moyen", "pistes": "absence", "rang": "petit", "rectitud_v": 100.0, "rectitude": "fort", "ret_us": "autre", "ret_vol1_v": 0.0, "ret_vol1": "faible", "ret_vol2_v": 0.0, "ret_vol2": "faible", "sensisol_v": 21.5469, "sensisol": "moyen", "tcc": "absence", "txamg_v": 0.0, "txamg": "faible", "txetg1_v": 18.2, "txetg1": "moyen", "txetg2_v": 22.89, "txetg2": "moyen", "txetg3_v": null, "txetg3": "faible", "txetg4_v": null, "txetg4": "faible", "txetg5_v": null, "txetg5": "faible", "veget10_v": 58.910874003899771, "veget10": "moyen", "veget30_v": 34.706616079571468, "veget30": "faible", "veget60_v": 20.353039350809453, "veget60": "faible", "hyd_dyn1": 1.0, "hyd_dyn2": 0.0, "hyd_dyn3": 0.0, "hyd_dyn4": 0.0, "hyd_dyn5": 0.0, "hyd_dyn": 1.0, "hyd_dyn_cl": "tres_faible", "av_hyd_dyn": "-", "hyd_qte1": 1.0, "hyd_qte2": 0.0, "hyd_qte3": 0.0, "hyd_qte4": 0.0, "hyd_qte5": 0.0, "hyd_qte": 1.0, "hyd_qte_cl": "tres_faible", "av_hyd_qte": "-", "hyd_mes1": 0.0, "hyd_mes2": 0.0, "hyd_mes3": 0.609, "hyd_mes4": 0.352, "hyd_mes5": 0.039, "hyd_mes": 3.0, "hyd_mes_cl": "moyen", "av_hyd_mes": "-", "con_amp1": 0.0, "con_amp2": 0.0, "con_amp3": 0.0, "con_amp4": 0.4, "con_amp5": 0.6, "con_amp": 5.0, "con_amp_cl": "tres_fort", "av_con_amp": "-", "con_pro1": 0.0, "con_pro2": 0.0, "con_pro3": 0.3, "con_pro4": 0.5, "con_pro5": 0.2, "con_pro": 4.0, "con_pro_cl": "fort", "av_con_pro": "-", "con_lat1": 0.0, "con_lat2": 0.0, "con_lat3": 0.7, "con_lat4": 0.3, "con_lat5": 0.0, "con_lat": 3.0, "con_lat_cl": "moyen", "av_con_lat": "-", "con_sed1": 1.0, "con_sed2": 0.0, "con_sed3": 0.0, "con_sed4": 0.0, "con_sed5": 0.0, "con_sed": 1.0, "con_sed_cl": "tres_faible", "av_con_sed": "-", "mor_pll1": 0.0, "mor_pll2": 0.0, "mor_pll3": 0.228, "mor_pll4": 0.498, "mor_pll5": 0.275, "mor_pll": 4.0, "mor_pll_cl": "fort", "av_mor_pll": "-", "mor_riv1": 0.0, "mor_riv2": 0.04, "mor_riv3": 0.76, "mor_riv4": 0.2, "mor_riv5": 0.0, "mor_riv": 3.0, "mor_riv_cl": "moyen", "av_mor_riv": "-", "mor_ssl1": 0.0, "mor_ssl2": 0.0, "mor_ssl3": 0.171, "mor_ssl4": 0.529, "mor_ssl5": 0.3, "mor_ssl": 4.0, "mor_ssl_cl": "fort", "av_mor_ssl": "-", "av_aggrave": null, "av_attenue": null, "lbbh": "Artois-Picardie", "cdbh": "01", "Score_100": 23.0, "mor_rip": 3 }, "geometry": { "type": "MultiLineString", "coordinates": [ [ [ 1.91893365371371, 50.757041531867792 ], [ 1.919106642035306, 50.757027060830069 ], [ 1.919198539292872, 50.757029653477453 ], [ 1.919297198813807, 50.75704666229062 ], [ 1.919534684080239, 50.757120511516042 ], [ 1.920115853284772, 50.757263745852477 ], [ 1.920866797012934, 50.757472160812775 ], [ 1.921901528318833, 50.757772763700721 ], [ 1.921980542805292, 50.757782421451552 ], [ 1.921993253289474, 50.757783428871051 ], [ 1.922126715847798, 50.757826759765067 ], [ 1.922465217580538, 50.757940063685311 ], [ 1.92252387072023, 50.757975567789671 ], [ 1.922554235377266, 50.758010827012441 ], [ 1.922603869811453, 50.758037234303401 ] ] ] } },
{ "type": "Feature", "properties": { "fid": 63, "usra_id": 562630, "usra_id_st": "500631_8", "tgh_id": 500631, "usra_index": 8, "toponyme": "HEM", "longueur": 286.28, "zamont": 85.964706196504494, "zaval": 83.388235653148001, "agri3w_v": 49.64, "agri3w": "moyen", "agribv_v": 44.05, "agribv": "fort", "alluvial": "oui", "beton": "absence", "canaux": "absence", "carriere": "absence", "chenal_v": null, "chenal": "faible", "conf": "absence", "conso": 1118.734426493035, "consom1": "faible", "consom2": "faible", "curage": "absence", "dobs1_v": 0.65, "dobs1": "fort", "dobs2_v": 4.13, "dobs2": "fort", "eclu": "absence", "etiage": "fort", "haies_v": 5.1592160602602384, "haies": "fort", "imper_v": 7.08, "imper": "faible", "intercep_v": 0.0, "intercepte": "faible", "montagne": "dessous", "navigable": "non", "obsmax1_v": 2.0, "obsmax1": "moyen", "obsmax2_v": 1.0, "obsmax2": "moyen", "orp": "absence", "orp_amont": "absence", "orp_autour": "absence", "orp_aval": "absence", "orp_proche": "absence", "pente2c": "faible", "pente3c": "moyen", "pistes": "absence", "rang": "petit", "rectitud_v": 33.33, "rectitude": "moyen", "ret_us": "autre", "ret_vol1_v": 0.0, "ret_vol1": "faible", "ret_vol2_v": 0.0, "ret_vol2": "faible", "sensisol_v": 21.5469, "sensisol": "moyen", "tcc": "absence", "txamg_v": 37.6, "txamg": "fort", "txetg1_v": 18.72, "txetg1": "moyen", "txetg2_v": 25.41, "txetg2": "moyen", "txetg3_v": 29.1, "txetg3": "moyen", "txetg4_v": null, "txetg4": "faible", "txetg5_v": null, "txetg5": "faible", "veget10_v": 33.124338730766624, "veget10": "faible", "veget30_v": 27.446674286154106, "veget30": "faible", "veget60_v": 23.286724126936203, "veget60": "faible", "hyd_dyn1": 1.0, "hyd_dyn2": 0.0, "hyd_dyn3": 0.0, "hyd_dyn4": 0.0, "hyd_dyn5": 0.0, "hyd_dyn": 1.0, "hyd_dyn_cl": "tres_faible", "av_hyd_dyn": "-", "hyd_qte1": 1.0, "hyd_qte2": 0.0, "hyd_qte3": 0.0, "hyd_qte4": 0.0, "hyd_qte5": 0.0, "hyd_qte": 1.0, "hyd_qte_cl": "tres_faible", "av_hyd_qte": "-", "hyd_mes1": 0.0, "hyd_mes2": 0.21, "hyd_mes3": 0.699, "hyd_mes4": 0.091, "hyd_mes5": 0.0, "hyd_mes": 3.0, "hyd_mes_cl": "moyen", "av_hyd_mes": "-", "con_amp1": 0.0, "con_amp2": 0.0, "con_amp3": 0.0, "con_amp4": 0.4, "con_amp5": 0.6, "con_amp": 5.0, "con_amp_cl": "tres_fort", "av_con_amp": "-", "con_pro1": 0.0, "con_pro2": 0.0, "con_pro3": 0.3, "con_pro4": 0.5, "con_pro5": 0.2, "con_pro": 4.0, "con_pro_cl": "fort", "av_con_pro": "-", "con_lat1": 0.06, "con_lat2": 0.0, "con_lat3": 0.744, "con_lat4": 0.196, "con_lat5": 0.0, "con_lat": 3.0, "con_lat_cl": "moyen", "av_con_lat": "-", "con_sed1": 1.0, "con_sed2": 0.0, "con_sed3": 0.0, "con_sed4": 0.0, "con_sed5": 0.0, "con_sed": 1.0, "con_sed_cl": "tres_faible", "av_con_sed": "-", "mor_pll1": 0.0, "mor_pll2": 0.0, "mor_pll3": 0.083, "mor_pll4": 0.508, "mor_pll5": 0.409, "mor_pll": 4.0, "mor_pll_cl": "fort", "av_mor_pll": "-", "mor_riv1": 0.0, "mor_riv2": 0.014, "mor_riv3": 0.454, "mor_riv4": 0.356, "mor_riv5": 0.176, "mor_riv": 3.0, "mor_riv_cl": "moyen", "av_mor_riv": "-", "mor_ssl1": 0.0, "mor_ssl2": 0.0, "mor_ssl3": 0.231, "mor_ssl4": 0.524, "mor_ssl5": 0.245, "mor_ssl": 4.0, "mor_ssl_cl": "fort", "av_mor_ssl": "-", "av_aggrave": null, "av_attenue": null, "lbbh": "Artois-Picardie", "cdbh": "01", "Score_100": 46.6, "mor_rip": 4 }, "geometry": { "type": "MultiLineString", "coordinates": [ [ [ 1.922603869811453, 50.758037234303401 ], [ 1.922607385347212, 50.758039104692095 ], [ 1.922754916231447, 50.75808614602159 ], [ 1.922839357547259, 50.758106618299522 ], [ 1.922915814004153, 50.75810369050523 ], [ 1.923027978493686, 50.758084919430132 ], [ 1.923153901391002, 50.758084214140617 ], [ 1.92324266331526, 50.758101134147559 ], [ 1.923305753367836, 50.758127702816779 ], [ 1.923344547403088, 50.758165726772425 ], [ 1.923383572933352, 50.758192984599205 ], [ 1.923434126121266, 50.758210471337073 ], [ 1.923683716658961, 50.758314029421761 ], [ 1.923921954154371, 50.758419283524546 ], [ 1.924067263435317, 50.758503992432523 ], [ 1.924168725412868, 50.758588322211018 ], [ 1.924312351375778, 50.758685579046301 ], [ 1.924411794495455, 50.758732202782433 ], [ 1.924479110045833, 50.758759704672023 ], [ 1.924594948936631, 50.758833390172207 ], [ 1.924647985347945, 50.758867049998294 ], [ 1.924824519894661, 50.759013046920195 ], [ 1.924981792238607, 50.759133751643837 ], [ 1.925157703687694, 50.759242951643415 ], [ 1.925308116996199, 50.759353725922708 ], [ 1.92536493581, 50.759408954248137 ], [ 1.925368620929173, 50.7594350089513 ], [ 1.925342390414748, 50.759470676147401 ], [ 1.92525871461939, 50.759546227730368 ], [ 1.925167040397585, 50.759615954487764 ] ] ] } },
{ "type": "Feature", "properties": { "fid": 64, "usra_id": 562631, "usra_id_st": "500631_9", "tgh_id": 500631, "usra_index": 9, "toponyme": "HEM", "longueur": 286.28, "zamont": 83.388235653148001, "zaval": 80.811765109791509, "agri3w_v": 66.58, "agri3w": "fort", "agribv_v": 44.05, "agribv": "fort", "alluvial": "oui", "beton": "absence", "canaux": "absence", "carriere": "absence", "chenal_v": null, "chenal": "faible", "conf": "absence", "conso": 1118.734426493035, "consom1": "faible", "consom2": "faible", "curage": "absence", "dobs1_v": 0.62, "dobs1": "fort", "dobs2_v": 4.13, "dobs2": "fort", "eclu": "absence", "etiage": "fort", "haies_v": 5.1592160602602384, "haies": "fort", "imper_v": 7.08, "imper": "faible", "intercep_v": 0.0, "intercepte": "faible", "montagne": "dessous", "navigable": "non", "obsmax1_v": 2.0, "obsmax1": "moyen", "obsmax2_v": 1.0, "obsmax2": "moyen", "orp": "absence", "orp_amont": "absence", "orp_autour": "absence", "orp_aval": "absence", "orp_proche": "absence", "pente2c": "faible", "pente3c": "moyen", "pistes": "absence", "rang": "petit", "rectitud_v": 33.33, "rectitude": "moyen", "ret_us": "autre", "ret_vol1_v": 0.0, "ret_vol1": "faible", "ret_vol2_v": 0.0, "ret_vol2": "faible", "sensisol_v": 21.5469, "sensisol": "moyen", "tcc": "absence", "txamg_v": 0.0, "txamg": "faible", "txetg1_v": 18.41, "txetg1": "moyen", "txetg2_v": 25.92, "txetg2": "moyen", "txetg3_v": 50.45, "txetg3": "fort", "txetg4_v": null, "txetg4": "faible", "txetg5_v": null, "txetg5": "faible", "veget10_v": 48.379079978401471, "veget10": "moyen", "veget30_v": 28.007106430592962, "veget30": "faible", "veget60_v": 20.647241768710373, "veget60": "faible", "hyd_dyn1": 1.0, "hyd_dyn2": 0.0, "hyd_dyn3": 0.0, "hyd_dyn4": 0.0, "hyd_dyn5": 0.0, "hyd_dyn": 1.0, "hyd_dyn_cl": "tres_faible", "av_hyd_dyn": "-", "hyd_qte1": 1.0, "hyd_qte2": 0.0, "hyd_qte3": 0.0, "hyd_qte4": 0.0, "hyd_qte5": 0.0, "hyd_qte": 1.0, "hyd_qte_cl": "tres_faible", "av_hyd_qte": "-", "hyd_mes1": 0.0, "hyd_mes2": 0.21, "hyd_mes3": 0.699, "hyd_mes4": 0.091, "hyd_mes5": 0.0, "hyd_mes": 3.0, "hyd_mes_cl": "moyen", "av_hyd_mes": "-", "con_amp1": 0.0, "con_amp2": 0.0, "con_amp3": 0.0, "con_amp4": 0.4, "con_amp5": 0.6, "con_amp": 5.0, "con_amp_cl": "tres_fort", "av_con_amp": "-", "con_pro1": 0.0, "con_pro2": 0.0, "con_pro3": 0.3, "con_pro4": 0.5, "con_pro5": 0.2, "con_pro": 4.0, "con_pro_cl": "fort", "av_con_pro": "-", "con_lat1": 0.3, "con_lat2": 0.0, "con_lat3": 0.7, "con_lat4": 0.0, "con_lat5": 0.0, "con_lat": 3.0, "con_lat_cl": "moyen", "av_con_lat": "-", "con_sed1": 1.0, "con_sed2": 0.0, "con_sed3": 0.0, "con_sed4": 0.0, "con_sed5": 0.0, "con_sed": 1.0, "con_sed_cl": "tres_faible", "av_con_sed": "-", "mor_pll1": 0.0, "mor_pll2": 0.0, "mor_pll3": 0.04, "mor_pll4": 0.292, "mor_pll5": 0.668, "mor_pll": 5.0, "mor_pll_cl": "tres_fort", "av_mor_pll": "-", "mor_riv1": 0.0, "mor_riv2": 0.12, "mor_riv3": 0.78, "mor_riv4": 0.1, "mor_riv5": 0.0, "mor_riv": 3.0, "mor_riv_cl": "moyen", "av_mor_riv": "-", "mor_ssl1": 0.0, "mor_ssl2": 0.0, "mor_ssl3": 0.062, "mor_ssl4": 0.435, "mor_ssl5": 0.503, "mor_ssl": 5.0, "mor_ssl_cl": "tres_fort", "av_mor_ssl": "-", "av_aggrave": null, "av_attenue": null, "lbbh": "Artois-Picardie", "cdbh": "01", "Score_100": 42.5, "mor_rip": 3 }, "geometry": { "type": "MultiLineString", "coordinates": [ [ [ 1.925167040397585, 50.759615954487764 ], [ 1.925048735404819, 50.759705936021433 ], [ 1.925005550045446, 50.759740559383708 ], [ 1.924890369535235, 50.759833785441856 ], [ 1.924769415091389, 50.759932345554574 ], [ 1.924737737843817, 50.759958094811708 ], [ 1.924595353582184, 50.760066340378884 ], [ 1.924659687937575, 50.760100995066551 ], [ 1.924721463088037, 50.7601230648499 ], [ 1.924749290554666, 50.760144841379649 ], [ 1.924758537054665, 50.760175430811465 ], [ 1.92477611641354, 50.76021327093585 ], [ 1.924815375456112, 50.760229762145194 ], [ 1.924922106429689, 50.760266577539618 ], [ 1.924999017644769, 50.760308519371804 ], [ 1.925068798742864, 50.760353091603903 ], [ 1.925120730682955, 50.760372384160711 ], [ 1.925202626302808, 50.760445775785072 ], [ 1.925217011261403, 50.760500637700453 ], [ 1.92525743487648, 50.760528804228976 ], [ 1.925324830315858, 50.760552716893081 ], [ 1.925335684267187, 50.760574346741578 ], [ 1.925365417171031, 50.760639211855576 ], [ 1.925379744608881, 50.760696765255418 ], [ 1.925437998782252, 50.760751108472476 ], [ 1.925499043598999, 50.760807270422305 ], [ 1.925580084167024, 50.760854631526371 ], [ 1.925696545393703, 50.760899606235782 ], [ 1.925844087605597, 50.760946643700045 ], [ 1.925977407997228, 50.760997147639983 ], [ 1.926097921068267, 50.761051130302945 ], [ 1.926136036021306, 50.761055048454097 ], [ 1.92617034989752, 50.761038295015155 ], [ 1.926298029130243, 50.760824034989042 ], [ 1.926325020202606, 50.760818883750872 ], [ 1.926365752440699, 50.760832695136749 ], [ 1.926556471834031, 50.76091151099066 ], [ 1.926667720153324, 50.760949732607415 ] ] ] } },
{ "type": "Feature", "properties": { "fid": 65, "usra_id": 562636, "usra_id_st": "500631_10", "tgh_id": 500631, "usra_index": 10, "toponyme": "HEM", "longueur": 286.28, "zamont": 80.811765109791509, "zaval": 78.235294566435002, "agri3w_v": 44.92, "agri3w": "moyen", "agribv_v": 44.05, "agribv": "fort", "alluvial": "oui", "beton": "absence", "canaux": "absence", "carriere": "absence", "chenal_v": null, "chenal": "faible", "conf": "absence", "conso": 1118.734426493035, "consom1": "faible", "consom2": "faible", "curage": "absence", "dobs1_v": 0.58, "dobs1": "fort", "dobs2_v": 4.45, "dobs2": "fort", "eclu": "absence", "etiage": "fort", "haies_v": 5.1592160602602384, "haies": "fort", "imper_v": 7.08, "imper": "faible", "intercep_v": 0.0, "intercepte": "faible", "montagne": "dessous", "navigable": "non", "obsmax1_v": 2.0, "obsmax1": "moyen", "obsmax2_v": 1.0, "obsmax2": "moyen", "orp": "absence", "orp_amont": "absence", "orp_autour": "absence", "orp_aval": "absence", "orp_proche": "absence", "pente2c": "faible", "pente3c": "moyen", "pistes": "absence", "rang": "petit", "rectitud_v": 66.67, "rectitude": "fort", "ret_us": "autre", "ret_vol1_v": 0.0, "ret_vol1": "faible", "ret_vol2_v": 0.0, "ret_vol2": "faible", "sensisol_v": 21.5469, "sensisol": "moyen", "tcc": "absence", "txamg_v": 0.96, "txamg": "faible", "txetg1_v": 17.44, "txetg1": "moyen", "txetg2_v": 26.86, "txetg2": "moyen", "txetg3_v": null, "txetg3": "faible", "txetg4_v": null, "txetg4": "faible", "txetg5_v": null, "txetg5": "faible", "veget10_v": 44.216410515457362, "veget10": "moyen", "veget30_v": 25.039941557055208, "veget30": "faible", "veget60_v": 14.530701806508096, "veget60": "tres_faible", "hyd_dyn1": 1.0, "hyd_dyn2": 0.0, "hyd_dyn3": 0.0, "hyd_dyn4": 0.0, "hyd_dyn5": 0.0, "hyd_dyn": 1.0, "hyd_dyn_cl": "tres_faible", "av_hyd_dyn": "-", "hyd_qte1": 1.0, "hyd_qte2": 0.0, "hyd_qte3": 0.0, "hyd_qte4": 0.0, "hyd_qte5": 0.0, "hyd_qte": 1.0, "hyd_qte_cl": "tres_faible", "av_hyd_qte": "-", "hyd_mes1": 0.0, "hyd_mes2": 0.0, "hyd_mes3": 0.609, "hyd_mes4": 0.352, "hyd_mes5": 0.039, "hyd_mes": 3.0, "hyd_mes_cl": "moyen", "av_hyd_mes": "-", "con_amp1": 0.0, "con_amp2": 0.0, "con_amp3": 0.0, "con_amp4": 0.4, "con_amp5": 0.6, "con_amp": 5.0, "con_amp_cl": "tres_fort", "av_con_amp": "-", "con_pro1": 0.0, "con_pro2": 0.0, "con_pro3": 0.3, "con_pro4": 0.5, "con_pro5": 0.2, "con_pro": 4.0, "con_pro_cl": "fort", "av_con_pro": "-", "con_lat1": 0.0, "con_lat2": 0.0, "con_lat3": 0.7, "con_lat4": 0.3, "con_lat5": 0.0, "con_lat": 3.0, "con_lat_cl": "moyen", "av_con_lat": "-", "con_sed1": 1.0, "con_sed2": 0.0, "con_sed3": 0.0, "con_sed4": 0.0, "con_sed5": 0.0, "con_sed": 1.0, "con_sed_cl": "tres_faible", "av_con_sed": "-", "mor_pll1": 0.0, "mor_pll2": 0.0, "mor_pll3": 0.122, "mor_pll4": 0.478, "mor_pll5": 0.4, "mor_pll": 4.0, "mor_pll_cl": "fort", "av_mor_pll": "-", "mor_riv1": 0.0, "mor_riv2": 0.04, "mor_riv3": 0.76, "mor_riv4": 0.2, "mor_riv5": 0.0, "mor_riv": 3.0, "mor_riv_cl": "moyen", "av_mor_riv": "-", "mor_ssl1": 0.0, "mor_ssl2": 0.0, "mor_ssl3": 0.171, "mor_ssl4": 0.529, "mor_ssl5": 0.3, "mor_ssl": 4.0, "mor_ssl_cl": "fort", "av_mor_ssl": "-", "av_aggrave": null, "av_attenue": null, "lbbh": "Artois-Picardie", "cdbh": "01", "Score_100": 34.4, "mor_rip": 3 }, "geometry": { "type": "MultiLineString", "coordinates": [ [ [ 1.926667720153324, 50.760949732607415 ], [ 1.926875278134073, 50.761021042934345 ], [ 1.926991913916047, 50.761057941864927 ], [ 1.927070357924844, 50.761094511522373 ], [ 1.927191844883357, 50.761169140283158 ], [ 1.927294482215372, 50.761265142607144 ], [ 1.927338747632056, 50.761312185618067 ], [ 1.927560229665316, 50.761540223007756 ], [ 1.927720134293972, 50.761670817073991 ], [ 1.927876391571197, 50.761773562029688 ], [ 1.928056677445025, 50.761877411010403 ], [ 1.928182641817076, 50.761941309194057 ], [ 1.92835867226014, 50.761979615457335 ], [ 1.928705977824519, 50.76201401146426 ], [ 1.928906075359828, 50.76205162671269 ], [ 1.929233458071137, 50.76215763676403 ], [ 1.929396030298438, 50.762229924568821 ], [ 1.929559600213717, 50.762255559229587 ], [ 1.929618781194491, 50.76226683612493 ], [ 1.929650252745654, 50.76245109339888 ] ] ] } },
{ "type": "Feature", "properties": { "fid": 66, "usra_id": 562646, "usra_id_st": "500631_11", "tgh_id": 500631, "usra_index": 11, "toponyme": "HEM", "longueur": 286.28, "zamont": 78.235294566435002, "zaval": 75.658824023078495, "agri3w_v": 13.36, "agri3w": "faible", "agribv_v": 44.05, "agribv": "fort", "alluvial": "oui", "beton": "absence", "canaux": "absence", "carriere": "absence", "chenal_v": null, "chenal": "faible", "conf": "absence", "conso": 1118.734426493035, "consom1": "faible", "consom2": "faible", "curage": "absence", "dobs1_v": 0.58, "dobs1": "fort", "dobs2_v": 4.45, "dobs2": "fort", "eclu": "absence", "etiage": "fort", "haies_v": 5.1592160602602384, "haies": "fort", "imper_v": 7.08, "imper": "faible", "intercep_v": 0.0, "intercepte": "faible", "montagne": "dessous", "navigable": "non", "obsmax1_v": 2.0, "obsmax1": "moyen", "obsmax2_v": 1.0, "obsmax2": "moyen", "orp": "absence", "orp_amont": "absence", "orp_autour": "absence", "orp_aval": "absence", "orp_proche": "absence", "pente2c": "faible", "pente3c": "moyen", "pistes": "absence", "rang": "petit", "rectitud_v": 33.33, "rectitude": "moyen", "ret_us": "autre", "ret_vol1_v": 0.0, "ret_vol1": "faible", "ret_vol2_v": 0.0, "ret_vol2": "faible", "sensisol_v": 21.5469, "sensisol": "moyen", "tcc": "absence", "txamg_v": 0.0, "txamg": "faible", "txetg1_v": 17.99, "txetg1": "moyen", "txetg2_v": 23.75, "txetg2": "moyen", "txetg3_v": 56.05, "txetg3": "fort", "txetg4_v": 38.8, "txetg4": "fort", "txetg5_v": 3.53, "txetg5": "faible", "veget10_v": 10.92476792183585, "veget10": "tres_faible", "veget30_v": 8.409641912563492, "veget30": "tres_faible", "veget60_v": 8.0604275869532351, "veget60": "tres_faible", "hyd_dyn1": 1.0, "hyd_dyn2": 0.0, "hyd_dyn3": 0.0, "hyd_dyn4": 0.0, "hyd_dyn5": 0.0, "hyd_dyn": 1.0, "hyd_dyn_cl": "tres_faible", "av_hyd_dyn": "-", "hyd_qte1": 1.0, "hyd_qte2": 0.0, "hyd_qte3": 0.0, "hyd_qte4": 0.0, "hyd_qte5": 0.0, "hyd_qte": 1.0, "hyd_qte_cl": "tres_faible", "av_hyd_qte": "-", "hyd_mes1": 0.0, "hyd_mes2": 0.0, "hyd_mes3": 0.0, "hyd_mes4": 0.66, "hyd_mes5": 0.34, "hyd_mes": 4.0, "hyd_mes_cl": "fort", "av_hyd_mes": "-", "con_amp1": 0.0, "con_amp2": 0.0, "con_amp3": 0.0, "con_amp4": 0.4, "con_amp5": 0.6, "con_amp": 5.0, "con_amp_cl": "tres_fort", "av_con_amp": "-", "con_pro1": 0.0, "con_pro2": 0.0, "con_pro3": 0.3, "con_pro4": 0.5, "con_pro5": 0.2, "con_pro": 4.0, "con_pro_cl": "fort", "av_con_pro": "-", "con_lat1": 0.0, "con_lat2": 0.0, "con_lat3": 0.0, "con_lat4": 0.825, "con_lat5": 0.175, "con_lat": 4.0, "con_lat_cl": "fort", "av_con_lat": "-", "con_sed1": 1.0, "con_sed2": 0.0, "con_sed3": 0.0, "con_sed4": 0.0, "con_sed5": 0.0, "con_sed": 1.0, "con_sed_cl": "tres_faible", "av_con_sed": "-", "mor_pll1": 0.0, "mor_pll2": 0.0, "mor_pll3": 0.226, "mor_pll4": 0.652, "mor_pll5": 0.122, "mor_pll": 4.0, "mor_pll_cl": "fort", "av_mor_pll": "-", "mor_riv1": 0.0, "mor_riv2": 0.0, "mor_riv3": 0.0, "mor_riv4": 0.8, "mor_riv5": 0.2, "mor_riv": 4.0, "mor_riv_cl": "fort", "av_mor_riv": "-", "mor_ssl1": 0.0, "mor_ssl2": 0.0, "mor_ssl3": 0.062, "mor_ssl4": 0.435, "mor_ssl5": 0.503, "mor_ssl": 5.0, "mor_ssl_cl": "tres_fort", "av_mor_ssl": "-", "av_aggrave": null, "av_attenue": null, "lbbh": "Artois-Picardie", "cdbh": "01", "Score_100": 31.1, "mor_rip": 5 }, "geometry": { "type": "MultiLineString", "coordinates": [ [ [ 1.929650252745654, 50.76245109339888 ], [ 1.929651475092413, 50.762458249874335 ], [ 1.930460268531384, 50.762613261519256 ], [ 1.930740211364798, 50.762754753309999 ], [ 1.931154082652677, 50.76285252758705 ], [ 1.931177919660304, 50.76286260293088 ], [ 1.931218635751087, 50.76287730985716 ], [ 1.931237980162417, 50.762899011979719 ], [ 1.931239851928837, 50.76294389481744 ], [ 1.931185770345601, 50.763025088030894 ], [ 1.931193721625663, 50.76305028168143 ], [ 1.931286889682631, 50.763126457672421 ], [ 1.931291571507117, 50.763172261951375 ], [ 1.931194533001862, 50.76334371719404 ], [ 1.931264515314543, 50.763379314044172 ], [ 1.931436385996199, 50.763413990759659 ], [ 1.931679254076654, 50.763436713820589 ], [ 1.9318405357653, 50.763437200390037 ], [ 1.931860894896792, 50.763411352366866 ], [ 1.931881638218166, 50.763301158173952 ], [ 1.931911173627592, 50.763243084814214 ], [ 1.931988268821665, 50.763210544838223 ], [ 1.932103003848096, 50.763137947620912 ], [ 1.932180060494385, 50.763107201862709 ], [ 1.93222830906816, 50.763100437018458 ], [ 1.932355938524362, 50.763111334229542 ] ] ] } },
{ "type": "Feature", "properties": { "fid": 67, "usra_id": 562651, "usra_id_st": "500631_12", "tgh_id": 500631, "usra_index": 12, "toponyme": "HEM", "longueur": 286.28, "zamont": 75.658824023078495, "zaval": 73.082353479722002, "agri3w_v": 0.0, "agri3w": "faible", "agribv_v": 44.05, "agribv": "fort", "alluvial": "oui", "beton": "absence", "canaux": "absence", "carriere": "absence", "chenal_v": null, "chenal": "faible", "conf": "absence", "conso": 1118.734426493035, "consom1": "faible", "consom2": "faible", "curage": "absence", "dobs1_v": 0.55, "dobs1": "fort", "dobs2_v": 4.13, "dobs2": "fort", "eclu": "absence", "etiage": "fort", "haies_v": 5.1592160602602384, "haies": "fort", "imper_v": 7.08, "imper": "faible", "intercep_v": 0.0, "intercepte": "faible", "montagne": "dessous", "navigable": "non", "obsmax1_v": 2.0, "obsmax1": "moyen", "obsmax2_v": 1.0, "obsmax2": "moyen", "orp": "absence", "orp_amont": "absence", "orp_autour": "absence", "orp_aval": "absence", "orp_proche": "absence", "pente2c": "faible", "pente3c": "moyen", "pistes": "absence", "rang": "petit", "rectitud_v": 66.67, "rectitude": "fort", "ret_us": "autre", "ret_vol1_v": 0.0, "ret_vol1": "faible", "ret_vol2_v": 0.0, "ret_vol2": "faible", "sensisol_v": 21.5469, "sensisol": "moyen", "tcc": "absence", "txamg_v": 0.0, "txamg": "faible", "txetg1_v": 16.75, "txetg1": "moyen", "txetg2_v": 28.25, "txetg2": "moyen", "txetg3_v": 34.62, "txetg3": "fort", "txetg4_v": null, "txetg4": "faible", "txetg5_v": 3.23, "txetg5": "faible", "veget10_v": 54.786699854931001, "veget10": "moyen", "veget30_v": 23.247796018202951, "veget30": "faible", "veget60_v": 19.09078419373386, "veget60": "tres_faible", "hyd_dyn1": 1.0, "hyd_dyn2": 0.0, "hyd_dyn3": 0.0, "hyd_dyn4": 0.0, "hyd_dyn5": 0.0, "hyd_dyn": 1.0, "hyd_dyn_cl": "tres_faible", "av_hyd_dyn": "-", "hyd_qte1": 1.0, "hyd_qte2": 0.0, "hyd_qte3": 0.0, "hyd_qte4": 0.0, "hyd_qte5": 0.0, "hyd_qte": 1.0, "hyd_qte_cl": "tres_faible", "av_hyd_qte": "-", "hyd_mes1": 0.0, "hyd_mes2": 0.0, "hyd_mes3": 0.609, "hyd_mes4": 0.352, "hyd_mes5": 0.039, "hyd_mes": 3.0, "hyd_mes_cl": "moyen", "av_hyd_mes": "-", "con_amp1": 0.0, "con_amp2": 0.0, "con_amp3": 0.0, "con_amp4": 0.4, "con_amp5": 0.6, "con_amp": 5.0, "con_amp_cl": "tres_fort", "av_con_amp": "-", "con_pro1": 0.0, "con_pro2": 0.0, "con_pro3": 0.3, "con_pro4": 0.5, "con_pro5": 0.2, "con_pro": 4.0, "con_pro_cl": "fort", "av_con_pro": "-", "con_lat1": 0.0, "con_lat2": 0.0, "con_lat3": 0.7, "con_lat4": 0.3, "con_lat5": 0.0, "con_lat": 3.0, "con_lat_cl": "moyen", "av_con_lat": "-", "con_sed1": 1.0, "con_sed2": 0.0, "con_sed3": 0.0, "con_sed4": 0.0, "con_sed5": 0.0, "con_sed": 1.0, "con_sed_cl": "tres_faible", "av_con_sed": "-", "mor_pll1": 0.0, "mor_pll2": 0.0, "mor_pll3": 0.045, "mor_pll4": 0.52, "mor_pll5": 0.435, "mor_pll": 4.0, "mor_pll_cl": "fort", "av_mor_pll": "-", "mor_riv1": 0.0, "mor_riv2": 0.04, "mor_riv3": 0.76, "mor_riv4": 0.2, "mor_riv5": 0.0, "mor_riv": 3.0, "mor_riv_cl": "moyen", "av_mor_riv": "-", "mor_ssl1": 0.0, "mor_ssl2": 0.0, "mor_ssl3": 0.0, "mor_ssl4": 0.245, "mor_ssl5": 0.755, "mor_ssl": 5.0, "mor_ssl_cl": "tres_fort", "av_mor_ssl": "-", "av_aggrave": null, "av_attenue": null, "lbbh": "Artois-Picardie", "cdbh": "01", "Score_100": 23.7, "mor_rip": 3 }, "geometry": { "type": "MultiLineString", "coordinates": [ [ [ 1.932355938524362, 50.763111334229542 ], [ 1.932356824937612, 50.763111409912469 ], [ 1.932772843469083, 50.763175098396339 ], [ 1.933445839245831, 50.763329823423753 ], [ 1.933657224047813, 50.76336932225297 ], [ 1.934085538410892, 50.763453750298574 ], [ 1.934361689728885, 50.763508159773309 ], [ 1.934658735998235, 50.763578002110521 ], [ 1.935209169419923, 50.763708337873915 ], [ 1.935251934457681, 50.763759851649915 ], [ 1.935442698054769, 50.763837756369441 ], [ 1.9357574548042, 50.764006454121144 ], [ 1.935697148945083, 50.764114515894804 ], [ 1.935674426687826, 50.764196639565832 ] ] ] } },
{ "type": "Feature", "properties": { "fid": 68, "usra_id": 562656, "usra_id_st": "500631_13", "tgh_id": 500631, "usra_index": 13, "toponyme": "HEM", "longueur": 286.28, "zamont": 73.082353479722002, "zaval": 70.505882936365509, "agri3w_v": 0.0, "agri3w": "faible", "agribv_v": 44.05, "agribv": "fort", "alluvial": "oui", "beton": "absence", "canaux": "absence", "carriere": "absence", "chenal_v": null, "chenal": "faible", "conf": "absence", "conso": 1118.734426493035, "consom1": "faible", "consom2": "faible", "curage": "absence", "dobs1_v": 0.51, "dobs1": "fort", "dobs2_v": 3.77, "dobs2": "fort", "eclu": "absence", "etiage": "fort", "haies_v": 5.1592160602602384, "haies": "fort", "imper_v": 7.08, "imper": "faible", "intercep_v": 0.0, "intercepte": "faible", "montagne": "dessous", "navigable": "non", "obsmax1_v": 2.0, "obsmax1": "moyen", "obsmax2_v": 1.0, "obsmax2": "moyen", "orp": "absence", "orp_amont": "absence", "orp_autour": "absence", "orp_aval": "absence", "orp_proche": "absence", "pente2c": "faible", "pente3c": "moyen", "pistes": "absence", "rang": "petit", "rectitud_v": 0.0, "rectitude": "faible", "ret_us": "autre", "ret_vol1_v": 0.0, "ret_vol1": "faible", "ret_vol2_v": 0.0, "ret_vol2": "faible", "sensisol_v": 21.5469, "sensisol": "moyen", "tcc": "absence", "txamg_v": 0.0, "txamg": "faible", "txetg1_v": 16.15, "txetg1": "moyen", "txetg2_v": 28.66, "txetg2": "moyen", "txetg3_v": 27.71, "txetg3": "moyen", "txetg4_v": null, "txetg4": "faible", "txetg5_v": 2.98, "txetg5": "faible", "veget10_v": 36.476261052649996, "veget10": "faible", "veget30_v": 27.352006239492589, "veget30": "faible", "veget60_v": 20.718461224175162, "veget60": "faible", "hyd_dyn1": 1.0, "hyd_dyn2": 0.0, "hyd_dyn3": 0.0, "hyd_dyn4": 0.0, "hyd_dyn5": 0.0, "hyd_dyn": 1.0, "hyd_dyn_cl": "tres_faible", "av_hyd_dyn": "-", "hyd_qte1": 1.0, "hyd_qte2": 0.0, "hyd_qte3": 0.0, "hyd_qte4": 0.0, "hyd_qte5": 0.0, "hyd_qte": 1.0, "hyd_qte_cl": "tres_faible", "av_hyd_qte": "-", "hyd_mes1": 0.0, "hyd_mes2": 0.7, "hyd_mes3": 0.3, "hyd_mes4": 0.0, "hyd_mes5": 0.0, "hyd_mes": 2.0, "hyd_mes_cl": "faible", "av_hyd_mes": "-", "con_amp1": 0.0, "con_amp2": 0.0, "con_amp3": 0.0, "con_amp4": 0.4, "con_amp5": 0.6, "con_amp": 5.0, "con_amp_cl": "tres_fort", "av_con_amp": "-", "con_pro1": 0.0, "con_pro2": 0.0, "con_pro3": 0.3, "con_pro4": 0.5, "con_pro5": 0.2, "con_pro": 4.0, "con_pro_cl": "fort", "av_con_pro": "-", "con_lat1": 1.0, "con_lat2": 0.0, "con_lat3": 0.0, "con_lat4": 0.0, "con_lat5": 0.0, "con_lat": 1.0, "con_lat_cl": "tres_faible", "av_con_lat": "-", "con_sed1": 1.0, "con_sed2": 0.0, "con_sed3": 0.0, "con_sed4": 0.0, "con_sed5": 0.0, "con_sed": 1.0, "con_sed_cl": "tres_faible", "av_con_sed": "-", "mor_pll1": 0.5, "mor_pll2": 0.0, "mor_pll3": 0.5, "mor_pll4": 0.0, "mor_pll5": 0.0, "mor_pll": 3.0, "mor_pll_cl": "moyen", "av_mor_pll": "C", "mor_riv1": 0.0, "mor_riv2": 0.12, "mor_riv3": 0.48, "mor_riv4": 0.4, "mor_riv5": 0.0, "mor_riv": 3.0, "mor_riv_cl": "moyen", "av_mor_riv": "-", "mor_ssl1": 0.0, "mor_ssl2": 0.0, "mor_ssl3": 0.455, "mor_ssl4": 0.47, "mor_ssl5": 0.075, "mor_ssl": 4.0, "mor_ssl_cl": "fort", "av_mor_ssl": "D", "av_aggrave": null, "av_attenue": null, "lbbh": "Artois-Picardie", "cdbh": "01", "Score_100": 22.4, "mor_rip": 4 }, "geometry": { "type": "MultiLineString", "coordinates": [ [ [ 1.935674426687826, 50.764196639565832 ], [ 1.935672627505594, 50.76420314222851 ], [ 1.935688176224037, 50.764336977749984 ], [ 1.935817653052343, 50.764369491217572 ], [ 1.935882401061948, 50.764385299315421 ], [ 1.935922204695463, 50.764443068813215 ], [ 1.935976840842998, 50.764468661090191 ], [ 1.936113772487741, 50.764483291302177 ], [ 1.936216200749543, 50.764523649188192 ], [ 1.936336080995727, 50.764541722782518 ], [ 1.93640417312393, 50.764533331198741 ], [ 1.93646276306352, 50.764506014423596 ], [ 1.936672068955149, 50.764510494279584 ], [ 1.936758203118471, 50.764452005983678 ], [ 1.936802056142122, 50.764452380495008 ], [ 1.937017025615673, 50.76452331073363 ], [ 1.937193667728391, 50.764600194726391 ], [ 1.937351762248513, 50.764617696225507 ], [ 1.937402821777802, 50.764611850710125 ], [ 1.937483930928557, 50.764590109656567 ], [ 1.937564215468897, 50.7645405442155 ], [ 1.937603862795043, 50.764539087888458 ], [ 1.937633360369436, 50.764549210256924 ], [ 1.937648331122004, 50.764577155302341 ], [ 1.937641194197399, 50.764713488872111 ], [ 1.937663028750231, 50.764751363129051 ], [ 1.937725659031862, 50.764800353457481 ], [ 1.937807250477739, 50.764822585571771 ], [ 1.937956883759306, 50.764905519311611 ], [ 1.938014750269224, 50.76491229425627 ], [ 1.938222985785954, 50.7649006103874 ], [ 1.938290222102085, 50.764932590397514 ], [ 1.938569576722202, 50.764969968328117 ], [ 1.938618271039258, 50.765008968721865 ], [ 1.938742937200604, 50.765068358010218 ], [ 1.938749183488351, 50.765081567305508 ] ] ] } },
{ "type": "Feature", "properties": { "fid": 69, "usra_id": 562658, "usra_id_st": "500631_14", "tgh_id": 500631, "usra_index": 14, "toponyme": "HEM", "longueur": 286.28, "zamont": 70.505882936365509, "zaval": 67.929412393009002, "agri3w_v": 0.0, "agri3w": "faible", "agribv_v": 44.05, "agribv": "fort", "alluvial": "oui", "beton": "absence", "canaux": "absence", "carriere": "absence", "chenal_v": null, "chenal": "faible", "conf": "absence", "conso": 1118.734426493035, "consom1": "faible", "consom2": "faible", "curage": "absence", "dobs1_v": 0.49, "dobs1": "fort", "dobs2_v": 3.46, "dobs2": "fort", "eclu": "absence", "etiage": "fort", "haies_v": 5.1592160602602384, "haies": "fort", "imper_v": 7.08, "imper": "faible", "intercep_v": 0.0, "intercepte": "faible", "montagne": "dessous", "navigable": "non", "obsmax1_v": 2.0, "obsmax1": "moyen", "obsmax2_v": 1.0, "obsmax2": "moyen", "orp": "absence", "orp_amont": "absence", "orp_autour": "absence", "orp_aval": "absence", "orp_proche": "absence", "pente2c": "faible", "pente3c": "moyen", "pistes": "absence", "rang": "petit", "rectitud_v": 66.67, "rectitude": "fort", "ret_us": "autre", "ret_vol1_v": 0.0, "ret_vol1": "faible", "ret_vol2_v": 0.0, "ret_vol2": "faible", "sensisol_v": 21.5469, "sensisol": "moyen", "tcc": "absence", "txamg_v": 3.8, "txamg": "faible", "txetg1_v": 15.75, "txetg1": "moyen", "txetg2_v": 28.18, "txetg2": "moyen", "txetg3_v": 17.35, "txetg3": "moyen", "txetg4_v": null, "txetg4": "faible", "txetg5_v": 2.77, "txetg5": "faible", "veget10_v": 62.940098578519418, "veget10": "moyen", "veget30_v": 33.428680929071852, "veget30": "faible", "veget60_v": 25.470263341306776, "veget60": "faible", "hyd_dyn1": 1.0, "hyd_dyn2": 0.0, "hyd_dyn3": 0.0, "hyd_dyn4": 0.0, "hyd_dyn5": 0.0, "hyd_dyn": 1.0, "hyd_dyn_cl": "tres_faible", "av_hyd_dyn": "-", "hyd_qte1": 1.0, "hyd_qte2": 0.0, "hyd_qte3": 0.0, "hyd_qte4": 0.0, "hyd_qte5": 0.0, "hyd_qte": 1.0, "hyd_qte_cl": "tres_faible", "av_hyd_qte": "-", "hyd_mes1": 0.0, "hyd_mes2": 0.0, "hyd_mes3": 0.609, "hyd_mes4": 0.352, "hyd_mes5": 0.039, "hyd_mes": 3.0, "hyd_mes_cl": "moyen", "av_hyd_mes": "-", "con_amp1": 0.0, "con_amp2": 0.0, "con_amp3": 0.0, "con_amp4": 0.4, "con_amp5": 0.6, "con_amp": 5.0, "con_amp_cl": "tres_fort", "av_con_amp": "-", "con_pro1": 0.0, "con_pro2": 0.0, "con_pro3": 0.3, "con_pro4": 0.5, "con_pro5": 0.2, "con_pro": 4.0, "con_pro_cl": "fort", "av_con_pro": "-", "con_lat1": 0.0, "con_lat2": 0.0, "con_lat3": 0.7, "con_lat4": 0.3, "con_lat5": 0.0, "con_lat": 3.0, "con_lat_cl": "moyen", "av_con_lat": "-", "con_sed1": 1.0, "con_sed2": 0.0, "con_sed3": 0.0, "con_sed4": 0.0, "con_sed5": 0.0, "con_sed": 1.0, "con_sed_cl": "tres_faible", "av_con_sed": "-", "mor_pll1": 0.0, "mor_pll2": 0.0, "mor_pll3": 0.136, "mor_pll4": 0.509, "mor_pll5": 0.355, "mor_pll": 4.0, "mor_pll_cl": "fort", "av_mor_pll": "-", "mor_riv1": 0.0, "mor_riv2": 0.04, "mor_riv3": 0.76, "mor_riv4": 0.2, "mor_riv5": 0.0, "mor_riv": 3.0, "mor_riv_cl": "moyen", "av_mor_riv": "-", "mor_ssl1": 0.0, "mor_ssl2": 0.0, "mor_ssl3": 0.069, "mor_ssl4": 0.358, "mor_ssl5": 0.573, "mor_ssl": 5.0, "mor_ssl_cl": "tres_fort", "av_mor_ssl": "-", "av_aggrave": null, "av_attenue": null, "lbbh": "Artois-Picardie", "cdbh": "01", "Score_100": 24.7, "mor_rip": 3 }, "geometry": { "type": "MultiLineString", "coordinates": [ [ [ 1.938749183488351, 50.765081567305508 ], [ 1.938780854714614, 50.765148543703496 ], [ 1.938817064818466, 50.765175772286007 ], [ 1.939001260411728, 50.765230284702177 ], [ 1.93907132694169, 50.765262288385941 ], [ 1.939196336375222, 50.765305528156624 ], [ 1.939326168430048, 50.765388291438825 ], [ 1.93944878614439, 50.765410871960611 ], [ 1.939904518086186, 50.765604987364199 ], [ 1.940257401638012, 50.765778484350797 ], [ 1.940357528931683, 50.765860993623505 ], [ 1.940409358566955, 50.765885662651122 ], [ 1.940445949761856, 50.765894947362732 ], [ 1.940545934726215, 50.765917334155233 ], [ 1.940666142525976, 50.765920151680582 ], [ 1.940792350557682, 50.765906868200766 ], [ 1.940920552927917, 50.765933084070213 ], [ 1.941346113233718, 50.76614937052905 ], [ 1.941404315208853, 50.766207294496162 ], [ 1.941539755025112, 50.76629279497412 ], [ 1.941811413379506, 50.766427011574585 ], [ 1.941880466829069, 50.7664401610716 ], [ 1.941961361393674, 50.766495585615772 ], [ 1.941965481228873, 50.766499147662529 ] ] ] } },
{ "type": "Feature", "properties": { "fid": 70, "usra_id": 562663, "usra_id_st": "500631_15", "tgh_id": 500631, "usra_index": 15, "toponyme": "HEM", "longueur": 286.28, "zamont": 67.929412393009002, "zaval": 65.352941849652495, "agri3w_v": 0.13, "agri3w": "faible", "agribv_v": 44.05, "agribv": "fort", "alluvial": "oui", "beton": "absence", "canaux": "absence", "carriere": "absence", "chenal_v": null, "chenal": "faible", "conf": "absence", "conso": 1118.734426493035, "consom1": "faible", "consom2": "faible", "curage": "absence", "dobs1_v": 0.47, "dobs1": "fort", "dobs2_v": 2.96, "dobs2": "fort", "eclu": "absence", "etiage": "fort", "haies_v": 5.1592160602602384, "haies": "fort", "imper_v": 7.08, "imper": "faible", "intercep_v": 0.0, "intercepte": "faible", "montagne": "dessous", "navigable": "non", "obsmax1_v": 2.0, "obsmax1": "moyen", "obsmax2_v": 1.0, "obsmax2": "moyen", "orp": "absence", "orp_amont": "absence", "orp_autour": "absence", "orp_aval": "absence", "orp_proche": "absence", "pente2c": "faible", "pente3c": "moyen", "pistes": "absence", "rang": "petit", "rectitud_v": 100.0, "rectitude": "fort", "ret_us": "autre", "ret_vol1_v": 0.0, "ret_vol1": "faible", "ret_vol2_v": 0.0, "ret_vol2": "faible", "sensisol_v": 21.5469, "sensisol": "moyen", "tcc": "absence", "txamg_v": 0.0, "txamg": "faible", "txetg1_v": 15.69, "txetg1": "moyen", "txetg2_v": 24.91, "txetg2": "moyen", "txetg3_v": 37.48, "txetg3": "fort", "txetg4_v": null, "txetg4": "faible", "txetg5_v": 2.59, "txetg5": "faible", "veget10_v": 50.205152249820891, "veget10": "moyen", "veget30_v": 32.583130563889299, "veget30": "faible", "veget60_v": 29.664851202023495, "veget60": "faible", "hyd_dyn1": 1.0, "hyd_dyn2": 0.0, "hyd_dyn3": 0.0, "hyd_dyn4": 0.0, "hyd_dyn5": 0.0, "hyd_dyn": 1.0, "hyd_dyn_cl": "tres_faible", "av_hyd_dyn": "-", "hyd_qte1": 1.0, "hyd_qte2": 0.0, "hyd_qte3": 0.0, "hyd_qte4": 0.0, "hyd_qte5": 0.0, "hyd_qte": 1.0, "hyd_qte_cl": "tres_faible", "av_hyd_qte": "-", "hyd_mes1": 0.0, "hyd_mes2": 0.0, "hyd_mes3": 0.609, "hyd_mes4": 0.352, "hyd_mes5": 0.039, "hyd_mes": 3.0, "hyd_mes_cl": "moyen", "av_hyd_mes": "-", "con_amp1": 0.0, "con_amp2": 0.0, "con_amp3": 0.0, "con_amp4": 0.4, "con_amp5": 0.6, "con_amp": 5.0, "con_amp_cl": "tres_fort", "av_con_amp": "-", "con_pro1": 0.0, "con_pro2": 0.0, "con_pro3": 0.3, "con_pro4": 0.5, "con_pro5": 0.2, "con_pro": 4.0, "con_pro_cl": "fort", "av_con_pro": "-", "con_lat1": 0.0, "con_lat2": 0.0, "con_lat3": 0.7, "con_lat4": 0.3, "con_lat5": 0.0, "con_lat": 3.0, "con_lat_cl": "moyen", "av_con_lat": "-", "con_sed1": 1.0, "con_sed2": 0.0, "con_sed3": 0.0, "con_sed4": 0.0, "con_sed5": 0.0, "con_sed": 1.0, "con_sed_cl": "tres_faible", "av_con_sed": "-", "mor_pll1": 0.0, "mor_pll2": 0.0, "mor_pll3": 0.045, "mor_pll4": 0.52, "mor_pll5": 0.435, "mor_pll": 4.0, "mor_pll_cl": "fort", "av_mor_pll": "-", "mor_riv1": 0.0, "mor_riv2": 0.04, "mor_riv3": 0.76, "mor_riv4": 0.2, "mor_riv5": 0.0, "mor_riv": 3.0, "mor_riv_cl": "moyen", "av_mor_riv": "-", "mor_ssl1": 0.0, "mor_ssl2": 0.0, "mor_ssl3": 0.0, "mor_ssl4": 0.245, "mor_ssl5": 0.755, "mor_ssl": 5.0, "mor_ssl_cl": "tres_fort", "av_mor_ssl": "-", "av_aggrave": null, "av_attenue": null, "lbbh": "Artois-Picardie", "cdbh": "01", "Score_100": 23.7, "mor_rip": 3 }, "geometry": { "type": "MultiLineString", "coordinates": [ [ [ 1.941965481228873, 50.766499147662529 ], [ 1.942204532171318, 50.766705832133852 ], [ 1.942302271031587, 50.766767680837063 ], [ 1.94243009742772, 50.766811838465777 ], [ 1.942821579527831, 50.766900409410319 ], [ 1.943021493216097, 50.767015170086985 ], [ 1.943192816470586, 50.767076745395677 ], [ 1.943604784196999, 50.767200483475328 ], [ 1.944001286899796, 50.767319602346852 ], [ 1.944162974359612, 50.767368531963136 ], [ 1.944239772145798, 50.767551340629389 ], [ 1.944289592508828, 50.767805706589392 ], [ 1.944344834111681, 50.767937184668881 ], [ 1.944428256879401, 50.768074285577612 ], [ 1.944535280124553, 50.768165822831278 ], [ 1.944606918216059, 50.768185655623618 ] ] ] } },
{ "type": "Feature", "properties": { "fid": 71, "usra_id": 562668, "usra_id_st": "500631_16", "tgh_id": 500631, "usra_index": 16, "toponyme": "HEM", "longueur": 286.28, "zamont": 65.352941849652495, "zaval": 62.776471306296003, "agri3w_v": 0.0, "agri3w": "faible", "agribv_v": 44.05, "agribv": "fort", "alluvial": "oui", "beton": "absence", "canaux": "absence", "carriere": "absence", "chenal_v": null, "chenal": "faible", "conf": "absence", "conso": 1118.734426493035, "consom1": "faible", "consom2": "faible", "curage": "absence", "dobs1_v": 0.43, "dobs1": "fort", "dobs2_v": 2.98, "dobs2": "fort", "eclu": "absence", "etiage": "fort", "haies_v": 5.1592160602602384, "haies": "fort", "imper_v": 7.08, "imper": "faible", "intercep_v": 0.0, "intercepte": "faible", "montagne": "dessous", "navigable": "non", "obsmax1_v": 2.0, "obsmax1": "moyen", "obsmax2_v": 1.0, "obsmax2": "moyen", "orp": "absence", "orp_amont": "absence", "orp_autour": "absence", "orp_aval": "absence", "orp_proche": "absence", "pente2c": "faible", "pente3c": "moyen", "pistes": "absence", "rang": "petit", "rectitud_v": 66.67, "rectitude": "fort", "ret_us": "autre", "ret_vol1_v": 0.0, "ret_vol1": "faible", "ret_vol2_v": 0.0, "ret_vol2": "faible", "sensisol_v": 21.5469, "sensisol": "moyen", "tcc": "absence", "txamg_v": 3.1, "txamg": "faible", "txetg1_v": 14.88, "txetg1": "moyen", "txetg2_v": 28.43, "txetg2": "moyen", "txetg3_v": 5.81, "txetg3": "faible", "txetg4_v": null, "txetg4": "faible", "txetg5_v": 2.43, "txetg5": "faible", "veget10_v": 72.033877218199379, "veget10": "moyen", "veget30_v": 49.005853268468982, "veget30": "moyen", "veget60_v": 38.841018166027219, "veget60": "faible", "hyd_dyn1": 1.0, "hyd_dyn2": 0.0, "hyd_dyn3": 0.0, "hyd_dyn4": 0.0, "hyd_dyn5": 0.0, "hyd_dyn": 1.0, "hyd_dyn_cl": "tres_faible", "av_hyd_dyn": "-", "hyd_qte1": 1.0, "hyd_qte2": 0.0, "hyd_qte3": 0.0, "hyd_qte4": 0.0, "hyd_qte5": 0.0, "hyd_qte": 1.0, "hyd_qte_cl": "tres_faible", "av_hyd_qte": "-", "hyd_mes1": 0.0, "hyd_mes2": 0.0, "hyd_mes3": 0.609, "hyd_mes4": 0.352, "hyd_mes5": 0.039, "hyd_mes": 3.0, "hyd_mes_cl": "moyen", "av_hyd_mes": "-", "con_amp1": 0.0, "con_amp2": 0.0, "con_amp3": 0.0, "con_amp4": 0.4, "con_amp5": 0.6, "con_amp": 5.0, "con_amp_cl": "tres_fort", "av_con_amp": "-", "con_pro1": 0.0, "con_pro2": 0.0, "con_pro3": 0.3, "con_pro4": 0.5, "con_pro5": 0.2, "con_pro": 4.0, "con_pro_cl": "fort", "av_con_pro": "-", "con_lat1": 0.0, "con_lat2": 0.0, "con_lat3": 0.7, "con_lat4": 0.3, "con_lat5": 0.0, "con_lat": 3.0, "con_lat_cl": "moyen", "av_con_lat": "-", "con_sed1": 1.0, "con_sed2": 0.0, "con_sed3": 0.0, "con_sed4": 0.0, "con_sed5": 0.0, "con_sed": 1.0, "con_sed_cl": "tres_faible", "av_con_sed": "-", "mor_pll1": 0.0, "mor_pll2": 0.0, "mor_pll3": 0.228, "mor_pll4": 0.498, "mor_pll5": 0.275, "mor_pll": 4.0, "mor_pll_cl": "fort", "av_mor_pll": "-", "mor_riv1": 0.04, "mor_riv2": 0.064, "mor_riv3": 0.736, "mor_riv4": 0.16, "mor_riv5": 0.0, "mor_riv": 3.0, "mor_riv_cl": "moyen", "av_mor_riv": "-", "mor_ssl1": 0.0, "mor_ssl2": 0.0, "mor_ssl3": 0.171, "mor_ssl4": 0.529, "mor_ssl5": 0.3, "mor_ssl": 4.0, "mor_ssl_cl": "fort", "av_mor_ssl": "-", "av_aggrave": null, "av_attenue": null, "lbbh": "Artois-Picardie", "cdbh": "01", "Score_100": 23.2, "mor_rip": 3 }, "geometry": { "type": "MultiLineString", "coordinates": [ [ [ 1.944606918216059, 50.768185655623618 ], [ 1.944765989696811, 50.768229693883768 ], [ 1.944811503342849, 50.768285713830956 ], [ 1.94481519923333, 50.76831176760632 ], [ 1.944826551613026, 50.768377368606885 ], [ 1.944810299238426, 50.768611432877933 ], [ 1.944872856216963, 50.768865906101105 ], [ 1.944914576936933, 50.768967657386504 ], [ 1.945005473682837, 50.76908597717798 ], [ 1.945163860271055, 50.769291909153786 ], [ 1.94539082040424, 50.769399716019372 ], [ 1.945666240144425, 50.769558182955628 ], [ 1.945884768842737, 50.769730524782076 ], [ 1.945949789652734, 50.769801066490061 ], [ 1.946062343119497, 50.770033528742239 ], [ 1.946289953855459, 50.770389404375415 ] ] ] } },
{ "type": "Feature", "properties": { "fid": 72, "usra_id": 562673, "usra_id_st": "500631_17", "tgh_id": 500631, "usra_index": 17, "toponyme": "HEM", "longueur": 286.28, "zamont": 62.776471306296003, "zaval": 60.200000762939503, "agri3w_v": 0.0, "agri3w": "faible", "agribv_v": 44.05, "agribv": "fort", "alluvial": "oui", "beton": "absence", "canaux": "absence", "carriere": "absence", "chenal_v": null, "chenal": "faible", "conf": "absence", "conso": 1118.734426493035, "consom1": "faible", "consom2": "faible", "curage": "absence", "dobs1_v": 0.42, "dobs1": "fort", "dobs2_v": 2.57, "dobs2": "fort", "eclu": "absence", "etiage": "fort", "haies_v": 5.1592160602602384, "haies": "fort", "imper_v": 7.08, "imper": "faible", "intercep_v": 0.0, "intercepte": "faible", "montagne": "dessous", "navigable": "non", "obsmax1_v": 2.0, "obsmax1": "moyen", "obsmax2_v": 0.91, "obsmax2": "faible", "orp": "absence", "orp_amont": "absence", "orp_autour": "absence", "orp_aval": "absence", "orp_proche": "absence", "pente2c": "faible", "pente3c": "moyen", "pistes": "absence", "rang": "petit", "rectitud_v": 33.33, "rectitude": "moyen", "ret_us": "autre", "ret_vol1_v": 0.0, "ret_vol1": "faible", "ret_vol2_v": 0.0, "ret_vol2": "faible", "sensisol_v": 21.5469, "sensisol": "moyen", "tcc": "absence", "txamg_v": 0.0, "txamg": "faible", "txetg1_v": 15.23, "txetg1": "moyen", "txetg2_v": 24.61, "txetg2": "moyen", "txetg3_v": 52.17, "txetg3": "fort", "txetg4_v": null, "txetg4": "faible", "txetg5_v": 2.28, "txetg5": "faible", "veget10_v": 62.966587602692854, "veget10": "moyen", "veget30_v": 38.330048076138809, "veget30": "faible", "veget60_v": 33.581801375658344, "veget60": "faible", "hyd_dyn1": 1.0, "hyd_dyn2": 0.0, "hyd_dyn3": 0.0, "hyd_dyn4": 0.0, "hyd_dyn5": 0.0, "hyd_dyn": 1.0, "hyd_dyn_cl": "tres_faible", "av_hyd_dyn": "-", "hyd_qte1": 1.0, "hyd_qte2": 0.0, "hyd_qte3": 0.0, "hyd_qte4": 0.0, "hyd_qte5": 0.0, "hyd_qte": 1.0, "hyd_qte_cl": "tres_faible", "av_hyd_qte": "-", "hyd_mes1": 0.0, "hyd_mes2": 0.21, "hyd_mes3": 0.699, "hyd_mes4": 0.091, "hyd_mes5": 0.0, "hyd_mes": 3.0, "hyd_mes_cl": "moyen", "av_hyd_mes": "-", "con_amp1": 0.0, "con_amp2": 0.0, "con_amp3": 0.0, "con_amp4": 0.4, "con_amp5": 0.6, "con_amp": 5.0, "con_amp_cl": "tres_fort", "av_con_amp": "-", "con_pro1": 0.0, "con_pro2": 0.0, "con_pro3": 0.5, "con_pro4": 0.5, "con_pro5": 0.0, "con_pro": 4.0, "con_pro_cl": "fort", "av_con_pro": "D", "con_lat1": 0.3, "con_lat2": 0.0, "con_lat3": 0.7, "con_lat4": 0.0, "con_lat5": 0.0, "con_lat": 3.0, "con_lat_cl": "moyen", "av_con_lat": "-", "con_sed1": 1.0, "con_sed2": 0.0, "con_sed3": 0.0, "con_sed4": 0.0, "con_sed5": 0.0, "con_sed": 1.0, "con_sed_cl": "tres_faible", "av_con_sed": "-", "mor_pll1": 0.0, "mor_pll2": 0.0, "mor_pll3": 0.226, "mor_pll4": 0.652, "mor_pll5": 0.122, "mor_pll": 4.0, "mor_pll_cl": "fort", "av_mor_pll": "-", "mor_riv1": 0.0, "mor_riv2": 0.12, "mor_riv3": 0.78, "mor_riv4": 0.1, "mor_riv5": 0.0, "mor_riv": 3.0, "mor_riv_cl": "moyen", "av_mor_riv": "-", "mor_ssl1": 0.0, "mor_ssl2": 0.0, "mor_ssl3": 0.062, "mor_ssl4": 0.435, "mor_ssl5": 0.503, "mor_ssl": 5.0, "mor_ssl_cl": "tres_fort", "av_mor_ssl": "-", "av_aggrave": null, "av_attenue": null, "lbbh": "Artois-Picardie", "cdbh": "01", "Score_100": 23.7, "mor_rip": 3 }, "geometry": { "type": "MultiLineString", "coordinates": [ [ [ 1.946289953855459, 50.770389404375415 ], [ 1.946454150536451, 50.770646126874283 ], [ 1.946530189658406, 50.770731118551126 ], [ 1.946567709552542, 50.770763739594216 ], [ 1.946595514681766, 50.770787305213084 ], [ 1.946730485054586, 50.770896125673445 ], [ 1.946782623791927, 50.771041035552038 ], [ 1.946832065851007, 50.771112342180245 ], [ 1.946922688389537, 50.771176818494709 ], [ 1.947123005871195, 50.771273628599843 ], [ 1.947197726636382, 50.771286822904315 ], [ 1.947245018985249, 50.771258508473238 ], [ 1.947297461122113, 50.771187166124427 ], [ 1.947596059253062, 50.770984203566762 ], [ 1.947708016429607, 50.770908877424155 ], [ 1.947843987105673, 50.770835548738233 ], [ 1.948111362467675, 50.770704106810435 ], [ 1.94827217634317, 50.77066059915051 ], [ 1.948409279253498, 50.770668038397766 ], [ 1.948695559012344, 50.770714424656134 ], [ 1.949076291600957, 50.770777759282566 ] ] ] } },
{ "type": "Feature", "properties": { "fid": 73, "usra_id": 562710, "usra_id_st": "500632_1", "tgh_id": 500632, "usra_index": 1, "toponyme": "HEM", "longueur": 291.06, "zamont": 85.400001525878906, "zaval": 83.728572845458999, "agri3w_v": 0.0, "agri3w": "faible", "agribv_v": 44.05, "agribv": "fort", "alluvial": "oui", "beton": "absence", "canaux": "absence", "carriere": "absence", "chenal_v": null, "chenal": "faible", "conf": "absence", "conso": 1118.734426493035, "consom1": "faible", "consom2": "faible", "curage": "absence", "dobs1_v": 0.61, "dobs1": "fort", "dobs2_v": 2.29, "dobs2": "fort", "eclu": "absence", "etiage": "fort", "haies_v": 5.1592160602602384, "haies": "fort", "imper_v": 7.08, "imper": "faible", "intercep_v": 0.0, "intercepte": "faible", "montagne": "dessous", "navigable": "non", "obsmax1_v": 3.0, "obsmax1": "moyen", "obsmax2_v": 3.0, "obsmax2": "moyen", "orp": "absence", "orp_amont": "absence", "orp_autour": "absence", "orp_aval": "absence", "orp_proche": "absence", "pente2c": "faible", "pente3c": "moyen", "pistes": "absence", "rang": "petit", "rectitud_v": 33.33, "rectitude": "moyen", "ret_us": "autre", "ret_vol1_v": 0.0, "ret_vol1": "faible", "ret_vol2_v": 0.0, "ret_vol2": "faible", "sensisol_v": 21.5469, "sensisol": "moyen", "tcc": "absence", "txamg_v": 34.26, "txamg": "fort", "txetg1_v": 26.76, "txetg1": "moyen", "txetg2_v": 36.41, "txetg2": "fort", "txetg3_v": 99.99, "txetg3": "fort", "txetg4_v": 99.99, "txetg4": "fort", "txetg5_v": 99.99, "txetg5": "fort", "veget10_v": 49.55669135635393, "veget10": "moyen", "veget30_v": 30.755982099893338, "veget30": "faible", "veget60_v": 29.094931109929838, "veget60": "faible", "hyd_dyn1": 1.0, "hyd_dyn2": 0.0, "hyd_dyn3": 0.0, "hyd_dyn4": 0.0, "hyd_dyn5": 0.0, "hyd_dyn": 1.0, "hyd_dyn_cl": "tres_faible", "av_hyd_dyn": "-", "hyd_qte1": 1.0, "hyd_qte2": 0.0, "hyd_qte3": 0.0, "hyd_qte4": 0.0, "hyd_qte5": 0.0, "hyd_qte": 1.0, "hyd_qte_cl": "tres_faible", "av_hyd_qte": "-", "hyd_mes1": 0.0, "hyd_mes2": 0.0, "hyd_mes3": 0.0, "hyd_mes4": 0.37, "hyd_mes5": 0.63, "hyd_mes": 5.0, "hyd_mes_cl": "tres_fort", "av_hyd_mes": "-", "con_amp1": 0.0, "con_amp2": 0.0, "con_amp3": 0.0, "con_amp4": 0.4, "con_amp5": 0.6, "con_amp": 5.0, "con_amp_cl": "tres_fort", "av_con_amp": "-", "con_pro1": 0.0, "con_pro2": 0.0, "con_pro3": 0.0, "con_pro4": 0.2, "con_pro5": 0.8, "con_pro": 5.0, "con_pro_cl": "tres_fort", "av_con_pro": "-", "con_lat1": 0.0, "con_lat2": 0.0, "con_lat3": 0.0, "con_lat4": 0.33, "con_lat5": 0.67, "con_lat": 5.0, "con_lat_cl": "tres_fort", "av_con_lat": "-", "con_sed1": 0.0, "con_sed2": 0.0, "con_sed3": 0.6, "con_sed4": 0.4, "con_sed5": 0.0, "con_sed": 3.0, "con_sed_cl": "moyen", "av_con_sed": "-", "mor_pll1": 0.0, "mor_pll2": 0.0, "mor_pll3": 0.031, "mor_pll4": 0.238, "mor_pll5": 0.731, "mor_pll": 5.0, "mor_pll_cl": "tres_fort", "av_mor_pll": "-", "mor_riv1": 0.0, "mor_riv2": 0.024, "mor_riv3": 0.756, "mor_riv4": 0.22, "mor_riv5": 0.0, "mor_riv": 3.0, "mor_riv_cl": "moyen", "av_mor_riv": "-", "mor_ssl1": 0.0, "mor_ssl2": 0.0, "mor_ssl3": 0.029, "mor_ssl4": 0.269, "mor_ssl5": 0.702, "mor_ssl": 5.0, "mor_ssl_cl": "tres_fort", "av_mor_ssl": "-", "av_aggrave": null, "av_attenue": null, "lbbh": "Artois-Picardie", "cdbh": "01", "Score_100": 38.0, "mor_rip": 3 }, "geometry": { "type": "MultiLineString", "coordinates": [ [ [ 1.904996743943138, 50.777474213685878 ], [ 1.905026085561772, 50.777491520755675 ], [ 1.905383605893877, 50.777580806505092 ], [ 1.905478863208746, 50.777625612417431 ], [ 1.905722713156867, 50.777670826727046 ], [ 1.905915248417671, 50.777668031817782 ], [ 1.906060105648452, 50.777645076773517 ], [ 1.906098447304427, 50.777639132343332 ], [ 1.906246624346598, 50.777593773263753 ], [ 1.906336943888077, 50.777540727347947 ], [ 1.906409397713394, 50.777463296851572 ], [ 1.906472577613674, 50.777421677648576 ], [ 1.906650977506849, 50.777353253163525 ], [ 1.906797307232507, 50.777327618231368 ], [ 1.906856775158114, 50.777326345622157 ], [ 1.906889339059971, 50.777325734147695 ], [ 1.907020617891017, 50.777341243534856 ], [ 1.907187192743723, 50.777360651803448 ], [ 1.907585534889413, 50.777460159957307 ], [ 1.907711747231832, 50.777513311567155 ], [ 1.907835664106467, 50.777606822265511 ], [ 1.908019883689808, 50.777790593488447 ], [ 1.908140854451498, 50.777889461910291 ], [ 1.908312569660929, 50.777997748229922 ], [ 1.908396737823985, 50.778041722606133 ] ] ] } },
{ "type": "Feature", "properties": { "fid": 74, "usra_id": 562711, "usra_id_st": "500632_2", "tgh_id": 500632, "usra_index": 2, "toponyme": "HEM", "longueur": 291.06, "zamont": 83.728572845458999, "zaval": 82.057144165039062, "agri3w_v": 0.0, "agri3w": "faible", "agribv_v": 44.05, "agribv": "fort", "alluvial": "oui", "beton": "absence", "canaux": "absence", "carriere": "absence", "chenal_v": null, "chenal": "faible", "conf": "absence", "conso": 1118.734426493035, "consom1": "faible", "consom2": "faible", "curage": "absence", "dobs1_v": 0.62, "dobs1": "fort", "dobs2_v": 1.96, "dobs2": "fort", "eclu": "absence", "etiage": "fort", "haies_v": 5.1592160602602384, "haies": "fort", "imper_v": 7.08, "imper": "faible", "intercep_v": 100.0, "intercepte": "fort", "montagne": "dessous", "navigable": "non", "obsmax1_v": 3.0, "obsmax1": "moyen", "obsmax2_v": 3.0, "obsmax2": "moyen", "orp": "absence", "orp_amont": "absence", "orp_autour": "absence", "orp_aval": "absence", "orp_proche": "absence", "pente2c": "faible", "pente3c": "moyen", "pistes": "absence", "rang": "petit", "rectitud_v": 100.0, "rectitude": "fort", "ret_us": "autre", "ret_vol1_v": 0.0, "ret_vol1": "faible", "ret_vol2_v": 0.0, "ret_vol2": "faible", "sensisol_v": 21.5469, "sensisol": "moyen", "tcc": "absence", "txamg_v": 38.56, "txamg": "fort", "txetg1_v": 25.41, "txetg1": "moyen", "txetg2_v": 33.62, "txetg2": "fort", "txetg3_v": 34.13, "txetg3": "fort", "txetg4_v": 34.13, "txetg4": "fort", "txetg5_v": 67.06, "txetg5": "fort", "veget10_v": 62.919659294726557, "veget10": "moyen", "veget30_v": 49.387228129492179, "veget30": "moyen", "veget60_v": 40.016146600553753, "veget60": "moyen", "hyd_dyn1": 1.0, "hyd_dyn2": 0.0, "hyd_dyn3": 0.0, "hyd_dyn4": 0.0, "hyd_dyn5": 0.0, "hyd_dyn": 1.0, "hyd_dyn_cl": "tres_faible", "av_hyd_dyn": "-", "hyd_qte1": 1.0, "hyd_qte2": 0.0, "hyd_qte3": 0.0, "hyd_qte4": 0.0, "hyd_qte5": 0.0, "hyd_qte": 1.0, "hyd_qte_cl": "tres_faible", "av_hyd_qte": "-", "hyd_mes1": 0.0, "hyd_mes2": 0.0, "hyd_mes3": 0.0, "hyd_mes4": 0.07, "hyd_mes5": 0.93, "hyd_mes": 5.0, "hyd_mes_cl": "tres_fort", "av_hyd_mes": "-", "con_amp1": 0.0, "con_amp2": 0.0, "con_amp3": 0.0, "con_amp4": 0.4, "con_amp5": 0.6, "con_amp": 5.0, "con_amp_cl": "tres_fort", "av_con_amp": "-", "con_pro1": 0.0, "con_pro2": 0.0, "con_pro3": 0.0, "con_pro4": 0.2, "con_pro5": 0.8, "con_pro": 5.0, "con_pro_cl": "tres_fort", "av_con_pro": "-", "con_lat1": 0.0, "con_lat2": 0.0, "con_lat3": 0.0, "con_lat4": 0.0, "con_lat5": 1.0, "con_lat": 5.0, "con_lat_cl": "tres_fort", "av_con_lat": "-", "con_sed1": 0.0, "con_sed2": 0.0, "con_sed3": 0.0, "con_sed4": 0.6, "con_sed5": 0.4, "con_sed": 4.0, "con_sed_cl": "fort", "av_con_sed": "-", "mor_pll1": 0.0, "mor_pll2": 0.0, "mor_pll3": 0.0, "mor_pll4": 0.025, "mor_pll5": 0.975, "mor_pll": 5.0, "mor_pll_cl": "tres_fort", "av_mor_pll": "-", "mor_riv1": 0.008, "mor_riv2": 0.038, "mor_riv3": 0.634, "mor_riv4": 0.256, "mor_riv5": 0.064, "mor_riv": 3.0, "mor_riv_cl": "moyen", "av_mor_riv": "-", "mor_ssl1": 0.0, "mor_ssl2": 0.0, "mor_ssl3": 0.0, "mor_ssl4": 0.0, "mor_ssl5": 1.0, "mor_ssl": 5.0, "mor_ssl_cl": "tres_fort", "av_mor_ssl": "-", "av_aggrave": null, "av_attenue": null, "lbbh": "Artois-Picardie", "cdbh": "01", "Score_100": 40.4, "mor_rip": 3 }, "geometry": { "type": "MultiLineString", "coordinates": [ [ [ 1.908396737823985, 50.778041722606133 ], [ 1.908572843362371, 50.778133730006466 ], [ 1.908638565720593, 50.778170198714797 ], [ 1.908704737987651, 50.778186033013633 ], [ 1.909235422913596, 50.778382708340743 ], [ 1.909478975132919, 50.778506876516381 ], [ 1.909642099514098, 50.778554965366475 ], [ 1.910051689353484, 50.778593546232209 ], [ 1.910099858178778, 50.778591275854616 ], [ 1.910251263895238, 50.778592600838117 ], [ 1.910349982396382, 50.778608719038083 ], [ 1.910485851800884, 50.778673617311753 ], [ 1.910539426902518, 50.778683059183749 ], [ 1.910988199585159, 50.778677113873613 ], [ 1.911300751296774, 50.778752529312122 ], [ 1.911477140050788, 50.77877650412357 ], [ 1.911963865302901, 50.778782552136789 ], [ 1.912068712710928, 50.778777186908087 ], [ 1.912190730086614, 50.778752017009836 ] ] ] } },
{ "type": "Feature", "properties": { "fid": 75, "usra_id": 562716, "usra_id_st": "500632_3", "tgh_id": 500632, "usra_index": 3, "toponyme": "HEM", "longueur": 291.06, "zamont": 82.057144165039062, "zaval": 80.385715484619141, "agri3w_v": 0.0, "agri3w": "faible", "agribv_v": 44.05, "agribv": "fort", "alluvial": "oui", "beton": "absence", "canaux": "absence", "carriere": "absence", "chenal_v": null, "chenal": "faible", "conf": "absence", "conso": 1118.734426493035, "consom1": "faible", "consom2": "faible", "curage": "absence", "dobs1_v": 0.6, "dobs1": "fort", "dobs2_v": 2.15, "dobs2": "fort", "eclu": "absence", "etiage": "fort", "haies_v": 5.1592160602602384, "haies": "fort", "imper_v": 7.08, "imper": "faible", "intercep_v": 66.0, "intercepte": "fort", "montagne": "dessous", "navigable": "non", "obsmax1_v": 3.0, "obsmax1": "moyen", "obsmax2_v": 3.0, "obsmax2": "moyen", "orp": "absence", "orp_amont": "absence", "orp_autour": "absence", "orp_aval": "absence", "orp_proche": "absence", "pente2c": "faible", "pente3c": "moyen", "pistes": "absence", "rang": "petit", "rectitud_v": 0.0, "rectitude": "faible", "ret_us": "autre", "ret_vol1_v": 0.0, "ret_vol1": "faible", "ret_vol2_v": 0.0, "ret_vol2": "faible", "sensisol_v": 21.5469, "sensisol": "moyen", "tcc": "absence", "txamg_v": 0.0, "txamg": "faible", "txetg1_v": 25.25, "txetg1": "moyen", "txetg2_v": 41.92, "txetg2": "fort", "txetg3_v": null, "txetg3": "faible", "txetg4_v": null, "txetg4": "faible", "txetg5_v": 44.71, "txetg5": "fort", "veget10_v": 53.396883106553709, "veget10": "moyen", "veget30_v": 23.935878711540873, "veget30": "faible", "veget60_v": 15.472976340121788, "veget60": "tres_faible", "hyd_dyn1": 1.0, "hyd_dyn2": 0.0, "hyd_dyn3": 0.0, "hyd_dyn4": 0.0, "hyd_dyn5": 0.0, "hyd_dyn": 1.0, "hyd_dyn_cl": "tres_faible", "av_hyd_dyn": "-", "hyd_qte1": 1.0, "hyd_qte2": 0.0, "hyd_qte3": 0.0, "hyd_qte4": 0.0, "hyd_qte5": 0.0, "hyd_qte": 1.0, "hyd_qte_cl": "tres_faible", "av_hyd_qte": "-", "hyd_mes1": 0.0, "hyd_mes2": 0.0, "hyd_mes3": 0.0, "hyd_mes4": 0.87, "hyd_mes5": 0.13, "hyd_mes": 4.0, "hyd_mes_cl": "fort", "av_hyd_mes": "-", "con_amp1": 0.0, "con_amp2": 0.0, "con_amp3": 0.0, "con_amp4": 0.4, "con_amp5": 0.6, "con_amp": 5.0, "con_amp_cl": "tres_fort", "av_con_amp": "-", "con_pro1": 0.0, "con_pro2": 0.0, "con_pro3": 0.0, "con_pro4": 0.2, "con_pro5": 0.8, "con_pro": 5.0, "con_pro_cl": "tres_fort", "av_con_pro": "-", "con_lat1": 0.0, "con_lat2": 0.0, "con_lat3": 0.0, "con_lat4": 1.0, "con_lat5": 0.0, "con_lat": 4.0, "con_lat_cl": "fort", "av_con_lat": "-", "con_sed1": 0.0, "con_sed2": 0.0, "con_sed3": 0.0, "con_sed4": 0.6, "con_sed5": 0.4, "con_sed": 4.0, "con_sed_cl": "fort", "av_con_sed": "-", "mor_pll1": 0.0, "mor_pll2": 0.0, "mor_pll3": 0.0, "mor_pll4": 1.0, "mor_pll5": 0.0, "mor_pll": 4.0, "mor_pll_cl": "fort", "av_mor_pll": "-", "mor_riv1": 0.0, "mor_riv2": 0.2, "mor_riv3": 0.8, "mor_riv4": 0.0, "mor_riv5": 0.0, "mor_riv": 3.0, "mor_riv_cl": "moyen", "av_mor_riv": "-", "mor_ssl1": 0.0, "mor_ssl2": 0.0, "mor_ssl3": 0.0, "mor_ssl4": 0.525, "mor_ssl5": 0.475, "mor_ssl": 4.0, "mor_ssl_cl": "fort", "av_mor_ssl": "D", "av_aggrave": null, "av_attenue": null, "lbbh": "Artois-Picardie", "cdbh": "01", "Score_100": 27.6, "mor_rip": 3 }, "geometry": { "type": "MultiLineString", "coordinates": [ [ [ 1.912190730086614, 50.778752017009836 ], [ 1.912198083178295, 50.77875050020014 ], [ 1.912236288493836, 50.778750833915396 ], [ 1.91239339377882, 50.778750411439823 ], [ 1.912458152988104, 50.778766231372501 ], [ 1.912548218915116, 50.778854954896886 ], [ 1.912619624666164, 50.778890573742039 ], [ 1.912969652468417, 50.778934906080607 ], [ 1.91318949919897, 50.778978101413365 ], [ 1.913518075890715, 50.77916312360977 ], [ 1.913664479080874, 50.779199396103408 ], [ 1.913701075044577, 50.779208688486129 ], [ 1.91397844733925, 50.779340321099419 ], [ 1.914161778375751, 50.779370633807041 ], [ 1.914343110908188, 50.779427848283582 ], [ 1.914398136264004, 50.779501010506898 ], [ 1.914412378670472, 50.779562152099651 ], [ 1.914265582590327, 50.779804942103596 ], [ 1.914255165971736, 50.779893685464145 ], [ 1.91427557440671, 50.779931550609142 ], [ 1.914320116494256, 50.779966036881 ], [ 1.914425778061932, 50.779988493511411 ], [ 1.914573059692168, 50.779984393363371 ], [ 1.914803153071788, 50.779946916716142 ], [ 1.914865317865604, 50.779951944965148 ], [ 1.914897494441429, 50.779969274303127 ], [ 1.914949306688721, 50.779994850543034 ], [ 1.914980167298022, 50.78002086286638 ] ] ] } },
{ "type": "Feature", "properties": { "fid": 76, "usra_id": 562717, "usra_id_st": "500632_4", "tgh_id": 500632, "usra_index": 4, "toponyme": "HEM", "longueur": 291.06, "zamont": 80.385715484619141, "zaval": 78.714286804199219, "agri3w_v": 10.53, "agri3w": "faible", "agribv_v": 44.05, "agribv": "fort", "alluvial": "oui", "beton": "absence", "canaux": "absence", "carriere": "absence", "chenal_v": null, "chenal": "faible", "conf": "absence", "conso": 1118.734426493035, "consom1": "faible", "consom2": "faible", "curage": "absence", "dobs1_v": 0.61, "dobs1": "fort", "dobs2_v": 2.67, "dobs2": "fort", "eclu": "absence", "etiage": "fort", "haies_v": 5.1592160602602384, "haies": "fort", "imper_v": 7.08, "imper": "faible", "intercep_v": 50.0, "intercepte": "fort", "montagne": "dessous", "navigable": "non", "obsmax1_v": 3.0, "obsmax1": "moyen", "obsmax2_v": 3.0, "obsmax2": "moyen", "orp": "absence", "orp_amont": "absence", "orp_autour": "absence", "orp_aval": "absence", "orp_proche": "absence", "pente2c": "faible", "pente3c": "moyen", "pistes": "absence", "rang": "petit", "rectitud_v": 66.67, "rectitude": "fort", "ret_us": "autre", "ret_vol1_v": 0.0, "ret_vol1": "faible", "ret_vol2_v": 0.0, "ret_vol2": "faible", "sensisol_v": 21.5469, "sensisol": "moyen", "tcc": "absence", "txamg_v": 0.0, "txamg": "faible", "txetg1_v": 25.73, "txetg1": "moyen", "txetg2_v": 44.22, "txetg2": "fort", "txetg3_v": 14.95, "txetg3": "moyen", "txetg4_v": null, "txetg4": "faible", "txetg5_v": 33.53, "txetg5": "fort", "veget10_v": 31.773272755334435, "veget10": "faible", "veget30_v": 19.919208161150891, "veget30": "tres_faible", "veget60_v": 14.175475023392549, "veget60": "tres_faible", "hyd_dyn1": 1.0, "hyd_dyn2": 0.0, "hyd_dyn3": 0.0, "hyd_dyn4": 0.0, "hyd_dyn5": 0.0, "hyd_dyn": 1.0, "hyd_dyn_cl": "tres_faible", "av_hyd_dyn": "-", "hyd_qte1": 1.0, "hyd_qte2": 0.0, "hyd_qte3": 0.0, "hyd_qte4": 0.0, "hyd_qte5": 0.0, "hyd_qte": 1.0, "hyd_qte_cl": "tres_faible", "av_hyd_qte": "-", "hyd_mes1": 0.0, "hyd_mes2": 0.0, "hyd_mes3": 0.0, "hyd_mes4": 0.87, "hyd_mes5": 0.13, "hyd_mes": 4.0, "hyd_mes_cl": "fort", "av_hyd_mes": "-", "con_amp1": 0.0, "con_amp2": 0.0, "con_amp3": 0.0, "con_amp4": 0.4, "con_amp5": 0.6, "con_amp": 5.0, "con_amp_cl": "tres_fort", "av_con_amp": "-", "con_pro1": 0.0, "con_pro2": 0.0, "con_pro3": 0.0, "con_pro4": 0.2, "con_pro5": 0.8, "con_pro": 5.0, "con_pro_cl": "tres_fort", "av_con_pro": "-", "con_lat1": 0.0, "con_lat2": 0.0, "con_lat3": 0.0, "con_lat4": 1.0, "con_lat5": 0.0, "con_lat": 4.0, "con_lat_cl": "fort", "av_con_lat": "-", "con_sed1": 0.0, "con_sed2": 0.0, "con_sed3": 0.0, "con_sed4": 0.6, "con_sed5": 0.4, "con_sed": 4.0, "con_sed_cl": "fort", "av_con_sed": "-", "mor_pll1": 0.0, "mor_pll2": 0.0, "mor_pll3": 0.0, "mor_pll4": 0.225, "mor_pll5": 0.775, "mor_pll": 5.0, "mor_pll_cl": "tres_fort", "av_mor_pll": "-", "mor_riv1": 0.0, "mor_riv2": 0.016, "mor_riv3": 0.304, "mor_riv4": 0.44, "mor_riv5": 0.24, "mor_riv": 4.0, "mor_riv_cl": "fort", "av_mor_riv": "-", "mor_ssl1": 0.0, "mor_ssl2": 0.0, "mor_ssl3": 0.0, "mor_ssl4": 0.14, "mor_ssl5": 0.86, "mor_ssl": 5.0, "mor_ssl_cl": "tres_fort", "av_mor_ssl": "-", "av_aggrave": null, "av_attenue": null, "lbbh": "Artois-Picardie", "cdbh": "01", "Score_100": 35.7, "mor_rip": 4 }, "geometry": { "type": "MultiLineString", "coordinates": [ [ [ 1.914980167298022, 50.78002086286638 ], [ 1.91507300989967, 50.780099119426502 ], [ 1.915218872602653, 50.780160510100416 ], [ 1.915323139370257, 50.780182056492187 ], [ 1.915546033783419, 50.780280907538263 ], [ 1.915579295472469, 50.780313500475479 ], [ 1.915604490768535, 50.780391786178306 ], [ 1.915654053117682, 50.780455927007601 ], [ 1.915810149955921, 50.780567655614412 ], [ 1.915878438898721, 50.780616705026965 ], [ 1.915867072914381, 50.780749408483416 ], [ 1.91592522352303, 50.780809137358482 ], [ 1.915940799115987, 50.781004887211168 ], [ 1.915968304093945, 50.781041916457916 ], [ 1.916003234198256, 50.781062858691179 ], [ 1.916137530634001, 50.781070308718448 ], [ 1.91618325989368, 50.781050068488227 ], [ 1.916255392802454, 50.780986986982619 ], [ 1.916321979056849, 50.780983977142135 ], [ 1.916618366022735, 50.781087952129425 ], [ 1.916999367987746, 50.781206121907843 ], [ 1.91747458105968, 50.781352926093199 ], [ 1.91779653349395, 50.78144840777874 ] ] ] } },
{ "type": "Feature", "properties": { "fid": 77, "usra_id": 562718, "usra_id_st": "500632_5", "tgh_id": 500632, "usra_index": 5, "toponyme": "HEM", "longueur": 291.06, "zamont": 78.714286804199219, "zaval": 77.042858123779283, "agri3w_v": 38.13, "agri3w": "moyen", "agribv_v": 44.05, "agribv": "fort", "alluvial": "oui", "beton": "absence", "canaux": "absence", "carriere": "absence", "chenal_v": null, "chenal": "faible", "conf": "absence", "conso": 1118.734426493035, "consom1": "faible", "consom2": "faible", "curage": "absence", "dobs1_v": 0.59, "dobs1": "fort", "dobs2_v": 2.41, "dobs2": "fort", "eclu": "absence", "etiage": "fort", "haies_v": 5.1592160602602384, "haies": "fort", "imper_v": 7.08, "imper": "faible", "intercep_v": 40.0, "intercepte": "fort", "montagne": "dessous", "navigable": "non", "obsmax1_v": 3.0, "obsmax1": "moyen", "obsmax2_v": 3.0, "obsmax2": "moyen", "orp": "absence", "orp_amont": "absence", "orp_autour": "absence", "orp_aval": "absence", "orp_proche": "absence", "pente2c": "faible", "pente3c": "moyen", "pistes": "absence", "rang": "petit", "rectitud_v": 33.33, "rectitude": "moyen", "ret_us": "autre", "ret_vol1_v": 0.0, "ret_vol1": "faible", "ret_vol2_v": 0.0, "ret_vol2": "faible", "sensisol_v": 21.5469, "sensisol": "moyen", "tcc": "absence", "txamg_v": 0.0, "txamg": "faible", "txetg1_v": 25.94, "txetg1": "moyen", "txetg2_v": 39.8, "txetg2": "fort", "txetg3_v": 42.8, "txetg3": "fort", "txetg4_v": null, "txetg4": "faible", "txetg5_v": 26.82, "txetg5": "moyen", "veget10_v": 44.376651928705563, "veget10": "moyen", "veget30_v": 30.776322404451221, "veget30": "faible", "veget60_v": 18.410221475899412, "veget60": "tres_faible", "hyd_dyn1": 1.0, "hyd_dyn2": 0.0, "hyd_dyn3": 0.0, "hyd_dyn4": 0.0, "hyd_dyn5": 0.0, "hyd_dyn": 1.0, "hyd_dyn_cl": "tres_faible", "av_hyd_dyn": "-", "hyd_qte1": 1.0, "hyd_qte2": 0.0, "hyd_qte3": 0.0, "hyd_qte4": 0.0, "hyd_qte5": 0.0, "hyd_qte": 1.0, "hyd_qte_cl": "tres_faible", "av_hyd_qte": "-", "hyd_mes1": 0.0, "hyd_mes2": 0.0, "hyd_mes3": 0.0, "hyd_mes4": 0.87, "hyd_mes5": 0.13, "hyd_mes": 4.0, "hyd_mes_cl": "fort", "av_hyd_mes": "-", "con_amp1": 0.0, "con_amp2": 0.0, "con_amp3": 0.0, "con_amp4": 0.4, "con_amp5": 0.6, "con_amp": 5.0, "con_amp_cl": "tres_fort", "av_con_amp": "-", "con_pro1": 0.0, "con_pro2": 0.0, "con_pro3": 0.0, "con_pro4": 0.2, "con_pro5": 0.8, "con_pro": 5.0, "con_pro_cl": "tres_fort", "av_con_pro": "-", "con_lat1": 0.0, "con_lat2": 0.0, "con_lat3": 0.0, "con_lat4": 1.0, "con_lat5": 0.0, "con_lat": 4.0, "con_lat_cl": "fort", "av_con_lat": "-", "con_sed1": 0.0, "con_sed2": 0.0, "con_sed3": 0.0, "con_sed4": 0.8, "con_sed5": 0.2, "con_sed": 4.0, "con_sed_cl": "fort", "av_con_sed": "-", "mor_pll1": 0.0, "mor_pll2": 0.0, "mor_pll3": 0.0, "mor_pll4": 0.15, "mor_pll5": 0.85, "mor_pll": 5.0, "mor_pll_cl": "tres_fort", "av_mor_pll": "-", "mor_riv1": 0.0, "mor_riv2": 0.12, "mor_riv3": 0.78, "mor_riv4": 0.1, "mor_riv5": 0.0, "mor_riv": 3.0, "mor_riv_cl": "moyen", "av_mor_riv": "-", "mor_ssl1": 0.0, "mor_ssl2": 0.0, "mor_ssl3": 0.0, "mor_ssl4": 0.07, "mor_ssl5": 0.93, "mor_ssl": 5.0, "mor_ssl_cl": "tres_fort", "av_mor_ssl": "-", "av_aggrave": null, "av_attenue": null, "lbbh": "Artois-Picardie", "cdbh": "01", "Score_100": 40.3, "mor_rip": 3 }, "geometry": { "type": "MultiLineString", "coordinates": [ [ [ 1.91779653349395, 50.78144840777874 ], [ 1.918007582942299, 50.781510998222139 ], [ 1.918065427163779, 50.781519576554054 ], [ 1.918106367864953, 50.781524418771589 ], [ 1.918265226312417, 50.781574253514044 ], [ 1.918685121369157, 50.781595846119693 ], [ 1.918929855795377, 50.781667063742496 ], [ 1.919097418267324, 50.781641598777718 ], [ 1.919334263327754, 50.781684930463271 ], [ 1.91936082091188, 50.781700415199559 ], [ 1.919346460653, 50.781906672224771 ], [ 1.919379919568935, 50.781930292634215 ], [ 1.919464264163724, 50.781957046461088 ], [ 1.919558458019571, 50.782052081317502 ], [ 1.919644547185887, 50.782063595861985 ], [ 1.919715302544646, 50.782064209610617 ], [ 1.919879493700314, 50.782063839066467 ], [ 1.920079604467954, 50.782038655063708 ], [ 1.92012924932104, 50.782033701659948 ], [ 1.920404271611683, 50.782210164273451 ], [ 1.920450699417012, 50.782223129068832 ], [ 1.920563850330054, 50.782226801743349 ], [ 1.920822741654317, 50.782298138226636 ], [ 1.920846759911545, 50.782300140963905 ], [ 1.920923137396631, 50.782302597358736 ], [ 1.921135072235911, 50.782254184037967 ], [ 1.921206037171476, 50.782268531712063 ] ] ] } },
{ "type": "Feature", "properties": { "fid": 78, "usra_id": 562720, "usra_id_st": "500632_6", "tgh_id": 500632, "usra_index": 6, "toponyme": "HEM", "longueur": 291.06, "zamont": 77.042858123779283, "zaval": 75.371429443359361, "agri3w_v": 0.0, "agri3w": "faible", "agribv_v": 44.05, "agribv": "fort", "alluvial": "oui", "beton": "absence", "canaux": "absence", "carriere": "absence", "chenal_v": null, "chenal": "faible", "conf": "absence", "conso": 1118.734426493035, "consom1": "faible", "consom2": "faible", "curage": "absence", "dobs1_v": 0.57, "dobs1": "fort", "dobs2_v": 2.19, "dobs2": "fort", "eclu": "absence", "etiage": "fort", "haies_v": 5.1592160602602384, "haies": "fort", "imper_v": 7.08, "imper": "faible", "intercep_v": 33.0, "intercepte": "fort", "montagne": "dessous", "navigable": "non", "obsmax1_v": 3.0, "obsmax1": "moyen", "obsmax2_v": 3.0, "obsmax2": "moyen", "orp": "absence", "orp_amont": "absence", "orp_autour": "absence", "orp_aval": "absence", "orp_proche": "absence", "pente2c": "faible", "pente3c": "moyen", "pistes": "absence", "rang": "petit", "rectitud_v": 0.0, "rectitude": "faible", "ret_us": "autre", "ret_vol1_v": 0.0, "ret_vol1": "faible", "ret_vol2_v": 0.0, "ret_vol2": "faible", "sensisol_v": 21.5469, "sensisol": "moyen", "tcc": "absence", "txamg_v": 15.36, "txamg": "moyen", "txetg1_v": 25.61, "txetg1": "moyen", "txetg2_v": 36.18, "txetg2": "fort", "txetg3_v": 26.6, "txetg3": "moyen", "txetg4_v": null, "txetg4": "faible", "txetg5_v": 22.35, "txetg5": "moyen", "veget10_v": 27.661112754934543, "veget10": "faible", "veget30_v": 14.183543513773229, "veget30": "tres_faible", "veget60_v": 14.469987428606498, "veget60": "tres_faible", "hyd_dyn1": 1.0, "hyd_dyn2": 0.0, "hyd_dyn3": 0.0, "hyd_dyn4": 0.0, "hyd_dyn5": 0.0, "hyd_dyn": 1.0, "hyd_dyn_cl": "tres_faible", "av_hyd_dyn": "-", "hyd_qte1": 1.0, "hyd_qte2": 0.0, "hyd_qte3": 0.0, "hyd_qte4": 0.0, "hyd_qte5": 0.0, "hyd_qte": 1.0, "hyd_qte_cl": "tres_faible", "av_hyd_qte": "-", "hyd_mes1": 0.0, "hyd_mes2": 0.0, "hyd_mes3": 0.0, "hyd_mes4": 0.87, "hyd_mes5": 0.13, "hyd_mes": 4.0, "hyd_mes_cl": "fort", "av_hyd_mes": "-", "con_amp1": 0.0, "con_amp2": 0.0, "con_amp3": 0.0, "con_amp4": 0.4, "con_amp5": 0.6, "con_amp": 5.0, "con_amp_cl": "tres_fort", "av_con_amp": "-", "con_pro1": 0.0, "con_pro2": 0.0, "con_pro3": 0.0, "con_pro4": 0.2, "con_pro5": 0.8, "con_pro": 5.0, "con_pro_cl": "tres_fort", "av_con_pro": "-", "con_lat1": 0.0, "con_lat2": 0.0, "con_lat3": 0.0, "con_lat4": 0.9, "con_lat5": 0.1, "con_lat": 4.0, "con_lat_cl": "fort", "av_con_lat": "-", "con_sed1": 0.0, "con_sed2": 0.0, "con_sed3": 0.0, "con_sed4": 0.8, "con_sed5": 0.2, "con_sed": 4.0, "con_sed_cl": "fort", "av_con_sed": "-", "mor_pll1": 0.0, "mor_pll2": 0.0, "mor_pll3": 0.0, "mor_pll4": 0.775, "mor_pll5": 0.225, "mor_pll": 4.0, "mor_pll_cl": "fort", "av_mor_pll": "-", "mor_riv1": 0.0, "mor_riv2": 0.051, "mor_riv3": 0.313, "mor_riv4": 0.528, "mor_riv5": 0.108, "mor_riv": 4.0, "mor_riv_cl": "fort", "av_mor_riv": "-", "mor_ssl1": 0.0, "mor_ssl2": 0.0, "mor_ssl3": 0.0, "mor_ssl4": 0.35, "mor_ssl5": 0.65, "mor_ssl": 5.0, "mor_ssl_cl": "tres_fort", "av_mor_ssl": "-", "av_aggrave": null, "av_attenue": null, "lbbh": "Artois-Picardie", "cdbh": "01", "Score_100": 35.6, "mor_rip": 4 }, "geometry": { "type": "MultiLineString", "coordinates": [ [ [ 1.921206037171476, 50.782268531712063 ], [ 1.92127881442322, 50.78228324574895 ], [ 1.921319794724951, 50.782286292618529 ], [ 1.921414491369907, 50.782292496615192 ], [ 1.921501455268965, 50.782329142131005 ], [ 1.921615001485194, 50.782445878364676 ], [ 1.921769775586782, 50.78248849466587 ], [ 1.921886534912409, 50.782521808602837 ], [ 1.921966192093283, 50.782569158244399 ], [ 1.921998469412143, 50.782581999965061 ], [ 1.922124767923756, 50.782632445124513 ], [ 1.922198557501632, 50.782755117842278 ], [ 1.92221203768827, 50.782852143935621 ], [ 1.9222524583453, 50.782881207624165 ], [ 1.922390349318075, 50.78291919046454 ], [ 1.92249581368168, 50.783017012339329 ], [ 1.922598732325141, 50.783035848876786 ], [ 1.923162226453724, 50.783028159844726 ], [ 1.923388377966835, 50.783042677293743 ], [ 1.92340916120776, 50.783063495056993 ], [ 1.923395595265392, 50.783101962079868 ], [ 1.923310365406089, 50.783181983114517 ], [ 1.923285439634197, 50.783222146532395 ], [ 1.9233042288431, 50.78326986633332 ], [ 1.923400966756003, 50.783312876097732 ], [ 1.923688517880014, 50.783368302602895 ], [ 1.923708491191611, 50.783426800263591 ], [ 1.923860729125252, 50.783455932317629 ], [ 1.923937875200137, 50.783554405480828 ], [ 1.924021748186723, 50.783575992459731 ] ] ] } },
{ "type": "Feature", "properties": { "fid": 79, "usra_id": 562721, "usra_id_st": "500632_7", "tgh_id": 500632, "usra_index": 7, "toponyme": "HEM", "longueur": 291.06, "zamont": 75.371429443359361, "zaval": 73.700000762939439, "agri3w_v": 0.0, "agri3w": "faible", "agribv_v": 44.05, "agribv": "fort", "alluvial": "oui", "beton": "absence", "canaux": "absence", "carriere": "absence", "chenal_v": null, "chenal": "faible", "conf": "absence", "conso": 1118.734426493035, "consom1": "faible", "consom2": "faible", "curage": "absence", "dobs1_v": 0.56, "dobs1": "fort", "dobs2_v": 2.19, "dobs2": "fort", "eclu": "absence", "etiage": "fort", "haies_v": 5.1592160602602384, "haies": "fort", "imper_v": 7.08, "imper": "faible", "intercep_v": 28.0, "intercepte": "moyen", "montagne": "dessous", "navigable": "non", "obsmax1_v": 3.0, "obsmax1": "moyen", "obsmax2_v": 3.0, "obsmax2": "moyen", "orp": "absence", "orp_amont": "absence", "orp_autour": "absence", "orp_aval": "absence", "orp_proche": "absence", "pente2c": "faible", "pente3c": "moyen", "pistes": "absence", "rang": "petit", "rectitud_v": 66.67, "rectitude": "fort", "ret_us": "autre", "ret_vol1_v": 0.0, "ret_vol1": "faible", "ret_vol2_v": 0.0, "ret_vol2": "faible", "sensisol_v": 21.5469, "sensisol": "moyen", "tcc": "absence", "txamg_v": 73.65, "txamg": "tres_fort", "txetg1_v": 25.59, "txetg1": "moyen", "txetg2_v": 34.53, "txetg2": "fort", "txetg3_v": 16.9, "txetg3": "moyen", "txetg4_v": 16.9, "txetg4": "moyen", "txetg5_v": 21.57, "txetg5": "moyen", "veget10_v": 23.591884971236755, "veget10": "faible", "veget30_v": 23.146320447858098, "veget30": "faible", "veget60_v": 25.559401490164227, "veget60": "faible", "hyd_dyn1": 1.0, "hyd_dyn2": 0.0, "hyd_dyn3": 0.0, "hyd_dyn4": 0.0, "hyd_dyn5": 0.0, "hyd_dyn": 1.0, "hyd_dyn_cl": "tres_faible", "av_hyd_dyn": "-", "hyd_qte1": 1.0, "hyd_qte2": 0.0, "hyd_qte3": 0.0, "hyd_qte4": 0.0, "hyd_qte5": 0.0, "hyd_qte": 1.0, "hyd_qte_cl": "tres_faible", "av_hyd_qte": "-", "hyd_mes1": 0.0, "hyd_mes2": 0.0, "hyd_mes3": 0.13, "hyd_mes4": 0.59, "hyd_mes5": 0.28, "hyd_mes": 4.0, "hyd_mes_cl": "fort", "av_hyd_mes": "-", "con_amp1": 0.0, "con_amp2": 0.0, "con_amp3": 0.0, "con_amp4": 0.4, "con_amp5": 0.6, "con_amp": 5.0, "con_amp_cl": "tres_fort", "av_con_amp": "-", "con_pro1": 0.0, "con_pro2": 0.0, "con_pro3": 0.0, "con_pro4": 0.2, "con_pro5": 0.8, "con_pro": 5.0, "con_pro_cl": "tres_fort", "av_con_pro": "-", "con_lat1": 0.0, "con_lat2": 0.0, "con_lat3": 0.024, "con_lat4": 0.25, "con_lat5": 0.726, "con_lat": 5.0, "con_lat_cl": "tres_fort", "av_con_lat": "-", "con_sed1": 0.0, "con_sed2": 0.0, "con_sed3": 0.4, "con_sed4": 0.6, "con_sed5": 0.0, "con_sed": 4.0, "con_sed_cl": "fort", "av_con_sed": "-", "mor_pll1": 0.0, "mor_pll2": 0.0, "mor_pll3": 0.0, "mor_pll4": 0.052, "mor_pll5": 0.948, "mor_pll": 5.0, "mor_pll_cl": "tres_fort", "av_mor_pll": "-", "mor_riv1": 0.0, "mor_riv2": 0.0, "mor_riv3": 0.072, "mor_riv4": 0.308, "mor_riv5": 0.62, "mor_riv": 5.0, "mor_riv_cl": "tres_fort", "av_mor_riv": "-", "mor_ssl1": 0.0, "mor_ssl2": 0.0, "mor_ssl3": 0.034, "mor_ssl4": 0.249, "mor_ssl5": 0.717, "mor_ssl": 5.0, "mor_ssl_cl": "tres_fort", "av_mor_ssl": "-", "av_aggrave": null, "av_attenue": null, "lbbh": "Artois-Picardie", "cdbh": "01", "Score_100": 53.6, "mor_rip": 4 }, "geometry": { "type": "MultiLineString", "coordinates": [ [ [ 1.924021748186723, 50.783575992459731 ], [ 1.92471347960946, 50.783754025337608 ], [ 1.924791313200668, 50.783754697289652 ], [ 1.925047062449796, 50.783709347559672 ], [ 1.925150426560376, 50.783707547711103 ], [ 1.92524282512234, 50.783755005085844 ], [ 1.925377909716536, 50.78379206300302 ], [ 1.925459911812229, 50.78379635973409 ], [ 1.92554394531926, 50.783771960087627 ], [ 1.925635150804662, 50.78374313571171 ], [ 1.925762668884974, 50.783737057168096 ], [ 1.925856338705991, 50.783725302733572 ], [ 1.926076910516973, 50.783736177899449 ], [ 1.926214007444385, 50.783745435719233 ], [ 1.92630035122436, 50.783745282790456 ], [ 1.926400846567257, 50.783745251788417 ], [ 1.9264855635435, 50.783754955092476 ], [ 1.926548495253998, 50.78379049249898 ], [ 1.926630458971565, 50.783796582742937 ], [ 1.92671647581849, 50.783811680935699 ], [ 1.926761203049971, 50.783838088278159 ], [ 1.926791490203217, 50.78387783078837 ], [ 1.926838643934503, 50.783923102463049 ], [ 1.926895973156993, 50.783955899485555 ], [ 1.926964931475009, 50.783974439752775 ], [ 1.927043795988667, 50.783993065320566 ], [ 1.927089100451227, 50.783992558291452 ], [ 1.927129013466991, 50.783979442502464 ], [ 1.927152098338294, 50.783959003288032 ], [ 1.927180178577125, 50.783903612112113 ], [ 1.92720062534995, 50.783874177089395 ], [ 1.927236581170236, 50.783847567568266 ], [ 1.927272248554505, 50.783834415163149 ], [ 1.927339068637319, 50.783820633743829 ], [ 1.927406996256089, 50.783821218745452 ], [ 1.927645096000541, 50.783740716715506 ], [ 1.9276805922672, 50.783726362784549 ] ] ] } },
{ "type": "Feature", "properties": { "fid": 80, "usra_id": 562726, "usra_id_st": "500632_8", "tgh_id": 500632, "usra_index": 8, "toponyme": "HEM", "longueur": 291.06, "zamont": 73.700000762939439, "zaval": 72.028572082519517, "agri3w_v": 0.0, "agri3w": "faible", "agribv_v": 44.05, "agribv": "fort", "alluvial": "oui", "beton": "absence", "canaux": "absence", "carriere": "absence", "chenal_v": null, "chenal": "faible", "conf": "absence", "conso": 1118.734426493035, "consom1": "faible", "consom2": "faible", "curage": "absence", "dobs1_v": 0.56, "dobs1": "fort", "dobs2_v": 2.5, "dobs2": "fort", "eclu": "absence", "etiage": "fort", "haies_v": 5.1592160602602384, "haies": "fort", "imper_v": 7.08, "imper": "faible", "intercep_v": 25.0, "intercepte": "moyen", "montagne": "dessous", "navigable": "non", "obsmax1_v": 3.0, "obsmax1": "moyen", "obsmax2_v": 3.0, "obsmax2": "moyen", "orp": "absence", "orp_amont": "absence", "orp_autour": "absence", "orp_aval": "absence", "orp_proche": "absence", "pente2c": "faible", "pente3c": "moyen", "pistes": "absence", "rang": "petit", "rectitud_v": 33.33, "rectitude": "moyen", "ret_us": "autre", "ret_vol1_v": 0.0, "ret_vol1": "faible", "ret_vol2_v": 0.0, "ret_vol2": "faible", "sensisol_v": 21.5469, "sensisol": "moyen", "tcc": "absence", "txamg_v": 7.49, "txamg": "faible", "txetg1_v": 25.77, "txetg1": "moyen", "txetg2_v": 33.23, "txetg2": "fort", "txetg3_v": 100.01, "txetg3": "fort", "txetg4_v": 100.01, "txetg4": "fort", "txetg5_v": 31.38, "txetg5": "fort", "veget10_v": 57.224166560336158, "veget10": "moyen", "veget30_v": 50.185086083278961, "veget30": "moyen", "veget60_v": 42.616793301020998, "veget60": "moyen", "hyd_dyn1": 1.0, "hyd_dyn2": 0.0, "hyd_dyn3": 0.0, "hyd_dyn4": 0.0, "hyd_dyn5": 0.0, "hyd_dyn": 1.0, "hyd_dyn_cl": "tres_faible", "av_hyd_dyn": "-", "hyd_qte1": 1.0, "hyd_qte2": 0.0, "hyd_qte3": 0.0, "hyd_qte4": 0.0, "hyd_qte5": 0.0, "hyd_qte": 1.0, "hyd_qte_cl": "tres_faible", "av_hyd_qte": "-", "hyd_mes1": 0.0, "hyd_mes2": 0.0, "hyd_mes3": 0.0, "hyd_mes4": 0.22, "hyd_mes5": 0.78, "hyd_mes": 5.0, "hyd_mes_cl": "tres_fort", "av_hyd_mes": "-", "con_amp1": 0.0, "con_amp2": 0.0, "con_amp3": 0.0, "con_amp4": 0.4, "con_amp5": 0.6, "con_amp": 5.0, "con_amp_cl": "tres_fort", "av_con_amp": "-", "con_pro1": 0.0, "con_pro2": 0.0, "con_pro3": 0.0, "con_pro4": 0.2, "con_pro5": 0.8, "con_pro": 5.0, "con_pro_cl": "tres_fort", "av_con_pro": "-", "con_lat1": 0.0, "con_lat2": 0.0, "con_lat3": 0.0, "con_lat4": 0.225, "con_lat5": 0.775, "con_lat": 5.0, "con_lat_cl": "tres_fort", "av_con_lat": "-", "con_sed1": 0.0, "con_sed2": 0.0, "con_sed3": 0.2, "con_sed4": 0.8, "con_sed5": 0.0, "con_sed": 4.0, "con_sed_cl": "fort", "av_con_sed": "-", "mor_pll1": 0.0, "mor_pll2": 0.0, "mor_pll3": 0.058, "mor_pll4": 0.346, "mor_pll5": 0.596, "mor_pll": 5.0, "mor_pll_cl": "tres_fort", "av_mor_pll": "-", "mor_riv1": 0.12, "mor_riv2": 0.112, "mor_riv3": 0.688, "mor_riv4": 0.08, "mor_riv5": 0.0, "mor_riv": 3.0, "mor_riv_cl": "moyen", "av_mor_riv": "-", "mor_ssl1": 0.0, "mor_ssl2": 0.0, "mor_ssl3": 0.015, "mor_ssl4": 0.169, "mor_ssl5": 0.816, "mor_ssl": 5.0, "mor_ssl_cl": "tres_fort", "av_mor_ssl": "-", "av_aggrave": null, "av_attenue": null, "lbbh": "Artois-Picardie", "cdbh": "01", "Score_100": 32.2, "mor_rip": 3 }, "geometry": { "type": "MultiLineString", "coordinates": [ [ [ 1.9276805922672, 50.783726362784549 ], [ 1.927795013420552, 50.783680093190611 ], [ 1.927918311575456, 50.783606678045885 ], [ 1.928034405718414, 50.783473081150639 ], [ 1.928111310542631, 50.78338490956142 ], [ 1.92817673385836, 50.783370218361526 ], [ 1.928461184280749, 50.783306265163624 ], [ 1.928495301382723, 50.783299380221436 ], [ 1.928522842056477, 50.783269108685488 ], [ 1.928529021132266, 50.783244934527538 ], [ 1.928532139473495, 50.783231501733852 ], [ 1.928538664204723, 50.783191179002095 ], [ 1.928540578638149, 50.783167865460641 ], [ 1.928543472447123, 50.783098797625691 ], [ 1.928558756821062, 50.78304598792667 ], [ 1.92869909722766, 50.782903625821717 ], [ 1.928846833330879, 50.782812473732193 ], [ 1.928966184195921, 50.782791067435944 ], [ 1.929077960274171, 50.782792925916013 ], [ 1.929179888025446, 50.782792007696358 ], [ 1.929336012877392, 50.782771814525837 ], [ 1.930072401972825, 50.782687514605634 ], [ 1.930137804626848, 50.782673719503876 ], [ 1.930351166420766, 50.782624405541156 ], [ 1.930936001703999, 50.78260339779284 ] ] ] } },
{ "type": "Feature", "properties": { "fid": 81, "usra_id": 562727, "usra_id_st": "500632_9", "tgh_id": 500632, "usra_index": 9, "toponyme": "HEM", "longueur": 291.06, "zamont": 72.028572082519517, "zaval": 70.357143402099581, "agri3w_v": 0.0, "agri3w": "faible", "agribv_v": 44.05, "agribv": "fort", "alluvial": "oui", "beton": "absence", "canaux": "absence", "carriere": "absence", "chenal_v": 11.1, "chenal": "faible", "conf": "absence", "conso": 1118.734426493035, "consom1": "faible", "consom2": "faible", "curage": "absence", "dobs1_v": 0.54, "dobs1": "fort", "dobs2_v": 2.5, "dobs2": "fort", "eclu": "absence", "etiage": "fort", "haies_v": 5.1592160602602384, "haies": "fort", "imper_v": 7.08, "imper": "faible", "intercep_v": 100.0, "intercepte": "fort", "montagne": "dessous", "navigable": "non", "obsmax1_v": 3.0, "obsmax1": "moyen", "obsmax2_v": 3.0, "obsmax2": "moyen", "orp": "absence", "orp_amont": "absence", "orp_autour": "absence", "orp_aval": "absence", "orp_proche": "absence", "pente2c": "faible", "pente3c": "moyen", "pistes": "absence", "rang": "petit", "rectitud_v": 100.0, "rectitude": "fort", "ret_us": "autre", "ret_vol1_v": 0.0, "ret_vol1": "faible", "ret_vol2_v": 0.0, "ret_vol2": "faible", "sensisol_v": 21.5469, "sensisol": "moyen", "tcc": "absence", "txamg_v": 52.96, "txamg": "tres_fort", "txetg1_v": 24.2, "txetg1": "moyen", "txetg2_v": 41.09, "txetg2": "fort", "txetg3_v": 62.6, "txetg3": "fort", "txetg4_v": 62.6, "txetg4": "fort", "txetg5_v": 34.85, "txetg5": "fort", "veget10_v": 70.633326096753663, "veget10": "moyen", "veget30_v": 44.886467687769759, "veget30": "moyen", "veget60_v": 33.330297866884536, "veget60": "faible", "hyd_dyn1": 1.0, "hyd_dyn2": 0.0, "hyd_dyn3": 0.0, "hyd_dyn4": 0.0, "hyd_dyn5": 0.0, "hyd_dyn": 1.0, "hyd_dyn_cl": "tres_faible", "av_hyd_dyn": "-", "hyd_qte1": 1.0, "hyd_qte2": 0.0, "hyd_qte3": 0.0, "hyd_qte4": 0.0, "hyd_qte5": 0.0, "hyd_qte": 1.0, "hyd_qte_cl": "tres_faible", "av_hyd_qte": "-", "hyd_mes1": 0.0, "hyd_mes2": 0.0, "hyd_mes3": 0.0, "hyd_mes4": 0.07, "hyd_mes5": 0.93, "hyd_mes": 5.0, "hyd_mes_cl": "tres_fort", "av_hyd_mes": "-", "con_amp1": 0.0, "con_amp2": 0.0, "con_amp3": 0.0, "con_amp4": 0.4, "con_amp5": 0.6, "con_amp": 5.0, "con_amp_cl": "tres_fort", "av_con_amp": "-", "con_pro1": 0.0, "con_pro2": 0.0, "con_pro3": 0.0, "con_pro4": 0.2, "con_pro5": 0.8, "con_pro": 5.0, "con_pro_cl": "tres_fort", "av_con_pro": "-", "con_lat1": 0.0, "con_lat2": 0.0, "con_lat3": 0.0, "con_lat4": 0.0, "con_lat5": 1.0, "con_lat": 5.0, "con_lat_cl": "tres_fort", "av_con_lat": "-", "con_sed1": 0.0, "con_sed2": 0.0, "con_sed3": 0.0, "con_sed4": 0.6, "con_sed5": 0.4, "con_sed": 4.0, "con_sed_cl": "fort", "av_con_sed": "-", "mor_pll1": 0.0, "mor_pll2": 0.0, "mor_pll3": 0.0, "mor_pll4": 0.0, "mor_pll5": 1.0, "mor_pll": 5.0, "mor_pll_cl": "tres_fort", "av_mor_pll": "-", "mor_riv1": 0.0, "mor_riv2": 0.006, "mor_riv3": 0.122, "mor_riv4": 0.536, "mor_riv5": 0.336, "mor_riv": 4.0, "mor_riv_cl": "fort", "av_mor_riv": "-", "mor_ssl1": 0.0, "mor_ssl2": 0.0, "mor_ssl3": 0.0, "mor_ssl4": 0.0, "mor_ssl5": 1.0, "mor_ssl": 5.0, "mor_ssl_cl": "tres_fort", "av_mor_ssl": "-", "av_aggrave": null, "av_attenue": null, "lbbh": "Artois-Picardie", "cdbh": "01", "Score_100": 45.5, "mor_rip": 3 }, "geometry": { "type": "MultiLineString", "coordinates": [ [ [ 1.930936001703999, 50.78260339779284 ], [ 1.93095599992591, 50.782602679391943 ], [ 1.931117937226375, 50.782575355416377 ], [ 1.93167623951596, 50.782677952291451 ], [ 1.93236563459228, 50.782805897772796 ], [ 1.933142484750897, 50.782948048167299 ], [ 1.933229859881198, 50.782965845435214 ], [ 1.933647938311729, 50.78307351335922 ], [ 1.933795132941718, 50.78314027697617 ], [ 1.934356399075059, 50.783503106039042 ], [ 1.934517508421331, 50.783661886393411 ] ] ] } },
{ "type": "Feature", "properties": { "fid": 82, "usra_id": 562733, "usra_id_st": "500632_10", "tgh_id": 500632, "usra_index": 10, "toponyme": "HEM", "longueur": 291.06, "zamont": 70.357143402099581, "zaval": 68.685714721679659, "agri3w_v": 0.0, "agri3w": "faible", "agribv_v": 44.05, "agribv": "fort", "alluvial": "non", "beton": "absence", "canaux": "absence", "carriere": "absence", "chenal_v": 24.82, "chenal": "moyen", "conf": "absence", "conso": 1118.734426493035, "consom1": "faible", "consom2": "faible", "curage": "absence", "dobs1_v": 0.51, "dobs1": "fort", "dobs2_v": 2.5, "dobs2": "fort", "eclu": "absence", "etiage": "fort", "haies_v": 5.1592160602602384, "haies": "fort", "imper_v": 7.08, "imper": "faible", "intercep_v": 90.0, "intercepte": "fort", "montagne": "dessous", "navigable": "non", "obsmax1_v": 2.0, "obsmax1": "moyen", "obsmax2_v": 3.0, "obsmax2": "moyen", "orp": "absence", "orp_amont": "absence", "orp_autour": "absence", "orp_aval": "absence", "orp_proche": "absence", "pente2c": "faible", "pente3c": "moyen", "pistes": "absence", "rang": "petit", "rectitud_v": 100.0, "rectitude": "fort", "ret_us": "autre", "ret_vol1_v": 0.0, "ret_vol1": "faible", "ret_vol2_v": 0.0, "ret_vol2": "faible", "sensisol_v": 21.5469, "sensisol": "moyen", "tcc": "absence", "txamg_v": 70.5, "txamg": "tres_fort", "txetg1_v": 23.37, "txetg1": "moyen", "txetg2_v": 42.31, "txetg2": "fort", "txetg3_v": null, "txetg3": "faible", "txetg4_v": null, "txetg4": "faible", "txetg5_v": 31.36, "txetg5": "fort", "veget10_v": 40.506460781264792, "veget10": "moyen", "veget30_v": 32.219849479089383, "veget30": "faible", "veget60_v": 23.25485124379593, "veget60": "faible", "hyd_dyn1": 1.0, "hyd_dyn2": 0.0, "hyd_dyn3": 0.0, "hyd_dyn4": 0.0, "hyd_dyn5": 0.0, "hyd_dyn": 1.0, "hyd_dyn_cl": "tres_faible", "av_hyd_dyn": "-", "hyd_qte1": 1.0, "hyd_qte2": 0.0, "hyd_qte3": 0.0, "hyd_qte4": 0.0, "hyd_qte5": 0.0, "hyd_qte": 1.0, "hyd_qte_cl": "tres_faible", "av_hyd_qte": "-", "hyd_mes1": 1.0, "hyd_mes2": 0.0, "hyd_mes3": 0.0, "hyd_mes4": 0.0, "hyd_mes5": 0.0, "hyd_mes": 1.0, "hyd_mes_cl": "tres_faible", "av_hyd_mes": "-", "con_amp1": 0.0, "con_amp2": 0.0, "con_amp3": 0.0, "con_amp4": 0.4, "con_amp5": 0.6, "con_amp": 5.0, "con_amp_cl": "tres_fort", "av_con_amp": "-", "con_pro1": 0.0, "con_pro2": 0.0, "con_pro3": 0.0, "con_pro4": 0.2, "con_pro5": 0.8, "con_pro": 5.0, "con_pro_cl": "tres_fort", "av_con_pro": "-", "con_lat1": 0.0, "con_lat2": 0.0, "con_lat3": 0.065, "con_lat4": 0.71, "con_lat5": 0.225, "con_lat": 4.0, "con_lat_cl": "fort", "av_con_lat": "-", "con_sed1": 0.0, "con_sed2": 0.0, "con_sed3": 0.0, "con_sed4": 0.6, "con_sed5": 0.4, "con_sed": 4.0, "con_sed_cl": "fort", "av_con_sed": "-", "mor_pll1": 0.0, "mor_pll2": 0.0, "mor_pll3": 0.0, "mor_pll4": 0.15, "mor_pll5": 0.85, "mor_pll": 5.0, "mor_pll_cl": "tres_fort", "av_mor_pll": "-", "mor_riv1": 0.0, "mor_riv2": 0.0, "mor_riv3": 0.06, "mor_riv4": 0.48, "mor_riv5": 0.46, "mor_riv": 4.0, "mor_riv_cl": "fort", "av_mor_riv": "D", "mor_ssl1": 0.0, "mor_ssl2": 0.0, "mor_ssl3": 0.0, "mor_ssl4": 0.262, "mor_ssl5": 0.738, "mor_ssl": 5.0, "mor_ssl_cl": "tres_fort", "av_mor_ssl": "-", "av_aggrave": null, "av_attenue": null, "lbbh": "Artois-Picardie", "cdbh": "01", "Score_100": 50.1, "mor_rip": 3 }, "geometry": { "type": "MultiLineString", "coordinates": [ [ [ 1.934517508421331, 50.783661886393411 ], [ 1.935164637717996, 50.78429964817277 ], [ 1.935473044317662, 50.784573270716059 ], [ 1.935539809255672, 50.784628576945707 ], [ 1.935557290881246, 50.784671796990821 ], [ 1.935625904836072, 50.78497298046581 ], [ 1.935504078735558, 50.785643122816097 ], [ 1.935429734111821, 50.785877580931228 ], [ 1.93546655214776, 50.785943398753687 ], [ 1.935583131345271, 50.78603109037514 ] ] ] } },
{ "type": "Feature", "properties": { "fid": 83, "usra_id": 562734, "usra_id_st": "500632_11", "tgh_id": 500632, "usra_index": 11, "toponyme": "HEM", "longueur": 291.06, "zamont": 68.685714721679659, "zaval": 67.014286041259737, "agri3w_v": 0.0, "agri3w": "faible", "agribv_v": 44.05, "agribv": "fort", "alluvial": "oui", "beton": "absence", "canaux": "absence", "carriere": "absence", "chenal_v": null, "chenal": "faible", "conf": "absence", "conso": 1118.734426493035, "consom1": "faible", "consom2": "faible", "curage": "absence", "dobs1_v": 0.51, "dobs1": "fort", "dobs2_v": 2.81, "dobs2": "fort", "eclu": "absence", "etiage": "fort", "haies_v": 5.1592160602602384, "haies": "fort", "imper_v": 7.08, "imper": "faible", "intercep_v": 81.0, "intercepte": "fort", "montagne": "dessous", "navigable": "non", "obsmax1_v": 2.0, "obsmax1": "moyen", "obsmax2_v": 3.0, "obsmax2": "moyen", "orp": "absence", "orp_amont": "absence", "orp_autour": "absence", "orp_aval": "absence", "orp_proche": "absence", "pente2c": "faible", "pente3c": "moyen", "pistes": "absence", "rang": "petit", "rectitud_v": 100.0, "rectitude": "fort", "ret_us": "autre", "ret_vol1_v": 0.0, "ret_vol1": "faible", "ret_vol2_v": 0.0, "ret_vol2": "faible", "sensisol_v": 21.5469, "sensisol": "moyen", "tcc": "absence", "txamg_v": 48.8, "txamg": "fort", "txetg1_v": 23.89, "txetg1": "moyen", "txetg2_v": 40.76, "txetg2": "fort", "txetg3_v": null, "txetg3": "faible", "txetg4_v": null, "txetg4": "faible", "txetg5_v": 28.51, "txetg5": "moyen", "veget10_v": 51.864645485848378, "veget10": "moyen", "veget30_v": 30.869904031001941, "veget30": "faible", "veget60_v": 21.865929004476733, "veget60": "faible", "hyd_dyn1": 1.0, "hyd_dyn2": 0.0, "hyd_dyn3": 0.0, "hyd_dyn4": 0.0, "hyd_dyn5": 0.0, "hyd_dyn": 1.0, "hyd_dyn_cl": "tres_faible", "av_hyd_dyn": "-", "hyd_qte1": 1.0, "hyd_qte2": 0.0, "hyd_qte3": 0.0, "hyd_qte4": 0.0, "hyd_qte5": 0.0, "hyd_qte": 1.0, "hyd_qte_cl": "tres_faible", "av_hyd_qte": "-", "hyd_mes1": 0.0, "hyd_mes2": 0.0, "hyd_mes3": 0.0, "hyd_mes4": 0.87, "hyd_mes5": 0.13, "hyd_mes": 4.0, "hyd_mes_cl": "fort", "av_hyd_mes": "-", "con_amp1": 0.0, "con_amp2": 0.0, "con_amp3": 0.0, "con_amp4": 0.4, "con_amp5": 0.6, "con_amp": 5.0, "con_amp_cl": "tres_fort", "av_con_amp": "-", "con_pro1": 0.0, "con_pro2": 0.0, "con_pro3": 0.0, "con_pro4": 0.2, "con_pro5": 0.8, "con_pro": 5.0, "con_pro_cl": "tres_fort", "av_con_pro": "-", "con_lat1": 0.0, "con_lat2": 0.0, "con_lat3": 0.0, "con_lat4": 0.8, "con_lat5": 0.2, "con_lat": 4.0, "con_lat_cl": "fort", "av_con_lat": "-", "con_sed1": 0.0, "con_sed2": 0.0, "con_sed3": 0.0, "con_sed4": 0.8, "con_sed5": 0.2, "con_sed": 4.0, "con_sed_cl": "fort", "av_con_sed": "-", "mor_pll1": 0.0, "mor_pll2": 0.0, "mor_pll3": 0.0, "mor_pll4": 0.125, "mor_pll5": 0.875, "mor_pll": 5.0, "mor_pll_cl": "tres_fort", "av_mor_pll": "-", "mor_riv1": 0.0, "mor_riv2": 0.008, "mor_riv3": 0.632, "mor_riv4": 0.28, "mor_riv5": 0.08, "mor_riv": 3.0, "mor_riv_cl": "moyen", "av_mor_riv": "-", "mor_ssl1": 0.0, "mor_ssl2": 0.0, "mor_ssl3": 0.0, "mor_ssl4": 0.35, "mor_ssl5": 0.65, "mor_ssl": 5.0, "mor_ssl_cl": "tres_fort", "av_mor_ssl": "-", "av_aggrave": null, "av_attenue": null, "lbbh": "Artois-Picardie", "cdbh": "01", "Score_100": 43.1, "mor_rip": 3 }, "geometry": { "type": "MultiLineString", "coordinates": [ [ [ 1.935583131345271, 50.78603109037514 ], [ 1.935601691816692, 50.786045051641494 ], [ 1.935645433710642, 50.786118106983928 ], [ 1.935720195222566, 50.786529710460684 ], [ 1.935725371022164, 50.786752285649882 ], [ 1.935853574464397, 50.786913998077729 ], [ 1.93583491670731, 50.787059201563551 ], [ 1.935921205358661, 50.787328231892985 ], [ 1.935946397854518, 50.787408306916802 ], [ 1.935981318410647, 50.787696638841965 ], [ 1.936052818745989, 50.787862352920683 ], [ 1.936078450337329, 50.787921793688611 ], [ 1.936117980190716, 50.788193116008237 ], [ 1.936165379441259, 50.788294018442556 ], [ 1.936179559806878, 50.788426042630036 ], [ 1.936249184621596, 50.788546875401352 ], [ 1.936281697295374, 50.788573793158157 ] ] ] } },
{ "type": "Feature", "properties": { "fid": 84, "usra_id": 562736, "usra_id_st": "500632_12", "tgh_id": 500632, "usra_index": 12, "toponyme": "HEM", "longueur": 291.06, "zamont": 67.014286041259737, "zaval": 65.342857360839815, "agri3w_v": 0.0, "agri3w": "faible", "agribv_v": 44.05, "agribv": "fort", "alluvial": "oui", "beton": "absence", "canaux": "absence", "carriere": "absence", "chenal_v": null, "chenal": "faible", "conf": "absence", "conso": 1118.734426493035, "consom1": "faible", "consom2": "faible", "curage": "absence", "dobs1_v": 0.51, "dobs1": "fort", "dobs2_v": 2.81, "dobs2": "fort", "eclu": "absence", "etiage": "fort", "haies_v": 5.1592160602602384, "haies": "fort", "imper_v": 7.08, "imper": "faible", "intercep_v": 75.0, "intercepte": "fort", "montagne": "dessous", "navigable": "non", "obsmax1_v": 2.0, "obsmax1": "moyen", "obsmax2_v": 3.0, "obsmax2": "moyen", "orp": "absence", "orp_amont": "absence", "orp_autour": "absence", "orp_aval": "absence", "orp_proche": "absence", "pente2c": "faible", "pente3c": "moyen", "pistes": "absence", "rang": "petit", "rectitud_v": 66.67, "rectitude": "fort", "ret_us": "autre", "ret_vol1_v": 0.0, "ret_vol1": "faible", "ret_vol2_v": 0.0, "ret_vol2": "faible", "sensisol_v": 21.5469, "sensisol": "moyen", "tcc": "absence", "txamg_v": 72.11, "txamg": "tres_fort", "txetg1_v": 24.42, "txetg1": "moyen", "txetg2_v": 41.07, "txetg2": "fort", "txetg3_v": 81.88, "txetg3": "fort", "txetg4_v": 81.88, "txetg4": "fort", "txetg5_v": 32.96, "txetg5": "fort", "veget10_v": 27.367770520826955, "veget10": "faible", "veget30_v": 18.686354037385406, "veget30": "tres_faible", "veget60_v": 13.308895896183129, "veget60": "tres_faible", "hyd_dyn1": 1.0, "hyd_dyn2": 0.0, "hyd_dyn3": 0.0, "hyd_dyn4": 0.0, "hyd_dyn5": 0.0, "hyd_dyn": 1.0, "hyd_dyn_cl": "tres_faible", "av_hyd_dyn": "-", "hyd_qte1": 1.0, "hyd_qte2": 0.0, "hyd_qte3": 0.0, "hyd_qte4": 0.0, "hyd_qte5": 0.0, "hyd_qte": 1.0, "hyd_qte_cl": "tres_faible", "av_hyd_qte": "-", "hyd_mes1": 0.0, "hyd_mes2": 0.0, "hyd_mes3": 0.0, "hyd_mes4": 0.07, "hyd_mes5": 0.93, "hyd_mes": 5.0, "hyd_mes_cl": "tres_fort", "av_hyd_mes": "-", "con_amp1": 0.0, "con_amp2": 0.0, "con_amp3": 0.0, "con_amp4": 0.4, "con_amp5": 0.6, "con_amp": 5.0, "con_amp_cl": "tres_fort", "av_con_amp": "-", "con_pro1": 0.0, "con_pro2": 0.0, "con_pro3": 0.0, "con_pro4": 0.2, "con_pro5": 0.8, "con_pro": 5.0, "con_pro_cl": "tres_fort", "av_con_pro": "-", "con_lat1": 0.0, "con_lat2": 0.0, "con_lat3": 0.0, "con_lat4": 0.0, "con_lat5": 1.0, "con_lat": 5.0, "con_lat_cl": "tres_fort", "av_con_lat": "-", "con_sed1": 0.0, "con_sed2": 0.0, "con_sed3": 0.0, "con_sed4": 0.6, "con_sed5": 0.4, "con_sed": 4.0, "con_sed_cl": "fort", "av_con_sed": "-", "mor_pll1": 0.0, "mor_pll2": 0.0, "mor_pll3": 0.0, "mor_pll4": 0.0, "mor_pll5": 1.0, "mor_pll": 5.0, "mor_pll_cl": "tres_fort", "av_mor_pll": "-", "mor_riv1": 0.0, "mor_riv2": 0.0, "mor_riv3": 0.048, "mor_riv4": 0.232, "mor_riv5": 0.72, "mor_riv": 5.0, "mor_riv_cl": "tres_fort", "av_mor_riv": "-", "mor_ssl1": 0.0, "mor_ssl2": 0.0, "mor_ssl3": 0.0, "mor_ssl4": 0.0, "mor_ssl5": 1.0, "mor_ssl": 5.0, "mor_ssl_cl": "tres_fort", "av_mor_ssl": "-", "av_aggrave": null, "av_attenue": null, "lbbh": "Artois-Picardie", "cdbh": "01", "Score_100": 53.2, "mor_rip": 4 }, "geometry": { "type": "MultiLineString", "coordinates": [ [ [ 1.936281697295374, 50.788573793158157 ], [ 1.936300654392195, 50.788589488020634 ], [ 1.936343717591333, 50.788761239938218 ], [ 1.936397321867557, 50.788969871060424 ], [ 1.93646998828484, 50.789080859281398 ], [ 1.936547163135937, 50.789112923642854 ], [ 1.936617909604287, 50.789114424918942 ], [ 1.936699058801037, 50.789092685188244 ], [ 1.93690753378984, 50.789141124146262 ], [ 1.937109136747574, 50.789113233726773 ], [ 1.937476521208826, 50.789077784227551 ], [ 1.93774946656499, 50.789089982447159 ], [ 1.937895148329758, 50.789095711206073 ], [ 1.938225201157064, 50.789085065542999 ], [ 1.938291777829734, 50.789082941130758 ], [ 1.938500247028685, 50.789064977274101 ], [ 1.939693186441835, 50.788926235716147 ] ] ] } },
{ "type": "Feature", "properties": { "fid": 85, "usra_id": 562737, "usra_id_st": "500632_13", "tgh_id": 500632, "usra_index": 13, "toponyme": "HEM", "longueur": 291.06, "zamont": 65.342857360839815, "zaval": 63.671428680419893, "agri3w_v": 0.0, "agri3w": "faible", "agribv_v": 44.05, "agribv": "fort", "alluvial": "oui", "beton": "absence", "canaux": "absence", "carriere": "absence", "chenal_v": null, "chenal": "faible", "conf": "absence", "conso": 1118.734426493035, "consom1": "faible", "consom2": "faible", "curage": "absence", "dobs1_v": 0.51, "dobs1": "fort", "dobs2_v": 2.81, "dobs2": "fort", "eclu": "absence", "etiage": "fort", "haies_v": 5.1592160602602384, "haies": "fort", "imper_v": 7.08, "imper": "faible", "intercep_v": 69.0, "intercepte": "fort", "montagne": "dessous", "navigable": "non", "obsmax1_v": 2.0, "obsmax1": "moyen", "obsmax2_v": 3.0, "obsmax2": "moyen", "orp": "absence", "orp_amont": "absence", "orp_autour": "absence", "orp_aval": "absence", "orp_proche": "absence", "pente2c": "faible", "pente3c": "moyen", "pistes": "absence", "rang": "petit", "rectitud_v": 66.67, "rectitude": "fort", "ret_us": "autre", "ret_vol1_v": 0.0, "ret_vol1": "faible", "ret_vol2_v": 0.0, "ret_vol2": "faible", "sensisol_v": 21.5469, "sensisol": "moyen", "tcc": "absence", "txamg_v": 5.63, "txamg": "faible", "txetg1_v": 23.1, "txetg1": "moyen", "txetg2_v": 42.58, "txetg2": "fort", "txetg3_v": 19.83, "txetg3": "moyen", "txetg4_v": 7.85, "txetg4": "faible", "txetg5_v": 31.03, "txetg5": "fort", "veget10_v": 25.979651673208863, "veget10": "faible", "veget30_v": 12.943080297029825, "veget30": "tres_faible", "veget60_v": 13.994133251612762, "veget60": "tres_faible", "hyd_dyn1": 1.0, "hyd_dyn2": 0.0, "hyd_dyn3": 0.0, "hyd_dyn4": 0.0, "hyd_dyn5": 0.0, "hyd_dyn": 1.0, "hyd_dyn_cl": "tres_faible", "av_hyd_dyn": "-", "hyd_qte1": 1.0, "hyd_qte2": 0.0, "hyd_qte3": 0.0, "hyd_qte4": 0.0, "hyd_qte5": 0.0, "hyd_qte": 1.0, "hyd_qte_cl": "tres_faible", "av_hyd_qte": "-", "hyd_mes1": 0.0, "hyd_mes2": 0.0, "hyd_mes3": 0.0, "hyd_mes4": 0.87, "hyd_mes5": 0.13, "hyd_mes": 4.0, "hyd_mes_cl": "fort", "av_hyd_mes": "-", "con_amp1": 0.0, "con_amp2": 0.0, "con_amp3": 0.0, "con_amp4": 0.4, "con_amp5": 0.6, "con_amp": 5.0, "con_amp_cl": "tres_fort", "av_con_amp": "-", "con_pro1": 0.0, "con_pro2": 0.0, "con_pro3": 0.0, "con_pro4": 0.2, "con_pro5": 0.8, "con_pro": 5.0, "con_pro_cl": "tres_fort", "av_con_pro": "-", "con_lat1": 0.0, "con_lat2": 0.0, "con_lat3": 0.0, "con_lat4": 1.0, "con_lat5": 0.0, "con_lat": 4.0, "con_lat_cl": "fort", "av_con_lat": "-", "con_sed1": 0.0, "con_sed2": 0.0, "con_sed3": 0.0, "con_sed4": 0.6, "con_sed5": 0.4, "con_sed": 4.0, "con_sed_cl": "fort", "av_con_sed": "-", "mor_pll1": 0.0, "mor_pll2": 0.0, "mor_pll3": 0.0, "mor_pll4": 0.225, "mor_pll5": 0.775, "mor_pll": 5.0, "mor_pll_cl": "tres_fort", "av_mor_pll": "-", "mor_riv1": 0.0, "mor_riv2": 0.016, "mor_riv3": 0.304, "mor_riv4": 0.44, "mor_riv5": 0.24, "mor_riv": 4.0, "mor_riv_cl": "fort", "av_mor_riv": "-", "mor_ssl1": 0.0, "mor_ssl2": 0.0, "mor_ssl3": 0.0, "mor_ssl4": 0.14, "mor_ssl5": 0.86, "mor_ssl": 5.0, "mor_ssl_cl": "tres_fort", "av_mor_ssl": "-", "av_aggrave": null, "av_attenue": null, "lbbh": "Artois-Picardie", "cdbh": "01", "Score_100": 34.4, "mor_rip": 4 }, "geometry": { "type": "MultiLineString", "coordinates": [ [ [ 1.939693186441835, 50.788926235716147 ], [ 1.939700773230881, 50.788925353316273 ], [ 1.939756103199518, 50.788919543194353 ], [ 1.939872975396566, 50.788881954090563 ], [ 1.94016985695526, 50.788699636924065 ], [ 1.940321540542972, 50.788555565015038 ], [ 1.940434678376399, 50.788493716531818 ], [ 1.940577043332853, 50.78845544630574 ], [ 1.940845407023684, 50.788416452763116 ], [ 1.941083195055397, 50.78841757717457 ], [ 1.941198907385779, 50.788434712196256 ], [ 1.941480429038112, 50.788509786096945 ], [ 1.94160635232671, 50.788512650726148 ], [ 1.942384132467292, 50.788616165331298 ], [ 1.942482520917463, 50.788649303427462 ], [ 1.942740402509152, 50.7887044331613 ], [ 1.942954764554931, 50.788809441748874 ], [ 1.94293262551036, 50.788852324185115 ], [ 1.942809772307663, 50.788905119446646 ], [ 1.942808654257574, 50.788958050542703 ], [ 1.94284005041783, 50.789013052182213 ], [ 1.942865379405793, 50.789017295237166 ] ] ] } },
{ "type": "Feature", "properties": { "fid": 86, "usra_id": 562740, "usra_id_st": "500632_14", "tgh_id": 500632, "usra_index": 14, "toponyme": "HEM", "longueur": 291.06, "zamont": 63.671428680419893, "zaval": 61.999999999999964, "agri3w_v": 5.44, "agri3w": "faible", "agribv_v": 44.05, "agribv": "fort", "alluvial": "oui", "beton": "absence", "canaux": "absence", "carriere": "absence", "chenal_v": null, "chenal": "faible", "conf": "absence", "conso": 1118.734426493035, "consom1": "faible", "consom2": "faible", "curage": "absence", "dobs1_v": 0.48, "dobs1": "fort", "dobs2_v": 2.5, "dobs2": "fort", "eclu": "absence", "etiage": "fort", "haies_v": 5.1592160602602384, "haies": "fort", "imper_v": 7.08, "imper": "faible", "intercep_v": 64.0, "intercepte": "fort", "montagne": "dessous", "navigable": "non", "obsmax1_v": 2.0, "obsmax1": "moyen", "obsmax2_v": 3.0, "obsmax2": "moyen", "orp": "absence", "orp_amont": "absence", "orp_autour": "absence", "orp_aval": "absence", "orp_proche": "absence", "pente2c": "faible", "pente3c": "moyen", "pistes": "absence", "rang": "petit", "rectitud_v": 33.33, "rectitude": "moyen", "ret_us": "autre", "ret_vol1_v": 0.0, "ret_vol1": "faible", "ret_vol2_v": 0.0, "ret_vol2": "faible", "sensisol_v": 21.5469, "sensisol": "moyen", "tcc": "absence", "txamg_v": 0.0, "txamg": "faible", "txetg1_v": 23.18, "txetg1": "moyen", "txetg2_v": 42.58, "txetg2": "fort", "txetg3_v": 86.38, "txetg3": "fort", "txetg4_v": 86.38, "txetg4": "fort", "txetg5_v": 34.98, "txetg5": "fort", "veget10_v": 68.902446751401101, "veget10": "moyen", "veget30_v": 34.880704959711771, "veget30": "faible", "veget60_v": 25.506974470198632, "veget60": "faible", "hyd_dyn1": 1.0, "hyd_dyn2": 0.0, "hyd_dyn3": 0.0, "hyd_dyn4": 0.0, "hyd_dyn5": 0.0, "hyd_dyn": 1.0, "hyd_dyn_cl": "tres_faible", "av_hyd_dyn": "-", "hyd_qte1": 1.0, "hyd_qte2": 0.0, "hyd_qte3": 0.0, "hyd_qte4": 0.0, "hyd_qte5": 0.0, "hyd_qte": 1.0, "hyd_qte_cl": "tres_faible", "av_hyd_qte": "-", "hyd_mes1": 0.0, "hyd_mes2": 0.0, "hyd_mes3": 0.0, "hyd_mes4": 0.07, "hyd_mes5": 0.93, "hyd_mes": 5.0, "hyd_mes_cl": "tres_fort", "av_hyd_mes": "-", "con_amp1": 0.0, "con_amp2": 0.0, "con_amp3": 0.0, "con_amp4": 0.4, "con_amp5": 0.6, "con_amp": 5.0, "con_amp_cl": "tres_fort", "av_con_amp": "-", "con_pro1": 0.0, "con_pro2": 0.0, "con_pro3": 0.0, "con_pro4": 0.2, "con_pro5": 0.8, "con_pro": 5.0, "con_pro_cl": "tres_fort", "av_con_pro": "-", "con_lat1": 0.0, "con_lat2": 0.0, "con_lat3": 0.0, "con_lat4": 0.0, "con_lat5": 1.0, "con_lat": 5.0, "con_lat_cl": "tres_fort", "av_con_lat": "-", "con_sed1": 0.0, "con_sed2": 0.0, "con_sed3": 0.0, "con_sed4": 0.6, "con_sed5": 0.4, "con_sed": 4.0, "con_sed_cl": "fort", "av_con_sed": "-", "mor_pll1": 0.0, "mor_pll2": 0.0, "mor_pll3": 0.0, "mor_pll4": 0.225, "mor_pll5": 0.775, "mor_pll": 5.0, "mor_pll_cl": "tres_fort", "av_mor_pll": "-", "mor_riv1": 0.0, "mor_riv2": 0.12, "mor_riv3": 0.78, "mor_riv4": 0.1, "mor_riv5": 0.0, "mor_riv": 3.0, "mor_riv_cl": "moyen", "av_mor_riv": "-", "mor_ssl1": 0.0, "mor_ssl2": 0.0, "mor_ssl3": 0.0, "mor_ssl4": 0.07, "mor_ssl5": 0.93, "mor_ssl": 5.0, "mor_ssl_cl": "tres_fort", "av_mor_ssl": "-", "av_aggrave": null, "av_attenue": null, "lbbh": "Artois-Picardie", "cdbh": "01", "Score_100": 31.7, "mor_rip": 3 }, "geometry": { "type": "MultiLineString", "coordinates": [ [ [ 1.942865379405793, 50.789017295237166 ], [ 1.942930327046163, 50.789028175092469 ], [ 1.943224072817566, 50.788993878334999 ], [ 1.9434066149212, 50.78892992412279 ], [ 1.943492702461565, 50.78894231919962 ], [ 1.943770883954326, 50.78910888385019 ], [ 1.943984776668211, 50.789236319024539 ], [ 1.944130531111201, 50.789305749210861 ], [ 1.944333390747032, 50.789352333463349 ], [ 1.944396796286737, 50.789366330263285 ], [ 1.944525738095264, 50.789427541813097 ], [ 1.944604897975068, 50.789499996303398 ], [ 1.944834984022997, 50.789665253574071 ], [ 1.944982137313256, 50.789735591843915 ], [ 1.94530994309937, 50.789831686650565 ], [ 1.945487575676569, 50.78986639050612 ], [ 1.945625619075223, 50.789831667191216 ], [ 1.94578993193066, 50.789759479597905 ], [ 1.945876382318835, 50.789687530194996 ], [ 1.946013689768491, 50.789620497541407 ], [ 1.946243577545476, 50.789528382241478 ] ] ] } },
{ "type": "Feature", "properties": { "fid": 87, "usra_id": 562742, "usra_id_st": "500632_15", "tgh_id": 500632, "usra_index": 15, "toponyme": "HEM", "longueur": 291.06, "zamont": 61.999999999999964, "zaval": 60.328571319580043, "agri3w_v": 0.0, "agri3w": "faible", "agribv_v": 44.05, "agribv": "fort", "alluvial": "oui", "beton": "absence", "canaux": "absence", "carriere": "absence", "chenal_v": null, "chenal": "faible", "conf": "absence", "conso": 1118.734426493035, "consom1": "faible", "consom2": "faible", "curage": "absence", "dobs1_v": 0.48, "dobs1": "fort", "dobs2_v": 2.19, "dobs2": "fort", "eclu": "absence", "etiage": "fort", "haies_v": 5.1592160602602384, "haies": "fort", "imper_v": 7.08, "imper": "faible", "intercep_v": 60.0, "intercepte": "fort", "montagne": "dessous", "navigable": "non", "obsmax1_v": 2.0, "obsmax1": "moyen", "obsmax2_v": 1.8, "obsmax2": "moyen", "orp": "absence", "orp_amont": "absence", "orp_autour": "absence", "orp_aval": "absence", "orp_proche": "absence", "pente2c": "faible", "pente3c": "moyen", "pistes": "absence", "rang": "petit", "rectitud_v": 33.33, "rectitude": "moyen", "ret_us": "autre", "ret_vol1_v": 0.0, "ret_vol1": "faible", "ret_vol2_v": 0.0, "ret_vol2": "faible", "sensisol_v": 21.5469, "sensisol": "moyen", "tcc": "absence", "txamg_v": 0.0, "txamg": "faible", "txetg1_v": 21.65, "txetg1": "moyen", "txetg2_v": 45.98, "txetg2": "fort", "txetg3_v": 28.44, "txetg3": "moyen", "txetg4_v": 21.32, "txetg4": "moyen", "txetg5_v": 34.07, "txetg5": "fort", "veget10_v": 39.954440456204225, "veget10": "faible", "veget30_v": 24.891250794094496, "veget30": "faible", "veget60_v": 18.388969449250379, "veget60": "tres_faible", "hyd_dyn1": 1.0, "hyd_dyn2": 0.0, "hyd_dyn3": 0.0, "hyd_dyn4": 0.0, "hyd_dyn5": 0.0, "hyd_dyn": 1.0, "hyd_dyn_cl": "tres_faible", "av_hyd_dyn": "-", "hyd_qte1": 1.0, "hyd_qte2": 0.0, "hyd_qte3": 0.0, "hyd_qte4": 0.0, "hyd_qte5": 0.0, "hyd_qte": 1.0, "hyd_qte_cl": "tres_faible", "av_hyd_qte": "-", "hyd_mes1": 0.0, "hyd_mes2": 0.0, "hyd_mes3": 0.0, "hyd_mes4": 0.57, "hyd_mes5": 0.43, "hyd_mes": 4.0, "hyd_mes_cl": "fort", "av_hyd_mes": "-", "con_amp1": 0.0, "con_amp2": 0.0, "con_amp3": 0.0, "con_amp4": 0.4, "con_amp5": 0.6, "con_amp": 5.0, "con_amp_cl": "tres_fort", "av_con_amp": "-", "con_pro1": 0.0, "con_pro2": 0.0, "con_pro3": 0.0, "con_pro4": 0.2, "con_pro5": 0.8, "con_pro": 5.0, "con_pro_cl": "tres_fort", "av_con_pro": "-", "con_lat1": 0.0, "con_lat2": 0.0, "con_lat3": 0.0, "con_lat4": 0.75, "con_lat5": 0.25, "con_lat": 4.0, "con_lat_cl": "fort", "av_con_lat": "-", "con_sed1": 0.0, "con_sed2": 0.0, "con_sed3": 0.0, "con_sed4": 0.6, "con_sed5": 0.4, "con_sed": 4.0, "con_sed_cl": "fort", "av_con_sed": "-", "mor_pll1": 0.0, "mor_pll2": 0.0, "mor_pll3": 0.0, "mor_pll4": 0.65, "mor_pll5": 0.35, "mor_pll": 4.0, "mor_pll_cl": "fort", "av_mor_pll": "-", "mor_riv1": 0.0, "mor_riv2": 0.072, "mor_riv3": 0.468, "mor_riv4": 0.38, "mor_riv5": 0.08, "mor_riv": 3.0, "mor_riv_cl": "moyen", "av_mor_riv": "-", "mor_ssl1": 0.0, "mor_ssl2": 0.0, "mor_ssl3": 0.0, "mor_ssl4": 0.262, "mor_ssl5": 0.738, "mor_ssl": 5.0, "mor_ssl_cl": "tres_fort", "av_mor_ssl": "-", "av_aggrave": null, "av_attenue": null, "lbbh": "Artois-Picardie", "cdbh": "01", "Score_100": 30.3, "mor_rip": 4 }, "geometry": { "type": "MultiLineString", "coordinates": [ [ [ 1.946243577545476, 50.789528382241478 ], [ 1.946377733352113, 50.78947462607843 ], [ 1.946508358531656, 50.789455990373796 ], [ 1.946675574300744, 50.789447534216414 ], [ 1.946982378410012, 50.789465382251642 ], [ 1.947143083807946, 50.789362654272878 ], [ 1.947259158935182, 50.789362738032104 ], [ 1.94742050544325, 50.789364101537878 ], [ 1.947526786525765, 50.789358718505753 ], [ 1.947628198584308, 50.789315607782974 ], [ 1.947841004833042, 50.789225881215472 ], [ 1.948186642446246, 50.789147146248439 ], [ 1.948327851936277, 50.789096295322416 ], [ 1.948436546672859, 50.789043375153966 ], [ 1.948600475962084, 50.788989126526772 ], [ 1.9487797660163, 50.788944877586054 ], [ 1.948922994810384, 50.788932626798662 ], [ 1.949155046306353, 50.788869979276328 ], [ 1.94925100464758, 50.788884248230673 ], [ 1.949301051691511, 50.788927740655183 ], [ 1.949433393926629, 50.788962056898221 ], [ 1.949750630330024, 50.788954861816997 ], [ 1.949922786236925, 50.788913242977578 ], [ 1.950015097504618, 50.788913023784119 ] ] ] } },
{ "type": "Feature", "properties": { "fid": 88, "usra_id": 562743, "usra_id_st": "500632_16", "tgh_id": 500632, "usra_index": 16, "toponyme": "HEM", "longueur": 291.06, "zamont": 60.328571319580043, "zaval": 58.657142639160121, "agri3w_v": 0.0, "agri3w": "faible", "agribv_v": 44.05, "agribv": "fort", "alluvial": "oui", "beton": "absence", "canaux": "absence", "carriere": "absence", "chenal_v": null, "chenal": "faible", "conf": "absence", "conso": 1118.734426493035, "consom1": "faible", "consom2": "faible", "curage": "absence", "dobs1_v": 0.46, "dobs1": "fort", "dobs2_v": 2.5, "dobs2": "fort", "eclu": "absence", "etiage": "fort", "haies_v": 5.1592160602602384, "haies": "fort", "imper_v": 7.08, "imper": "faible", "intercep_v": 56.0, "intercepte": "fort", "montagne": "dessous", "navigable": "non", "obsmax1_v": 2.0, "obsmax1": "moyen", "obsmax2_v": 1.8, "obsmax2": "moyen", "orp": "absence", "orp_amont": "absence", "orp_autour": "absence", "orp_aval": "absence", "orp_proche": "absence", "pente2c": "faible", "pente3c": "moyen", "pistes": "absence", "rang": "petit", "rectitud_v": 33.33, "rectitude": "moyen", "ret_us": "autre", "ret_vol1_v": 0.0, "ret_vol1": "faible", "ret_vol2_v": 0.0, "ret_vol2": "faible", "sensisol_v": 21.5469, "sensisol": "moyen", "tcc": "absence", "txamg_v": 0.0, "txamg": "faible", "txetg1_v": 21.48, "txetg1": "moyen", "txetg2_v": 55.07, "txetg2": "fort", "txetg3_v": 25.77, "txetg3": "moyen", "txetg4_v": null, "txetg4": "faible", "txetg5_v": 31.94, "txetg5": "fort", "veget10_v": 42.877777204923945, "veget10": "moyen", "veget30_v": 25.257065341033837, "veget30": "faible", "veget60_v": 21.080499831567149, "veget60": "faible", "hyd_dyn1": 1.0, "hyd_dyn2": 0.0, "hyd_dyn3": 0.0, "hyd_dyn4": 0.0, "hyd_dyn5": 0.0, "hyd_dyn": 1.0, "hyd_dyn_cl": "tres_faible", "av_hyd_dyn": "-", "hyd_qte1": 1.0, "hyd_qte2": 0.0, "hyd_qte3": 0.0, "hyd_qte4": 0.0, "hyd_qte5": 0.0, "hyd_qte": 1.0, "hyd_qte_cl": "tres_faible", "av_hyd_qte": "-", "hyd_mes1": 0.0, "hyd_mes2": 0.0, "hyd_mes3": 0.0, "hyd_mes4": 0.87, "hyd_mes5": 0.13, "hyd_mes": 4.0, "hyd_mes_cl": "fort", "av_hyd_mes": "-", "con_amp1": 0.0, "con_amp2": 0.0, "con_amp3": 0.0, "con_amp4": 0.4, "con_amp5": 0.6, "con_amp": 5.0, "con_amp_cl": "tres_fort", "av_con_amp": "-", "con_pro1": 0.0, "con_pro2": 0.0, "con_pro3": 0.0, "con_pro4": 0.2, "con_pro5": 0.8, "con_pro": 5.0, "con_pro_cl": "tres_fort", "av_con_pro": "-", "con_lat1": 0.0, "con_lat2": 0.0, "con_lat3": 0.0, "con_lat4": 1.0, "con_lat5": 0.0, "con_lat": 4.0, "con_lat_cl": "fort", "av_con_lat": "-", "con_sed1": 0.0, "con_sed2": 0.0, "con_sed3": 0.0, "con_sed4": 0.6, "con_sed5": 0.4, "con_sed": 4.0, "con_sed_cl": "fort", "av_con_sed": "-", "mor_pll1": 0.0, "mor_pll2": 0.0, "mor_pll3": 0.0, "mor_pll4": 0.65, "mor_pll5": 0.35, "mor_pll": 4.0, "mor_pll_cl": "fort", "av_mor_pll": "-", "mor_riv1": 0.0, "mor_riv2": 0.12, "mor_riv3": 0.78, "mor_riv4": 0.1, "mor_riv5": 0.0, "mor_riv": 3.0, "mor_riv_cl": "moyen", "av_mor_riv": "-", "mor_ssl1": 0.0, "mor_ssl2": 0.0, "mor_ssl3": 0.0, "mor_ssl4": 0.262, "mor_ssl5": 0.738, "mor_ssl": 5.0, "mor_ssl_cl": "tres_fort", "av_mor_ssl": "-", "av_aggrave": null, "av_attenue": null, "lbbh": "Artois-Picardie", "cdbh": "01", "Score_100": 28.9, "mor_rip": 3 }, "geometry": { "type": "MultiLineString", "coordinates": [ [ [ 1.950015097504618, 50.788913023784119 ], [ 1.950171936932906, 50.788912651211454 ], [ 1.950234586831371, 50.788895233278147 ], [ 1.95029914120252, 50.788854501640245 ], [ 1.950337105706097, 50.78879918914852 ], [ 1.950259730267752, 50.788708807377986 ], [ 1.95048688915361, 50.788609326954052 ], [ 1.950558726364011, 50.788558786260033 ], [ 1.950608449904295, 50.788550232201665 ], [ 1.950786514165441, 50.788564294374567 ], [ 1.950989038531382, 50.788627016340591 ], [ 1.951258095987004, 50.788622103573609 ], [ 1.951464109599177, 50.788653448733683 ], [ 1.951587729408539, 50.788631159554861 ], [ 1.951696494850647, 50.788574647948202 ], [ 1.951761705247303, 50.788502515662742 ], [ 1.951850486988227, 50.788453911417093 ], [ 1.951949858257974, 50.788440390803572 ], [ 1.951969215163615, 50.788394791504082 ], [ 1.951947509760671, 50.788349744005458 ], [ 1.951898663353484, 50.788248835678182 ], [ 1.952129341445869, 50.787913392504699 ], [ 1.952220682699523, 50.787810074309576 ], [ 1.952335914235105, 50.787715032661858 ], [ 1.952434920144982, 50.787651259880789 ], [ 1.952572543902741, 50.787562631684054 ] ] ] } },
{ "type": "Feature", "properties": { "fid": 89, "usra_id": 562749, "usra_id_st": "500632_17", "tgh_id": 500632, "usra_index": 17, "toponyme": "HEM", "longueur": 291.06, "zamont": 58.657142639160121, "zaval": 56.985713958740192, "agri3w_v": 0.0, "agri3w": "faible", "agribv_v": 44.05, "agribv": "fort", "alluvial": "oui", "beton": "absence", "canaux": "absence", "carriere": "absence", "chenal_v": 8.75, "chenal": "faible", "conf": "absence", "conso": 1118.734426493035, "consom1": "faible", "consom2": "faible", "curage": "absence", "dobs1_v": 0.42, "dobs1": "fort", "dobs2_v": 2.57, "dobs2": "fort", "eclu": "absence", "etiage": "fort", "haies_v": 5.1592160602602384, "haies": "fort", "imper_v": 7.08, "imper": "faible", "intercep_v": 52.0, "intercepte": "fort", "montagne": "dessous", "navigable": "non", "obsmax1_v": 2.0, "obsmax1": "moyen", "obsmax2_v": 1.8, "obsmax2": "moyen", "orp": "absence", "orp_amont": "absence", "orp_autour": "absence", "orp_aval": "absence", "orp_proche": "absence", "pente2c": "faible", "pente3c": "moyen", "pistes": "absence", "rang": "petit", "rectitud_v": 100.0, "rectitude": "fort", "ret_us": "autre", "ret_vol1_v": 0.0, "ret_vol1": "faible", "ret_vol2_v": 0.0, "ret_vol2": "faible", "sensisol_v": 21.5469, "sensisol": "moyen", "tcc": "absence", "txamg_v": 21.26, "txamg": "moyen", "txetg1_v": 21.37, "txetg1": "moyen", "txetg2_v": 58.05, "txetg2": "fort", "txetg3_v": 29.91, "txetg3": "moyen", "txetg4_v": null, "txetg4": "faible", "txetg5_v": 30.06, "txetg5": "fort", "veget10_v": 48.170466725038018, "veget10": "moyen", "veget30_v": 37.379941686169552, "veget30": "faible", "veget60_v": 30.976168637837841, "veget60": "faible", "hyd_dyn1": 1.0, "hyd_dyn2": 0.0, "hyd_dyn3": 0.0, "hyd_dyn4": 0.0, "hyd_dyn5": 0.0, "hyd_dyn": 1.0, "hyd_dyn_cl": "tres_faible", "av_hyd_dyn": "-", "hyd_qte1": 1.0, "hyd_qte2": 0.0, "hyd_qte3": 0.0, "hyd_qte4": 0.0, "hyd_qte5": 0.0, "hyd_qte": 1.0, "hyd_qte_cl": "tres_faible", "av_hyd_qte": "-", "hyd_mes1": 0.0, "hyd_mes2": 0.0, "hyd_mes3": 0.0, "hyd_mes4": 0.87, "hyd_mes5": 0.13, "hyd_mes": 4.0, "hyd_mes_cl": "fort", "av_hyd_mes": "-", "con_amp1": 0.0, "con_amp2": 0.0, "con_amp3": 0.0, "con_amp4": 0.4, "con_amp5": 0.6, "con_amp": 5.0, "con_amp_cl": "tres_fort", "av_con_amp": "-", "con_pro1": 0.0, "con_pro2": 0.0, "con_pro3": 0.0, "con_pro4": 0.2, "con_pro5": 0.8, "con_pro": 5.0, "con_pro_cl": "tres_fort", "av_con_pro": "-", "con_lat1": 0.0, "con_lat2": 0.0, "con_lat3": 0.0, "con_lat4": 0.9, "con_lat5": 0.1, "con_lat": 4.0, "con_lat_cl": "fort", "av_con_lat": "-", "con_sed1": 0.0, "con_sed2": 0.0, "con_sed3": 0.0, "con_sed4": 0.6, "con_sed5": 0.4, "con_sed": 4.0, "con_sed_cl": "fort", "av_con_sed": "-", "mor_pll1": 0.0, "mor_pll2": 0.0, "mor_pll3": 0.0, "mor_pll4": 0.195, "mor_pll5": 0.805, "mor_pll": 5.0, "mor_pll_cl": "tres_fort", "av_mor_pll": "-", "mor_riv1": 0.0, "mor_riv2": 0.024, "mor_riv3": 0.696, "mor_riv4": 0.24, "mor_riv5": 0.04, "mor_riv": 3.0, "mor_riv_cl": "moyen", "av_mor_riv": "-", "mor_ssl1": 0.0, "mor_ssl2": 0.0, "mor_ssl3": 0.0, "mor_ssl4": 0.14, "mor_ssl5": 0.86, "mor_ssl": 5.0, "mor_ssl_cl": "tres_fort", "av_mor_ssl": "-", "av_aggrave": null, "av_attenue": null, "lbbh": "Artois-Picardie", "cdbh": "01", "Score_100": 35.9, "mor_rip": 3 }, "geometry": { "type": "MultiLineString", "coordinates": [ [ [ 1.952572543902741, 50.787562631684054 ], [ 1.95270036871175, 50.787480313475207 ], [ 1.953102415569136, 50.787140027865306 ], [ 1.953256802007999, 50.78706774686016 ], [ 1.953380569401255, 50.786902786565321 ], [ 1.953514561585169, 50.786722657928124 ], [ 1.953631540997962, 50.786611478258358 ], [ 1.953911938608486, 50.786402070771288 ], [ 1.954205483346634, 50.786173032390813 ], [ 1.95445521935052, 50.78600823115061 ], [ 1.954556862251797, 50.785953451707094 ], [ 1.95463722035973, 50.785901185441432 ], [ 1.954725441294081, 50.785811298486202 ], [ 1.954858143409502, 50.785760368638044 ], [ 1.955049273055091, 50.785758383072874 ], [ 1.955154898269636, 50.785716198748382 ], [ 1.955227221070818, 50.785659057076259 ] ] ] } },
{ "type": "Feature", "properties": { "fid": 90, "usra_id": 562750, "usra_id_st": "500632_18", "tgh_id": 500632, "usra_index": 18, "toponyme": "HEM", "longueur": 291.06, "zamont": 56.985713958740192, "zaval": 55.31428527832027, "agri3w_v": 0.0, "agri3w": "faible", "agribv_v": 44.05, "agribv": "fort", "alluvial": "oui", "beton": "absence", "canaux": "absence", "carriere": "absence", "chenal_v": null, "chenal": "faible", "conf": "absence", "conso": 1118.734426493035, "consom1": "faible", "consom2": "faible", "curage": "absence", "dobs1_v": 0.4, "dobs1": "fort", "dobs2_v": 2.63, "dobs2": "fort", "eclu": "absence", "etiage": "fort", "haies_v": 5.1592160602602384, "haies": "fort", "imper_v": 7.08, "imper": "faible", "intercep_v": 50.0, "intercepte": "fort", "montagne": "dessous", "navigable": "non", "obsmax1_v": 2.0, "obsmax1": "moyen", "obsmax2_v": 1.8, "obsmax2": "moyen", "orp": "absence", "orp_amont": "absence", "orp_autour": "absence", "orp_aval": "absence", "orp_proche": "absence", "pente2c": "faible", "pente3c": "moyen", "pistes": "absence", "rang": "petit", "rectitud_v": 0.0, "rectitude": "faible", "ret_us": "autre", "ret_vol1_v": 0.0, "ret_vol1": "faible", "ret_vol2_v": 0.0, "ret_vol2": "faible", "sensisol_v": 21.5469, "sensisol": "moyen", "tcc": "absence", "txamg_v": 0.0, "txamg": "faible", "txetg1_v": 21.15, "txetg1": "moyen", "txetg2_v": 51.17, "txetg2": "fort", "txetg3_v": 33.54, "txetg3": "fort", "txetg4_v": null, "txetg4": "faible", "txetg5_v": 28.39, "txetg5": "moyen", "veget10_v": 67.816765304854385, "veget10": "moyen", "veget30_v": 39.764584108832871, "veget30": "faible", "veget60_v": 34.601850146756554, "veget60": "faible", "hyd_dyn1": 1.0, "hyd_dyn2": 0.0, "hyd_dyn3": 0.0, "hyd_dyn4": 0.0, "hyd_dyn5": 0.0, "hyd_dyn": 1.0, "hyd_dyn_cl": "tres_faible", "av_hyd_dyn": "-", "hyd_qte1": 1.0, "hyd_qte2": 0.0, "hyd_qte3": 0.0, "hyd_qte4": 0.0, "hyd_qte5": 0.0, "hyd_qte": 1.0, "hyd_qte_cl": "tres_faible", "av_hyd_qte": "-", "hyd_mes1": 0.0, "hyd_mes2": 0.0, "hyd_mes3": 0.0, "hyd_mes4": 0.87, "hyd_mes5": 0.13, "hyd_mes": 4.0, "hyd_mes_cl": "fort", "av_hyd_mes": "-", "con_amp1": 0.0, "con_amp2": 0.0, "con_amp3": 0.0, "con_amp4": 0.4, "con_amp5": 0.6, "con_amp": 5.0, "con_amp_cl": "tres_fort", "av_con_amp": "-", "con_pro1": 0.0, "con_pro2": 0.0, "con_pro3": 0.0, "con_pro4": 0.2, "con_pro5": 0.8, "con_pro": 5.0, "con_pro_cl": "tres_fort", "av_con_pro": "-", "con_lat1": 0.0, "con_lat2": 0.0, "con_lat3": 0.0, "con_lat4": 1.0, "con_lat5": 0.0, "con_lat": 4.0, "con_lat_cl": "fort", "av_con_lat": "-", "con_sed1": 0.0, "con_sed2": 0.0, "con_sed3": 0.0, "con_sed4": 0.8, "con_sed5": 0.2, "con_sed": 4.0, "con_sed_cl": "fort", "av_con_sed": "-", "mor_pll1": 0.0, "mor_pll2": 0.0, "mor_pll3": 0.0, "mor_pll4": 0.375, "mor_pll5": 0.625, "mor_pll": 5.0, "mor_pll_cl": "tres_fort", "av_mor_pll": "-", "mor_riv1": 0.0, "mor_riv2": 0.2, "mor_riv3": 0.8, "mor_riv4": 0.0, "mor_riv5": 0.0, "mor_riv": 3.0, "mor_riv_cl": "moyen", "av_mor_riv": "-", "mor_ssl1": 0.0, "mor_ssl2": 0.0, "mor_ssl3": 0.0, "mor_ssl4": 0.105, "mor_ssl5": 0.895, "mor_ssl": 5.0, "mor_ssl_cl": "tres_fort", "av_mor_ssl": "-", "av_aggrave": null, "av_attenue": null, "lbbh": "Artois-Picardie", "cdbh": "01", "Score_100": 30.3, "mor_rip": 3 }, "geometry": { "type": "MultiLineString", "coordinates": [ [ [ 1.955227221070818, 50.785659057076259 ], [ 1.955318967026232, 50.785586569068592 ], [ 1.955381787244399, 50.785492879367609 ], [ 1.955382188197553, 50.785405844540755 ], [ 1.95525221071781, 50.78525849428032 ], [ 1.95509440874918, 50.785155775489876 ], [ 1.954958930155444, 50.784933005365886 ], [ 1.954942068542302, 50.784859285145444 ], [ 1.954964663797175, 50.784793971696104 ], [ 1.954973829249383, 50.784761745728964 ], [ 1.955117574578086, 50.784520680157797 ], [ 1.955217335637275, 50.784284629206411 ], [ 1.955378808010183, 50.78434700017457 ], [ 1.955597187576744, 50.784395491288748 ], [ 1.955688201083666, 50.784442914158184 ], [ 1.955786702431576, 50.78447065908523 ], [ 1.955859625389143, 50.784435378350679 ], [ 1.95609709365763, 50.783907960372844 ], [ 1.956134374108794, 50.783824972241732 ] ] ] } },
{ "type": "Feature", "properties": { "fid": 91, "usra_id": 562755, "usra_id_st": "500632_19", "tgh_id": 500632, "usra_index": 19, "toponyme": "HEM", "longueur": 291.06, "zamont": 55.31428527832027, "zaval": 53.642856597900341, "agri3w_v": 0.0, "agri3w": "faible", "agribv_v": 44.05, "agribv": "fort", "alluvial": "oui", "beton": "absence", "canaux": "absence", "carriere": "absence", "chenal_v": null, "chenal": "faible", "conf": "absence", "conso": 1118.734426493035, "consom1": "faible", "consom2": "faible", "curage": "absence", "dobs1_v": 0.41, "dobs1": "fort", "dobs2_v": 1.95, "dobs2": "fort", "eclu": "absence", "etiage": "fort", "haies_v": 5.1592160602602384, "haies": "fort", "imper_v": 7.08, "imper": "faible", "intercep_v": 47.0, "intercepte": "fort", "montagne": "dessous", "navigable": "non", "obsmax1_v": 2.0, "obsmax1": "moyen", "obsmax2_v": 1.8, "obsmax2": "moyen", "orp": "absence", "orp_amont": "absence", "orp_autour": "absence", "orp_aval": "absence", "orp_proche": "absence", "pente2c": "faible", "pente3c": "moyen", "pistes": "absence", "rang": "petit", "rectitud_v": 33.33, "rectitude": "moyen", "ret_us": "autre", "ret_vol1_v": 0.0, "ret_vol1": "faible", "ret_vol2_v": 0.0, "ret_vol2": "faible", "sensisol_v": 21.5469, "sensisol": "moyen", "tcc": "absence", "txamg_v": 0.0, "txamg": "faible", "txetg1_v": 20.82, "txetg1": "moyen", "txetg2_v": 48.22, "txetg2": "fort", "txetg3_v": 99.99, "txetg3": "fort", "txetg4_v": null, "txetg4": "faible", "txetg5_v": 26.9, "txetg5": "moyen", "veget10_v": 47.28848493866218, "veget10": "moyen", "veget30_v": 22.992261568974865, "veget30": "faible", "veget60_v": 14.843867219022936, "veget60": "tres_faible", "hyd_dyn1": 1.0, "hyd_dyn2": 0.0, "hyd_dyn3": 0.0, "hyd_dyn4": 0.0, "hyd_dyn5": 0.0, "hyd_dyn": 1.0, "hyd_dyn_cl": "tres_faible", "av_hyd_dyn": "-", "hyd_qte1": 1.0, "hyd_qte2": 0.0, "hyd_qte3": 0.0, "hyd_qte4": 0.0, "hyd_qte5": 0.0, "hyd_qte": 1.0, "hyd_qte_cl": "tres_faible", "av_hyd_qte": "-", "hyd_mes1": 0.0, "hyd_mes2": 0.0, "hyd_mes3": 0.0, "hyd_mes4": 0.87, "hyd_mes5": 0.13, "hyd_mes": 4.0, "hyd_mes_cl": "fort", "av_hyd_mes": "-", "con_amp1": 0.0, "con_amp2": 0.0, "con_amp3": 0.0, "con_amp4": 0.4, "con_amp5": 0.6, "con_amp": 5.0, "con_amp_cl": "tres_fort", "av_con_amp": "-", "con_pro1": 0.0, "con_pro2": 0.0, "con_pro3": 0.0, "con_pro4": 0.2, "con_pro5": 0.8, "con_pro": 5.0, "con_pro_cl": "tres_fort", "av_con_pro": "-", "con_lat1": 0.0, "con_lat2": 0.0, "con_lat3": 0.0, "con_lat4": 1.0, "con_lat5": 0.0, "con_lat": 4.0, "con_lat_cl": "fort", "av_con_lat": "-", "con_sed1": 0.0, "con_sed2": 0.0, "con_sed3": 0.0, "con_sed4": 0.8, "con_sed5": 0.2, "con_sed": 4.0, "con_sed_cl": "fort", "av_con_sed": "-", "mor_pll1": 0.0, "mor_pll2": 0.0, "mor_pll3": 0.0, "mor_pll4": 0.225, "mor_pll5": 0.775, "mor_pll": 5.0, "mor_pll_cl": "tres_fort", "av_mor_pll": "-", "mor_riv1": 0.0, "mor_riv2": 0.12, "mor_riv3": 0.78, "mor_riv4": 0.1, "mor_riv5": 0.0, "mor_riv": 3.0, "mor_riv_cl": "moyen", "av_mor_riv": "-", "mor_ssl1": 0.0, "mor_ssl2": 0.0, "mor_ssl3": 0.0, "mor_ssl4": 0.07, "mor_ssl5": 0.93, "mor_ssl": 5.0, "mor_ssl_cl": "tres_fort", "av_mor_ssl": "-", "av_aggrave": null, "av_attenue": null, "lbbh": "Artois-Picardie", "cdbh": "01", "Score_100": 30.3, "mor_rip": 3 }, "geometry": { "type": "MultiLineString", "coordinates": [ [ [ 1.956134374108794, 50.783824972241732 ], [ 1.956448872910461, 50.783124870515117 ], [ 1.956830177108968, 50.783165751557192 ], [ 1.957204032390581, 50.78322451513106 ], [ 1.9577221405295, 50.783288971355262 ], [ 1.957870619317462, 50.783295597636325 ], [ 1.9581218106798, 50.783263601652223 ], [ 1.958236381846048, 50.783267251934546 ], [ 1.958397780024698, 50.783333207674644 ], [ 1.958495052205292, 50.783351967199707 ], [ 1.958570111308017, 50.783349902934454 ], [ 1.958644337156858, 50.783251820195709 ], [ 1.959032360677927, 50.782969721367955 ], [ 1.959048213400126, 50.782961471999101 ] ] ] } },
{ "type": "Feature", "properties": { "fid": 92, "usra_id": 562756, "usra_id_st": "500632_20", "tgh_id": 500632, "usra_index": 20, "toponyme": "HEM", "longueur": 291.06, "zamont": 53.642856597900341, "zaval": 51.971427917480419, "agri3w_v": 3.17, "agri3w": "faible", "agribv_v": 44.05, "agribv": "fort", "alluvial": "oui", "beton": "absence", "canaux": "absence", "carriere": "absence", "chenal_v": null, "chenal": "faible", "conf": "absence", "conso": 1118.734426493035, "consom1": "faible", "consom2": "faible", "curage": "absence", "dobs1_v": 0.41, "dobs1": "fort", "dobs2_v": 1.82, "dobs2": "fort", "eclu": "absence", "etiage": "fort", "haies_v": 5.1592160602602384, "haies": "fort", "imper_v": 7.08, "imper": "faible", "intercep_v": 45.0, "intercepte": "fort", "montagne": "dessous", "navigable": "non", "obsmax1_v": 2.0, "obsmax1": "moyen", "obsmax2_v": 1.8, "obsmax2": "moyen", "orp": "absence", "orp_amont": "absence", "orp_autour": "absence", "orp_aval": "absence", "orp_proche": "absence", "pente2c": "faible", "pente3c": "moyen", "pistes": "absence", "rang": "petit", "rectitud_v": 66.67, "rectitude": "fort", "ret_us": "autre", "ret_vol1_v": 0.0, "ret_vol1": "faible", "ret_vol2_v": 0.0, "ret_vol2": "faible", "sensisol_v": 21.5469, "sensisol": "moyen", "tcc": "absence", "txamg_v": 0.0, "txamg": "faible", "txetg1_v": 18.64, "txetg1": "moyen", "txetg2_v": 39.95, "txetg2": "fort", "txetg3_v": 100.01, "txetg3": "fort", "txetg4_v": null, "txetg4": "faible", "txetg5_v": 25.55, "txetg5": "moyen", "veget10_v": 58.285157764984881, "veget10": "moyen", "veget30_v": 25.422568853177594, "veget30": "faible", "veget60_v": 14.25912254073854, "veget60": "tres_faible", "hyd_dyn1": 1.0, "hyd_dyn2": 0.0, "hyd_dyn3": 0.0, "hyd_dyn4": 0.0, "hyd_dyn5": 0.0, "hyd_dyn": 1.0, "hyd_dyn_cl": "tres_faible", "av_hyd_dyn": "-", "hyd_qte1": 1.0, "hyd_qte2": 0.0, "hyd_qte3": 0.0, "hyd_qte4": 0.0, "hyd_qte5": 0.0, "hyd_qte": 1.0, "hyd_qte_cl": "tres_faible", "av_hyd_qte": "-", "hyd_mes1": 0.0, "hyd_mes2": 0.0, "hyd_mes3": 0.0, "hyd_mes4": 0.87, "hyd_mes5": 0.13, "hyd_mes": 4.0, "hyd_mes_cl": "fort", "av_hyd_mes": "-", "con_amp1": 0.0, "con_amp2": 0.0, "con_amp3": 0.0, "con_amp4": 0.4, "con_amp5": 0.6, "con_amp": 5.0, "con_amp_cl": "tres_fort", "av_con_amp": "-", "con_pro1": 0.0, "con_pro2": 0.0, "con_pro3": 0.0, "con_pro4": 0.2, "con_pro5": 0.8, "con_pro": 5.0, "con_pro_cl": "tres_fort", "av_con_pro": "-", "con_lat1": 0.0, "con_lat2": 0.0, "con_lat3": 0.0, "con_lat4": 1.0, "con_lat5": 0.0, "con_lat": 4.0, "con_lat_cl": "fort", "av_con_lat": "-", "con_sed1": 0.0, "con_sed2": 0.0, "con_sed3": 0.0, "con_sed4": 0.8, "con_sed5": 0.2, "con_sed": 4.0, "con_sed_cl": "fort", "av_con_sed": "-", "mor_pll1": 0.0, "mor_pll2": 0.0, "mor_pll3": 0.0, "mor_pll4": 0.075, "mor_pll5": 0.925, "mor_pll": 5.0, "mor_pll_cl": "tres_fort", "av_mor_pll": "-", "mor_riv1": 0.0, "mor_riv2": 0.04, "mor_riv3": 0.76, "mor_riv4": 0.2, "mor_riv5": 0.0, "mor_riv": 3.0, "mor_riv_cl": "moyen", "av_mor_riv": "-", "mor_ssl1": 0.0, "mor_ssl2": 0.0, "mor_ssl3": 0.0, "mor_ssl4": 0.0, "mor_ssl5": 1.0, "mor_ssl": 5.0, "mor_ssl_cl": "tres_fort", "av_mor_ssl": "-", "av_aggrave": null, "av_attenue": null, "lbbh": "Artois-Picardie", "cdbh": "01", "Score_100": 31.1, "mor_rip": 3 }, "geometry": { "type": "MultiLineString", "coordinates": [ [ [ 1.959048213400126, 50.782961471999101 ], [ 1.959178309468403, 50.782893773004638 ], [ 1.959322112864879, 50.782920996483277 ], [ 1.959417929884842, 50.783009732833364 ], [ 1.95950913097658, 50.783048181533282 ], [ 1.959761341874285, 50.783103229210461 ], [ 1.959893062323664, 50.783098945473498 ], [ 1.960025323288732, 50.78306864431012 ], [ 1.960134475850591, 50.783060582659132 ], [ 1.960255749722819, 50.783082233118684 ], [ 1.960358943562908, 50.78308847838106 ], [ 1.960596129876636, 50.783049182084994 ], [ 1.960683794350176, 50.783053502870807 ], [ 1.96075959752141, 50.783083746420424 ], [ 1.960836127148538, 50.783079001153169 ], [ 1.960971199157668, 50.783049619747139 ], [ 1.961040857819634, 50.783034946696247 ], [ 1.96128813579824, 50.783054955290901 ], [ 1.961580102395917, 50.783035854651558 ], [ 1.962417663630669, 50.783052705412814 ], [ 1.962963718050702, 50.783063824927353 ] ] ] } },
{ "type": "Feature", "properties": { "fid": 93, "usra_id": 562758, "usra_id_st": "500632_21", "tgh_id": 500632, "usra_index": 21, "toponyme": "HEM", "longueur": 291.06, "zamont": 51.971427917480419, "zaval": 50.299999237060497, "agri3w_v": 61.72, "agri3w": "fort", "agribv_v": 44.05, "agribv": "fort", "alluvial": "oui", "beton": "absence", "canaux": "absence", "carriere": "absence", "chenal_v": null, "chenal": "faible", "conf": "absence", "conso": 1118.734426493035, "consom1": "faible", "consom2": "faible", "curage": "absence", "dobs1_v": 0.39, "dobs1": "fort", "dobs2_v": 1.49, "dobs2": "fort", "eclu": "absence", "etiage": "fort", "haies_v": 5.1592160602602384, "haies": "fort", "imper_v": 7.08, "imper": "faible", "intercep_v": 42.0, "intercepte": "fort", "montagne": "dessous", "navigable": "non", "obsmax1_v": 2.0, "obsmax1": "moyen", "obsmax2_v": 0.91, "obsmax2": "faible", "orp": "absence", "orp_amont": "absence", "orp_autour": "absence", "orp_aval": "absence", "orp_proche": "absence", "pente2c": "faible", "pente3c": "moyen", "pistes": "absence", "rang": "petit", "rectitud_v": 33.33, "rectitude": "moyen", "ret_us": "autre", "ret_vol1_v": 0.0, "ret_vol1": "faible", "ret_vol2_v": 0.0, "ret_vol2": "faible", "sensisol_v": 21.5469, "sensisol": "moyen", "tcc": "absence", "txamg_v": 0.0, "txamg": "faible", "txetg1_v": 16.34, "txetg1": "moyen", "txetg2_v": 36.73, "txetg2": "fort", "txetg3_v": 100.0, "txetg3": "fort", "txetg4_v": null, "txetg4": "faible", "txetg5_v": 24.34, "txetg5": "moyen", "veget10_v": 76.059630513111671, "veget10": "moyen", "veget30_v": 32.798791552639095, "veget30": "faible", "veget60_v": 19.337728566161651, "veget60": "tres_faible", "hyd_dyn1": 1.0, "hyd_dyn2": 0.0, "hyd_dyn3": 0.0, "hyd_dyn4": 0.0, "hyd_dyn5": 0.0, "hyd_dyn": 1.0, "hyd_dyn_cl": "tres_faible", "av_hyd_dyn": "-", "hyd_qte1": 1.0, "hyd_qte2": 0.0, "hyd_qte3": 0.0, "hyd_qte4": 0.0, "hyd_qte5": 0.0, "hyd_qte": 1.0, "hyd_qte_cl": "tres_faible", "av_hyd_qte": "-", "hyd_mes1": 0.0, "hyd_mes2": 0.0, "hyd_mes3": 0.0, "hyd_mes4": 0.87, "hyd_mes5": 0.13, "hyd_mes": 4.0, "hyd_mes_cl": "fort", "av_hyd_mes": "-", "con_amp1": 0.0, "con_amp2": 0.0, "con_amp3": 0.0, "con_amp4": 0.4, "con_amp5": 0.6, "con_amp": 5.0, "con_amp_cl": "tres_fort", "av_con_amp": "-", "con_pro1": 0.0, "con_pro2": 0.0, "con_pro3": 0.0, "con_pro4": 0.3, "con_pro5": 0.7, "con_pro": 5.0, "con_pro_cl": "tres_fort", "av_con_pro": "-", "con_lat1": 0.0, "con_lat2": 0.0, "con_lat3": 0.0, "con_lat4": 1.0, "con_lat5": 0.0, "con_lat": 4.0, "con_lat_cl": "fort", "av_con_lat": "-", "con_sed1": 0.0, "con_sed2": 0.0, "con_sed3": 0.0, "con_sed4": 0.8, "con_sed5": 0.2, "con_sed": 4.0, "con_sed_cl": "fort", "av_con_sed": "-", "mor_pll1": 0.0, "mor_pll2": 0.0, "mor_pll3": 0.0, "mor_pll4": 0.045, "mor_pll5": 0.955, "mor_pll": 5.0, "mor_pll_cl": "tres_fort", "av_mor_pll": "-", "mor_riv1": 0.0, "mor_riv2": 0.12, "mor_riv3": 0.78, "mor_riv4": 0.1, "mor_riv5": 0.0, "mor_riv": 3.0, "mor_riv_cl": "moyen", "av_mor_riv": "-", "mor_ssl1": 0.0, "mor_ssl2": 0.0, "mor_ssl3": 0.0, "mor_ssl4": 0.07, "mor_ssl5": 0.93, "mor_ssl": 5.0, "mor_ssl_cl": "tres_fort", "av_mor_ssl": "-", "av_aggrave": null, "av_attenue": null, "lbbh": "Artois-Picardie", "cdbh": "01", "Score_100": 46.5, "mor_rip": 3 }, "geometry": { "type": "MultiLineString", "coordinates": [ [ [ 1.962963718050702, 50.783063824927353 ], [ 1.963163259518862, 50.783067887667897 ], [ 1.963354267076369, 50.783071272241052 ], [ 1.963432062958981, 50.783073714344162 ], [ 1.964035550631233, 50.783116422256363 ], [ 1.964123291765654, 50.782843474630162 ], [ 1.964178013883191, 50.782798167289684 ], [ 1.964334662916409, 50.782751912933612 ], [ 1.96439230781892, 50.782702143282876 ], [ 1.964486458437841, 50.782529746552278 ], [ 1.965044915191238, 50.782080352788959 ], [ 1.965062990980447, 50.782027562053074 ], [ 1.964992651115491, 50.781869949273947 ], [ 1.964992441738366, 50.78181162274624 ], [ 1.965057433262281, 50.781680259067222 ], [ 1.965055858934592, 50.781551034104332 ], [ 1.965083890425603, 50.781427438966105 ] ] ] } },
{ "type": "Feature", "properties": { "fid": 94, "usra_id": 562830, "usra_id_st": "500633_1", "tgh_id": 500633, "usra_index": 1, "toponyme": "HEM", "longueur": 296.91, "zamont": 102.40000152587902, "zaval": 99.757896222566401, "agri3w_v": 0.0, "agri3w": "faible", "agribv_v": 44.05, "agribv": "fort", "alluvial": "non", "beton": "absence", "canaux": "absence", "carriere": "absence", "chenal_v": 8.15, "chenal": "faible", "conf": "absence", "conso": 1118.734426493035, "consom1": "faible", "consom2": "faible", "curage": "absence", "dobs1_v": 0.71, "dobs1": "fort", "dobs2_v": 7.3, "dobs2": "fort", "eclu": "absence", "etiage": "fort", "haies_v": 5.1592160602602384, "haies": "fort", "imper_v": 7.08, "imper": "faible", "intercep_v": 0.0, "intercepte": "faible", "montagne": "dessous", "navigable": "non", "obsmax1_v": 3.0, "obsmax1": "moyen", "obsmax2_v": 0.4, "obsmax2": "faible", "orp": "absence", "orp_amont": "absence", "orp_autour": "absence", "orp_aval": "absence", "orp_proche": "absence", "pente2c": "faible", "pente3c": "moyen", "pistes": "absence", "rang": "petit", "rectitud_v": 66.67, "rectitude": "fort", "ret_us": "autre", "ret_vol1_v": 0.0, "ret_vol1": "faible", "ret_vol2_v": 0.0, "ret_vol2": "faible", "sensisol_v": 21.5469, "sensisol": "moyen", "tcc": "absence", "txamg_v": 86.99, "txamg": "tres_fort", "txetg1_v": 18.42, "txetg1": "moyen", "txetg2_v": 18.83, "txetg2": "moyen", "txetg3_v": 41.64, "txetg3": "fort", "txetg4_v": null, "txetg4": "faible", "txetg5_v": null, "txetg5": "faible", "veget10_v": 10.927945448727383, "veget10": "tres_faible", "veget30_v": 6.4140812088124042, "veget30": "tres_faible", "veget60_v": 6.7693293884594876, "veget60": "tres_faible", "hyd_dyn1": 1.0, "hyd_dyn2": 0.0, "hyd_dyn3": 0.0, "hyd_dyn4": 0.0, "hyd_dyn5": 0.0, "hyd_dyn": 1.0, "hyd_dyn_cl": "tres_faible", "av_hyd_dyn": "-", "hyd_qte1": 1.0, "hyd_qte2": 0.0, "hyd_qte3": 0.0, "hyd_qte4": 0.0, "hyd_qte5": 0.0, "hyd_qte": 1.0, "hyd_qte_cl": "tres_faible", "av_hyd_qte": "-", "hyd_mes1": 1.0, "hyd_mes2": 0.0, "hyd_mes3": 0.0, "hyd_mes4": 0.0, "hyd_mes5": 0.0, "hyd_mes": 1.0, "hyd_mes_cl": "tres_faible", "av_hyd_mes": "-", "con_amp1": 0.0, "con_amp2": 0.0, "con_amp3": 0.0, "con_amp4": 0.4, "con_amp5": 0.6, "con_amp": 5.0, "con_amp_cl": "tres_fort", "av_con_amp": "-", "con_pro1": 0.0, "con_pro2": 0.0, "con_pro3": 0.5, "con_pro4": 0.5, "con_pro5": 0.0, "con_pro": 4.0, "con_pro_cl": "fort", "av_con_pro": "D", "con_lat1": 0.0, "con_lat2": 0.0, "con_lat3": 0.154, "con_lat4": 0.716, "con_lat5": 0.13, "con_lat": 4.0, "con_lat_cl": "fort", "av_con_lat": "-", "con_sed1": 1.0, "con_sed2": 0.0, "con_sed3": 0.0, "con_sed4": 0.0, "con_sed5": 0.0, "con_sed": 1.0, "con_sed_cl": "tres_faible", "av_con_sed": "-", "mor_pll1": 0.0, "mor_pll2": 0.0, "mor_pll3": 0.0, "mor_pll4": 0.059, "mor_pll5": 0.941, "mor_pll": 5.0, "mor_pll_cl": "tres_fort", "av_mor_pll": "-", "mor_riv1": 0.0, "mor_riv2": 0.0, "mor_riv3": 0.0, "mor_riv4": 0.08, "mor_riv5": 0.92, "mor_riv": 5.0, "mor_riv_cl": "tres_fort", "av_mor_riv": "-", "mor_ssl1": 0.0, "mor_ssl2": 0.0, "mor_ssl3": 0.0, "mor_ssl4": 0.245, "mor_ssl5": 0.755, "mor_ssl": 5.0, "mor_ssl_cl": "tres_fort", "av_mor_ssl": "-", "av_aggrave": null, "av_attenue": null, "lbbh": "Artois-Picardie", "cdbh": "01", "Score_100": 53.2, "mor_rip": 5 }, "geometry": { "type": "MultiLineString", "coordinates": [ [ [ 1.994534588424969, 50.738779919072918 ], [ 1.994463047016913, 50.738821516811548 ], [ 1.994414758211579, 50.738831894874323 ], [ 1.99438769595594, 50.738841547110574 ], [ 1.9943522403042, 50.738846644711515 ], [ 1.994197269273428, 50.738958459310297 ], [ 1.994189857526011, 50.738975449210706 ], [ 1.994159499030807, 50.739008406072479 ], [ 1.994146251507311, 50.739034322379467 ], [ 1.994146764822887, 50.73907919445012 ], [ 1.994104014016434, 50.739306777851702 ], [ 1.99414421605366, 50.739417477874269 ], [ 1.99415310482937, 50.739467801770267 ], [ 1.994136164748947, 50.739536761384556 ], [ 1.994110921195391, 50.739596680288599 ], [ 1.994092909334357, 50.739648581425513 ], [ 1.994101942202895, 50.739691727611998 ], [ 1.994102383433821, 50.739740188485825 ], [ 1.994075887927087, 50.739792021027895 ], [ 1.993980244538562, 50.739907006895912 ], [ 1.993902703005025, 50.739965605535218 ], [ 1.993792172247575, 50.740047268648688 ], [ 1.993760272768225, 50.740086494405645 ], [ 1.993742260367897, 50.740138395453386 ], [ 1.993743646689524, 50.740210195221536 ], [ 1.993737737448338, 50.740363595450027 ], [ 1.993743257498936, 50.740440812761818 ], [ 1.993743887006138, 50.740550295349166 ], [ 1.993747875421275, 50.740703775538286 ], [ 1.993743245537762, 50.740793473716728 ], [ 1.993725889983378, 50.740883068973893 ], [ 1.993686117510135, 50.741032605773512 ], [ 1.993635427710427, 50.741247251338621 ] ] ] } },
{ "type": "Feature", "properties": { "fid": 95, "usra_id": 562835, "usra_id_st": "500633_2", "tgh_id": 500633, "usra_index": 2, "toponyme": "HEM", "longueur": 296.91, "zamont": 99.757896222566401, "zaval": 97.115790919253797, "agri3w_v": 0.0, "agri3w": "faible", "agribv_v": 44.05, "agribv": "fort", "alluvial": "non", "beton": "absence", "canaux": "absence", "carriere": "absence", "chenal_v": 5.15, "chenal": "faible", "conf": "absence", "conso": 1118.734426493035, "consom1": "faible", "consom2": "faible", "curage": "absence", "dobs1_v": 0.64, "dobs1": "fort", "dobs2_v": 6.25, "dobs2": "fort", "eclu": "absence", "etiage": "fort", "haies_v": 5.1592160602602384, "haies": "fort", "imper_v": 7.08, "imper": "faible", "intercep_v": 0.0, "intercepte": "faible", "montagne": "dessous", "navigable": "non", "obsmax1_v": 3.0, "obsmax1": "moyen", "obsmax2_v": 0.4, "obsmax2": "faible", "orp": "absence", "orp_amont": "absence", "orp_autour": "absence", "orp_aval": "absence", "orp_proche": "absence", "pente2c": "faible", "pente3c": "moyen", "pistes": "absence", "rang": "petit", "rectitud_v": 100.0, "rectitude": "fort", "ret_us": "autre", "ret_vol1_v": 0.0, "ret_vol1": "faible", "ret_vol2_v": 0.0, "ret_vol2": "faible", "sensisol_v": 21.5469, "sensisol": "moyen", "tcc": "absence", "txamg_v": 9.22, "txamg": "faible", "txetg1_v": 17.89, "txetg1": "moyen", "txetg2_v": 16.14, "txetg2": "moyen", "txetg3_v": 13.9, "txetg3": "moyen", "txetg4_v": null, "txetg4": "faible", "txetg5_v": null, "txetg5": "faible", "veget10_v": 80.71035491998893, "veget10": "fort", "veget30_v": 62.924332270254141, "veget30": "moyen", "veget60_v": 41.979068350612643, "veget60": "moyen", "hyd_dyn1": 1.0, "hyd_dyn2": 0.0, "hyd_dyn3": 0.0, "hyd_dyn4": 0.0, "hyd_dyn5": 0.0, "hyd_dyn": 1.0, "hyd_dyn_cl": "tres_faible", "av_hyd_dyn": "-", "hyd_qte1": 1.0, "hyd_qte2": 0.0, "hyd_qte3": 0.0, "hyd_qte4": 0.0, "hyd_qte5": 0.0, "hyd_qte": 1.0, "hyd_qte_cl": "tres_faible", "av_hyd_qte": "-", "hyd_mes1": 1.0, "hyd_mes2": 0.0, "hyd_mes3": 0.0, "hyd_mes4": 0.0, "hyd_mes5": 0.0, "hyd_mes": 1.0, "hyd_mes_cl": "tres_faible", "av_hyd_mes": "-", "con_amp1": 0.0, "con_amp2": 0.0, "con_amp3": 0.0, "con_amp4": 0.4, "con_amp5": 0.6, "con_amp": 5.0, "con_amp_cl": "tres_fort", "av_con_amp": "-", "con_pro1": 0.0, "con_pro2": 0.0, "con_pro3": 0.5, "con_pro4": 0.5, "con_pro5": 0.0, "con_pro": 4.0, "con_pro_cl": "fort", "av_con_pro": "D", "con_lat1": 0.35, "con_lat2": 0.0, "con_lat3": 0.65, "con_lat4": 0.0, "con_lat5": 0.0, "con_lat": 3.0, "con_lat_cl": "moyen", "av_con_lat": "-", "con_sed1": 1.0, "con_sed2": 0.0, "con_sed3": 0.0, "con_sed4": 0.0, "con_sed5": 0.0, "con_sed": 1.0, "con_sed_cl": "tres_faible", "av_con_sed": "-", "mor_pll1": 0.0, "mor_pll2": 0.0, "mor_pll3": 0.232, "mor_pll4": 0.654, "mor_pll5": 0.114, "mor_pll": 4.0, "mor_pll_cl": "fort", "av_mor_pll": "-", "mor_riv1": 0.15, "mor_riv2": 0.13, "mor_riv3": 0.67, "mor_riv4": 0.05, "mor_riv5": 0.0, "mor_riv": 3.0, "mor_riv_cl": "moyen", "av_mor_riv": "-", "mor_ssl1": 0.0, "mor_ssl2": 0.0, "mor_ssl3": 0.069, "mor_ssl4": 0.358, "mor_ssl5": 0.573, "mor_ssl": 5.0, "mor_ssl_cl": "tres_fort", "av_mor_ssl": "-", "av_aggrave": null, "av_attenue": null, "lbbh": "Artois-Picardie", "cdbh": "01", "Score_100": 23.5, "mor_rip": 1 }, "geometry": { "type": "MultiLineString", "coordinates": [ [ [ 1.993635427710427, 50.741247251338621 ], [ 1.993605742821377, 50.741372950876119 ], [ 1.993601166689142, 50.741459957330115 ], [ 1.993591385188032, 50.741524487794479 ], [ 1.993586322400318, 50.741635718877973 ], [ 1.993581529934757, 50.741733491806073 ], [ 1.993563939462445, 50.741834750630069 ], [ 1.993540981334316, 50.741921608348868 ], [ 1.993460409906702, 50.74199005295749 ], [ 1.993421240675964, 50.742039090620693 ], [ 1.993311379410123, 50.742157550038911 ], [ 1.993195204884444, 50.742238269386689 ], [ 1.992917747354595, 50.74253304842361 ], [ 1.992810289867657, 50.742602172325512 ], [ 1.992666500729822, 50.742649465540879 ], [ 1.992577803684459, 50.742699896671006 ], [ 1.99244195681785, 50.742774174531263 ], [ 1.992304154144334, 50.742875357006149 ], [ 1.992265819605937, 50.742953116323761 ], [ 1.992192260740528, 50.743024308880642 ], [ 1.992138534095926, 50.743093867307408 ], [ 1.992152824922596, 50.743156797773729 ], [ 1.992159504180196, 50.743246587177929 ], [ 1.992136964282926, 50.743382802272819 ], [ 1.992116253445316, 50.743498393039019 ], [ 1.992062618536337, 50.743572753065152 ] ] ] } },
{ "type": "Feature", "properties": { "fid": 96, "usra_id": 562837, "usra_id_st": "500633_3", "tgh_id": 500633, "usra_index": 3, "toponyme": "HEM", "longueur": 296.91, "zamont": 97.115790919253797, "zaval": 94.473685615941207, "agri3w_v": 0.0, "agri3w": "faible", "agribv_v": 44.05, "agribv": "fort", "alluvial": "non", "beton": "absence", "canaux": "absence", "carriere": "absence", "chenal_v": null, "chenal": "faible", "conf": "absence", "conso": 1118.734426493035, "consom1": "faible", "consom2": "faible", "curage": "absence", "dobs1_v": 0.6, "dobs1": "fort", "dobs2_v": 6.32, "dobs2": "fort", "eclu": "absence", "etiage": "fort", "haies_v": 5.1592160602602384, "haies": "fort", "imper_v": 7.08, "imper": "faible", "intercep_v": 0.0, "intercepte": "faible", "montagne": "dessous", "navigable": "non", "obsmax1_v": 3.0, "obsmax1": "moyen", "obsmax2_v": 0.4, "obsmax2": "faible", "orp": "absence", "orp_amont": "absence", "orp_autour": "absence", "orp_aval": "absence", "orp_proche": "absence", "pente2c": "faible", "pente3c": "moyen", "pistes": "absence", "rang": "petit", "rectitud_v": 33.33, "rectitude": "moyen", "ret_us": "autre", "ret_vol1_v": 0.0, "ret_vol1": "faible", "ret_vol2_v": 0.0, "ret_vol2": "faible", "sensisol_v": 21.5469, "sensisol": "moyen", "tcc": "absence", "txamg_v": 27.04, "txamg": "fort", "txetg1_v": 17.98, "txetg1": "moyen", "txetg2_v": 17.43, "txetg2": "moyen", "txetg3_v": 18.25, "txetg3": "moyen", "txetg4_v": null, "txetg4": "faible", "txetg5_v": null, "txetg5": "faible", "veget10_v": 87.862282451350069, "veget10": "fort", "veget30_v": 74.039511784248617, "veget30": "moyen", "veget60_v": 54.833976341657539, "veget60": "moyen", "hyd_dyn1": 1.0, "hyd_dyn2": 0.0, "hyd_dyn3": 0.0, "hyd_dyn4": 0.0, "hyd_dyn5": 0.0, "hyd_dyn": 1.0, "hyd_dyn_cl": "tres_faible", "av_hyd_dyn": "-", "hyd_qte1": 1.0, "hyd_qte2": 0.0, "hyd_qte3": 0.0, "hyd_qte4": 0.0, "hyd_qte5": 0.0, "hyd_qte": 1.0, "hyd_qte_cl": "tres_faible", "av_hyd_qte": "-", "hyd_mes1": 1.0, "hyd_mes2": 0.0, "hyd_mes3": 0.0, "hyd_mes4": 0.0, "hyd_mes5": 0.0, "hyd_mes": 1.0, "hyd_mes_cl": "tres_faible", "av_hyd_mes": "-", "con_amp1": 0.0, "con_amp2": 0.0, "con_amp3": 0.0, "con_amp4": 0.4, "con_amp5": 0.6, "con_amp": 5.0, "con_amp_cl": "tres_fort", "av_con_amp": "-", "con_pro1": 0.0, "con_pro2": 0.0, "con_pro3": 0.5, "con_pro4": 0.5, "con_pro5": 0.0, "con_pro": 4.0, "con_pro_cl": "fort", "av_con_pro": "D", "con_lat1": 0.13, "con_lat2": 0.0, "con_lat3": 0.772, "con_lat4": 0.098, "con_lat5": 0.0, "con_lat": 3.0, "con_lat_cl": "moyen", "av_con_lat": "-", "con_sed1": 1.0, "con_sed2": 0.0, "con_sed3": 0.0, "con_sed4": 0.0, "con_sed5": 0.0, "con_sed": 1.0, "con_sed_cl": "tres_faible", "av_con_sed": "-", "mor_pll1": 0.0, "mor_pll2": 0.0, "mor_pll3": 0.251, "mor_pll4": 0.505, "mor_pll5": 0.244, "mor_pll": 4.0, "mor_pll_cl": "fort", "av_mor_pll": "-", "mor_riv1": 0.09, "mor_riv2": 0.138, "mor_riv3": 0.717, "mor_riv4": 0.055, "mor_riv5": 0.0, "mor_riv": 3.0, "mor_riv_cl": "moyen", "av_mor_riv": "-", "mor_ssl1": 0.0, "mor_ssl2": 0.0, "mor_ssl3": 0.231, "mor_ssl4": 0.524, "mor_ssl5": 0.245, "mor_ssl": 4.0, "mor_ssl_cl": "fort", "av_mor_ssl": "-", "av_aggrave": null, "av_attenue": null, "lbbh": "Artois-Picardie", "cdbh": "01", "Score_100": 26.9, "mor_rip": 1 }, "geometry": { "type": "MultiLineString", "coordinates": [ [ [ 1.992062618536337, 50.743572753065152 ], [ 1.992049330526247, 50.74359117566911 ], [ 1.991965162151255, 50.743627285349959 ], [ 1.991815279786765, 50.743696064640346 ], [ 1.991703269182244, 50.743780405599956 ], [ 1.991584404688398, 50.74385392268357 ], [ 1.991489325787413, 50.743940195345111 ], [ 1.991431463410577, 50.744004335756607 ], [ 1.991282175330079, 50.744043506579509 ], [ 1.991063996019384, 50.744062376952655 ], [ 1.991003101489816, 50.744066369988325 ], [ 1.990968242669725, 50.744111852299156 ], [ 1.990951007500098, 50.744195166282019 ], [ 1.990932213645739, 50.744285646428061 ], [ 1.990890898768504, 50.744300566394067 ], [ 1.990778537569748, 50.744331959873442 ], [ 1.990691791975214, 50.744355484845023 ], [ 1.99067669336185, 50.744402922026254 ], [ 1.990629017073676, 50.744452787022425 ], [ 1.990550394008563, 50.744494324806944 ], [ 1.990485965690671, 50.744533285636926 ], [ 1.990397118467176, 50.744590892707393 ], [ 1.990271816282046, 50.744702942358067 ], [ 1.990184693473534, 50.744815301682763 ], [ 1.990137869717618, 50.744892991268983 ], [ 1.98995850879919, 50.745090747557434 ], [ 1.989852259808388, 50.745239742737155 ], [ 1.989773547276438, 50.745355759367129 ], [ 1.989690281753355, 50.74541700059234 ], [ 1.989587565197684, 50.745531027501521 ], [ 1.989575541676079, 50.745530480726266 ] ] ] } },
{ "type": "Feature", "properties": { "fid": 97, "usra_id": 562842, "usra_id_st": "500633_4", "tgh_id": 500633, "usra_index": 4, "toponyme": "HEM", "longueur": 296.91, "zamont": 94.473685615941207, "zaval": 91.831580312628589, "agri3w_v": 0.0, "agri3w": "faible", "agribv_v": 44.05, "agribv": "fort", "alluvial": "non", "beton": "absence", "canaux": "absence", "carriere": "absence", "chenal_v": null, "chenal": "faible", "conf": "absence", "conso": 1118.734426493035, "consom1": "faible", "consom2": "faible", "curage": "absence", "dobs1_v": 0.57, "dobs1": "fort", "dobs2_v": 5.99, "dobs2": "fort", "eclu": "absence", "etiage": "fort", "haies_v": 5.1592160602602384, "haies": "fort", "imper_v": 7.08, "imper": "faible", "intercep_v": 0.0, "intercepte": "faible", "montagne": "dessous", "navigable": "non", "obsmax1_v": 3.0, "obsmax1": "moyen", "obsmax2_v": 0.4, "obsmax2": "faible", "orp": "absence", "orp_amont": "absence", "orp_autour": "absence", "orp_aval": "absence", "orp_proche": "absence", "pente2c": "faible", "pente3c": "moyen", "pistes": "absence", "rang": "petit", "rectitud_v": 33.33, "rectitude": "moyen", "ret_us": "autre", "ret_vol1_v": 0.0, "ret_vol1": "faible", "ret_vol2_v": 0.0, "ret_vol2": "faible", "sensisol_v": 21.5469, "sensisol": "moyen", "tcc": "absence", "txamg_v": 0.0, "txamg": "faible", "txetg1_v": 17.97, "txetg1": "moyen", "txetg2_v": 16.34, "txetg2": "moyen", "txetg3_v": 25.69, "txetg3": "moyen", "txetg4_v": null, "txetg4": "faible", "txetg5_v": null, "txetg5": "faible", "veget10_v": 77.530288043184242, "veget10": "moyen", "veget30_v": 69.807819735317892, "veget30": "moyen", "veget60_v": 63.896575979484751, "veget60": "moyen", "hyd_dyn1": 1.0, "hyd_dyn2": 0.0, "hyd_dyn3": 0.0, "hyd_dyn4": 0.0, "hyd_dyn5": 0.0, "hyd_dyn": 1.0, "hyd_dyn_cl": "tres_faible", "av_hyd_dyn": "-", "hyd_qte1": 1.0, "hyd_qte2": 0.0, "hyd_qte3": 0.0, "hyd_qte4": 0.0, "hyd_qte5": 0.0, "hyd_qte": 1.0, "hyd_qte_cl": "tres_faible", "av_hyd_qte": "-", "hyd_mes1": 1.0, "hyd_mes2": 0.0, "hyd_mes3": 0.0, "hyd_mes4": 0.0, "hyd_mes5": 0.0, "hyd_mes": 1.0, "hyd_mes_cl": "tres_faible", "av_hyd_mes": "-", "con_amp1": 0.0, "con_amp2": 0.0, "con_amp3": 0.0, "con_amp4": 0.4, "con_amp5": 0.6, "con_amp": 5.0, "con_amp_cl": "tres_fort", "av_con_amp": "-", "con_pro1": 0.0, "con_pro2": 0.0, "con_pro3": 0.5, "con_pro4": 0.5, "con_pro5": 0.0, "con_pro": 4.0, "con_pro_cl": "fort", "av_con_pro": "D", "con_lat1": 0.65, "con_lat2": 0.0, "con_lat3": 0.35, "con_lat4": 0.0, "con_lat5": 0.0, "con_lat": 1.0, "con_lat_cl": "tres_faible", "av_con_lat": "-", "con_sed1": 1.0, "con_sed2": 0.0, "con_sed3": 0.0, "con_sed4": 0.0, "con_sed5": 0.0, "con_sed": 1.0, "con_sed_cl": "tres_faible", "av_con_sed": "-", "mor_pll1": 0.13, "mor_pll2": 0.0, "mor_pll3": 0.596, "mor_pll4": 0.256, "mor_pll5": 0.018, "mor_pll": 3.0, "mor_pll_cl": "moyen", "av_mor_pll": "-", "mor_riv1": 0.12, "mor_riv2": 0.112, "mor_riv3": 0.688, "mor_riv4": 0.08, "mor_riv5": 0.0, "mor_riv": 3.0, "mor_riv_cl": "moyen", "av_mor_riv": "-", "mor_ssl1": 0.0, "mor_ssl2": 0.0, "mor_ssl3": 0.231, "mor_ssl4": 0.524, "mor_ssl5": 0.245, "mor_ssl": 4.0, "mor_ssl_cl": "fort", "av_mor_ssl": "-", "av_aggrave": null, "av_attenue": null, "lbbh": "Artois-Picardie", "cdbh": "01", "Score_100": 21.1, "mor_rip": 3 }, "geometry": { "type": "MultiLineString", "coordinates": [ [ [ 1.989575541676079, 50.745530480726266 ], [ 1.989515500807278, 50.745527750322175 ], [ 1.989394793888376, 50.745481902627908 ], [ 1.989233768610267, 50.745471621366967 ], [ 1.989055176844247, 50.745490809761378 ], [ 1.988886157627382, 50.745526227983738 ], [ 1.988688131842785, 50.745597304274035 ], [ 1.988567844518313, 50.745670806782762 ], [ 1.988481711502245, 50.745663825263293 ], [ 1.988321138791472, 50.745631112747773 ], [ 1.988139989745111, 50.74563681878719 ], [ 1.987924159234128, 50.745679033883285 ], [ 1.987736574036504, 50.745723273058623 ], [ 1.987517134897133, 50.745804044157296 ], [ 1.987553393538341, 50.745899458262954 ], [ 1.987641829135819, 50.746002475602154 ], [ 1.987709126001806, 50.746101731514841 ], [ 1.987746708688958, 50.746201643034851 ], [ 1.987781173243854, 50.746315886757635 ], [ 1.987821439445626, 50.746422998841616 ], [ 1.987877170501192, 50.746534723413326 ], [ 1.987929438852862, 50.74660783376995 ], [ 1.987956470632722, 50.746669970682731 ], [ 1.987987110482147, 50.746763544134538 ], [ 1.988036659721012, 50.746831248213539 ], [ 1.988068967679534, 50.746912272303547 ], [ 1.988106445405872, 50.746987605231865 ] ] ] } },
{ "type": "Feature", "properties": { "fid": 98, "usra_id": 562843, "usra_id_st": "500633_5", "tgh_id": 500633, "usra_index": 5, "toponyme": "HEM", "longueur": 296.91, "zamont": 91.831580312628589, "zaval": 89.189475009315984, "agri3w_v": 0.0, "agri3w": "faible", "agribv_v": 44.05, "agribv": "fort", "alluvial": "oui", "beton": "absence", "canaux": "absence", "carriere": "absence", "chenal_v": 28.29, "chenal": "moyen", "conf": "absence", "conso": 1118.734426493035, "consom1": "faible", "consom2": "faible", "curage": "absence", "dobs1_v": 0.53, "dobs1": "fort", "dobs2_v": 5.73, "dobs2": "fort", "eclu": "absence", "etiage": "fort", "haies_v": 5.1592160602602384, "haies": "fort", "imper_v": 7.08, "imper": "faible", "intercep_v": 0.0, "intercepte": "faible", "montagne": "dessous", "navigable": "non", "obsmax1_v": 3.0, "obsmax1": "moyen", "obsmax2_v": 0.4, "obsmax2": "faible", "orp": "absence", "orp_amont": "absence", "orp_autour": "absence", "orp_aval": "absence", "orp_proche": "absence", "pente2c": "faible", "pente3c": "moyen", "pistes": "absence", "rang": "petit", "rectitud_v": 66.67, "rectitude": "fort", "ret_us": "autre", "ret_vol1_v": 0.0, "ret_vol1": "faible", "ret_vol2_v": 0.0, "ret_vol2": "faible", "sensisol_v": 21.5469, "sensisol": "moyen", "tcc": "absence", "txamg_v": 30.07, "txamg": "fort", "txetg1_v": 17.79, "txetg1": "moyen", "txetg2_v": 15.46, "txetg2": "moyen", "txetg3_v": 9.53, "txetg3": "faible", "txetg4_v": null, "txetg4": "faible", "txetg5_v": null, "txetg5": "faible", "veget10_v": 41.677598412859183, "veget10": "moyen", "veget30_v": 29.882782025509968, "veget30": "faible", "veget60_v": 27.444032123021849, "veget60": "faible", "hyd_dyn1": 1.0, "hyd_dyn2": 0.0, "hyd_dyn3": 0.0, "hyd_dyn4": 0.0, "hyd_dyn5": 0.0, "hyd_dyn": 1.0, "hyd_dyn_cl": "tres_faible", "av_hyd_dyn": "-", "hyd_qte1": 1.0, "hyd_qte2": 0.0, "hyd_qte3": 0.0, "hyd_qte4": 0.0, "hyd_qte5": 0.0, "hyd_qte": 1.0, "hyd_qte_cl": "tres_faible", "av_hyd_qte": "-", "hyd_mes1": 0.0, "hyd_mes2": 0.0, "hyd_mes3": 0.609, "hyd_mes4": 0.352, "hyd_mes5": 0.039, "hyd_mes": 3.0, "hyd_mes_cl": "moyen", "av_hyd_mes": "-", "con_amp1": 0.0, "con_amp2": 0.0, "con_amp3": 0.0, "con_amp4": 0.4, "con_amp5": 0.6, "con_amp": 5.0, "con_amp_cl": "tres_fort", "av_con_amp": "-", "con_pro1": 0.0, "con_pro2": 0.0, "con_pro3": 0.5, "con_pro4": 0.5, "con_pro5": 0.0, "con_pro": 4.0, "con_pro_cl": "fort", "av_con_pro": "D", "con_lat1": 0.0, "con_lat2": 0.0, "con_lat3": 0.319, "con_lat4": 0.486, "con_lat5": 0.195, "con_lat": 4.0, "con_lat_cl": "fort", "av_con_lat": "-", "con_sed1": 1.0, "con_sed2": 0.0, "con_sed3": 0.0, "con_sed4": 0.0, "con_sed5": 0.0, "con_sed": 1.0, "con_sed_cl": "tres_faible", "av_con_sed": "-", "mor_pll1": 0.0, "mor_pll2": 0.0, "mor_pll3": 0.037, "mor_pll4": 0.266, "mor_pll5": 0.697, "mor_pll": 5.0, "mor_pll_cl": "tres_fort", "av_mor_pll": "-", "mor_riv1": 0.0, "mor_riv2": 0.0, "mor_riv3": 0.42, "mor_riv4": 0.36, "mor_riv5": 0.22, "mor_riv": 3.0, "mor_riv_cl": "moyen", "av_mor_riv": "-", "mor_ssl1": 0.0, "mor_ssl2": 0.0, "mor_ssl3": 0.129, "mor_ssl4": 0.458, "mor_ssl5": 0.414, "mor_ssl": 4.0, "mor_ssl_cl": "fort", "av_mor_ssl": "D", "av_aggrave": null, "av_attenue": null, "lbbh": "Artois-Picardie", "cdbh": "01", "Score_100": 31.6, "mor_rip": 3 }, "geometry": { "type": "MultiLineString", "coordinates": [ [ [ 1.988106445405872, 50.746987605231865 ], [ 1.988111102180508, 50.746996965666945 ], [ 1.988171819921898, 50.747071939261026 ], [ 1.988207699496374, 50.747116201039567 ], [ 1.988161366038736, 50.747869596526641 ], [ 1.988204933782486, 50.747953404033176 ], [ 1.988324068331797, 50.748007316012831 ], [ 1.988389229407828, 50.748072454675984 ], [ 1.988422663019864, 50.748167845210936 ], [ 1.988463457474339, 50.74824893800151 ], [ 1.988509365257698, 50.748356992725 ], [ 1.988495659427983, 50.748405338047199 ], [ 1.988438894238062, 50.74848474051425 ], [ 1.988391121245959, 50.74853909034065 ], [ 1.988369075135747, 50.748580189073586 ], [ 1.988381495648285, 50.748665537929256 ], [ 1.988414947759442, 50.748760031181803 ], [ 1.9884522620876, 50.748873400066834 ], [ 1.988474509664656, 50.748962418128428 ], [ 1.988463959170452, 50.74906462979164 ], [ 1.988440335636955, 50.749113791795601 ], [ 1.988402787537141, 50.749152072465442 ], [ 1.988376824721644, 50.749176987108982 ], [ 1.988301402108478, 50.749269697955683 ], [ 1.988259103802718, 50.749333065630601 ], [ 1.988212345325443, 50.74940716516943 ], [ 1.988187125957573, 50.749465287581295 ], [ 1.988184613719529, 50.7495060046923 ] ] ] } },
{ "type": "Feature", "properties": { "fid": 99, "usra_id": 562845, "usra_id_st": "500633_6", "tgh_id": 500633, "usra_index": 6, "toponyme": "HEM", "longueur": 296.91, "zamont": 89.189475009315984, "zaval": 86.547369706003366, "agri3w_v": 0.0, "agri3w": "faible", "agribv_v": 44.05, "agribv": "fort", "alluvial": "oui", "beton": "absence", "canaux": "absence", "carriere": "absence", "chenal_v": null, "chenal": "faible", "conf": "absence", "conso": 1118.734426493035, "consom1": "faible", "consom2": "faible", "curage": "absence", "dobs1_v": 0.52, "dobs1": "fort", "dobs2_v": 5.21, "dobs2": "fort", "eclu": "absence", "etiage": "fort", "haies_v": 5.1592160602602384, "haies": "fort", "imper_v": 7.08, "imper": "faible", "intercep_v": 0.0, "intercepte": "faible", "montagne": "dessous", "navigable": "non", "obsmax1_v": 3.0, "obsmax1": "moyen", "obsmax2_v": 0.4, "obsmax2": "faible", "orp": "absence", "orp_amont": "absence", "orp_autour": "absence", "orp_aval": "absence", "orp_proche": "absence", "pente2c": "faible", "pente3c": "moyen", "pistes": "absence", "rang": "petit", "rectitud_v": 33.33, "rectitude": "moyen", "ret_us": "autre", "ret_vol1_v": 0.0, "ret_vol1": "faible", "ret_vol2_v": 0.0, "ret_vol2": "faible", "sensisol_v": 21.5469, "sensisol": "moyen", "tcc": "absence", "txamg_v": 0.0, "txamg": "faible", "txetg1_v": 17.99, "txetg1": "moyen", "txetg2_v": 14.05, "txetg2": "moyen", "txetg3_v": 3.95, "txetg3": "faible", "txetg4_v": null, "txetg4": "faible", "txetg5_v": null, "txetg5": "faible", "veget10_v": 90.728507403807541, "veget10": "fort", "veget30_v": 65.538800038357181, "veget30": "moyen", "veget60_v": 43.054257314170123, "veget60": "moyen", "hyd_dyn1": 1.0, "hyd_dyn2": 0.0, "hyd_dyn3": 0.0, "hyd_dyn4": 0.0, "hyd_dyn5": 0.0, "hyd_dyn": 1.0, "hyd_dyn_cl": "tres_faible", "av_hyd_dyn": "-", "hyd_qte1": 1.0, "hyd_qte2": 0.0, "hyd_qte3": 0.0, "hyd_qte4": 0.0, "hyd_qte5": 0.0, "hyd_qte": 1.0, "hyd_qte_cl": "tres_faible", "av_hyd_qte": "-", "hyd_mes1": 0.0, "hyd_mes2": 0.21, "hyd_mes3": 0.699, "hyd_mes4": 0.091, "hyd_mes5": 0.0, "hyd_mes": 3.0, "hyd_mes_cl": "moyen", "av_hyd_mes": "-", "con_amp1": 0.0, "con_amp2": 0.0, "con_amp3": 0.0, "con_amp4": 0.4, "con_amp5": 0.6, "con_amp": 5.0, "con_amp_cl": "tres_fort", "av_con_amp": "-", "con_pro1": 0.0, "con_pro2": 0.0, "con_pro3": 0.5, "con_pro4": 0.5, "con_pro5": 0.0, "con_pro": 4.0, "con_pro_cl": "fort", "av_con_pro": "D", "con_lat1": 0.3, "con_lat2": 0.0, "con_lat3": 0.7, "con_lat4": 0.0, "con_lat5": 0.0, "con_lat": 3.0, "con_lat_cl": "moyen", "av_con_lat": "-", "con_sed1": 1.0, "con_sed2": 0.0, "con_sed3": 0.0, "con_sed4": 0.0, "con_sed5": 0.0, "con_sed": 1.0, "con_sed_cl": "tres_faible", "av_con_sed": "-", "mor_pll1": 0.15, "mor_pll2": 0.0, "mor_pll3": 0.728, "mor_pll4": 0.122, "mor_pll5": 0.0, "mor_pll": 3.0, "mor_pll_cl": "moyen", "av_mor_pll": "-", "mor_riv1": 0.45, "mor_riv2": 0.09, "mor_riv3": 0.435, "mor_riv4": 0.025, "mor_riv5": 0.0, "mor_riv": 1.0, "mor_riv_cl": "tres_faible", "av_mor_riv": "C", "mor_ssl1": 0.0, "mor_ssl2": 0.0, "mor_ssl3": 0.44, "mor_ssl4": 0.477, "mor_ssl5": 0.083, "mor_ssl": 4.0, "mor_ssl_cl": "fort", "av_mor_ssl": "D", "av_aggrave": null, "av_attenue": null, "lbbh": "Artois-Picardie", "cdbh": "01", "Score_100": 15.8, "mor_rip": 1 }, "geometry": { "type": "MultiLineString", "coordinates": [ [ [ 1.988184613719529, 50.7495060046923 ], [ 1.988180817387408, 50.749567533634156 ], [ 1.98817577737646, 50.749606975839434 ], [ 1.988216300075541, 50.749631533590517 ], [ 1.988310979482087, 50.749635892633833 ], [ 1.988494427876896, 50.749657125296395 ], [ 1.988573351795322, 50.749671226881972 ], [ 1.988568692511024, 50.749691827948119 ], [ 1.988559047846517, 50.749749179633092 ], [ 1.9885617687548, 50.7498245786974 ], [ 1.988581731982074, 50.749886657706952 ], [ 1.988641148400092, 50.749956236068059 ], [ 1.98873205815917, 50.75000722605872 ], [ 1.988876346237683, 50.75007659652772 ], [ 1.988960875219003, 50.750163428264628 ], [ 1.989024698133933, 50.750224966106387 ], [ 1.989112999544435, 50.750335159299773 ], [ 1.989200321622716, 50.750423808206648 ], [ 1.989236186402741, 50.750468966660648 ], [ 1.989341421044631, 50.750511099052737 ], [ 1.989384592499547, 50.750544651323253 ], [ 1.989416576843507, 50.750571831336529 ], [ 1.989471571527754, 50.750650346743377 ], [ 1.989552113169945, 50.750724582807386 ], [ 1.989656697139974, 50.750799013981108 ], [ 1.989750365566757, 50.750853614908429 ], [ 1.989853373019052, 50.750936109187521 ], [ 1.989942582080782, 50.751001441875999 ], [ 1.989999444571918, 50.751057538578088 ], [ 1.990085717007076, 50.751128231373791 ], [ 1.990200238550995, 50.751200947982504 ], [ 1.990326074460164, 50.751273756261106 ], [ 1.990339909565324, 50.751289123315253 ], [ 1.990414669912712, 50.751369593227274 ], [ 1.990481161929573, 50.751439227912684 ], [ 1.990500202123572, 50.751477070715481 ], [ 1.990485734050195, 50.751493105523544 ], [ 1.990435728534292, 50.751498588847973 ] ] ] } },
{ "type": "Feature", "properties": { "fid": 100, "usra_id": 562849, "usra_id_st": "500633_7", "tgh_id": 500633, "usra_index": 7, "toponyme": "HEM", "longueur": 296.91, "zamont": 86.547369706003366, "zaval": 83.905264402690761, "agri3w_v": 0.0, "agri3w": "faible", "agribv_v": 44.05, "agribv": "fort", "alluvial": "oui", "beton": "absence", "canaux": "absence", "carriere": "absence", "chenal_v": null, "chenal": "faible", "conf": "absence", "conso": 1118.734426493035, "consom1": "faible", "consom2": "faible", "curage": "absence", "dobs1_v": 0.48, "dobs1": "fort", "dobs2_v": 4.29, "dobs2": "fort", "eclu": "absence", "etiage": "fort", "haies_v": 5.1592160602602384, "haies": "fort", "imper_v": 7.08, "imper": "faible", "intercep_v": 0.0, "intercepte": "faible", "montagne": "dessous", "navigable": "non", "obsmax1_v": 3.0, "obsmax1": "moyen", "obsmax2_v": 0.4, "obsmax2": "faible", "orp": "absence", "orp_amont": "absence", "orp_autour": "absence", "orp_aval": "absence", "orp_proche": "absence", "pente2c": "faible", "pente3c": "moyen", "pistes": "absence", "rang": "petit", "rectitud_v": 33.33, "rectitude": "moyen", "ret_us": "autre", "ret_vol1_v": 0.0, "ret_vol1": "faible", "ret_vol2_v": 0.0, "ret_vol2": "faible", "sensisol_v": 21.5469, "sensisol": "moyen", "tcc": "absence", "txamg_v": 0.0, "txamg": "faible", "txetg1_v": 18.35, "txetg1": "moyen", "txetg2_v": 11.13, "txetg2": "moyen", "txetg3_v": null, "txetg3": "faible", "txetg4_v": null, "txetg4": "faible", "txetg5_v": null, "txetg5": "faible", "veget10_v": 62.308938720393385, "veget10": "moyen", "veget30_v": 42.623611039990742, "veget30": "moyen", "veget60_v": 41.306510670176017, "veget60": "moyen", "hyd_dyn1": 1.0, "hyd_dyn2": 0.0, "hyd_dyn3": 0.0, "hyd_dyn4": 0.0, "hyd_dyn5": 0.0, "hyd_dyn": 1.0, "hyd_dyn_cl": "tres_faible", "av_hyd_dyn": "-", "hyd_qte1": 1.0, "hyd_qte2": 0.0, "hyd_qte3": 0.0, "hyd_qte4": 0.0, "hyd_qte5": 0.0, "hyd_qte": 1.0, "hyd_qte_cl": "tres_faible", "av_hyd_qte": "-", "hyd_mes1": 0.0, "hyd_mes2": 0.21, "hyd_mes3": 0.699, "hyd_mes4": 0.091, "hyd_mes5": 0.0, "hyd_mes": 3.0, "hyd_mes_cl": "moyen", "av_hyd_mes": "-", "con_amp1": 0.0, "con_amp2": 0.0, "con_amp3": 0.0, "con_amp4": 0.4, "con_amp5": 0.6, "con_amp": 5.0, "con_amp_cl": "tres_fort", "av_con_amp": "-", "con_pro1": 0.0, "con_pro2": 0.0, "con_pro3": 0.5, "con_pro4": 0.5, "con_pro5": 0.0, "con_pro": 4.0, "con_pro_cl": "fort", "av_con_pro": "D", "con_lat1": 0.3, "con_lat2": 0.0, "con_lat3": 0.7, "con_lat4": 0.0, "con_lat5": 0.0, "con_lat": 3.0, "con_lat_cl": "moyen", "av_con_lat": "-", "con_sed1": 1.0, "con_sed2": 0.0, "con_sed3": 0.0, "con_sed4": 0.0, "con_sed5": 0.0, "con_sed": 1.0, "con_sed_cl": "tres_faible", "av_con_sed": "-", "mor_pll1": 0.15, "mor_pll2": 0.0, "mor_pll3": 0.728, "mor_pll4": 0.122, "mor_pll5": 0.0, "mor_pll": 3.0, "mor_pll_cl": "moyen", "av_mor_pll": "-", "mor_riv1": 0.12, "mor_riv2": 0.112, "mor_riv3": 0.688, "mor_riv4": 0.08, "mor_riv5": 0.0, "mor_riv": 3.0, "mor_riv_cl": "moyen", "av_mor_riv": "-", "mor_ssl1": 0.0, "mor_ssl2": 0.0, "mor_ssl3": 0.44, "mor_ssl4": 0.477, "mor_ssl5": 0.083, "mor_ssl": 4.0, "mor_ssl_cl": "fort", "av_mor_ssl": "D", "av_aggrave": null, "av_attenue": null, "lbbh": "Artois-Picardie", "cdbh": "01", "Score_100": 21.1, "mor_rip": 3 }, "geometry": { "type": "MultiLineString", "coordinates": [ [ [ 1.990435728534292, 50.751498588847973 ], [ 1.990424776192533, 50.751499789817508 ], [ 1.990244893820264, 50.751511790709372 ], [ 1.990077721622467, 50.751524791817992 ], [ 1.989920485352252, 50.751536078653892 ], [ 1.9898238994204, 50.751555933640454 ], [ 1.989795017068865, 50.75158531150791 ], [ 1.989755384370747, 50.751656777182561 ], [ 1.98969872606978, 50.751730796663317 ], [ 1.989602543098694, 50.751870898543615 ], [ 1.989526376627393, 50.752000394733486 ], [ 1.989489716570304, 50.752064705686536 ], [ 1.989498657213782, 50.752112337368594 ], [ 1.989514669268925, 50.752160026457041 ], [ 1.989509449050687, 50.752208440504418 ], [ 1.989575441958063, 50.752513174869577 ], [ 1.989586288323965, 50.7526065863591 ], [ 1.98960154049674, 50.752691957534893 ], [ 1.989592840174951, 50.752772647552796 ], [ 1.989564629228536, 50.752838821726165 ], [ 1.989552156498931, 50.752896150251679 ], [ 1.989562475453277, 50.752945587737351 ], [ 1.989601261461718, 50.752986282910371 ], [ 1.989698142554327, 50.753022065601186 ], [ 1.989783872206178, 50.753049681644676 ], [ 1.989816838403619, 50.753098405566199 ], [ 1.989820212787514, 50.75314150527069 ], [ 1.989816117557818, 50.753204285825383 ], [ 1.989813129019625, 50.753282330131675 ], [ 1.989809452872892, 50.753394467753097 ], [ 1.989811433977787, 50.753506651270101 ], [ 1.989811002631164, 50.753598176384727 ], [ 1.989801394826833, 50.75365373344178 ], [ 1.989800634837654, 50.753691415520258 ], [ 1.989800261597499, 50.75369413855379 ] ] ] } },
{ "type": "Feature", "properties": { "fid": 101, "usra_id": 562851, "usra_id_st": "500633_8", "tgh_id": 500633, "usra_index": 8, "toponyme": "HEM", "longueur": 296.91, "zamont": 83.905264402690761, "zaval": 81.263159099378157, "agri3w_v": 0.0, "agri3w": "faible", "agribv_v": 44.05, "agribv": "fort", "alluvial": "oui", "beton": "absence", "canaux": "absence", "carriere": "absence", "chenal_v": null, "chenal": "faible", "conf": "absence", "conso": 1118.734426493035, "consom1": "faible", "consom2": "faible", "curage": "absence", "dobs1_v": 0.48, "dobs1": "fort", "dobs2_v": 3.67, "dobs2": "fort", "eclu": "absence", "etiage": "fort", "haies_v": 5.1592160602602384, "haies": "fort", "imper_v": 7.08, "imper": "faible", "intercep_v": 0.0, "intercepte": "faible", "montagne": "dessous", "navigable": "non", "obsmax1_v": 3.0, "obsmax1": "moyen", "obsmax2_v": 0.4, "obsmax2": "faible", "orp": "absence", "orp_amont": "absence", "orp_autour": "absence", "orp_aval": "absence", "orp_proche": "absence", "pente2c": "faible", "pente3c": "moyen", "pistes": "absence", "rang": "petit", "rectitud_v": 0.0, "rectitude": "faible", "ret_us": "autre", "ret_vol1_v": 0.0, "ret_vol1": "faible", "ret_vol2_v": 0.0, "ret_vol2": "faible", "sensisol_v": 21.5469, "sensisol": "moyen", "tcc": "absence", "txamg_v": 0.0, "txamg": "faible", "txetg1_v": 18.84, "txetg1": "moyen", "txetg2_v": 9.87, "txetg2": "faible", "txetg3_v": 26.5, "txetg3": "moyen", "txetg4_v": null, "txetg4": "faible", "txetg5_v": null, "txetg5": "faible", "veget10_v": 61.826190043448783, "veget10": "moyen", "veget30_v": 33.811050866224591, "veget30": "faible", "veget60_v": 30.818838349631584, "veget60": "faible", "hyd_dyn1": 1.0, "hyd_dyn2": 0.0, "hyd_dyn3": 0.0, "hyd_dyn4": 0.0, "hyd_dyn5": 0.0, "hyd_dyn": 1.0, "hyd_dyn_cl": "tres_faible", "av_hyd_dyn": "-", "hyd_qte1": 1.0, "hyd_qte2": 0.0, "hyd_qte3": 0.0, "hyd_qte4": 0.0, "hyd_qte5": 0.0, "hyd_qte": 1.0, "hyd_qte_cl": "tres_faible", "av_hyd_qte": "-", "hyd_mes1": 0.0, "hyd_mes2": 0.7, "hyd_mes3": 0.3, "hyd_mes4": 0.0, "hyd_mes5": 0.0, "hyd_mes": 2.0, "hyd_mes_cl": "faible", "av_hyd_mes": "-", "con_amp1": 0.0, "con_amp2": 0.0, "con_amp3": 0.0, "con_amp4": 0.4, "con_amp5": 0.6, "con_amp": 5.0, "con_amp_cl": "tres_fort", "av_con_amp": "-", "con_pro1": 0.0, "con_pro2": 0.2, "con_pro3": 0.5, "con_pro4": 0.3, "con_pro5": 0.0, "con_pro": 3.0, "con_pro_cl": "moyen", "av_con_pro": "-", "con_lat1": 1.0, "con_lat2": 0.0, "con_lat3": 0.0, "con_lat4": 0.0, "con_lat5": 0.0, "con_lat": 1.0, "con_lat_cl": "tres_faible", "av_con_lat": "-", "con_sed1": 1.0, "con_sed2": 0.0, "con_sed3": 0.0, "con_sed4": 0.0, "con_sed5": 0.0, "con_sed": 1.0, "con_sed_cl": "tres_faible", "av_con_sed": "-", "mor_pll1": 0.5, "mor_pll2": 0.0, "mor_pll3": 0.5, "mor_pll4": 0.0, "mor_pll5": 0.0, "mor_pll": 3.0, "mor_pll_cl": "moyen", "av_mor_pll": "C", "mor_riv1": 0.0, "mor_riv2": 0.2, "mor_riv3": 0.8, "mor_riv4": 0.0, "mor_riv5": 0.0, "mor_riv": 3.0, "mor_riv_cl": "moyen", "av_mor_riv": "-", "mor_ssl1": 0.0, "mor_ssl2": 0.0, "mor_ssl3": 0.455, "mor_ssl4": 0.47, "mor_ssl5": 0.075, "mor_ssl": 4.0, "mor_ssl_cl": "fort", "av_mor_ssl": "D", "av_aggrave": null, "av_attenue": null, "lbbh": "Artois-Picardie", "cdbh": "01", "Score_100": 19.7, "mor_rip": 3 }, "geometry": { "type": "MultiLineString", "coordinates": [ [ [ 1.989800261597499, 50.75369413855379 ], [ 1.989790683195284, 50.753764019221045 ], [ 1.989792971891125, 50.753860950410179 ], [ 1.989798288301802, 50.753948035431101 ], [ 1.989856115954546, 50.754026573223918 ], [ 1.989909682693606, 50.754105973739762 ], [ 1.989921905096135, 50.75413119840605 ], [ 1.989946386123242, 50.754179853348781 ], [ 1.989972896666841, 50.754198015244363 ], [ 1.990058972203449, 50.75420858440819 ], [ 1.990115313868299, 50.754290699339904 ], [ 1.990170838300422, 50.754343195442964 ], [ 1.990219508190781, 50.754384867850078 ], [ 1.990238513131968, 50.754424504906744 ], [ 1.990290286740589, 50.754522734753671 ], [ 1.990318866670259, 50.754578601543287 ], [ 1.990367757639778, 50.754679499962428 ], [ 1.990428524239672, 50.754752677201104 ], [ 1.990468817121636, 50.754788897509364 ], [ 1.99057554855686, 50.754827451289856 ], [ 1.990720323126395, 50.7548734921535 ], [ 1.99074395136945, 50.754894322501585 ], [ 1.990747200122639, 50.754943702398897 ], [ 1.990766494944002, 50.754968984290009 ], [ 1.990845102490153, 50.754999233754027 ], [ 1.991037496162863, 50.755068991057719 ], [ 1.991138227823113, 50.755124545101125 ], [ 1.991153550889638, 50.755136334676493 ], [ 1.991212068709245, 50.755180778460158 ], [ 1.991338530399828, 50.755223080801748 ], [ 1.991491883343567, 50.755264703555781 ], [ 1.991486484059022, 50.755322089361741 ], [ 1.991466706204372, 50.755391024038474 ], [ 1.991478676786738, 50.755428809165629 ], [ 1.991556142074883, 50.755445588847337 ], [ 1.991661768432223, 50.755468877966813 ], [ 1.991780088129245, 50.755494064483095 ], [ 1.991774797511995, 50.755546067141125 ], [ 1.991707256255745, 50.755598462888862 ], [ 1.991575706571332, 50.755668286774394 ], [ 1.991570676985989, 50.755670964768505 ] ] ] } },
{ "type": "Feature", "properties": { "fid": 102, "usra_id": 562855, "usra_id_st": "500633_9", "tgh_id": 500633, "usra_index": 9, "toponyme": "HEM", "longueur": 296.91, "zamont": 81.263159099378157, "zaval": 78.621053796065553, "agri3w_v": 0.0, "agri3w": "faible", "agribv_v": 44.05, "agribv": "fort", "alluvial": "oui", "beton": "absence", "canaux": "absence", "carriere": "absence", "chenal_v": null, "chenal": "faible", "conf": "absence", "conso": 1118.734426493035, "consom1": "faible", "consom2": "faible", "curage": "absence", "dobs1_v": 0.44, "dobs1": "fort", "dobs2_v": 3.06, "dobs2": "fort", "eclu": "absence", "etiage": "fort", "haies_v": 5.1592160602602384, "haies": "fort", "imper_v": 7.08, "imper": "faible", "intercep_v": 0.0, "intercepte": "faible", "montagne": "dessous", "navigable": "non", "obsmax1_v": 3.0, "obsmax1": "moyen", "obsmax2_v": 0.4, "obsmax2": "faible", "orp": "absence", "orp_amont": "absence", "orp_autour": "absence", "orp_aval": "absence", "orp_proche": "absence", "pente2c": "faible", "pente3c": "moyen", "pistes": "absence", "rang": "petit", "rectitud_v": 66.67, "rectitude": "fort", "ret_us": "autre", "ret_vol1_v": 0.0, "ret_vol1": "faible", "ret_vol2_v": 0.0, "ret_vol2": "faible", "sensisol_v": 21.5469, "sensisol": "moyen", "tcc": "absence", "txamg_v": 11.66, "txamg": "moyen", "txetg1_v": 18.63, "txetg1": "moyen", "txetg2_v": 12.69, "txetg2": "moyen", "txetg3_v": 7.58, "txetg3": "faible", "txetg4_v": null, "txetg4": "faible", "txetg5_v": null, "txetg5": "faible", "veget10_v": 70.011540356518353, "veget10": "moyen", "veget30_v": 41.415096008226762, "veget30": "moyen", "veget60_v": 28.74877506393841, "veget60": "faible", "hyd_dyn1": 1.0, "hyd_dyn2": 0.0, "hyd_dyn3": 0.0, "hyd_dyn4": 0.0, "hyd_dyn5": 0.0, "hyd_dyn": 1.0, "hyd_dyn_cl": "tres_faible", "av_hyd_dyn": "-", "hyd_qte1": 1.0, "hyd_qte2": 0.0, "hyd_qte3": 0.0, "hyd_qte4": 0.0, "hyd_qte5": 0.0, "hyd_qte": 1.0, "hyd_qte_cl": "tres_faible", "av_hyd_qte": "-", "hyd_mes1": 0.0, "hyd_mes2": 0.0, "hyd_mes3": 0.609, "hyd_mes4": 0.352, "hyd_mes5": 0.039, "hyd_mes": 3.0, "hyd_mes_cl": "moyen", "av_hyd_mes": "-", "con_amp1": 0.0, "con_amp2": 0.0, "con_amp3": 0.0, "con_amp4": 0.4, "con_amp5": 0.6, "con_amp": 5.0, "con_amp_cl": "tres_fort", "av_con_amp": "-", "con_pro1": 0.0, "con_pro2": 0.0, "con_pro3": 0.5, "con_pro4": 0.5, "con_pro5": 0.0, "con_pro": 4.0, "con_pro_cl": "fort", "av_con_pro": "D", "con_lat1": 0.0, "con_lat2": 0.0, "con_lat3": 0.602, "con_lat4": 0.368, "con_lat5": 0.03, "con_lat": 3.0, "con_lat_cl": "moyen", "av_con_lat": "-", "con_sed1": 1.0, "con_sed2": 0.0, "con_sed3": 0.0, "con_sed4": 0.0, "con_sed5": 0.0, "con_sed": 1.0, "con_sed_cl": "tres_faible", "av_con_sed": "-", "mor_pll1": 0.0, "mor_pll2": 0.0, "mor_pll3": 0.186, "mor_pll4": 0.49, "mor_pll5": 0.325, "mor_pll": 4.0, "mor_pll_cl": "fort", "av_mor_pll": "-", "mor_riv1": 0.024, "mor_riv2": 0.051, "mor_riv3": 0.685, "mor_riv4": 0.208, "mor_riv5": 0.032, "mor_riv": 3.0, "mor_riv_cl": "moyen", "av_mor_riv": "-", "mor_ssl1": 0.0, "mor_ssl2": 0.0, "mor_ssl3": 0.171, "mor_ssl4": 0.529, "mor_ssl5": 0.3, "mor_ssl": 4.0, "mor_ssl_cl": "fort", "av_mor_ssl": "-", "av_aggrave": null, "av_attenue": null, "lbbh": "Artois-Picardie", "cdbh": "01", "Score_100": 25.4, "mor_rip": 3 }, "geometry": { "type": "MultiLineString", "coordinates": [ [ [ 1.991570676985989, 50.755670964768505 ], [ 1.991431282564337, 50.755745184890408 ], [ 1.991258281344743, 50.755836208623577 ], [ 1.991147928114581, 50.755907101152218 ], [ 1.99124755438437, 50.755947391352706 ], [ 1.991506844010837, 50.755997051184949 ], [ 1.991582769351644, 50.756020099702091 ], [ 1.991604984105264, 50.756040918392024 ], [ 1.991621161990955, 50.756080532221524 ], [ 1.991609743930195, 50.756155815914369 ], [ 1.991574226938631, 50.756233596371388 ], [ 1.991556952476959, 50.756318703286546 ], [ 1.991569290018985, 50.75640853676758 ], [ 1.991622283993215, 50.756516646299708 ], [ 1.991716337669186, 50.756693285837663 ], [ 1.991812727486135, 50.756824180108879 ], [ 1.991920794289829, 50.756937222153091 ], [ 1.991969125067309, 50.756995940286892 ], [ 1.992004978992843, 50.757041994681273 ], [ 1.992207945528791, 50.757219515591949 ], [ 1.992320672531206, 50.75731195625746 ], [ 1.99243996671453, 50.757429575305451 ], [ 1.992509587218181, 50.757484876164433 ], [ 1.992558442576966, 50.757517575583471 ], [ 1.992561476725906, 50.757577721486236 ], [ 1.992560213438248, 50.757640524603502 ], [ 1.992570867965903, 50.757743804166005 ], [ 1.992597203661881, 50.757837660597872 ] ] ] } },
{ "type": "Feature", "properties": { "fid": 103, "usra_id": 562857, "usra_id_st": "500633_10", "tgh_id": 500633, "usra_index": 10, "toponyme": "HEM", "longueur": 296.91, "zamont": 78.621053796065553, "zaval": 75.978948492752949, "agri3w_v": 2.77, "agri3w": "faible", "agribv_v": 44.05, "agribv": "fort", "alluvial": "oui", "beton": "absence", "canaux": "absence", "carriere": "absence", "chenal_v": null, "chenal": "faible", "conf": "absence", "conso": 1118.734426493035, "consom1": "faible", "consom2": "faible", "curage": "absence", "dobs1_v": 0.43, "dobs1": "fort", "dobs2_v": 2.76, "dobs2": "fort", "eclu": "absence", "etiage": "fort", "haies_v": 5.1592160602602384, "haies": "fort", "imper_v": 7.08, "imper": "faible", "intercep_v": 0.0, "intercepte": "faible", "montagne": "dessous", "navigable": "non", "obsmax1_v": 3.0, "obsmax1": "moyen", "obsmax2_v": 3.0, "obsmax2": "moyen", "orp": "absence", "orp_amont": "absence", "orp_autour": "absence", "orp_aval": "absence", "orp_proche": "absence", "pente2c": "faible", "pente3c": "moyen", "pistes": "absence", "rang": "petit", "rectitud_v": 33.33, "rectitude": "moyen", "ret_us": "autre", "ret_vol1_v": 0.0, "ret_vol1": "faible", "ret_vol2_v": 0.0, "ret_vol2": "faible", "sensisol_v": 21.5469, "sensisol": "moyen", "tcc": "absence", "txamg_v": 15.8, "txamg": "moyen", "txetg1_v": 18.94, "txetg1": "moyen", "txetg2_v": 16.19, "txetg2": "moyen", "txetg3_v": 7.56, "txetg3": "faible", "txetg4_v": null, "txetg4": "faible", "txetg5_v": null, "txetg5": "faible", "veget10_v": 41.233940644946699, "veget10": "moyen", "veget30_v": 26.466154604856222, "veget30": "faible", "veget60_v": 17.593660620059367, "veget60": "tres_faible", "hyd_dyn1": 1.0, "hyd_dyn2": 0.0, "hyd_dyn3": 0.0, "hyd_dyn4": 0.0, "hyd_dyn5": 0.0, "hyd_dyn": 1.0, "hyd_dyn_cl": "tres_faible", "av_hyd_dyn": "-", "hyd_qte1": 1.0, "hyd_qte2": 0.0, "hyd_qte3": 0.0, "hyd_qte4": 0.0, "hyd_qte5": 0.0, "hyd_qte": 1.0, "hyd_qte_cl": "tres_faible", "av_hyd_qte": "-", "hyd_mes1": 0.0, "hyd_mes2": 0.21, "hyd_mes3": 0.699, "hyd_mes4": 0.091, "hyd_mes5": 0.0, "hyd_mes": 3.0, "hyd_mes_cl": "moyen", "av_hyd_mes": "-", "con_amp1": 0.0, "con_amp2": 0.0, "con_amp3": 0.0, "con_amp4": 0.4, "con_amp5": 0.6, "con_amp": 5.0, "con_amp_cl": "tres_fort", "av_con_amp": "-", "con_pro1": 0.0, "con_pro2": 0.0, "con_pro3": 0.3, "con_pro4": 0.5, "con_pro5": 0.2, "con_pro": 4.0, "con_pro_cl": "fort", "av_con_pro": "-", "con_lat1": 0.18, "con_lat2": 0.0, "con_lat3": 0.722, "con_lat4": 0.098, "con_lat5": 0.0, "con_lat": 3.0, "con_lat_cl": "moyen", "av_con_lat": "-", "con_sed1": 1.0, "con_sed2": 0.0, "con_sed3": 0.0, "con_sed4": 0.0, "con_sed5": 0.0, "con_sed": 1.0, "con_sed_cl": "tres_faible", "av_con_sed": "-", "mor_pll1": 0.09, "mor_pll2": 0.0, "mor_pll3": 0.676, "mor_pll4": 0.234, "mor_pll5": 0.0, "mor_pll": 3.0, "mor_pll_cl": "moyen", "av_mor_pll": "-", "mor_riv1": 0.0, "mor_riv2": 0.072, "mor_riv3": 0.768, "mor_riv4": 0.16, "mor_riv5": 0.0, "mor_riv": 3.0, "mor_riv_cl": "moyen", "av_mor_riv": "-", "mor_ssl1": 0.0, "mor_ssl2": 0.0, "mor_ssl3": 0.44, "mor_ssl4": 0.477, "mor_ssl5": 0.083, "mor_ssl": 4.0, "mor_ssl_cl": "fort", "av_mor_ssl": "D", "av_aggrave": null, "av_attenue": null, "lbbh": "Artois-Picardie", "cdbh": "01", "Score_100": 25.9, "mor_rip": 3 }, "geometry": { "type": "MultiLineString", "coordinates": [ [ [ 1.992597203661881, 50.757837660597872 ], [ 1.992605189049916, 50.757866119238166 ], [ 1.992664111040014, 50.758101697295956 ], [ 1.992674289777419, 50.75815831162668 ], [ 1.992634071645827, 50.758188495476517 ], [ 1.992494480949665, 50.758235821716106 ], [ 1.991914465269005, 50.758446485725045 ], [ 1.991412980948954, 50.758620992690737 ], [ 1.990643457857354, 50.758898312380609 ], [ 1.990201788569483, 50.759052660777648 ], [ 1.990123305052022, 50.759086122708254 ], [ 1.99006469645672, 50.759116156508924 ], [ 1.990041413513993, 50.75914827155416 ], [ 1.99003144304355, 50.759221771858137 ], [ 1.990033892051382, 50.759240635691334 ], [ 1.990043778564508, 50.759311605094688 ], [ 1.990054171695892, 50.759357453320028 ], [ 1.99005520950488, 50.75944629754553 ], [ 1.990057021423383, 50.759535763105575 ] ] ] } },
{ "type": "Feature", "properties": { "fid": 104, "usra_id": 562861, "usra_id_st": "500633_11", "tgh_id": 500633, "usra_index": 11, "toponyme": "HEM", "longueur": 296.91, "zamont": 75.978948492752949, "zaval": 73.336843189440359, "agri3w_v": 0.0, "agri3w": "faible", "agribv_v": 44.05, "agribv": "fort", "alluvial": "oui", "beton": "absence", "canaux": "absence", "carriere": "absence", "chenal_v": null, "chenal": "faible", "conf": "absence", "conso": 1118.734426493035, "consom1": "faible", "consom2": "faible", "curage": "absence", "dobs1_v": 0.41, "dobs1": "fort", "dobs2_v": 2.45, "dobs2": "fort", "eclu": "absence", "etiage": "fort", "haies_v": 5.1592160602602384, "haies": "fort", "imper_v": 7.08, "imper": "faible", "intercep_v": 0.0, "intercepte": "faible", "montagne": "dessous", "navigable": "non", "obsmax1_v": 3.0, "obsmax1": "moyen", "obsmax2_v": 3.0, "obsmax2": "moyen", "orp": "absence", "orp_amont": "absence", "orp_autour": "absence", "orp_aval": "absence", "orp_proche": "absence", "pente2c": "faible", "pente3c": "moyen", "pistes": "absence", "rang": "petit", "rectitud_v": 0.0, "rectitude": "faible", "ret_us": "autre", "ret_vol1_v": 0.0, "ret_vol1": "faible", "ret_vol2_v": 0.0, "ret_vol2": "faible", "sensisol_v": 21.5469, "sensisol": "moyen", "tcc": "absence", "txamg_v": 24.4, "txamg": "moyen", "txetg1_v": 19.26, "txetg1": "moyen", "txetg2_v": 15.33, "txetg2": "moyen", "txetg3_v": null, "txetg3": "faible", "txetg4_v": null, "txetg4": "faible", "txetg5_v": null, "txetg5": "faible", "veget10_v": 67.184950086785832, "veget10": "moyen", "veget30_v": 45.727971389811621, "veget30": "moyen", "veget60_v": 41.888628740170105, "veget60": "moyen", "hyd_dyn1": 1.0, "hyd_dyn2": 0.0, "hyd_dyn3": 0.0, "hyd_dyn4": 0.0, "hyd_dyn5": 0.0, "hyd_dyn": 1.0, "hyd_dyn_cl": "tres_faible", "av_hyd_dyn": "-", "hyd_qte1": 1.0, "hyd_qte2": 0.0, "hyd_qte3": 0.0, "hyd_qte4": 0.0, "hyd_qte5": 0.0, "hyd_qte": 1.0, "hyd_qte_cl": "tres_faible", "av_hyd_qte": "-", "hyd_mes1": 0.0, "hyd_mes2": 0.7, "hyd_mes3": 0.3, "hyd_mes4": 0.0, "hyd_mes5": 0.0, "hyd_mes": 2.0, "hyd_mes_cl": "faible", "av_hyd_mes": "-", "con_amp1": 0.0, "con_amp2": 0.0, "con_amp3": 0.0, "con_amp4": 0.4, "con_amp5": 0.6, "con_amp": 5.0, "con_amp_cl": "tres_fort", "av_con_amp": "-", "con_pro1": 0.0, "con_pro2": 0.0, "con_pro3": 0.3, "con_pro4": 0.5, "con_pro5": 0.2, "con_pro": 4.0, "con_pro_cl": "fort", "av_con_pro": "-", "con_lat1": 0.6, "con_lat2": 0.0, "con_lat3": 0.4, "con_lat4": 0.0, "con_lat5": 0.0, "con_lat": 1.0, "con_lat_cl": "tres_faible", "av_con_lat": "-", "con_sed1": 1.0, "con_sed2": 0.0, "con_sed3": 0.0, "con_sed4": 0.0, "con_sed5": 0.0, "con_sed": 1.0, "con_sed_cl": "tres_faible", "av_con_sed": "-", "mor_pll1": 0.6, "mor_pll2": 0.0, "mor_pll3": 0.4, "mor_pll4": 0.0, "mor_pll5": 0.0, "mor_pll": 1.0, "mor_pll_cl": "tres_faible", "av_mor_pll": "-", "mor_riv1": 0.128, "mor_riv2": 0.117, "mor_riv3": 0.683, "mor_riv4": 0.072, "mor_riv5": 0.0, "mor_riv": 3.0, "mor_riv_cl": "moyen", "av_mor_riv": "-", "mor_ssl1": 0.0, "mor_ssl2": 0.0, "mor_ssl3": 0.7, "mor_ssl4": 0.3, "mor_ssl5": 0.0, "mor_ssl": 3.0, "mor_ssl_cl": "moyen", "av_mor_ssl": "-", "av_aggrave": null, "av_attenue": null, "lbbh": "Artois-Picardie", "cdbh": "01", "Score_100": 23.5, "mor_rip": 3 }, "geometry": { "type": "MultiLineString", "coordinates": [ [ [ 1.990057021423383, 50.759535763105575 ], [ 1.990057336139741, 50.759551302553909 ], [ 1.990062020377993, 50.759669788260382 ], [ 1.990073737631428, 50.759720133855637 ], [ 1.990108611470521, 50.759744644711709 ], [ 1.990194768928743, 50.759751624956237 ], [ 1.990268304500759, 50.759753118776707 ], [ 1.990343218395812, 50.759756418394531 ], [ 1.990480189175799, 50.759769194546081 ], [ 1.990578805927424, 50.759789735524436 ], [ 1.99070243164788, 50.759832912460865 ], [ 1.99082763478809, 50.759868026082195 ], [ 1.99089219547103, 50.759893674700756 ], [ 1.990918275528738, 50.75993336865352 ], [ 1.99093334693725, 50.759957718745468 ], [ 1.990967502851646, 50.760088108512235 ], [ 1.99100698700891, 50.760164701619928 ], [ 1.991038128843579, 50.760234048450137 ], [ 1.991044550677286, 50.760266404381589 ], [ 1.991050954444308, 50.760299657494642 ], [ 1.991079484295546, 50.760358215170314 ], [ 1.991146386783188, 50.760408110517467 ], [ 1.991181026681157, 50.760444284430818 ], [ 1.991238750649827, 50.760458212149217 ], [ 1.991295602256444, 50.760445212879105 ], [ 1.991343677639272, 50.760446499750053 ], [ 1.99138102025109, 50.760488976810969 ], [ 1.991413066234804, 50.760513464351561 ], [ 1.99145762608006, 50.760548821220922 ], [ 1.991561451186751, 50.760591836815365 ], [ 1.991634789322231, 50.760603198841686 ], [ 1.991722272672804, 50.760614675393626 ], [ 1.991875642444224, 50.760656297334421 ], [ 1.991972341353713, 50.760701946852819 ], [ 1.992059192956616, 50.760744824573251 ], [ 1.992147657842054, 50.7607778446692 ], [ 1.992224806653411, 50.760810773092288 ], [ 1.99229328788826, 50.760852604593623 ], [ 1.992323179876484, 50.760913864933997 ], [ 1.992341954282884, 50.760965164653207 ], [ 1.992326761963246, 50.76101708675418 ], [ 1.992322994176187, 50.761063717353771 ], [ 1.992322874246871, 50.761139989324711 ], [ 1.992329863098572, 50.76121452417167 ], [ 1.9923149414811, 50.761252988515771 ], [ 1.992270440929249, 50.761284932120773 ], [ 1.99224840596955, 50.76130711848176 ] ] ] } },
{ "type": "Feature", "properties": { "fid": 105, "usra_id": 562863, "usra_id_st": "500633_12", "tgh_id": 500633, "usra_index": 12, "toponyme": "HEM", "longueur": 296.91, "zamont": 73.336843189440359, "zaval": 70.69473788612774, "agri3w_v": 1.12, "agri3w": "faible", "agribv_v": 44.05, "agribv": "fort", "alluvial": "oui", "beton": "absence", "canaux": "absence", "carriere": "absence", "chenal_v": null, "chenal": "faible", "conf": "absence", "conso": 1118.734426493035, "consom1": "faible", "consom2": "faible", "curage": "absence", "dobs1_v": 0.41, "dobs1": "fort", "dobs2_v": 1.84, "dobs2": "fort", "eclu": "absence", "etiage": "fort", "haies_v": 5.1592160602602384, "haies": "fort", "imper_v": 7.08, "imper": "faible", "intercep_v": 0.0, "intercepte": "faible", "montagne": "dessous", "navigable": "non", "obsmax1_v": 3.0, "obsmax1": "moyen", "obsmax2_v": 3.0, "obsmax2": "moyen", "orp": "absence", "orp_amont": "absence", "orp_autour": "absence", "orp_aval": "absence", "orp_proche": "absence", "pente2c": "faible", "pente3c": "moyen", "pistes": "absence", "rang": "petit", "rectitud_v": 0.0, "rectitude": "faible", "ret_us": "autre", "ret_vol1_v": 0.0, "ret_vol1": "faible", "ret_vol2_v": 0.0, "ret_vol2": "faible", "sensisol_v": 21.5469, "sensisol": "moyen", "tcc": "absence", "txamg_v": 15.64, "txamg": "moyen", "txetg1_v": 19.83, "txetg1": "moyen", "txetg2_v": 20.55, "txetg2": "moyen", "txetg3_v": 9.46, "txetg3": "faible", "txetg4_v": null, "txetg4": "faible", "txetg5_v": null, "txetg5": "faible", "veget10_v": 33.742608279449456, "veget10": "faible", "veget30_v": 18.040029036648701, "veget30": "tres_faible", "veget60_v": 13.816803911863593, "veget60": "tres_faible", "hyd_dyn1": 1.0, "hyd_dyn2": 0.0, "hyd_dyn3": 0.0, "hyd_dyn4": 0.0, "hyd_dyn5": 0.0, "hyd_dyn": 1.0, "hyd_dyn_cl": "tres_faible", "av_hyd_dyn": "-", "hyd_qte1": 1.0, "hyd_qte2": 0.0, "hyd_qte3": 0.0, "hyd_qte4": 0.0, "hyd_qte5": 0.0, "hyd_qte": 1.0, "hyd_qte_cl": "tres_faible", "av_hyd_qte": "-", "hyd_mes1": 0.0, "hyd_mes2": 0.7, "hyd_mes3": 0.3, "hyd_mes4": 0.0, "hyd_mes5": 0.0, "hyd_mes": 2.0, "hyd_mes_cl": "faible", "av_hyd_mes": "-", "con_amp1": 0.0, "con_amp2": 0.0, "con_amp3": 0.0, "con_amp4": 0.4, "con_amp5": 0.6, "con_amp": 5.0, "con_amp_cl": "tres_fort", "av_con_amp": "-", "con_pro1": 0.0, "con_pro2": 0.0, "con_pro3": 0.3, "con_pro4": 0.5, "con_pro5": 0.2, "con_pro": 4.0, "con_pro_cl": "fort", "av_con_pro": "-", "con_lat1": 0.6, "con_lat2": 0.0, "con_lat3": 0.4, "con_lat4": 0.0, "con_lat5": 0.0, "con_lat": 1.0, "con_lat_cl": "tres_faible", "av_con_lat": "-", "con_sed1": 1.0, "con_sed2": 0.0, "con_sed3": 0.0, "con_sed4": 0.0, "con_sed5": 0.0, "con_sed": 1.0, "con_sed_cl": "tres_faible", "av_con_sed": "-", "mor_pll1": 0.6, "mor_pll2": 0.0, "mor_pll3": 0.4, "mor_pll4": 0.0, "mor_pll5": 0.0, "mor_pll": 1.0, "mor_pll_cl": "tres_faible", "av_mor_pll": "-", "mor_riv1": 0.0, "mor_riv2": 0.051, "mor_riv3": 0.313, "mor_riv4": 0.528, "mor_riv5": 0.108, "mor_riv": 4.0, "mor_riv_cl": "fort", "av_mor_riv": "-", "mor_ssl1": 0.0, "mor_ssl2": 0.0, "mor_ssl3": 0.7, "mor_ssl4": 0.3, "mor_ssl5": 0.0, "mor_ssl": 3.0, "mor_ssl_cl": "moyen", "av_mor_ssl": "-", "av_aggrave": null, "av_attenue": null, "lbbh": "Artois-Picardie", "cdbh": "01", "Score_100": 24.1, "mor_rip": 4 }, "geometry": { "type": "MultiLineString", "coordinates": [ [ [ 1.99224840596955, 50.76130711848176 ], [ 1.992227120153112, 50.761328550529072 ], [ 1.992214738629517, 50.761381392672071 ], [ 1.992217537891307, 50.761453201597995 ], [ 1.992263134555945, 50.7615074104027 ], [ 1.99229311716406, 50.761564184779608 ], [ 1.992311548778804, 50.761632530908535 ], [ 1.992315106412906, 50.761666658169162 ], [ 1.992301942207037, 50.761688087481389 ], [ 1.992264538418248, 50.761789182755713 ], [ 1.992129855243444, 50.761873338574425 ], [ 1.992036139571532, 50.761960517931335 ], [ 1.991933376367098, 50.762075441098396 ], [ 1.991907396405663, 50.7621712447541 ], [ 1.99172358678189, 50.762306149928492 ], [ 1.991666395465505, 50.762406187351047 ], [ 1.991509515411378, 50.762538618307765 ], [ 1.99140024738818, 50.762765654092469 ], [ 1.991109011571016, 50.762825209791814 ], [ 1.990319086102249, 50.7629884004537 ], [ 1.990227901404248, 50.763019964635767 ], [ 1.990106078502275, 50.763239122740686 ] ] ] } },
{ "type": "Feature", "properties": { "fid": 106, "usra_id": 562864, "usra_id_st": "500633_13", "tgh_id": 500633, "usra_index": 13, "toponyme": "HEM", "longueur": 296.91, "zamont": 70.69473788612774, "zaval": 68.052632582815136, "agri3w_v": 8.91, "agri3w": "faible", "agribv_v": 44.05, "agribv": "fort", "alluvial": "oui", "beton": "absence", "canaux": "absence", "carriere": "absence", "chenal_v": null, "chenal": "faible", "conf": "absence", "conso": 1118.734426493035, "consom1": "faible", "consom2": "faible", "curage": "absence", "dobs1_v": 0.39, "dobs1": "fort", "dobs2_v": 1.84, "dobs2": "fort", "eclu": "absence", "etiage": "fort", "haies_v": 5.1592160602602384, "haies": "fort", "imper_v": 7.08, "imper": "faible", "intercep_v": 0.0, "intercepte": "faible", "montagne": "dessous", "navigable": "non", "obsmax1_v": 3.0, "obsmax1": "moyen", "obsmax2_v": 3.0, "obsmax2": "moyen", "orp": "absence", "orp_amont": "absence", "orp_autour": "absence", "orp_aval": "absence", "orp_proche": "absence", "pente2c": "faible", "pente3c": "moyen", "pistes": "absence", "rang": "petit", "rectitud_v": 100.0, "rectitude": "fort", "ret_us": "autre", "ret_vol1_v": 0.0, "ret_vol1": "faible", "ret_vol2_v": 0.0, "ret_vol2": "faible", "sensisol_v": 21.5469, "sensisol": "moyen", "tcc": "absence", "txamg_v": 0.0, "txamg": "faible", "txetg1_v": 20.14, "txetg1": "moyen", "txetg2_v": 29.65, "txetg2": "moyen", "txetg3_v": null, "txetg3": "faible", "txetg4_v": null, "txetg4": "faible", "txetg5_v": null, "txetg5": "faible", "veget10_v": 57.164202018019488, "veget10": "moyen", "veget30_v": 31.073650665829867, "veget30": "faible", "veget60_v": 22.479374891208316, "veget60": "faible", "hyd_dyn1": 1.0, "hyd_dyn2": 0.0, "hyd_dyn3": 0.0, "hyd_dyn4": 0.0, "hyd_dyn5": 0.0, "hyd_dyn": 1.0, "hyd_dyn_cl": "tres_faible", "av_hyd_dyn": "-", "hyd_qte1": 1.0, "hyd_qte2": 0.0, "hyd_qte3": 0.0, "hyd_qte4": 0.0, "hyd_qte5": 0.0, "hyd_qte": 1.0, "hyd_qte_cl": "tres_faible", "av_hyd_qte": "-", "hyd_mes1": 0.0, "hyd_mes2": 0.0, "hyd_mes3": 0.609, "hyd_mes4": 0.352, "hyd_mes5": 0.039, "hyd_mes": 3.0, "hyd_mes_cl": "moyen", "av_hyd_mes": "-", "con_amp1": 0.0, "con_amp2": 0.0, "con_amp3": 0.0, "con_amp4": 0.4, "con_amp5": 0.6, "con_amp": 5.0, "con_amp_cl": "tres_fort", "av_con_amp": "-", "con_pro1": 0.0, "con_pro2": 0.0, "con_pro3": 0.3, "con_pro4": 0.5, "con_pro5": 0.2, "con_pro": 4.0, "con_pro_cl": "fort", "av_con_pro": "-", "con_lat1": 0.0, "con_lat2": 0.0, "con_lat3": 0.7, "con_lat4": 0.3, "con_lat5": 0.0, "con_lat": 3.0, "con_lat_cl": "moyen", "av_con_lat": "-", "con_sed1": 1.0, "con_sed2": 0.0, "con_sed3": 0.0, "con_sed4": 0.0, "con_sed5": 0.0, "con_sed": 1.0, "con_sed_cl": "tres_faible", "av_con_sed": "-", "mor_pll1": 0.0, "mor_pll2": 0.0, "mor_pll3": 0.228, "mor_pll4": 0.498, "mor_pll5": 0.275, "mor_pll": 4.0, "mor_pll_cl": "fort", "av_mor_pll": "-", "mor_riv1": 0.0, "mor_riv2": 0.04, "mor_riv3": 0.76, "mor_riv4": 0.2, "mor_riv5": 0.0, "mor_riv": 3.0, "mor_riv_cl": "moyen", "av_mor_riv": "-", "mor_ssl1": 0.0, "mor_ssl2": 0.0, "mor_ssl3": 0.171, "mor_ssl4": 0.529, "mor_ssl5": 0.3, "mor_ssl": 4.0, "mor_ssl_cl": "fort", "av_mor_ssl": "-", "av_aggrave": null, "av_attenue": null, "lbbh": "Artois-Picardie", "cdbh": "01", "Score_100": 24.7, "mor_rip": 3 }, "geometry": { "type": "MultiLineString", "coordinates": [ [ [ 1.990106078502275, 50.763239122740686 ], [ 1.990059072174203, 50.763323686060694 ], [ 1.989433588376899, 50.764451932270546 ], [ 1.989291428369954, 50.764765739112406 ], [ 1.989265369524198, 50.764865130533344 ], [ 1.98928434147085, 50.764906561459156 ], [ 1.98952432570074, 50.765003625820469 ], [ 1.989625673039267, 50.765029573415049 ], [ 1.989670434756785, 50.765055061736618 ], [ 1.989933416716819, 50.765134365432161 ], [ 1.99027988898444, 50.765353430825229 ], [ 1.990446157180225, 50.765420643413066 ] ] ] } },
{ "type": "Feature", "properties": { "fid": 107, "usra_id": 562869, "usra_id_st": "500633_14", "tgh_id": 500633, "usra_index": 14, "toponyme": "HEM", "longueur": 296.91, "zamont": 68.052632582815136, "zaval": 65.410527279502531, "agri3w_v": 70.11, "agri3w": "fort", "agribv_v": 44.05, "agribv": "fort", "alluvial": "oui", "beton": "absence", "canaux": "absence", "carriere": "absence", "chenal_v": null, "chenal": "faible", "conf": "absence", "conso": 1118.734426493035, "consom1": "faible", "consom2": "faible", "curage": "absence", "dobs1_v": 0.4, "dobs1": "fort", "dobs2_v": 1.22, "dobs2": "fort", "eclu": "absence", "etiage": "fort", "haies_v": 5.1592160602602384, "haies": "fort", "imper_v": 7.08, "imper": "faible", "intercep_v": 0.0, "intercepte": "faible", "montagne": "dessous", "navigable": "non", "obsmax1_v": 3.0, "obsmax1": "moyen", "obsmax2_v": 3.0, "obsmax2": "moyen", "orp": "absence", "orp_amont": "absence", "orp_autour": "absence", "orp_aval": "absence", "orp_proche": "absence", "pente2c": "faible", "pente3c": "moyen", "pistes": "absence", "rang": "petit", "rectitud_v": 66.67, "rectitude": "fort", "ret_us": "autre", "ret_vol1_v": 0.0, "ret_vol1": "faible", "ret_vol2_v": 0.0, "ret_vol2": "faible", "sensisol_v": 21.5469, "sensisol": "moyen", "tcc": "absence", "txamg_v": 0.0, "txamg": "faible", "txetg1_v": 20.77, "txetg1": "moyen", "txetg2_v": 36.33, "txetg2": "fort", "txetg3_v": 49.31, "txetg3": "fort", "txetg4_v": 49.31, "txetg4": "fort", "txetg5_v": 3.52, "txetg5": "faible", "veget10_v": 70.41715165572711, "veget10": "moyen", "veget30_v": 54.770111719967687, "veget30": "moyen", "veget60_v": 47.614562830872181, "veget60": "moyen", "hyd_dyn1": 1.0, "hyd_dyn2": 0.0, "hyd_dyn3": 0.0, "hyd_dyn4": 0.0, "hyd_dyn5": 0.0, "hyd_dyn": 1.0, "hyd_dyn_cl": "tres_faible", "av_hyd_dyn": "-", "hyd_qte1": 1.0, "hyd_qte2": 0.0, "hyd_qte3": 0.0, "hyd_qte4": 0.0, "hyd_qte5": 0.0, "hyd_qte": 1.0, "hyd_qte_cl": "tres_faible", "av_hyd_qte": "-", "hyd_mes1": 0.0, "hyd_mes2": 0.0, "hyd_mes3": 0.0, "hyd_mes4": 0.42, "hyd_mes5": 0.58, "hyd_mes": 5.0, "hyd_mes_cl": "tres_fort", "av_hyd_mes": "-", "con_amp1": 0.0, "con_amp2": 0.0, "con_amp3": 0.0, "con_amp4": 0.4, "con_amp5": 0.6, "con_amp": 5.0, "con_amp_cl": "tres_fort", "av_con_amp": "-", "con_pro1": 0.0, "con_pro2": 0.0, "con_pro3": 0.0, "con_pro4": 0.2, "con_pro5": 0.8, "con_pro": 5.0, "con_pro_cl": "tres_fort", "av_con_pro": "-", "con_lat1": 0.0, "con_lat2": 0.0, "con_lat3": 0.0, "con_lat4": 0.525, "con_lat5": 0.475, "con_lat": 4.0, "con_lat_cl": "fort", "av_con_lat": "D", "con_sed1": 1.0, "con_sed2": 0.0, "con_sed3": 0.0, "con_sed4": 0.0, "con_sed5": 0.0, "con_sed": 1.0, "con_sed_cl": "tres_faible", "av_con_sed": "-", "mor_pll1": 0.0, "mor_pll2": 0.0, "mor_pll3": 0.007, "mor_pll4": 0.137, "mor_pll5": 0.856, "mor_pll": 5.0, "mor_pll_cl": "tres_fort", "av_mor_pll": "-", "mor_riv1": 0.04, "mor_riv2": 0.064, "mor_riv3": 0.736, "mor_riv4": 0.16, "mor_riv5": 0.0, "mor_riv": 3.0, "mor_riv_cl": "moyen", "av_mor_riv": "-", "mor_ssl1": 0.0, "mor_ssl2": 0.0, "mor_ssl3": 0.0, "mor_ssl4": 0.245, "mor_ssl5": 0.755, "mor_ssl": 5.0, "mor_ssl_cl": "tres_fort", "av_mor_ssl": "-", "av_aggrave": null, "av_attenue": null, "lbbh": "Artois-Picardie", "cdbh": "01", "Score_100": 44.8, "mor_rip": 3 }, "geometry": { "type": "MultiLineString", "coordinates": [ [ [ 1.990446157180225, 50.765420643413066 ], [ 1.990538123105768, 50.765457819726834 ], [ 1.990612213655932, 50.765502389267269 ], [ 1.990251602292199, 50.76619489006427 ], [ 1.99020280120214, 50.766299480939857 ], [ 1.990181772291626, 50.766500310466093 ], [ 1.990252332670795, 50.766649838127236 ], [ 1.99027569848553, 50.766754116907819 ], [ 1.990287272883304, 50.766811639337419 ], [ 1.990223455882809, 50.766959179760747 ], [ 1.990149355632348, 50.767125480452428 ], [ 1.989923884392511, 50.767360544127072 ], [ 1.989803807361567, 50.767925535950418 ] ] ] } },
{ "type": "Feature", "properties": { "fid": 108, "usra_id": 562875, "usra_id_st": "500633_15", "tgh_id": 500633, "usra_index": 15, "toponyme": "HEM", "longueur": 296.91, "zamont": 65.410527279502531, "zaval": 62.768421976189927, "agri3w_v": 13.28, "agri3w": "faible", "agribv_v": 44.05, "agribv": "fort", "alluvial": "oui", "beton": "absence", "canaux": "absence", "carriere": "absence", "chenal_v": null, "chenal": "faible", "conf": "absence", "conso": 1118.734426493035, "consom1": "faible", "consom2": "faible", "curage": "absence", "dobs1_v": 0.4, "dobs1": "fort", "dobs2_v": 0.92, "dobs2": "fort", "eclu": "absence", "etiage": "fort", "haies_v": 5.1592160602602384, "haies": "fort", "imper_v": 7.08, "imper": "faible", "intercep_v": 0.0, "intercepte": "faible", "montagne": "dessous", "navigable": "non", "obsmax1_v": 3.0, "obsmax1": "moyen", "obsmax2_v": 3.0, "obsmax2": "moyen", "orp": "absence", "orp_amont": "absence", "orp_autour": "absence", "orp_aval": "absence", "orp_proche": "absence", "pente2c": "faible", "pente3c": "moyen", "pistes": "absence", "rang": "petit", "rectitud_v": 66.67, "rectitude": "fort", "ret_us": "autre", "ret_vol1_v": 0.0, "ret_vol1": "faible", "ret_vol2_v": 0.0, "ret_vol2": "faible", "sensisol_v": 21.5469, "sensisol": "moyen", "tcc": "absence", "txamg_v": 34.3, "txamg": "fort", "txetg1_v": 19.85, "txetg1": "moyen", "txetg2_v": 35.79, "txetg2": "fort", "txetg3_v": 64.23, "txetg3": "fort", "txetg4_v": 64.23, "txetg4": "fort", "txetg5_v": 7.57, "txetg5": "faible", "veget10_v": 45.388802609087222, "veget10": "moyen", "veget30_v": 33.462030821751959, "veget30": "faible", "veget60_v": 28.07879114524, "veget60": "faible", "hyd_dyn1": 1.0, "hyd_dyn2": 0.0, "hyd_dyn3": 0.0, "hyd_dyn4": 0.0, "hyd_dyn5": 0.0, "hyd_dyn": 1.0, "hyd_dyn_cl": "tres_faible", "av_hyd_dyn": "-", "hyd_qte1": 1.0, "hyd_qte2": 0.0, "hyd_qte3": 0.0, "hyd_qte4": 0.0, "hyd_qte5": 0.0, "hyd_qte": 1.0, "hyd_qte_cl": "tres_faible", "av_hyd_qte": "-", "hyd_mes1": 0.0, "hyd_mes2": 0.0, "hyd_mes3": 0.0, "hyd_mes4": 0.42, "hyd_mes5": 0.58, "hyd_mes": 5.0, "hyd_mes_cl": "tres_fort", "av_hyd_mes": "-", "con_amp1": 0.0, "con_amp2": 0.0, "con_amp3": 0.0, "con_amp4": 0.4, "con_amp5": 0.6, "con_amp": 5.0, "con_amp_cl": "tres_fort", "av_con_amp": "-", "con_pro1": 0.0, "con_pro2": 0.0, "con_pro3": 0.0, "con_pro4": 0.2, "con_pro5": 0.8, "con_pro": 5.0, "con_pro_cl": "tres_fort", "av_con_pro": "-", "con_lat1": 0.0, "con_lat2": 0.0, "con_lat3": 0.0, "con_lat4": 0.385, "con_lat5": 0.615, "con_lat": 5.0, "con_lat_cl": "tres_fort", "av_con_lat": "-", "con_sed1": 1.0, "con_sed2": 0.0, "con_sed3": 0.0, "con_sed4": 0.0, "con_sed5": 0.0, "con_sed": 1.0, "con_sed_cl": "tres_faible", "av_con_sed": "-", "mor_pll1": 0.0, "mor_pll2": 0.0, "mor_pll3": 0.012, "mor_pll4": 0.205, "mor_pll5": 0.783, "mor_pll": 5.0, "mor_pll_cl": "tres_fort", "av_mor_pll": "-", "mor_riv1": 0.0, "mor_riv2": 0.008, "mor_riv3": 0.632, "mor_riv4": 0.28, "mor_riv5": 0.08, "mor_riv": 3.0, "mor_riv_cl": "moyen", "av_mor_riv": "-", "mor_ssl1": 0.0, "mor_ssl2": 0.0, "mor_ssl3": 0.0, "mor_ssl4": 0.245, "mor_ssl5": 0.755, "mor_ssl": 5.0, "mor_ssl_cl": "tres_fort", "av_mor_ssl": "-", "av_aggrave": null, "av_attenue": null, "lbbh": "Artois-Picardie", "cdbh": "01", "Score_100": 38.8, "mor_rip": 3 }, "geometry": { "type": "MultiLineString", "coordinates": [ [ [ 1.989803807361567, 50.767925535950418 ], [ 1.989791000313463, 50.767985795458799 ], [ 1.989768566674978, 50.768045733855296 ], [ 1.989744808759468, 50.768101174899719 ], [ 1.989676379527689, 50.768196632830623 ], [ 1.98962735804483, 50.768311989231087 ], [ 1.989454958440324, 50.76879155307558 ], [ 1.989417507383142, 50.768894440746323 ], [ 1.989298677103556, 50.769173439526035 ], [ 1.989230408553548, 50.769260822516898 ], [ 1.989108666584456, 50.769263423432804 ], [ 1.989075583652593, 50.769290074371582 ], [ 1.989075911598301, 50.769343916113975 ], [ 1.989016131026855, 50.769431367884835 ], [ 1.988966125073338, 50.769455189425393 ], [ 1.988602730485547, 50.769512358407177 ], [ 1.988494119522757, 50.769495324396296 ], [ 1.988418030168055, 50.769479451831977 ], [ 1.988324673618887, 50.769477796008431 ], [ 1.987929990001976, 50.769542784659677 ], [ 1.987864475354774, 50.769563787744218 ], [ 1.987583897191715, 50.7696539303763 ], [ 1.987509658310445, 50.769677920342239 ] ] ] } },
{ "type": "Feature", "properties": { "fid": 109, "usra_id": 562879, "usra_id_st": "500633_16", "tgh_id": 500633, "usra_index": 16, "toponyme": "HEM", "longueur": 296.91, "zamont": 62.768421976189927, "zaval": 60.126316672877323, "agri3w_v": 0.0, "agri3w": "faible", "agribv_v": 44.05, "agribv": "fort", "alluvial": "oui", "beton": "absence", "canaux": "absence", "carriere": "absence", "chenal_v": null, "chenal": "faible", "conf": "absence", "conso": 1118.734426493035, "consom1": "faible", "consom2": "faible", "curage": "absence", "dobs1_v": 0.38, "dobs1": "fort", "dobs2_v": 0.92, "dobs2": "fort", "eclu": "absence", "etiage": "fort", "haies_v": 5.1592160602602384, "haies": "fort", "imper_v": 7.08, "imper": "faible", "intercep_v": 0.0, "intercepte": "faible", "montagne": "dessous", "navigable": "non", "obsmax1_v": 2.0, "obsmax1": "moyen", "obsmax2_v": 3.0, "obsmax2": "moyen", "orp": "absence", "orp_amont": "absence", "orp_autour": "absence", "orp_aval": "absence", "orp_proche": "absence", "pente2c": "faible", "pente3c": "moyen", "pistes": "absence", "rang": "petit", "rectitud_v": 33.33, "rectitude": "moyen", "ret_us": "autre", "ret_vol1_v": 0.0, "ret_vol1": "faible", "ret_vol2_v": 0.0, "ret_vol2": "faible", "sensisol_v": 21.5469, "sensisol": "moyen", "tcc": "absence", "txamg_v": 38.53, "txamg": "fort", "txetg1_v": 18.37, "txetg1": "moyen", "txetg2_v": 36.29, "txetg2": "fort", "txetg3_v": null, "txetg3": "faible", "txetg4_v": null, "txetg4": "faible", "txetg5_v": 7.1, "txetg5": "faible", "veget10_v": 50.331141982435426, "veget10": "moyen", "veget30_v": 27.784263284163536, "veget30": "faible", "veget60_v": 25.110398888769264, "veget60": "faible", "hyd_dyn1": 1.0, "hyd_dyn2": 0.0, "hyd_dyn3": 0.0, "hyd_dyn4": 0.0, "hyd_dyn5": 0.0, "hyd_dyn": 1.0, "hyd_dyn_cl": "tres_faible", "av_hyd_dyn": "-", "hyd_qte1": 1.0, "hyd_qte2": 0.0, "hyd_qte3": 0.0, "hyd_qte4": 0.0, "hyd_qte5": 0.0, "hyd_qte": 1.0, "hyd_qte_cl": "tres_faible", "av_hyd_qte": "-", "hyd_mes1": 0.0, "hyd_mes2": 0.21, "hyd_mes3": 0.699, "hyd_mes4": 0.091, "hyd_mes5": 0.0, "hyd_mes": 3.0, "hyd_mes_cl": "moyen", "av_hyd_mes": "-", "con_amp1": 0.0, "con_amp2": 0.0, "con_amp3": 0.0, "con_amp4": 0.4, "con_amp5": 0.6, "con_amp": 5.0, "con_amp_cl": "tres_fort", "av_con_amp": "-", "con_pro1": 0.0, "con_pro2": 0.0, "con_pro3": 0.0, "con_pro4": 0.2, "con_pro5": 0.8, "con_pro": 5.0, "con_pro_cl": "tres_fort", "av_con_pro": "-", "con_lat1": 0.06, "con_lat2": 0.0, "con_lat3": 0.744, "con_lat4": 0.196, "con_lat5": 0.0, "con_lat": 3.0, "con_lat_cl": "moyen", "av_con_lat": "-", "con_sed1": 1.0, "con_sed2": 0.0, "con_sed3": 0.0, "con_sed4": 0.0, "con_sed5": 0.0, "con_sed": 1.0, "con_sed_cl": "tres_faible", "av_con_sed": "-", "mor_pll1": 0.0, "mor_pll2": 0.0, "mor_pll3": 0.299, "mor_pll4": 0.551, "mor_pll5": 0.15, "mor_pll": 4.0, "mor_pll_cl": "fort", "av_mor_pll": "-", "mor_riv1": 0.0, "mor_riv2": 0.024, "mor_riv3": 0.756, "mor_riv4": 0.22, "mor_riv5": 0.0, "mor_riv": 3.0, "mor_riv_cl": "moyen", "av_mor_riv": "-", "mor_ssl1": 0.0, "mor_ssl2": 0.0, "mor_ssl3": 0.44, "mor_ssl4": 0.477, "mor_ssl5": 0.083, "mor_ssl": 4.0, "mor_ssl_cl": "fort", "av_mor_ssl": "D", "av_aggrave": null, "av_attenue": null, "lbbh": "Artois-Picardie", "cdbh": "01", "Score_100": 33.8, "mor_rip": 3 }, "geometry": { "type": "MultiLineString", "coordinates": [ [ [ 1.987509658310445, 50.769677920342239 ], [ 1.987115297292022, 50.769805355217997 ], [ 1.987063512285997, 50.769847107870504 ], [ 1.986965853161615, 50.770058080264157 ], [ 1.986849526216433, 50.770422341815824 ], [ 1.986831620348201, 50.770607940670814 ], [ 1.986852260205335, 50.77070681342942 ], [ 1.986886795205444, 50.770748370983334 ], [ 1.986908905622909, 50.770774573057246 ], [ 1.987213630835859, 50.770960104528292 ], [ 1.98743305251533, 50.771095589150192 ], [ 1.987431673591891, 50.771163773934497 ], [ 1.987383568945487, 50.771303363972095 ], [ 1.987357357748973, 50.771409931348295 ], [ 1.987468528937179, 50.7716504185736 ], [ 1.987467204476726, 50.771715911798452 ], [ 1.987365626001891, 50.771840709835594 ], [ 1.987334480967786, 50.771911344410697 ], [ 1.98733131865884, 50.771976684660849 ] ] ] } },
{ "type": "Feature", "properties": { "fid": 110, "usra_id": 562886, "usra_id_st": "500633_17", "tgh_id": 500633, "usra_index": 17, "toponyme": "HEM", "longueur": 296.91, "zamont": 60.126316672877323, "zaval": 57.484211369564711, "agri3w_v": 8.52, "agri3w": "faible", "agribv_v": 44.05, "agribv": "fort", "alluvial": "oui", "beton": "absence", "canaux": "absence", "carriere": "absence", "chenal_v": null, "chenal": "faible", "conf": "absence", "conso": 1118.734426493035, "consom1": "faible", "consom2": "faible", "curage": "absence", "dobs1_v": 0.38, "dobs1": "fort", "dobs2_v": 1.23, "dobs2": "fort", "eclu": "absence", "etiage": "fort", "haies_v": 5.1592160602602384, "haies": "fort", "imper_v": 7.08, "imper": "faible", "intercep_v": 0.0, "intercepte": "faible", "montagne": "dessous", "navigable": "non", "obsmax1_v": 2.0, "obsmax1": "moyen", "obsmax2_v": 3.0, "obsmax2": "moyen", "orp": "absence", "orp_amont": "absence", "orp_autour": "absence", "orp_aval": "absence", "orp_proche": "absence", "pente2c": "faible", "pente3c": "moyen", "pistes": "absence", "rang": "petit", "rectitud_v": 66.67, "rectitude": "fort", "ret_us": "autre", "ret_vol1_v": 0.0, "ret_vol1": "faible", "ret_vol2_v": 0.0, "ret_vol2": "faible", "sensisol_v": 21.5469, "sensisol": "moyen", "tcc": "absence", "txamg_v": 0.0, "txamg": "faible", "txetg1_v": 19.0, "txetg1": "moyen", "txetg2_v": 37.46, "txetg2": "fort", "txetg3_v": 61.46, "txetg3": "fort", "txetg4_v": null, "txetg4": "faible", "txetg5_v": 6.68, "txetg5": "faible", "veget10_v": 72.240943373687671, "veget10": "moyen", "veget30_v": 34.743370588672782, "veget30": "faible", "veget60_v": 24.086055387025176, "veget60": "faible", "hyd_dyn1": 1.0, "hyd_dyn2": 0.0, "hyd_dyn3": 0.0, "hyd_dyn4": 0.0, "hyd_dyn5": 0.0, "hyd_dyn": 1.0, "hyd_dyn_cl": "tres_faible", "av_hyd_dyn": "-", "hyd_qte1": 1.0, "hyd_qte2": 0.0, "hyd_qte3": 0.0, "hyd_qte4": 0.0, "hyd_qte5": 0.0, "hyd_qte": 1.0, "hyd_qte_cl": "tres_faible", "av_hyd_qte": "-", "hyd_mes1": 0.0, "hyd_mes2": 0.0, "hyd_mes3": 0.609, "hyd_mes4": 0.352, "hyd_mes5": 0.039, "hyd_mes": 3.0, "hyd_mes_cl": "moyen", "av_hyd_mes": "-", "con_amp1": 0.0, "con_amp2": 0.0, "con_amp3": 0.0, "con_amp4": 0.4, "con_amp5": 0.6, "con_amp": 5.0, "con_amp_cl": "tres_fort", "av_con_amp": "-", "con_pro1": 0.0, "con_pro2": 0.0, "con_pro3": 0.0, "con_pro4": 0.2, "con_pro5": 0.8, "con_pro": 5.0, "con_pro_cl": "tres_fort", "av_con_pro": "-", "con_lat1": 0.0, "con_lat2": 0.0, "con_lat3": 0.7, "con_lat4": 0.3, "con_lat5": 0.0, "con_lat": 3.0, "con_lat_cl": "moyen", "av_con_lat": "-", "con_sed1": 1.0, "con_sed2": 0.0, "con_sed3": 0.0, "con_sed4": 0.0, "con_sed5": 0.0, "con_sed": 1.0, "con_sed_cl": "tres_faible", "av_con_sed": "-", "mor_pll1": 0.0, "mor_pll2": 0.0, "mor_pll3": 0.045, "mor_pll4": 0.52, "mor_pll5": 0.435, "mor_pll": 4.0, "mor_pll_cl": "fort", "av_mor_pll": "-", "mor_riv1": 0.0, "mor_riv2": 0.04, "mor_riv3": 0.76, "mor_riv4": 0.2, "mor_riv5": 0.0, "mor_riv": 3.0, "mor_riv_cl": "moyen", "av_mor_riv": "-", "mor_ssl1": 0.0, "mor_ssl2": 0.0, "mor_ssl3": 0.0, "mor_ssl4": 0.245, "mor_ssl5": 0.755, "mor_ssl": 5.0, "mor_ssl_cl": "tres_fort", "av_mor_ssl": "-", "av_aggrave": null, "av_attenue": null, "lbbh": "Artois-Picardie", "cdbh": "01", "Score_100": 27.2, "mor_rip": 3 }, "geometry": { "type": "MultiLineString", "coordinates": [ [ [ 1.98733131865884, 50.771976684660849 ], [ 1.987324756931826, 50.77211226379147 ], [ 1.987348354577694, 50.772274869595421 ], [ 1.987466892904706, 50.772361078400856 ], [ 1.987697132273729, 50.772661755905979 ], [ 1.98773375534613, 50.772740119915298 ], [ 1.98811105757752, 50.773536411193888 ], [ 1.988165677173388, 50.773704652423149 ], [ 1.988171083518091, 50.773787249064924 ], [ 1.988141280772888, 50.773861483787854 ], [ 1.988001860148966, 50.773968028215613 ], [ 1.987991938137738, 50.774038835207527 ], [ 1.987952557125315, 50.774096840407502 ], [ 1.987783458796749, 50.774201348733065 ], [ 1.987699562410399, 50.774221304899172 ], [ 1.987494456106699, 50.774216945405918 ], [ 1.987401757408688, 50.774239139272368 ] ] ] } },
{ "type": "Feature", "properties": { "fid": 111, "usra_id": 562896, "usra_id_st": "500633_18", "tgh_id": 500633, "usra_index": 18, "toponyme": "HEM", "longueur": 296.91, "zamont": 57.484211369564711, "zaval": 54.842106066252107, "agri3w_v": 0.0, "agri3w": "faible", "agribv_v": 44.05, "agribv": "fort", "alluvial": "oui", "beton": "absence", "canaux": "absence", "carriere": "absence", "chenal_v": null, "chenal": "faible", "conf": "absence", "conso": 1118.734426493035, "consom1": "faible", "consom2": "faible", "curage": "absence", "dobs1_v": 0.38, "dobs1": "fort", "dobs2_v": 1.23, "dobs2": "fort", "eclu": "absence", "etiage": "fort", "haies_v": 5.1592160602602384, "haies": "fort", "imper_v": 7.08, "imper": "faible", "intercep_v": 0.0, "intercepte": "faible", "montagne": "dessous", "navigable": "non", "obsmax1_v": 2.0, "obsmax1": "moyen", "obsmax2_v": 3.0, "obsmax2": "moyen", "orp": "absence", "orp_amont": "absence", "orp_autour": "absence", "orp_aval": "absence", "orp_proche": "absence", "pente2c": "faible", "pente3c": "moyen", "pistes": "absence", "rang": "petit", "rectitud_v": 33.33, "rectitude": "moyen", "ret_us": "autre", "ret_vol1_v": 0.0, "ret_vol1": "faible", "ret_vol2_v": 0.0, "ret_vol2": "faible", "sensisol_v": 21.5469, "sensisol": "moyen", "tcc": "absence", "txamg_v": 0.0, "txamg": "faible", "txetg1_v": 17.49, "txetg1": "moyen", "txetg2_v": 37.48, "txetg2": "fort", "txetg3_v": 100.0, "txetg3": "fort", "txetg4_v": null, "txetg4": "faible", "txetg5_v": 6.31, "txetg5": "faible", "veget10_v": 56.85870865190644, "veget10": "moyen", "veget30_v": 35.181913065842174, "veget30": "faible", "veget60_v": 25.923762137660066, "veget60": "faible", "hyd_dyn1": 1.0, "hyd_dyn2": 0.0, "hyd_dyn3": 0.0, "hyd_dyn4": 0.0, "hyd_dyn5": 0.0, "hyd_dyn": 1.0, "hyd_dyn_cl": "tres_faible", "av_hyd_dyn": "-", "hyd_qte1": 1.0, "hyd_qte2": 0.0, "hyd_qte3": 0.0, "hyd_qte4": 0.0, "hyd_qte5": 0.0, "hyd_qte": 1.0, "hyd_qte_cl": "tres_faible", "av_hyd_qte": "-", "hyd_mes1": 0.0, "hyd_mes2": 0.21, "hyd_mes3": 0.699, "hyd_mes4": 0.091, "hyd_mes5": 0.0, "hyd_mes": 3.0, "hyd_mes_cl": "moyen", "av_hyd_mes": "-", "con_amp1": 0.0, "con_amp2": 0.0, "con_amp3": 0.0, "con_amp4": 0.4, "con_amp5": 0.6, "con_amp": 5.0, "con_amp_cl": "tres_fort", "av_con_amp": "-", "con_pro1": 0.0, "con_pro2": 0.0, "con_pro3": 0.0, "con_pro4": 0.2, "con_pro5": 0.8, "con_pro": 5.0, "con_pro_cl": "tres_fort", "av_con_pro": "-", "con_lat1": 0.3, "con_lat2": 0.0, "con_lat3": 0.7, "con_lat4": 0.0, "con_lat5": 0.0, "con_lat": 3.0, "con_lat_cl": "moyen", "av_con_lat": "-", "con_sed1": 1.0, "con_sed2": 0.0, "con_sed3": 0.0, "con_sed4": 0.0, "con_sed5": 0.0, "con_sed": 1.0, "con_sed_cl": "tres_faible", "av_con_sed": "-", "mor_pll1": 0.0, "mor_pll2": 0.0, "mor_pll3": 0.226, "mor_pll4": 0.652, "mor_pll5": 0.122, "mor_pll": 4.0, "mor_pll_cl": "fort", "av_mor_pll": "-", "mor_riv1": 0.0, "mor_riv2": 0.12, "mor_riv3": 0.78, "mor_riv4": 0.1, "mor_riv5": 0.0, "mor_riv": 3.0, "mor_riv_cl": "moyen", "av_mor_riv": "-", "mor_ssl1": 0.0, "mor_ssl2": 0.0, "mor_ssl3": 0.062, "mor_ssl4": 0.435, "mor_ssl5": 0.503, "mor_ssl": 5.0, "mor_ssl_cl": "tres_fort", "av_mor_ssl": "-", "av_aggrave": null, "av_attenue": null, "lbbh": "Artois-Picardie", "cdbh": "01", "Score_100": 25.0, "mor_rip": 3 }, "geometry": { "type": "MultiLineString", "coordinates": [ [ [ 1.987401757408688, 50.774239139272368 ], [ 1.987309593418174, 50.774261205030783 ], [ 1.987241659277536, 50.774331540142278 ], [ 1.987119378511284, 50.774360156843173 ], [ 1.987076731683847, 50.774369680370704 ], [ 1.986956481791769, 50.774437795130268 ], [ 1.986851125037744, 50.7744692411815 ], [ 1.986562082576658, 50.774556620276037 ], [ 1.98645445677538, 50.774630221147532 ], [ 1.986315413845454, 50.774647932888563 ], [ 1.986233455795336, 50.774711872085668 ], [ 1.986087883055944, 50.774702611081324 ], [ 1.98601078717351, 50.774736081143793 ], [ 1.985944644611557, 50.774857576828012 ], [ 1.985937803763606, 50.774915846325271 ], [ 1.985982336217941, 50.774952998705594 ], [ 1.98616542218948, 50.77499666305291 ], [ 1.986221274278908, 50.775033907500365 ], [ 1.986255739074979, 50.77507905360617 ], [ 1.986240608827419, 50.77512738519971 ], [ 1.986183448556169, 50.775154736471983 ], [ 1.98576662651496, 50.775122628319743 ], [ 1.985730580848007, 50.775155535220946 ], [ 1.985724624757016, 50.775309824097889 ], [ 1.985690718087818, 50.775376846190738 ], [ 1.985606200845657, 50.775427304422621 ], [ 1.985506319107769, 50.775467767013104 ], [ 1.985318547435441, 50.775515589191365 ], [ 1.985234993373738, 50.775518497581025 ], [ 1.984984799918089, 50.77541603773502 ] ] ] } },
{ "type": "Feature", "properties": { "fid": 112, "usra_id": 562901, "usra_id_st": "500633_19", "tgh_id": 500633, "usra_index": 19, "toponyme": "HEM", "longueur": 296.91, "zamont": 54.842106066252107, "zaval": 52.200000762939503, "agri3w_v": 0.0, "agri3w": "faible", "agribv_v": 44.05, "agribv": "fort", "alluvial": "oui", "beton": "absence", "canaux": "absence", "carriere": "absence", "chenal_v": null, "chenal": "faible", "conf": "absence", "conso": 1118.734426493035, "consom1": "faible", "consom2": "faible", "curage": "absence", "dobs1_v": 0.39, "dobs1": "fort", "dobs2_v": 1.23, "dobs2": "fort", "eclu": "absence", "etiage": "fort", "haies_v": 5.1592160602602384, "haies": "fort", "imper_v": 7.08, "imper": "faible", "intercep_v": 0.0, "intercepte": "faible", "montagne": "dessous", "navigable": "non", "obsmax1_v": 2.0, "obsmax1": "moyen", "obsmax2_v": 3.0, "obsmax2": "moyen", "orp": "absence", "orp_amont": "absence", "orp_autour": "absence", "orp_aval": "absence", "orp_proche": "absence", "pente2c": "faible", "pente3c": "moyen", "pistes": "absence", "rang": "petit", "rectitud_v": 0.0, "rectitude": "faible", "ret_us": "autre", "ret_vol1_v": 0.0, "ret_vol1": "faible", "ret_vol2_v": 0.0, "ret_vol2": "faible", "sensisol_v": 21.5469, "sensisol": "moyen", "tcc": "absence", "txamg_v": 0.0, "txamg": "faible", "txetg1_v": 14.43, "txetg1": "moyen", "txetg2_v": 37.64, "txetg2": "fort", "txetg3_v": 100.01, "txetg3": "fort", "txetg4_v": null, "txetg4": "faible", "txetg5_v": 5.98, "txetg5": "faible", "veget10_v": 60.235355199492432, "veget10": "moyen", "veget30_v": 35.7725554093347, "veget30": "faible", "veget60_v": 30.718396631229083, "veget60": "faible", "hyd_dyn1": 1.0, "hyd_dyn2": 0.0, "hyd_dyn3": 0.0, "hyd_dyn4": 0.0, "hyd_dyn5": 0.0, "hyd_dyn": 1.0, "hyd_dyn_cl": "tres_faible", "av_hyd_dyn": "-", "hyd_qte1": 1.0, "hyd_qte2": 0.0, "hyd_qte3": 0.0, "hyd_qte4": 0.0, "hyd_qte5": 0.0, "hyd_qte": 1.0, "hyd_qte_cl": "tres_faible", "av_hyd_qte": "-", "hyd_mes1": 0.0, "hyd_mes2": 0.7, "hyd_mes3": 0.3, "hyd_mes4": 0.0, "hyd_mes5": 0.0, "hyd_mes": 2.0, "hyd_mes_cl": "faible", "av_hyd_mes": "-", "con_amp1": 0.0, "con_amp2": 0.0, "con_amp3": 0.0, "con_amp4": 0.4, "con_amp5": 0.6, "con_amp": 5.0, "con_amp_cl": "tres_fort", "av_con_amp": "-", "con_pro1": 0.0, "con_pro2": 0.0, "con_pro3": 0.0, "con_pro4": 0.2, "con_pro5": 0.8, "con_pro": 5.0, "con_pro_cl": "tres_fort", "av_con_pro": "-", "con_lat1": 1.0, "con_lat2": 0.0, "con_lat3": 0.0, "con_lat4": 0.0, "con_lat5": 0.0, "con_lat": 1.0, "con_lat_cl": "tres_faible", "av_con_lat": "-", "con_sed1": 1.0, "con_sed2": 0.0, "con_sed3": 0.0, "con_sed4": 0.0, "con_sed5": 0.0, "con_sed": 1.0, "con_sed_cl": "tres_faible", "av_con_sed": "-", "mor_pll1": 0.0, "mor_pll2": 0.0, "mor_pll3": 0.5, "mor_pll4": 0.5, "mor_pll5": 0.0, "mor_pll": 4.0, "mor_pll_cl": "fort", "av_mor_pll": "D", "mor_riv1": 0.0, "mor_riv2": 0.2, "mor_riv3": 0.8, "mor_riv4": 0.0, "mor_riv5": 0.0, "mor_riv": 3.0, "mor_riv_cl": "moyen", "av_mor_riv": "-", "mor_ssl1": 0.0, "mor_ssl2": 0.0, "mor_ssl3": 0.136, "mor_ssl4": 0.509, "mor_ssl5": 0.355, "mor_ssl": 4.0, "mor_ssl_cl": "fort", "av_mor_ssl": "-", "av_aggrave": null, "av_attenue": null, "lbbh": "Artois-Picardie", "cdbh": "01", "Score_100": 23.7, "mor_rip": 3 }, "geometry": { "type": "MultiLineString", "coordinates": [ [ [ 1.984984799918089, 50.77541603773502 ], [ 1.984922008912025, 50.775390323258875 ], [ 1.984872031441362, 50.775412348615191 ], [ 1.98480408824371, 50.775552672432163 ], [ 1.984749192584854, 50.775607858112423 ], [ 1.984600619515094, 50.775676636911292 ], [ 1.984582148101201, 50.775750065706582 ], [ 1.984596875461098, 50.77579146204738 ], [ 1.984602280496564, 50.775804068457276 ], [ 1.98476403501287, 50.775852944712788 ], [ 1.984825364886007, 50.775899207493232 ], [ 1.984925691091412, 50.776046286780506 ], [ 1.984993859660474, 50.776104270226838 ], [ 1.98514121135972, 50.776165590893108 ], [ 1.98511940140531, 50.776264117155463 ], [ 1.985083518180368, 50.776288949364741 ], [ 1.984938282800415, 50.776332631058075 ], [ 1.984844709461773, 50.776410831477939 ], [ 1.984685032760815, 50.776468752088945 ], [ 1.984626305256012, 50.77657325838765 ], [ 1.984499226667019, 50.7766287526158 ], [ 1.984432845932727, 50.776691920198509 ], [ 1.984373144153888, 50.776704892933466 ], [ 1.984321263463001, 50.776681139776706 ], [ 1.984331791831285, 50.776580727072492 ], [ 1.984290016278973, 50.776547185917501 ], [ 1.984171887250495, 50.776510330003077 ], [ 1.984141668241016, 50.776465218047122 ], [ 1.98407828614212, 50.776450344043234 ], [ 1.984007537951558, 50.776449766853297 ], [ 1.983967227071031, 50.776483535705324 ], [ 1.983968618589202, 50.776554434462078 ], [ 1.983907132384723, 50.776655328678032 ], [ 1.983906021640464, 50.776710055445037 ], [ 1.983881184127736, 50.776748437053818 ], [ 1.983832674447134, 50.776767782013096 ], [ 1.983803810457782, 50.77679536304516 ], [ 1.983788968701976, 50.77682933965626 ] ] ] } },
{ "type": "Feature", "properties": { "fid": 113, "usra_id": 563161, "usra_id_st": "500681_1", "tgh_id": 500681, "usra_index": 1, "toponyme": "HEM", "longueur": 295.31, "zamont": 110.40000152587902, "zaval": 107.88077075664825, "agri3w_v": 0.0, "agri3w": "faible", "agribv_v": 44.05, "agribv": "fort", "alluvial": "non", "beton": "absence", "canaux": "absence", "carriere": "absence", "chenal_v": null, "chenal": "faible", "conf": "absence", "conso": 1118.734426493035, "consom1": "faible", "consom2": "faible", "curage": "absence", "dobs1_v": 0.64, "dobs1": "fort", "dobs2_v": 2.26, "dobs2": "fort", "eclu": "absence", "etiage": "fort", "haies_v": 5.1592160602602384, "haies": "fort", "imper_v": 7.08, "imper": "faible", "intercep_v": 0.0, "intercepte": "faible", "montagne": "dessous", "navigable": "non", "obsmax1_v": 3.0, "obsmax1": "moyen", "obsmax2_v": 0.5, "obsmax2": "faible", "orp": "absence", "orp_amont": "absence", "orp_autour": "absence", "orp_aval": "absence", "orp_proche": "absence", "pente2c": "faible", "pente3c": "moyen", "pistes": "absence", "rang": "petit", "rectitud_v": 66.67, "rectitude": "fort", "ret_us": "autre", "ret_vol1_v": 0.0, "ret_vol1": "faible", "ret_vol2_v": 0.0, "ret_vol2": "faible", "sensisol_v": 21.5469, "sensisol": "moyen", "tcc": "absence", "txamg_v": 0.0, "txamg": "faible", "txetg1_v": 12.77, "txetg1": "moyen", "txetg2_v": 21.03, "txetg2": "moyen", "txetg3_v": null, "txetg3": "faible", "txetg4_v": null, "txetg4": "faible", "txetg5_v": null, "txetg5": "faible", "veget10_v": 55.198349935146467, "veget10": "moyen", "veget30_v": 46.5041553138838, "veget30": "moyen", "veget60_v": 39.888960373173731, "veget60": "faible", "hyd_dyn1": 1.0, "hyd_dyn2": 0.0, "hyd_dyn3": 0.0, "hyd_dyn4": 0.0, "hyd_dyn5": 0.0, "hyd_dyn": 1.0, "hyd_dyn_cl": "tres_faible", "av_hyd_dyn": "-", "hyd_qte1": 1.0, "hyd_qte2": 0.0, "hyd_qte3": 0.0, "hyd_qte4": 0.0, "hyd_qte5": 0.0, "hyd_qte": 1.0, "hyd_qte_cl": "tres_faible", "av_hyd_qte": "-", "hyd_mes1": 1.0, "hyd_mes2": 0.0, "hyd_mes3": 0.0, "hyd_mes4": 0.0, "hyd_mes5": 0.0, "hyd_mes": 1.0, "hyd_mes_cl": "tres_faible", "av_hyd_mes": "-", "con_amp1": 0.0, "con_amp2": 0.0, "con_amp3": 0.0, "con_amp4": 0.4, "con_amp5": 0.6, "con_amp": 5.0, "con_amp_cl": "tres_fort", "av_con_amp": "-", "con_pro1": 0.0, "con_pro2": 0.0, "con_pro3": 0.5, "con_pro4": 0.5, "con_pro5": 0.0, "con_pro": 4.0, "con_pro_cl": "fort", "av_con_pro": "D", "con_lat1": 0.35, "con_lat2": 0.0, "con_lat3": 0.65, "con_lat4": 0.0, "con_lat5": 0.0, "con_lat": 3.0, "con_lat_cl": "moyen", "av_con_lat": "-", "con_sed1": 1.0, "con_sed2": 0.0, "con_sed3": 0.0, "con_sed4": 0.0, "con_sed5": 0.0, "con_sed": 1.0, "con_sed_cl": "tres_faible", "av_con_sed": "-", "mor_pll1": 0.0, "mor_pll2": 0.0, "mor_pll3": 0.386, "mor_pll4": 0.533, "mor_pll5": 0.081, "mor_pll": 4.0, "mor_pll_cl": "fort", "av_mor_pll": "-", "mor_riv1": 0.04, "mor_riv2": 0.064, "mor_riv3": 0.736, "mor_riv4": 0.16, "mor_riv5": 0.0, "mor_riv": 3.0, "mor_riv_cl": "moyen", "av_mor_riv": "-", "mor_ssl1": 0.0, "mor_ssl2": 0.0, "mor_ssl3": 0.171, "mor_ssl4": 0.529, "mor_ssl5": 0.3, "mor_ssl": 4.0, "mor_ssl_cl": "fort", "av_mor_ssl": "-", "av_aggrave": null, "av_attenue": null, "lbbh": "Artois-Picardie", "cdbh": "01", "Score_100": 22.4, "mor_rip": 3 }, "geometry": { "type": "MultiLineString", "coordinates": [ [ [ 1.966381249293643, 50.736690794187446 ], [ 1.966558267813188, 50.736952500603607 ], [ 1.966632357949468, 50.737062594521149 ], [ 1.966825259549035, 50.737102783161589 ], [ 1.9670475933556, 50.737155778953564 ], [ 1.967234174489705, 50.737228219612291 ], [ 1.967368055244834, 50.737319067274704 ], [ 1.967524188446084, 50.737428046720126 ], [ 1.967714763108964, 50.737581282544376 ], [ 1.967877190974651, 50.737728003005927 ], [ 1.968074929604111, 50.737876810796898 ], [ 1.968169789109404, 50.738008612582554 ], [ 1.968283140379772, 50.738135183415402 ], [ 1.968432754404007, 50.738286283566865 ], [ 1.968554118362643, 50.738367155001022 ], [ 1.968661768606196, 50.738427273287122 ], [ 1.968837082629597, 50.738497823229167 ], [ 1.968978925332561, 50.738545661500929 ], [ 1.969089207156049, 50.738585999097239 ] ] ] } },
{ "type": "Feature", "properties": { "fid": 114, "usra_id": 563166, "usra_id_st": "500681_2", "tgh_id": 500681, "usra_index": 2, "toponyme": "HEM", "longueur": 295.31, "zamont": 107.88077075664825, "zaval": 105.36153998741747, "agri3w_v": 0.0, "agri3w": "faible", "agribv_v": 44.05, "agribv": "fort", "alluvial": "non", "beton": "absence", "canaux": "absence", "carriere": "absence", "chenal_v": null, "chenal": "faible", "conf": "absence", "conso": 1118.734426493035, "consom1": "faible", "consom2": "faible", "curage": "absence", "dobs1_v": 0.64, "dobs1": "fort", "dobs2_v": 3.39, "dobs2": "fort", "eclu": "absence", "etiage": "fort", "haies_v": 5.1592160602602384, "haies": "fort", "imper_v": 7.08, "imper": "faible", "intercep_v": 0.0, "intercepte": "faible", "montagne": "dessous", "navigable": "non", "obsmax1_v": 3.0, "obsmax1": "moyen", "obsmax2_v": 3.0, "obsmax2": "moyen", "orp": "absence", "orp_amont": "absence", "orp_autour": "absence", "orp_aval": "absence", "orp_proche": "absence", "pente2c": "faible", "pente3c": "moyen", "pistes": "absence", "rang": "petit", "rectitud_v": 0.0, "rectitude": "faible", "ret_us": "autre", "ret_vol1_v": 0.0, "ret_vol1": "faible", "ret_vol2_v": 0.0, "ret_vol2": "faible", "sensisol_v": 21.5469, "sensisol": "moyen", "tcc": "absence", "txamg_v": 35.71, "txamg": "fort", "txetg1_v": 13.05, "txetg1": "moyen", "txetg2_v": 24.67, "txetg2": "moyen", "txetg3_v": 19.85, "txetg3": "moyen", "txetg4_v": null, "txetg4": "faible", "txetg5_v": null, "txetg5": "faible", "veget10_v": 34.874790183823464, "veget10": "faible", "veget30_v": 19.652172937303785, "veget30": "tres_faible", "veget60_v": 12.397490500088855, "veget60": "tres_faible", "hyd_dyn1": 1.0, "hyd_dyn2": 0.0, "hyd_dyn3": 0.0, "hyd_dyn4": 0.0, "hyd_dyn5": 0.0, "hyd_dyn": 1.0, "hyd_dyn_cl": "tres_faible", "av_hyd_dyn": "-", "hyd_qte1": 1.0, "hyd_qte2": 0.0, "hyd_qte3": 0.0, "hyd_qte4": 0.0, "hyd_qte5": 0.0, "hyd_qte": 1.0, "hyd_qte_cl": "tres_faible", "av_hyd_qte": "-", "hyd_mes1": 1.0, "hyd_mes2": 0.0, "hyd_mes3": 0.0, "hyd_mes4": 0.0, "hyd_mes5": 0.0, "hyd_mes": 1.0, "hyd_mes_cl": "tres_faible", "av_hyd_mes": "-", "con_amp1": 0.0, "con_amp2": 0.0, "con_amp3": 0.0, "con_amp4": 0.4, "con_amp5": 0.6, "con_amp": 5.0, "con_amp_cl": "tres_fort", "av_con_amp": "-", "con_pro1": 0.0, "con_pro2": 0.0, "con_pro3": 0.3, "con_pro4": 0.5, "con_pro5": 0.2, "con_pro": 4.0, "con_pro_cl": "fort", "av_con_pro": "-", "con_lat1": 0.2, "con_lat2": 0.0, "con_lat3": 0.8, "con_lat4": 0.0, "con_lat5": 0.0, "con_lat": 3.0, "con_lat_cl": "moyen", "av_con_lat": "-", "con_sed1": 1.0, "con_sed2": 0.0, "con_sed3": 0.0, "con_sed4": 0.0, "con_sed5": 0.0, "con_sed": 1.0, "con_sed_cl": "tres_faible", "av_con_sed": "-", "mor_pll1": 0.0, "mor_pll2": 0.0, "mor_pll3": 0.412, "mor_pll4": 0.526, "mor_pll5": 0.062, "mor_pll": 4.0, "mor_pll_cl": "fort", "av_mor_pll": "-", "mor_riv1": 0.0, "mor_riv2": 0.022, "mor_riv3": 0.306, "mor_riv4": 0.456, "mor_riv5": 0.216, "mor_riv": 4.0, "mor_riv_cl": "fort", "av_mor_riv": "-", "mor_ssl1": 0.0, "mor_ssl2": 0.0, "mor_ssl3": 0.455, "mor_ssl4": 0.47, "mor_ssl5": 0.075, "mor_ssl": 4.0, "mor_ssl_cl": "fort", "av_mor_ssl": "D", "av_aggrave": null, "av_attenue": null, "lbbh": "Artois-Picardie", "cdbh": "01", "Score_100": 34.4, "mor_rip": 4 }, "geometry": { "type": "MultiLineString", "coordinates": [ [ [ 1.969089207156049, 50.738585999097239 ], [ 1.969109457176045, 50.73859340589491 ], [ 1.969221331792942, 50.738654456028428 ], [ 1.96934543342745, 50.738739836119535 ], [ 1.969391372231831, 50.73877521376324 ], [ 1.969460978282116, 50.738828734653325 ], [ 1.969531647781568, 50.738899314188821 ], [ 1.969547525895866, 50.738952390053953 ], [ 1.969529617992808, 50.738998007218406 ], [ 1.969531486261758, 50.739044685518685 ], [ 1.969551679948032, 50.739094207662944 ], [ 1.969566144238288, 50.73914727180096 ], [ 1.969583270310249, 50.739208434231749 ], [ 1.969619275441567, 50.739245524222575 ], [ 1.969769087917583, 50.739318553638249 ], [ 1.969844609040066, 50.739359560172574 ], [ 1.969906452295211, 50.739378019388077 ], [ 1.96995469136517, 50.73937034247168 ], [ 1.969996758323472, 50.739387740568276 ], [ 1.970040460549367, 50.739394383847852 ], [ 1.970105334616491, 50.739402997073675 ], [ 1.970228418929938, 50.739400426322213 ], [ 1.970324472912422, 50.739405708025558 ], [ 1.970406203397373, 50.739419844750159 ], [ 1.970527449818087, 50.739437897806901 ], [ 1.970604754329446, 50.739460971394493 ], [ 1.970670710712914, 50.739485745780264 ], [ 1.970755909080559, 50.739537600130333 ], [ 1.970832513528474, 50.739594767503107 ], [ 1.970861560831397, 50.739626415388138 ], [ 1.970918131056362, 50.739695082691107 ], [ 1.971058647651674, 50.73987661425052 ], [ 1.971232560794808, 50.739878052241629 ], [ 1.971369343416304, 50.739897130262875 ], [ 1.971512937943038, 50.739928827484135 ], [ 1.971598727246846, 50.739951970557662 ], [ 1.971705817663416, 50.739970802800862 ], [ 1.971766469383031, 50.739978482890969 ], [ 1.971761509480819, 50.740013438961661 ], [ 1.97180800352629, 50.740021899398627 ], [ 1.971966128209782, 50.739965774831838 ], [ 1.971995859401033, 50.739956767891002 ] ] ] } },
{ "type": "Feature", "properties": { "fid": 115, "usra_id": 563169, "usra_id_st": "500681_3", "tgh_id": 500681, "usra_index": 3, "toponyme": "HEM", "longueur": 295.31, "zamont": 105.36153998741747, "zaval": 102.8423092181867, "agri3w_v": 12.76, "agri3w": "faible", "agribv_v": 44.05, "agribv": "fort", "alluvial": "non", "beton": "absence", "canaux": "absence", "carriere": "absence", "chenal_v": null, "chenal": "faible", "conf": "absence", "conso": 1118.734426493035, "consom1": "faible", "consom2": "faible", "curage": "absence", "dobs1_v": 0.62, "dobs1": "fort", "dobs2_v": 2.96, "dobs2": "fort", "eclu": "absence", "etiage": "fort", "haies_v": 5.1592160602602384, "haies": "fort", "imper_v": 7.08, "imper": "faible", "intercep_v": 0.0, "intercepte": "faible", "montagne": "dessous", "navigable": "non", "obsmax1_v": 3.0, "obsmax1": "moyen", "obsmax2_v": 3.0, "obsmax2": "moyen", "orp": "absence", "orp_amont": "absence", "orp_autour": "absence", "orp_aval": "absence", "orp_proche": "absence", "pente2c": "faible", "pente3c": "moyen", "pistes": "absence", "rang": "petit", "rectitud_v": 66.67, "rectitude": "fort", "ret_us": "autre", "ret_vol1_v": 0.0, "ret_vol1": "faible", "ret_vol2_v": 0.0, "ret_vol2": "faible", "sensisol_v": 21.5469, "sensisol": "moyen", "tcc": "absence", "txamg_v": 26.04, "txamg": "fort", "txetg1_v": 12.89, "txetg1": "moyen", "txetg2_v": 21.59, "txetg2": "moyen", "txetg3_v": null, "txetg3": "faible", "txetg4_v": null, "txetg4": "faible", "txetg5_v": null, "txetg5": "faible", "veget10_v": 53.818466955857971, "veget10": "moyen", "veget30_v": 34.121577737424595, "veget30": "faible", "veget60_v": 20.526686195213827, "veget60": "faible", "hyd_dyn1": 1.0, "hyd_dyn2": 0.0, "hyd_dyn3": 0.0, "hyd_dyn4": 0.0, "hyd_dyn5": 0.0, "hyd_dyn": 1.0, "hyd_dyn_cl": "tres_faible", "av_hyd_dyn": "-", "hyd_qte1": 1.0, "hyd_qte2": 0.0, "hyd_qte3": 0.0, "hyd_qte4": 0.0, "hyd_qte5": 0.0, "hyd_qte": 1.0, "hyd_qte_cl": "tres_faible", "av_hyd_qte": "-", "hyd_mes1": 1.0, "hyd_mes2": 0.0, "hyd_mes3": 0.0, "hyd_mes4": 0.0, "hyd_mes5": 0.0, "hyd_mes": 1.0, "hyd_mes_cl": "tres_faible", "av_hyd_mes": "-", "con_amp1": 0.0, "con_amp2": 0.0, "con_amp3": 0.0, "con_amp4": 0.4, "con_amp5": 0.6, "con_amp": 5.0, "con_amp_cl": "tres_fort", "av_con_amp": "-", "con_pro1": 0.0, "con_pro2": 0.0, "con_pro3": 0.3, "con_pro4": 0.5, "con_pro5": 0.2, "con_pro": 4.0, "con_pro_cl": "fort", "av_con_pro": "-", "con_lat1": 0.07, "con_lat2": 0.0, "con_lat3": 0.748, "con_lat4": 0.182, "con_lat5": 0.0, "con_lat": 3.0, "con_lat_cl": "moyen", "av_con_lat": "-", "con_sed1": 1.0, "con_sed2": 0.0, "con_sed3": 0.0, "con_sed4": 0.0, "con_sed5": 0.0, "con_sed": 1.0, "con_sed_cl": "tres_faible", "av_con_sed": "-", "mor_pll1": 0.0, "mor_pll2": 0.0, "mor_pll3": 0.114, "mor_pll4": 0.43, "mor_pll5": 0.456, "mor_pll": 5.0, "mor_pll_cl": "tres_fort", "av_mor_pll": "D", "mor_riv1": 0.0, "mor_riv2": 0.008, "mor_riv3": 0.632, "mor_riv4": 0.28, "mor_riv5": 0.08, "mor_riv": 3.0, "mor_riv_cl": "moyen", "av_mor_riv": "-", "mor_ssl1": 0.0, "mor_ssl2": 0.0, "mor_ssl3": 0.171, "mor_ssl4": 0.529, "mor_ssl5": 0.3, "mor_ssl": 4.0, "mor_ssl_cl": "fort", "av_mor_ssl": "-", "av_aggrave": null, "av_attenue": null, "lbbh": "Artois-Picardie", "cdbh": "01", "Score_100": 33.9, "mor_rip": 3 }, "geometry": { "type": "MultiLineString", "coordinates": [ [ [ 1.971995859401033, 50.739956767891002 ], [ 1.972185272357703, 50.739899385777179 ], [ 1.972479133256848, 50.739844381674622 ], [ 1.972549771642301, 50.739916753804664 ], [ 1.972625535110601, 50.739946094904319 ], [ 1.972711251373668, 50.739972826044003 ], [ 1.972765035939404, 50.739970577988402 ], [ 1.97292910711649, 50.739969240274412 ], [ 1.97307016920683, 50.739986557018646 ], [ 1.97320384915138, 50.740019067808639 ], [ 1.973421740241748, 50.740082783475287 ], [ 1.973581568601216, 50.740150506614164 ], [ 1.973740277497928, 50.740203862546977 ], [ 1.973941753154024, 50.740309617791581 ], [ 1.973972418886583, 50.740331407286 ], [ 1.974113169417239, 50.740433072055069 ], [ 1.97418458199408, 50.740536857126664 ], [ 1.974218221848273, 50.740689685514148 ], [ 1.974221103894164, 50.740825210486086 ], [ 1.974228025771735, 50.740970639678594 ], [ 1.974197174807585, 50.741096015567933 ], [ 1.974189295659429, 50.741273627588434 ], [ 1.974195611814399, 50.741379567931858 ], [ 1.974219116120415, 50.741474881652131 ], [ 1.974230333809949, 50.741499346958911 ] ] ] } },
{ "type": "Feature", "properties": { "fid": 116, "usra_id": 563174, "usra_id_st": "500681_4", "tgh_id": 500681, "usra_index": 4, "toponyme": "HEM", "longueur": 295.31, "zamont": 102.8423092181867, "zaval": 100.32307844895593, "agri3w_v": 0.0, "agri3w": "faible", "agribv_v": 44.05, "agribv": "fort", "alluvial": "non", "beton": "absence", "canaux": "absence", "carriere": "absence", "chenal_v": null, "chenal": "faible", "conf": "absence", "conso": 1118.734426493035, "consom1": "faible", "consom2": "faible", "curage": "absence", "dobs1_v": 0.63, "dobs1": "fort", "dobs2_v": 3.01, "dobs2": "fort", "eclu": "absence", "etiage": "fort", "haies_v": 5.1592160602602384, "haies": "fort", "imper_v": 7.08, "imper": "faible", "intercep_v": 0.0, "intercepte": "faible", "montagne": "dessous", "navigable": "non", "obsmax1_v": 3.0, "obsmax1": "moyen", "obsmax2_v": 3.0, "obsmax2": "moyen", "orp": "absence", "orp_amont": "absence", "orp_autour": "absence", "orp_aval": "absence", "orp_proche": "absence", "pente2c": "faible", "pente3c": "moyen", "pistes": "absence", "rang": "petit", "rectitud_v": 66.67, "rectitude": "fort", "ret_us": "autre", "ret_vol1_v": 0.0, "ret_vol1": "faible", "ret_vol2_v": 0.0, "ret_vol2": "faible", "sensisol_v": 21.5469, "sensisol": "moyen", "tcc": "absence", "txamg_v": 32.83, "txamg": "fort", "txetg1_v": 13.19, "txetg1": "moyen", "txetg2_v": 20.07, "txetg2": "moyen", "txetg3_v": 15.86, "txetg3": "moyen", "txetg4_v": null, "txetg4": "faible", "txetg5_v": null, "txetg5": "faible", "veget10_v": 44.152087714138112, "veget10": "moyen", "veget30_v": 44.793508832866522, "veget30": "moyen", "veget60_v": 38.649631310535838, "veget60": "faible", "hyd_dyn1": 1.0, "hyd_dyn2": 0.0, "hyd_dyn3": 0.0, "hyd_dyn4": 0.0, "hyd_dyn5": 0.0, "hyd_dyn": 1.0, "hyd_dyn_cl": "tres_faible", "av_hyd_dyn": "-", "hyd_qte1": 1.0, "hyd_qte2": 0.0, "hyd_qte3": 0.0, "hyd_qte4": 0.0, "hyd_qte5": 0.0, "hyd_qte": 1.0, "hyd_qte_cl": "tres_faible", "av_hyd_qte": "-", "hyd_mes1": 1.0, "hyd_mes2": 0.0, "hyd_mes3": 0.0, "hyd_mes4": 0.0, "hyd_mes5": 0.0, "hyd_mes": 1.0, "hyd_mes_cl": "tres_faible", "av_hyd_mes": "-", "con_amp1": 0.0, "con_amp2": 0.0, "con_amp3": 0.0, "con_amp4": 0.4, "con_amp5": 0.6, "con_amp": 5.0, "con_amp_cl": "tres_fort", "av_con_amp": "-", "con_pro1": 0.0, "con_pro2": 0.0, "con_pro3": 0.3, "con_pro4": 0.5, "con_pro5": 0.2, "con_pro": 4.0, "con_pro_cl": "fort", "av_con_pro": "-", "con_lat1": 0.07, "con_lat2": 0.0, "con_lat3": 0.748, "con_lat4": 0.182, "con_lat5": 0.0, "con_lat": 3.0, "con_lat_cl": "moyen", "av_con_lat": "-", "con_sed1": 1.0, "con_sed2": 0.0, "con_sed3": 0.0, "con_sed4": 0.0, "con_sed5": 0.0, "con_sed": 1.0, "con_sed_cl": "tres_faible", "av_con_sed": "-", "mor_pll1": 0.0, "mor_pll2": 0.0, "mor_pll3": 0.068, "mor_pll4": 0.375, "mor_pll5": 0.557, "mor_pll": 5.0, "mor_pll_cl": "tres_fort", "av_mor_pll": "-", "mor_riv1": 0.008, "mor_riv2": 0.038, "mor_riv3": 0.634, "mor_riv4": 0.256, "mor_riv5": 0.064, "mor_riv": 3.0, "mor_riv_cl": "moyen", "av_mor_riv": "-", "mor_ssl1": 0.0, "mor_ssl2": 0.0, "mor_ssl3": 0.069, "mor_ssl4": 0.358, "mor_ssl5": 0.573, "mor_ssl": 5.0, "mor_ssl_cl": "tres_fort", "av_mor_ssl": "-", "av_aggrave": null, "av_attenue": null, "lbbh": "Artois-Picardie", "cdbh": "01", "Score_100": 33.6, "mor_rip": 3 }, "geometry": { "type": "MultiLineString", "coordinates": [ [ [ 1.974230333809949, 50.741499346958911 ], [ 1.974267851667592, 50.741581171633371 ], [ 1.974274388860807, 50.741607248898312 ], [ 1.974290291225683, 50.741659426734572 ], [ 1.974352762842781, 50.741785571741431 ], [ 1.974407411821738, 50.741948443871252 ], [ 1.974423406264107, 50.741996135633855 ], [ 1.974571985248825, 50.742130168958617 ], [ 1.974718893979155, 50.742276751307202 ], [ 1.974847843809755, 50.742402546290499 ], [ 1.974966841192215, 50.742530951199932 ], [ 1.975047128026974, 50.742615964023436 ], [ 1.975115202968832, 50.742675750229132 ], [ 1.975291111807513, 50.742856670126827 ], [ 1.97536039953571, 50.742926337073534 ], [ 1.975170059759293, 50.743036041793104 ], [ 1.975313299698416, 50.743154774964964 ], [ 1.975551409759023, 50.743337103869401 ], [ 1.97555836981452, 50.743342545299292 ], [ 1.975758596279759, 50.743510204183814 ], [ 1.97585423864928, 50.743605213627013 ], [ 1.975962365203284, 50.743742477213694 ] ] ] } },
{ "type": "Feature", "properties": { "fid": 117, "usra_id": 563179, "usra_id_st": "500681_5", "tgh_id": 500681, "usra_index": 5, "toponyme": "HEM", "longueur": 295.31, "zamont": 100.32307844895593, "zaval": 97.803847679725152, "agri3w_v": 0.0, "agri3w": "faible", "agribv_v": 44.05, "agribv": "fort", "alluvial": "non", "beton": "absence", "canaux": "absence", "carriere": "absence", "chenal_v": null, "chenal": "faible", "conf": "absence", "conso": 1118.734426493035, "consom1": "faible", "consom2": "faible", "curage": "absence", "dobs1_v": 0.59, "dobs1": "fort", "dobs2_v": 3.05, "dobs2": "fort", "eclu": "absence", "etiage": "fort", "haies_v": 5.1592160602602384, "haies": "fort", "imper_v": 7.08, "imper": "faible", "intercep_v": 0.0, "intercepte": "faible", "montagne": "dessous", "navigable": "non", "obsmax1_v": 3.0, "obsmax1": "moyen", "obsmax2_v": 3.0, "obsmax2": "moyen", "orp": "absence", "orp_amont": "absence", "orp_autour": "absence", "orp_aval": "absence", "orp_proche": "absence", "pente2c": "faible", "pente3c": "moyen", "pistes": "absence", "rang": "petit", "rectitud_v": 33.33, "rectitude": "moyen", "ret_us": "autre", "ret_vol1_v": 0.0, "ret_vol1": "faible", "ret_vol2_v": 0.0, "ret_vol2": "faible", "sensisol_v": 21.5469, "sensisol": "moyen", "tcc": "absence", "txamg_v": 47.64, "txamg": "fort", "txetg1_v": 13.13, "txetg1": "moyen", "txetg2_v": 22.03, "txetg2": "moyen", "txetg3_v": 5.98, "txetg3": "faible", "txetg4_v": null, "txetg4": "faible", "txetg5_v": null, "txetg5": "faible", "veget10_v": 57.28169136044027, "veget10": "moyen", "veget30_v": 25.326956603954667, "veget30": "faible", "veget60_v": 16.977913228665855, "veget60": "tres_faible", "hyd_dyn1": 1.0, "hyd_dyn2": 0.0, "hyd_dyn3": 0.0, "hyd_dyn4": 0.0, "hyd_dyn5": 0.0, "hyd_dyn": 1.0, "hyd_dyn_cl": "tres_faible", "av_hyd_dyn": "-", "hyd_qte1": 1.0, "hyd_qte2": 0.0, "hyd_qte3": 0.0, "hyd_qte4": 0.0, "hyd_qte5": 0.0, "hyd_qte": 1.0, "hyd_qte_cl": "tres_faible", "av_hyd_qte": "-", "hyd_mes1": 1.0, "hyd_mes2": 0.0, "hyd_mes3": 0.0, "hyd_mes4": 0.0, "hyd_mes5": 0.0, "hyd_mes": 1.0, "hyd_mes_cl": "tres_faible", "av_hyd_mes": "-", "con_amp1": 0.0, "con_amp2": 0.0, "con_amp3": 0.0, "con_amp4": 0.4, "con_amp5": 0.6, "con_amp": 5.0, "con_amp_cl": "tres_fort", "av_con_amp": "-", "con_pro1": 0.0, "con_pro2": 0.0, "con_pro3": 0.3, "con_pro4": 0.5, "con_pro5": 0.2, "con_pro": 4.0, "con_pro_cl": "fort", "av_con_pro": "-", "con_lat1": 0.13, "con_lat2": 0.0, "con_lat3": 0.772, "con_lat4": 0.098, "con_lat5": 0.0, "con_lat": 3.0, "con_lat_cl": "moyen", "av_con_lat": "-", "con_sed1": 1.0, "con_sed2": 0.0, "con_sed3": 0.0, "con_sed4": 0.0, "con_sed5": 0.0, "con_sed": 1.0, "con_sed_cl": "tres_faible", "av_con_sed": "-", "mor_pll1": 0.0, "mor_pll2": 0.0, "mor_pll3": 0.356, "mor_pll4": 0.538, "mor_pll5": 0.106, "mor_pll": 4.0, "mor_pll_cl": "fort", "av_mor_pll": "-", "mor_riv1": 0.0, "mor_riv2": 0.024, "mor_riv3": 0.756, "mor_riv4": 0.22, "mor_riv5": 0.0, "mor_riv": 3.0, "mor_riv_cl": "moyen", "av_mor_riv": "-", "mor_ssl1": 0.0, "mor_ssl2": 0.0, "mor_ssl3": 0.44, "mor_ssl4": 0.477, "mor_ssl5": 0.083, "mor_ssl": 4.0, "mor_ssl_cl": "fort", "av_mor_ssl": "D", "av_aggrave": null, "av_attenue": null, "lbbh": "Artois-Picardie", "cdbh": "01", "Score_100": 34.9, "mor_rip": 3 }, "geometry": { "type": "MultiLineString", "coordinates": [ [ [ 1.975962365203284, 50.743742477213694 ], [ 1.976008631075699, 50.743801210156391 ], [ 1.976119446013, 50.743984284928537 ], [ 1.976293050683397, 50.744209154375696 ], [ 1.976504509204669, 50.744519583425088 ], [ 1.976702324467515, 50.744805671226182 ], [ 1.97674553751776, 50.744836536562651 ], [ 1.976837433696711, 50.744838189503596 ], [ 1.976882060928447, 50.744869066417365 ], [ 1.976938905100458, 50.744994265808359 ], [ 1.97697987991876, 50.745065493527861 ], [ 1.977030237029713, 50.745092828067662 ], [ 1.9770553240051, 50.745110981340069 ], [ 1.977086528768004, 50.745175847231181 ], [ 1.9770975884121, 50.745257597220757 ], [ 1.977145949054961, 50.745382726703745 ], [ 1.977171995935922, 50.745492417760438 ], [ 1.977220170163952, 50.745557423048375 ], [ 1.977285734888373, 50.745601932132139 ], [ 1.977330472969145, 50.745627425640798 ], [ 1.977409556136964, 50.745702555706565 ], [ 1.977349101920201, 50.745754105341092 ], [ 1.977324476202528, 50.745782618232397 ], [ 1.977250188518868, 50.745749703069038 ], [ 1.977113889315195, 50.745844599479703 ], [ 1.977073506813674, 50.745882853674601 ], [ 1.977069172916212, 50.74588730480928 ], [ 1.977078831753723, 50.745975431057232 ] ] ] } },
{ "type": "Feature", "properties": { "fid": 118, "usra_id": 563182, "usra_id_st": "500681_6", "tgh_id": 500681, "usra_index": 6, "toponyme": "HEM", "longueur": 295.31, "zamont": 97.803847679725152, "zaval": 95.284616910494378, "agri3w_v": 0.0, "agri3w": "faible", "agribv_v": 44.05, "agribv": "fort", "alluvial": "non", "beton": "absence", "canaux": "absence", "carriere": "absence", "chenal_v": null, "chenal": "faible", "conf": "absence", "conso": 1118.734426493035, "consom1": "faible", "consom2": "faible", "curage": "absence", "dobs1_v": 0.58, "dobs1": "fort", "dobs2_v": 3.39, "dobs2": "fort", "eclu": "absence", "etiage": "fort", "haies_v": 5.1592160602602384, "haies": "fort", "imper_v": 7.08, "imper": "faible", "intercep_v": 0.0, "intercepte": "faible", "montagne": "dessous", "navigable": "non", "obsmax1_v": 3.0, "obsmax1": "moyen", "obsmax2_v": 3.0, "obsmax2": "moyen", "orp": "absence", "orp_amont": "absence", "orp_autour": "absence", "orp_aval": "absence", "orp_proche": "absence", "pente2c": "faible", "pente3c": "moyen", "pistes": "absence", "rang": "petit", "rectitud_v": 0.0, "rectitude": "faible", "ret_us": "autre", "ret_vol1_v": 0.0, "ret_vol1": "faible", "ret_vol2_v": 0.0, "ret_vol2": "faible", "sensisol_v": 21.5469, "sensisol": "moyen", "tcc": "absence", "txamg_v": 35.82, "txamg": "fort", "txetg1_v": 13.3, "txetg1": "moyen", "txetg2_v": 21.95, "txetg2": "moyen", "txetg3_v": 84.48, "txetg3": "fort", "txetg4_v": 84.48, "txetg4": "fort", "txetg5_v": 14.08, "txetg5": "moyen", "veget10_v": 54.356743370106962, "veget10": "moyen", "veget30_v": 26.914340026140952, "veget30": "faible", "veget60_v": 19.664743527659965, "veget60": "tres_faible", "hyd_dyn1": 1.0, "hyd_dyn2": 0.0, "hyd_dyn3": 0.0, "hyd_dyn4": 0.0, "hyd_dyn5": 0.0, "hyd_dyn": 1.0, "hyd_dyn_cl": "tres_faible", "av_hyd_dyn": "-", "hyd_qte1": 1.0, "hyd_qte2": 0.0, "hyd_qte3": 0.0, "hyd_qte4": 0.0, "hyd_qte5": 0.0, "hyd_qte": 1.0, "hyd_qte_cl": "tres_faible", "av_hyd_qte": "-", "hyd_mes1": 1.0, "hyd_mes2": 0.0, "hyd_mes3": 0.0, "hyd_mes4": 0.0, "hyd_mes5": 0.0, "hyd_mes": 1.0, "hyd_mes_cl": "tres_faible", "av_hyd_mes": "-", "con_amp1": 0.0, "con_amp2": 0.0, "con_amp3": 0.0, "con_amp4": 0.4, "con_amp5": 0.6, "con_amp": 5.0, "con_amp_cl": "tres_fort", "av_con_amp": "-", "con_pro1": 0.0, "con_pro2": 0.0, "con_pro3": 0.3, "con_pro4": 0.5, "con_pro5": 0.2, "con_pro": 4.0, "con_pro_cl": "fort", "av_con_pro": "-", "con_lat1": 0.0, "con_lat2": 0.0, "con_lat3": 0.0, "con_lat4": 0.706, "con_lat5": 0.294, "con_lat": 4.0, "con_lat_cl": "fort", "av_con_lat": "-", "con_sed1": 0.0, "con_sed2": 0.25, "con_sed3": 0.75, "con_sed4": 0.0, "con_sed5": 0.0, "con_sed": 3.0, "con_sed_cl": "moyen", "av_con_sed": "-", "mor_pll1": 0.0, "mor_pll2": 0.0, "mor_pll3": 0.134, "mor_pll4": 0.444, "mor_pll5": 0.422, "mor_pll": 4.0, "mor_pll_cl": "fort", "av_mor_pll": "D", "mor_riv1": 0.0, "mor_riv2": 0.056, "mor_riv3": 0.764, "mor_riv4": 0.18, "mor_riv5": 0.0, "mor_riv": 3.0, "mor_riv_cl": "moyen", "av_mor_riv": "-", "mor_ssl1": 0.0, "mor_ssl2": 0.0, "mor_ssl3": 0.089, "mor_ssl4": 0.447, "mor_ssl5": 0.464, "mor_ssl": 5.0, "mor_ssl_cl": "tres_fort", "av_mor_ssl": "D", "av_aggrave": null, "av_attenue": null, "lbbh": "Artois-Picardie", "cdbh": "01", "Score_100": 35.7, "mor_rip": 3 }, "geometry": { "type": "MultiLineString", "coordinates": [ [ [ 1.977078831753723, 50.745975431057232 ], [ 1.977079902928784, 50.74598520432933 ], [ 1.977075187754467, 50.746077592771599 ], [ 1.977056917749114, 50.746141154542215 ], [ 1.976990861174962, 50.746189965871629 ], [ 1.976930827363255, 50.746220879651567 ], [ 1.976834246531922, 50.746240724717879 ], [ 1.976782843824928, 50.746264530577101 ], [ 1.976732928484693, 50.746284759239742 ], [ 1.976709514671913, 50.746323152818526 ], [ 1.976680609319894, 50.74635342507559 ], [ 1.976600041591376, 50.746350967853949 ], [ 1.976536406553571, 50.746350444537406 ], [ 1.976505039464842, 50.746362749486693 ], [ 1.97647758474146, 50.746391238924176 ], [ 1.97647128670177, 50.746422594412252 ], [ 1.976453364101475, 50.746469109257838 ], [ 1.976393256293576, 50.746503611565949 ], [ 1.97633351507468, 50.746520169841602 ], [ 1.976279741972217, 50.746521522217201 ], [ 1.976200074702424, 50.746544197971737 ], [ 1.976161453454671, 50.746565416663607 ], [ 1.97611691897537, 50.746599149604918 ], [ 1.976069574534844, 50.746631962058856 ], [ 1.976021091000079, 50.746651304859796 ], [ 1.975913379423474, 50.74666208411584 ], [ 1.975805484369565, 50.746681835276512 ], [ 1.975684733718851, 50.746707761988347 ], [ 1.975787857909693, 50.746852186835319 ], [ 1.975896639215226, 50.746996658112899 ], [ 1.976048635783545, 50.747171994733208 ], [ 1.976140868459523, 50.747226594566342 ], [ 1.976281658738177, 50.747258262665198 ], [ 1.97642590076683, 50.747259449096241 ], [ 1.976540995816243, 50.747233475168898 ], [ 1.976611498228459, 50.747174829850053 ], [ 1.976663525099611, 50.747120519318003 ], [ 1.976727417691383, 50.74710848177812 ], [ 1.976840951507355, 50.747089673535051 ], [ 1.976903008442083, 50.747098259864444 ], [ 1.976969805811514, 50.747151752629556 ], [ 1.977013427495065, 50.74723197534707 ], [ 1.977008864272606, 50.747283675974913 ] ] ] } },
{ "type": "Feature", "properties": { "fid": 119, "usra_id": 563186, "usra_id_st": "500681_7", "tgh_id": 500681, "usra_index": 7, "toponyme": "HEM", "longueur": 295.31, "zamont": 95.284616910494378, "zaval": 92.765386141263605, "agri3w_v": 0.0, "agri3w": "faible", "agribv_v": 44.05, "agribv": "fort", "alluvial": "non", "beton": "absence", "canaux": "absence", "carriere": "absence", "chenal_v": null, "chenal": "faible", "conf": "absence", "conso": 1118.734426493035, "consom1": "faible", "consom2": "faible", "curage": "absence", "dobs1_v": 0.58, "dobs1": "fort", "dobs2_v": 3.39, "dobs2": "fort", "eclu": "absence", "etiage": "fort", "haies_v": 5.1592160602602384, "haies": "fort", "imper_v": 7.08, "imper": "faible", "intercep_v": 0.0, "intercepte": "faible", "montagne": "dessous", "navigable": "non", "obsmax1_v": 3.0, "obsmax1": "moyen", "obsmax2_v": 3.0, "obsmax2": "moyen", "orp": "absence", "orp_amont": "absence", "orp_autour": "absence", "orp_aval": "absence", "orp_proche": "absence", "pente2c": "faible", "pente3c": "moyen", "pistes": "absence", "rang": "petit", "rectitud_v": 33.33, "rectitude": "moyen", "ret_us": "autre", "ret_vol1_v": 0.0, "ret_vol1": "faible", "ret_vol2_v": 0.0, "ret_vol2": "faible", "sensisol_v": 21.5469, "sensisol": "moyen", "tcc": "absence", "txamg_v": 20.73, "txamg": "moyen", "txetg1_v": 11.53, "txetg1": "moyen", "txetg2_v": 21.95, "txetg2": "moyen", "txetg3_v": 46.51, "txetg3": "fort", "txetg4_v": 34.6, "txetg4": "fort", "txetg5_v": 17.01, "txetg5": "moyen", "veget10_v": 56.141850137308758, "veget10": "moyen", "veget30_v": 43.737191267020521, "veget30": "moyen", "veget60_v": 46.950103636549507, "veget60": "moyen", "hyd_dyn1": 1.0, "hyd_dyn2": 0.0, "hyd_dyn3": 0.0, "hyd_dyn4": 0.0, "hyd_dyn5": 0.0, "hyd_dyn": 1.0, "hyd_dyn_cl": "tres_faible", "av_hyd_dyn": "-", "hyd_qte1": 1.0, "hyd_qte2": 0.0, "hyd_qte3": 0.0, "hyd_qte4": 0.0, "hyd_qte5": 0.0, "hyd_qte": 1.0, "hyd_qte_cl": "tres_faible", "av_hyd_qte": "-", "hyd_mes1": 1.0, "hyd_mes2": 0.0, "hyd_mes3": 0.0, "hyd_mes4": 0.0, "hyd_mes5": 0.0, "hyd_mes": 1.0, "hyd_mes_cl": "tres_faible", "av_hyd_mes": "-", "con_amp1": 0.0, "con_amp2": 0.0, "con_amp3": 0.0, "con_amp4": 0.4, "con_amp5": 0.6, "con_amp": 5.0, "con_amp_cl": "tres_fort", "av_con_amp": "-", "con_pro1": 0.0, "con_pro2": 0.0, "con_pro3": 0.3, "con_pro4": 0.5, "con_pro5": 0.2, "con_pro": 4.0, "con_pro_cl": "fort", "av_con_pro": "-", "con_lat1": 0.0, "con_lat2": 0.0, "con_lat3": 0.0, "con_lat4": 0.784, "con_lat5": 0.216, "con_lat": 4.0, "con_lat_cl": "fort", "av_con_lat": "-", "con_sed1": 0.0, "con_sed2": 0.25, "con_sed3": 0.75, "con_sed4": 0.0, "con_sed5": 0.0, "con_sed": 3.0, "con_sed_cl": "moyen", "av_con_sed": "-", "mor_pll1": 0.0, "mor_pll2": 0.0, "mor_pll3": 0.212, "mor_pll4": 0.637, "mor_pll5": 0.151, "mor_pll": 4.0, "mor_pll_cl": "fort", "av_mor_pll": "-", "mor_riv1": 0.072, "mor_riv2": 0.083, "mor_riv3": 0.717, "mor_riv4": 0.128, "mor_riv5": 0.0, "mor_riv": 3.0, "mor_riv_cl": "moyen", "av_mor_riv": "-", "mor_ssl1": 0.0, "mor_ssl2": 0.0, "mor_ssl3": 0.052, "mor_ssl4": 0.409, "mor_ssl5": 0.539, "mor_ssl": 5.0, "mor_ssl_cl": "tres_fort", "av_mor_ssl": "-", "av_aggrave": null, "av_attenue": null, "lbbh": "Artois-Picardie", "cdbh": "01", "Score_100": 31.8, "mor_rip": 3 }, "geometry": { "type": "MultiLineString", "coordinates": [ [ [ 1.977008864272606, 50.747283675974913 ], [ 1.977006067020062, 50.747315368372924 ], [ 1.977009045235371, 50.747377309981538 ], [ 1.977027908815375, 50.747423229868168 ], [ 1.97710324657507, 50.747474100682467 ], [ 1.977176030980219, 50.747511490219658 ], [ 1.977214106627946, 50.747586283141111 ], [ 1.977214403364891, 50.747641023886025 ], [ 1.977197913487034, 50.747686653176274 ], [ 1.977162120081966, 50.747707895386121 ], [ 1.977075930191741, 50.747703597590281 ], [ 1.976956130525257, 50.747682871168792 ], [ 1.976872952238228, 50.747669624495693 ], [ 1.976780885930341, 50.747676046375396 ], [ 1.976736240919992, 50.747715162672833 ], [ 1.976651284790014, 50.747788944105608 ], [ 1.976610827051565, 50.747830786831237 ], [ 1.976630573058326, 50.747902737125287 ], [ 1.97663345920058, 50.747969164678651 ], [ 1.976611293720685, 50.748015644552559 ], [ 1.976479394610605, 50.748102500047203 ], [ 1.976339120064934, 50.748183902412954 ], [ 1.976215613354697, 50.748275313385143 ], [ 1.976080701149841, 50.748371117132308 ], [ 1.975880002842011, 50.748502273327254 ], [ 1.975727257057329, 50.748640105279911 ], [ 1.975577393836464, 50.748775268706559 ], [ 1.975469403588397, 50.748868601294213 ], [ 1.975421175740843, 50.748944478830474 ], [ 1.975385179940489, 50.749044685430398 ], [ 1.975346117036089, 50.749156532271449 ], [ 1.975302185295747, 50.749276245236274 ] ] ] } },
{ "type": "Feature", "properties": { "fid": 120, "usra_id": 563190, "usra_id_st": "500681_8", "tgh_id": 500681, "usra_index": 8, "toponyme": "HEM", "longueur": 295.31, "zamont": 92.765386141263605, "zaval": 90.246155372032831, "agri3w_v": 0.0, "agri3w": "faible", "agribv_v": 44.05, "agribv": "fort", "alluvial": "non", "beton": "absence", "canaux": "absence", "carriere": "absence", "chenal_v": null, "chenal": "faible", "conf": "absence", "conso": 1118.734426493035, "consom1": "faible", "consom2": "faible", "curage": "absence", "dobs1_v": 0.52, "dobs1": "fort", "dobs2_v": 3.39, "dobs2": "fort", "eclu": "absence", "etiage": "fort", "haies_v": 5.1592160602602384, "haies": "fort", "imper_v": 7.08, "imper": "faible", "intercep_v": 0.0, "intercepte": "faible", "montagne": "dessous", "navigable": "non", "obsmax1_v": 2.0, "obsmax1": "moyen", "obsmax2_v": 3.0, "obsmax2": "moyen", "orp": "absence", "orp_amont": "absence", "orp_autour": "absence", "orp_aval": "absence", "orp_proche": "absence", "pente2c": "faible", "pente3c": "moyen", "pistes": "absence", "rang": "petit", "rectitud_v": 66.67, "rectitude": "fort", "ret_us": "autre", "ret_vol1_v": 0.0, "ret_vol1": "faible", "ret_vol2_v": 0.0, "ret_vol2": "faible", "sensisol_v": 21.5469, "sensisol": "moyen", "tcc": "absence", "txamg_v": 89.61, "txamg": "tres_fort", "txetg1_v": 10.64, "txetg1": "moyen", "txetg2_v": 20.87, "txetg2": "moyen", "txetg3_v": null, "txetg3": "faible", "txetg4_v": null, "txetg4": "faible", "txetg5_v": 14.89, "txetg5": "moyen", "veget10_v": 48.232545131952371, "veget10": "moyen", "veget30_v": 45.409517014564607, "veget30": "moyen", "veget60_v": 37.048511860790654, "veget60": "faible", "hyd_dyn1": 1.0, "hyd_dyn2": 0.0, "hyd_dyn3": 0.0, "hyd_dyn4": 0.0, "hyd_dyn5": 0.0, "hyd_dyn": 1.0, "hyd_dyn_cl": "tres_faible", "av_hyd_dyn": "-", "hyd_qte1": 1.0, "hyd_qte2": 0.0, "hyd_qte3": 0.0, "hyd_qte4": 0.0, "hyd_qte5": 0.0, "hyd_qte": 1.0, "hyd_qte_cl": "tres_faible", "av_hyd_qte": "-", "hyd_mes1": 1.0, "hyd_mes2": 0.0, "hyd_mes3": 0.0, "hyd_mes4": 0.0, "hyd_mes5": 0.0, "hyd_mes": 1.0, "hyd_mes_cl": "tres_faible", "av_hyd_mes": "-", "con_amp1": 0.0, "con_amp2": 0.0, "con_amp3": 0.0, "con_amp4": 0.4, "con_amp5": 0.6, "con_amp": 5.0, "con_amp_cl": "tres_fort", "av_con_amp": "-", "con_pro1": 0.0, "con_pro2": 0.0, "con_pro3": 0.3, "con_pro4": 0.5, "con_pro5": 0.2, "con_pro": 4.0, "con_pro_cl": "fort", "av_con_pro": "-", "con_lat1": 0.0, "con_lat2": 0.0, "con_lat3": 0.154, "con_lat4": 0.716, "con_lat5": 0.13, "con_lat": 4.0, "con_lat_cl": "fort", "av_con_lat": "-", "con_sed1": 0.0, "con_sed2": 0.25, "con_sed3": 0.75, "con_sed4": 0.0, "con_sed5": 0.0, "con_sed": 3.0, "con_sed_cl": "moyen", "av_con_sed": "-", "mor_pll1": 0.0, "mor_pll2": 0.0, "mor_pll3": 0.0, "mor_pll4": 0.294, "mor_pll5": 0.706, "mor_pll": 5.0, "mor_pll_cl": "tres_fort", "av_mor_pll": "-", "mor_riv1": 0.0, "mor_riv2": 0.006, "mor_riv3": 0.122, "mor_riv4": 0.536, "mor_riv5": 0.336, "mor_riv": 4.0, "mor_riv_cl": "fort", "av_mor_riv": "-", "mor_ssl1": 0.0, "mor_ssl2": 0.0, "mor_ssl3": 0.171, "mor_ssl4": 0.529, "mor_ssl5": 0.3, "mor_ssl": 4.0, "mor_ssl_cl": "fort", "av_mor_ssl": "-", "av_aggrave": null, "av_attenue": null, "lbbh": "Artois-Picardie", "cdbh": "01", "Score_100": 51.2, "mor_rip": 3 }, "geometry": { "type": "MultiLineString", "coordinates": [ [ [ 1.975302185295747, 50.749276245236274 ], [ 1.975298183377402, 50.749287150339875 ], [ 1.975259065028059, 50.749401688700608 ], [ 1.975256016385295, 50.749412431764569 ], [ 1.975240351004349, 50.749486782586771 ], [ 1.975223804557513, 50.749604198795552 ], [ 1.975183436781991, 50.749710650672739 ], [ 1.975144372907855, 50.749822497337668 ], [ 1.975108394279672, 50.749921806528995 ], [ 1.975059779360319, 50.750016524902904 ], [ 1.97494943595421, 50.750293793465637 ], [ 1.974834830636476, 50.750641019673544 ], [ 1.974653828139905, 50.751191395926028 ], [ 1.974555987816553, 50.751410439297672 ], [ 1.974488029907329, 50.751551659794202 ], [ 1.974444334679993, 50.751613216515629 ], [ 1.974480003321965, 50.751667351067695 ], [ 1.974584291360999, 50.751755252689108 ], [ 1.974655920083599, 50.751817983413765 ] ] ] } },
{ "type": "Feature", "properties": { "fid": 121, "usra_id": 563194, "usra_id_st": "500681_9", "tgh_id": 500681, "usra_index": 9, "toponyme": "HEM", "longueur": 295.31, "zamont": 90.246155372032831, "zaval": 87.726924602802058, "agri3w_v": 0.0, "agri3w": "faible", "agribv_v": 44.05, "agribv": "fort", "alluvial": "non", "beton": "absence", "canaux": "absence", "carriere": "absence", "chenal_v": null, "chenal": "faible", "conf": "absence", "conso": 1118.734426493035, "consom1": "faible", "consom2": "faible", "curage": "absence", "dobs1_v": 0.52, "dobs1": "fort", "dobs2_v": 3.39, "dobs2": "fort", "eclu": "absence", "etiage": "fort", "haies_v": 5.1592160602602384, "haies": "fort", "imper_v": 7.08, "imper": "faible", "intercep_v": 0.0, "intercepte": "faible", "montagne": "dessous", "navigable": "non", "obsmax1_v": 2.0, "obsmax1": "moyen", "obsmax2_v": 3.0, "obsmax2": "moyen", "orp": "absence", "orp_amont": "absence", "orp_autour": "absence", "orp_aval": "absence", "orp_proche": "absence", "pente2c": "faible", "pente3c": "moyen", "pistes": "absence", "rang": "petit", "rectitud_v": 66.67, "rectitude": "fort", "ret_us": "autre", "ret_vol1_v": 0.0, "ret_vol1": "faible", "ret_vol2_v": 0.0, "ret_vol2": "faible", "sensisol_v": 21.5469, "sensisol": "moyen", "tcc": "absence", "txamg_v": 0.0, "txamg": "faible", "txetg1_v": 10.92, "txetg1": "moyen", "txetg2_v": 20.87, "txetg2": "moyen", "txetg3_v": 7.92, "txetg3": "faible", "txetg4_v": null, "txetg4": "faible", "txetg5_v": 13.23, "txetg5": "moyen", "veget10_v": 58.204340150382208, "veget10": "moyen", "veget30_v": 28.065101129097808, "veget30": "faible", "veget60_v": 23.69090565069985, "veget60": "faible", "hyd_dyn1": 1.0, "hyd_dyn2": 0.0, "hyd_dyn3": 0.0, "hyd_dyn4": 0.0, "hyd_dyn5": 0.0, "hyd_dyn": 1.0, "hyd_dyn_cl": "tres_faible", "av_hyd_dyn": "-", "hyd_qte1": 1.0, "hyd_qte2": 0.0, "hyd_qte3": 0.0, "hyd_qte4": 0.0, "hyd_qte5": 0.0, "hyd_qte": 1.0, "hyd_qte_cl": "tres_faible", "av_hyd_qte": "-", "hyd_mes1": 1.0, "hyd_mes2": 0.0, "hyd_mes3": 0.0, "hyd_mes4": 0.0, "hyd_mes5": 0.0, "hyd_mes": 1.0, "hyd_mes_cl": "tres_faible", "av_hyd_mes": "-", "con_amp1": 0.0, "con_amp2": 0.0, "con_amp3": 0.0, "con_amp4": 0.4, "con_amp5": 0.6, "con_amp": 5.0, "con_amp_cl": "tres_fort", "av_con_amp": "-", "con_pro1": 0.0, "con_pro2": 0.0, "con_pro3": 0.3, "con_pro4": 0.5, "con_pro5": 0.2, "con_pro": 4.0, "con_pro_cl": "fort", "av_con_pro": "-", "con_lat1": 0.35, "con_lat2": 0.0, "con_lat3": 0.65, "con_lat4": 0.0, "con_lat5": 0.0, "con_lat": 3.0, "con_lat_cl": "moyen", "av_con_lat": "-", "con_sed1": 0.0, "con_sed2": 0.25, "con_sed3": 0.75, "con_sed4": 0.0, "con_sed5": 0.0, "con_sed": 3.0, "con_sed_cl": "moyen", "av_con_sed": "-", "mor_pll1": 0.0, "mor_pll2": 0.0, "mor_pll3": 0.386, "mor_pll4": 0.533, "mor_pll5": 0.081, "mor_pll": 4.0, "mor_pll_cl": "fort", "av_mor_pll": "-", "mor_riv1": 0.0, "mor_riv2": 0.04, "mor_riv3": 0.76, "mor_riv4": 0.2, "mor_riv5": 0.0, "mor_riv": 3.0, "mor_riv_cl": "moyen", "av_mor_riv": "-", "mor_ssl1": 0.0, "mor_ssl2": 0.0, "mor_ssl3": 0.171, "mor_ssl4": 0.529, "mor_ssl5": 0.3, "mor_ssl": 4.0, "mor_ssl_cl": "fort", "av_mor_ssl": "-", "av_aggrave": null, "av_attenue": null, "lbbh": "Artois-Picardie", "cdbh": "01", "Score_100": 25.0, "mor_rip": 3 }, "geometry": { "type": "MultiLineString", "coordinates": [ [ [ 1.974655920083599, 50.751817983413765 ], [ 1.97472186104549, 50.751875732752815 ], [ 1.974795678712116, 50.751931976125753 ], [ 1.974831586673048, 50.751974447049115 ], [ 1.974869754021731, 50.752044754220407 ], [ 1.97491436857337, 50.7521456241493 ], [ 1.974954960795082, 50.752235692798997 ], [ 1.975021524265373, 50.752300849690123 ], [ 1.975096536881602, 50.752367870798658 ], [ 1.975142033318525, 50.7524256753874 ], [ 1.97515208095704, 50.752487674787574 ], [ 1.975188541158939, 50.752572325228464 ], [ 1.975256152567137, 50.752655437437703 ], [ 1.975301097812202, 50.75267106229628 ], [ 1.975319870049996, 50.752721468031211 ], [ 1.97532437091861, 50.752778037667639 ], [ 1.975311551531199, 50.752851514214875 ], [ 1.975326099311283, 50.752900987813476 ], [ 1.975378833165795, 50.752950775764191 ], [ 1.975383517651329, 50.752998373467378 ], [ 1.975401739514876, 50.753075694896872 ], [ 1.975445657476564, 50.75314156238889 ], [ 1.975522600040113, 50.753183473452204 ], [ 1.975571733708223, 50.753201824696227 ], [ 1.975570944671681, 50.753240403903874 ], [ 1.975565086970094, 50.753319321772331 ], [ 1.975594385174355, 50.753408399737928 ], [ 1.97567656351952, 50.753470992632515 ], [ 1.975740704569673, 50.753516387548054 ], [ 1.975778434062601, 50.753608226845742 ], [ 1.975809257208021, 50.753691933218263 ], [ 1.97586450915768, 50.753756996412278 ], [ 1.975920735326022, 50.753843603774108 ], [ 1.976010614020431, 50.754013940652634 ], [ 1.976088002759426, 50.754172509246274 ], [ 1.97611324326397, 50.754217769579164 ] ] ] } },
{ "type": "Feature", "properties": { "fid": 122, "usra_id": 563197, "usra_id_st": "500681_10", "tgh_id": 500681, "usra_index": 10, "toponyme": "HEM", "longueur": 295.31, "zamont": 87.726924602802058, "zaval": 85.207693833571284, "agri3w_v": 0.0, "agri3w": "faible", "agribv_v": 44.05, "agribv": "fort", "alluvial": "non", "beton": "absence", "canaux": "absence", "carriere": "absence", "chenal_v": null, "chenal": "faible", "conf": "absence", "conso": 1118.734426493035, "consom1": "faible", "consom2": "faible", "curage": "absence", "dobs1_v": 0.51, "dobs1": "fort", "dobs2_v": 2.77, "dobs2": "fort", "eclu": "absence", "etiage": "fort", "haies_v": 5.1592160602602384, "haies": "fort", "imper_v": 7.08, "imper": "faible", "intercep_v": 0.0, "intercepte": "faible", "montagne": "dessous", "navigable": "non", "obsmax1_v": 2.0, "obsmax1": "moyen", "obsmax2_v": 3.0, "obsmax2": "moyen", "orp": "absence", "orp_amont": "absence", "orp_autour": "absence", "orp_aval": "absence", "orp_proche": "absence", "pente2c": "faible", "pente3c": "moyen", "pistes": "absence", "rang": "petit", "rectitud_v": 66.67, "rectitude": "fort", "ret_us": "autre", "ret_vol1_v": 0.0, "ret_vol1": "faible", "ret_vol2_v": 0.0, "ret_vol2": "faible", "sensisol_v": 21.5469, "sensisol": "moyen", "tcc": "absence", "txamg_v": 0.0, "txamg": "faible", "txetg1_v": 11.0, "txetg1": "moyen", "txetg2_v": 19.43, "txetg2": "moyen", "txetg3_v": 39.7, "txetg3": "fort", "txetg4_v": null, "txetg4": "faible", "txetg5_v": 11.91, "txetg5": "moyen", "veget10_v": 53.800566032009179, "veget10": "moyen", "veget30_v": 26.187446574695748, "veget30": "faible", "veget60_v": 21.534527606890514, "veget60": "faible", "hyd_dyn1": 1.0, "hyd_dyn2": 0.0, "hyd_dyn3": 0.0, "hyd_dyn4": 0.0, "hyd_dyn5": 0.0, "hyd_dyn": 1.0, "hyd_dyn_cl": "tres_faible", "av_hyd_dyn": "-", "hyd_qte1": 1.0, "hyd_qte2": 0.0, "hyd_qte3": 0.0, "hyd_qte4": 0.0, "hyd_qte5": 0.0, "hyd_qte": 1.0, "hyd_qte_cl": "tres_faible", "av_hyd_qte": "-", "hyd_mes1": 1.0, "hyd_mes2": 0.0, "hyd_mes3": 0.0, "hyd_mes4": 0.0, "hyd_mes5": 0.0, "hyd_mes": 1.0, "hyd_mes_cl": "tres_faible", "av_hyd_mes": "-", "con_amp1": 0.0, "con_amp2": 0.0, "con_amp3": 0.0, "con_amp4": 0.4, "con_amp5": 0.6, "con_amp": 5.0, "con_amp_cl": "tres_fort", "av_con_amp": "-", "con_pro1": 0.0, "con_pro2": 0.0, "con_pro3": 0.3, "con_pro4": 0.5, "con_pro5": 0.2, "con_pro": 4.0, "con_pro_cl": "fort", "av_con_pro": "-", "con_lat1": 0.35, "con_lat2": 0.0, "con_lat3": 0.65, "con_lat4": 0.0, "con_lat5": 0.0, "con_lat": 3.0, "con_lat_cl": "moyen", "av_con_lat": "-", "con_sed1": 0.0, "con_sed2": 0.25, "con_sed3": 0.75, "con_sed4": 0.0, "con_sed5": 0.0, "con_sed": 3.0, "con_sed_cl": "moyen", "av_con_sed": "-", "mor_pll1": 0.0, "mor_pll2": 0.0, "mor_pll3": 0.077, "mor_pll4": 0.777, "mor_pll5": 0.146, "mor_pll": 4.0, "mor_pll_cl": "fort", "av_mor_pll": "-", "mor_riv1": 0.0, "mor_riv2": 0.04, "mor_riv3": 0.76, "mor_riv4": 0.2, "mor_riv5": 0.0, "mor_riv": 3.0, "mor_riv_cl": "moyen", "av_mor_riv": "-", "mor_ssl1": 0.0, "mor_ssl2": 0.0, "mor_ssl3": 0.0, "mor_ssl4": 0.245, "mor_ssl5": 0.755, "mor_ssl": 5.0, "mor_ssl_cl": "tres_fort", "av_mor_ssl": "-", "av_aggrave": null, "av_attenue": null, "lbbh": "Artois-Picardie", "cdbh": "01", "Score_100": 26.3, "mor_rip": 3 }, "geometry": { "type": "MultiLineString", "coordinates": [ [ [ 1.97611324326397, 50.754217769579164 ], [ 1.976126210226724, 50.754241021418935 ], [ 1.976205417474345, 50.75437986335303 ], [ 1.976241422380143, 50.75448694297431 ], [ 1.976241094597051, 50.754572187580642 ], [ 1.976255240360074, 50.754641399100827 ], [ 1.976308142003659, 50.754683111825642 ], [ 1.976361282104506, 50.754713161068921 ], [ 1.976396588316222, 50.754785238594955 ], [ 1.976392714489938, 50.754836355096394 ], [ 1.976403222545097, 50.754875924450758 ], [ 1.976488526359625, 50.754924184913207 ], [ 1.976545763226004, 50.754961446465892 ], [ 1.97661534441812, 50.755017653608476 ], [ 1.97663955631543, 50.755078871741354 ], [ 1.976690769426549, 50.755134030474188 ], [ 1.976715256421105, 50.755181790756062 ], [ 1.976719869065835, 50.755232977001228 ], [ 1.976778245888686, 50.755283707880672 ], [ 1.97682712548561, 50.75531461920572 ], [ 1.97682418989545, 50.755389074197019 ], [ 1.97681519359841, 50.755483220810717 ], [ 1.976846569461364, 50.755540011051835 ], [ 1.976875391557335, 50.755583320211272 ], [ 1.976870913357281, 50.755664043861962 ], [ 1.976883829192998, 50.755724271693936 ], [ 1.976911365335647, 50.75576128889417 ], [ 1.97693204954029, 50.755787481710733 ], [ 1.976970424324314, 50.755847918769028 ], [ 1.977048900065649, 50.755953552271926 ], [ 1.977110110333336, 50.756073401230211 ], [ 1.97715401484758, 50.756140165007231 ], [ 1.977195713635427, 50.756176401157603 ], [ 1.977257598683259, 50.756193959062742 ], [ 1.977319410496593, 50.756215105684916 ], [ 1.977656314440384, 50.756273508134989 ], [ 1.977839288252197, 50.75631898033685 ], [ 1.977912177604003, 50.756351883007724 ], [ 1.977932258607979, 50.756352844791046 ] ] ] } },
{ "type": "Feature", "properties": { "fid": 123, "usra_id": 563199, "usra_id_st": "500681_11", "tgh_id": 500681, "usra_index": 11, "toponyme": "HEM", "longueur": 295.31, "zamont": 85.207693833571284, "zaval": 82.68846306434051, "agri3w_v": 8.68, "agri3w": "faible", "agribv_v": 44.05, "agribv": "fort", "alluvial": "non", "beton": "absence", "canaux": "absence", "carriere": "absence", "chenal_v": null, "chenal": "faible", "conf": "absence", "conso": 1118.734426493035, "consom1": "faible", "consom2": "faible", "curage": "absence", "dobs1_v": 0.49, "dobs1": "fort", "dobs2_v": 2.77, "dobs2": "fort", "eclu": "absence", "etiage": "fort", "haies_v": 5.1592160602602384, "haies": "fort", "imper_v": 7.08, "imper": "faible", "intercep_v": 0.0, "intercepte": "faible", "montagne": "dessous", "navigable": "non", "obsmax1_v": 2.0, "obsmax1": "moyen", "obsmax2_v": 3.0, "obsmax2": "moyen", "orp": "absence", "orp_amont": "absence", "orp_autour": "absence", "orp_aval": "absence", "orp_proche": "absence", "pente2c": "faible", "pente3c": "moyen", "pistes": "absence", "rang": "petit", "rectitud_v": 0.0, "rectitude": "faible", "ret_us": "autre", "ret_vol1_v": 0.0, "ret_vol1": "faible", "ret_vol2_v": 0.0, "ret_vol2": "faible", "sensisol_v": 21.5469, "sensisol": "moyen", "tcc": "absence", "txamg_v": 25.32, "txamg": "fort", "txetg1_v": 10.21, "txetg1": "moyen", "txetg2_v": 20.33, "txetg2": "moyen", "txetg3_v": 21.19, "txetg3": "moyen", "txetg4_v": null, "txetg4": "faible", "txetg5_v": 10.83, "txetg5": "moyen", "veget10_v": 62.67947223261735, "veget10": "moyen", "veget30_v": 33.313973299250961, "veget30": "faible", "veget60_v": 21.420477761346021, "veget60": "faible", "hyd_dyn1": 1.0, "hyd_dyn2": 0.0, "hyd_dyn3": 0.0, "hyd_dyn4": 0.0, "hyd_dyn5": 0.0, "hyd_dyn": 1.0, "hyd_dyn_cl": "tres_faible", "av_hyd_dyn": "-", "hyd_qte1": 1.0, "hyd_qte2": 0.0, "hyd_qte3": 0.0, "hyd_qte4": 0.0, "hyd_qte5": 0.0, "hyd_qte": 1.0, "hyd_qte_cl": "tres_faible", "av_hyd_qte": "-", "hyd_mes1": 1.0, "hyd_mes2": 0.0, "hyd_mes3": 0.0, "hyd_mes4": 0.0, "hyd_mes5": 0.0, "hyd_mes": 1.0, "hyd_mes_cl": "tres_faible", "av_hyd_mes": "-", "con_amp1": 0.0, "con_amp2": 0.0, "con_amp3": 0.0, "con_amp4": 0.4, "con_amp5": 0.6, "con_amp": 5.0, "con_amp_cl": "tres_fort", "av_con_amp": "-", "con_pro1": 0.0, "con_pro2": 0.0, "con_pro3": 0.3, "con_pro4": 0.5, "con_pro5": 0.2, "con_pro": 4.0, "con_pro_cl": "fort", "av_con_pro": "-", "con_lat1": 0.125, "con_lat2": 0.0, "con_lat3": 0.77, "con_lat4": 0.105, "con_lat5": 0.0, "con_lat": 3.0, "con_lat_cl": "moyen", "av_con_lat": "-", "con_sed1": 0.0, "con_sed2": 0.25, "con_sed3": 0.75, "con_sed4": 0.0, "con_sed5": 0.0, "con_sed": 3.0, "con_sed_cl": "moyen", "av_con_sed": "-", "mor_pll1": 0.0, "mor_pll2": 0.0, "mor_pll3": 0.352, "mor_pll4": 0.539, "mor_pll5": 0.109, "mor_pll": 4.0, "mor_pll_cl": "fort", "av_mor_pll": "-", "mor_riv1": 0.0, "mor_riv2": 0.056, "mor_riv3": 0.764, "mor_riv4": 0.18, "mor_riv5": 0.0, "mor_riv": 3.0, "mor_riv_cl": "moyen", "av_mor_riv": "-", "mor_ssl1": 0.0, "mor_ssl2": 0.0, "mor_ssl3": 0.297, "mor_ssl4": 0.572, "mor_ssl5": 0.131, "mor_ssl": 4.0, "mor_ssl_cl": "fort", "av_mor_ssl": "-", "av_aggrave": null, "av_attenue": null, "lbbh": "Artois-Picardie", "cdbh": "01", "Score_100": 33.9, "mor_rip": 3 }, "geometry": { "type": "MultiLineString", "coordinates": [ [ [ 1.977932258607979, 50.756352844791046 ], [ 1.977957401615991, 50.75635404901535 ], [ 1.978011661214201, 50.756329369073285 ], [ 1.97809338487167, 50.756345294760813 ], [ 1.978156373660747, 50.756378116004754 ], [ 1.978224983511168, 50.756412778030182 ], [ 1.978271370857734, 50.756496611148847 ], [ 1.978282013980953, 50.75659899492517 ], [ 1.978271294658299, 50.756708382032919 ], [ 1.978265605530386, 50.75677922493562 ], [ 1.978261550429087, 50.756839313204182 ], [ 1.978249983993978, 50.756920875887573 ], [ 1.978256731679236, 50.757006178234136 ], [ 1.978291250100589, 50.757047739036736 ], [ 1.978328414393129, 50.757098294905425 ], [ 1.978322024656527, 50.757134135908288 ], [ 1.978274177529154, 50.757191172696288 ], [ 1.978236968426539, 50.757281498215612 ], [ 1.978235559060772, 50.757350581514281 ], [ 1.978273826798375, 50.757416401140851 ], [ 1.978337481109241, 50.757486018454848 ], [ 1.978440904300509, 50.757547886084531 ], [ 1.978534207156616, 50.757620438599844 ], [ 1.978624498451367, 50.757701939678228 ], [ 1.978684885648791, 50.757793066015886 ], [ 1.978721245913584, 50.757883097850929 ], [ 1.978769452363988, 50.757947204133878 ], [ 1.97882437770847, 50.757959320083167 ], [ 1.978857702327169, 50.757990102846868 ], [ 1.978870749198265, 50.758044049966614 ], [ 1.978843789218604, 50.758117410261157 ], [ 1.978764152822843, 50.758276482519832 ], [ 1.978640563692982, 50.758509672819159 ], [ 1.978556367812222, 50.758650409452677 ] ] ] } },
{ "type": "Feature", "properties": { "fid": 124, "usra_id": 563202, "usra_id_st": "500681_12", "tgh_id": 500681, "usra_index": 12, "toponyme": "HEM", "longueur": 295.31, "zamont": 82.68846306434051, "zaval": 80.169232295109751, "agri3w_v": 3.04, "agri3w": "faible", "agribv_v": 44.05, "agribv": "fort", "alluvial": "non", "beton": "absence", "canaux": "absence", "carriere": "absence", "chenal_v": null, "chenal": "faible", "conf": "absence", "conso": 1118.734426493035, "consom1": "faible", "consom2": "faible", "curage": "absence", "dobs1_v": 0.45, "dobs1": "fort", "dobs2_v": 3.08, "dobs2": "fort", "eclu": "absence", "etiage": "fort", "haies_v": 5.1592160602602384, "haies": "fort", "imper_v": 7.08, "imper": "faible", "intercep_v": 0.0, "intercepte": "faible", "montagne": "dessous", "navigable": "non", "obsmax1_v": 2.0, "obsmax1": "moyen", "obsmax2_v": 3.0, "obsmax2": "moyen", "orp": "absence", "orp_amont": "absence", "orp_autour": "absence", "orp_aval": "absence", "orp_proche": "absence", "pente2c": "faible", "pente3c": "moyen", "pistes": "absence", "rang": "petit", "rectitud_v": 66.67, "rectitude": "fort", "ret_us": "autre", "ret_vol1_v": 0.0, "ret_vol1": "faible", "ret_vol2_v": 0.0, "ret_vol2": "faible", "sensisol_v": 21.5469, "sensisol": "moyen", "tcc": "absence", "txamg_v": 94.36, "txamg": "tres_fort", "txetg1_v": 9.9, "txetg1": "faible", "txetg2_v": 13.73, "txetg2": "moyen", "txetg3_v": null, "txetg3": "faible", "txetg4_v": null, "txetg4": "faible", "txetg5_v": 9.92, "txetg5": "faible", "veget10_v": 39.987141792160699, "veget10": "faible", "veget30_v": 28.17105853611076, "veget30": "faible", "veget60_v": 17.016949205935639, "veget60": "tres_faible", "hyd_dyn1": 1.0, "hyd_dyn2": 0.0, "hyd_dyn3": 0.0, "hyd_dyn4": 0.0, "hyd_dyn5": 0.0, "hyd_dyn": 1.0, "hyd_dyn_cl": "tres_faible", "av_hyd_dyn": "-", "hyd_qte1": 1.0, "hyd_qte2": 0.0, "hyd_qte3": 0.0, "hyd_qte4": 0.0, "hyd_qte5": 0.0, "hyd_qte": 1.0, "hyd_qte_cl": "tres_faible", "av_hyd_qte": "-", "hyd_mes1": 1.0, "hyd_mes2": 0.0, "hyd_mes3": 0.0, "hyd_mes4": 0.0, "hyd_mes5": 0.0, "hyd_mes": 1.0, "hyd_mes_cl": "tres_faible", "av_hyd_mes": "-", "con_amp1": 0.0, "con_amp2": 0.0, "con_amp3": 0.2, "con_amp4": 0.5, "con_amp5": 0.3, "con_amp": 4.0, "con_amp_cl": "fort", "av_con_amp": "-", "con_pro1": 0.0, "con_pro2": 0.0, "con_pro3": 0.3, "con_pro4": 0.5, "con_pro5": 0.2, "con_pro": 4.0, "con_pro_cl": "fort", "av_con_pro": "-", "con_lat1": 0.0, "con_lat2": 0.0, "con_lat3": 0.154, "con_lat4": 0.716, "con_lat5": 0.13, "con_lat": 4.0, "con_lat_cl": "fort", "av_con_lat": "-", "con_sed1": 1.0, "con_sed2": 0.0, "con_sed3": 0.0, "con_sed4": 0.0, "con_sed5": 0.0, "con_sed": 1.0, "con_sed_cl": "tres_faible", "av_con_sed": "-", "mor_pll1": 0.0, "mor_pll2": 0.0, "mor_pll3": 0.0, "mor_pll4": 0.294, "mor_pll5": 0.706, "mor_pll": 5.0, "mor_pll_cl": "tres_fort", "av_mor_pll": "-", "mor_riv1": 0.0, "mor_riv2": 0.0, "mor_riv3": 0.072, "mor_riv4": 0.308, "mor_riv5": 0.62, "mor_riv": 5.0, "mor_riv_cl": "tres_fort", "av_mor_riv": "-", "mor_ssl1": 0.0, "mor_ssl2": 0.0, "mor_ssl3": 0.171, "mor_ssl4": 0.529, "mor_ssl5": 0.3, "mor_ssl": 4.0, "mor_ssl_cl": "fort", "av_mor_ssl": "-", "av_aggrave": null, "av_attenue": null, "lbbh": "Artois-Picardie", "cdbh": "01", "Score_100": 51.9, "mor_rip": 4 }, "geometry": { "type": "MultiLineString", "coordinates": [ [ [ 1.978556367812222, 50.758650409452677 ], [ 1.978464808378857, 50.75880345354944 ], [ 1.978335759998076, 50.759026727912293 ], [ 1.978234665467961, 50.759197288857763 ], [ 1.978116207167115, 50.759317456485952 ], [ 1.97792996303137, 50.759431683450785 ], [ 1.97765732458788, 50.759550584626993 ], [ 1.977501991740964, 50.759605840814906 ], [ 1.977376600954426, 50.759649677453531 ], [ 1.977075043682805, 50.759729754458199 ], [ 1.976884127411551, 50.759795485459435 ], [ 1.97658464576938, 50.759912368970852 ], [ 1.976531887756539, 50.75993257387676 ], [ 1.976447717406504, 50.75996687780453 ], [ 1.976388216871964, 50.759970875223232 ], [ 1.976336118903075, 50.7599587814994 ], [ 1.976323901920956, 50.759933555722483 ], [ 1.976318500682035, 50.759920948649139 ], [ 1.976260024890847, 50.759805609176411 ], [ 1.976212136181827, 50.759864439304494 ], [ 1.976205084309755, 50.759932578595183 ], [ 1.976203449724539, 50.759943333143966 ], [ 1.976233213740288, 50.76007907514412 ], [ 1.976235254106084, 50.760117677219149 ], [ 1.976235107383498, 50.760124854671801 ], [ 1.976239316506837, 50.760195778543824 ], [ 1.976239701554237, 50.760238443023781 ] ] ] } },
{ "type": "Feature", "properties": { "fid": 125, "usra_id": 563204, "usra_id_st": "500681_13", "tgh_id": 500681, "usra_index": 13, "toponyme": "HEM", "longueur": 295.31, "zamont": 80.169232295109751, "zaval": 77.650001525878963, "agri3w_v": 0.0, "agri3w": "faible", "agribv_v": 44.05, "agribv": "fort", "alluvial": "oui", "beton": "absence", "canaux": "absence", "carriere": "absence", "chenal_v": null, "chenal": "faible", "conf": "absence", "conso": 1118.734426493035, "consom1": "faible", "consom2": "faible", "curage": "absence", "dobs1_v": 0.45, "dobs1": "fort", "dobs2_v": 2.15, "dobs2": "fort", "eclu": "absence", "etiage": "fort", "haies_v": 5.1592160602602384, "haies": "fort", "imper_v": 7.08, "imper": "faible", "intercep_v": 0.0, "intercepte": "faible", "montagne": "dessous", "navigable": "non", "obsmax1_v": 2.0, "obsmax1": "moyen", "obsmax2_v": 0.6, "obsmax2": "faible", "orp": "absence", "orp_amont": "absence", "orp_autour": "absence", "orp_aval": "absence", "orp_proche": "absence", "pente2c": "faible", "pente3c": "moyen", "pistes": "absence", "rang": "petit", "rectitud_v": 33.33, "rectitude": "moyen", "ret_us": "autre", "ret_vol1_v": 0.0, "ret_vol1": "faible", "ret_vol2_v": 0.0, "ret_vol2": "faible", "sensisol_v": 21.5469, "sensisol": "moyen", "tcc": "absence", "txamg_v": 49.56, "txamg": "fort", "txetg1_v": 10.19, "txetg1": "moyen", "txetg2_v": 9.97, "txetg2": "faible", "txetg3_v": 7.94, "txetg3": "faible", "txetg4_v": null, "txetg4": "faible", "txetg5_v": 9.16, "txetg5": "faible", "veget10_v": 52.287890049450517, "veget10": "moyen", "veget30_v": 38.760387976690723, "veget30": "faible", "veget60_v": 33.112862693208797, "veget60": "faible", "hyd_dyn1": 1.0, "hyd_dyn2": 0.0, "hyd_dyn3": 0.0, "hyd_dyn4": 0.0, "hyd_dyn5": 0.0, "hyd_dyn": 1.0, "hyd_dyn_cl": "tres_faible", "av_hyd_dyn": "-", "hyd_qte1": 1.0, "hyd_qte2": 0.0, "hyd_qte3": 0.0, "hyd_qte4": 0.0, "hyd_qte5": 0.0, "hyd_qte": 1.0, "hyd_qte_cl": "tres_faible", "av_hyd_qte": "-", "hyd_mes1": 0.0, "hyd_mes2": 0.21, "hyd_mes3": 0.699, "hyd_mes4": 0.091, "hyd_mes5": 0.0, "hyd_mes": 3.0, "hyd_mes_cl": "moyen", "av_hyd_mes": "-", "con_amp1": 0.0, "con_amp2": 0.0, "con_amp3": 0.0, "con_amp4": 0.4, "con_amp5": 0.6, "con_amp": 5.0, "con_amp_cl": "tres_fort", "av_con_amp": "-", "con_pro1": 0.0, "con_pro2": 0.2, "con_pro3": 0.5, "con_pro4": 0.3, "con_pro5": 0.0, "con_pro": 3.0, "con_pro_cl": "moyen", "av_con_pro": "-", "con_lat1": 0.06, "con_lat2": 0.0, "con_lat3": 0.744, "con_lat4": 0.196, "con_lat5": 0.0, "con_lat": 3.0, "con_lat_cl": "moyen", "av_con_lat": "-", "con_sed1": 1.0, "con_sed2": 0.0, "con_sed3": 0.0, "con_sed4": 0.0, "con_sed5": 0.0, "con_sed": 1.0, "con_sed_cl": "tres_faible", "av_con_sed": "-", "mor_pll1": 0.0, "mor_pll2": 0.0, "mor_pll3": 0.299, "mor_pll4": 0.551, "mor_pll5": 0.15, "mor_pll": 4.0, "mor_pll_cl": "fort", "av_mor_pll": "-", "mor_riv1": 0.0, "mor_riv2": 0.024, "mor_riv3": 0.756, "mor_riv4": 0.22, "mor_riv5": 0.0, "mor_riv": 3.0, "mor_riv_cl": "moyen", "av_mor_riv": "-", "mor_ssl1": 0.0, "mor_ssl2": 0.0, "mor_ssl3": 0.44, "mor_ssl4": 0.477, "mor_ssl5": 0.083, "mor_ssl": 4.0, "mor_ssl_cl": "fort", "av_mor_ssl": "D", "av_aggrave": null, "av_attenue": null, "lbbh": "Artois-Picardie", "cdbh": "01", "Score_100": 34.1, "mor_rip": 3 }, "geometry": { "type": "MultiLineString", "coordinates": [ [ [ 1.976239701554237, 50.760238443023781 ], [ 1.976240183104487, 50.760291800220948 ], [ 1.976201626886066, 50.760378524349207 ], [ 1.976151956212459, 50.760455286392528 ], [ 1.976153042750533, 50.760540541860522 ], [ 1.976180473172569, 50.760652036600291 ], [ 1.976192949273225, 50.760733796386262 ], [ 1.97616058262995, 50.76079454873792 ], [ 1.976140157881998, 50.760893984544246 ], [ 1.976137294313095, 50.760964850167383 ], [ 1.976228119619555, 50.761020334340706 ], [ 1.976365954630305, 50.761060053039088 ], [ 1.97637925635062, 50.761101439644932 ], [ 1.976353999023432, 50.761160455808088 ], [ 1.976310609475672, 50.761206760225662 ], [ 1.976238640345165, 50.761405375828453 ], [ 1.976076765685763, 50.761641837103362 ], [ 1.975986567066259, 50.761694037680499 ], [ 1.975973874787417, 50.761761233046997 ], [ 1.976175890946761, 50.762121826598012 ], [ 1.976180356942972, 50.762180189754325 ], [ 1.976145068515026, 50.762245404595134 ], [ 1.9761799600766, 50.762407210844344 ], [ 1.976278046639394, 50.76252287560893 ], [ 1.976278764271881, 50.762556980016406 ], [ 1.976281852536448, 50.762613537141853 ], [ 1.976251122374231, 50.762683173171339 ] ] ] } },
{ "type": "Feature", "properties": { "fid": 126, "usra_id": 563208, "usra_id_st": "500681_14", "tgh_id": 500681, "usra_index": 14, "toponyme": "HEM", "longueur": 295.31, "zamont": 77.650001525878963, "zaval": 75.130770756648189, "agri3w_v": 0.0, "agri3w": "faible", "agribv_v": 44.05, "agribv": "fort", "alluvial": "oui", "beton": "absence", "canaux": "absence", "carriere": "absence", "chenal_v": null, "chenal": "faible", "conf": "absence", "conso": 1118.734426493035, "consom1": "faible", "consom2": "faible", "curage": "absence", "dobs1_v": 0.44, "dobs1": "fort", "dobs2_v": 2.46, "dobs2": "fort", "eclu": "absence", "etiage": "fort", "haies_v": 5.1592160602602384, "haies": "fort", "imper_v": 7.08, "imper": "faible", "intercep_v": 0.0, "intercepte": "faible", "montagne": "dessous", "navigable": "non", "obsmax1_v": 2.0, "obsmax1": "moyen", "obsmax2_v": 0.6, "obsmax2": "faible", "orp": "absence", "orp_amont": "absence", "orp_autour": "absence", "orp_aval": "absence", "orp_proche": "absence", "pente2c": "faible", "pente3c": "moyen", "pistes": "absence", "rang": "petit", "rectitud_v": 66.67, "rectitude": "fort", "ret_us": "autre", "ret_vol1_v": 0.0, "ret_vol1": "faible", "ret_vol2_v": 0.0, "ret_vol2": "faible", "sensisol_v": 21.5469, "sensisol": "moyen", "tcc": "absence", "txamg_v": 0.0, "txamg": "faible", "txetg1_v": 10.25, "txetg1": "moyen", "txetg2_v": 10.4, "txetg2": "moyen", "txetg3_v": null, "txetg3": "faible", "txetg4_v": null, "txetg4": "faible", "txetg5_v": 8.51, "txetg5": "faible", "veget10_v": 60.773191907625957, "veget10": "moyen", "veget30_v": 39.069860447443034, "veget30": "faible", "veget60_v": 27.303795915568902, "veget60": "faible", "hyd_dyn1": 1.0, "hyd_dyn2": 0.0, "hyd_dyn3": 0.0, "hyd_dyn4": 0.0, "hyd_dyn5": 0.0, "hyd_dyn": 1.0, "hyd_dyn_cl": "tres_faible", "av_hyd_dyn": "-", "hyd_qte1": 1.0, "hyd_qte2": 0.0, "hyd_qte3": 0.0, "hyd_qte4": 0.0, "hyd_qte5": 0.0, "hyd_qte": 1.0, "hyd_qte_cl": "tres_faible", "av_hyd_qte": "-", "hyd_mes1": 0.0, "hyd_mes2": 0.0, "hyd_mes3": 0.609, "hyd_mes4": 0.352, "hyd_mes5": 0.039, "hyd_mes": 3.0, "hyd_mes_cl": "moyen", "av_hyd_mes": "-", "con_amp1": 0.0, "con_amp2": 0.0, "con_amp3": 0.0, "con_amp4": 0.4, "con_amp5": 0.6, "con_amp": 5.0, "con_amp_cl": "tres_fort", "av_con_amp": "-", "con_pro1": 0.0, "con_pro2": 0.0, "con_pro3": 0.5, "con_pro4": 0.5, "con_pro5": 0.0, "con_pro": 4.0, "con_pro_cl": "fort", "av_con_pro": "D", "con_lat1": 0.0, "con_lat2": 0.0, "con_lat3": 0.7, "con_lat4": 0.3, "con_lat5": 0.0, "con_lat": 3.0, "con_lat_cl": "moyen", "av_con_lat": "-", "con_sed1": 1.0, "con_sed2": 0.0, "con_sed3": 0.0, "con_sed4": 0.0, "con_sed5": 0.0, "con_sed": 1.0, "con_sed_cl": "tres_faible", "av_con_sed": "-", "mor_pll1": 0.0, "mor_pll2": 0.0, "mor_pll3": 0.228, "mor_pll4": 0.498, "mor_pll5": 0.275, "mor_pll": 4.0, "mor_pll_cl": "fort", "av_mor_pll": "-", "mor_riv1": 0.0, "mor_riv2": 0.04, "mor_riv3": 0.76, "mor_riv4": 0.2, "mor_riv5": 0.0, "mor_riv": 3.0, "mor_riv_cl": "moyen", "av_mor_riv": "-", "mor_ssl1": 0.0, "mor_ssl2": 0.0, "mor_ssl3": 0.171, "mor_ssl4": 0.529, "mor_ssl5": 0.3, "mor_ssl": 4.0, "mor_ssl_cl": "fort", "av_mor_ssl": "-", "av_aggrave": null, "av_attenue": null, "lbbh": "Artois-Picardie", "cdbh": "01", "Score_100": 22.4, "mor_rip": 3 }, "geometry": { "type": "MultiLineString", "coordinates": [ [ [ 1.976251122374231, 50.762683173171339 ], [ 1.976244764199553, 50.762697581075727 ], [ 1.976108602523447, 50.762852596499648 ], [ 1.976052736895463, 50.762886235511026 ], [ 1.975909115904753, 50.763060033226914 ], [ 1.975852998341683, 50.763313515494794 ], [ 1.975684669728603, 50.763657601877178 ], [ 1.97563773392545, 50.763807966725444 ], [ 1.975566731135407, 50.763959030814746 ], [ 1.97545556685557, 50.764067589954422 ], [ 1.975431372789919, 50.76414366365011 ], [ 1.97541763399467, 50.764331091910449 ], [ 1.975469644512366, 50.764347671816921 ], [ 1.975602433828681, 50.764288643622905 ], [ 1.975690470489819, 50.764273216101614 ], [ 1.975788189220451, 50.764268636093199 ], [ 1.975861492463198, 50.764281801699376 ], [ 1.975956807759901, 50.764394751586629 ], [ 1.976149695893985, 50.764510298495622 ], [ 1.976498429720455, 50.764546367024906 ], [ 1.976526667225, 50.764549291143034 ], [ 1.976595030221186, 50.764553409324073 ] ] ] } },
{ "type": "Feature", "properties": { "fid": 127, "usra_id": 563211, "usra_id_st": "500681_15", "tgh_id": 500681, "usra_index": 15, "toponyme": "HEM", "longueur": 295.31, "zamont": 75.130770756648189, "zaval": 72.611539987417402, "agri3w_v": 84.54, "agri3w": "fort", "agribv_v": 44.05, "agribv": "fort", "alluvial": "oui", "beton": "absence", "canaux": "absence", "carriere": "absence", "chenal_v": null, "chenal": "faible", "conf": "absence", "conso": 1118.734426493035, "consom1": "faible", "consom2": "faible", "curage": "absence", "dobs1_v": 0.44, "dobs1": "fort", "dobs2_v": 2.15, "dobs2": "fort", "eclu": "absence", "etiage": "fort", "haies_v": 5.1592160602602384, "haies": "fort", "imper_v": 7.08, "imper": "faible", "intercep_v": 0.0, "intercepte": "faible", "montagne": "dessous", "navigable": "non", "obsmax1_v": 2.0, "obsmax1": "moyen", "obsmax2_v": 0.6, "obsmax2": "faible", "orp": "absence", "orp_amont": "absence", "orp_autour": "absence", "orp_aval": "absence", "orp_proche": "absence", "pente2c": "faible", "pente3c": "moyen", "pistes": "absence", "rang": "petit", "rectitud_v": 0.0, "rectitude": "faible", "ret_us": "autre", "ret_vol1_v": 0.0, "ret_vol1": "faible", "ret_vol2_v": 0.0, "ret_vol2": "faible", "sensisol_v": 21.5469, "sensisol": "moyen", "tcc": "absence", "txamg_v": 0.33, "txamg": "faible", "txetg1_v": 10.57, "txetg1": "moyen", "txetg2_v": 9.68, "txetg2": "faible", "txetg3_v": null, "txetg3": "faible", "txetg4_v": null, "txetg4": "faible", "txetg5_v": 7.94, "txetg5": "faible", "veget10_v": 60.777565616687134, "veget10": "moyen", "veget30_v": 24.155625052714861, "veget30": "faible", "veget60_v": 15.040862190717094, "veget60": "tres_faible", "hyd_dyn1": 1.0, "hyd_dyn2": 0.0, "hyd_dyn3": 0.0, "hyd_dyn4": 0.0, "hyd_dyn5": 0.0, "hyd_dyn": 1.0, "hyd_dyn_cl": "tres_faible", "av_hyd_dyn": "-", "hyd_qte1": 1.0, "hyd_qte2": 0.0, "hyd_qte3": 0.0, "hyd_qte4": 0.0, "hyd_qte5": 0.0, "hyd_qte": 1.0, "hyd_qte_cl": "tres_faible", "av_hyd_qte": "-", "hyd_mes1": 0.0, "hyd_mes2": 0.7, "hyd_mes3": 0.3, "hyd_mes4": 0.0, "hyd_mes5": 0.0, "hyd_mes": 2.0, "hyd_mes_cl": "faible", "av_hyd_mes": "-", "con_amp1": 0.0, "con_amp2": 0.0, "con_amp3": 0.0, "con_amp4": 0.4, "con_amp5": 0.6, "con_amp": 5.0, "con_amp_cl": "tres_fort", "av_con_amp": "-", "con_pro1": 0.0, "con_pro2": 0.2, "con_pro3": 0.5, "con_pro4": 0.3, "con_pro5": 0.0, "con_pro": 3.0, "con_pro_cl": "moyen", "av_con_pro": "-", "con_lat1": 1.0, "con_lat2": 0.0, "con_lat3": 0.0, "con_lat4": 0.0, "con_lat5": 0.0, "con_lat": 1.0, "con_lat_cl": "tres_faible", "av_con_lat": "-", "con_sed1": 1.0, "con_sed2": 0.0, "con_sed3": 0.0, "con_sed4": 0.0, "con_sed5": 0.0, "con_sed": 1.0, "con_sed_cl": "tres_faible", "av_con_sed": "-", "mor_pll1": 0.0, "mor_pll2": 0.0, "mor_pll3": 0.3, "mor_pll4": 0.7, "mor_pll5": 0.0, "mor_pll": 4.0, "mor_pll_cl": "fort", "av_mor_pll": "-", "mor_riv1": 0.0, "mor_riv2": 0.2, "mor_riv3": 0.8, "mor_riv4": 0.0, "mor_riv5": 0.0, "mor_riv": 3.0, "mor_riv_cl": "moyen", "av_mor_riv": "-", "mor_ssl1": 0.0, "mor_ssl2": 0.0, "mor_ssl3": 0.7, "mor_ssl4": 0.3, "mor_ssl5": 0.0, "mor_ssl": 3.0, "mor_ssl_cl": "moyen", "av_mor_ssl": "-", "av_aggrave": null, "av_attenue": null, "lbbh": "Artois-Picardie", "cdbh": "01", "Score_100": 42.1, "mor_rip": 3 }, "geometry": { "type": "MultiLineString", "coordinates": [ [ [ 1.976595030221186, 50.764553409324073 ], [ 1.977026913300678, 50.764579425039884 ], [ 1.977084436504155, 50.764603228165079 ], [ 1.977142128241154, 50.764688050821725 ], [ 1.977210034117191, 50.764757702810819 ], [ 1.977357621571696, 50.76487467023459 ], [ 1.977381285618072, 50.764893708452099 ], [ 1.977743866769134, 50.765083329848771 ], [ 1.977833195114619, 50.765143286763283 ], [ 1.977887468872741, 50.76518770129131 ], [ 1.977893626470236, 50.765232618105458 ], [ 1.977744012485989, 50.765353425943964 ], [ 1.977513542773321, 50.76548433746423 ], [ 1.977372818138075, 50.765585476684336 ], [ 1.977300934777591, 50.765710511685434 ], [ 1.977238730120455, 50.76577730004044 ], [ 1.976924263616526, 50.76600263674311 ], [ 1.976872034100404, 50.766065917564568 ], [ 1.976880781932761, 50.766122520875342 ], [ 1.977201061718311, 50.766374608480191 ], [ 1.977221536672585, 50.766425452928374 ] ] ] } },
{ "type": "Feature", "properties": { "fid": 128, "usra_id": 563214, "usra_id_st": "500681_16", "tgh_id": 500681, "usra_index": 16, "toponyme": "HEM", "longueur": 295.31, "zamont": 72.611539987417402, "zaval": 70.092309218186642, "agri3w_v": 35.13, "agri3w": "moyen", "agribv_v": 44.05, "agribv": "fort", "alluvial": "oui", "beton": "absence", "canaux": "absence", "carriere": "absence", "chenal_v": null, "chenal": "faible", "conf": "absence", "conso": 1118.734426493035, "consom1": "faible", "consom2": "faible", "curage": "absence", "dobs1_v": 0.44, "dobs1": "fort", "dobs2_v": 2.15, "dobs2": "fort", "eclu": "absence", "etiage": "fort", "haies_v": 5.1592160602602384, "haies": "fort", "imper_v": 7.08, "imper": "faible", "intercep_v": 0.0, "intercepte": "faible", "montagne": "dessous", "navigable": "non", "obsmax1_v": 2.0, "obsmax1": "moyen", "obsmax2_v": 0.6, "obsmax2": "faible", "orp": "absence", "orp_amont": "absence", "orp_autour": "absence", "orp_aval": "absence", "orp_proche": "absence", "pente2c": "faible", "pente3c": "moyen", "pistes": "absence", "rang": "petit", "rectitud_v": 66.67, "rectitude": "fort", "ret_us": "autre", "ret_vol1_v": 0.0, "ret_vol1": "faible", "ret_vol2_v": 0.0, "ret_vol2": "faible", "sensisol_v": 21.5469, "sensisol": "moyen", "tcc": "absence", "txamg_v": 0.0, "txamg": "faible", "txetg1_v": 10.91, "txetg1": "moyen", "txetg2_v": 7.16, "txetg2": "faible", "txetg3_v": 15.86, "txetg3": "moyen", "txetg4_v": null, "txetg4": "faible", "txetg5_v": 7.44, "txetg5": "faible", "veget10_v": 47.255444240367119, "veget10": "moyen", "veget30_v": 16.587444460090612, "veget30": "tres_faible", "veget60_v": 9.7794246180751383, "veget60": "tres_faible", "hyd_dyn1": 1.0, "hyd_dyn2": 0.0, "hyd_dyn3": 0.0, "hyd_dyn4": 0.0, "hyd_dyn5": 0.0, "hyd_dyn": 1.0, "hyd_dyn_cl": "tres_faible", "av_hyd_dyn": "-", "hyd_qte1": 1.0, "hyd_qte2": 0.0, "hyd_qte3": 0.0, "hyd_qte4": 0.0, "hyd_qte5": 0.0, "hyd_qte": 1.0, "hyd_qte_cl": "tres_faible", "av_hyd_qte": "-", "hyd_mes1": 0.0, "hyd_mes2": 0.0, "hyd_mes3": 0.609, "hyd_mes4": 0.352, "hyd_mes5": 0.039, "hyd_mes": 3.0, "hyd_mes_cl": "moyen", "av_hyd_mes": "-", "con_amp1": 0.0, "con_amp2": 0.0, "con_amp3": 0.0, "con_amp4": 0.4, "con_amp5": 0.6, "con_amp": 5.0, "con_amp_cl": "tres_fort", "av_con_amp": "-", "con_pro1": 0.0, "con_pro2": 0.2, "con_pro3": 0.5, "con_pro4": 0.3, "con_pro5": 0.0, "con_pro": 3.0, "con_pro_cl": "moyen", "av_con_pro": "-", "con_lat1": 0.0, "con_lat2": 0.0, "con_lat3": 0.7, "con_lat4": 0.3, "con_lat5": 0.0, "con_lat": 3.0, "con_lat_cl": "moyen", "av_con_lat": "-", "con_sed1": 1.0, "con_sed2": 0.0, "con_sed3": 0.0, "con_sed4": 0.0, "con_sed5": 0.0, "con_sed": 1.0, "con_sed_cl": "tres_faible", "av_con_sed": "-", "mor_pll1": 0.0, "mor_pll2": 0.0, "mor_pll3": 0.074, "mor_pll4": 0.426, "mor_pll5": 0.5, "mor_pll": 5.0, "mor_pll_cl": "tres_fort", "av_mor_pll": "-", "mor_riv1": 0.0, "mor_riv2": 0.032, "mor_riv3": 0.608, "mor_riv4": 0.28, "mor_riv5": 0.08, "mor_riv": 3.0, "mor_riv_cl": "moyen", "av_mor_riv": "-", "mor_ssl1": 0.0, "mor_ssl2": 0.0, "mor_ssl3": 0.069, "mor_ssl4": 0.358, "mor_ssl5": 0.573, "mor_ssl": 5.0, "mor_ssl_cl": "tres_fort", "av_mor_ssl": "-", "av_aggrave": null, "av_attenue": null, "lbbh": "Artois-Picardie", "cdbh": "01", "Score_100": 32.9, "mor_rip": 3 }, "geometry": { "type": "MultiLineString", "coordinates": [ [ [ 1.977221536672585, 50.766425452928374 ], [ 1.977229340612164, 50.766444832039099 ], [ 1.977217513726297, 50.766538953858863 ], [ 1.977212573323558, 50.766573011566635 ], [ 1.977320243416895, 50.766704905238477 ], [ 1.977398777455537, 50.766877836343461 ], [ 1.977449582085168, 50.766953628742584 ], [ 1.977636898002081, 50.767065537733373 ], [ 1.977691137035874, 50.767111746561753 ], [ 1.97763825635643, 50.767345513523146 ], [ 1.977657896089244, 50.767631023238941 ], [ 1.977744174472712, 50.767909901405226 ], [ 1.977870817100557, 50.768152320589067 ], [ 1.977884414968256, 50.768179351854798 ], [ 1.978390932562711, 50.768889567278819 ] ] ] } },
{ "type": "Feature", "properties": { "fid": 129, "usra_id": 563217, "usra_id_st": "500681_17", "tgh_id": 500681, "usra_index": 17, "toponyme": "HEM", "longueur": 295.31, "zamont": 70.092309218186642, "zaval": 67.573078448955869, "agri3w_v": 58.82, "agri3w": "moyen", "agribv_v": 44.05, "agribv": "fort", "alluvial": "oui", "beton": "absence", "canaux": "absence", "carriere": "absence", "chenal_v": null, "chenal": "faible", "conf": "absence", "conso": 1118.734426493035, "consom1": "faible", "consom2": "faible", "curage": "absence", "dobs1_v": 0.42, "dobs1": "fort", "dobs2_v": 1.85, "dobs2": "fort", "eclu": "absence", "etiage": "fort", "haies_v": 5.1592160602602384, "haies": "fort", "imper_v": 7.08, "imper": "faible", "intercep_v": 0.0, "intercepte": "faible", "montagne": "dessous", "navigable": "non", "obsmax1_v": 2.0, "obsmax1": "moyen", "obsmax2_v": 0.4, "obsmax2": "faible", "orp": "absence", "orp_amont": "absence", "orp_autour": "absence", "orp_aval": "absence", "orp_proche": "absence", "pente2c": "faible", "pente3c": "moyen", "pistes": "absence", "rang": "petit", "rectitud_v": 100.0, "rectitude": "fort", "ret_us": "autre", "ret_vol1_v": 0.0, "ret_vol1": "faible", "ret_vol2_v": 0.0, "ret_vol2": "faible", "sensisol_v": 21.5469, "sensisol": "moyen", "tcc": "absence", "txamg_v": 0.0, "txamg": "faible", "txetg1_v": 10.75, "txetg1": "moyen", "txetg2_v": 6.28, "txetg2": "faible", "txetg3_v": 11.91, "txetg3": "moyen", "txetg4_v": null, "txetg4": "faible", "txetg5_v": 7.0, "txetg5": "faible", "veget10_v": 46.415597056712215, "veget10": "moyen", "veget30_v": 20.051089178799092, "veget30": "faible", "veget60_v": 16.850397940449305, "veget60": "tres_faible", "hyd_dyn1": 1.0, "hyd_dyn2": 0.0, "hyd_dyn3": 0.0, "hyd_dyn4": 0.0, "hyd_dyn5": 0.0, "hyd_dyn": 1.0, "hyd_dyn_cl": "tres_faible", "av_hyd_dyn": "-", "hyd_qte1": 1.0, "hyd_qte2": 0.0, "hyd_qte3": 0.0, "hyd_qte4": 0.0, "hyd_qte5": 0.0, "hyd_qte": 1.0, "hyd_qte_cl": "tres_faible", "av_hyd_qte": "-", "hyd_mes1": 0.0, "hyd_mes2": 0.0, "hyd_mes3": 0.609, "hyd_mes4": 0.352, "hyd_mes5": 0.039, "hyd_mes": 3.0, "hyd_mes_cl": "moyen", "av_hyd_mes": "-", "con_amp1": 0.0, "con_amp2": 0.0, "con_amp3": 0.0, "con_amp4": 0.4, "con_amp5": 0.6, "con_amp": 5.0, "con_amp_cl": "tres_fort", "av_con_amp": "-", "con_pro1": 0.0, "con_pro2": 0.2, "con_pro3": 0.5, "con_pro4": 0.3, "con_pro5": 0.0, "con_pro": 3.0, "con_pro_cl": "moyen", "av_con_pro": "-", "con_lat1": 0.0, "con_lat2": 0.0, "con_lat3": 0.7, "con_lat4": 0.3, "con_lat5": 0.0, "con_lat": 3.0, "con_lat_cl": "moyen", "av_con_lat": "-", "con_sed1": 1.0, "con_sed2": 0.0, "con_sed3": 0.0, "con_sed4": 0.0, "con_sed5": 0.0, "con_sed": 1.0, "con_sed_cl": "tres_faible", "av_con_sed": "-", "mor_pll1": 0.0, "mor_pll2": 0.0, "mor_pll3": 0.074, "mor_pll4": 0.426, "mor_pll5": 0.5, "mor_pll": 5.0, "mor_pll_cl": "tres_fort", "av_mor_pll": "-", "mor_riv1": 0.0, "mor_riv2": 0.04, "mor_riv3": 0.76, "mor_riv4": 0.2, "mor_riv5": 0.0, "mor_riv": 3.0, "mor_riv_cl": "moyen", "av_mor_riv": "-", "mor_ssl1": 0.0, "mor_ssl2": 0.0, "mor_ssl3": 0.069, "mor_ssl4": 0.358, "mor_ssl5": 0.573, "mor_ssl": 5.0, "mor_ssl_cl": "tres_fort", "av_mor_ssl": "-", "av_aggrave": null, "av_attenue": null, "lbbh": "Artois-Picardie", "cdbh": "01", "Score_100": 39.2, "mor_rip": 3 }, "geometry": { "type": "MultiLineString", "coordinates": [ [ [ 1.978390932562711, 50.768889567278819 ], [ 1.978416777452545, 50.768925805165864 ], [ 1.978704018507769, 50.769272732419452 ], [ 1.978940112292819, 50.769630007197897 ], [ 1.978987397311797, 50.769739867866384 ], [ 1.97903207251127, 50.76983893927202 ], [ 1.979103683559492, 50.769935539544342 ], [ 1.979338519971746, 50.770146539984317 ], [ 1.979691506055583, 50.770392606199032 ], [ 1.979878792335119, 50.770576296256074 ], [ 1.980033393331316, 50.770766896767995 ], [ 1.980129265077818, 50.771062002087383 ], [ 1.980220786540252, 50.771223371389809 ], [ 1.980226397783274, 50.771232928273925 ] ] ] } },
{ "type": "Feature", "properties": { "fid": 130, "usra_id": 563220, "usra_id_st": "500681_18", "tgh_id": 500681, "usra_index": 18, "toponyme": "HEM", "longueur": 295.31, "zamont": 67.573078448955869, "zaval": 65.053847679725095, "agri3w_v": 2.75, "agri3w": "faible", "agribv_v": 44.05, "agribv": "fort", "alluvial": "oui", "beton": "absence", "canaux": "absence", "carriere": "absence", "chenal_v": null, "chenal": "faible", "conf": "absence", "conso": 1118.734426493035, "consom1": "faible", "consom2": "faible", "curage": "absence", "dobs1_v": 0.41, "dobs1": "fort", "dobs2_v": 2.15, "dobs2": "fort", "eclu": "absence", "etiage": "fort", "haies_v": 5.1592160602602384, "haies": "fort", "imper_v": 7.08, "imper": "faible", "intercep_v": 0.0, "intercepte": "faible", "montagne": "dessous", "navigable": "non", "obsmax1_v": 2.0, "obsmax1": "moyen", "obsmax2_v": 0.4, "obsmax2": "faible", "orp": "absence", "orp_amont": "absence", "orp_autour": "absence", "orp_aval": "absence", "orp_proche": "absence", "pente2c": "faible", "pente3c": "moyen", "pistes": "absence", "rang": "petit", "rectitud_v": 33.33, "rectitude": "moyen", "ret_us": "autre", "ret_vol1_v": 0.0, "ret_vol1": "faible", "ret_vol2_v": 0.0, "ret_vol2": "faible", "sensisol_v": 21.5469, "sensisol": "moyen", "tcc": "absence", "txamg_v": 20.06, "txamg": "moyen", "txetg1_v": 10.71, "txetg1": "moyen", "txetg2_v": 7.04, "txetg2": "faible", "txetg3_v": 5.19, "txetg3": "faible", "txetg4_v": null, "txetg4": "faible", "txetg5_v": 6.62, "txetg5": "faible", "veget10_v": 73.834247444801846, "veget10": "moyen", "veget30_v": 55.070523983321635, "veget30": "moyen", "veget60_v": 39.619641604810298, "veget60": "faible", "hyd_dyn1": 1.0, "hyd_dyn2": 0.0, "hyd_dyn3": 0.0, "hyd_dyn4": 0.0, "hyd_dyn5": 0.0, "hyd_dyn": 1.0, "hyd_dyn_cl": "tres_faible", "av_hyd_dyn": "-", "hyd_qte1": 1.0, "hyd_qte2": 0.0, "hyd_qte3": 0.0, "hyd_qte4": 0.0, "hyd_qte5": 0.0, "hyd_qte": 1.0, "hyd_qte_cl": "tres_faible", "av_hyd_qte": "-", "hyd_mes1": 0.0, "hyd_mes2": 0.21, "hyd_mes3": 0.699, "hyd_mes4": 0.091, "hyd_mes5": 0.0, "hyd_mes": 3.0, "hyd_mes_cl": "moyen", "av_hyd_mes": "-", "con_amp1": 0.0, "con_amp2": 0.0, "con_amp3": 0.0, "con_amp4": 0.4, "con_amp5": 0.6, "con_amp": 5.0, "con_amp_cl": "tres_fort", "av_con_amp": "-", "con_pro1": 0.0, "con_pro2": 0.2, "con_pro3": 0.5, "con_pro4": 0.3, "con_pro5": 0.0, "con_pro": 3.0, "con_pro_cl": "moyen", "av_con_pro": "-", "con_lat1": 0.18, "con_lat2": 0.0, "con_lat3": 0.722, "con_lat4": 0.098, "con_lat5": 0.0, "con_lat": 3.0, "con_lat_cl": "moyen", "av_con_lat": "-", "con_sed1": 1.0, "con_sed2": 0.0, "con_sed3": 0.0, "con_sed4": 0.0, "con_sed5": 0.0, "con_sed": 1.0, "con_sed_cl": "tres_faible", "av_con_sed": "-", "mor_pll1": 0.09, "mor_pll2": 0.0, "mor_pll3": 0.676, "mor_pll4": 0.234, "mor_pll5": 0.0, "mor_pll": 3.0, "mor_pll_cl": "moyen", "av_mor_pll": "-", "mor_riv1": 0.072, "mor_riv2": 0.083, "mor_riv3": 0.717, "mor_riv4": 0.128, "mor_riv5": 0.0, "mor_riv": 3.0, "mor_riv_cl": "moyen", "av_mor_riv": "-", "mor_ssl1": 0.0, "mor_ssl2": 0.0, "mor_ssl3": 0.44, "mor_ssl4": 0.477, "mor_ssl5": 0.083, "mor_ssl": 4.0, "mor_ssl_cl": "fort", "av_mor_ssl": "D", "av_aggrave": null, "av_attenue": null, "lbbh": "Artois-Picardie", "cdbh": "01", "Score_100": 25.7, "mor_rip": 3 }, "geometry": { "type": "MultiLineString", "coordinates": [ [ [ 1.980226397783274, 50.771232928273925 ], [ 1.980270020584046, 50.771307225052112 ], [ 1.980451762729136, 50.771485484644558 ], [ 1.980623813212739, 50.771583803439462 ], [ 1.98068464088142, 50.77165429205575 ], [ 1.980688729422957, 50.771731494699317 ], [ 1.980657775956879, 50.771792258786505 ], [ 1.98055205546879, 50.771841642960339 ], [ 1.980365725768129, 50.771888572351969 ], [ 1.98032218446248, 50.771942054741118 ], [ 1.980337317102917, 50.772032807540384 ], [ 1.980441227476482, 50.772211326864088 ], [ 1.980652954869599, 50.772793623041601 ], [ 1.980703660838049, 50.772874796419927 ], [ 1.980926924919072, 50.773099157733853 ], [ 1.980962999343432, 50.773134448206875 ], [ 1.981195813863701, 50.773306842895636 ], [ 1.981238269294162, 50.773376283400424 ], [ 1.981209725344699, 50.773457705399423 ], [ 1.981171259597933, 50.773513099100995 ] ] ] } },
{ "type": "Feature", "properties": { "fid": 131, "usra_id": 563224, "usra_id_st": "500681_19", "tgh_id": 500681, "usra_index": 19, "toponyme": "HEM", "longueur": 295.31, "zamont": 65.053847679725095, "zaval": 62.534616910494314, "agri3w_v": 0.0, "agri3w": "faible", "agribv_v": 44.05, "agribv": "fort", "alluvial": "oui", "beton": "absence", "canaux": "absence", "carriere": "absence", "chenal_v": null, "chenal": "faible", "conf": "absence", "conso": 1118.734426493035, "consom1": "faible", "consom2": "faible", "curage": "absence", "dobs1_v": 0.41, "dobs1": "fort", "dobs2_v": 1.85, "dobs2": "fort", "eclu": "absence", "etiage": "fort", "haies_v": 5.1592160602602384, "haies": "fort", "imper_v": 7.08, "imper": "faible", "intercep_v": 0.0, "intercepte": "faible", "montagne": "dessous", "navigable": "non", "obsmax1_v": 2.0, "obsmax1": "moyen", "obsmax2_v": 0.4, "obsmax2": "faible", "orp": "absence", "orp_amont": "absence", "orp_autour": "absence", "orp_aval": "absence", "orp_proche": "absence", "pente2c": "faible", "pente3c": "moyen", "pistes": "absence", "rang": "petit", "rectitud_v": 0.0, "rectitude": "faible", "ret_us": "autre", "ret_vol1_v": 0.0, "ret_vol1": "faible", "ret_vol2_v": 0.0, "ret_vol2": "faible", "sensisol_v": 21.5469, "sensisol": "moyen", "tcc": "absence", "txamg_v": 0.98, "txamg": "faible", "txetg1_v": 10.9, "txetg1": "moyen", "txetg2_v": 6.32, "txetg2": "faible", "txetg3_v": 4.73, "txetg3": "faible", "txetg4_v": null, "txetg4": "faible", "txetg5_v": 6.27, "txetg5": "faible", "veget10_v": 56.631832033262171, "veget10": "moyen", "veget30_v": 28.863425257896846, "veget30": "faible", "veget60_v": 20.698381160988053, "veget60": "faible", "hyd_dyn1": 1.0, "hyd_dyn2": 0.0, "hyd_dyn3": 0.0, "hyd_dyn4": 0.0, "hyd_dyn5": 0.0, "hyd_dyn": 1.0, "hyd_dyn_cl": "tres_faible", "av_hyd_dyn": "-", "hyd_qte1": 1.0, "hyd_qte2": 0.0, "hyd_qte3": 0.0, "hyd_qte4": 0.0, "hyd_qte5": 0.0, "hyd_qte": 1.0, "hyd_qte_cl": "tres_faible", "av_hyd_qte": "-", "hyd_mes1": 0.0, "hyd_mes2": 0.7, "hyd_mes3": 0.3, "hyd_mes4": 0.0, "hyd_mes5": 0.0, "hyd_mes": 2.0, "hyd_mes_cl": "faible", "av_hyd_mes": "-", "con_amp1": 0.0, "con_amp2": 0.0, "con_amp3": 0.0, "con_amp4": 0.4, "con_amp5": 0.6, "con_amp": 5.0, "con_amp_cl": "tres_fort", "av_con_amp": "-", "con_pro1": 0.0, "con_pro2": 0.2, "con_pro3": 0.5, "con_pro4": 0.3, "con_pro5": 0.0, "con_pro": 3.0, "con_pro_cl": "moyen", "av_con_pro": "-", "con_lat1": 1.0, "con_lat2": 0.0, "con_lat3": 0.0, "con_lat4": 0.0, "con_lat5": 0.0, "con_lat": 1.0, "con_lat_cl": "tres_faible", "av_con_lat": "-", "con_sed1": 1.0, "con_sed2": 0.0, "con_sed3": 0.0, "con_sed4": 0.0, "con_sed5": 0.0, "con_sed": 1.0, "con_sed_cl": "tres_faible", "av_con_sed": "-", "mor_pll1": 1.0, "mor_pll2": 0.0, "mor_pll3": 0.0, "mor_pll4": 0.0, "mor_pll5": 0.0, "mor_pll": 1.0, "mor_pll_cl": "tres_faible", "av_mor_pll": "-", "mor_riv1": 0.0, "mor_riv2": 0.2, "mor_riv3": 0.8, "mor_riv4": 0.0, "mor_riv5": 0.0, "mor_riv": 3.0, "mor_riv_cl": "moyen", "av_mor_riv": "-", "mor_ssl1": 0.0, "mor_ssl2": 0.0, "mor_ssl3": 0.7, "mor_ssl4": 0.3, "mor_ssl5": 0.0, "mor_ssl": 3.0, "mor_ssl_cl": "moyen", "av_mor_ssl": "-", "av_aggrave": null, "av_attenue": null, "lbbh": "Artois-Picardie", "cdbh": "01", "Score_100": 16.0, "mor_rip": 3 }, "geometry": { "type": "MultiLineString", "coordinates": [ [ [ 1.981171259597933, 50.773513099100995 ], [ 1.981110592346091, 50.773600464433791 ], [ 1.981106320200658, 50.773671317224995 ], [ 1.981140678968041, 50.773790941004854 ], [ 1.981200761534169, 50.773898212837338 ], [ 1.981218716972002, 50.773919895249989 ], [ 1.981280908444952, 50.77399308639049 ], [ 1.981632224311458, 50.774253488696921 ], [ 1.982126704966489, 50.774502497837794 ], [ 1.982252744200309, 50.774637227492377 ], [ 1.982439268187309, 50.77472040718483 ], [ 1.982490580712315, 50.774771973235204 ], [ 1.98250309981486, 50.774921926534162 ], [ 1.982743512992898, 50.775069255127832 ], [ 1.982705649394983, 50.775121887163536 ], [ 1.982622343957054, 50.775182223730866 ], [ 1.982585639826545, 50.775247427547548 ], [ 1.98259803170936, 50.775403660860114 ], [ 1.982630852672818, 50.775529552483526 ], [ 1.982687698367637, 50.775587444758443 ], [ 1.982799264520448, 50.775675861109036 ] ] ] } },
{ "type": "Feature", "properties": { "fid": 132, "usra_id": 563227, "usra_id_st": "500681_20", "tgh_id": 500681, "usra_index": 20, "toponyme": "HEM", "longueur": 295.31, "zamont": 62.534616910494314, "zaval": 60.015386141263541, "agri3w_v": 0.0, "agri3w": "faible", "agribv_v": 44.05, "agribv": "fort", "alluvial": "oui", "beton": "absence", "canaux": "absence", "carriere": "absence", "chenal_v": null, "chenal": "faible", "conf": "absence", "conso": 1118.734426493035, "consom1": "faible", "consom2": "faible", "curage": "absence", "dobs1_v": 0.39, "dobs1": "fort", "dobs2_v": 2.11, "dobs2": "fort", "eclu": "absence", "etiage": "fort", "haies_v": 5.1592160602602384, "haies": "fort", "imper_v": 7.08, "imper": "faible", "intercep_v": 0.0, "intercepte": "faible", "montagne": "dessous", "navigable": "non", "obsmax1_v": 2.0, "obsmax1": "moyen", "obsmax2_v": 3.0, "obsmax2": "moyen", "orp": "absence", "orp_amont": "absence", "orp_autour": "absence", "orp_aval": "absence", "orp_proche": "absence", "pente2c": "faible", "pente3c": "moyen", "pistes": "absence", "rang": "petit", "rectitud_v": 0.0, "rectitude": "faible", "ret_us": "autre", "ret_vol1_v": 0.0, "ret_vol1": "faible", "ret_vol2_v": 0.0, "ret_vol2": "faible", "sensisol_v": 21.5469, "sensisol": "moyen", "tcc": "absence", "txamg_v": 0.0, "txamg": "faible", "txetg1_v": 11.13, "txetg1": "moyen", "txetg2_v": 25.31, "txetg2": "moyen", "txetg3_v": 0.0, "txetg3": "faible", "txetg4_v": null, "txetg4": "faible", "txetg5_v": 5.96, "txetg5": "faible", "veget10_v": 46.978199738291522, "veget10": "moyen", "veget30_v": 27.089130057514545, "veget30": "faible", "veget60_v": 25.398391578567484, "veget60": "faible", "hyd_dyn1": 1.0, "hyd_dyn2": 0.0, "hyd_dyn3": 0.0, "hyd_dyn4": 0.0, "hyd_dyn5": 0.0, "hyd_dyn": 1.0, "hyd_dyn_cl": "tres_faible", "av_hyd_dyn": "-", "hyd_qte1": 1.0, "hyd_qte2": 0.0, "hyd_qte3": 0.0, "hyd_qte4": 0.0, "hyd_qte5": 0.0, "hyd_qte": 1.0, "hyd_qte_cl": "tres_faible", "av_hyd_qte": "-", "hyd_mes1": 0.0, "hyd_mes2": 0.7, "hyd_mes3": 0.3, "hyd_mes4": 0.0, "hyd_mes5": 0.0, "hyd_mes": 2.0, "hyd_mes_cl": "faible", "av_hyd_mes": "-", "con_amp1": 0.0, "con_amp2": 0.0, "con_amp3": 0.0, "con_amp4": 0.4, "con_amp5": 0.6, "con_amp": 5.0, "con_amp_cl": "tres_fort", "av_con_amp": "-", "con_pro1": 0.0, "con_pro2": 0.0, "con_pro3": 0.3, "con_pro4": 0.5, "con_pro5": 0.2, "con_pro": 4.0, "con_pro_cl": "fort", "av_con_pro": "-", "con_lat1": 1.0, "con_lat2": 0.0, "con_lat3": 0.0, "con_lat4": 0.0, "con_lat5": 0.0, "con_lat": 1.0, "con_lat_cl": "tres_faible", "av_con_lat": "-", "con_sed1": 1.0, "con_sed2": 0.0, "con_sed3": 0.0, "con_sed4": 0.0, "con_sed5": 0.0, "con_sed": 1.0, "con_sed_cl": "tres_faible", "av_con_sed": "-", "mor_pll1": 1.0, "mor_pll2": 0.0, "mor_pll3": 0.0, "mor_pll4": 0.0, "mor_pll5": 0.0, "mor_pll": 1.0, "mor_pll_cl": "tres_faible", "av_mor_pll": "-", "mor_riv1": 0.0, "mor_riv2": 0.2, "mor_riv3": 0.8, "mor_riv4": 0.0, "mor_riv5": 0.0, "mor_riv": 3.0, "mor_riv_cl": "moyen", "av_mor_riv": "-", "mor_ssl1": 0.0, "mor_ssl2": 0.0, "mor_ssl3": 0.7, "mor_ssl4": 0.3, "mor_ssl5": 0.0, "mor_ssl": 3.0, "mor_ssl_cl": "moyen", "av_mor_ssl": "-", "av_aggrave": null, "av_attenue": null, "lbbh": "Artois-Picardie", "cdbh": "01", "Score_100": 17.1, "mor_rip": 3 }, "geometry": { "type": "MultiLineString", "coordinates": [ [ [ 1.982799264520448, 50.775675861109036 ], [ 1.982815831225655, 50.775688990212657 ], [ 1.982935566063917, 50.775785980375275 ], [ 1.983133524377343, 50.775863868366415 ], [ 1.983193565358792, 50.775903840268121 ], [ 1.983168855252951, 50.775935941654794 ], [ 1.982963371164797, 50.776019508039198 ], [ 1.982904574412829, 50.776057612143241 ], [ 1.983015444425826, 50.776103383115817 ], [ 1.983084807134238, 50.776172145085809 ], [ 1.983151054942698, 50.776185248388153 ], [ 1.983205096595466, 50.776172230015625 ], [ 1.983371466249246, 50.776133209410141 ], [ 1.983450612629103, 50.776138342069167 ], [ 1.983434167714604, 50.776251268812814 ], [ 1.983326157014538, 50.776482790127254 ], [ 1.98325573003488, 50.776745126634424 ], [ 1.983298938252216, 50.776777782518614 ], [ 1.983366310393104, 50.776805251804483 ], [ 1.983573145776823, 50.776864367929164 ], [ 1.983617520011627, 50.776839605468886 ], [ 1.983628463030596, 50.77678854819488 ], [ 1.983657017484429, 50.776776218922521 ], [ 1.983702005216897, 50.776790943015101 ], [ 1.983788968701976, 50.77682933965626 ], [ 1.983815033739337, 50.776869931234515 ], [ 1.983870813331454, 50.776910765269008 ], [ 1.983858400925027, 50.776964502488092 ], [ 1.983747498926609, 50.777059609488923 ], [ 1.983837378506604, 50.777163533363932 ], [ 1.983799350575429, 50.777224239998588 ], [ 1.983709150147606, 50.777275547773947 ], [ 1.983636439388808, 50.777301873604067 ], [ 1.983635682519914, 50.777302943085594 ] ] ] } },
{ "type": "Feature", "properties": { "fid": 133, "usra_id": 563229, "usra_id_st": "500681_21", "tgh_id": 500681, "usra_index": 21, "toponyme": "HEM", "longueur": 295.31, "zamont": 60.015386141263541, "zaval": 57.496155372032767, "agri3w_v": 0.0, "agri3w": "faible", "agribv_v": 44.05, "agribv": "fort", "alluvial": "oui", "beton": "absence", "canaux": "absence", "carriere": "absence", "chenal_v": null, "chenal": "faible", "conf": "absence", "conso": 1118.734426493035, "consom1": "faible", "consom2": "faible", "curage": "absence", "dobs1_v": 0.39, "dobs1": "fort", "dobs2_v": 2.03, "dobs2": "fort", "eclu": "absence", "etiage": "fort", "haies_v": 5.1592160602602384, "haies": "fort", "imper_v": 7.08, "imper": "faible", "intercep_v": 0.0, "intercepte": "faible", "montagne": "dessous", "navigable": "non", "obsmax1_v": 2.0, "obsmax1": "moyen", "obsmax2_v": 0.4, "obsmax2": "faible", "orp": "absence", "orp_amont": "absence", "orp_autour": "absence", "orp_aval": "absence", "orp_proche": "absence", "pente2c": "faible", "pente3c": "moyen", "pistes": "absence", "rang": "petit", "rectitud_v": 0.0, "rectitude": "faible", "ret_us": "autre", "ret_vol1_v": 0.0, "ret_vol1": "faible", "ret_vol2_v": 0.0, "ret_vol2": "faible", "sensisol_v": 21.5469, "sensisol": "moyen", "tcc": "absence", "txamg_v": 6.01, "txamg": "faible", "txetg1_v": 11.55, "txetg1": "moyen", "txetg2_v": 22.62, "txetg2": "moyen", "txetg3_v": 11.92, "txetg3": "moyen", "txetg4_v": null, "txetg4": "faible", "txetg5_v": 5.82, "txetg5": "faible", "veget10_v": 35.665321744925301, "veget10": "faible", "veget30_v": 20.304942532874449, "veget30": "faible", "veget60_v": 16.612268929651908, "veget60": "tres_faible", "hyd_dyn1": 1.0, "hyd_dyn2": 0.0, "hyd_dyn3": 0.0, "hyd_dyn4": 0.0, "hyd_dyn5": 0.0, "hyd_dyn": 1.0, "hyd_dyn_cl": "tres_faible", "av_hyd_dyn": "-", "hyd_qte1": 1.0, "hyd_qte2": 0.0, "hyd_qte3": 0.0, "hyd_qte4": 0.0, "hyd_qte5": 0.0, "hyd_qte": 1.0, "hyd_qte_cl": "tres_faible", "av_hyd_qte": "-", "hyd_mes1": 0.0, "hyd_mes2": 0.7, "hyd_mes3": 0.3, "hyd_mes4": 0.0, "hyd_mes5": 0.0, "hyd_mes": 2.0, "hyd_mes_cl": "faible", "av_hyd_mes": "-", "con_amp1": 0.0, "con_amp2": 0.0, "con_amp3": 0.0, "con_amp4": 0.4, "con_amp5": 0.6, "con_amp": 5.0, "con_amp_cl": "tres_fort", "av_con_amp": "-", "con_pro1": 0.0, "con_pro2": 0.0, "con_pro3": 0.5, "con_pro4": 0.5, "con_pro5": 0.0, "con_pro": 4.0, "con_pro_cl": "fort", "av_con_pro": "D", "con_lat1": 1.0, "con_lat2": 0.0, "con_lat3": 0.0, "con_lat4": 0.0, "con_lat5": 0.0, "con_lat": 1.0, "con_lat_cl": "tres_faible", "av_con_lat": "-", "con_sed1": 1.0, "con_sed2": 0.0, "con_sed3": 0.0, "con_sed4": 0.0, "con_sed5": 0.0, "con_sed": 1.0, "con_sed_cl": "tres_faible", "av_con_sed": "-", "mor_pll1": 0.5, "mor_pll2": 0.0, "mor_pll3": 0.5, "mor_pll4": 0.0, "mor_pll5": 0.0, "mor_pll": 3.0, "mor_pll_cl": "moyen", "av_mor_pll": "C", "mor_riv1": 0.0, "mor_riv2": 0.12, "mor_riv3": 0.48, "mor_riv4": 0.4, "mor_riv5": 0.0, "mor_riv": 3.0, "mor_riv_cl": "moyen", "av_mor_riv": "-", "mor_ssl1": 0.0, "mor_ssl2": 0.0, "mor_ssl3": 0.455, "mor_ssl4": 0.47, "mor_ssl5": 0.075, "mor_ssl": 4.0, "mor_ssl_cl": "fort", "av_mor_ssl": "D", "av_aggrave": null, "av_attenue": null, "lbbh": "Artois-Picardie", "cdbh": "01", "Score_100": 23.9, "mor_rip": 4 }, "geometry": { "type": "MultiLineString", "coordinates": [ [ [ 1.983635682519914, 50.777302943085594 ], [ 1.983598556826419, 50.77735540289143 ], [ 1.98361850666289, 50.777418377259785 ], [ 1.983654294677107, 50.777468021265157 ], [ 1.983784049629863, 50.777559708232843 ], [ 1.983827003945314, 50.777604924117107 ], [ 1.98381078338987, 50.77763709482506 ], [ 1.983663909426483, 50.77769152930081 ], [ 1.98362775124213, 50.777729818416482 ], [ 1.983660066334379, 50.777880829759219 ], [ 1.983722115011592, 50.778031186399865 ], [ 1.98377350509847, 50.778079163028842 ], [ 1.983836561376486, 50.778110185997889 ], [ 1.983908362734002, 50.778128717991798 ], [ 1.984000338464933, 50.778129468402177 ], [ 1.984088324051383, 50.778117623900549 ], [ 1.984151076070594, 50.77809390851661 ], [ 1.984203449656109, 50.778093438421372 ], [ 1.984254749252079, 50.778145900638044 ], [ 1.984316536516632, 50.77816973455451 ], [ 1.984404795107, 50.778144432457502 ], [ 1.984488408196497, 50.778138833161869 ], [ 1.984545331794095, 50.778193135726177 ], [ 1.984604193892147, 50.778291422079114 ], [ 1.984700051074723, 50.778310149744748 ], [ 1.984786999770407, 50.778349442758056 ], [ 1.98498233733169, 50.77848742554459 ], [ 1.985086430525791, 50.778518782314308 ], [ 1.985333080870832, 50.77849925683477 ], [ 1.985561662982139, 50.778463432180459 ], [ 1.985702710657332, 50.77848701369895 ], [ 1.985783130611592, 50.778499333645264 ], [ 1.985873074101631, 50.778530574516232 ], [ 1.985864578786469, 50.778670485037807 ], [ 1.985867162910408, 50.778681685651414 ] ] ] } },
{ "type": "Feature", "properties": { "fid": 134, "usra_id": 563233, "usra_id_st": "500681_22", "tgh_id": 500681, "usra_index": 22, "toponyme": "HEM", "longueur": 295.31, "zamont": 57.496155372032767, "zaval": 54.976924602801994, "agri3w_v": 0.0, "agri3w": "faible", "agribv_v": 44.05, "agribv": "fort", "alluvial": "oui", "beton": "absence", "canaux": "absence", "carriere": "absence", "chenal_v": null, "chenal": "faible", "conf": "absence", "conso": 1118.734426493035, "consom1": "faible", "consom2": "faible", "curage": "absence", "dobs1_v": 0.37, "dobs1": "fort", "dobs2_v": 1.8, "dobs2": "fort", "eclu": "absence", "etiage": "fort", "haies_v": 5.1592160602602384, "haies": "fort", "imper_v": 7.08, "imper": "faible", "intercep_v": 0.0, "intercepte": "faible", "montagne": "dessous", "navigable": "non", "obsmax1_v": 2.0, "obsmax1": "moyen", "obsmax2_v": 0.3, "obsmax2": "faible", "orp": "absence", "orp_amont": "absence", "orp_autour": "absence", "orp_aval": "absence", "orp_proche": "absence", "pente2c": "faible", "pente3c": "moyen", "pistes": "absence", "rang": "petit", "rectitud_v": 0.0, "rectitude": "faible", "ret_us": "autre", "ret_vol1_v": 0.0, "ret_vol1": "faible", "ret_vol2_v": 0.0, "ret_vol2": "faible", "sensisol_v": 21.5469, "sensisol": "moyen", "tcc": "absence", "txamg_v": 11.8, "txamg": "moyen", "txetg1_v": 11.54, "txetg1": "moyen", "txetg2_v": 23.41, "txetg2": "moyen", "txetg3_v": 11.58, "txetg3": "moyen", "txetg4_v": null, "txetg4": "faible", "txetg5_v": 5.68, "txetg5": "faible", "veget10_v": 73.809774719027729, "veget10": "moyen", "veget30_v": 44.291729430324928, "veget30": "moyen", "veget60_v": 24.959847429169951, "veget60": "faible", "hyd_dyn1": 1.0, "hyd_dyn2": 0.0, "hyd_dyn3": 0.0, "hyd_dyn4": 0.0, "hyd_dyn5": 0.0, "hyd_dyn": 1.0, "hyd_dyn_cl": "tres_faible", "av_hyd_dyn": "-", "hyd_qte1": 1.0, "hyd_qte2": 0.0, "hyd_qte3": 0.0, "hyd_qte4": 0.0, "hyd_qte5": 0.0, "hyd_qte": 1.0, "hyd_qte_cl": "tres_faible", "av_hyd_qte": "-", "hyd_mes1": 0.0, "hyd_mes2": 0.7, "hyd_mes3": 0.3, "hyd_mes4": 0.0, "hyd_mes5": 0.0, "hyd_mes": 2.0, "hyd_mes_cl": "faible", "av_hyd_mes": "-", "con_amp1": 0.0, "con_amp2": 0.0, "con_amp3": 0.0, "con_amp4": 0.4, "con_amp5": 0.6, "con_amp": 5.0, "con_amp_cl": "tres_fort", "av_con_amp": "-", "con_pro1": 0.0, "con_pro2": 0.0, "con_pro3": 0.5, "con_pro4": 0.5, "con_pro5": 0.0, "con_pro": 4.0, "con_pro_cl": "fort", "av_con_pro": "D", "con_lat1": 0.6, "con_lat2": 0.0, "con_lat3": 0.4, "con_lat4": 0.0, "con_lat5": 0.0, "con_lat": 1.0, "con_lat_cl": "tres_faible", "av_con_lat": "-", "con_sed1": 1.0, "con_sed2": 0.0, "con_sed3": 0.0, "con_sed4": 0.0, "con_sed5": 0.0, "con_sed": 1.0, "con_sed_cl": "tres_faible", "av_con_sed": "-", "mor_pll1": 0.3, "mor_pll2": 0.0, "mor_pll3": 0.63, "mor_pll4": 0.07, "mor_pll5": 0.0, "mor_pll": 3.0, "mor_pll_cl": "moyen", "av_mor_pll": "-", "mor_riv1": 0.128, "mor_riv2": 0.117, "mor_riv3": 0.683, "mor_riv4": 0.072, "mor_riv5": 0.0, "mor_riv": 3.0, "mor_riv_cl": "moyen", "av_mor_riv": "-", "mor_ssl1": 0.0, "mor_ssl2": 0.0, "mor_ssl3": 0.455, "mor_ssl4": 0.47, "mor_ssl5": 0.075, "mor_ssl": 4.0, "mor_ssl_cl": "fort", "av_mor_ssl": "D", "av_aggrave": null, "av_attenue": null, "lbbh": "Artois-Picardie", "cdbh": "01", "Score_100": 24.2, "mor_rip": 3 }, "geometry": { "type": "MultiLineString", "coordinates": [ [ [ 1.985867162910408, 50.778681685651414 ], [ 1.985878890056598, 50.778732515667897 ], [ 1.985927598257742, 50.77877329105057 ], [ 1.986150627907161, 50.778802026107208 ], [ 1.98621100185258, 50.778825847540134 ], [ 1.986306713355502, 50.778921741013143 ], [ 1.986410626633387, 50.778962068228878 ], [ 1.986468950125032, 50.779017278519952 ], [ 1.986496829697384, 50.779178123009522 ], [ 1.986549891307722, 50.77928353948721 ], [ 1.986562063677299, 50.779311454988701 ], [ 1.986852415496521, 50.779580316858421 ], [ 1.98687527304925, 50.779639724889108 ], [ 1.986857909894816, 50.779728416748767 ], [ 1.986868375789801, 50.779840664892248 ], [ 1.986833215939799, 50.779899600916515 ], [ 1.986826083668078, 50.780042214191589 ], [ 1.986875572313631, 50.7801843907543 ], [ 1.986931267315016, 50.780229708990269 ], [ 1.986976222803456, 50.780246226133947 ], [ 1.987122282964233, 50.780302149625093 ], [ 1.987196210929262, 50.78035569174687 ], [ 1.987196228353711, 50.780424784230256 ], [ 1.987056404364003, 50.780690146024583 ], [ 1.986996714640342, 50.780842201979425 ], [ 1.986996622859124, 50.780916677340258 ], [ 1.987005251101779, 50.780924077250894 ] ] ] } },
{ "type": "Feature", "properties": { "fid": 135, "usra_id": 563236, "usra_id_st": "500681_23", "tgh_id": 500681, "usra_index": 23, "toponyme": "HEM", "longueur": 295.31, "zamont": 54.976924602801994, "zaval": 52.457693833571213, "agri3w_v": 0.0, "agri3w": "faible", "agribv_v": 44.05, "agribv": "fort", "alluvial": "oui", "beton": "absence", "canaux": "absence", "carriere": "absence", "chenal_v": null, "chenal": "faible", "conf": "absence", "conso": 1118.734426493035, "consom1": "faible", "consom2": "faible", "curage": "absence", "dobs1_v": 0.35, "dobs1": "fort", "dobs2_v": 1.58, "dobs2": "fort", "eclu": "absence", "etiage": "fort", "haies_v": 5.1592160602602384, "haies": "fort", "imper_v": 7.08, "imper": "faible", "intercep_v": 0.0, "intercepte": "faible", "montagne": "dessous", "navigable": "non", "obsmax1_v": 2.0, "obsmax1": "moyen", "obsmax2_v": 0.3, "obsmax2": "faible", "orp": "absence", "orp_amont": "absence", "orp_autour": "absence", "orp_aval": "absence", "orp_proche": "absence", "pente2c": "faible", "pente3c": "moyen", "pistes": "absence", "rang": "petit", "rectitud_v": 33.33, "rectitude": "moyen", "ret_us": "autre", "ret_vol1_v": 0.0, "ret_vol1": "faible", "ret_vol2_v": 0.0, "ret_vol2": "faible", "sensisol_v": 21.5469, "sensisol": "moyen", "tcc": "absence", "txamg_v": 31.71, "txamg": "fort", "txetg1_v": 11.54, "txetg1": "moyen", "txetg2_v": 19.62, "txetg2": "moyen", "txetg3_v": 8.3, "txetg3": "faible", "txetg4_v": null, "txetg4": "faible", "txetg5_v": 5.55, "txetg5": "faible", "veget10_v": 54.344281356073893, "veget10": "moyen", "veget30_v": 28.659752499850995, "veget30": "faible", "veget60_v": 17.020367557690523, "veget60": "tres_faible", "hyd_dyn1": 1.0, "hyd_dyn2": 0.0, "hyd_dyn3": 0.0, "hyd_dyn4": 0.0, "hyd_dyn5": 0.0, "hyd_dyn": 1.0, "hyd_dyn_cl": "tres_faible", "av_hyd_dyn": "-", "hyd_qte1": 1.0, "hyd_qte2": 0.0, "hyd_qte3": 0.0, "hyd_qte4": 0.0, "hyd_qte5": 0.0, "hyd_qte": 1.0, "hyd_qte_cl": "tres_faible", "av_hyd_qte": "-", "hyd_mes1": 0.0, "hyd_mes2": 0.21, "hyd_mes3": 0.699, "hyd_mes4": 0.091, "hyd_mes5": 0.0, "hyd_mes": 3.0, "hyd_mes_cl": "moyen", "av_hyd_mes": "-", "con_amp1": 0.0, "con_amp2": 0.0, "con_amp3": 0.0, "con_amp4": 0.4, "con_amp5": 0.6, "con_amp": 5.0, "con_amp_cl": "tres_fort", "av_con_amp": "-", "con_pro1": 0.0, "con_pro2": 0.0, "con_pro3": 0.5, "con_pro4": 0.5, "con_pro5": 0.0, "con_pro": 4.0, "con_pro_cl": "fort", "av_con_pro": "D", "con_lat1": 0.06, "con_lat2": 0.0, "con_lat3": 0.744, "con_lat4": 0.196, "con_lat5": 0.0, "con_lat": 3.0, "con_lat_cl": "moyen", "av_con_lat": "-", "con_sed1": 1.0, "con_sed2": 0.0, "con_sed3": 0.0, "con_sed4": 0.0, "con_sed5": 0.0, "con_sed": 1.0, "con_sed_cl": "tres_faible", "av_con_sed": "-", "mor_pll1": 0.0, "mor_pll2": 0.0, "mor_pll3": 0.299, "mor_pll4": 0.551, "mor_pll5": 0.15, "mor_pll": 4.0, "mor_pll_cl": "fort", "av_mor_pll": "-", "mor_riv1": 0.0, "mor_riv2": 0.024, "mor_riv3": 0.756, "mor_riv4": 0.22, "mor_riv5": 0.0, "mor_riv": 3.0, "mor_riv_cl": "moyen", "av_mor_riv": "-", "mor_ssl1": 0.0, "mor_ssl2": 0.0, "mor_ssl3": 0.44, "mor_ssl4": 0.477, "mor_ssl5": 0.083, "mor_ssl": 4.0, "mor_ssl_cl": "fort", "av_mor_ssl": "D", "av_aggrave": null, "av_attenue": null, "lbbh": "Artois-Picardie", "cdbh": "01", "Score_100": 30.7, "mor_rip": 3 }, "geometry": { "type": "MultiLineString", "coordinates": [ [ [ 1.987005251101779, 50.780924077250894 ], [ 1.987053661260496, 50.780965595599895 ], [ 1.987153370407265, 50.781004093232333 ], [ 1.987187967215998, 50.781042958587065 ], [ 1.987197653608383, 50.781193784119324 ], [ 1.987319986212861, 50.781303352428438 ], [ 1.987339760812966, 50.781375297363681 ], [ 1.987332067145991, 50.781545722120384 ], [ 1.987336094149697, 50.78162651199753 ], [ 1.987346217197637, 50.781685816199186 ], [ 1.987306573605997, 50.781966349116324 ], [ 1.987305611085829, 50.78208388770593 ], [ 1.987189839537768, 50.78241943401504 ], [ 1.987186663638719, 50.78250644631791 ], [ 1.987257417860235, 50.78278697928863 ], [ 1.987281057229066, 50.78287779878687 ], [ 1.987234701609446, 50.782930362531459 ], [ 1.987007497291567, 50.782967098674376 ], [ 1.986910322997802, 50.783012967857374 ], [ 1.986804003883144, 50.78309106535243 ], [ 1.986735203501923, 50.783203565368602 ], [ 1.986681104380196, 50.783291892647092 ] ] ] } },
{ "type": "Feature", "properties": { "fid": 136, "usra_id": 563240, "usra_id_st": "500681_24", "tgh_id": 500681, "usra_index": 24, "toponyme": "HEM", "longueur": 295.31, "zamont": 52.457693833571213, "zaval": 49.938463064340446, "agri3w_v": 0.0, "agri3w": "faible", "agribv_v": 44.05, "agribv": "fort", "alluvial": "oui", "beton": "absence", "canaux": "absence", "carriere": "absence", "chenal_v": null, "chenal": "faible", "conf": "absence", "conso": 1118.734426493035, "consom1": "faible", "consom2": "faible", "curage": "absence", "dobs1_v": 0.33, "dobs1": "fort", "dobs2_v": 1.58, "dobs2": "fort", "eclu": "absence", "etiage": "fort", "haies_v": 5.1592160602602384, "haies": "fort", "imper_v": 7.08, "imper": "faible", "intercep_v": 0.0, "intercepte": "faible", "montagne": "dessous", "navigable": "non", "obsmax1_v": 2.0, "obsmax1": "moyen", "obsmax2_v": 0.3, "obsmax2": "faible", "orp": "absence", "orp_amont": "absence", "orp_autour": "absence", "orp_aval": "absence", "orp_proche": "absence", "pente2c": "faible", "pente3c": "moyen", "pistes": "absence", "rang": "petit", "rectitud_v": 33.33, "rectitude": "moyen", "ret_us": "autre", "ret_vol1_v": 0.0, "ret_vol1": "faible", "ret_vol2_v": 0.0, "ret_vol2": "faible", "sensisol_v": 21.5469, "sensisol": "moyen", "tcc": "absence", "txamg_v": 31.92, "txamg": "fort", "txetg1_v": 11.68, "txetg1": "moyen", "txetg2_v": 12.16, "txetg2": "moyen", "txetg3_v": null, "txetg3": "faible", "txetg4_v": null, "txetg4": "faible", "txetg5_v": 5.42, "txetg5": "faible", "veget10_v": 66.837831649342434, "veget10": "moyen", "veget30_v": 28.951265808115824, "veget30": "faible", "veget60_v": 19.857524912115053, "veget60": "tres_faible", "hyd_dyn1": 1.0, "hyd_dyn2": 0.0, "hyd_dyn3": 0.0, "hyd_dyn4": 0.0, "hyd_dyn5": 0.0, "hyd_dyn": 1.0, "hyd_dyn_cl": "tres_faible", "av_hyd_dyn": "-", "hyd_qte1": 1.0, "hyd_qte2": 0.0, "hyd_qte3": 0.0, "hyd_qte4": 0.0, "hyd_qte5": 0.0, "hyd_qte": 1.0, "hyd_qte_cl": "tres_faible", "av_hyd_qte": "-", "hyd_mes1": 0.0, "hyd_mes2": 0.21, "hyd_mes3": 0.699, "hyd_mes4": 0.091, "hyd_mes5": 0.0, "hyd_mes": 3.0, "hyd_mes_cl": "moyen", "av_hyd_mes": "-", "con_amp1": 0.0, "con_amp2": 0.0, "con_amp3": 0.0, "con_amp4": 0.4, "con_amp5": 0.6, "con_amp": 5.0, "con_amp_cl": "tres_fort", "av_con_amp": "-", "con_pro1": 0.0, "con_pro2": 0.0, "con_pro3": 0.5, "con_pro4": 0.5, "con_pro5": 0.0, "con_pro": 4.0, "con_pro_cl": "fort", "av_con_pro": "D", "con_lat1": 0.06, "con_lat2": 0.0, "con_lat3": 0.744, "con_lat4": 0.196, "con_lat5": 0.0, "con_lat": 3.0, "con_lat_cl": "moyen", "av_con_lat": "-", "con_sed1": 1.0, "con_sed2": 0.0, "con_sed3": 0.0, "con_sed4": 0.0, "con_sed5": 0.0, "con_sed": 1.0, "con_sed_cl": "tres_faible", "av_con_sed": "-", "mor_pll1": 0.0, "mor_pll2": 0.0, "mor_pll3": 0.299, "mor_pll4": 0.551, "mor_pll5": 0.15, "mor_pll": 4.0, "mor_pll_cl": "fort", "av_mor_pll": "-", "mor_riv1": 0.0, "mor_riv2": 0.024, "mor_riv3": 0.756, "mor_riv4": 0.22, "mor_riv5": 0.0, "mor_riv": 3.0, "mor_riv_cl": "moyen", "av_mor_riv": "-", "mor_ssl1": 0.0, "mor_ssl2": 0.0, "mor_ssl3": 0.44, "mor_ssl4": 0.477, "mor_ssl5": 0.083, "mor_ssl": 4.0, "mor_ssl_cl": "fort", "av_mor_ssl": "D", "av_aggrave": null, "av_attenue": null, "lbbh": "Artois-Picardie", "cdbh": "01", "Score_100": 30.8, "mor_rip": 3 }, "geometry": { "type": "MultiLineString", "coordinates": [ [ [ 1.986681104380196, 50.783291892647092 ], [ 1.986540521434044, 50.783521419871235 ], [ 1.986396695984744, 50.783704195733208 ], [ 1.986308045092677, 50.783818328471078 ], [ 1.986197150734621, 50.783912539508876 ], [ 1.986073646567481, 50.784000366696766 ], [ 1.985963623753084, 50.784051514285004 ], [ 1.985842642808016, 50.784084626581596 ], [ 1.985731949726613, 50.784098979276024 ], [ 1.985633487061815, 50.784068566565431 ], [ 1.985356457414348, 50.784049261385839 ], [ 1.985237000379546, 50.784077001721769 ], [ 1.985166728936028, 50.784122191385578 ], [ 1.985187061868757, 50.784236313933917 ], [ 1.985176209756031, 50.784282885015564 ], [ 1.985005623439795, 50.784319181499598 ], [ 1.984944115470622, 50.784350982970459 ], [ 1.984625007688841, 50.784661538874488 ], [ 1.984552486886105, 50.784677996300921 ], [ 1.984416445997725, 50.784685860084345 ], [ 1.984420013481889, 50.784789078396599 ], [ 1.984375122899633, 50.784838961015872 ], [ 1.984307843855377, 50.78487609888154 ], [ 1.984198453871046, 50.78501491911252 ] ] ] } },
{ "type": "Feature", "properties": { "fid": 137, "usra_id": 563243, "usra_id_st": "500681_25", "tgh_id": 500681, "usra_index": 25, "toponyme": "HEM", "longueur": 295.31, "zamont": 49.938463064340446, "zaval": 47.419232295109673, "agri3w_v": 8.26, "agri3w": "faible", "agribv_v": 44.05, "agribv": "fort", "alluvial": "oui", "beton": "absence", "canaux": "absence", "carriere": "absence", "chenal_v": null, "chenal": "faible", "conf": "absence", "conso": 1118.734426493035, "consom1": "faible", "consom2": "faible", "curage": "absence", "dobs1_v": 0.33, "dobs1": "fort", "dobs2_v": 1.36, "dobs2": "fort", "eclu": "absence", "etiage": "fort", "haies_v": 5.1592160602602384, "haies": "fort", "imper_v": 7.08, "imper": "faible", "intercep_v": 0.0, "intercepte": "faible", "montagne": "dessous", "navigable": "non", "obsmax1_v": 2.0, "obsmax1": "moyen", "obsmax2_v": 0.3, "obsmax2": "faible", "orp": "absence", "orp_amont": "absence", "orp_autour": "absence", "orp_aval": "absence", "orp_proche": "absence", "pente2c": "faible", "pente3c": "moyen", "pistes": "absence", "rang": "petit", "rectitud_v": 0.0, "rectitude": "faible", "ret_us": "autre", "ret_vol1_v": 0.0, "ret_vol1": "faible", "ret_vol2_v": 0.0, "ret_vol2": "faible", "sensisol_v": 21.5469, "sensisol": "moyen", "tcc": "absence", "txamg_v": 0.0, "txamg": "faible", "txetg1_v": 12.2, "txetg1": "moyen", "txetg2_v": 3.04, "txetg2": "faible", "txetg3_v": null, "txetg3": "faible", "txetg4_v": null, "txetg4": "faible", "txetg5_v": 5.3, "txetg5": "faible", "veget10_v": 84.396720936940966, "veget10": "fort", "veget30_v": 59.956073114762354, "veget30": "moyen", "veget60_v": 48.539388360086541, "veget60": "moyen", "hyd_dyn1": 1.0, "hyd_dyn2": 0.0, "hyd_dyn3": 0.0, "hyd_dyn4": 0.0, "hyd_dyn5": 0.0, "hyd_dyn": 1.0, "hyd_dyn_cl": "tres_faible", "av_hyd_dyn": "-", "hyd_qte1": 1.0, "hyd_qte2": 0.0, "hyd_qte3": 0.0, "hyd_qte4": 0.0, "hyd_qte5": 0.0, "hyd_qte": 1.0, "hyd_qte_cl": "tres_faible", "av_hyd_qte": "-", "hyd_mes1": 0.0, "hyd_mes2": 0.7, "hyd_mes3": 0.3, "hyd_mes4": 0.0, "hyd_mes5": 0.0, "hyd_mes": 2.0, "hyd_mes_cl": "faible", "av_hyd_mes": "-", "con_amp1": 0.0, "con_amp2": 0.0, "con_amp3": 0.0, "con_amp4": 0.4, "con_amp5": 0.6, "con_amp": 5.0, "con_amp_cl": "tres_fort", "av_con_amp": "-", "con_pro1": 0.0, "con_pro2": 0.2, "con_pro3": 0.5, "con_pro4": 0.3, "con_pro5": 0.0, "con_pro": 3.0, "con_pro_cl": "moyen", "av_con_pro": "-", "con_lat1": 1.0, "con_lat2": 0.0, "con_lat3": 0.0, "con_lat4": 0.0, "con_lat5": 0.0, "con_lat": 1.0, "con_lat_cl": "tres_faible", "av_con_lat": "-", "con_sed1": 1.0, "con_sed2": 0.0, "con_sed3": 0.0, "con_sed4": 0.0, "con_sed5": 0.0, "con_sed": 1.0, "con_sed_cl": "tres_faible", "av_con_sed": "-", "mor_pll1": 1.0, "mor_pll2": 0.0, "mor_pll3": 0.0, "mor_pll4": 0.0, "mor_pll5": 0.0, "mor_pll": 1.0, "mor_pll_cl": "tres_faible", "av_mor_pll": "-", "mor_riv1": 0.75, "mor_riv2": 0.05, "mor_riv3": 0.2, "mor_riv4": 0.0, "mor_riv5": 0.0, "mor_riv": 1.0, "mor_riv_cl": "tres_faible", "av_mor_riv": "-", "mor_ssl1": 0.0, "mor_ssl2": 0.0, "mor_ssl3": 0.7, "mor_ssl4": 0.3, "mor_ssl5": 0.0, "mor_ssl": 3.0, "mor_ssl_cl": "moyen", "av_mor_ssl": "-", "av_aggrave": null, "av_attenue": null, "lbbh": "Artois-Picardie", "cdbh": "01", "Score_100": 12.7, "mor_rip": 1 }, "geometry": { "type": "MultiLineString", "coordinates": [ [ [ 1.984198453871046, 50.78501491911252 ], [ 1.98415819987316, 50.785066002807824 ], [ 1.984089468736977, 50.785104923297595 ], [ 1.983982727153223, 50.785133663421902 ], [ 1.983850542687403, 50.785230390459915 ], [ 1.983751927679146, 50.78527714262286 ], [ 1.983514439272178, 50.78533173439876 ], [ 1.983405880795923, 50.785380199728927 ], [ 1.983281991620545, 50.785416874961811 ], [ 1.983111637009048, 50.785441505864704 ], [ 1.983013118611203, 50.785413782589181 ], [ 1.982878522456894, 50.785280780873023 ], [ 1.982840081514331, 50.785222142638901 ], [ 1.982837458455762, 50.785142261765422 ], [ 1.982762185806151, 50.785085117295431 ], [ 1.982632187292555, 50.785074185240312 ], [ 1.982555000180997, 50.785111241227753 ], [ 1.9824884890109, 50.785249778970538 ], [ 1.982386841633116, 50.785306375558008 ], [ 1.982285999691313, 50.785462578605568 ], [ 1.982181899346121, 50.785709381874661 ], [ 1.982158690194813, 50.785737008408354 ], [ 1.982041309741612, 50.785801551781795 ], [ 1.981967133998605, 50.7858296590233 ], [ 1.981917144804979, 50.785851682843216 ], [ 1.981863658082398, 50.785836888899233 ], [ 1.981702413279492, 50.785831084261531 ], [ 1.981653346375684, 50.785877342520948 ], [ 1.981594619008804, 50.786023567605298 ] ] ] } },
{ "type": "Feature", "properties": { "fid": 138, "usra_id": 563247, "usra_id_st": "500681_26", "tgh_id": 500681, "usra_index": 26, "toponyme": "HEM", "longueur": 295.31, "zamont": 47.419232295109673, "zaval": 44.900001525878899, "agri3w_v": 0.0, "agri3w": "faible", "agribv_v": 44.05, "agribv": "fort", "alluvial": "oui", "beton": "absence", "canaux": "absence", "carriere": "absence", "chenal_v": null, "chenal": "faible", "conf": "absence", "conso": 1118.734426493035, "consom1": "faible", "consom2": "faible", "curage": "absence", "dobs1_v": 0.34, "dobs1": "fort", "dobs2_v": 2.12, "dobs2": "fort", "eclu": "absence", "etiage": "fort", "haies_v": 5.1592160602602384, "haies": "fort", "imper_v": 7.08, "imper": "faible", "intercep_v": 0.0, "intercepte": "faible", "montagne": "dessous", "navigable": "non", "obsmax1_v": 2.0, "obsmax1": "moyen", "obsmax2_v": 0.6, "obsmax2": "faible", "orp": "absence", "orp_amont": "absence", "orp_autour": "absence", "orp_aval": "absence", "orp_proche": "absence", "pente2c": "faible", "pente3c": "moyen", "pistes": "absence", "rang": "petit", "rectitud_v": 33.33, "rectitude": "moyen", "ret_us": "autre", "ret_vol1_v": 0.0, "ret_vol1": "faible", "ret_vol2_v": 0.0, "ret_vol2": "faible", "sensisol_v": 21.5469, "sensisol": "moyen", "tcc": "absence", "txamg_v": 0.0, "txamg": "faible", "txetg1_v": 12.78, "txetg1": "moyen", "txetg2_v": 5.4, "txetg2": "faible", "txetg3_v": null, "txetg3": "faible", "txetg4_v": null, "txetg4": "faible", "txetg5_v": 5.19, "txetg5": "faible", "veget10_v": 34.656495442911023, "veget10": "faible", "veget30_v": 22.651158014616914, "veget30": "faible", "veget60_v": 21.547285726948896, "veget60": "faible", "hyd_dyn1": 1.0, "hyd_dyn2": 0.0, "hyd_dyn3": 0.0, "hyd_dyn4": 0.0, "hyd_dyn5": 0.0, "hyd_dyn": 1.0, "hyd_dyn_cl": "tres_faible", "av_hyd_dyn": "-", "hyd_qte1": 1.0, "hyd_qte2": 0.0, "hyd_qte3": 0.0, "hyd_qte4": 0.0, "hyd_qte5": 0.0, "hyd_qte": 1.0, "hyd_qte_cl": "tres_faible", "av_hyd_qte": "-", "hyd_mes1": 0.0, "hyd_mes2": 0.21, "hyd_mes3": 0.699, "hyd_mes4": 0.091, "hyd_mes5": 0.0, "hyd_mes": 3.0, "hyd_mes_cl": "moyen", "av_hyd_mes": "-", "con_amp1": 0.0, "con_amp2": 0.0, "con_amp3": 0.0, "con_amp4": 0.4, "con_amp5": 0.6, "con_amp": 5.0, "con_amp_cl": "tres_fort", "av_con_amp": "-", "con_pro1": 0.0, "con_pro2": 0.2, "con_pro3": 0.5, "con_pro4": 0.3, "con_pro5": 0.0, "con_pro": 3.0, "con_pro_cl": "moyen", "av_con_pro": "-", "con_lat1": 0.3, "con_lat2": 0.0, "con_lat3": 0.7, "con_lat4": 0.0, "con_lat5": 0.0, "con_lat": 3.0, "con_lat_cl": "moyen", "av_con_lat": "-", "con_sed1": 1.0, "con_sed2": 0.0, "con_sed3": 0.0, "con_sed4": 0.0, "con_sed5": 0.0, "con_sed": 1.0, "con_sed_cl": "tres_faible", "av_con_sed": "-", "mor_pll1": 0.15, "mor_pll2": 0.0, "mor_pll3": 0.728, "mor_pll4": 0.122, "mor_pll5": 0.0, "mor_pll": 3.0, "mor_pll_cl": "moyen", "av_mor_pll": "-", "mor_riv1": 0.0, "mor_riv2": 0.072, "mor_riv3": 0.468, "mor_riv4": 0.38, "mor_riv5": 0.08, "mor_riv": 3.0, "mor_riv_cl": "moyen", "av_mor_riv": "-", "mor_ssl1": 0.0, "mor_ssl2": 0.0, "mor_ssl3": 0.44, "mor_ssl4": 0.477, "mor_ssl5": 0.083, "mor_ssl": 4.0, "mor_ssl_cl": "fort", "av_mor_ssl": "D", "av_aggrave": null, "av_attenue": null, "lbbh": "Artois-Picardie", "cdbh": "01", "Score_100": 21.1, "mor_rip": 4 }, "geometry": { "type": "MultiLineString", "coordinates": [ [ [ 1.981594619008804, 50.786023567605298 ], [ 1.981574323305371, 50.786074101600178 ], [ 1.981613091981807, 50.786116591505163 ], [ 1.982045536415134, 50.786289715430982 ], [ 1.982095609355315, 50.786333194848496 ], [ 1.982099638684288, 50.78648307614997 ], [ 1.982082921521739, 50.786539469149531 ], [ 1.982024622637616, 50.786552452129719 ], [ 1.981962369933257, 50.786551046039534 ], [ 1.981875025981329, 50.78653059161929 ], [ 1.981790786352398, 50.786496703080104 ], [ 1.981705981027969, 50.78649062602036 ], [ 1.981692560051443, 50.786593705283117 ], [ 1.981781375695718, 50.786750560747855 ], [ 1.981792890204505, 50.786810773652263 ], [ 1.981730053133664, 50.786838076116311 ], [ 1.981524840886466, 50.78683639831268 ], [ 1.981481452121698, 50.78688180557635 ], [ 1.981470413424623, 50.786937347604386 ], [ 1.981594673907625, 50.787021812072538 ], [ 1.981640355372009, 50.787072434074609 ], [ 1.981617054021062, 50.787104546177531 ], [ 1.981531827816574, 50.787119103351671 ], [ 1.981485590024765, 50.787165384598296 ], [ 1.981471976323851, 50.787208343422186 ], [ 1.98135713930459, 50.787356355228937 ], [ 1.981283609232849, 50.787422153663847 ], [ 1.981262745550458, 50.787543117756343 ], [ 1.981233800888325, 50.78757428631878 ], [ 1.981198172435525, 50.787655648674786 ], [ 1.98116459832224, 50.78770562252555 ], [ 1.981081635355479, 50.787748014013225 ], [ 1.98096654966178, 50.787838596519322 ] ] ] } }
]
}
