{
"type": "FeatureCollection",
"name": "ZCS_HEM",
"crs": { "type": "name", "properties": { "name": "urn:ogc:def:crs:OGC:1.3:CRS84" } },
"features": [
{ "type": "Feature", "properties": { "fid": 371, "id": 1094, "sitecode": "FR3100485", "sitename": "Pelouses et bois neutrocalcicoles des cuestas du Boulonnais et du Pays de Licques et forêt de Guines", "site_excl": "Terrestre" }, "geometry": { "type": "MultiPolygon", "coordinates": [ [ [ [ 1.948547159665422, 50.79978273957407 ], [ 1.950234494921824, 50.800204934274987 ], [ 1.95040104834052, 50.800210968484706 ], [ 1.952359952218366, 50.79998109008551 ], [ 1.955791466350491, 50.798938450409608 ], [ 1.956768407151952, 50.798684143475278 ], [ 1.957007534400902, 50.798571957555779 ], [ 1.957037997371641, 50.798556335156022 ], [ 1.957270232196599, 50.798439308321043 ], [ 1.957806105581243, 50.798182405531861 ], [ 1.958134922724086, 50.798110513420731 ], [ 1.95852745973296, 50.7980885880364 ], [ 1.958726749213528, 50.798021198009792 ], [ 1.965243672471922, 50.795676781507218 ], [ 1.965282786462065, 50.795859747005636 ], [ 1.965406761657329, 50.795963870197397 ], [ 1.965694892175586, 50.796017138714959 ], [ 1.965943448807261, 50.795992292468398 ], [ 1.966191829411144, 50.795913865589057 ], [ 1.966520975722319, 50.795914853968732 ], [ 1.966687678672771, 50.795930477213801 ], [ 1.968631589039395, 50.795321997464065 ], [ 1.970102306293733, 50.795162191334128 ], [ 1.970242469446961, 50.79511527816328 ], [ 1.970697198107, 50.795011858012217 ], [ 1.970956057633475, 50.795069415427996 ], [ 1.971959406913303, 50.794960374998553 ], [ 1.971980126060071, 50.794966580850435 ], [ 1.97213304752069, 50.794923542839506 ], [ 1.972448097500468, 50.794834501176744 ], [ 1.972617451913533, 50.795035437148613 ], [ 1.972754684523924, 50.795198574965745 ], [ 1.973115153880398, 50.795306539582626 ], [ 1.974657539854363, 50.794953496700245 ], [ 1.974361014043612, 50.794530593265179 ], [ 1.975086202210152, 50.794807379339659 ], [ 1.976835881966298, 50.795257480461679 ], [ 1.977934122013908, 50.795437542839515 ], [ 1.978022923615619, 50.795415867062182 ], [ 1.978468098019934, 50.79548366860385 ], [ 1.978810800420597, 50.79553533172389 ], [ 1.978836390052094, 50.795539625915119 ], [ 1.981120218464334, 50.796110110097437 ], [ 1.980382550052465, 50.797468289458635 ], [ 1.980716007157129, 50.797658343307354 ], [ 1.981110335372648, 50.79777863698056 ], [ 1.981942104260806, 50.798190640026583 ], [ 1.982014182047213, 50.798279785080268 ], [ 1.982153251352717, 50.798392924199412 ], [ 1.982630074011612, 50.798643187354578 ], [ 1.982800264262422, 50.798726026557979 ], [ 1.983194822034097, 50.798994957431461 ], [ 1.983727797730408, 50.799248717894336 ], [ 1.98392032614741, 50.799339885845576 ], [ 1.984291706594571, 50.799562814291669 ], [ 1.98471740194725, 50.799959251789105 ], [ 1.986272471454959, 50.798769583199544 ], [ 1.987082100007448, 50.798134788178842 ], [ 1.988949432961956, 50.796668676573738 ], [ 1.989701711571731, 50.79672365244091 ], [ 1.989725531221402, 50.796737080486935 ], [ 1.990892205313828, 50.797430663139203 ], [ 1.990970695061698, 50.797602346279113 ], [ 1.990986156812432, 50.797631983906392 ], [ 1.991069405851108, 50.797884132145704 ], [ 1.991102951175399, 50.797973981805697 ], [ 1.991416378356761, 50.798522215314321 ], [ 1.99142547201715, 50.798549759085262 ], [ 1.991421670566993, 50.798579260409625 ], [ 1.991408243846094, 50.798607662711042 ], [ 1.991372317677961, 50.798635882864474 ], [ 1.99125443019582, 50.79866750409392 ], [ 1.991031224713556, 50.798726803083376 ], [ 1.993910257191857, 50.79976507165501 ], [ 2.002020825786617, 50.80050831797034 ], [ 2.00221375424681, 50.800501714110624 ], [ 2.002986930792411, 50.800478391320972 ], [ 2.003710292712648, 50.800455666773175 ], [ 2.003728546586512, 50.800425279423379 ], [ 2.003893168733751, 50.800145610888478 ], [ 2.004662731236934, 50.800061141819427 ], [ 2.004896188211141, 50.800035516849206 ], [ 2.005139344111527, 50.80000886793303 ], [ 2.005332328303531, 50.800008526262253 ], [ 2.005539299068618, 50.80000807699502 ], [ 2.005724044619569, 50.800007508347093 ], [ 2.005828474644673, 50.800007341216094 ], [ 2.006083895745231, 50.800007336857838 ], [ 2.006331287364095, 50.800007267938511 ], [ 2.006469231204403, 50.800018559241515 ], [ 2.006498102593801, 50.800020811022016 ], [ 2.006906439967759, 50.800053879234333 ], [ 2.007845887417297, 50.800402914289251 ], [ 2.008294658133172, 50.800570685271452 ], [ 2.008446811397891, 50.800629318977776 ], [ 2.008758210860347, 50.80074924432737 ], [ 2.008881554324963, 50.800790248373168 ], [ 2.009075087172937, 50.80086258427567 ], [ 2.009112369953987, 50.80087489435941 ], [ 2.010999154047215, 50.801738465103966 ], [ 2.011271203126115, 50.801873988191005 ], [ 2.011360403498416, 50.801912357116883 ], [ 2.012046014370104, 50.801361933582662 ], [ 2.011835650069752, 50.801275772967813 ], [ 2.011159919187644, 50.801001640641616 ], [ 2.010929708827061, 50.800907733588993 ], [ 2.010262366792788, 50.800631460849246 ], [ 2.010003933215295, 50.800260447483254 ], [ 2.009650151436302, 50.800094238040749 ], [ 2.009300274615426, 50.799929861204944 ], [ 2.008948483363102, 50.799792917487423 ], [ 2.008977051725659, 50.799758066719967 ], [ 2.008542410832038, 50.799606287646604 ], [ 2.008777164257869, 50.799316158363254 ], [ 2.00833410330256, 50.799097308367713 ], [ 2.008226637308594, 50.799048090757601 ], [ 2.007874865141548, 50.798884434724641 ], [ 2.007824692605024, 50.798984825158612 ], [ 2.00713966537077, 50.798857195103956 ], [ 2.00714644955366, 50.798839949706014 ], [ 2.006553772066264, 50.798754798002548 ], [ 2.005939000113672, 50.798649105298942 ], [ 2.005636474427729, 50.79859375281012 ], [ 2.005372323662172, 50.798547876994547 ], [ 2.005258663553044, 50.798528629248182 ], [ 2.005176370504263, 50.798628762249457 ], [ 2.004921594701751, 50.79859517315473 ], [ 2.004575496729421, 50.798550662676256 ], [ 2.004498614311848, 50.798539877766508 ], [ 2.004171739835863, 50.798497561956573 ], [ 2.004098123442461, 50.798483739602617 ], [ 2.003870853930437, 50.798441198048806 ], [ 2.003393970862333, 50.798349828983291 ], [ 2.003131664785394, 50.798292750765029 ], [ 2.002934947216051, 50.798249430829571 ], [ 2.002559055144299, 50.79816803686068 ], [ 2.002457558842501, 50.798344377124735 ], [ 2.002355553534734, 50.798546141095109 ], [ 2.00228546840126, 50.798516067561273 ], [ 2.001671635897137, 50.798444978111334 ], [ 2.001149878574165, 50.798347134872458 ], [ 2.001023490332301, 50.798321674331042 ], [ 2.000813900560323, 50.798279269820092 ], [ 2.000749912254635, 50.798266542892897 ], [ 2.000677905838065, 50.798251709417499 ], [ 2.000321108629447, 50.798180633357298 ], [ 1.999964280914984, 50.798109574857456 ], [ 1.999417019026245, 50.798003370463007 ], [ 1.999388210381669, 50.797998053325003 ], [ 1.999147205978547, 50.798563175841807 ], [ 1.998161459269383, 50.798453441898687 ], [ 1.998096900640856, 50.798469220890205 ], [ 1.997887027301921, 50.79844106420741 ], [ 1.997864589290124, 50.798437819527443 ], [ 1.997677154217235, 50.798412906272766 ], [ 1.997561817984106, 50.798396702191141 ], [ 1.997497760116465, 50.798385995493227 ], [ 1.997467312985599, 50.798381685831416 ], [ 1.995041749132507, 50.797977314466536 ], [ 1.994281367673801, 50.797844930752994 ], [ 1.993207471390024, 50.797646910774368 ], [ 1.993202319700436, 50.797663146674132 ], [ 1.993090233588727, 50.797644942207562 ], [ 1.992701212299294, 50.797579689680411 ], [ 1.992645170134572, 50.797570586790414 ], [ 1.992616314841622, 50.797566789482957 ], [ 1.992447219083227, 50.797428993517023 ], [ 1.992390587873156, 50.797369490962744 ], [ 1.992242629698592, 50.797298057015091 ], [ 1.992155399784066, 50.797243392604386 ], [ 1.99196106034544, 50.797161392685027 ], [ 1.991375897871468, 50.796944904931308 ], [ 1.990907596093255, 50.79674768157571 ], [ 1.990163095975425, 50.796387361488243 ], [ 1.989374464569266, 50.795827119673582 ], [ 1.9882093065849, 50.795535613316751 ], [ 1.988180683551083, 50.795530275313368 ], [ 1.988285974670535, 50.795328528549824 ], [ 1.988310852917283, 50.795281978574074 ], [ 1.988357171808357, 50.795188252196475 ], [ 1.986888114924992, 50.794796116402601 ], [ 1.985951647566912, 50.794466663966325 ], [ 1.985699637907957, 50.794378077402236 ], [ 1.985639048885882, 50.794356200896054 ], [ 1.985603927181892, 50.79434472219193 ], [ 1.985362976850224, 50.79426639658876 ], [ 1.985112690240161, 50.794172737018322 ], [ 1.984778823475411, 50.794081439416281 ], [ 1.98458716715832, 50.794027960492116 ], [ 1.98404611828382, 50.793879631035999 ], [ 1.984089130482748, 50.793804698683019 ], [ 1.983910372123994, 50.793753626296251 ], [ 1.982384053679383, 50.794131837617222 ], [ 1.982356097819663, 50.794183846494107 ], [ 1.982157484433652, 50.794155754892273 ], [ 1.981946072190098, 50.794126537267452 ], [ 1.981795506060518, 50.794104943745864 ], [ 1.981638548776022, 50.79408227758244 ], [ 1.981483190142674, 50.794060645400222 ], [ 1.981358243218602, 50.794043345243161 ], [ 1.981057152138445, 50.794001179823823 ], [ 1.980810484741415, 50.79396556496323 ], [ 1.980762439637935, 50.793959064960049 ], [ 1.979876669017127, 50.79352218169565 ], [ 1.979699832862181, 50.793450476870511 ], [ 1.979647275574998, 50.793428682910729 ], [ 1.979339446438359, 50.793303926550117 ], [ 1.97916187960587, 50.793453697565965 ], [ 1.976844714262062, 50.792939402383176 ], [ 1.97646115712343, 50.792845651510341 ], [ 1.975970192892041, 50.792761007856988 ], [ 1.975433758467455, 50.792659049272771 ], [ 1.975292958967994, 50.792633444553204 ], [ 1.975137701475301, 50.792605698239264 ], [ 1.974388788494798, 50.79246923133595 ], [ 1.973584079189705, 50.792312937549333 ], [ 1.972888163374296, 50.792176898155994 ], [ 1.973021458213803, 50.791864431305683 ], [ 1.971445562152726, 50.791562289385922 ], [ 1.971404124896614, 50.79162505724031 ], [ 1.970934647494931, 50.791412488918425 ], [ 1.970139378018172, 50.791187535851087 ], [ 1.9698619900671, 50.79110887741799 ], [ 1.969140704833665, 50.790904511378542 ], [ 1.968545153189077, 50.790738087834335 ], [ 1.969004405411782, 50.791582634404364 ], [ 1.96925980870372, 50.792021730967555 ], [ 1.969262437765117, 50.792100078941573 ], [ 1.969235576403431, 50.792153255287552 ], [ 1.969204392354355, 50.792189418238145 ], [ 1.969164680076851, 50.792248414821458 ], [ 1.968298551042477, 50.792883553802469 ], [ 1.968276330105677, 50.792889215605747 ], [ 1.968082235154466, 50.792916540127798 ], [ 1.967719264598691, 50.79303776969676 ], [ 1.967375325815905, 50.79309170228963 ], [ 1.966917800108953, 50.793091572528134 ], [ 1.966401383485396, 50.793138685548115 ], [ 1.966196226630401, 50.79330378734393 ], [ 1.96585484390667, 50.79345698603322 ], [ 1.965623065479485, 50.793567325961774 ], [ 1.964927547692583, 50.79389639805752 ], [ 1.964850067058834, 50.793932995301709 ], [ 1.964817169334334, 50.793948519587744 ], [ 1.964774280197986, 50.793968805293851 ], [ 1.963981344035848, 50.794345716038535 ], [ 1.963338213868267, 50.794603255866811 ], [ 1.963270419213919, 50.794623154335802 ], [ 1.963060458379581, 50.794684856743125 ], [ 1.96291573393877, 50.794789708666976 ], [ 1.96253414910427, 50.794873827633637 ], [ 1.962270029926719, 50.794406655338314 ], [ 1.961945093028327, 50.794456346193783 ], [ 1.961044924796408, 50.794608558486686 ], [ 1.960456642049626, 50.79469258917387 ], [ 1.959369122203467, 50.794847790382519 ], [ 1.959636501230637, 50.796035248524561 ], [ 1.95845842686097, 50.796383779134146 ], [ 1.957714806116418, 50.796631679357532 ], [ 1.957589123666985, 50.796268670015557 ], [ 1.957548251634502, 50.796274054499747 ], [ 1.956861411277412, 50.796358224215943 ], [ 1.956754926446487, 50.796385422991449 ], [ 1.956658192777287, 50.796407758397777 ], [ 1.956026189416668, 50.7965575947796 ], [ 1.955645488140064, 50.796618574293134 ], [ 1.954861689504288, 50.796741204247787 ], [ 1.954563417929548, 50.796787875609233 ], [ 1.954468247742207, 50.79680251385647 ], [ 1.954268556181063, 50.796832863756059 ], [ 1.953786294511751, 50.796788158798208 ], [ 1.953707153350397, 50.796780867715562 ], [ 1.953569338885929, 50.796797909872936 ], [ 1.953610108492427, 50.796912838364356 ], [ 1.953118329750635, 50.797017286520692 ], [ 1.952883677540968, 50.797067271825419 ], [ 1.952291390929096, 50.797193115625035 ], [ 1.951699201176512, 50.797312771540625 ], [ 1.951473555923379, 50.797358244850578 ], [ 1.951724316394317, 50.797889115984006 ], [ 1.950385956645118, 50.798457844226384 ], [ 1.950262257240215, 50.798280608662651 ], [ 1.950240553370509, 50.797935367022248 ], [ 1.950295975234619, 50.797777980979809 ], [ 1.950351057129893, 50.797664459377927 ], [ 1.950256410550025, 50.797648124547791 ], [ 1.95012217256177, 50.797615319242283 ], [ 1.950067779600182, 50.797582485023597 ], [ 1.950008878945866, 50.797534596721718 ], [ 1.949693275742727, 50.79709147155851 ], [ 1.949292980315145, 50.796742896797433 ], [ 1.949249180155519, 50.796724767399965 ], [ 1.949102471430681, 50.79670002463839 ], [ 1.94893186201615, 50.796699666608696 ], [ 1.948879770322831, 50.796692499262889 ], [ 1.94871590194083, 50.796628567632929 ], [ 1.948620052347004, 50.796608557739866 ], [ 1.94831388979107, 50.796652724924044 ], [ 1.947538946683888, 50.796777265325247 ], [ 1.947302154294794, 50.796841677379824 ], [ 1.947075586745496, 50.796871338251201 ], [ 1.94707323756775, 50.796888716782291 ], [ 1.947050297769923, 50.797170633305512 ], [ 1.947025401615766, 50.797243743721523 ], [ 1.946968163970562, 50.797299782678337 ], [ 1.946903170447649, 50.797339877675064 ], [ 1.946807045131437, 50.797386617667875 ], [ 1.946239477303905, 50.797493360880352 ], [ 1.945947333801432, 50.797550014397807 ], [ 1.945472764365139, 50.797590147560619 ], [ 1.944776639095132, 50.797649404440328 ], [ 1.944463059402871, 50.797642343292587 ], [ 1.944254516775977, 50.797614827749172 ], [ 1.94358318577788, 50.797672487226244 ], [ 1.943341518702053, 50.79771278430411 ], [ 1.943213504980526, 50.797713680611096 ], [ 1.942098120373611, 50.797720992833021 ], [ 1.942107775361555, 50.798249296164606 ], [ 1.941726034631808, 50.798203527306647 ], [ 1.940179851759015, 50.797973785510159 ], [ 1.940076108267041, 50.798359708504236 ], [ 1.939481896644999, 50.798326301214175 ], [ 1.939217046415329, 50.798323425541582 ], [ 1.938881076964512, 50.798343890361181 ], [ 1.937699551324119, 50.798503227397823 ], [ 1.937615084006871, 50.798528175809103 ], [ 1.936933668430673, 50.798993440947527 ], [ 1.936558841494709, 50.799462781974064 ], [ 1.936224060327189, 50.799985641048949 ], [ 1.934372347266547, 50.800574641195439 ], [ 1.933693455193794, 50.800817025935729 ], [ 1.933311599709609, 50.800602705525634 ], [ 1.932455756631241, 50.801085213127202 ], [ 1.931401216983471, 50.801429720628683 ], [ 1.931046844395819, 50.801155583857643 ], [ 1.93085889504982, 50.801264331646642 ], [ 1.930556118014855, 50.801432321006978 ], [ 1.930009263469123, 50.801697521430462 ], [ 1.928990872456195, 50.802176366552082 ], [ 1.928681201670089, 50.802269248695133 ], [ 1.928462110864992, 50.8022789378551 ], [ 1.928409501629659, 50.802315825792952 ], [ 1.928095362882936, 50.802444667893269 ], [ 1.927049898478267, 50.802922802779236 ], [ 1.927097381469574, 50.80297416825578 ], [ 1.926826323822514, 50.803068839902465 ], [ 1.925592803359695, 50.803493565795065 ], [ 1.925503166518251, 50.803526789912581 ], [ 1.925402312758564, 50.803364243618987 ], [ 1.924010243051619, 50.803701532654067 ], [ 1.923275882016491, 50.803813898297477 ], [ 1.923034452836309, 50.803893461641358 ], [ 1.922984498269095, 50.803727228544567 ], [ 1.921799266049384, 50.804157800484269 ], [ 1.921208213808111, 50.804439718326954 ], [ 1.920768908184789, 50.804620576159131 ], [ 1.920448705286792, 50.804864732878499 ], [ 1.920441728249446, 50.804940414490595 ], [ 1.922994255940571, 50.80486563729314 ], [ 1.92442349652757, 50.804798436084738 ], [ 1.925653770466253, 50.804657643676883 ], [ 1.927170480292229, 50.804372986361358 ], [ 1.929604702983088, 50.80371113552139 ], [ 1.932871198357083, 50.802563907885727 ], [ 1.933933750535953, 50.801699226608228 ], [ 1.934737096059526, 50.801376076359212 ], [ 1.934949529954557, 50.801168202047762 ], [ 1.93485635786549, 50.800901794647345 ], [ 1.935132780904794, 50.800826372003215 ], [ 1.935232221524576, 50.800831266803392 ], [ 1.935367653415141, 50.800908406921906 ], [ 1.935450311631767, 50.80074339132964 ], [ 1.935593895791168, 50.80070281274206 ], [ 1.935689082044117, 50.800734039289495 ], [ 1.935960282957282, 50.800537877548841 ], [ 1.936281984198736, 50.800484082197649 ], [ 1.93667434313658, 50.800430288775452 ], [ 1.937025956704305, 50.800287829602162 ], [ 1.937164312848804, 50.79970695094115 ], [ 1.937640652946382, 50.799524288655938 ], [ 1.93759016871771, 50.79942120525363 ], [ 1.937847229335598, 50.79931087304081 ], [ 1.938112990259416, 50.799190484098162 ], [ 1.938578511409881, 50.799124453721873 ], [ 1.939815821523013, 50.799331865404973 ], [ 1.940196679597006, 50.799533483524627 ], [ 1.940225030541, 50.799518387408661 ], [ 1.940562379353431, 50.799686898630355 ], [ 1.941109998841075, 50.799762792038933 ], [ 1.941813477886633, 50.799946523353718 ], [ 1.941826402021892, 50.79993165746577 ], [ 1.942220512086689, 50.799980854334315 ], [ 1.942623945775182, 50.79982438297985 ], [ 1.942916724105012, 50.799537629898175 ], [ 1.943454108072924, 50.799434510539569 ], [ 1.944196781455216, 50.79938454394442 ], [ 1.945220758651758, 50.799400104670184 ], [ 1.945398632967297, 50.799293812593845 ], [ 1.945520255715278, 50.799219659533598 ], [ 1.945891570615896, 50.799055017689327 ], [ 1.945901294052732, 50.799009409371003 ], [ 1.946384117724533, 50.799008568216372 ], [ 1.946470931215592, 50.799008320714343 ], [ 1.946986895724472, 50.799047500840082 ], [ 1.947699806705162, 50.79980538898041 ], [ 1.948144450961867, 50.799903999575008 ], [ 1.948547159665422, 50.79978273957407 ] ] ], [ [ [ 1.974886601103443, 50.7958370857178 ], [ 1.976834069508131, 50.79695868667028 ], [ 1.978220862223533, 50.798290768843266 ], [ 1.978822031166604, 50.796873170884389 ], [ 1.974589532528732, 50.795371376718265 ], [ 1.974413678687496, 50.795409632194158 ], [ 1.973867564115599, 50.795531889971663 ], [ 1.974886601103443, 50.7958370857178 ] ] ], [ [ [ 1.981382942589695, 50.803356549280018 ], [ 1.982405184216437, 50.804060783437514 ], [ 1.9827637585959, 50.803578310075572 ], [ 1.983272398889968, 50.802884563951821 ], [ 1.982970782348676, 50.802802376128348 ], [ 1.982290542782946, 50.802406778067336 ], [ 1.980488786599135, 50.80182354392668 ], [ 1.981382942589695, 50.803356549280018 ] ] ], [ [ [ 2.004128562071255, 50.809744592755202 ], [ 2.006489394844779, 50.809751180429132 ], [ 2.006618268192669, 50.80958534886674 ], [ 2.00680125815983, 50.809594955435529 ], [ 2.008283504300499, 50.809670128076434 ], [ 2.008327578648819, 50.80975627873373 ], [ 2.009523896447477, 50.809759582222313 ], [ 2.009726305503215, 50.8097325560177 ], [ 2.009910156541, 50.809708008871375 ], [ 2.009924949295366, 50.809749090785068 ], [ 2.010683149174483, 50.809677749625109 ], [ 2.010784565511088, 50.809667362286525 ], [ 2.01158165136451, 50.809580026516848 ], [ 2.011610628944195, 50.809577193106428 ], [ 2.011805761171098, 50.809541080830975 ], [ 2.01205412458292, 50.809494177212898 ], [ 2.012560497541847, 50.809400466460701 ], [ 2.013065250637626, 50.809306720186811 ], [ 2.013139427604217, 50.809293051960736 ], [ 2.01315880647527, 50.809289140835752 ], [ 2.013257235591831, 50.809267516572831 ], [ 2.013759718077068, 50.809288813200588 ], [ 2.014884609624507, 50.809334869752412 ], [ 2.013723389968175, 50.808429865570396 ], [ 2.013719912399427, 50.80812449023913 ], [ 2.014010551260784, 50.808208357522403 ], [ 2.014537534232049, 50.808334196429435 ], [ 2.014828325221536, 50.808380983661344 ], [ 2.015384032415197, 50.808465781891279 ], [ 2.015411472431479, 50.80846814045892 ], [ 2.015829249311677, 50.80853040408563 ], [ 2.016340134262107, 50.808597786194575 ], [ 2.016775613449032, 50.808783538068418 ], [ 2.016056165925431, 50.809432179821457 ], [ 2.016204547754155, 50.809453054087641 ], [ 2.017512527297002, 50.809284980697043 ], [ 2.018664481635389, 50.809288072280843 ], [ 2.019310725651356, 50.81001969775653 ], [ 2.020297443982795, 50.810609497045945 ], [ 2.021205190289188, 50.809521541041605 ], [ 2.021535718547073, 50.808995711481487 ], [ 2.021994548066853, 50.808500518772476 ], [ 2.022024177612846, 50.80846897754968 ], [ 2.022146127362546, 50.808337412875929 ], [ 2.022170007632618, 50.808246882805179 ], [ 2.022179281482867, 50.808184868775612 ], [ 2.022153070895068, 50.808105618981401 ], [ 2.022130821025915, 50.808065861754834 ], [ 2.023278645177238, 50.806371415993752 ], [ 2.021967990242357, 50.806076990738752 ], [ 2.020939267696059, 50.805859386947851 ], [ 2.020411349029156, 50.805758513820138 ], [ 2.019986841040997, 50.805657290707316 ], [ 2.019387544228325, 50.805485516154057 ], [ 2.018538736982049, 50.805235491797333 ], [ 2.018348921874246, 50.805196216358915 ], [ 2.017991447011838, 50.805149711845296 ], [ 2.016195607976604, 50.805037361115524 ], [ 2.015610808927368, 50.80520072317821 ], [ 2.015101241357065, 50.805376890708928 ], [ 2.014358399502659, 50.805651999110268 ], [ 2.013968020107638, 50.805813828740149 ], [ 2.013941272763152, 50.805825329974034 ], [ 2.013575981098152, 50.805977685265297 ], [ 2.013083396342315, 50.806188596235337 ], [ 2.012946550581311, 50.806283215404378 ], [ 2.012770488874771, 50.806412120426089 ], [ 2.012655522141804, 50.806458040430016 ], [ 2.012093438444444, 50.806689779396663 ], [ 2.011673466001339, 50.806884962420675 ], [ 2.011417043874089, 50.807014269791885 ], [ 2.010830634071728, 50.807337408842173 ], [ 2.010347880576602, 50.807619662637443 ], [ 2.010240899575011, 50.80766766532119 ], [ 2.010069764668575, 50.807709072158382 ], [ 2.009646864493196, 50.80780752158757 ], [ 2.008839428672442, 50.807931401507616 ], [ 2.008464068455584, 50.80798237314972 ], [ 2.008335020591372, 50.807926367420954 ], [ 2.008240382817388, 50.80791848641622 ], [ 2.008164820986329, 50.807921969361324 ], [ 2.007777526536991, 50.808006440145391 ], [ 2.007593976737572, 50.808025340992991 ], [ 2.00754652064283, 50.807988303606066 ], [ 2.007477751958129, 50.807891051648184 ], [ 2.007449441928322, 50.807860273476429 ], [ 2.007075209809568, 50.807772801416277 ], [ 2.006750618843044, 50.807693852196294 ], [ 2.006510773887792, 50.80763493982446 ], [ 2.005801954904452, 50.807406326649279 ], [ 2.005604489544503, 50.807398644278614 ], [ 2.005391438996258, 50.807365389911013 ], [ 2.00534203343696, 50.807346676136049 ], [ 2.005276605799065, 50.807322729015155 ], [ 2.005008264812405, 50.807244224162211 ], [ 2.004657849882283, 50.807171190589145 ], [ 2.003966677555868, 50.807104582177516 ], [ 2.00354794469596, 50.807074766109814 ], [ 2.003270146566987, 50.80706643761976 ], [ 2.003050119037759, 50.807061614234279 ], [ 2.00301391866862, 50.807062264942644 ], [ 2.002996585283657, 50.80708767406626 ], [ 2.002584809633328, 50.807824014887096 ], [ 2.002148207472293, 50.808585701670943 ], [ 2.001872356619384, 50.809082467974541 ], [ 2.001771419965209, 50.809224912667126 ], [ 2.001889978505725, 50.809243181245257 ], [ 2.001924388018528, 50.809249043189133 ], [ 2.002757302320751, 50.809420127237118 ], [ 2.00289779766524, 50.809636322451752 ], [ 2.004128562071255, 50.809744592755202 ] ] ], [ [ [ 1.895869501119789, 50.737122636421439 ], [ 1.893946097056037, 50.737445527178537 ], [ 1.891344903665618, 50.737511954051719 ], [ 1.890583043503831, 50.737509090247215 ], [ 1.890587215961582, 50.737516492389766 ], [ 1.890644565477468, 50.73759569823676 ], [ 1.890709723021669, 50.737667984893349 ], [ 1.890969784357663, 50.737909890850489 ], [ 1.891412062070834, 50.738277548295422 ], [ 1.891450363917763, 50.738309387409657 ], [ 1.891755454679618, 50.738626722989913 ], [ 1.892471442538604, 50.738224067495906 ], [ 1.89325781749216, 50.738449045915822 ], [ 1.893905370622878, 50.738634179312484 ], [ 1.894565019802984, 50.738822760323913 ], [ 1.894681046820144, 50.738793094605171 ], [ 1.895040617328253, 50.738818544901932 ], [ 1.895923292990197, 50.738912873587942 ], [ 1.896350270171223, 50.738995555900473 ], [ 1.896431776267314, 50.73901143724553 ], [ 1.896688894035929, 50.739088026174308 ], [ 1.897040393528556, 50.739199712014063 ], [ 1.897395801178517, 50.739275188367728 ], [ 1.897733272568241, 50.739614341280102 ], [ 1.898095787914738, 50.739708000048154 ], [ 1.898664346535542, 50.739826829422299 ], [ 1.89923862608484, 50.74002125826911 ], [ 1.899767503754728, 50.740196078289664 ], [ 1.900038205835913, 50.740292063780544 ], [ 1.90022869840047, 50.740123964958336 ], [ 1.901198621642162, 50.740604637787612 ], [ 1.90068078847833, 50.741067241173099 ], [ 1.901024274156527, 50.741222737465527 ], [ 1.901557563356493, 50.741500432249694 ], [ 1.901747746476816, 50.741599646874583 ], [ 1.902414965745296, 50.741967885959426 ], [ 1.903095205635035, 50.742356160207983 ], [ 1.903498075264555, 50.742590424906709 ], [ 1.90375084855572, 50.742737224138175 ], [ 1.90377173937865, 50.742745658569127 ], [ 1.904041805305724, 50.742438087648218 ], [ 1.905274490412689, 50.742941785555125 ], [ 1.905998082069248, 50.743237633185991 ], [ 1.906098594027237, 50.743274720125036 ], [ 1.907191981876656, 50.743650321914458 ], [ 1.907226270643, 50.743624872229852 ], [ 1.90859309553241, 50.744194569800648 ], [ 1.910060653133823, 50.745205036532461 ], [ 1.911114004680956, 50.745311092152818 ], [ 1.912510547311211, 50.745961679959564 ], [ 1.91229330765898, 50.746167026983173 ], [ 1.913890959654571, 50.746834653874565 ], [ 1.91463887575133, 50.74711640451978 ], [ 1.914664691649154, 50.74712578093591 ], [ 1.914553286033813, 50.747195172159934 ], [ 1.914206866100944, 50.747411989784894 ], [ 1.915955665374145, 50.748004877392667 ], [ 1.916022132270412, 50.747934373013166 ], [ 1.916283189087376, 50.747661701353735 ], [ 1.91527659696145, 50.747326206267239 ], [ 1.916208174311448, 50.746362133012362 ], [ 1.915654398514037, 50.746189229861571 ], [ 1.915632294320452, 50.746184552251613 ], [ 1.914874921128103, 50.746020103948069 ], [ 1.914235355069093, 50.746547916731402 ], [ 1.912715237387416, 50.745770980872521 ], [ 1.912735031964735, 50.745751330200804 ], [ 1.911403461089082, 50.745065590831814 ], [ 1.910649047795745, 50.744676655076908 ], [ 1.911285084244836, 50.744109842247894 ], [ 1.91134521044343, 50.744056084018695 ], [ 1.91072446650643, 50.743704980939192 ], [ 1.909588105951255, 50.743256587809711 ], [ 1.909694479805697, 50.743153376116403 ], [ 1.909809183909208, 50.743010750514877 ], [ 1.910060442087899, 50.742769761746693 ], [ 1.910517067808532, 50.742445269662255 ], [ 1.910807236828447, 50.742249174161337 ], [ 1.909066735122338, 50.741717191923961 ], [ 1.909006882240014, 50.741759778511643 ], [ 1.907731277623914, 50.741381930652068 ], [ 1.907736706772259, 50.741367921930774 ], [ 1.907329191998311, 50.741235771011048 ], [ 1.906999326841401, 50.741524601289562 ], [ 1.906757363904128, 50.741389577260492 ], [ 1.906192805050594, 50.741183636765257 ], [ 1.906067822185495, 50.741136082181093 ], [ 1.90509131697708, 50.740820067470246 ], [ 1.904879939163808, 50.740751226776482 ], [ 1.904919297013883, 50.740704557266525 ], [ 1.904199371593149, 50.74041458140271 ], [ 1.903414309011652, 50.740105123138704 ], [ 1.903809442404937, 50.739698235214803 ], [ 1.904431632599763, 50.739069376481709 ], [ 1.903752871041434, 50.738907831611662 ], [ 1.903157218678086, 50.739480473730382 ], [ 1.902730553918542, 50.73983544067999 ], [ 1.902365287923471, 50.740110531563701 ], [ 1.901711541019797, 50.73970901060212 ], [ 1.901725861589536, 50.739694339345853 ], [ 1.901736495810008, 50.739679455179001 ], [ 1.901678808603807, 50.739653715497631 ], [ 1.901540760788883, 50.739519417566342 ], [ 1.901076068251087, 50.739196473609631 ], [ 1.900714800160172, 50.738962486308189 ], [ 1.900175457359191, 50.738671717558603 ], [ 1.89990517343321, 50.738557073976601 ], [ 1.899138452181627, 50.738368935388309 ], [ 1.898685386510275, 50.738239736124314 ], [ 1.897984593480947, 50.738050931812609 ], [ 1.897361559692617, 50.737920943605154 ], [ 1.896831494480555, 50.737872172344836 ], [ 1.89668934073117, 50.737835108448238 ], [ 1.896673611745257, 50.737855513473995 ], [ 1.896561144625533, 50.737824821099601 ], [ 1.896329274627318, 50.737762531881415 ], [ 1.896203006602374, 50.737681295941726 ], [ 1.895891975843591, 50.737298941123804 ], [ 1.896200349688037, 50.737027222400719 ], [ 1.895869501119789, 50.737122636421439 ] ] ], [ [ [ 1.886305398768885, 50.737340588232357 ], [ 1.884109567451117, 50.736849838328915 ], [ 1.881627446048419, 50.737018062495373 ], [ 1.880297904732641, 50.737874762297267 ], [ 1.881066554847025, 50.737987686643535 ], [ 1.881926263995802, 50.738150661990858 ], [ 1.88245210113211, 50.737931857490914 ], [ 1.88254516645488, 50.737913229233541 ], [ 1.882698070158733, 50.737898623665977 ], [ 1.882926960070032, 50.737920142034085 ], [ 1.884585192029666, 50.738452720180412 ], [ 1.885107252106635, 50.738684171298331 ], [ 1.88543929614534, 50.738830177810826 ], [ 1.885616310947726, 50.738908054551032 ], [ 1.885792617433088, 50.738986265685142 ], [ 1.886074854129341, 50.739114783235756 ], [ 1.886172557052552, 50.739159270283018 ], [ 1.886658164775159, 50.739421886045839 ], [ 1.885676864066081, 50.740432243024934 ], [ 1.886259970003342, 50.740596834281199 ], [ 1.886631274083364, 50.74070199903985 ], [ 1.886966720853592, 50.740797170046733 ], [ 1.887298262963782, 50.740891124266355 ], [ 1.888022252554313, 50.740168122918156 ], [ 1.888311125054819, 50.740326621741538 ], [ 1.889219247811591, 50.740754663418926 ], [ 1.889695915125799, 50.740411982719841 ], [ 1.889907586837817, 50.740523001639062 ], [ 1.890068606199352, 50.740607617259329 ], [ 1.890363306052888, 50.74076226762115 ], [ 1.890507241078568, 50.740796210039939 ], [ 1.891234765023047, 50.740160807202464 ], [ 1.890894008785607, 50.739998038913413 ], [ 1.890721326246834, 50.739915382466435 ], [ 1.890520367023997, 50.739819277766706 ], [ 1.889632630420198, 50.739394980449603 ], [ 1.88857818679908, 50.738891915398135 ], [ 1.88859774781784, 50.738858429594039 ], [ 1.888580103779242, 50.738847508880916 ], [ 1.888494647253295, 50.738794613436859 ], [ 1.887997523907566, 50.738510635708451 ], [ 1.887660115662583, 50.738331288230668 ], [ 1.887160019061301, 50.738080040802473 ], [ 1.886343721047095, 50.737751030539378 ], [ 1.886155350404292, 50.737670379729174 ], [ 1.886368786915204, 50.737564590650798 ], [ 1.886574987120113, 50.737487281106745 ], [ 1.886820137097335, 50.737377563198216 ], [ 1.886305398768885, 50.737340588232357 ] ] ], [ [ [ 1.877560864030503, 50.739693617603933 ], [ 1.877591110415272, 50.740709291845192 ], [ 1.877609362520148, 50.740767726663371 ], [ 1.8776367355788, 50.740727101714924 ], [ 1.877722315291086, 50.740586884468676 ], [ 1.877781886211337, 50.740491225911001 ], [ 1.877841494191673, 50.740380390353565 ], [ 1.877882915999592, 50.740254873024099 ], [ 1.877940304773901, 50.740066043577976 ], [ 1.878003205460099, 50.739948328681656 ], [ 1.878043806024584, 50.739875807280164 ], [ 1.878158462798896, 50.739664105701685 ], [ 1.878263463195633, 50.739453198128849 ], [ 1.878298775709619, 50.739381230166323 ], [ 1.878323344770042, 50.73928777907841 ], [ 1.878400630886146, 50.739030072758204 ], [ 1.877560864030503, 50.739693617603933 ] ] ], [ [ [ 1.857030303078307, 50.750704967956054 ], [ 1.857060133240225, 50.750708168461102 ], [ 1.857348871549098, 50.750731905047651 ], [ 1.857471914233009, 50.750703158706187 ], [ 1.857630094057892, 50.750663882941765 ], [ 1.857860835607669, 50.750608992912625 ], [ 1.858033517375881, 50.750567806419674 ], [ 1.858504589882388, 50.750460135048222 ], [ 1.858867556697102, 50.750378963279239 ], [ 1.85889482083917, 50.750238706686261 ], [ 1.858858365262552, 50.75014774403224 ], [ 1.858789978505639, 50.749980139001785 ], [ 1.858787539774987, 50.749971965795112 ], [ 1.857030303078307, 50.750704967956054 ] ] ], [ [ [ 1.938944045662981, 50.723142041903195 ], [ 1.939605456198001, 50.722898239672112 ], [ 1.942504392812868, 50.722120464831043 ], [ 1.943760468757506, 50.72178914164342 ], [ 1.944512691586546, 50.721522054910849 ], [ 1.944802069580678, 50.721407848653456 ], [ 1.94501264359876, 50.721361416349502 ], [ 1.94518999199233, 50.721343676843404 ], [ 1.945532013872324, 50.721349980666055 ], [ 1.945923885349896, 50.721306745640568 ], [ 1.946469540621381, 50.721099170967975 ], [ 1.94701571319237, 50.720826178521328 ], [ 1.947248296964853, 50.720596685264994 ], [ 1.947493611404228, 50.720322745590167 ], [ 1.947449859305554, 50.720121150710959 ], [ 1.949505408272518, 50.719716855553543 ], [ 1.948157206093606, 50.718203029831386 ], [ 1.948276960977233, 50.718172003817465 ], [ 1.949453410633063, 50.717393424540809 ], [ 1.950269562023585, 50.716306298916244 ], [ 1.950162352994376, 50.716316427451872 ], [ 1.950067766560931, 50.716289977818178 ], [ 1.949981672758699, 50.71623214070538 ], [ 1.949711442615029, 50.716006286146076 ], [ 1.949661352814733, 50.715962890410395 ], [ 1.948890743248436, 50.716351843487274 ], [ 1.94836841032156, 50.716668320398803 ], [ 1.948075308586332, 50.716848444580158 ], [ 1.948120476032386, 50.716886652707736 ], [ 1.947254445153924, 50.717175907900049 ], [ 1.947113498552593, 50.717282726114256 ], [ 1.946736121672401, 50.717585023678076 ], [ 1.946317074136315, 50.717942135171626 ], [ 1.946158735934232, 50.718164025760416 ], [ 1.945960177610004, 50.718260203065554 ], [ 1.945797940391889, 50.718354283795094 ], [ 1.946445586899364, 50.718798447026352 ], [ 1.947193302259887, 50.719339630688388 ], [ 1.946472824276104, 50.719525863527302 ], [ 1.945174628291277, 50.718696923813518 ], [ 1.944603811077781, 50.719010289796437 ], [ 1.944659865986299, 50.719054037725265 ], [ 1.944556831997533, 50.719053724297929 ], [ 1.943462047802109, 50.719390350789162 ], [ 1.942771245805955, 50.719712580863664 ], [ 1.942423474175538, 50.71991293203515 ], [ 1.941977237367986, 50.720058017828066 ], [ 1.941259578336402, 50.720383614806586 ], [ 1.941359521805264, 50.720429320723341 ], [ 1.940969836399453, 50.720727029676212 ], [ 1.940657898316244, 50.720926139106609 ], [ 1.940484485967749, 50.721014331131926 ], [ 1.940375111773761, 50.721176718227838 ], [ 1.939843517165449, 50.721505253020503 ], [ 1.939664463011938, 50.721622210964959 ], [ 1.939219453628527, 50.721909851126497 ], [ 1.939161876230428, 50.722008640992684 ], [ 1.938948266887887, 50.722090079690602 ], [ 1.938359117344434, 50.721624332535058 ], [ 1.937684133453064, 50.721909223433634 ], [ 1.937425043724931, 50.722007492016758 ], [ 1.937920735237868, 50.722488024964782 ], [ 1.93758505885544, 50.7226164579833 ], [ 1.937193396802221, 50.72276683837778 ], [ 1.936186048243262, 50.723164941605589 ], [ 1.935576412865219, 50.723183474698402 ], [ 1.935250458208788, 50.723226901360853 ], [ 1.93508542136083, 50.723247295078117 ], [ 1.935015484619065, 50.723231357242589 ], [ 1.934133863034383, 50.723691573997066 ], [ 1.933554413072946, 50.723990556321688 ], [ 1.933243434582372, 50.724222394225144 ], [ 1.932773904527824, 50.724686554285569 ], [ 1.932581667617395, 50.725010339457782 ], [ 1.932827537741614, 50.725189043948255 ], [ 1.933036818532972, 50.725304856627233 ], [ 1.933160178200119, 50.725339255260806 ], [ 1.933291970075733, 50.725352781088191 ], [ 1.933448924203009, 50.725311434684066 ], [ 1.933618668426147, 50.725217794864349 ], [ 1.93395402016056, 50.725035744918095 ], [ 1.934363221624217, 50.724890571264687 ], [ 1.934780151071145, 50.724813444851968 ], [ 1.935568348426419, 50.724693037798147 ], [ 1.935915166462805, 50.724620913585646 ], [ 1.937111675912688, 50.723955023254945 ], [ 1.937620921934171, 50.723668881274364 ], [ 1.938001750140823, 50.723466023073527 ], [ 1.938299221407049, 50.723375429770726 ], [ 1.938559307711644, 50.723323944378151 ], [ 1.938944045662981, 50.723142041903195 ] ] ], [ [ [ 1.981384893750246, 50.729379064182133 ], [ 1.981898869295642, 50.729226924869401 ], [ 1.981560577883978, 50.728521193422594 ], [ 1.981310027661667, 50.727802962212373 ], [ 1.981192898400749, 50.727839728668016 ], [ 1.980887111783795, 50.727182778417323 ], [ 1.980058000063372, 50.725657277573056 ], [ 1.979896816542701, 50.725724037296466 ], [ 1.979781191024295, 50.725556829003814 ], [ 1.979621600227159, 50.725394045643981 ], [ 1.979058324438939, 50.725002938741561 ], [ 1.978348765108974, 50.724634595739872 ], [ 1.978239312905425, 50.724618058088822 ], [ 1.978831800387241, 50.723998470367917 ], [ 1.978893744950863, 50.723509488759923 ], [ 1.978915731917718, 50.723500278150723 ], [ 1.978313812768877, 50.722895771232999 ], [ 1.977827967840111, 50.72240521139144 ], [ 1.977461461524338, 50.722081892246585 ], [ 1.977352619541189, 50.721981897528089 ], [ 1.977044863603437, 50.721612382462823 ], [ 1.975514979563761, 50.72207158180013 ], [ 1.974197414959184, 50.722962593385901 ], [ 1.974483865988894, 50.723246255312922 ], [ 1.975105474249417, 50.723143748360151 ], [ 1.975666121225256, 50.723386494213251 ], [ 1.976280467204189, 50.724332127119034 ], [ 1.97817979637847, 50.72605980584121 ], [ 1.978629973705049, 50.726713584981084 ], [ 1.979418795374308, 50.728003360392776 ], [ 1.97984280833288, 50.728476240874542 ], [ 1.979955533714042, 50.728784814863545 ], [ 1.98012544919022, 50.729020608411595 ], [ 1.980008182464002, 50.729347019734071 ], [ 1.979778877253903, 50.729491254286401 ], [ 1.979206989743373, 50.729543030218281 ], [ 1.978381294998133, 50.729323817869705 ], [ 1.977416172451553, 50.728686013168989 ], [ 1.975965829240631, 50.728210146035131 ], [ 1.973201737886237, 50.727500617554298 ], [ 1.974899184968214, 50.728409130516297 ], [ 1.975262753169125, 50.72864202181956 ], [ 1.975357119276341, 50.728725758755985 ], [ 1.975590241680307, 50.728809897066533 ], [ 1.975923864756098, 50.729144702162259 ], [ 1.976309165959234, 50.729400836867192 ], [ 1.976723037710027, 50.729749795369948 ], [ 1.977093074281215, 50.729935577842227 ], [ 1.977807464681604, 50.730313955564625 ], [ 1.97915178521456, 50.731310072220694 ], [ 1.98020916765158, 50.731577413104141 ], [ 1.980291388788757, 50.731557282408559 ], [ 1.980342048634155, 50.731511762121585 ], [ 1.980357601347773, 50.731414293345814 ], [ 1.980354198102203, 50.731359740304541 ], [ 1.980332627261093, 50.73130790186692 ], [ 1.980227801816602, 50.731126206237853 ], [ 1.98018030955486, 50.730792858932766 ], [ 1.980042449742789, 50.730455907068354 ], [ 1.980203277124176, 50.730357986929072 ], [ 1.98135269807986, 50.730073412072734 ], [ 1.981579341327892, 50.730046573269064 ], [ 1.981384893750246, 50.729379064182133 ] ] ], [ [ [ 1.94713640447411, 50.740684973004441 ], [ 1.947894159642133, 50.741007937779251 ], [ 1.94817338135725, 50.740765048183242 ], [ 1.948378518653634, 50.740645758270347 ], [ 1.948586124306404, 50.740732873387287 ], [ 1.949210651201463, 50.740994213046974 ], [ 1.949396767384612, 50.740891781159114 ], [ 1.949895706631951, 50.741051336930383 ], [ 1.949949433731954, 50.741015507274142 ], [ 1.949659044319682, 50.740748342583714 ], [ 1.949536610855661, 50.740617995492741 ], [ 1.949325456221446, 50.740433956514472 ], [ 1.949179733273567, 50.740266769406375 ], [ 1.949167195144992, 50.740252406211724 ], [ 1.94900675217893, 50.740099350951056 ], [ 1.948959574249373, 50.740054159653162 ], [ 1.948858940670671, 50.739879203044921 ], [ 1.948565944409798, 50.739619121241915 ], [ 1.948446076211805, 50.739291280019117 ], [ 1.948369667905655, 50.739185769995309 ], [ 1.948158617247381, 50.738920272884272 ], [ 1.948098688361618, 50.738870908308563 ], [ 1.947700268374986, 50.738523950682655 ], [ 1.947489987179054, 50.738322294577713 ], [ 1.947408853481356, 50.738212477728041 ], [ 1.94730365214153, 50.738033315977717 ], [ 1.947218378340594, 50.737958045749153 ], [ 1.947162184257413, 50.737877614878968 ], [ 1.947132427099387, 50.737835212856915 ], [ 1.946912328034685, 50.737330411678421 ], [ 1.946797809446809, 50.737271092829047 ], [ 1.946610787698246, 50.737177660422319 ], [ 1.946527969142779, 50.736985730984742 ], [ 1.946455396286441, 50.736793868444302 ], [ 1.94642434121823, 50.736732011896827 ], [ 1.946414761932928, 50.736701694841862 ], [ 1.946464327556747, 50.736611346592561 ], [ 1.946429295872669, 50.736577549386617 ], [ 1.946114926436374, 50.7365478753009 ], [ 1.94584744347994, 50.736394348836427 ], [ 1.945771936289374, 50.736288483564245 ], [ 1.945760642312193, 50.736215080865925 ], [ 1.945765642263591, 50.736129600327764 ], [ 1.94585343347853, 50.735922636281579 ], [ 1.945899844922624, 50.735851764863199 ], [ 1.946132518263892, 50.735621579066851 ], [ 1.946181754269527, 50.735570073360421 ], [ 1.946206655949415, 50.73545320436461 ], [ 1.946202588581835, 50.735417528156127 ], [ 1.946199846960296, 50.735318746616464 ], [ 1.946252593491278, 50.73510029143133 ], [ 1.946268014612774, 50.735063058205427 ], [ 1.946296914944673, 50.734976438352817 ], [ 1.946383065272139, 50.734845831389933 ], [ 1.946432407579191, 50.734789221287649 ], [ 1.946654947288952, 50.73458239581619 ], [ 1.946998060404114, 50.734211633742078 ], [ 1.947057174504525, 50.733993212040339 ], [ 1.94709208343552, 50.733935477997207 ], [ 1.947349902944907, 50.733755982086393 ], [ 1.947424857272052, 50.73373136596976 ], [ 1.947521032721662, 50.73372715341398 ], [ 1.947609891330287, 50.733743243865199 ], [ 1.94749339799764, 50.733618610349652 ], [ 1.947551758895909, 50.733440289954295 ], [ 1.947567232093308, 50.733279928368574 ], [ 1.947501575935138, 50.733028913367129 ], [ 1.947510014252088, 50.732859481645619 ], [ 1.947482311538914, 50.732759988770162 ], [ 1.947231812508004, 50.732013577105342 ], [ 1.946929217246845, 50.731558452752708 ], [ 1.946860932522813, 50.731183164679983 ], [ 1.946811838346551, 50.731090378559379 ], [ 1.946640007180394, 50.730755443426425 ], [ 1.946891170381193, 50.730049017843108 ], [ 1.947028771025159, 50.729753466404176 ], [ 1.947224268573508, 50.729250613979715 ], [ 1.947203497365334, 50.729185599895239 ], [ 1.947138155090822, 50.728365519728186 ], [ 1.947117041276481, 50.728155728314455 ], [ 1.947100815359892, 50.727955690548413 ], [ 1.946785083014056, 50.727710464816475 ], [ 1.946719105309008, 50.727732053560089 ], [ 1.946583786720825, 50.727608800231515 ], [ 1.946458279731213, 50.727506174467223 ], [ 1.946349585238407, 50.727385650005559 ], [ 1.946251146469886, 50.72722830748274 ], [ 1.945646348480203, 50.726729306906563 ], [ 1.945451245753867, 50.726188661721892 ], [ 1.945307337443406, 50.725930631212549 ], [ 1.945166761809777, 50.725699721598431 ], [ 1.944904048410605, 50.725158862035698 ], [ 1.945261090345058, 50.724496084189688 ], [ 1.944868561289736, 50.724239147745067 ], [ 1.944890027324435, 50.724224512194404 ], [ 1.943884269229694, 50.723570594606457 ], [ 1.943717445000225, 50.723512448857903 ], [ 1.943355136347426, 50.723416398758566 ], [ 1.942946545711519, 50.723319073940367 ], [ 1.942704792054691, 50.723282136910136 ], [ 1.942103831419653, 50.723209044762278 ], [ 1.94186550232407, 50.723189075197745 ], [ 1.941609206553426, 50.723188256903754 ], [ 1.94135994238318, 50.723201033226296 ], [ 1.940982239086461, 50.723249521056033 ], [ 1.940681855555082, 50.723424799459345 ], [ 1.940452003199914, 50.723681655457057 ], [ 1.940399440621784, 50.724024924878059 ], [ 1.94053210024536, 50.724350707768693 ], [ 1.940976295265313, 50.72444704315393 ], [ 1.941360081014337, 50.72452960573505 ], [ 1.941640709826667, 50.724602799288881 ], [ 1.941843120846532, 50.724662211549365 ], [ 1.942648783612192, 50.72496301812447 ], [ 1.942562985045325, 50.725007944155216 ], [ 1.942814201400457, 50.725200810554647 ], [ 1.943086606311596, 50.725414060121324 ], [ 1.943276151299106, 50.72575133703144 ], [ 1.943499275468388, 50.726348531395296 ], [ 1.943786139325948, 50.726984373325507 ], [ 1.943948348827563, 50.727631089137766 ], [ 1.944173128655736, 50.7280159186191 ], [ 1.944096620164831, 50.728098790258471 ], [ 1.944177775018159, 50.728287485683232 ], [ 1.944280099815827, 50.728439616527048 ], [ 1.944365352523803, 50.728595927749829 ], [ 1.944671407723221, 50.729097705336073 ], [ 1.944813039868296, 50.729323637390003 ], [ 1.944897246950643, 50.729367583732014 ], [ 1.944468338472835, 50.729856077567561 ], [ 1.944060406653243, 50.730121398424949 ], [ 1.944048882412946, 50.730229811541605 ], [ 1.944086276933319, 50.730453617256011 ], [ 1.944220309740571, 50.73061334561875 ], [ 1.944279838248229, 50.730738920944589 ], [ 1.944374285859848, 50.730948233309611 ], [ 1.944808927484804, 50.731644812613006 ], [ 1.945147680840536, 50.732197905644604 ], [ 1.944951437895154, 50.732253770500051 ], [ 1.945070554331609, 50.732498171958675 ], [ 1.944908974490436, 50.733123533277364 ], [ 1.944763533035518, 50.733509443758287 ], [ 1.944757670025618, 50.733800882339693 ], [ 1.944835069660763, 50.733920882192109 ], [ 1.944834390121943, 50.734006738837756 ], [ 1.944945068026429, 50.734615824758279 ], [ 1.944597432918624, 50.734954304673927 ], [ 1.944293837258268, 50.735303949852124 ], [ 1.944289539597948, 50.735447124793403 ], [ 1.944365239638885, 50.735508860087727 ], [ 1.944658353934262, 50.735684433274209 ], [ 1.944547903401017, 50.735976726428582 ], [ 1.944542794461593, 50.735991961710354 ], [ 1.944379630323315, 50.736425336040483 ], [ 1.944366973189138, 50.736493450259992 ], [ 1.944363162071366, 50.736520910627434 ], [ 1.944346787980765, 50.736613422379698 ], [ 1.944340332390844, 50.736919832552992 ], [ 1.944358164088697, 50.737063535002463 ], [ 1.94436106470313, 50.737077817002763 ], [ 1.944407600840161, 50.737229932581869 ], [ 1.94451431720041, 50.737445153634823 ], [ 1.944698379977351, 50.737760047883626 ], [ 1.944850685066912, 50.737980000153605 ], [ 1.944904933712656, 50.73807004702978 ], [ 1.944915382296719, 50.7381067984577 ], [ 1.944912346884884, 50.738137319988411 ], [ 1.944820817050008, 50.738331005009584 ], [ 1.944744475346647, 50.738451521825041 ], [ 1.944633999118466, 50.738634663415461 ], [ 1.944913456319333, 50.739028158449727 ], [ 1.945007547811739, 50.739168342269572 ], [ 1.945138204402495, 50.739352046805372 ], [ 1.94534825539927, 50.739645554449858 ], [ 1.945590161763577, 50.739721071826303 ], [ 1.945044911317744, 50.740063282553322 ], [ 1.945084543082205, 50.740121947231941 ], [ 1.945229712599242, 50.740262563651441 ], [ 1.945369655235025, 50.740409602865455 ], [ 1.945506273194181, 50.740552309054642 ], [ 1.94561030942344, 50.740624495162507 ], [ 1.945712782348753, 50.740691281055156 ], [ 1.945800144515462, 50.74074712650669 ], [ 1.945905366986297, 50.74068318161202 ], [ 1.946123524948482, 50.740754191056205 ], [ 1.946689936427457, 50.741025843833313 ], [ 1.94713640447411, 50.740684973004441 ] ] ], [ [ [ 1.860965292283169, 50.782096594097304 ], [ 1.860052726262039, 50.781912203820902 ], [ 1.859256742150393, 50.7814396051564 ], [ 1.858804643659574, 50.780931248225684 ], [ 1.858209512809363, 50.780459441353962 ], [ 1.855429975896038, 50.780041459122081 ], [ 1.8554710847506, 50.780057715079003 ], [ 1.85598833243121, 50.780264537786934 ], [ 1.856781917874967, 50.780579356728495 ], [ 1.858224234474647, 50.782238884740622 ], [ 1.858359721117288, 50.782151025521983 ], [ 1.858823892765125, 50.782471499750677 ], [ 1.859438621982757, 50.782868175702852 ], [ 1.859743097854258, 50.783127155514883 ], [ 1.859791163258992, 50.783142412094229 ], [ 1.859665705394065, 50.783170596831816 ], [ 1.862875944521803, 50.784120694222949 ], [ 1.864565960852433, 50.784395066546935 ], [ 1.864746231214574, 50.784405059357688 ], [ 1.865847376539412, 50.784370320630678 ], [ 1.866838019887655, 50.783933631453984 ], [ 1.866984626591236, 50.783923132308985 ], [ 1.867031348735946, 50.783915567623907 ], [ 1.867016051565838, 50.783886075439639 ], [ 1.86767988361735, 50.783798445990826 ], [ 1.868428115599421, 50.783733725637703 ], [ 1.868420915361352, 50.783675494341743 ], [ 1.868348836329868, 50.78365970170551 ], [ 1.866950857513291, 50.783401613009566 ], [ 1.864498852475524, 50.782868341714682 ], [ 1.862191623618198, 50.782281040356658 ], [ 1.860965292283169, 50.782096594097304 ] ] ], [ [ [ 1.869216215001699, 50.786679410614603 ], [ 1.867581032933512, 50.786666076592446 ], [ 1.864930506972901, 50.786621126612076 ], [ 1.863979870633855, 50.786420522614485 ], [ 1.862636950270611, 50.786134957640677 ], [ 1.862639849123776, 50.786063823474869 ], [ 1.862122781045567, 50.785888247557047 ], [ 1.862138261484037, 50.785861198541888 ], [ 1.861421097545087, 50.785733867940372 ], [ 1.861497774344465, 50.785586520781493 ], [ 1.861728303510952, 50.785576053700517 ], [ 1.86183171447276, 50.785529624951586 ], [ 1.861976544410652, 50.785359834739253 ], [ 1.861188877437152, 50.785158535142493 ], [ 1.860393572529207, 50.784932332708543 ], [ 1.859707577453922, 50.784693109775517 ], [ 1.859642361727559, 50.784716459386317 ], [ 1.858571977267083, 50.785070967878873 ], [ 1.858265109673943, 50.78502096177661 ], [ 1.85639608377827, 50.783981854039034 ], [ 1.855756510397753, 50.784301169787064 ], [ 1.855699406383967, 50.784371525210261 ], [ 1.855971547963631, 50.784621065819287 ], [ 1.856024159278843, 50.784667140874447 ], [ 1.855918279351978, 50.784797397438219 ], [ 1.856026583524662, 50.784826884764549 ], [ 1.856964864252399, 50.785318567074867 ], [ 1.857647593317436, 50.785628454766645 ], [ 1.858217801110477, 50.785828965168683 ], [ 1.85989766109102, 50.786431377577749 ], [ 1.862346351398838, 50.787145610675076 ], [ 1.86445923463705, 50.78738796301559 ], [ 1.868887576508196, 50.787559443710968 ], [ 1.868934571159118, 50.78755486525867 ], [ 1.868944824670144, 50.787519878867442 ], [ 1.868997456392942, 50.787471180516178 ], [ 1.869056430208325, 50.787443003815646 ], [ 1.869166182984863, 50.787421114355837 ], [ 1.86949414913339, 50.787422029452166 ], [ 1.869587312784396, 50.787408798861364 ], [ 1.869719255801886, 50.787370772049329 ], [ 1.870282875600807, 50.787208816613763 ], [ 1.870360993176339, 50.787166977272904 ], [ 1.869216215001699, 50.786679410614603 ] ] ], [ [ [ 1.886031477064931, 50.791362965258131 ], [ 1.886051783395051, 50.791317474992063 ], [ 1.886175475936613, 50.791316738887112 ], [ 1.88832143331985, 50.791297806304421 ], [ 1.888736740690643, 50.791089674753962 ], [ 1.889396096486881, 50.791327314189566 ], [ 1.889959233338892, 50.791139398218192 ], [ 1.890025257167758, 50.791108250727433 ], [ 1.890047889408311, 50.791092654471051 ], [ 1.890286185594016, 50.791087949991308 ], [ 1.891244823993711, 50.791083392033784 ], [ 1.891302195010534, 50.791036249592409 ], [ 1.891537559564892, 50.790822001690231 ], [ 1.89144525326106, 50.790803419935699 ], [ 1.892038839340931, 50.790368919020395 ], [ 1.892884366364876, 50.790432749779441 ], [ 1.893768582897017, 50.79048933974444 ], [ 1.89438744245336, 50.790454669016768 ], [ 1.894306145230353, 50.790665984690293 ], [ 1.894291748747814, 50.790705501551251 ], [ 1.894884707598583, 50.790697688912914 ], [ 1.894939648010445, 50.790696914707659 ], [ 1.895020963784982, 50.790694753019864 ], [ 1.895446036334429, 50.790683105486487 ], [ 1.895724150566215, 50.790647508574054 ], [ 1.895782327899846, 50.790621735116623 ], [ 1.895853205733371, 50.790579295538308 ], [ 1.896126081865592, 50.790363129144801 ], [ 1.896273890555873, 50.790169900826008 ], [ 1.896484708815967, 50.789975348856089 ], [ 1.896565434286895, 50.78990994973077 ], [ 1.896613802681359, 50.789880404645956 ], [ 1.896743885243348, 50.789816684461883 ], [ 1.896831959419795, 50.789783546407072 ], [ 1.897193957117307, 50.789730027849899 ], [ 1.897728410699114, 50.789701481887292 ], [ 1.898450807963271, 50.789662821391325 ], [ 1.899049973860056, 50.789599841784039 ], [ 1.899590803305125, 50.789545034352066 ], [ 1.900343634864657, 50.789511837917061 ], [ 1.900364815064397, 50.789521816275681 ], [ 1.900226420849531, 50.789647275811056 ], [ 1.89955421268028, 50.790005386775775 ], [ 1.899418118976516, 50.790368932717826 ], [ 1.899472405599113, 50.790371474350088 ], [ 1.8998934709847, 50.790323876975975 ], [ 1.900627616592555, 50.790278760863686 ], [ 1.901263358313592, 50.790207563670258 ], [ 1.901401115992602, 50.79014865133572 ], [ 1.901438846464485, 50.790132125568135 ], [ 1.901613228982851, 50.789984615962759 ], [ 1.901980644000225, 50.789626951801225 ], [ 1.902135903299744, 50.789589836755077 ], [ 1.902726184537374, 50.789448674260086 ], [ 1.902896006287345, 50.789412848553987 ], [ 1.903194630345681, 50.78930583504205 ], [ 1.903343043325173, 50.789231316911177 ], [ 1.903733792550686, 50.789067489180979 ], [ 1.904214291609324, 50.788962255003405 ], [ 1.905243404165092, 50.788826561682136 ], [ 1.906314761181795, 50.78879847119196 ], [ 1.906769698627288, 50.78878550580167 ], [ 1.907237485501206, 50.788723756497113 ], [ 1.907555849665416, 50.788685182462558 ], [ 1.907612452191263, 50.788659830241379 ], [ 1.907698802052573, 50.788633857705719 ], [ 1.90785349495837, 50.788576167957679 ], [ 1.908420228678656, 50.788365594382782 ], [ 1.909131583057239, 50.78810388586021 ], [ 1.909247051501896, 50.788059866732439 ], [ 1.909592679735951, 50.787977456935074 ], [ 1.90996540461994, 50.787892700865569 ], [ 1.910232624425446, 50.787861301306208 ], [ 1.910346411832686, 50.787849562235259 ], [ 1.910565157071956, 50.787840423548161 ], [ 1.910788158818651, 50.787832061975067 ], [ 1.911855739360923, 50.787690023041193 ], [ 1.912853665304276, 50.787710390224362 ], [ 1.91323020762228, 50.787716559152344 ], [ 1.913672687887441, 50.787794622457064 ], [ 1.914003264169339, 50.787813122683303 ], [ 1.914504938468912, 50.787779973081818 ], [ 1.914604637913251, 50.787823750072384 ], [ 1.915464406405076, 50.788000188768571 ], [ 1.91608408060865, 50.788127258844966 ], [ 1.916743205551216, 50.788262477213316 ], [ 1.917183215166811, 50.788338083689318 ], [ 1.917206097288037, 50.788302042337179 ], [ 1.917566626971316, 50.788255539775477 ], [ 1.917620383660304, 50.788244353639769 ], [ 1.917547602205267, 50.788029982695534 ], [ 1.917236747946397, 50.787865939486132 ], [ 1.916980317461606, 50.787745978517663 ], [ 1.916868266106559, 50.787683275085328 ], [ 1.916737773865744, 50.787617808089458 ], [ 1.917579427617464, 50.787499944795456 ], [ 1.917877585530827, 50.787459026986198 ], [ 1.918099741091132, 50.787380957677371 ], [ 1.918156820100458, 50.787355834522415 ], [ 1.918219138337095, 50.787328464231727 ], [ 1.918447792087837, 50.787227895199088 ], [ 1.918538019994076, 50.787185970541806 ], [ 1.918098524997149, 50.787211226530552 ], [ 1.918000870857884, 50.787211178666368 ], [ 1.917809487782664, 50.787191836434829 ], [ 1.917643439532572, 50.787178200179056 ], [ 1.917501425716205, 50.787154340520345 ], [ 1.917141484724443, 50.787041309077573 ], [ 1.916907001190708, 50.787011979705944 ], [ 1.916421524562731, 50.786976982397874 ], [ 1.916084723066255, 50.786927579626315 ], [ 1.915774362608486, 50.786885033593542 ], [ 1.915176797324268, 50.786837203156871 ], [ 1.91463682334478, 50.786775976024728 ], [ 1.91417460311212, 50.786739990812563 ], [ 1.913442523623763, 50.786705615258725 ], [ 1.913124447938532, 50.786693770168164 ], [ 1.911849433698954, 50.78667142511916 ], [ 1.911475163834098, 50.786697227554626 ], [ 1.910850109608368, 50.786761222143348 ], [ 1.910214286926921, 50.786812103963463 ], [ 1.910021705713907, 50.786835366652248 ], [ 1.909558908557178, 50.786928304811035 ], [ 1.909313522572015, 50.786970846637139 ], [ 1.908831218714459, 50.787090261266549 ], [ 1.908593167557373, 50.787140674286348 ], [ 1.908089780136601, 50.787225903284273 ], [ 1.907418918054792, 50.787357214042565 ], [ 1.907091068413475, 50.787429362439354 ], [ 1.906748002744374, 50.78750485976294 ], [ 1.905988293892204, 50.787679712565151 ], [ 1.905476467304042, 50.787781815968735 ], [ 1.904860775209092, 50.787895477556944 ], [ 1.904439982887548, 50.78797082619657 ], [ 1.904312361670157, 50.787993851022186 ], [ 1.904066265585242, 50.788002817959772 ], [ 1.90368526463058, 50.788027256484035 ], [ 1.903233595061026, 50.788057118557155 ], [ 1.903164494011316, 50.788064859518173 ], [ 1.902858239370254, 50.788119226484753 ], [ 1.902510900507535, 50.788183021213946 ], [ 1.902297028878832, 50.788255139182127 ], [ 1.901916334371379, 50.788293350442359 ], [ 1.901179195767789, 50.788341231057316 ], [ 1.900538900162182, 50.7884206562888 ], [ 1.900091500734426, 50.788475472729566 ], [ 1.898992547632315, 50.788593807460153 ], [ 1.897507345270444, 50.788818997728704 ], [ 1.896881091215717, 50.788767782127529 ], [ 1.896787759892905, 50.788769458131355 ], [ 1.896567906468093, 50.788777302138719 ], [ 1.896338674832194, 50.78878540274313 ], [ 1.895934448227634, 50.788814657376108 ], [ 1.895690521500607, 50.788803885413358 ], [ 1.895416242676274, 50.788794825967379 ], [ 1.894551882974441, 50.788820434583606 ], [ 1.894546287604258, 50.788874766136857 ], [ 1.894508931916855, 50.789240525340631 ], [ 1.894488425594866, 50.789236048842881 ], [ 1.894457857323077, 50.789225356238504 ], [ 1.894361909413068, 50.789192027559423 ], [ 1.893937193696251, 50.789161887867095 ], [ 1.89384347904355, 50.789187785511778 ], [ 1.893604558516918, 50.789392395530008 ], [ 1.893239937315472, 50.789096467904812 ], [ 1.892953961967514, 50.788866731499581 ], [ 1.892905248345791, 50.788804188821253 ], [ 1.892984839383072, 50.788718399483841 ], [ 1.893047247957594, 50.788636581409335 ], [ 1.891369855501347, 50.788851461735987 ], [ 1.891352255994256, 50.78867436616116 ], [ 1.890450201767181, 50.788779480964735 ], [ 1.890480862833883, 50.789617654690893 ], [ 1.889874776320359, 50.789697510311392 ], [ 1.889529470948514, 50.789744048028695 ], [ 1.88901707144565, 50.789767650791092 ], [ 1.888922710840764, 50.789771654602589 ], [ 1.885440724520767, 50.790269060444899 ], [ 1.885315781547829, 50.790276732442997 ], [ 1.88522992603891, 50.790441529478549 ], [ 1.884832082488295, 50.791199963030465 ], [ 1.884813426956794, 50.791338470749871 ], [ 1.884752758311037, 50.791556552952784 ], [ 1.883426216038208, 50.791371314882547 ], [ 1.883068919495462, 50.791281334332503 ], [ 1.883047152271565, 50.791318201406632 ], [ 1.88316537569653, 50.791336840500357 ], [ 1.883270333173177, 50.791378066832792 ], [ 1.883363318897223, 50.791416683176962 ], [ 1.883439406118049, 50.791509427684559 ], [ 1.883457768230397, 50.791543069777639 ], [ 1.883461860045868, 50.791619632102879 ], [ 1.883419380722452, 50.791721465887193 ], [ 1.884041147735943, 50.791962761836338 ], [ 1.884270307615835, 50.792033891636045 ], [ 1.884598350446937, 50.792064199804173 ], [ 1.885717381735869, 50.792091274131458 ], [ 1.885883501536348, 50.791713916002948 ], [ 1.886031477064931, 50.791362965258131 ] ] ], [ [ [ 1.912529136070632, 50.799557111110552 ], [ 1.912441800105755, 50.799235735077772 ], [ 1.912272314602198, 50.798962696423466 ], [ 1.912126483410872, 50.799243573831681 ], [ 1.912023683048761, 50.799414465651203 ], [ 1.91185388722957, 50.799520902365579 ], [ 1.911627519167155, 50.79956369440913 ], [ 1.911047307083684, 50.798802890155862 ], [ 1.91118361261105, 50.798388902821678 ], [ 1.911273920300449, 50.798219644788752 ], [ 1.911380992240562, 50.798036196230747 ], [ 1.911496588571979, 50.797910065565688 ], [ 1.911057990363784, 50.797862985157032 ], [ 1.911106259306824, 50.797727096009332 ], [ 1.910442755785722, 50.797254980009463 ], [ 1.910057200720835, 50.797191040326865 ], [ 1.909613108867431, 50.797117616894454 ], [ 1.909317035863551, 50.797113043122081 ], [ 1.90909262505414, 50.797125354205079 ], [ 1.908921673547423, 50.797186746567405 ], [ 1.908657670472782, 50.797159406937702 ], [ 1.908336864363618, 50.797061130688384 ], [ 1.907689000718204, 50.797079858451092 ], [ 1.907261448118519, 50.797092347366565 ], [ 1.907117104190596, 50.797115308118244 ], [ 1.906649107307792, 50.797190069353057 ], [ 1.905988146596055, 50.797127644249272 ], [ 1.905501886988908, 50.797086592367435 ], [ 1.905397815057182, 50.797034261359798 ], [ 1.905172896633664, 50.796955199472585 ], [ 1.904278480802732, 50.796880401734654 ], [ 1.904191107358451, 50.797151775017639 ], [ 1.90280806942622, 50.796982127526881 ], [ 1.902794813338667, 50.796837551044099 ], [ 1.902762886489081, 50.79662121054136 ], [ 1.902770721777, 50.796405920049352 ], [ 1.902811157368706, 50.796175680544991 ], [ 1.902301999217442, 50.796093389138889 ], [ 1.900883388700304, 50.797549129539135 ], [ 1.901202494792648, 50.797692340142689 ], [ 1.902036579207434, 50.79797063374339 ], [ 1.903131980741061, 50.79821694415697 ], [ 1.905441412172456, 50.798863047152736 ], [ 1.905791393700523, 50.798886864045144 ], [ 1.906000413399445, 50.79889889102418 ], [ 1.907097487240174, 50.798957173243316 ], [ 1.908299899975581, 50.79901578829751 ], [ 1.909040093943802, 50.800022195313552 ], [ 1.909473342907674, 50.80184689345505 ], [ 1.909953234370177, 50.80145645845402 ], [ 1.910034237918088, 50.801417523214873 ], [ 1.910098681374311, 50.801397344392733 ], [ 1.911472084848508, 50.801053579507325 ], [ 1.911621030781094, 50.800969646574011 ], [ 1.911952915836095, 50.800708655122342 ], [ 1.912058467548959, 50.800634654296552 ], [ 1.912260789876272, 50.800518250822492 ], [ 1.91246963934038, 50.799931525330365 ], [ 1.912529136070632, 50.799557111110552 ] ] ], [ [ [ 2.03198873078173, 50.80766029126827 ], [ 2.034822589176258, 50.807850412745537 ], [ 2.034971568585576, 50.807477846547002 ], [ 2.035140763399341, 50.807285730039204 ], [ 2.035616414046232, 50.806743387318981 ], [ 2.032032003497764, 50.805699925294228 ], [ 2.030289354704584, 50.805257795907146 ], [ 2.030020823540706, 50.805765734141389 ], [ 2.029892664841907, 50.805746416160694 ], [ 2.029573229059784, 50.80573273731364 ], [ 2.029448856892784, 50.805848834472798 ], [ 2.028425531674086, 50.807084914648598 ], [ 2.02855860327974, 50.807181654815651 ], [ 2.02875816816146, 50.807329807492032 ], [ 2.028707528926487, 50.80737420043657 ], [ 2.028879305136401, 50.807464114049878 ], [ 2.028899961808051, 50.80747444636711 ], [ 2.029194403733247, 50.807785210413989 ], [ 2.029330428004955, 50.807978676549048 ], [ 2.02939944390187, 50.808147193594401 ], [ 2.029432335468058, 50.808274706216189 ], [ 2.029722364783012, 50.808563030559355 ], [ 2.029848655296792, 50.808679056682323 ], [ 2.029961471584349, 50.808745084833525 ], [ 2.030425660958713, 50.808611810704534 ], [ 2.030961976318939, 50.808231290866367 ], [ 2.031273613261429, 50.808191129047088 ], [ 2.031913042467357, 50.808038168969119 ], [ 2.03202230983173, 50.807938790374266 ], [ 2.031850774300926, 50.807706690831537 ], [ 2.03198873078173, 50.80766029126827 ] ] ] ] } },
{ "type": "Feature", "properties": { "fid": 377, "id": 1102, "sitecode": "FR3100498", "sitename": "Forêt de Tournehem et pelouses de la Cuesta du Pays de Licques", "site_excl": "Terrestre" }, "geometry": { "type": "MultiPolygon", "coordinates": [ [ [ [ 2.021547070016057, 50.755930280316193 ], [ 2.020126203635396, 50.755762494345937 ], [ 2.018903344814176, 50.754980217466645 ], [ 2.017879110987729, 50.754287519890582 ], [ 2.017370684029516, 50.754120830872971 ], [ 2.01710355499025, 50.754074951543586 ], [ 2.016986418239651, 50.754073005333161 ], [ 2.016750239397346, 50.754085395821946 ], [ 2.016278377101143, 50.754167186153161 ], [ 2.015898671156237, 50.755031625962822 ], [ 2.015703734424652, 50.75547704006047 ], [ 2.015666261979223, 50.755587731260199 ], [ 2.015647160144035, 50.75566088511686 ], [ 2.01563113653013, 50.756068007378019 ], [ 2.015613911210818, 50.756127940368678 ], [ 2.015543878517723, 50.756260760567564 ], [ 2.015494704580869, 50.756313312441314 ], [ 2.015312703950532, 50.756508358885043 ], [ 2.015244788327422, 50.756615745479984 ], [ 2.015170909844821, 50.756781112574146 ], [ 2.01439620522471, 50.758710445741627 ], [ 2.014024889735686, 50.759635008849465 ], [ 2.013960526086324, 50.75988698904154 ], [ 2.014009331105687, 50.760017704309504 ], [ 2.014074928186175, 50.760191302970867 ], [ 2.014383647250752, 50.760576365867905 ], [ 2.014303316671112, 50.760658384346485 ], [ 2.014274107094632, 50.760674451195896 ], [ 2.014262309664997, 50.760701829419986 ], [ 2.014224415596156, 50.760751426967694 ], [ 2.013934711704464, 50.760954788012512 ], [ 2.01381053434464, 50.761064790983696 ], [ 2.014496861118334, 50.761426554013909 ], [ 2.014778985237942, 50.761610014420256 ], [ 2.015137164841879, 50.761761498461546 ], [ 2.016078212052505, 50.762314642795168 ], [ 2.016469462515354, 50.762418529881415 ], [ 2.016771190068405, 50.762584840773236 ], [ 2.017779112341917, 50.762920630446274 ], [ 2.018597082732311, 50.763366903786341 ], [ 2.019027918791009, 50.763662492398012 ], [ 2.019291354988969, 50.763982209702235 ], [ 2.019678851801887, 50.764359927923145 ], [ 2.019907628128818, 50.764728266457674 ], [ 2.020045510673596, 50.765065313674555 ], [ 2.020247572400619, 50.765568835496474 ], [ 2.020385558625753, 50.765900817324855 ], [ 2.019652607240952, 50.766029420599203 ], [ 2.019781511488497, 50.766168912347261 ], [ 2.019944540468211, 50.766615101084476 ], [ 2.020275318302087, 50.767268282415877 ], [ 2.020413645086418, 50.76774685239522 ], [ 2.020487322788633, 50.768001960966259 ], [ 2.020507554384834, 50.768034696262248 ], [ 2.020617925806381, 50.768218832135339 ], [ 2.020651145604747, 50.76832701619341 ], [ 2.02074185294597, 50.768614834424859 ], [ 2.020995365927036, 50.768950766190713 ], [ 2.021111994496219, 50.7690616274459 ], [ 2.021234962396827, 50.769177644116468 ], [ 2.021685908424155, 50.769926450562892 ], [ 2.021605560581002, 50.77017626179645 ], [ 2.02113502803845, 50.77001883064024 ], [ 2.020931892502341, 50.770062023758918 ], [ 2.020251569404838, 50.770205320266754 ], [ 2.020254471428733, 50.770384525579175 ], [ 2.020400279949746, 50.77056385382383 ], [ 2.019429775902001, 50.771012129792133 ], [ 2.019408654367135, 50.771026399400796 ], [ 2.019246547962646, 50.771269478443251 ], [ 2.01908639781784, 50.771495252716882 ], [ 2.019040157966193, 50.771561063309463 ], [ 2.019408472145379, 50.771772679697953 ], [ 2.019853438980736, 50.772008304631008 ], [ 2.020003706315995, 50.772041043069486 ], [ 2.020294692289013, 50.772185873218362 ], [ 2.020548694067609, 50.772414907763192 ], [ 2.020836602318141, 50.772225775996311 ], [ 2.021641980902493, 50.772749289445407 ], [ 2.022134833618498, 50.773080989744038 ], [ 2.022828474858743, 50.773490629058188 ], [ 2.022799201135135, 50.773509740794992 ], [ 2.023075076879695, 50.773690065816069 ], [ 2.02373194014708, 50.773351091094284 ], [ 2.023575010841762, 50.773248065582969 ], [ 2.023787115134259, 50.773157085168705 ], [ 2.024100558363298, 50.772974233654807 ], [ 2.024432736780878, 50.772818017538142 ], [ 2.024527141400657, 50.772751561304219 ], [ 2.024551801916069, 50.772723242519035 ], [ 2.024558645902044, 50.772700910982486 ], [ 2.024568942682494, 50.772667393727474 ], [ 2.024655152569173, 50.772445098634812 ], [ 2.024712020886974, 50.772409903862339 ], [ 2.02489138496455, 50.772351240951863 ], [ 2.025073614395823, 50.77222846775868 ], [ 2.025216760249534, 50.772131858941549 ], [ 2.025959447061086, 50.772498075704291 ], [ 2.02611923676071, 50.772620481898976 ], [ 2.025649327134453, 50.772015109189418 ], [ 2.025861038241141, 50.771953254104915 ], [ 2.025396883693143, 50.771044921953951 ], [ 2.025158138550474, 50.770689754876209 ], [ 2.025075429994938, 50.770567970318581 ], [ 2.024926462286329, 50.770385579260953 ], [ 2.024799731929121, 50.770214555198969 ], [ 2.024608887319163, 50.76995751219993 ], [ 2.024409433467367, 50.769728912540906 ], [ 2.024340901213492, 50.769620473726107 ], [ 2.024284799180909, 50.769533496379225 ], [ 2.02423806165637, 50.769460828248853 ], [ 2.024180739675554, 50.769353478548801 ], [ 2.024136055761765, 50.76925844118373 ], [ 2.024096400422006, 50.769151229871241 ], [ 2.024067318082921, 50.769077698606992 ], [ 2.024035150392312, 50.768998036924849 ], [ 2.023878741901058, 50.768786072241646 ], [ 2.023641240027551, 50.768369841196495 ], [ 2.024215783928344, 50.768214503979976 ], [ 2.024273471314761, 50.768220042048341 ], [ 2.025079135205346, 50.767986081046828 ], [ 2.025213243836204, 50.767942340716601 ], [ 2.025690353674915, 50.768340081423467 ], [ 2.025948238395383, 50.768534516478297 ], [ 2.026183862992308, 50.768637153933199 ], [ 2.0262995200617, 50.768715425733838 ], [ 2.026720975251359, 50.769003803626688 ], [ 2.026942857565102, 50.769151122388287 ], [ 2.027045009592695, 50.76926492823538 ], [ 2.027086288421718, 50.769372151225923 ], [ 2.027157633364228, 50.769500993849881 ], [ 2.027199456614248, 50.769578687779102 ], [ 2.027232519002266, 50.769777470100045 ], [ 2.02716770406155, 50.770056959965615 ], [ 2.027016531714836, 50.770482360530643 ], [ 2.027041445638357, 50.77060573356561 ], [ 2.027106927176594, 50.77070499696174 ], [ 2.027341121000766, 50.770717018265572 ], [ 2.027777964558204, 50.770460817313612 ], [ 2.028055252986295, 50.77081523934433 ], [ 2.028026399515312, 50.770977917207553 ], [ 2.027986849704469, 50.7711964955894 ], [ 2.027933983634536, 50.771520848866487 ], [ 2.027931157231605, 50.771666430496765 ], [ 2.02823742060171, 50.771633661760198 ], [ 2.028858153222728, 50.771635981331379 ], [ 2.029533602320344, 50.771246222328692 ], [ 2.029734695913719, 50.771142931660997 ], [ 2.029833200341622, 50.771196638673679 ], [ 2.029879533729211, 50.771290665329147 ], [ 2.029606042350356, 50.772065348979439 ], [ 2.029600643036905, 50.772592679999875 ], [ 2.029619542123247, 50.772694642091395 ], [ 2.02976195497516, 50.773298448828406 ], [ 2.029840381318274, 50.773311293760344 ], [ 2.030189944732324, 50.773334379330983 ], [ 2.030645530729061, 50.773190300936946 ], [ 2.030927662119232, 50.773296334135821 ], [ 2.031342226741302, 50.773254849643848 ], [ 2.032137248959862, 50.773515477175401 ], [ 2.032421963102643, 50.773737596178009 ], [ 2.032981972823664, 50.774004601142245 ], [ 2.033362332499967, 50.774179627858622 ], [ 2.034908531894933, 50.77243132450532 ], [ 2.035658069996944, 50.771963939184879 ], [ 2.035977586394008, 50.772027282165205 ], [ 2.03670646301517, 50.772196826972021 ], [ 2.036925242818559, 50.772258586829771 ], [ 2.036788019037008, 50.772464197664227 ], [ 2.036666693595297, 50.77251111337474 ], [ 2.036083574153843, 50.773526745562975 ], [ 2.036000628117852, 50.773832547597976 ], [ 2.035438794854046, 50.774658948470396 ], [ 2.035472180323702, 50.774676525932918 ], [ 2.035319253612267, 50.774947166087166 ], [ 2.036336007416527, 50.775428448561648 ], [ 2.036582612208464, 50.775545405264481 ], [ 2.036013822977431, 50.77623329827275 ], [ 2.035946452878198, 50.776313206390761 ], [ 2.035833015372612, 50.776450803344346 ], [ 2.03568507434908, 50.776628838174972 ], [ 2.035554419151907, 50.776742874751513 ], [ 2.035534584112392, 50.776771213140854 ], [ 2.035432081308304, 50.776924150248242 ], [ 2.035415617716354, 50.776945407204572 ], [ 2.034951604577039, 50.777527225534094 ], [ 2.033881416669666, 50.777233849895765 ], [ 2.033764015241978, 50.777326602884649 ], [ 2.033675904937679, 50.777399221498953 ], [ 2.033467090097309, 50.777569652994359 ], [ 2.033372393338335, 50.777651389766369 ], [ 2.03322050219271, 50.777783580018031 ], [ 2.03289840696555, 50.777998962406478 ], [ 2.032433150323012, 50.778309919330951 ], [ 2.032335530313819, 50.778375354624963 ], [ 2.031723181125131, 50.778820576253558 ], [ 2.031179266570258, 50.779211366622441 ], [ 2.030910664796465, 50.780146941402684 ], [ 2.030640128086616, 50.780932832092581 ], [ 2.030483902844165, 50.781204459529491 ], [ 2.030412169060195, 50.781426868305637 ], [ 2.030372916427315, 50.781546696220069 ], [ 2.030366081845877, 50.781567006231086 ], [ 2.030331946204585, 50.781671596598336 ], [ 2.030324382561572, 50.781813054611895 ], [ 2.030226645982856, 50.782132989483493 ], [ 2.030178330061993, 50.782555102503771 ], [ 2.030200003145746, 50.782762961604256 ], [ 2.030202537873683, 50.782797599830694 ], [ 2.030209548573736, 50.783099008647937 ], [ 2.03020830630473, 50.783163129420991 ], [ 2.030205880097725, 50.783204857094518 ], [ 2.030191533298279, 50.783365604003457 ], [ 2.030192854911864, 50.783380890706312 ], [ 2.030207576622149, 50.783615164647607 ], [ 2.030205545417549, 50.783720005538136 ], [ 2.030216283869197, 50.784243388101679 ], [ 2.030241192088424, 50.784284307418929 ], [ 2.030265913176178, 50.784333353835905 ], [ 2.030270598403547, 50.784424010478197 ], [ 2.030282767541082, 50.784624666885435 ], [ 2.030295941728268, 50.784856886083134 ], [ 2.030306651310048, 50.785049382694559 ], [ 2.030202005952398, 50.785478202222542 ], [ 2.030183711477681, 50.785592086488883 ], [ 2.030143557315111, 50.786090624647962 ], [ 2.029709707500277, 50.786102522062009 ], [ 2.029267830179867, 50.786114356301134 ], [ 2.029413382815764, 50.786806752908014 ], [ 2.029410886883683, 50.786853565627169 ], [ 2.029416290046033, 50.786905524826892 ], [ 2.02940956428949, 50.786921770760685 ], [ 2.029367306452323, 50.787029360103823 ], [ 2.029179672004521, 50.78751351261257 ], [ 2.029177639620516, 50.787534880924937 ], [ 2.029177185703348, 50.787558283127581 ], [ 2.029223042580585, 50.788009657361613 ], [ 2.029338470623428, 50.788269141420606 ], [ 2.029278727198947, 50.78828497415752 ], [ 2.029141336610716, 50.788081299685274 ], [ 2.029120384457557, 50.788417106424703 ], [ 2.02912460289699, 50.788446651943154 ], [ 2.02913515494341, 50.78848339460658 ], [ 2.029340785641002, 50.788894267147207 ], [ 2.029209721681899, 50.78894516269991 ], [ 2.029374481143651, 50.789061492985226 ], [ 2.029537674560784, 50.789176790612089 ], [ 2.029589775179133, 50.789223006499832 ], [ 2.029850089264428, 50.789465298342812 ], [ 2.030111946290437, 50.789711665346502 ], [ 2.030424248955079, 50.790006298028551 ], [ 2.030776200168628, 50.790243174162136 ], [ 2.031415684141927, 50.789898964895613 ], [ 2.031635072447976, 50.789767303702121 ], [ 2.031818681162584, 50.789657749457653 ], [ 2.03251255465182, 50.789240656132321 ], [ 2.032603557478703, 50.789185361589801 ], [ 2.033672523340507, 50.788471845150717 ], [ 2.033339128467255, 50.788200303194074 ], [ 2.033023619826128, 50.787399814881724 ], [ 2.033156943949901, 50.785730248266383 ], [ 2.03324851526981, 50.785728916814058 ], [ 2.03324910491938, 50.785698387533408 ], [ 2.033463594017956, 50.783822716588787 ], [ 2.033473816943192, 50.783791221117049 ], [ 2.033968237540509, 50.780723510358342 ], [ 2.035850160567731, 50.77906130778355 ], [ 2.036154374908962, 50.778357115425294 ], [ 2.036262307429204, 50.778255116671168 ], [ 2.037137445503867, 50.777419926546209 ], [ 2.037196319215206, 50.777364399177202 ], [ 2.037509317894182, 50.776452558054778 ], [ 2.037526308465124, 50.77640383490121 ], [ 2.037828485679554, 50.776052895185785 ], [ 2.038607162704076, 50.77472109191698 ], [ 2.039043368619597, 50.774053266508517 ], [ 2.040063711355372, 50.772825030357019 ], [ 2.040288029953448, 50.772166758287128 ], [ 2.040524407706396, 50.771799405357044 ], [ 2.04066117893774, 50.771565554854206 ], [ 2.040713198503495, 50.771152049931118 ], [ 2.041134988827601, 50.770774951261039 ], [ 2.042163067626139, 50.769597087774066 ], [ 2.041946296212708, 50.76894100244705 ], [ 2.041371270276453, 50.768108761652428 ], [ 2.041083689387456, 50.767927565616006 ], [ 2.0405725074363, 50.767448189943323 ], [ 2.04045257105511, 50.767262697280756 ], [ 2.040549071838208, 50.766368507426321 ], [ 2.040461835415204, 50.765858839433307 ], [ 2.040548582462151, 50.765473569799582 ], [ 2.040562863425276, 50.765188416773547 ], [ 2.040711357876589, 50.764803623380139 ], [ 2.040937809078263, 50.764492132601717 ], [ 2.041003382311825, 50.764291288682116 ], [ 2.041096024627343, 50.764059878755454 ], [ 2.039505750465472, 50.763021152825786 ], [ 2.032617733718897, 50.7592902028521 ], [ 2.022321147223671, 50.755794002189695 ], [ 2.021547070016057, 50.755930280316193 ] ], [ [ 2.026580852035178, 50.767787092856992 ], [ 2.026563918875753, 50.767502898380791 ], [ 2.026558111002162, 50.767388823951897 ], [ 2.026567249151477, 50.767248396449261 ], [ 2.026589122573764, 50.767115195862708 ], [ 2.026642001272701, 50.76678879875886 ], [ 2.026533807441032, 50.766491676969949 ], [ 2.026478318504362, 50.766373149059064 ], [ 2.02640890333891, 50.766227021103241 ], [ 2.025866563890778, 50.765470384490271 ], [ 2.025835300923706, 50.765427391644096 ], [ 2.025747778641128, 50.765305549096873 ], [ 2.025346453891086, 50.764975596481165 ], [ 2.025197918514436, 50.764853275785626 ], [ 2.02482854768632, 50.764614174640982 ], [ 2.024759090094327, 50.764553562221359 ], [ 2.024491472259676, 50.764365153326814 ], [ 2.024428899509959, 50.764280166903866 ], [ 2.024380430394368, 50.764213612438652 ], [ 2.024371097130882, 50.764199282679463 ], [ 2.023403248410557, 50.763449489056335 ], [ 2.023186638367969, 50.763280819733659 ], [ 2.022927947317469, 50.763128117773221 ], [ 2.022881058752358, 50.763063596653879 ], [ 2.022720949602568, 50.762959522077793 ], [ 2.022609326778573, 50.762920963650679 ], [ 2.022600293412403, 50.762891378914098 ], [ 2.022377101819867, 50.762728762605413 ], [ 2.022284283137571, 50.762660096515475 ], [ 2.02391330769882, 50.76207089279054 ], [ 2.024235240423406, 50.76235543784891 ], [ 2.025219318372041, 50.76326010989338 ], [ 2.025876735033096, 50.763545235007868 ], [ 2.026026367279581, 50.763609516971833 ], [ 2.026312086348065, 50.7637756788939 ], [ 2.026976896895504, 50.76409547429666 ], [ 2.027107301782325, 50.764158584356124 ], [ 2.02717027548018, 50.764223229417141 ], [ 2.027247979490639, 50.764354144403725 ], [ 2.027243768276915, 50.764735906401164 ], [ 2.027385254351544, 50.764973220163732 ], [ 2.027400766855253, 50.765000832494536 ], [ 2.027602811459051, 50.765342456611513 ], [ 2.027612705579569, 50.765412774136408 ], [ 2.027641738150237, 50.765735747182511 ], [ 2.027626142975996, 50.765960620498795 ], [ 2.027624051726483, 50.765985031828116 ], [ 2.027670055681232, 50.766178850845399 ], [ 2.027921864575231, 50.766355915922489 ], [ 2.028201357450662, 50.766762296559456 ], [ 2.028319497970225, 50.766795794787136 ], [ 2.02906193415705, 50.767005197620016 ], [ 2.029493033739373, 50.767126673272116 ], [ 2.029726817294059, 50.767159029216984 ], [ 2.029752318035774, 50.767167377358653 ], [ 2.03025141856847, 50.767343320518918 ], [ 2.03052059286906, 50.767453339501962 ], [ 2.03061649875802, 50.767475470151155 ], [ 2.031142347328904, 50.76759563442242 ], [ 2.031324529089384, 50.767637758616416 ], [ 2.031524975519639, 50.767650529894077 ], [ 2.031487440348608, 50.767764267705708 ], [ 2.03135618412288, 50.76815927428261 ], [ 2.031123336178931, 50.768827379493153 ], [ 2.031051355321483, 50.768978510939533 ], [ 2.031041311315133, 50.769000838667935 ], [ 2.030624255009372, 50.769727576326972 ], [ 2.030296512939326, 50.769987700535914 ], [ 2.030006071594415, 50.770229774256819 ], [ 2.029494990907662, 50.770256326341588 ], [ 2.02885532206902, 50.770208590079427 ], [ 2.028537357775388, 50.770130765172887 ], [ 2.028687519043888, 50.769755230933839 ], [ 2.028798052406604, 50.769602360302372 ], [ 2.029080879163623, 50.76925739329748 ], [ 2.028777393635582, 50.769094184910024 ], [ 2.028736476200775, 50.769053139403304 ], [ 2.028402733786882, 50.768794987100911 ], [ 2.028242318582499, 50.76870515514851 ], [ 2.027905264402615, 50.768534533555368 ], [ 2.027499568271682, 50.768427528311072 ], [ 2.02735455218864, 50.768371413542638 ], [ 2.027252576098247, 50.768331932777045 ], [ 2.027192474952131, 50.76828565174408 ], [ 2.026966446943563, 50.768103681530619 ], [ 2.026580852035178, 50.767787092856992 ] ] ], [ [ [ 2.004840584159434, 50.743831116717892 ], [ 2.003716541543874, 50.743480882653728 ], [ 2.00362694422657, 50.743610638338012 ], [ 2.003474629163551, 50.743714801785224 ], [ 2.003339440556088, 50.743945351348373 ], [ 2.002668446602793, 50.744027517482067 ], [ 2.002631002877544, 50.744031602740314 ], [ 2.002152414801033, 50.743967656170334 ], [ 2.002126332161859, 50.743964843809202 ], [ 2.001808405338904, 50.743176112085457 ], [ 2.001872413978033, 50.742184600643746 ], [ 2.001858003329769, 50.742127157650621 ], [ 2.001878899793068, 50.742114669892274 ], [ 2.002296492784552, 50.741718068326605 ], [ 2.003185940644275, 50.741083041967961 ], [ 2.003187840033457, 50.741038184079166 ], [ 2.003219957217105, 50.741008926471245 ], [ 2.0032752272016, 50.740964116507087 ], [ 2.00361230431971, 50.740670767072984 ], [ 2.003700312763651, 50.740602230955346 ], [ 2.00399434360113, 50.74042132876442 ], [ 2.004423527741255, 50.740221123842687 ], [ 2.004688927519722, 50.740107170490383 ], [ 2.004771224815648, 50.740083399137283 ], [ 2.004845948521269, 50.740037161986542 ], [ 2.005070884369955, 50.739941225236024 ], [ 2.005348322140685, 50.739869116181062 ], [ 2.005249297968275, 50.73984591851211 ], [ 2.005108197274496, 50.739840725402935 ], [ 2.00492984020081, 50.739530795404598 ], [ 2.004785533226431, 50.739283251459561 ], [ 2.00465086933115, 50.739196652642846 ], [ 2.004456039870304, 50.73906984631482 ], [ 2.004280129022652, 50.738959510379509 ], [ 2.003791122288676, 50.739182644621813 ], [ 2.002952563633944, 50.739556716989092 ], [ 2.002645053324436, 50.739688650544231 ], [ 2.002539907009842, 50.739732601056097 ], [ 2.002045008447301, 50.739929209064378 ], [ 2.00188167068497, 50.739993055999769 ], [ 2.001582530208633, 50.740108775089858 ], [ 2.001111926361219, 50.740293339719386 ], [ 2.000630077148354, 50.740478854060221 ], [ 2.000390751968649, 50.740249884565905 ], [ 2.000261142629851, 50.740070673261847 ], [ 2.000213602769762, 50.739960321187873 ], [ 2.000200013569426, 50.739918463393728 ], [ 2.000097390682949, 50.739592855812816 ], [ 2.00011581060105, 50.739071708400537 ], [ 2.000463623465619, 50.738868840144669 ], [ 2.000488645265524, 50.738881876946976 ], [ 2.001040577694439, 50.738603815634939 ], [ 2.001183749348558, 50.73852791423618 ], [ 2.001352326272186, 50.73844578879347 ], [ 2.001623354076852, 50.738300289080961 ], [ 2.001823450498039, 50.738160647534563 ], [ 2.002136601134781, 50.737932026623035 ], [ 2.002429692962159, 50.737693592055841 ], [ 2.002239301535075, 50.737584938731601 ], [ 2.002334702858357, 50.737466582851184 ], [ 2.002816621531619, 50.736872779322468 ], [ 2.002704059256013, 50.736724242545691 ], [ 2.002686779949297, 50.736706803834522 ], [ 2.002565712912562, 50.736582627566101 ], [ 2.002680143222565, 50.736556072147444 ], [ 2.002330187852628, 50.736002434971773 ], [ 2.002142510921013, 50.735839037854106 ], [ 2.002121534035759, 50.735844977060857 ], [ 2.001463596589334, 50.736011781996304 ], [ 2.001320068838781, 50.736049316192585 ], [ 2.001229919741363, 50.736064871605478 ], [ 2.001123669649656, 50.736083361284919 ], [ 2.000701336931947, 50.736141572984479 ], [ 2.000535670402519, 50.736122431487054 ], [ 2.00048456656948, 50.736109806978753 ], [ 2.000353620194412, 50.736079219222574 ], [ 2.000245001697952, 50.736055940275357 ], [ 1.999931843072998, 50.735990308545112 ], [ 1.999754204305001, 50.735967495573988 ], [ 1.999691801013135, 50.73595884404704 ], [ 1.999500838272724, 50.735960372214031 ], [ 1.999245725065672, 50.735961364383243 ], [ 1.999123803357169, 50.73596140487242 ], [ 1.998881657550056, 50.735954370508402 ], [ 1.998660377820296, 50.735948524801941 ], [ 1.998336707258878, 50.73568729341801 ], [ 1.998657795202334, 50.735435336599188 ], [ 1.998865689380529, 50.73514786670416 ], [ 1.999093320735588, 50.734916540739611 ], [ 1.99926495836916, 50.73475705105276 ], [ 1.99932872366941, 50.73469749261097 ], [ 1.999059855014743, 50.734584337634665 ], [ 1.99880371855684, 50.734475890675135 ], [ 1.998532581825934, 50.734315380290418 ], [ 1.99848178146109, 50.734287759700258 ], [ 1.998205311858808, 50.734555073362266 ], [ 1.997916058226283, 50.734497758909363 ], [ 1.99736994394847, 50.734850723596729 ], [ 1.996603569123057, 50.735369027374318 ], [ 1.996706945540731, 50.735512290469536 ], [ 1.996717696936521, 50.735535784875339 ], [ 1.996715489680324, 50.735565301978731 ], [ 1.99671200952076, 50.735659945682741 ], [ 1.996645454444333, 50.736099270892517 ], [ 1.996651429916057, 50.736120684372615 ], [ 1.996748633730127, 50.736474786451268 ], [ 1.996832439677245, 50.736535533344423 ], [ 1.99693533331826, 50.736605585346254 ], [ 1.996966982540078, 50.736627225507299 ], [ 1.996993833851298, 50.736647805785161 ], [ 1.997205555051502, 50.736811404367295 ], [ 1.997284574822156, 50.736872112341743 ], [ 1.998477887922635, 50.736650590129933 ], [ 1.998747786453609, 50.736471527691599 ], [ 1.999018067849469, 50.736435016260799 ], [ 1.999297180547834, 50.736437261413691 ], [ 2.000084719979381, 50.736610570265007 ], [ 1.999804500505922, 50.736903587357993 ], [ 2.000489214616294, 50.737245087304608 ], [ 2.000656085970474, 50.73732482014092 ], [ 2.000804753979975, 50.737260617214318 ], [ 2.001047242058488, 50.737191159558805 ], [ 2.001454869788029, 50.737306644611088 ], [ 2.001460958555216, 50.737403587680589 ], [ 2.001361698434138, 50.73754560044204 ], [ 2.001246339408822, 50.737687482977918 ], [ 2.001007699825962, 50.737966098720612 ], [ 2.000794366535095, 50.738183704712647 ], [ 2.000457373098067, 50.738558424321184 ], [ 2.000488800324842, 50.738594378169005 ], [ 2.000235914781291, 50.738781069898124 ], [ 2.000027663552737, 50.738743694177892 ], [ 1.999890956429739, 50.738747681680891 ], [ 1.999818425832051, 50.738757310622027 ], [ 1.999543555844459, 50.738836696728804 ], [ 1.999446120140863, 50.738886933452896 ], [ 1.998967991690219, 50.739082003345459 ], [ 1.998972887232677, 50.738777442667477 ], [ 1.998309914840032, 50.739193625036236 ], [ 1.998175461828442, 50.739258720914947 ], [ 1.998263257873662, 50.739762380321501 ], [ 1.99829040319718, 50.739928574854865 ], [ 1.998328991456664, 50.740166105268145 ], [ 1.998445451458682, 50.740841056548049 ], [ 1.998537507983385, 50.740973152329524 ], [ 1.998565449807123, 50.741020192223196 ], [ 1.999692738685339, 50.741136164856073 ], [ 2.000274772926243, 50.741318011544386 ], [ 2.000316367616537, 50.74132445220927 ], [ 2.000388403207858, 50.741332159487065 ], [ 2.000479834550905, 50.741333915125068 ], [ 2.000536206616669, 50.74132417576498 ], [ 2.00066574701559, 50.741426015077501 ], [ 2.000935791600862, 50.741482146780072 ], [ 2.001053807288932, 50.741599170577011 ], [ 2.001654857923061, 50.742195529633555 ], [ 2.001430775002529, 50.74236873792141 ], [ 2.001564205225291, 50.743299419718177 ], [ 2.001722406578084, 50.7440081982161 ], [ 2.001720744845801, 50.744252351250545 ], [ 2.001724399545855, 50.744506718304443 ], [ 2.001659086149404, 50.745205213438062 ], [ 2.001648728872857, 50.745483075169304 ], [ 2.001679895279118, 50.745690006979935 ], [ 2.001896813539098, 50.745837357813059 ], [ 2.001661748605699, 50.746118503031816 ], [ 2.001432199518547, 50.746363049681712 ], [ 2.001344698248742, 50.746486572732366 ], [ 2.001406343936389, 50.746533901746268 ], [ 2.001403814513161, 50.746579694613843 ], [ 2.001402881059982, 50.746626522362817 ], [ 2.001471875306946, 50.746868377933339 ], [ 2.001498311743456, 50.747233075147733 ], [ 2.001502784547869, 50.747250431611334 ], [ 2.001647747851222, 50.747705684826862 ], [ 2.001649986735296, 50.747755580843169 ], [ 2.001752257191509, 50.748019087388727 ], [ 2.00176635875029, 50.74803547923549 ], [ 2.001990744442622, 50.748290794909806 ], [ 2.002009613990941, 50.74831130966902 ], [ 2.002245079122951, 50.748494438792768 ], [ 2.002399935302396, 50.748615810357464 ], [ 2.002482120703945, 50.748679602655542 ], [ 2.0028209264646, 50.748670103096046 ], [ 2.002916078454496, 50.748646417309331 ], [ 2.002999936672269, 50.748624703073716 ], [ 2.003089110208748, 50.748579603496168 ], [ 2.003121411622639, 50.748489236743417 ], [ 2.003108069851196, 50.748433144560565 ], [ 2.003103576048356, 50.748416810098107 ], [ 2.003131159025071, 50.748321319377318 ], [ 2.00301682142966, 50.747843767981443 ], [ 2.003005165471704, 50.747798001527407 ], [ 2.002996311181531, 50.747517943552239 ], [ 2.003061413489058, 50.747229327682277 ], [ 2.003186090700054, 50.747012431870495 ], [ 2.003442408943634, 50.746873980833001 ], [ 2.003645772804645, 50.746734084125443 ], [ 2.003757692220125, 50.746673908488241 ], [ 2.003737095610706, 50.746660507743407 ], [ 2.003458141191631, 50.746485692967433 ], [ 2.003250252748823, 50.746288039409471 ], [ 2.003239334264119, 50.746272673724206 ], [ 2.003119154246998, 50.746102693909343 ], [ 2.003074665146568, 50.746039213608164 ], [ 2.003055807768299, 50.745898568395432 ], [ 2.003221473709358, 50.745879531909175 ], [ 2.003377463211678, 50.745862459177275 ], [ 2.003579868288844, 50.745851845503751 ], [ 2.003888405918118, 50.744861634521321 ], [ 2.004220016025891, 50.744413280617906 ], [ 2.004840584159434, 50.743831116717892 ] ] ], [ [ [ 1.998747734601191, 50.778546589241202 ], [ 1.998735213095976, 50.778530210576911 ], [ 1.998663874186875, 50.778564254978811 ], [ 1.998511672160989, 50.778386893883656 ], [ 1.998463296611741, 50.778235836678157 ], [ 1.998446645799109, 50.778184785223807 ], [ 1.998499634105723, 50.778172396959356 ], [ 1.998461280553793, 50.778069633377733 ], [ 1.998446297352479, 50.777921506940011 ], [ 1.998431967395406, 50.7777392477471 ], [ 1.998446517600259, 50.777460451764441 ], [ 1.998464160917113, 50.777252840481815 ], [ 1.99844080361736, 50.777073331425839 ], [ 1.998360683910018, 50.776702771603105 ], [ 1.998290361565188, 50.776526068241921 ], [ 1.998207172905302, 50.776411170983586 ], [ 1.99818454056232, 50.776277818672092 ], [ 1.998175671552366, 50.776239064408841 ], [ 1.99816363996639, 50.776198241531006 ], [ 1.998139484374696, 50.776122702094312 ], [ 1.998116762698755, 50.776053301892929 ], [ 1.997836878995893, 50.776078540609305 ], [ 1.997734053400451, 50.776081777865038 ], [ 1.99763281537291, 50.776085027814787 ], [ 1.997562692413128, 50.776060035951723 ], [ 1.997436718391255, 50.776015232306392 ], [ 1.997419406913314, 50.775998814874498 ], [ 1.997389503827508, 50.775968018999244 ], [ 1.997274338717439, 50.775785888476712 ], [ 1.997199929018083, 50.775651918802509 ], [ 1.99710570176426, 50.775387463474829 ], [ 1.997064441277945, 50.775282273479945 ], [ 1.99703388933945, 50.775204639915273 ], [ 1.997028531844824, 50.775150655940962 ], [ 1.997024486420669, 50.775111919732893 ], [ 1.996912120914378, 50.774959243798648 ], [ 1.996670898933176, 50.774453532935695 ], [ 1.996596687140718, 50.77412564648607 ], [ 1.996638160611847, 50.773847066051154 ], [ 1.996772026533271, 50.773438322066703 ], [ 1.99698323943271, 50.77299369990881 ], [ 1.99724662606057, 50.772599713580036 ], [ 1.997331470771985, 50.77239830858079 ], [ 1.997371001197907, 50.772216481380141 ], [ 1.997388760974875, 50.772003183235491 ], [ 1.997331807421059, 50.771259884435224 ], [ 1.997308503150516, 50.770855558918967 ], [ 1.997361860308431, 50.77065676315425 ], [ 1.997488519076757, 50.770383151625133 ], [ 1.997630256436607, 50.770028529554203 ], [ 1.997719778001415, 50.769815788616683 ], [ 1.997862579575718, 50.769631948237802 ], [ 1.997966994572837, 50.769573021036678 ], [ 1.998106890764629, 50.769534301472284 ], [ 1.998219420983542, 50.769518127388913 ], [ 1.998048738662198, 50.769300448672439 ], [ 1.99867623799805, 50.768949232249511 ], [ 1.999069621823495, 50.768753429549577 ], [ 1.999692481751507, 50.768442856707402 ], [ 1.999888568548894, 50.768375814045818 ], [ 2.000189026471024, 50.768227295572096 ], [ 2.000415401777782, 50.76810276992547 ], [ 2.000305415783228, 50.768087950627496 ], [ 2.000137995550254, 50.768030602845087 ], [ 2.000110872950559, 50.768021214440822 ], [ 2.00008430855418, 50.767985361421026 ], [ 2.000000647534391, 50.767752564908498 ], [ 1.999866739433237, 50.767705677621095 ], [ 1.99944976076785, 50.767604595944441 ], [ 1.999308715392635, 50.767511818322689 ], [ 1.999290744012009, 50.767447541591785 ], [ 1.999267527286223, 50.767404586065631 ], [ 1.999252027742489, 50.767376990058786 ], [ 1.999159126958646, 50.767205189123295 ], [ 1.999001112235255, 50.766756970126323 ], [ 1.999018584808058, 50.766685849030246 ], [ 1.999048250597067, 50.766647383422509 ], [ 1.999337172166441, 50.766570295741829 ], [ 1.999566143851769, 50.766520216883066 ], [ 1.999694871020259, 50.766424540698715 ], [ 1.999897999681593, 50.766300929943924 ], [ 2.001544466331571, 50.766011780966274 ], [ 2.001754253050249, 50.765956438466652 ], [ 2.002108310584551, 50.765832011562509 ], [ 2.002179892726119, 50.765784730260719 ], [ 2.002235364306398, 50.765740384155819 ], [ 2.002524084741813, 50.765510573255504 ], [ 2.00267470049481, 50.765444583071691 ], [ 2.00275244390107, 50.765409565115426 ], [ 2.002982111833506, 50.765405297377704 ], [ 2.003315820573432, 50.765496551081426 ], [ 2.003679865910921, 50.765837469521422 ], [ 2.003715991835707, 50.765877464152751 ], [ 2.003730058047042, 50.765895917047388 ], [ 2.004097290314814, 50.766319333989308 ], [ 2.00412561580222, 50.766348053161693 ], [ 2.00415067575664, 50.766379829397358 ], [ 2.00429349450908, 50.766544877877116 ], [ 2.004830256401072, 50.767242498238851 ], [ 2.004877337549662, 50.767297856844102 ], [ 2.005559934665463, 50.768091326253668 ], [ 2.005968663080306, 50.768608732925244 ], [ 2.00626636287685, 50.768898214611653 ], [ 2.006413137238723, 50.769187513186708 ], [ 2.006576884685171, 50.76959199613556 ], [ 2.00696250847664, 50.77030469553371 ], [ 2.007046684150636, 50.770674925525825 ], [ 2.007222667286126, 50.770949176660288 ], [ 2.00725081313166, 50.771230399106685 ], [ 2.007355033414785, 50.771885869571385 ], [ 2.007404833919884, 50.772046106501854 ], [ 2.007812104822397, 50.772477976456109 ], [ 2.007857477654893, 50.7725384057741 ], [ 2.007886750477347, 50.772599727932459 ], [ 2.007944892054923, 50.772745775337633 ], [ 2.007952788834372, 50.772832375776659 ], [ 2.007930284223494, 50.772914669179343 ], [ 2.007819320143798, 50.773167291350106 ], [ 2.007773022057095, 50.773235139534442 ], [ 2.008754311962921, 50.774033004318753 ], [ 2.009327150466152, 50.774780759333133 ], [ 2.009405680807179, 50.774869963572932 ], [ 2.010209693685206, 50.775784496783665 ], [ 2.010270820239869, 50.775860327618261 ], [ 2.01055454226563, 50.776208730516835 ], [ 2.010756612354747, 50.776383409948579 ], [ 2.011398631844305, 50.776559559853411 ], [ 2.011487424116813, 50.776616247561947 ], [ 2.011565730409954, 50.77663521003705 ], [ 2.011656825072812, 50.776657296977888 ], [ 2.011785223550723, 50.776660358220077 ], [ 2.012283432750655, 50.776963626408325 ], [ 2.012335605033954, 50.777004766145552 ], [ 2.012520527021258, 50.777154879121248 ], [ 2.012791187376188, 50.77702771994965 ], [ 2.013040771636972, 50.776910584722103 ], [ 2.013094268920083, 50.776884539122165 ], [ 2.013134777619835, 50.776865518753972 ], [ 2.013204897871314, 50.776812113227578 ], [ 2.013498332297143, 50.776588425055294 ], [ 2.013697930688003, 50.776399612380835 ], [ 2.013765717367674, 50.776300377922311 ], [ 2.013586550888623, 50.776184931123844 ], [ 2.013547084439692, 50.776151020702322 ], [ 2.013512370281936, 50.776119190179351 ], [ 2.013330824198662, 50.775961976986657 ], [ 2.01306879170294, 50.775733887223012 ], [ 2.012944088563781, 50.775623976674702 ], [ 2.01281147247339, 50.77550989807375 ], [ 2.01267219609444, 50.77540699987766 ], [ 2.012650079671486, 50.775389504716692 ], [ 2.012503765981231, 50.775480988718684 ], [ 2.01184860611863, 50.775889155362385 ], [ 2.011738270193837, 50.775703992892339 ], [ 2.011627834305356, 50.775523935145117 ], [ 2.011467299116619, 50.77527832701648 ], [ 2.011397171851181, 50.775169848533061 ], [ 2.011294321825997, 50.77501223656391 ], [ 2.011159520229495, 50.774845219111022 ], [ 2.011027834818958, 50.774684334183455 ], [ 2.010960421015679, 50.774602346570283 ], [ 2.010896150272437, 50.774523448180084 ], [ 2.01058492394329, 50.774184997562635 ], [ 2.010470114434449, 50.774062928911327 ], [ 2.010359986582628, 50.773948025553977 ], [ 2.010345834939872, 50.773933657541754 ], [ 2.01024663431371, 50.773834117583668 ], [ 2.010232482753414, 50.77381974865888 ], [ 2.010858962441135, 50.773398146849615 ], [ 2.010549177597042, 50.773149307819445 ], [ 2.010236251684979, 50.772897380413532 ], [ 2.009817904734496, 50.772536711344479 ], [ 2.009954555006552, 50.772365743972905 ], [ 2.010066497361926, 50.772225113685899 ], [ 2.010100817240791, 50.772194832189939 ], [ 2.010273803696201, 50.77205368646068 ], [ 2.010654699447657, 50.7715466375886 ], [ 2.010751135381517, 50.771623770397888 ], [ 2.010817470730817, 50.771678258129725 ], [ 2.011011739688417, 50.771840663211634 ], [ 2.011367176910464, 50.772135675420365 ], [ 2.011433504807528, 50.772192185250383 ], [ 2.011517167029752, 50.772264129104137 ], [ 2.011663832719204, 50.772398664182134 ], [ 2.011846637879152, 50.772573190038692 ], [ 2.011956947062341, 50.772678923248264 ], [ 2.011977486566517, 50.772694363825877 ], [ 2.012119876651687, 50.772801372552536 ], [ 2.012278146299781, 50.772918699596637 ], [ 2.012425268400338, 50.773028789136603 ], [ 2.012441127305607, 50.773040127693044 ], [ 2.012641754802306, 50.773205623015954 ], [ 2.012861305509478, 50.773389608974256 ], [ 2.012941426052633, 50.773478823746856 ], [ 2.013002715972709, 50.773546505432869 ], [ 2.013140962856499, 50.773701333443064 ], [ 2.01343005621999, 50.774022283513176 ], [ 2.013463052869409, 50.77405918561027 ], [ 2.013541589447246, 50.774148387339842 ], [ 2.013701777135851, 50.774329858943602 ], [ 2.013849510479379, 50.77449291132843 ], [ 2.013956595033322, 50.774598616853716 ], [ 2.014012045840485, 50.774555287073582 ], [ 2.01456694212107, 50.774179932723023 ], [ 2.014586468050845, 50.774167853349056 ], [ 2.014852925525437, 50.77400809990398 ], [ 2.015059827305426, 50.774100337771962 ], [ 2.015081875092218, 50.774122917934349 ], [ 2.015212546675184, 50.774255278658032 ], [ 2.015417827842547, 50.774267093556098 ], [ 2.015614677465313, 50.774218753268748 ], [ 2.015640776074062, 50.774279027135663 ], [ 2.015657621976113, 50.774320907526594 ], [ 2.015898021748801, 50.774507075028232 ], [ 2.016095141497252, 50.774688835240198 ], [ 2.016298200649241, 50.774896090506871 ], [ 2.016221515019801, 50.775040066778359 ], [ 2.016567466628412, 50.77524742913473 ], [ 2.017020385596932, 50.775403716751327 ], [ 2.017663113757701, 50.775544200070698 ], [ 2.017791130823734, 50.775484121317213 ], [ 2.017823881755299, 50.775452824094366 ], [ 2.018147622175925, 50.775156061950057 ], [ 2.018325806762511, 50.774993542417931 ], [ 2.018495235115724, 50.77478718477817 ], [ 2.018728213854216, 50.774533494035772 ], [ 2.018764188374473, 50.77450120079714 ], [ 2.019104166034272, 50.774194371264834 ], [ 2.019419588060388, 50.773911775624562 ], [ 2.019858774879987, 50.773622023723966 ], [ 2.019587182026001, 50.773388785806979 ], [ 2.019241779488326, 50.773151901565498 ], [ 2.019125164119754, 50.773040018257767 ], [ 2.018974114976983, 50.772882031696113 ], [ 2.018925824453237, 50.772806306896278 ], [ 2.018837058977652, 50.772667151810232 ], [ 2.018625491848264, 50.772401807521419 ], [ 2.01860191720461, 50.772376152485066 ], [ 2.018358094969039, 50.772201155660248 ], [ 2.018142251575318, 50.772073212227639 ], [ 2.018097806536983, 50.772047412250387 ], [ 2.018058111122039, 50.772023673145618 ], [ 2.017856531912455, 50.771906032410691 ], [ 2.01764562193217, 50.771935924375349 ], [ 2.017520537266526, 50.772010282836263 ], [ 2.017103747487448, 50.772303267406741 ], [ 2.01688290972657, 50.772512260807545 ], [ 2.016831204587831, 50.772610604180954 ], [ 2.016747067686138, 50.772723968123522 ], [ 2.016691870761083, 50.772756109073157 ], [ 2.016384770069806, 50.772941014837791 ], [ 2.016128611256473, 50.772903370634872 ], [ 2.014919651017477, 50.772330798086678 ], [ 2.014562863746738, 50.772185434560207 ], [ 2.013450148355123, 50.77137333718224 ], [ 2.012872339550529, 50.770874980431039 ], [ 2.012810823309038, 50.770820531046638 ], [ 2.012783816809442, 50.77080505992307 ], [ 2.012764783699719, 50.770793696199597 ], [ 2.012744174741119, 50.770780298332994 ], [ 2.012574371052851, 50.770680199918587 ], [ 2.012396654123392, 50.770572911130543 ], [ 2.012242649908205, 50.770403699060452 ], [ 2.012106371883778, 50.770231584599998 ], [ 2.012012357118186, 50.770113746409528 ], [ 2.012001370311198, 50.770101444997692 ], [ 2.011968397493979, 50.770063521307911 ], [ 2.011913471731943, 50.769999954044422 ], [ 2.011808109224967, 50.769888152458485 ], [ 2.011770376996748, 50.769847126601164 ], [ 2.011695104662132, 50.769756927858353 ], [ 2.011684519874891, 50.769724266851085 ], [ 2.011634395507482, 50.769578284219904 ], [ 2.011625086442578, 50.769562933546887 ], [ 2.011511329967871, 50.769387932625818 ], [ 2.011443288542917, 50.769256064130182 ], [ 2.011376826055588, 50.769126229755798 ], [ 2.011341314620716, 50.76905468750769 ], [ 2.011169746395666, 50.76871836530497 ], [ 2.010981675377164, 50.768567201956955 ], [ 2.010904547709305, 50.768489221802653 ], [ 2.010873094816264, 50.768456394879095 ], [ 2.010797643651189, 50.768375363626717 ], [ 2.010711398393712, 50.768270821212603 ], [ 2.01067692357009, 50.768228819383125 ], [ 2.010636290942051, 50.768172493202584 ], [ 2.010558090521103, 50.768067013165094 ], [ 2.010438202970612, 50.767960179699607 ], [ 2.010360104192299, 50.767849594572283 ], [ 2.010349198595967, 50.767833229662116 ], [ 2.010136438172497, 50.767713424492221 ], [ 2.010014110088922, 50.76764831883078 ], [ 2.009703482453151, 50.767363827942127 ], [ 2.009540063649871, 50.767265798068117 ], [ 2.009462316101115, 50.767219367881246 ], [ 2.009244430829423, 50.76703336458646 ], [ 2.009220740877115, 50.767013834375099 ], [ 2.009034078690439, 50.766873891698559 ], [ 2.009018534316588, 50.766848298487673 ], [ 2.009004496016926, 50.766826822493655 ], [ 2.008981733389832, 50.766760446120358 ], [ 2.008955117342226, 50.766645203387377 ], [ 2.008938833125875, 50.766576856895234 ], [ 2.008904828055952, 50.766266052783493 ], [ 2.008899549052326, 50.76620900585705 ], [ 2.00889311667661, 50.766128523424335 ], [ 2.008882871785614, 50.765997111969504 ], [ 2.008789563722551, 50.765764225317909 ], [ 2.008740706112746, 50.765636571215964 ], [ 2.008698280301065, 50.765427535554402 ], [ 2.008664936809386, 50.765328498398944 ], [ 2.008554303840965, 50.764996740235844 ], [ 2.008483658114171, 50.764835313960759 ], [ 2.008374735328363, 50.764579926583821 ], [ 2.008356336255895, 50.764535999707824 ], [ 2.008325611991003, 50.764466516734075 ], [ 2.008296465725503, 50.764399087721948 ], [ 2.00805333590988, 50.764029611204485 ], [ 2.007803548740647, 50.763836222710758 ], [ 2.007634352748917, 50.763705566336178 ], [ 2.007555307801297, 50.763644867638732 ], [ 2.007427242616304, 50.763545094463446 ], [ 2.007161796906119, 50.763332216313096 ], [ 2.00697817304952, 50.763120011721384 ], [ 2.006893400120838, 50.763023626035441 ], [ 2.006838124848127, 50.762978393359077 ], [ 2.006760709679656, 50.762915664765202 ], [ 2.006435284533019, 50.762650408603463 ], [ 2.006400503633746, 50.762622638784329 ], [ 2.006187418967846, 50.762359278908349 ], [ 2.006038624533439, 50.762254232799137 ], [ 2.005861335425646, 50.762127593629657 ], [ 2.005821906969169, 50.762092659051909 ], [ 2.005763238234237, 50.762055548228595 ], [ 2.005737885580084, 50.762040068782788 ], [ 2.006097411369165, 50.761799601097614 ], [ 2.006144581081621, 50.76176740026704 ], [ 2.006637574902201, 50.761435370820422 ], [ 2.006679841148981, 50.761407194638075 ], [ 2.0076300908312, 50.760761145287745 ], [ 2.007661020173338, 50.760740006744093 ], [ 2.007825344508026, 50.760629328315609 ], [ 2.007854616416546, 50.760610219724995 ], [ 2.007924710042357, 50.760555795514811 ], [ 2.007950798225567, 50.760535639472231 ], [ 2.009230111056157, 50.759563341040945 ], [ 2.009247226705604, 50.759550232695709 ], [ 2.009856052058127, 50.759078599732028 ], [ 2.009877258994039, 50.759061468805633 ], [ 2.009596280740192, 50.758903454596563 ], [ 2.009455869685355, 50.758860589141101 ], [ 2.009294161765602, 50.758840981506864 ], [ 2.009399385395286, 50.758552666112998 ], [ 2.009661373748377, 50.758290046446305 ], [ 2.009861423868241, 50.757914925115379 ], [ 2.010178942716179, 50.757603870022294 ], [ 2.010392604311207, 50.757107715983679 ], [ 2.010754748008399, 50.756731837958441 ], [ 2.011047684906468, 50.756446053818564 ], [ 2.011293910382594, 50.756251503872981 ], [ 2.011297614880554, 50.756226084047164 ], [ 2.011316392586903, 50.756087772960903 ], [ 2.011397781754575, 50.755948919121913 ], [ 2.011873845975413, 50.755655416321574 ], [ 2.012047171537034, 50.755574317322491 ], [ 2.012583410204934, 50.755323036848452 ], [ 2.012887077263069, 50.755306083627531 ], [ 2.013211644463056, 50.755206860004428 ], [ 2.013271393739301, 50.755188992164335 ], [ 2.01331238608886, 50.755144525800745 ], [ 2.013379135947265, 50.75485183576091 ], [ 2.013402560517155, 50.754743656652309 ], [ 2.01348997645439, 50.754766174470035 ], [ 2.013763810466777, 50.754796857255393 ], [ 2.01412839765855, 50.754784468364214 ], [ 2.014227380410203, 50.754729247888164 ], [ 2.014267981864414, 50.754706162466498 ], [ 2.014328020763009, 50.754672017865261 ], [ 2.014405949044527, 50.754627842705176 ], [ 2.014642878933151, 50.754495323871531 ], [ 2.013277971757594, 50.753306529597069 ], [ 2.013032160916226, 50.753482746794866 ], [ 2.01296374968109, 50.753533123648424 ], [ 2.012913219936548, 50.75357242826221 ], [ 2.012771508109831, 50.753678208469516 ], [ 2.012585891557311, 50.753812152161153 ], [ 2.012542087978856, 50.75375477897061 ], [ 2.012126926543352, 50.753566190150494 ], [ 2.012091404623554, 50.753576080420103 ], [ 2.012051054535578, 50.753587994435271 ], [ 2.01195905961928, 50.753613734725128 ], [ 2.011560553694773, 50.753881384025476 ], [ 2.011155883534474, 50.753892425765628 ], [ 2.0111013065479, 50.753894034504619 ], [ 2.010775299632632, 50.753902637349114 ], [ 2.010700603212028, 50.75390661919036 ], [ 2.010306647325816, 50.753821542631229 ], [ 2.01016124125315, 50.753789830288945 ], [ 2.009933887618012, 50.753761551535675 ], [ 2.009300461296168, 50.753897014556799 ], [ 2.008694341795638, 50.754030648600704 ], [ 2.00814624941669, 50.75415152703507 ], [ 2.00795613018658, 50.75418869605479 ], [ 2.007572968383271, 50.75424875483786 ], [ 2.007471532728213, 50.754264245238268 ], [ 2.00724962669596, 50.754285882564915 ], [ 2.007175589907574, 50.754296505149725 ], [ 2.007103019343425, 50.75431322601564 ], [ 2.007006119500161, 50.754343008193608 ], [ 2.006951158468304, 50.754363954126291 ], [ 2.006892742294961, 50.75439606583344 ], [ 2.006634758637152, 50.75453551076555 ], [ 2.006695600784311, 50.754544145914842 ], [ 2.006884894670366, 50.754548719877512 ], [ 2.00690516689391, 50.754740282368566 ], [ 2.006909218705418, 50.75477899971623 ], [ 2.006914534333693, 50.754834025443337 ], [ 2.006923881564961, 50.754928789509783 ], [ 2.00683890242858, 50.754925047989879 ], [ 2.00677798967714, 50.754921518192653 ], [ 2.006709055071895, 50.754917904609762 ], [ 2.006513464014538, 50.754906172340483 ], [ 2.006439810185477, 50.754897434845496 ], [ 2.006378977100149, 50.754889820818619 ], [ 2.006342151406848, 50.754885462814293 ], [ 2.006150328366238, 50.754845246327754 ], [ 2.006119231582749, 50.75511785339782 ], [ 2.006247657729533, 50.755198290218864 ], [ 2.00650609534067, 50.755359176974835 ], [ 2.006534637996808, 50.755376704498673 ], [ 2.006860868870593, 50.755476550163742 ], [ 2.006986527309355, 50.755494341816835 ], [ 2.007438070148737, 50.755466386718922 ], [ 2.007608826823111, 50.755435170509728 ], [ 2.008028002109882, 50.75525932487524 ], [ 2.008195229337763, 50.75516290453465 ], [ 2.008336500747109, 50.755081574935794 ], [ 2.008428994475007, 50.755029370842792 ], [ 2.008505909671136, 50.75499586418325 ], [ 2.008613558731297, 50.754949387216747 ], [ 2.008633537979905, 50.75495412185419 ], [ 2.008667194720037, 50.75491519432795 ], [ 2.008706726288184, 50.754864610536735 ], [ 2.008828852371392, 50.754898160827878 ], [ 2.008920557307612, 50.754927384111163 ], [ 2.008944483074061, 50.754934702141789 ], [ 2.009038557426818, 50.754966006275964 ], [ 2.00906244178753, 50.754975347443221 ], [ 2.009145332296153, 50.755004520123791 ], [ 2.009177178374427, 50.75501698814697 ], [ 2.009216856102185, 50.755040730695974 ], [ 2.009276327178976, 50.755076324838626 ], [ 2.009337314397452, 50.755117016211287 ], [ 2.009359512410136, 50.755131449729717 ], [ 2.009402262167034, 50.755160302754554 ], [ 2.009448123043314, 50.755195287778605 ], [ 2.009498593532798, 50.75523945958205 ], [ 2.009522267327268, 50.755261033234568 ], [ 2.009590115947843, 50.75531959922548 ], [ 2.009709788271405, 50.755273717715085 ], [ 2.009884249428121, 50.755217078569096 ], [ 2.010068409649012, 50.755157452814686 ], [ 2.010323552867318, 50.755078027980943 ], [ 2.010391385022532, 50.755057202659742 ], [ 2.010716350001296, 50.755262379670413 ], [ 2.011383999717817, 50.754857390701872 ], [ 2.011558208833584, 50.754570640970194 ], [ 2.011725035295084, 50.75441212158109 ], [ 2.012135140162486, 50.754288109822511 ], [ 2.012191264576435, 50.754291618745562 ], [ 2.012200290243647, 50.754321204623238 ], [ 2.012235330985856, 50.754335739561789 ], [ 2.012399796863036, 50.754378792223733 ], [ 2.012436343051765, 50.754397403975858 ], [ 2.012622053747862, 50.754501715449443 ], [ 2.012737766778424, 50.754575938368269 ], [ 2.012811080319544, 50.75460196915185 ], [ 2.013230659796352, 50.754703148684548 ], [ 2.01323212660219, 50.754819114755861 ], [ 2.013224882649659, 50.755093893711432 ], [ 2.012716890571797, 50.755076349849219 ], [ 2.012378587377913, 50.754942354668245 ], [ 2.01232614481775, 50.754928493794189 ], [ 2.012216483752083, 50.754890750335868 ], [ 2.012180033473187, 50.754916752067125 ], [ 2.012159377826138, 50.754901469852335 ], [ 2.01217197533938, 50.754890677984513 ], [ 2.012156625280687, 50.754870903643841 ], [ 2.012027321417319, 50.754791216152974 ], [ 2.011878105578206, 50.754870464263817 ], [ 2.011771046417551, 50.754926640825289 ], [ 2.011490433244497, 50.75507712814769 ], [ 2.011542541780384, 50.755120311598077 ], [ 2.011391203915375, 50.755224991537986 ], [ 2.011361123634473, 50.755203368259316 ], [ 2.011198661052925, 50.755302874406233 ], [ 2.011122334925103, 50.755349101706862 ], [ 2.011067083517335, 50.755383282787058 ], [ 2.011131912976098, 50.755432654070603 ], [ 2.010946627101813, 50.755549297980565 ], [ 2.010802531579126, 50.755449378925604 ], [ 2.010760952094673, 50.755523374636731 ], [ 2.010731000583141, 50.755577098653156 ], [ 2.010662855335398, 50.755695674480386 ], [ 2.010350886866648, 50.755888680392701 ], [ 2.010387351305518, 50.755911375814534 ], [ 2.010046927519691, 50.756080727120342 ], [ 2.009948779217743, 50.756418977682699 ], [ 2.009928353623096, 50.756476861867988 ], [ 2.009876812465103, 50.756567056458039 ], [ 2.009853697464522, 50.756600470510506 ], [ 2.009749464937658, 50.756677011137384 ], [ 2.009643573253119, 50.756755599642098 ], [ 2.009040129582249, 50.757239480470226 ], [ 2.008803489438165, 50.757436144426912 ], [ 2.008785163988123, 50.75746959728113 ], [ 2.008743706791024, 50.757457052680351 ], [ 2.008606504190578, 50.757414212581736 ], [ 2.008601139707563, 50.757441661398701 ], [ 2.008594191053569, 50.757469097597273 ], [ 2.008577480735384, 50.757502563284064 ], [ 2.008536148739665, 50.757562303234344 ], [ 2.008522964662342, 50.757579497872115 ], [ 2.008452251204405, 50.757665474132367 ], [ 2.008410345582166, 50.757755744735313 ], [ 2.008403627652287, 50.757769948015259 ], [ 2.008395262088303, 50.757787200759999 ], [ 2.008385391770358, 50.757800357763827 ], [ 2.008334489998219, 50.757857979065207 ], [ 2.008186647297276, 50.758028858980175 ], [ 2.008073357980845, 50.7581572643074 ], [ 2.007991388099998, 50.758243151443182 ], [ 2.007966775278367, 50.758270446807238 ], [ 2.007914277461383, 50.758327034022095 ], [ 2.007798814741203, 50.758484955555836 ], [ 2.007685149551607, 50.758630657981421 ], [ 2.007586437666126, 50.758753052902868 ], [ 2.007464909839729, 50.758890542847332 ], [ 2.007155992730754, 50.759171124897172 ], [ 2.007075939240444, 50.759241747785282 ], [ 2.006916032828384, 50.759372844404538 ], [ 2.006743656029052, 50.75948497944664 ], [ 2.006717633894999, 50.759502592765003 ], [ 2.00618743902635, 50.759850625436243 ], [ 2.006140281573606, 50.759880803881828 ], [ 2.005963102865089, 50.759993419897654 ], [ 2.005354108576149, 50.760348969130192 ], [ 2.005336244977598, 50.760358997610474 ], [ 2.00504240500707, 50.760524642668607 ], [ 2.004792376637633, 50.760667209837393 ], [ 2.004464631733955, 50.760843794533578 ], [ 2.004385118226956, 50.760886928466775 ], [ 2.004320438579233, 50.760909838583636 ], [ 2.00414258537659, 50.760974591144766 ], [ 2.003955822124004, 50.761002610960915 ], [ 2.003921397151285, 50.760958565691269 ], [ 2.003795139394815, 50.760814651520391 ], [ 2.003122198987898, 50.760848388922803 ], [ 2.002911752255179, 50.760714272321955 ], [ 2.002786673760605, 50.760788616352265 ], [ 2.002627461267616, 50.760884052150416 ], [ 2.002351318419862, 50.76104830984066 ], [ 2.002192128391747, 50.761143244529158 ], [ 2.002060530623974, 50.761221600437018 ], [ 2.001928962131855, 50.761299957331772 ], [ 2.001785995671839, 50.761385350155905 ], [ 2.001667401303541, 50.761455681011853 ], [ 2.001556961409686, 50.761520970464495 ], [ 2.001817042990515, 50.761679836140715 ], [ 2.001673791112878, 50.761779482333971 ], [ 2.001543543857486, 50.761871084033423 ], [ 2.001465418069059, 50.761925441084387 ], [ 2.001154475362896, 50.762142857956249 ], [ 2.0010909819844, 50.762187139431724 ], [ 2.001063343376205, 50.762205259001711 ], [ 2.001029126712265, 50.762230433499134 ], [ 2.000955902141636, 50.76228074401417 ], [ 2.000845185724664, 50.76235826559374 ], [ 2.000742644375198, 50.762429724850122 ], [ 2.000711691108011, 50.762451861978555 ], [ 2.000649121692441, 50.762485039047441 ], [ 2.000524505143321, 50.762581709835196 ], [ 2.000451229467304, 50.762633040780862 ], [ 2.000426813758508, 50.76265014518011 ], [ 2.000310653108547, 50.762598314355316 ], [ 2.00005707059055, 50.762917745505924 ], [ 1.999531673413946, 50.763411754123993 ], [ 1.9991532360845, 50.763277161848443 ], [ 1.998648050797633, 50.763769847573613 ], [ 1.998552565389141, 50.763860523132294 ], [ 1.995946308938173, 50.76518641013358 ], [ 1.99552960014132, 50.765801934660693 ], [ 1.995192303849612, 50.766300644275624 ], [ 1.995016777464593, 50.766558102885966 ], [ 1.994836154649604, 50.766823148139622 ], [ 1.993628593363033, 50.768333362172427 ], [ 1.992376608904951, 50.769621211294712 ], [ 1.992334711548813, 50.769719744003282 ], [ 1.992284520644411, 50.769837612244004 ], [ 1.992259375995718, 50.76989975969127 ], [ 1.992179682302599, 50.770097599303654 ], [ 1.99215325537648, 50.77016586320449 ], [ 1.992107770888476, 50.770281787224576 ], [ 1.991952189403721, 50.770693014929336 ], [ 1.991849685923057, 50.770976367551803 ], [ 1.991805682180514, 50.77108235119654 ], [ 1.991786165046457, 50.77112265938753 ], [ 1.991940567732997, 50.771121746977947 ], [ 1.991969061073194, 50.771182826382599 ], [ 1.99191974262481, 50.77139823223694 ], [ 1.991876557426085, 50.771595465896461 ], [ 1.991837397107028, 50.77188219339623 ], [ 1.991806220158225, 50.772108978442482 ], [ 1.991770107918957, 50.772327713126337 ], [ 1.991819032272142, 50.77254875950517 ], [ 1.991850728348731, 50.772709997685553 ], [ 1.991936968106223, 50.772896605636539 ], [ 1.992022799213207, 50.772892815691691 ], [ 1.992081930537828, 50.773061724394182 ], [ 1.992536156194507, 50.773005833061092 ], [ 1.992649864414168, 50.772999885862852 ], [ 1.992545280637938, 50.773359226260602 ], [ 1.992268513136078, 50.773401576855541 ], [ 1.99239300204412, 50.77366672233417 ], [ 1.992469357920915, 50.773636465469792 ], [ 1.992817671219823, 50.774071510903376 ], [ 1.993119567115792, 50.774392972339783 ], [ 1.993368536826874, 50.774655699611557 ], [ 1.993762341078387, 50.774981325311259 ], [ 1.993609489054324, 50.775048687607338 ], [ 1.993549051407633, 50.77509623302285 ], [ 1.993575329651661, 50.775134168295885 ], [ 1.993701482588918, 50.77531701227155 ], [ 1.993947264880096, 50.775469928258985 ], [ 1.994575444204346, 50.775979248699507 ], [ 1.99461331258967, 50.775979554437932 ], [ 1.995093095212984, 50.776333320570572 ], [ 1.995362856305114, 50.776640800575933 ], [ 1.995766940540597, 50.7769939529529 ], [ 1.995664467384923, 50.77703433266533 ], [ 1.995741625025602, 50.777110299939558 ], [ 1.99589422815088, 50.777146749757406 ], [ 1.996123618253507, 50.777279325878396 ], [ 1.996334564561033, 50.777409310427473 ], [ 1.996537589428875, 50.777521930701468 ], [ 1.99673300360347, 50.777625960415335 ], [ 1.996963082796094, 50.777792878488313 ], [ 1.99718421816614, 50.777956881398666 ], [ 1.99738358196165, 50.778089414182212 ], [ 1.99755023042355, 50.778205063394743 ], [ 1.997735126994201, 50.778273747147281 ], [ 1.997832482468005, 50.778312172557214 ], [ 1.998022563962176, 50.7784588446168 ], [ 1.998190443091339, 50.778593965311472 ], [ 1.998363038110445, 50.778717730608257 ], [ 1.998580605727324, 50.77883617106454 ], [ 1.998776713756191, 50.778906044318909 ], [ 1.998910757069147, 50.778938417156034 ], [ 1.998996135254111, 50.778933417230505 ], [ 1.999041707369861, 50.778899624976738 ], [ 1.998981253844891, 50.778833545283206 ], [ 1.99890917425746, 50.778744386764927 ], [ 1.998747734601191, 50.778546589241202 ] ] ] ] } }
]
}
