{
"type": "FeatureCollection",
"name": "ZDH_Global",
"crs": { "type": "name", "properties": { "name": "urn:ogc:def:crs:OGC:1.3:CRS84" } },
"features": [
{ "type": "Feature", "properties": { "fid": 1308, "gml_id": "zdh_2008.2530", "lib_ocs": "PRAIRIES", "lib_conf": "caractère hygrophile supposé" }, "geometry": { "type": "MultiPolygon", "coordinates": [ [ [ [ 2.117053373814629, 50.88339221857688 ], [ 2.116895674043747, 50.882846536918905 ], [ 2.117889148271937, 50.882161863914547 ], [ 2.117698797738421, 50.881938923744571 ], [ 2.118729977960364, 50.879838812312244 ], [ 2.119744462030501, 50.881578361030819 ], [ 2.117949665718396, 50.88315184127579 ], [ 2.117950765788519, 50.882848614587097 ], [ 2.117053373814629, 50.88339221857688 ] ] ] ] } },
{ "type": "Feature", "properties": { "fid": 1458, "gml_id": "zdh_2008.2271", "lib_ocs": "TERRES ARABLES", "lib_conf": "caractère hygrophile supposé" }, "geometry": { "type": "MultiPolygon", "coordinates": [ [ [ [ 2.104394650393894, 50.870785849227133 ], [ 2.107410747138877, 50.875006287489896 ], [ 2.108631906360217, 50.876840996872794 ], [ 2.109801878694362, 50.878610495038728 ], [ 2.111060281737845, 50.880159240736482 ], [ 2.112407888103276, 50.881321553191626 ], [ 2.113928865560172, 50.882760307861155 ], [ 2.114968868773064, 50.88439143817515 ], [ 2.115747410105572, 50.885939231993234 ], [ 2.117565313837655, 50.886819497749386 ], [ 2.11837242402925, 50.886438363451695 ], [ 2.118369777821632, 50.88642757909966 ], [ 2.118352292481085, 50.886373627287767 ], [ 2.11834687340672, 50.88635923479481 ], [ 2.11844113338919, 50.886322220698325 ], [ 2.118605000390271, 50.886359263412324 ], [ 2.118612090921158, 50.886359313478167 ], [ 2.118676242331499, 50.885697677809056 ], [ 2.118233300592701, 50.884035736410098 ], [ 2.120378533821019, 50.882213523920228 ], [ 2.121578041158525, 50.884006569615146 ], [ 2.122420169090209, 50.883112290653138 ], [ 2.122543612851122, 50.882804729416037 ], [ 2.122583443227549, 50.882717089388947 ], [ 2.122679331764634, 50.882506037590446 ], [ 2.12269437827596, 50.882456800457398 ], [ 2.122815726203475, 50.882088030090912 ], [ 2.123034422102166, 50.881424782813092 ], [ 2.123226709184122, 50.880973075377717 ], [ 2.12379961112644, 50.880327564914104 ], [ 2.124541318777131, 50.879516366066717 ], [ 2.126070451797468, 50.877789306226099 ], [ 2.126489378901589, 50.876700407074168 ], [ 2.126504664679054, 50.876556072718529 ], [ 2.126700102128627, 50.875353462320014 ], [ 2.12684195996024, 50.87478207109806 ], [ 2.126869479964354, 50.874586684100827 ], [ 2.126896999753214, 50.874391297038123 ], [ 2.127056125004735, 50.873724029963263 ], [ 2.127200003053568, 50.873117661994876 ], [ 2.127212238163236, 50.873066609673025 ], [ 2.127646405111263, 50.87175082477517 ], [ 2.127936854632145, 50.871113181043285 ], [ 2.12805332842261, 50.87085740752574 ], [ 2.128139875614262, 50.870772782138324 ], [ 2.128184621549816, 50.870727339648028 ], [ 2.128215456862384, 50.870666548247414 ], [ 2.128717530491419, 50.870413467300665 ], [ 2.127560073085835, 50.86971187528647 ], [ 2.127555820179406, 50.869711845551187 ], [ 2.125512688057765, 50.868500729818329 ], [ 2.125552490774057, 50.868494728623887 ], [ 2.125527225162894, 50.868480196956646 ], [ 2.128660715853306, 50.868061610959508 ], [ 2.130539561044538, 50.867799288110746 ], [ 2.13023331174485, 50.868288798912857 ], [ 2.129899106466759, 50.86883642920521 ], [ 2.129287587789833, 50.869838778188743 ], [ 2.129311996309804, 50.870146674424312 ], [ 2.129475244665722, 50.87013525316604 ], [ 2.129534848390628, 50.87013208032721 ], [ 2.129625780733011, 50.870122435729925 ], [ 2.129718137505451, 50.870053265436368 ], [ 2.130494922736885, 50.869914288364228 ], [ 2.132377812624724, 50.869777703652716 ], [ 2.137699550673526, 50.86992706892017 ], [ 2.145018055679856, 50.869868944048093 ], [ 2.147995223512583, 50.867516251243153 ], [ 2.147732679805896, 50.863832307064563 ], [ 2.146296062776224, 50.863839449071499 ], [ 2.145634944221085, 50.863951555310088 ], [ 2.145583654345794, 50.86396645591109 ], [ 2.145527308112859, 50.863945435202027 ], [ 2.145526633176251, 50.863984905905639 ], [ 2.14552533894771, 50.864392210491651 ], [ 2.145524875901922, 50.864585097961182 ], [ 2.145521190992447, 50.864551877595559 ], [ 2.145270448250014, 50.864541188462518 ], [ 2.14526194329642, 50.864541130198539 ], [ 2.145277913480677, 50.864436271204589 ], [ 2.145394645678676, 50.863661919057449 ], [ 2.144735805262084, 50.86347527953027 ], [ 2.144491751557188, 50.863405421583394 ], [ 2.144707145415924, 50.862913456099704 ], [ 2.14471306085997, 50.862899141962615 ], [ 2.144739557490199, 50.862841904841638 ], [ 2.143525291401573, 50.862557247154477 ], [ 2.143500038942058, 50.862541821929561 ], [ 2.142345211246142, 50.864824356728981 ], [ 2.143956827543557, 50.865088425128377 ], [ 2.145005656698392, 50.865517284151416 ], [ 2.144926236008351, 50.866347513602641 ], [ 2.144476429352701, 50.86637044797893 ], [ 2.144516974753552, 50.865658377945536 ], [ 2.142691547826151, 50.865873728414797 ], [ 2.141809446373182, 50.867789387425944 ], [ 2.141097157411147, 50.867740525471419 ], [ 2.141847563380467, 50.865982763534774 ], [ 2.141291967015847, 50.866056994308828 ], [ 2.141204341979538, 50.866041139432681 ], [ 2.137202709517144, 50.866666667849366 ], [ 2.138192509717165, 50.865009267613353 ], [ 2.138524815671889, 50.864153871304467 ], [ 2.140499430594905, 50.864658239847365 ], [ 2.141220596273727, 50.864682943370745 ], [ 2.141222060020131, 50.864680261947598 ], [ 2.141746579587418, 50.864681179609406 ], [ 2.143237716229444, 50.862380324735959 ], [ 2.141745131339733, 50.861463924451236 ], [ 2.139837243970364, 50.857418887236761 ], [ 2.138956190713273, 50.856725571602716 ], [ 2.138213239596707, 50.857724382116984 ], [ 2.136940042634406, 50.857414128899272 ], [ 2.137392771511703, 50.856560455996103 ], [ 2.135592052734402, 50.855610439474852 ], [ 2.135368160878933, 50.855361266264211 ], [ 2.135116977826458, 50.854969251670894 ], [ 2.133375593067868, 50.854363232048968 ], [ 2.130164658983662, 50.853826797607972 ], [ 2.129354862044508, 50.853691953751117 ], [ 2.124807307779649, 50.853407124210612 ], [ 2.122006367501846, 50.85414825232067 ], [ 2.12229649394799, 50.854737948700674 ], [ 2.119897091026319, 50.854805378106732 ], [ 2.119110809171366, 50.85454323381758 ], [ 2.118998591148539, 50.854637542692501 ], [ 2.118437422870307, 50.85447029079193 ], [ 2.119026377545221, 50.853865264093734 ], [ 2.117722846073972, 50.853117668145075 ], [ 2.114143201612078, 50.851726779690814 ], [ 2.10995175481139, 50.850003048278523 ], [ 2.10926914904283, 50.849417692908666 ], [ 2.110120947495841, 50.848460189053469 ], [ 2.109134394810556, 50.847992886331724 ], [ 2.108600711999185, 50.847720812354972 ], [ 2.108304640509336, 50.848031816504964 ], [ 2.108087844504466, 50.847950416140087 ], [ 2.107061587588141, 50.847565354372357 ], [ 2.10736723198593, 50.84711535626024 ], [ 2.106586071092643, 50.846735632643188 ], [ 2.103749788886267, 50.845659282751164 ], [ 2.10308243508031, 50.845178970419497 ], [ 2.101863671934204, 50.846443322351099 ], [ 2.101418477441257, 50.846139554705559 ], [ 2.101769292150465, 50.845938418098143 ], [ 2.101323747932168, 50.845654385667913 ], [ 2.102443045960128, 50.844720388099525 ], [ 2.102255578848645, 50.844585356151981 ], [ 2.101481671387853, 50.843806396821996 ], [ 2.101240898691128, 50.843168546690777 ], [ 2.100702188187565, 50.842157105571296 ], [ 2.09939749599287, 50.841427236125512 ], [ 2.097230257123998, 50.84075570939136 ], [ 2.096466371434753, 50.840370659214727 ], [ 2.095544766849364, 50.839540343021824 ], [ 2.09500255678765, 50.83935696777688 ], [ 2.094491321170084, 50.839497706810192 ], [ 2.093712295951975, 50.839012041528051 ], [ 2.093620582589739, 50.839068796230258 ], [ 2.092839593830875, 50.839551197968106 ], [ 2.093412988087279, 50.839968083037583 ], [ 2.093918964008808, 50.840665300645803 ], [ 2.094130563591913, 50.840874092338716 ], [ 2.094195189809338, 50.841061180408431 ], [ 2.094030112588349, 50.841256469070302 ], [ 2.093824264738552, 50.841199346743323 ], [ 2.092435536887643, 50.840812421542402 ], [ 2.092422850748137, 50.840808740393179 ], [ 2.092547449845674, 50.8413605310216 ], [ 2.094321023539034, 50.841858811731328 ], [ 2.094259498117996, 50.841891561424283 ], [ 2.092907416707635, 50.842607571453854 ], [ 2.094283002162824, 50.844192158226839 ], [ 2.095807903271222, 50.845909696038454 ], [ 2.097207251091217, 50.845403944496546 ], [ 2.097431062271479, 50.845566162909527 ], [ 2.096709839561722, 50.846345092150067 ], [ 2.096551518644742, 50.846401366005594 ], [ 2.097327486814396, 50.847142685751059 ], [ 2.097167268415468, 50.847303918513425 ], [ 2.097356998215762, 50.847627384984058 ], [ 2.097004736892477, 50.847828498395835 ], [ 2.097002739818663, 50.848252857066271 ], [ 2.096232468254576, 50.849547311578569 ], [ 2.097218828759399, 50.849628024607881 ], [ 2.097217976300995, 50.849910634027601 ], [ 2.097983630075825, 50.849891949301146 ], [ 2.098011025132752, 50.851044141013318 ], [ 2.098871975177721, 50.851086251592967 ], [ 2.09906363380184, 50.85114685065156 ], [ 2.098743126666129, 50.851550962261882 ], [ 2.098391333133545, 50.851489205347832 ], [ 2.097905339576338, 50.852031182680506 ], [ 2.098142131125473, 50.852182725531812 ], [ 2.098580319794909, 50.851933782867469 ], [ 2.098867207727242, 50.852136826143912 ], [ 2.100531119972965, 50.851271384816222 ], [ 2.101232108352042, 50.851697219685661 ], [ 2.101744579828055, 50.851414707890058 ], [ 2.102738071651352, 50.852048096400708 ], [ 2.103250963152318, 50.852373875343261 ], [ 2.103784429759756, 50.85210586144612 ], [ 2.10511029211558, 50.852938998867288 ], [ 2.105472906049028, 50.852634761842658 ], [ 2.106588457791369, 50.8532627129415 ], [ 2.106875831139908, 50.853202865027527 ], [ 2.106937757413897, 50.853465286761391 ], [ 2.108827418506495, 50.852095339696888 ], [ 2.109557733236693, 50.853107198967578 ], [ 2.108349022956162, 50.853806444231843 ], [ 2.10689537286356, 50.854647473319382 ], [ 2.106809442856906, 50.85469710037875 ], [ 2.10690012797673, 50.854698646868663 ], [ 2.108615227159318, 50.856682024830079 ], [ 2.108595177488644, 50.856693544918357 ], [ 2.10964948687131, 50.858061199417364 ], [ 2.108528559382235, 50.858441672785517 ], [ 2.108095495701134, 50.85864133975646 ], [ 2.108317632050156, 50.858823260580621 ], [ 2.109948167660843, 50.858402464408833 ], [ 2.111218926080197, 50.859798560848638 ], [ 2.109428491971617, 50.860281033964689 ], [ 2.109772040234037, 50.860730279463446 ], [ 2.110000603378509, 50.861029772392698 ], [ 2.111950188469562, 50.860447043617704 ], [ 2.112562058363117, 50.861194258475976 ], [ 2.114568648768184, 50.860593053908325 ], [ 2.114822298521583, 50.861078431030073 ], [ 2.113733911089523, 50.861460974805837 ], [ 2.114081009161638, 50.862512235502848 ], [ 2.113026681650983, 50.86257113517285 ], [ 2.111413639943092, 50.862799202200016 ], [ 2.111397840772691, 50.862810752915188 ], [ 2.109639629351644, 50.863070061205782 ], [ 2.109955178197347, 50.863898607758799 ], [ 2.109794558446093, 50.864161230080754 ], [ 2.110782541228746, 50.864486770878237 ], [ 2.110172430284391, 50.865152606923573 ], [ 2.110396020646971, 50.865334532318329 ], [ 2.109531527770527, 50.865636094444241 ], [ 2.109879347576129, 50.866404757865382 ], [ 2.11087256886806, 50.865880716162003 ], [ 2.111095045207121, 50.866205281798237 ], [ 2.109716829514147, 50.867091725543311 ], [ 2.108925090381069, 50.865776209068883 ], [ 2.108643062587904, 50.865453008149416 ], [ 2.106174702062657, 50.86649221442822 ], [ 2.10614336109431, 50.866579912360571 ], [ 2.10539058685468, 50.866973756910888 ], [ 2.106704105828813, 50.86955175222247 ], [ 2.105836437531472, 50.870579966573466 ], [ 2.106377107791229, 50.871187629565789 ], [ 2.10500247404156, 50.871386816455249 ], [ 2.104367202328699, 50.870678883618552 ], [ 2.10529648722038, 50.86993283055083 ], [ 2.10385838338121, 50.868138947454845 ], [ 2.103228790665488, 50.868648437025143 ], [ 2.104394650393894, 50.870785849227133 ] ], [ [ 2.118056776725996, 50.873230118191351 ], [ 2.118698058099797, 50.872725960535369 ], [ 2.118187676557175, 50.872401172481908 ], [ 2.12049640068018, 50.870284020710173 ], [ 2.121451962142679, 50.870851477284383 ], [ 2.118534209607843, 50.873574411022084 ], [ 2.118056776725996, 50.873230118191351 ] ], [ [ 2.116895674043747, 50.882846536918905 ], [ 2.117889148271937, 50.882161863914547 ], [ 2.117698797738421, 50.881938923744571 ], [ 2.118729977960364, 50.879838812312244 ], [ 2.119744462030501, 50.881578361030819 ], [ 2.117949665718396, 50.88315184127579 ], [ 2.117950765788519, 50.882848614587097 ], [ 2.117053373814629, 50.88339221857688 ], [ 2.116895674043747, 50.882846536918905 ] ], [ [ 2.136911056147444, 50.864673841193884 ], [ 2.135112807839441, 50.864219982543169 ], [ 2.135491275194643, 50.863485133504454 ], [ 2.134928306247203, 50.86341304655592 ], [ 2.13462710183314, 50.863697154479731 ], [ 2.134328619254951, 50.863578451963463 ], [ 2.134139810314867, 50.863839114921028 ], [ 2.133165974534494, 50.863670862514525 ], [ 2.133542413193137, 50.86305443084828 ], [ 2.134442530685304, 50.863222169149815 ], [ 2.134555601543274, 50.862914327360748 ], [ 2.135155014276497, 50.863009995115803 ], [ 2.135343411219277, 50.862772653895 ], [ 2.135793138987605, 50.862916625449166 ], [ 2.135566224586412, 50.863413879338033 ], [ 2.137476219920379, 50.863962707360677 ], [ 2.136911056147444, 50.864673841193884 ] ], [ [ 2.11682660920985, 50.877127628587296 ], [ 2.116856355714513, 50.877370070009171 ], [ 2.116052892972678, 50.878540546370814 ], [ 2.115039338904403, 50.876599105341064 ], [ 2.115712976877912, 50.875953444345917 ], [ 2.116572848636532, 50.87672301129048 ], [ 2.11679619683466, 50.876521835660299 ], [ 2.117083333915674, 50.876562444947773 ], [ 2.118110783947118, 50.875391747466885 ], [ 2.11843050221913, 50.875514224997765 ], [ 2.11682660920985, 50.877127628587296 ] ], [ [ 2.119457909525896, 50.874182026618982 ], [ 2.121833336486126, 50.871417577915061 ], [ 2.123871808945443, 50.872815324124794 ], [ 2.123518406639433, 50.873077503680257 ], [ 2.121831547976424, 50.871922665684451 ], [ 2.120834721306256, 50.873537707236117 ], [ 2.120387034217319, 50.873435865251302 ], [ 2.119713117480138, 50.874263673935985 ], [ 2.119457909525896, 50.874182026618982 ] ], [ [ 2.126656165727203, 50.860914212975239 ], [ 2.126958765783735, 50.860227301630125 ], [ 2.127895919606579, 50.860299349991472 ], [ 2.129318084545058, 50.860847587414248 ], [ 2.128601750350646, 50.861606079800886 ], [ 2.126656165727203, 50.860914212975239 ] ], [ [ 2.119224751771277, 50.869150010447257 ], [ 2.116700028311577, 50.869610351464708 ], [ 2.116606898139893, 50.869023844965014 ], [ 2.117856392724567, 50.868116680698002 ], [ 2.119224751771277, 50.869150010447257 ] ], [ [ 2.111687310642138, 50.876431746446585 ], [ 2.114089665430905, 50.874737949992344 ], [ 2.114376004910123, 50.875142805005048 ], [ 2.112164396477648, 50.876715053159849 ], [ 2.111687310642138, 50.876431746446585 ] ] ] ] } },
{ "type": "Feature", "properties": { "fid": 1468, "gml_id": "zdh_2008.2414", "lib_ocs": "ZONES BATIES", "lib_conf": "zone non humide (zones urbaines, artificialisées)" }, "geometry": { "type": "MultiPolygon", "coordinates": [ [ [ [ 2.11775099431572, 50.886909404687955 ], [ 2.119148801159752, 50.886718679399493 ], [ 2.119244613441928, 50.886573699301167 ], [ 2.119242472755543, 50.886562927678398 ], [ 2.119053705634621, 50.886570567008434 ], [ 2.118955960642398, 50.886644339621064 ], [ 2.118722060360354, 50.886718048109273 ], [ 2.118616787324674, 50.886736144738975 ], [ 2.11841005689237, 50.886556154374667 ], [ 2.11837242402925, 50.886438363451695 ], [ 2.117565313837655, 50.886819497749386 ], [ 2.11775099431572, 50.886909404687955 ] ] ] ] } },
{ "type": "Feature", "properties": { "fid": 1716, "gml_id": "zdh_2008.2470", "lib_ocs": "PRAIRIES", "lib_conf": "caractère hygrophile supposé" }, "geometry": { "type": "MultiPolygon", "coordinates": [ [ [ [ 2.121386517769665, 50.884209948167175 ], [ 2.121578041158525, 50.884006569615146 ], [ 2.120378533821019, 50.882213523920228 ], [ 2.118233300592701, 50.884035736410098 ], [ 2.118676242331499, 50.885697677809056 ], [ 2.118612090921158, 50.886359313478167 ], [ 2.118839146173434, 50.886351945104153 ], [ 2.119135357666722, 50.88612257395409 ], [ 2.119177067875618, 50.886089674147506 ], [ 2.119281917756225, 50.886015054298362 ], [ 2.119309225383604, 50.88599461277002 ], [ 2.1193594755737, 50.885959978872002 ], [ 2.119451925806679, 50.88586463718778 ], [ 2.119683780185225, 50.885665313332829 ], [ 2.120125699029848, 50.885134631006082 ], [ 2.120268086897382, 50.8851831830371 ], [ 2.120732128369095, 50.88476479673438 ], [ 2.121316405518389, 50.884274771001451 ], [ 2.121386517769665, 50.884209948167175 ] ] ] ] } },
{ "type": "Feature", "properties": { "fid": 1827, "gml_id": "zdh_2008.1446", "lib_ocs": "EAUX COURANTES", "lib_conf": "eaux libres" }, "geometry": { "type": "MultiPolygon", "coordinates": [ [ [ [ 2.119896076014736, 50.885587901717663 ], [ 2.121316405518389, 50.884274771001451 ], [ 2.120732128369095, 50.88476479673438 ], [ 2.120268086897382, 50.8851831830371 ], [ 2.120125699029848, 50.885134631006082 ], [ 2.119683780185225, 50.885665313332829 ], [ 2.119451925806679, 50.88586463718778 ], [ 2.1193594755737, 50.885959978872002 ], [ 2.119309225383604, 50.88599461277002 ], [ 2.119281917756225, 50.886015054298362 ], [ 2.119177067875618, 50.886089674147506 ], [ 2.119135357666722, 50.88612257395409 ], [ 2.118839146173434, 50.886351945104153 ], [ 2.118612090921158, 50.886359313478167 ], [ 2.118605000390271, 50.886359263412324 ], [ 2.11844113338919, 50.886322220698325 ], [ 2.11834687340672, 50.88635923479481 ], [ 2.118352292481085, 50.886373627287767 ], [ 2.118369777821632, 50.88642757909966 ], [ 2.11837242402925, 50.886438363451695 ], [ 2.11841005689237, 50.886556154374667 ], [ 2.118616787324674, 50.886736144738975 ], [ 2.118722060360354, 50.886718048109273 ], [ 2.118955960642398, 50.886644339621064 ], [ 2.119053705634621, 50.886570567008434 ], [ 2.119242472755543, 50.886562927678398 ], [ 2.119244613441928, 50.886573699301167 ], [ 2.119896076014736, 50.885587901717663 ] ] ], [ [ [ 2.122658498562714, 50.882859194917636 ], [ 2.123582082598793, 50.88131450932886 ], [ 2.124593024549283, 50.879742357907304 ], [ 2.125865285042736, 50.878281114158561 ], [ 2.126611414264285, 50.877343580904807 ], [ 2.127055900528321, 50.875521881150952 ], [ 2.127723172992454, 50.872651258416369 ], [ 2.128559841629561, 50.87094069151297 ], [ 2.129086607952657, 50.870508687285977 ], [ 2.129428795761482, 50.870269966067625 ], [ 2.129625780733011, 50.870122435729925 ], [ 2.129534848390628, 50.87013208032721 ], [ 2.129475244665722, 50.87013525316604 ], [ 2.129311996309804, 50.870146674424312 ], [ 2.129235349506795, 50.870151522547033 ], [ 2.12885199446491, 50.870345324812021 ], [ 2.128717530491419, 50.870413467300665 ], [ 2.128215456862384, 50.870666548247414 ], [ 2.128184621549816, 50.870727339648028 ], [ 2.128139875614262, 50.870772782138324 ], [ 2.12805332842261, 50.87085740752574 ], [ 2.127936854632145, 50.871113181043285 ], [ 2.127646405111263, 50.87175082477517 ], [ 2.127212238163236, 50.873066609673025 ], [ 2.127200003053568, 50.873117661994876 ], [ 2.127056125004735, 50.873724029963263 ], [ 2.126896999753214, 50.874391297038123 ], [ 2.126869479964354, 50.874586684100827 ], [ 2.12684195996024, 50.87478207109806 ], [ 2.126700102128627, 50.875353462320014 ], [ 2.126504664679054, 50.876556072718529 ], [ 2.126489378901589, 50.876700407074168 ], [ 2.126070451797468, 50.877789306226099 ], [ 2.124541318777131, 50.879516366066717 ], [ 2.12379961112644, 50.880327564914104 ], [ 2.123226709184122, 50.880973075377717 ], [ 2.123034422102166, 50.881424782813092 ], [ 2.122815726203475, 50.882088030090912 ], [ 2.12269437827596, 50.882456800457398 ], [ 2.122679331764634, 50.882506037590446 ], [ 2.122583443227549, 50.882717089388947 ], [ 2.122543612851122, 50.882804729416037 ], [ 2.122420169090209, 50.883112290653138 ], [ 2.122658498562714, 50.882859194917636 ] ] ] ] } },
{ "type": "Feature", "properties": { "fid": 2566, "gml_id": "zdh_2008.3202", "lib_ocs": "PRAIRIES", "lib_conf": "caractère hygrophile très probable" }, "geometry": { "type": "MultiPolygon", "coordinates": [ [ [ [ 2.036639746185597, 50.804259381992125 ], [ 2.035161053431537, 50.803767007482485 ], [ 2.034539305369861, 50.803627601891492 ], [ 2.034203743743978, 50.803553220236815 ], [ 2.033278882813934, 50.803345958115621 ], [ 2.033593563792993, 50.802741847706983 ], [ 2.0336141809022, 50.802700733380782 ], [ 2.033608535360439, 50.802699792328575 ], [ 2.033322306046458, 50.802637455203033 ], [ 2.032759724855429, 50.802514650154301 ], [ 2.032745619765433, 50.802511848860007 ], [ 2.032534103536804, 50.802759646700721 ], [ 2.032515282868029, 50.80278103494922 ], [ 2.031323038210649, 50.802490030203302 ], [ 2.031269484368864, 50.802477052116046 ], [ 2.031289860115813, 50.802448497999798 ], [ 2.031401961041773, 50.802289656014992 ], [ 2.031211830949157, 50.802237033642946 ], [ 2.030776655066109, 50.802116107301948 ], [ 2.030528778148541, 50.802047781107937 ], [ 2.029927423255126, 50.801880695250745 ], [ 2.02988223222876, 50.801947638467915 ], [ 2.029762787806345, 50.802119881026648 ], [ 2.029562732793917, 50.80206807608878 ], [ 2.029179507918615, 50.801969980396315 ], [ 2.029025945695822, 50.801930201299562 ], [ 2.02895649506613, 50.80200682507536 ], [ 2.028720581781797, 50.802270577436722 ], [ 2.028662132331311, 50.802218080295475 ], [ 2.028220494108898, 50.802065690231892 ], [ 2.02774488192782, 50.801913033448102 ], [ 2.027198790492281, 50.801889928406069 ], [ 2.025492097651582, 50.802425719600322 ], [ 2.025249155269035, 50.802467785387336 ], [ 2.025117476871189, 50.802467652456961 ], [ 2.023687845480248, 50.802226758087393 ], [ 2.021926765705764, 50.802210254657147 ], [ 2.021098938169263, 50.801895990526134 ], [ 2.021073403062959, 50.80189848171409 ], [ 2.020153284033439, 50.801959441675159 ], [ 2.020172619146343, 50.801912038476019 ], [ 2.01969558699223, 50.801399534523185 ], [ 2.019652491961107, 50.80135881831513 ], [ 2.019632268214083, 50.801379296393193 ], [ 2.01914316511652, 50.801338658946321 ], [ 2.018671429879735, 50.801206634820467 ], [ 2.018468437443655, 50.801016609121582 ], [ 2.01828175053126, 50.800717244471748 ], [ 2.017605469189156, 50.800475034460796 ], [ 2.017998008931551, 50.800096788559401 ], [ 2.018612790113048, 50.799504049378029 ], [ 2.018667639449171, 50.799450645057512 ], [ 2.018620511208458, 50.799399129313201 ], [ 2.018375376866448, 50.79904815906324 ], [ 2.017964166358181, 50.798574747233545 ], [ 2.017951707689269, 50.798560292650343 ], [ 2.018044214410517, 50.798535898114501 ], [ 2.018266395137354, 50.798396777044374 ], [ 2.018404536850759, 50.798211232482892 ], [ 2.020503458792283, 50.799260513078401 ], [ 2.021189307580219, 50.798506810240156 ], [ 2.023098685660437, 50.79933293070512 ], [ 2.023036911274085, 50.799596244252584 ], [ 2.023012950710476, 50.799590672738141 ], [ 2.022921643245195, 50.799771205576342 ], [ 2.022560327976771, 50.799712740710405 ], [ 2.022421869920597, 50.800132474662512 ], [ 2.022855088069473, 50.800206757405469 ], [ 2.022935604619694, 50.800216361551769 ], [ 2.022904895056695, 50.800266367888611 ], [ 2.022884375264009, 50.800302097795765 ], [ 2.022872699709139, 50.800319951645129 ], [ 2.023156001392953, 50.800385879330051 ], [ 2.023098536922361, 50.80079099496151 ], [ 2.022564251195399, 50.801541408416838 ], [ 2.022609307683311, 50.801554323633191 ], [ 2.023270043354101, 50.801651923653715 ], [ 2.023327876317359, 50.801663144223433 ], [ 2.023376657513192, 50.801630327645015 ], [ 2.023564545688934, 50.801507079838444 ], [ 2.023592281601681, 50.801536907070108 ], [ 2.023647458194119, 50.801539133988065 ], [ 2.023753988645038, 50.801376665761651 ], [ 2.023921512986205, 50.801281073172916 ], [ 2.024072102757399, 50.801109977077651 ], [ 2.024097796394291, 50.801026732262457 ], [ 2.02410387899618, 50.801005245434716 ], [ 2.024178684892722, 50.800872138148286 ], [ 2.024194713538098, 50.800776255810767 ], [ 2.024166174384351, 50.800715017938352 ], [ 2.023800741856191, 50.80072202528698 ], [ 2.023819968023227, 50.800680004229825 ], [ 2.024155158735407, 50.800118246850985 ], [ 2.024252057721474, 50.799795988185373 ], [ 2.024292938793559, 50.79965992309873 ], [ 2.023528626543388, 50.799502296358163 ], [ 2.023503250345627, 50.799496713842416 ], [ 2.02352525501731, 50.799457406345752 ], [ 2.023786463777315, 50.798841232735548 ], [ 2.023845851195014, 50.79877260805246 ], [ 2.023855725421349, 50.798774479961502 ], [ 2.024353457105916, 50.798879770427078 ], [ 2.024529708452301, 50.798917041398212 ], [ 2.02560836891826, 50.799145313690239 ], [ 2.025664766425211, 50.799157419282515 ], [ 2.026837917525169, 50.799405262368779 ], [ 2.026839315700205, 50.799406170561078 ], [ 2.026843562567905, 50.799406203732495 ], [ 2.028890400761286, 50.799721862792111 ], [ 2.029834797405936, 50.799866502497089 ], [ 2.029833645456457, 50.800071968406002 ], [ 2.029674899855523, 50.800445790998324 ], [ 2.029805772789394, 50.800487187280886 ], [ 2.030252006673082, 50.800548086465852 ], [ 2.030953832806553, 50.800644171149564 ], [ 2.031280033624457, 50.800688879420179 ], [ 2.031389768219457, 50.800505792380918 ], [ 2.0314673861188, 50.800518957535552 ], [ 2.031954445426807, 50.800811663332126 ], [ 2.032040332320428, 50.800836556858023 ], [ 2.031847667011973, 50.801134747617255 ], [ 2.031825841727468, 50.801165085148511 ], [ 2.031913804409508, 50.801155898679589 ], [ 2.032180176559733, 50.801146303562234 ], [ 2.032413172770219, 50.801178620296696 ], [ 2.033011032002301, 50.801233508713935 ], [ 2.03334293036013, 50.801350037147877 ], [ 2.033575103542217, 50.801571668768872 ], [ 2.033820775507437, 50.802120906969378 ], [ 2.033807306611353, 50.802158487726956 ], [ 2.034053391828632, 50.802246533321551 ], [ 2.034102716349321, 50.802258580160988 ], [ 2.034358058627069, 50.802307217174025 ], [ 2.034335324807486, 50.802237951470978 ], [ 2.034140823561019, 50.801604767981608 ], [ 2.034055029825809, 50.801428238463153 ], [ 2.034025062553861, 50.801366991935311 ], [ 2.034069134683659, 50.801431039613902 ], [ 2.036227521050904, 50.802063278748854 ], [ 2.039460788485513, 50.802762092537293 ], [ 2.039521302810782, 50.802781401589414 ], [ 2.039595888296885, 50.802805305395239 ], [ 2.043660248625063, 50.804105297142364 ], [ 2.043498236357189, 50.804284403355332 ], [ 2.044249134478079, 50.804706494763842 ], [ 2.044518102438754, 50.804858400189204 ], [ 2.045060273504951, 50.805163138872118 ], [ 2.044985967489534, 50.805198459836177 ], [ 2.044961676432863, 50.805209938054411 ], [ 2.044784354541798, 50.80507847601541 ], [ 2.044766120591723, 50.805069363624405 ], [ 2.044568583449873, 50.805180904048818 ], [ 2.044484160927397, 50.805226914277959 ], [ 2.044665849850061, 50.805352129371919 ], [ 2.044756694652405, 50.805414736810555 ], [ 2.045006348156284, 50.805243479080481 ], [ 2.045531280046126, 50.805561542263142 ], [ 2.045417556336706, 50.805807417669882 ], [ 2.045546415030886, 50.806030027926766 ], [ 2.045551907144222, 50.806039042590804 ], [ 2.045733772798842, 50.806155284687406 ], [ 2.046018156036948, 50.806316277085365 ], [ 2.046141380093256, 50.806389001128267 ], [ 2.046780914017722, 50.806638846613197 ], [ 2.046868604696257, 50.806792948593717 ], [ 2.0469535548539, 50.806793598333336 ], [ 2.046574466703758, 50.806846328463273 ], [ 2.04656059579917, 50.806905441388345 ], [ 2.046532631630037, 50.80703532987372 ], [ 2.04653127774632, 50.80718067532456 ], [ 2.046319950396156, 50.807346845409349 ], [ 2.046570857545887, 50.807481559516084 ], [ 2.046448218613889, 50.807600853638675 ], [ 2.046337258103207, 50.80785033928926 ], [ 2.046229183204442, 50.808022682753581 ], [ 2.046168612394101, 50.807931596193946 ], [ 2.046120442498752, 50.807858549658242 ], [ 2.045724983716533, 50.80795242569895 ], [ 2.045658369445264, 50.80795550458997 ], [ 2.045159634694668, 50.807821581815517 ], [ 2.04533664988194, 50.807598623689799 ], [ 2.044999600963259, 50.807451582613915 ], [ 2.044922259892698, 50.807423174876654 ], [ 2.044902198175913, 50.807435582725411 ], [ 2.044594627492991, 50.807302225303786 ], [ 2.044293443144765, 50.80750179881111 ], [ 2.043984285654008, 50.807747967774212 ], [ 2.043778804319084, 50.807681788641069 ], [ 2.043767271673401, 50.807692467237132 ], [ 2.041941576790713, 50.806307432711478 ], [ 2.041128320996185, 50.805813965055265 ], [ 2.040908550137133, 50.80568127364586 ], [ 2.038558847768619, 50.804898699237697 ], [ 2.038492737096046, 50.804875757565355 ], [ 2.039897509275444, 50.803172816597879 ], [ 2.039763420089474, 50.803003097583854 ], [ 2.039480653555581, 50.802981178306133 ], [ 2.037490524167823, 50.803166808340237 ], [ 2.036639746185597, 50.804259381992125 ] ] ] ] } },
{ "type": "Feature", "properties": { "fid": 2580, "gml_id": "zdh_2008.3437", "lib_ocs": "PRAIRIES", "lib_conf": "caractère hygrophile très probable" }, "geometry": { "type": "MultiPolygon", "coordinates": [ [ [ [ 1.953688418202363, 50.787953417565681 ], [ 1.953687049111984, 50.788018908797589 ], [ 1.953683726723218, 50.788448686327058 ], [ 1.953155537107472, 50.78859319971329 ], [ 1.952794613089816, 50.788726555030642 ], [ 1.952380888878657, 50.788880103055106 ], [ 1.951888718775176, 50.789061703134678 ], [ 1.951105488903972, 50.789352115438405 ], [ 1.950947128408701, 50.78941090069948 ], [ 1.950611964899571, 50.789462812628599 ], [ 1.949761286900946, 50.789593826797265 ], [ 1.947996001210642, 50.789866065395515 ], [ 1.947791495173996, 50.7898975380376 ], [ 1.947163690034711, 50.789998114270489 ], [ 1.947017400584335, 50.790021104723209 ], [ 1.946994320081399, 50.790243438967359 ], [ 1.94698156243359, 50.79037882274617 ], [ 1.946440049367257, 50.790414622194191 ], [ 1.946194816071991, 50.790430493722376 ], [ 1.946214628245028, 50.790565255636167 ], [ 1.945800383091308, 50.790540215506624 ], [ 1.945397442266679, 50.790516166995587 ], [ 1.945260285435837, 50.790508724657357 ], [ 1.94530504654724, 50.790064044928464 ], [ 1.944350854522544, 50.789866632584996 ], [ 1.94442529573122, 50.78962589061944 ], [ 1.944454025991437, 50.789471799003664 ], [ 1.944482737154605, 50.789318604481942 ], [ 1.944202039156885, 50.789204063429736 ], [ 1.943809726742268, 50.789012305056929 ], [ 1.94362478050368, 50.788921904233177 ], [ 1.943602078786449, 50.788924403598486 ], [ 1.943338206670759, 50.788951776283426 ], [ 1.943264440197318, 50.788959226182449 ], [ 1.942883949796642, 50.78894523010154 ], [ 1.942925490555574, 50.788653960715507 ], [ 1.942526799560316, 50.788563538681665 ], [ 1.94252223143579, 50.788578753976196 ], [ 1.942309223087565, 50.788543745385319 ], [ 1.942025523016886, 50.789442223354364 ], [ 1.940554870679517, 50.789302307475729 ], [ 1.940528036631788, 50.789299387348073 ], [ 1.940515374745614, 50.7892956904602 ], [ 1.940523333936867, 50.789187185102257 ], [ 1.940435346723715, 50.789130804208703 ], [ 1.940260104354799, 50.789050351182496 ], [ 1.940161108687258, 50.788778524776838 ], [ 1.9379493804581, 50.789008238348067 ], [ 1.937955841244802, 50.788970606888157 ], [ 1.938104887971803, 50.788217248946616 ], [ 1.938106550699676, 50.788205598224756 ], [ 1.938706487102537, 50.788284289888935 ], [ 1.938768276559642, 50.788240848658958 ], [ 1.939189325416637, 50.787943839789385 ], [ 1.938838853559008, 50.787782929683125 ], [ 1.938814432507153, 50.787799770333891 ], [ 1.938015434912832, 50.7872294558276 ], [ 1.938092423095574, 50.787136792887189 ], [ 1.939328991677837, 50.786229389450781 ], [ 1.939483564452216, 50.786282749177019 ], [ 1.940064151292083, 50.786271539753841 ], [ 1.940236723722487, 50.786076498999634 ], [ 1.9378025682347, 50.785387273483288 ], [ 1.938014365660047, 50.785145012896535 ], [ 1.938351551611973, 50.785197239149262 ], [ 1.9385375823717, 50.785101915865141 ], [ 1.939160828727248, 50.784212613214841 ], [ 1.939257544060271, 50.784257404887327 ], [ 1.93926490510629, 50.784244008003242 ], [ 1.9395799653793, 50.784338215935307 ], [ 1.939642565027738, 50.784389895267232 ], [ 1.941564403248273, 50.785342129878607 ], [ 1.941617403274827, 50.785379369684385 ], [ 1.941801441361902, 50.785511939641147 ], [ 1.942978278324025, 50.786355526121817 ], [ 1.945561617382365, 50.787292668987718 ], [ 1.946451908138911, 50.787497608425895 ], [ 1.946433232820102, 50.787107125078229 ], [ 1.94653792401814, 50.78710980516275 ], [ 1.946910023202126, 50.787118335487357 ], [ 1.948121106070938, 50.787146514875047 ], [ 1.948450766903689, 50.787153784896773 ], [ 1.949429658897723, 50.786847092931367 ], [ 1.950378076170024, 50.785833063500228 ], [ 1.951583438505315, 50.785727463466259 ], [ 1.952437866823105, 50.785684403724467 ], [ 1.95241827427311, 50.78580896377315 ], [ 1.952543020237812, 50.785800142597083 ], [ 1.952527854200368, 50.785848469300312 ], [ 1.952450800842734, 50.785945627057238 ], [ 1.952817520533815, 50.786007932605699 ], [ 1.952751609045063, 50.786181454727462 ], [ 1.953378685786681, 50.786315936775466 ], [ 1.95339023278327, 50.786305266202163 ], [ 1.953526190977657, 50.786166429733314 ], [ 1.953626072240698, 50.786195982471533 ], [ 1.953850381625627, 50.786231964072449 ], [ 1.953810866550437, 50.786361740675694 ], [ 1.954537784464856, 50.786595758320203 ], [ 1.954857457404845, 50.786335532299042 ], [ 1.955017705797714, 50.786253427953618 ], [ 1.955453054109439, 50.786622280557239 ], [ 1.9546086337311, 50.786931045589839 ], [ 1.954156933256763, 50.787412692331714 ], [ 1.95395859807013, 50.787623686568594 ], [ 1.953952824480961, 50.787629021870984 ], [ 1.953734204830664, 50.78786227779235 ], [ 1.953684090057934, 50.78775418107827 ], [ 1.953609951770458, 50.787779579926315 ], [ 1.953331019099879, 50.787850814809779 ], [ 1.953316978878421, 50.787845313041842 ], [ 1.953210814211309, 50.787845318184793 ], [ 1.953191769612773, 50.787808368916032 ], [ 1.953234678248381, 50.787787194363872 ], [ 1.953323776228792, 50.787723337627554 ], [ 1.953385871225541, 50.787664637721186 ], [ 1.953453514612374, 50.787611368187171 ], [ 1.953542086801582, 50.787572631217479 ], [ 1.953661607244549, 50.787543127147359 ], [ 1.953800960071807, 50.787512892242788 ], [ 1.953871639610624, 50.787449777693759 ], [ 1.953905587284884, 50.787450960103662 ], [ 1.954436403885107, 50.786908962089825 ], [ 1.953755331143827, 50.786783902326249 ], [ 1.953441227248693, 50.786980463971169 ], [ 1.953186175777295, 50.787263661778418 ], [ 1.953125447941239, 50.787392362404269 ], [ 1.953085220008873, 50.787420737849089 ], [ 1.952961968144866, 50.787493280334679 ], [ 1.95285622471584, 50.78754084552908 ], [ 1.952618316416825, 50.78761332101648 ], [ 1.952578977608826, 50.787666828121658 ], [ 1.952560522728849, 50.787669364827515 ], [ 1.952363250162478, 50.787829219451645 ], [ 1.952314292480303, 50.787936483438145 ], [ 1.952209037113647, 50.788163511730446 ], [ 1.95220456587546, 50.788174241690811 ], [ 1.952477873697505, 50.788236659380246 ], [ 1.952494913501289, 50.78823411078681 ], [ 1.95270229667843, 50.788199962723567 ], [ 1.952926700561912, 50.788164162800363 ], [ 1.953645715925736, 50.787964723726802 ], [ 1.953688418202363, 50.787953417565681 ] ] ] ] } },
{ "type": "Feature", "properties": { "fid": 2592, "gml_id": "zdh_2008.3567", "lib_ocs": "BOISEMENTS ARTIFICIELS, PLANTATIONS", "lib_conf": "caractère hygrophile très probable" }, "geometry": { "type": "MultiPolygon", "coordinates": [ [ [ [ 1.92532226189855, 50.783153596711557 ], [ 1.925798422605997, 50.783126298659369 ], [ 1.926689776135601, 50.78307655556381 ], [ 1.926705823557926, 50.783054261141594 ], [ 1.926842981720972, 50.78286252167775 ], [ 1.927210542931339, 50.782949137959399 ], [ 1.92797661009237, 50.783131606642314 ], [ 1.927991299460554, 50.783106608446879 ], [ 1.928269229249816, 50.782619967178874 ], [ 1.928759465657556, 50.782728272593189 ], [ 1.928390740480068, 50.783224901358977 ], [ 1.928362380017496, 50.783227349264585 ], [ 1.928177220515153, 50.783479694105957 ], [ 1.928156070118322, 50.783475922858315 ], [ 1.928107468265972, 50.783564338050034 ], [ 1.927920481833348, 50.78370360594387 ], [ 1.927496420373167, 50.783809426517522 ], [ 1.927190769200832, 50.783937801013636 ], [ 1.926818713441701, 50.783796410381292 ], [ 1.926736999770819, 50.783778657417713 ], [ 1.926733119785839, 50.783761575138648 ], [ 1.925937897974226, 50.78375023341021 ], [ 1.925899862012107, 50.783741829625086 ], [ 1.925846278600138, 50.78373239443377 ], [ 1.925887395125284, 50.783729159801574 ], [ 1.92573190132154, 50.783587838681562 ], [ 1.925531990260008, 50.783405755279233 ], [ 1.925257088439239, 50.783156623565382 ], [ 1.92532226189855, 50.783153596711557 ] ] ] ] } },
{ "type": "Feature", "properties": { "fid": 2594, "gml_id": "zdh_2008.3568", "lib_ocs": "PRAIRIES", "lib_conf": "caractère hygrophile très probable" }, "geometry": { "type": "MultiPolygon", "coordinates": [ [ [ [ 1.985937423520838, 50.784087192901559 ], [ 1.9858977984777, 50.78408687027536 ], [ 1.984499591223613, 50.783378276734105 ], [ 1.983383619554112, 50.783479540515245 ], [ 1.983395687895549, 50.783442849742542 ], [ 1.983705340662656, 50.782482573813233 ], [ 1.984227022988243, 50.781883843310148 ], [ 1.984564680142539, 50.781495373203384 ], [ 1.984974796829396, 50.781023146126451 ], [ 1.9836025861587, 50.780642266068256 ], [ 1.983051443716328, 50.779904669588703 ], [ 1.982293198873639, 50.779469563955352 ], [ 1.981561542619689, 50.779049924948282 ], [ 1.981164236949245, 50.778822348708665 ], [ 1.979164412856708, 50.777992114459273 ], [ 1.97894376980219, 50.777638560906418 ], [ 1.978929747929174, 50.777632164781892 ], [ 1.978458538189795, 50.777421022109039 ], [ 1.977472651133762, 50.776979530713092 ], [ 1.976998642072332, 50.776767461910623 ], [ 1.976605971412445, 50.776591952070795 ], [ 1.976130483490984, 50.776452549750758 ], [ 1.975599446283757, 50.77626154192086 ], [ 1.975523589401772, 50.776233998567356 ], [ 1.974351971334959, 50.775811591292964 ], [ 1.973461976581432, 50.775596978864876 ], [ 1.972865915642638, 50.775196349186174 ], [ 1.972934004171622, 50.77442970829307 ], [ 1.972988009778153, 50.774418488642695 ], [ 1.974377204596965, 50.774994348034866 ], [ 1.974945508254383, 50.775230533965484 ], [ 1.974987607075806, 50.775247929428538 ], [ 1.977024550947333, 50.775984323013262 ], [ 1.977038370466268, 50.776000588128859 ], [ 1.97708396394389, 50.776054801292524 ], [ 1.977267717143504, 50.776273459675778 ], [ 1.977307779572063, 50.776321346134331 ], [ 1.977473425360271, 50.776387312713275 ], [ 1.977477633593794, 50.77638914188767 ], [ 1.978332515557455, 50.776730854986901 ], [ 1.978341170158051, 50.776722850205509 ], [ 1.979179293193971, 50.775943680007828 ], [ 1.979967873818143, 50.77641405115989 ], [ 1.980289459322968, 50.776606017179361 ], [ 1.980345473290922, 50.776635189733881 ], [ 1.980844088148094, 50.776890517936955 ], [ 1.98143600569386, 50.777151093719667 ], [ 1.981566394549885, 50.777211382476814 ], [ 1.981888812345769, 50.777362971986484 ], [ 1.981991139647727, 50.777411365846582 ], [ 1.981991624219587, 50.777457132512829 ], [ 1.981990138487547, 50.7775997923098 ], [ 1.981729206708558, 50.7778345482144 ], [ 1.981737605481963, 50.777839103425578 ], [ 1.982469234616234, 50.778189649460721 ], [ 1.982514040925168, 50.778213345528926 ], [ 1.983023893372166, 50.778474139823999 ], [ 1.98375572918376, 50.778048509539708 ], [ 1.983561756281762, 50.777704155177325 ], [ 1.983434752236777, 50.777476997009252 ], [ 1.982900719875226, 50.776525976152421 ], [ 1.980984900710123, 50.774700438441911 ], [ 1.980952978574418, 50.774669668608446 ], [ 1.980784873801913, 50.774029406426621 ], [ 1.980752076727735, 50.773902616865698 ], [ 1.979985745134608, 50.773105808601677 ], [ 1.979316843931731, 50.771556945137185 ], [ 1.979314124018909, 50.771551538943299 ], [ 1.979675340176278, 50.77132478636733 ], [ 1.979088128851275, 50.770837216593875 ], [ 1.979176157660401, 50.770822683928898 ], [ 1.979422356694033, 50.770684720613907 ], [ 1.979591241188341, 50.77059098909681 ], [ 1.979603882944304, 50.770595579285491 ], [ 1.979648180454588, 50.770574406674591 ], [ 1.979846511640231, 50.770424385084794 ], [ 1.980090523018702, 50.770810435967185 ], [ 1.980304965315074, 50.771119972041902 ], [ 1.980066699614356, 50.771215828107621 ], [ 1.980044179783864, 50.771279353124875 ], [ 1.97999765202294, 50.771409980205924 ], [ 1.980028534048493, 50.771700066332606 ], [ 1.980086034862742, 50.771933839467216 ], [ 1.980095207690195, 50.771969807229446 ], [ 1.980023863810982, 50.772346095326043 ], [ 1.979903660459974, 50.772550595787024 ], [ 1.979914537054684, 50.772711304241881 ], [ 1.979918843842629, 50.772777740808245 ], [ 1.980052594353765, 50.772950223502924 ], [ 1.980110867280343, 50.773007231606051 ], [ 1.980117777129131, 50.773015364029703 ], [ 1.980289748743154, 50.773187262125319 ], [ 1.98066143819944, 50.773350027228879 ], [ 1.98091459934266, 50.773565659987739 ], [ 1.98114977068526, 50.773900487576569 ], [ 1.981259456948773, 50.774073669037051 ], [ 1.981297786924342, 50.774067701425643 ], [ 1.98134826683009, 50.77409054719876 ], [ 1.98136931661545, 50.774029702133376 ], [ 1.981369635795161, 50.77394446003364 ], [ 1.981286613237872, 50.773782264531498 ], [ 1.981304805649695, 50.773653200272328 ], [ 1.981492363858268, 50.773546159613204 ], [ 1.981610145726317, 50.773530073985185 ], [ 1.981600460550389, 50.773519227015257 ], [ 1.981562704328948, 50.773288308647373 ], [ 1.981698668367521, 50.773213148937316 ], [ 1.981836701870053, 50.772966619029887 ], [ 1.981911211353164, 50.772712391007424 ], [ 1.982234947882661, 50.77265850669712 ], [ 1.983355058588351, 50.773317312145608 ], [ 1.983373707006435, 50.773304902010942 ], [ 1.983630284303068, 50.773143685471076 ], [ 1.983660379032043, 50.773125087523525 ], [ 1.98391697496701, 50.773172047277455 ], [ 1.98462757742967, 50.77330077565508 ], [ 1.984630388984842, 50.773301695894318 ], [ 1.984778308266086, 50.773125233936746 ], [ 1.985338120991543, 50.772455016883093 ], [ 1.985636832731834, 50.772099422160395 ], [ 1.986277622691328, 50.772320893380694 ], [ 1.986368308827169, 50.772664405605369 ], [ 1.986304674602351, 50.772732083431322 ], [ 1.986257039647788, 50.772778355945938 ], [ 1.986287912272603, 50.772791169674619 ], [ 1.986111068342256, 50.772928813472667 ], [ 1.985423647325601, 50.772843353418004 ], [ 1.985170405578405, 50.773189447412697 ], [ 1.985091223641564, 50.773256100557042 ], [ 1.984784616259309, 50.773512027336871 ], [ 1.985189447022504, 50.77364633489492 ], [ 1.985252698615997, 50.773667488547829 ], [ 1.985072029476189, 50.773993535150666 ], [ 1.984746084438817, 50.773876919432318 ], [ 1.984553317925351, 50.7738224061886 ], [ 1.984367462475638, 50.773776024820393 ], [ 1.984167971512803, 50.773913481008051 ], [ 1.984397575153307, 50.774035593709804 ], [ 1.984164461585907, 50.77429570736107 ], [ 1.984171463287465, 50.774299353726796 ], [ 1.98359956354629, 50.774378137028549 ], [ 1.983599490691943, 50.774381725681394 ], [ 1.983575710512884, 50.774368071899957 ], [ 1.983563140297231, 50.774359893487905 ], [ 1.982942127887523, 50.774696698656641 ], [ 1.983406639144677, 50.775307073968747 ], [ 1.983855693073923, 50.775145633925817 ], [ 1.984153814015049, 50.775308684871 ], [ 1.984366859249165, 50.775200950753671 ], [ 1.984090508265268, 50.775011158570678 ], [ 1.984348798121625, 50.774835597909984 ], [ 1.984304048570488, 50.774809210891767 ], [ 1.98426352561492, 50.774783755643206 ], [ 1.984405308484017, 50.774770555090313 ], [ 1.984728973021183, 50.774581169777662 ], [ 1.985073403734445, 50.77476343976236 ], [ 1.985409581723801, 50.774584922425113 ], [ 1.985757058392562, 50.774407393490698 ], [ 1.985899000813433, 50.774456107033394 ], [ 1.986066618659181, 50.7742851881547 ], [ 1.985903798307191, 50.774219255840272 ], [ 1.985965038824354, 50.774200013697794 ], [ 1.986097710120089, 50.773728210544917 ], [ 1.985677530653157, 50.773583013203996 ], [ 1.986189680971066, 50.773029952644016 ], [ 1.98627921525775, 50.773080931120319 ], [ 1.986896853851944, 50.773468213081728 ], [ 1.986930411598398, 50.77348822697985 ], [ 1.987191750060274, 50.773231029491974 ], [ 1.987432878531776, 50.772993407926833 ], [ 1.986665739043026, 50.772581581624195 ], [ 1.986612617825642, 50.772199790795945 ], [ 1.987168568592975, 50.7715088951715 ], [ 1.987179796450225, 50.771513473076247 ], [ 1.987434974565374, 50.771210461193675 ], [ 1.987750442487005, 50.771354802042516 ], [ 1.988122956233719, 50.771197210363006 ], [ 1.988165422622073, 50.771616601693196 ], [ 1.988450217254034, 50.772649032387463 ], [ 1.988261430921766, 50.77323793067432 ], [ 1.98825807844276, 50.773543887015535 ], [ 1.987995257957909, 50.774084625083304 ], [ 1.987472578714806, 50.774389051310834 ], [ 1.987238409384566, 50.774632112966202 ], [ 1.986949363443514, 50.774929463635353 ], [ 1.98690966738687, 50.775282680989754 ], [ 1.986909340603953, 50.77529882991395 ], [ 1.986906758116676, 50.77570618758228 ], [ 1.986813277281747, 50.775919883993261 ], [ 1.987373922523264, 50.776118263023193 ], [ 1.988032966177379, 50.776279752130051 ], [ 1.987638627249837, 50.776604961869126 ], [ 1.98723561183707, 50.7769390727562 ], [ 1.98723711957103, 50.776724628406299 ], [ 1.987237429446696, 50.77656939659888 ], [ 1.98714647457213, 50.776378427455093 ], [ 1.986823158778368, 50.776200822143494 ], [ 1.986544468304038, 50.776125872351834 ], [ 1.986500259609754, 50.776142561430895 ], [ 1.986173854753857, 50.776257451977024 ], [ 1.985819998060582, 50.776469924747573 ], [ 1.984909578394101, 50.775794011445839 ], [ 1.984895101503493, 50.775810045011745 ], [ 1.98474627332402, 50.775891384222092 ], [ 1.985637628303886, 50.776530353676819 ], [ 1.985678171548885, 50.776554911249967 ], [ 1.985079294689823, 50.776916133673545 ], [ 1.984566495656235, 50.777149739974071 ], [ 1.984392789180611, 50.777271254624843 ], [ 1.984472351506535, 50.777325741929161 ], [ 1.985787456470394, 50.778285810028926 ], [ 1.986020577813935, 50.77809568480788 ], [ 1.986138266530977, 50.7778750082716 ], [ 1.986304869390932, 50.77740527833258 ], [ 1.986533031391524, 50.777250106571699 ], [ 1.986583282383299, 50.777214623213915 ], [ 1.986992577453663, 50.777130017175082 ], [ 1.98710320116693, 50.777048364696121 ], [ 1.987045621658996, 50.777096350964769 ], [ 1.987032922165103, 50.777164443043787 ], [ 1.987499266553402, 50.777617786427903 ], [ 1.987457233613067, 50.777666796553127 ], [ 1.987070425225853, 50.778108714979659 ], [ 1.98730905229505, 50.778345749880479 ], [ 1.988148401154415, 50.779180785193674 ], [ 1.988121080134431, 50.779202098520983 ], [ 1.98811137431608, 50.779192149308486 ], [ 1.987586555894732, 50.779599746679018 ], [ 1.986640734085555, 50.778920870191683 ], [ 1.986452396787888, 50.779345557394258 ], [ 1.986034519713199, 50.779433680872366 ], [ 1.985569456621926, 50.779475656065962 ], [ 1.985360073946961, 50.77968122769019 ], [ 1.985311751945001, 50.77990067352782 ], [ 1.985496006634603, 50.780166879263142 ], [ 1.98598083868628, 50.780476808246689 ], [ 1.986722195795421, 50.780420031025713 ], [ 1.987024970646116, 50.78021521702825 ], [ 1.986958430239967, 50.779936511669412 ], [ 1.98723761579663, 50.779848154663142 ], [ 1.987296213472834, 50.779889907149148 ], [ 1.987248372971641, 50.77994604825615 ], [ 1.987131713246332, 50.780605514755543 ], [ 1.987166050252138, 50.781146867402391 ], [ 1.987384861725048, 50.781524616148218 ], [ 1.987381937496375, 50.78201900534529 ], [ 1.987413392188637, 50.782772993390601 ], [ 1.987040642939371, 50.783077736103273 ], [ 1.986741498377604, 50.783242200451966 ], [ 1.986590448628802, 50.783642064169655 ], [ 1.985992615546057, 50.784087642252764 ], [ 1.985937423520838, 50.784087192901559 ] ] ] ] } },
{ "type": "Feature", "properties": { "fid": 2611, "gml_id": "zdh_2008.3335", "lib_ocs": "PRAIRIES", "lib_conf": "caractère hygrophile très probable" }, "geometry": { "type": "MultiPolygon", "coordinates": [ [ [ [ 2.007984925196657, 50.797317565586233 ], [ 2.008001154374805, 50.797284495562742 ], [ 2.008180324878092, 50.796959313166113 ], [ 2.008186236009446, 50.796946798340777 ], [ 2.008381568346461, 50.796520351765892 ], [ 2.008406734642348, 50.796464920836932 ], [ 2.008376830627638, 50.796473655599542 ], [ 2.00843450743476, 50.796349393006963 ], [ 2.008339844573366, 50.796339666760154 ], [ 2.007920168212557, 50.79622775481598 ], [ 2.007743697238427, 50.796131237888353 ], [ 2.007526657179751, 50.796010170980388 ], [ 2.007325234096383, 50.795958318580439 ], [ 2.007147805011432, 50.796052913529394 ], [ 2.007120919406197, 50.796123584284288 ], [ 2.007139428032352, 50.796118348118092 ], [ 2.007106168266264, 50.796224859207676 ], [ 2.007022288063043, 50.796456585785066 ], [ 2.007007207563376, 50.796645791272489 ], [ 2.006985502942272, 50.796740729736001 ], [ 2.006878019895121, 50.796948938696417 ], [ 2.004642995083487, 50.796497716828775 ], [ 2.004339400952972, 50.796173167805065 ], [ 2.003712345152996, 50.795953705064044 ], [ 2.0039830095543, 50.795371740147743 ], [ 2.002999263637947, 50.795220306368471 ], [ 2.002600232829307, 50.795565257103789 ], [ 2.002484947975745, 50.795524853747828 ], [ 2.002170020956086, 50.795414658099453 ], [ 2.001415051065242, 50.795150192027279 ], [ 2.000226772078984, 50.794607676400084 ], [ 1.999309280151336, 50.794259342691404 ], [ 1.998070408577411, 50.793771133274475 ], [ 1.994960834176684, 50.792750099344353 ], [ 1.995499646340362, 50.791860748772898 ], [ 1.996104754663201, 50.791899723579171 ], [ 1.995910643120592, 50.791555395733219 ], [ 1.996330714971088, 50.791291389552683 ], [ 1.996673437895615, 50.791496039944164 ], [ 1.997533714115492, 50.791729082057167 ], [ 1.997844951599513, 50.791527005060814 ], [ 1.998702579912168, 50.79182193046482 ], [ 1.998235930076611, 50.792150174361858 ], [ 1.997898494245256, 50.792387932822344 ], [ 1.997526869380053, 50.792636182602678 ], [ 1.997460573716939, 50.792694869884514 ], [ 1.997418825429984, 50.792729528001956 ], [ 1.997492158072496, 50.792743577441932 ], [ 1.997525157918447, 50.792792296378039 ], [ 1.997965147671145, 50.793371892763489 ], [ 1.998743870770386, 50.793012959534387 ], [ 1.998763974043172, 50.792998764564778 ], [ 1.999051044496101, 50.792801874389944 ], [ 1.999171662930309, 50.792716704194149 ], [ 1.99974452316377, 50.792315732581898 ], [ 1.999741728193406, 50.792313915569594 ], [ 2.000005927713987, 50.79226937787422 ], [ 2.000645641975199, 50.792489859841623 ], [ 2.000717362704052, 50.792513764582992 ], [ 1.999893036901583, 50.793526463999697 ], [ 2.001328560059057, 50.793879845054278 ], [ 2.00149198378818, 50.793919738190404 ], [ 2.001695689676901, 50.793359671684492 ], [ 2.001734656615681, 50.793251412662883 ], [ 2.002549933225435, 50.793685049830593 ], [ 2.00265718902379, 50.793772944971849 ], [ 2.003417993404303, 50.794170248598839 ], [ 2.004371212705808, 50.793933809750889 ], [ 2.004153361783672, 50.794494664129068 ], [ 2.00421112863412, 50.794508585110115 ], [ 2.004070253581192, 50.794900468091228 ], [ 2.004347695048198, 50.794973570925549 ], [ 2.004462533958063, 50.795036401041166 ], [ 2.00467464981215, 50.795119748441557 ], [ 2.004999616172888, 50.795650842255846 ], [ 2.005376940540085, 50.795756145151941 ], [ 2.005620313109929, 50.796047909120517 ], [ 2.005899812701553, 50.796017837649167 ], [ 2.006416684415465, 50.794728083426911 ], [ 2.007211199128438, 50.794712882849083 ], [ 2.007346090712974, 50.794906873052078 ], [ 2.008640844946503, 50.794866935308029 ], [ 2.008669283488089, 50.795217998075685 ], [ 2.008675999323924, 50.795307779482151 ], [ 2.008782517415, 50.795290681442403 ], [ 2.008890468702779, 50.795272697434029 ], [ 2.008984211603033, 50.795257292146374 ], [ 2.008988475872776, 50.795256428788306 ], [ 2.010004224990782, 50.795508564710495 ], [ 2.011152929466379, 50.795480899287327 ], [ 2.01146633722917, 50.795023979545505 ], [ 2.011838752509026, 50.795091538212581 ], [ 2.012384673222826, 50.795190978842527 ], [ 2.01237975300422, 50.795296818778034 ], [ 2.012465744620249, 50.795315446035112 ], [ 2.012841737448067, 50.795417126602224 ], [ 2.013000044168225, 50.795430045525357 ], [ 2.013057708506334, 50.795592909806359 ], [ 2.012994258091375, 50.795795192061391 ], [ 2.012977236431691, 50.795868634023087 ], [ 2.01279748220915, 50.796081659222395 ], [ 2.012680258617519, 50.796139053341868 ], [ 2.012697882136961, 50.796106891002758 ], [ 2.012465453398231, 50.796047623021501 ], [ 2.012122534589362, 50.79649354320739 ], [ 2.011687082710725, 50.796391389017998 ], [ 2.011927166053935, 50.795991312847448 ], [ 2.011979435609543, 50.795925328801822 ], [ 2.011592045694617, 50.795827144419846 ], [ 2.011663425960998, 50.795725420964608 ], [ 2.011697309734543, 50.795730176161697 ], [ 2.011732327405019, 50.795677514512811 ], [ 2.011924951416984, 50.795314747170558 ], [ 2.011972001076519, 50.795226289684329 ], [ 2.011908675518836, 50.795206944577096 ], [ 2.011880524937516, 50.79519864578743 ], [ 2.011493477542462, 50.79508341535 ], [ 2.011467925485682, 50.795158584073178 ], [ 2.011118685898545, 50.795637651286533 ], [ 2.01077905159568, 50.795630468532124 ], [ 2.010748403638635, 50.79567688367127 ], [ 2.01060241797434, 50.795900044036806 ], [ 2.010362399258472, 50.796224746948248 ], [ 2.010082574212976, 50.796700772886616 ], [ 2.009785350488452, 50.796624834095049 ], [ 2.009788217866264, 50.796336830701563 ], [ 2.010069858091351, 50.79569751484334 ], [ 2.010112540633157, 50.795615304333559 ], [ 2.009812523192401, 50.795609330999291 ], [ 2.009632296492727, 50.795559445331804 ], [ 2.009594937907494, 50.79565874631588 ], [ 2.009452260059143, 50.796072154733942 ], [ 2.009528204367286, 50.796813012824686 ], [ 2.010377794028529, 50.79687808736702 ], [ 2.010758747158433, 50.797015704398454 ], [ 2.01028848272096, 50.797671467754661 ], [ 2.010190084905587, 50.7976356922767 ], [ 2.007984925196657, 50.797317565586233 ] ] ] ] } },
{ "type": "Feature", "properties": { "fid": 2658, "gml_id": "zdh_2008.3583", "lib_ocs": "PRAIRIES", "lib_conf": "caractère hygrophile très probable" }, "geometry": { "type": "MultiPolygon", "coordinates": [ [ [ [ 1.928390740480068, 50.783224901358977 ], [ 1.928759465657556, 50.782728272593189 ], [ 1.928269229249816, 50.782619967178874 ], [ 1.927991299460554, 50.783106608446879 ], [ 1.92797661009237, 50.783131606642314 ], [ 1.927210542931339, 50.782949137959399 ], [ 1.926842981720972, 50.78286252167775 ], [ 1.926705823557926, 50.783054261141594 ], [ 1.926689776135601, 50.78307655556381 ], [ 1.925798422605997, 50.783126298659369 ], [ 1.92532226189855, 50.783153596711557 ], [ 1.925108213193645, 50.782904989625003 ], [ 1.92518265656053, 50.782931654046216 ], [ 1.925777705609625, 50.782904484709185 ], [ 1.9258143058206, 50.782386155626057 ], [ 1.925032717788313, 50.782400050166764 ], [ 1.925060974695612, 50.782204680505416 ], [ 1.925076099599694, 50.782093544599505 ], [ 1.924854816175971, 50.781918453641296 ], [ 1.924753572933273, 50.781953472013207 ], [ 1.924327972993267, 50.781604332247682 ], [ 1.923990172135745, 50.781253257451404 ], [ 1.924612702244273, 50.781329522007283 ], [ 1.925231112144913, 50.781597772408254 ], [ 1.925451886287195, 50.781598780126103 ], [ 1.925909000650096, 50.781600928635093 ], [ 1.926462360807237, 50.781603007817509 ], [ 1.928458191444211, 50.781726975505741 ], [ 1.929044786129974, 50.781763426920548 ], [ 1.92946883679211, 50.781789505394833 ], [ 1.929473485009635, 50.781770701841623 ], [ 1.929668711417227, 50.780914550987369 ], [ 1.929810901137665, 50.781016271744711 ], [ 1.929806291476999, 50.781033281040052 ], [ 1.930368918477129, 50.781065033805874 ], [ 1.930586448178339, 50.78088654241342 ], [ 1.930544427339871, 50.780667237670734 ], [ 1.930070816231095, 50.780377824689772 ], [ 1.92867413473505, 50.779440688546501 ], [ 1.928217046644531, 50.77976876144313 ], [ 1.928159311534806, 50.779821206011121 ], [ 1.92957950855059, 50.780850075236692 ], [ 1.927010096871758, 50.779226261610333 ], [ 1.926301876586582, 50.778923146680206 ], [ 1.925955465629258, 50.778775691941611 ], [ 1.92537835789741, 50.777837505477855 ], [ 1.926353016186156, 50.777858474662075 ], [ 1.926299437530143, 50.777717134138875 ], [ 1.926296607558286, 50.777717109739143 ], [ 1.926590817734516, 50.777658628560985 ], [ 1.926608934743984, 50.777737748520856 ], [ 1.926700678060518, 50.777749307048985 ], [ 1.926758186836663, 50.77797143965482 ], [ 1.92696153241205, 50.778388648890427 ], [ 1.927220420767807, 50.778723783051952 ], [ 1.927557549754176, 50.778974345443743 ], [ 1.927893223004147, 50.779094783776813 ], [ 1.927998709981851, 50.778993398071449 ], [ 1.928335420272495, 50.778668776372761 ], [ 1.92833685449128, 50.778667891400403 ], [ 1.928598646989761, 50.778933954285435 ], [ 1.92869139907471, 50.779030764795785 ], [ 1.929789915796903, 50.779349782979764 ], [ 1.930352555171113, 50.779512543860264 ], [ 1.930850489470214, 50.779656800401256 ], [ 1.930634272701479, 50.780105394777927 ], [ 1.933044876674095, 50.780488584193336 ], [ 1.933826339276608, 50.780611927104943 ], [ 1.93393424881168, 50.780662202953458 ], [ 1.934161331817772, 50.780765542683945 ], [ 1.934127831481393, 50.780876522477861 ], [ 1.933967209425504, 50.781307651189707 ], [ 1.933662887929312, 50.781242234238505 ], [ 1.933613092305782, 50.781254370213219 ], [ 1.933005790274932, 50.78112713452888 ], [ 1.932810029251135, 50.781479894674646 ], [ 1.9322921805396, 50.781538267889793 ], [ 1.932298873305364, 50.781556271462513 ], [ 1.932266440916693, 50.781550609556966 ], [ 1.932156173778974, 50.781809883948092 ], [ 1.93331868261277, 50.782052249034336 ], [ 1.933244658426162, 50.782337856505436 ], [ 1.933200273529327, 50.782361703660058 ], [ 1.933162180251068, 50.782422394339186 ], [ 1.932087935307869, 50.782222061062662 ], [ 1.93147412031605, 50.782200644790379 ], [ 1.931476631974909, 50.782613428352327 ], [ 1.931481354096773, 50.782657436977367 ], [ 1.931717105894753, 50.782686378602676 ], [ 1.931808821170199, 50.782699727568819 ], [ 1.930248890268154, 50.782707874111253 ], [ 1.929220210815638, 50.783156661545434 ], [ 1.928573620270062, 50.783211220498174 ], [ 1.928390740480068, 50.783224901358977 ] ] ] ] } },
{ "type": "Feature", "properties": { "fid": 2659, "gml_id": "zdh_2008.3342", "lib_ocs": "PRAIRIES", "lib_conf": "caractère hygrophile supposé" }, "geometry": { "type": "MultiPolygon", "coordinates": [ [ [ [ 2.011079968175519, 50.797095420385375 ], [ 2.011308145573456, 50.796868425765936 ], [ 2.011881881892739, 50.796994109950568 ], [ 2.012078661199728, 50.796994773231766 ], [ 2.012380620827581, 50.796615824586056 ], [ 2.012498200700904, 50.796468705862729 ], [ 2.012586283833187, 50.796309688610997 ], [ 2.012720900523671, 50.796375359463966 ], [ 2.013009934794714, 50.796507754853231 ], [ 2.013370261114848, 50.796686475274356 ], [ 2.014095574662849, 50.797023312308227 ], [ 2.014241427822177, 50.796949992483945 ], [ 2.014924547519654, 50.795834696449219 ], [ 2.014548487748606, 50.795520366798044 ], [ 2.01462789531992, 50.795442034387847 ], [ 2.015058039212933, 50.794734790910837 ], [ 2.015726672882054, 50.794929401372663 ], [ 2.015800494256329, 50.79499099957323 ], [ 2.016404891854962, 50.795500940794284 ], [ 2.016783529779523, 50.795828744273706 ], [ 2.016724471095716, 50.795880320267393 ], [ 2.017506077340193, 50.796379091913508 ], [ 2.018452643956393, 50.796697010847836 ], [ 2.018307064412425, 50.797117583538764 ], [ 2.0182697394777, 50.797215989749795 ], [ 2.018120429585946, 50.797177127524456 ], [ 2.018012900026852, 50.797173588191356 ], [ 2.017781910813599, 50.797112547108576 ], [ 2.017472038668078, 50.797031143438346 ], [ 2.016972795266079, 50.796860311832333 ], [ 2.016607298781049, 50.796583758023722 ], [ 2.016337403342824, 50.79677364453098 ], [ 2.015937174399083, 50.796751641048573 ], [ 2.015403298722035, 50.796686408123875 ], [ 2.015501394934426, 50.797025456588791 ], [ 2.015474065211261, 50.797191236710105 ], [ 2.014239577452948, 50.797259538181123 ], [ 2.013958678057051, 50.797288719964641 ], [ 2.013927802216333, 50.797346798538015 ], [ 2.013582935777091, 50.797317150226291 ], [ 2.013321039402061, 50.7973159736421 ], [ 2.012987374145252, 50.797292693319179 ], [ 2.012800591064423, 50.797287624310542 ], [ 2.012813047928628, 50.797302079436946 ], [ 2.011859438997291, 50.797270293153353 ], [ 2.011662235306053, 50.797219378683216 ], [ 2.011167289314255, 50.797118545403883 ], [ 2.011079968175519, 50.797095420385375 ] ] ] ] } },
{ "type": "Feature", "properties": { "fid": 2660, "gml_id": "zdh_2008.3343", "lib_ocs": "FORMATIONS FORESTIERES A FORTE NATURALITE", "lib_conf": "caractère hygrophile très probable" }, "geometry": { "type": "MultiPolygon", "coordinates": [ [ [ [ 2.006878019895121, 50.796948938696417 ], [ 2.006985502942272, 50.796740729736001 ], [ 2.007007207563376, 50.796645791272489 ], [ 2.007022288063043, 50.796456585785066 ], [ 2.007106168266264, 50.796224859207676 ], [ 2.007139428032352, 50.796118348118092 ], [ 2.007120919406197, 50.796123584284288 ], [ 2.007147805011432, 50.796052913529394 ], [ 2.007325234096383, 50.795958318580439 ], [ 2.007526657179751, 50.796010170980388 ], [ 2.007743697238427, 50.796131237888353 ], [ 2.007920168212557, 50.79622775481598 ], [ 2.008339844573366, 50.796339666760154 ], [ 2.00843450743476, 50.796349393006963 ], [ 2.008376830627638, 50.796473655599542 ], [ 2.008406734642348, 50.796464920836932 ], [ 2.008381568346461, 50.796520351765892 ], [ 2.008186236009446, 50.796946798340777 ], [ 2.008180324878092, 50.796959313166113 ], [ 2.008001154374805, 50.797284495562742 ], [ 2.007984925196657, 50.797317565586233 ], [ 2.006989662062494, 50.797173250678938 ], [ 2.00692315721754, 50.796957373997138 ], [ 2.006878019895121, 50.796948938696417 ] ] ] ] } },
{ "type": "Feature", "properties": { "fid": 2668, "gml_id": "zdh_2008.3460", "lib_ocs": "PRAIRIES", "lib_conf": "caractère hygrophile très probable" }, "geometry": { "type": "MultiPolygon", "coordinates": [ [ [ [ 1.982591585195217, 50.787698443228031 ], [ 1.982591322718341, 50.78778099210902 ], [ 1.98261451831182, 50.787893343270845 ], [ 1.982277366835281, 50.788602142446742 ], [ 1.98194783545017, 50.78844870441764 ], [ 1.981639839896972, 50.788628337199732 ], [ 1.981107592343697, 50.789045712116106 ], [ 1.981088700068088, 50.789069784469397 ], [ 1.980559136408423, 50.788798955731757 ], [ 1.979890907886669, 50.788456102896895 ], [ 1.979832050352348, 50.788426907481096 ], [ 1.979805360779426, 50.788416818663087 ], [ 1.979726670849256, 50.788388358053396 ], [ 1.978016762577154, 50.787761488789876 ], [ 1.978019715887626, 50.787408876230835 ], [ 1.977686216146537, 50.787242831785399 ], [ 1.97752698736094, 50.787207427593117 ], [ 1.976277059428275, 50.786932458707142 ], [ 1.975373455833855, 50.78647368880727 ], [ 1.975203937811081, 50.786387948315763 ], [ 1.974572225004627, 50.786338781689707 ], [ 1.973866138865397, 50.7857057558317 ], [ 1.973549226541618, 50.785422290265252 ], [ 1.973280985134845, 50.785181397993476 ], [ 1.973766169107254, 50.784782509371482 ], [ 1.971576223316811, 50.784657667570137 ], [ 1.971813312911789, 50.784347364682013 ], [ 1.971958137169633, 50.784394322445287 ], [ 1.972194688925906, 50.784110036004819 ], [ 1.972233899897031, 50.783923721096656 ], [ 1.972594395118738, 50.784082825597928 ], [ 1.972620675821972, 50.784112653290379 ], [ 1.972708990195808, 50.784016473316257 ], [ 1.973182111895271, 50.783584286694392 ], [ 1.973393931223173, 50.7834011888337 ], [ 1.973767107651072, 50.783563086496535 ], [ 1.973899601448886, 50.783452015523885 ], [ 1.97397304344748, 50.783390706796723 ], [ 1.974013660080694, 50.783411679312351 ], [ 1.974596374672838, 50.783708998177438 ], [ 1.975136173127732, 50.783268380012629 ], [ 1.975223655569314, 50.783281662061469 ], [ 1.97618859842751, 50.783575836750458 ], [ 1.979084415015119, 50.783858029567817 ], [ 1.979053617314892, 50.784327064633601 ], [ 1.979081225690275, 50.784361388296574 ], [ 1.97900977712302, 50.784463991990442 ], [ 1.978815791526612, 50.784745050724318 ], [ 1.978858137625132, 50.784750781698371 ], [ 1.979487596302822, 50.784840286787521 ], [ 1.981137737851509, 50.785131061246155 ], [ 1.981288653917827, 50.785157420004388 ], [ 1.981689781536049, 50.785408354203931 ], [ 1.982040603721019, 50.78562747047043 ], [ 1.9821363462854, 50.785652479932779 ], [ 1.982097533179129, 50.785681773533305 ], [ 1.982254764350223, 50.785884950093028 ], [ 1.982507204259968, 50.786209141834462 ], [ 1.982581694154131, 50.786304863672171 ], [ 1.982987257268051, 50.786825915189873 ], [ 1.983072761205811, 50.786936980569479 ], [ 1.982701926631568, 50.786935746994644 ], [ 1.982592511347657, 50.787513608242897 ], [ 1.982559179618674, 50.787691000182917 ], [ 1.982591585195217, 50.787698443228031 ] ], [ [ 1.97885863222129, 50.786877379488246 ], [ 1.978992575340726, 50.7865563483561 ], [ 1.979299983491451, 50.786613602891521 ], [ 1.979760235571915, 50.786811189497904 ], [ 1.980160845192052, 50.786323649469892 ], [ 1.979963544895436, 50.786211666429686 ], [ 1.980053578029791, 50.785961160727716 ], [ 1.979438194940638, 50.785805374143074 ], [ 1.978933758111658, 50.785692666976892 ], [ 1.978934618505741, 50.785442328094334 ], [ 1.978605422219104, 50.785412710045314 ], [ 1.9783318217077, 50.786820119052706 ], [ 1.97885863222129, 50.786877379488246 ] ] ] ] } },
{ "type": "Feature", "properties": { "fid": 2674, "gml_id": "zdh_2008.3466", "lib_ocs": "PRAIRIES", "lib_conf": "caractère hygrophile très probable" }, "geometry": { "type": "MultiPolygon", "coordinates": [ [ [ [ 1.937120870126454, 50.788760695373291 ], [ 1.937105339922593, 50.788758768255533 ], [ 1.936535502862057, 50.788662379958502 ], [ 1.935961383966141, 50.788567747044375 ], [ 1.935920325205697, 50.788634693768493 ], [ 1.934811603745821, 50.78838474109142 ], [ 1.934884310604898, 50.788161037785528 ], [ 1.935135423016906, 50.787602371884319 ], [ 1.935210052013764, 50.787221656821863 ], [ 1.935289080087415, 50.786035201354153 ], [ 1.935332364081695, 50.785730488198205 ], [ 1.935567674693057, 50.78578095376939 ], [ 1.935715623807767, 50.785812726366714 ], [ 1.935718019095298, 50.785899785258913 ], [ 1.935740499957093, 50.786773052866934 ], [ 1.935936795428099, 50.786728070230303 ], [ 1.935945248741682, 50.786729937049479 ], [ 1.935956422025898, 50.786803611269193 ], [ 1.936228670868809, 50.787780405917147 ], [ 1.937408919245916, 50.787861366723192 ], [ 1.93734747016861, 50.78808875674865 ], [ 1.936267148415899, 50.788034670549898 ], [ 1.936311492844293, 50.788212714671062 ], [ 1.936344186720618, 50.788339513149197 ], [ 1.936399344849268, 50.788341778746506 ], [ 1.937203958438474, 50.788380949386863 ], [ 1.937120870126454, 50.788760695373291 ] ] ] ] } },
{ "type": "Feature", "properties": { "fid": 2689, "gml_id": "zdh_2008.3346", "lib_ocs": "FORMATIONS FORESTIERES A FORTE NATURALITE", "lib_conf": "caractère hygrophile très probable" }, "geometry": { "type": "MultiPolygon", "coordinates": [ [ [ [ 2.010758747158433, 50.797015704398454 ], [ 2.010377794028529, 50.79687808736702 ], [ 2.009528204367286, 50.796813012824686 ], [ 2.009452260059143, 50.796072154733942 ], [ 2.009594937907494, 50.79565874631588 ], [ 2.009632296492727, 50.795559445331804 ], [ 2.009812523192401, 50.795609330999291 ], [ 2.010112540633157, 50.795615304333559 ], [ 2.010069858091351, 50.79569751484334 ], [ 2.009788217866264, 50.796336830701563 ], [ 2.009785350488452, 50.796624834095049 ], [ 2.010082574212976, 50.796700772886616 ], [ 2.010362399258472, 50.796224746948248 ], [ 2.01060241797434, 50.795900044036806 ], [ 2.010748403638635, 50.79567688367127 ], [ 2.01077905159568, 50.795630468532124 ], [ 2.011118685898545, 50.795637651286533 ], [ 2.011467925485682, 50.795158584073178 ], [ 2.011493477542462, 50.79508341535 ], [ 2.011880524937516, 50.79519864578743 ], [ 2.011908675518836, 50.795206944577096 ], [ 2.011972001076519, 50.795226289684329 ], [ 2.011924951416984, 50.795314747170558 ], [ 2.011732327405019, 50.795677514512811 ], [ 2.011697309734543, 50.795730176161697 ], [ 2.011663425960998, 50.795725420964608 ], [ 2.011592045694617, 50.795827144419846 ], [ 2.011979435609543, 50.795925328801822 ], [ 2.011927166053935, 50.795991312847448 ], [ 2.011687082710725, 50.796391389017998 ], [ 2.012122534589362, 50.79649354320739 ], [ 2.012465453398231, 50.796047623021501 ], [ 2.012697882136961, 50.796106891002758 ], [ 2.012680258617519, 50.796139053341868 ], [ 2.012586283833187, 50.796309688610997 ], [ 2.012498200700904, 50.796468705862729 ], [ 2.012380620827581, 50.796615824586056 ], [ 2.012078661199728, 50.796994773231766 ], [ 2.011881881892739, 50.796994109950568 ], [ 2.011308145573456, 50.796868425765936 ], [ 2.011079968175519, 50.797095420385375 ], [ 2.01106844872238, 50.797105198991574 ], [ 2.010792454376203, 50.797029431193515 ], [ 2.010758747158433, 50.797015704398454 ] ] ] ] } },
{ "type": "Feature", "properties": { "fid": 2692, "gml_id": "zdh_2008.3349", "lib_ocs": "TERRES ARABLES", "lib_conf": "caractère hygrophile supposé" }, "geometry": { "type": "MultiPolygon", "coordinates": [ [ [ [ 2.012586283833187, 50.796309688610997 ], [ 2.012680258617519, 50.796139053341868 ], [ 2.01279748220915, 50.796081659222395 ], [ 2.012977236431691, 50.795868634023087 ], [ 2.012994258091375, 50.795795192061391 ], [ 2.013057708506334, 50.795592909806359 ], [ 2.013000044168225, 50.795430045525357 ], [ 2.012841737448067, 50.795417126602224 ], [ 2.012465744620249, 50.795315446035112 ], [ 2.01237975300422, 50.795296818778034 ], [ 2.012384673222826, 50.795190978842527 ], [ 2.012449556076946, 50.795203157818108 ], [ 2.012851259577278, 50.794575553945499 ], [ 2.012911152400361, 50.794481814110021 ], [ 2.013279903254495, 50.794591511664734 ], [ 2.013337917198667, 50.794090391482136 ], [ 2.014591365399414, 50.794565103693316 ], [ 2.014979213358507, 50.794711735687152 ], [ 2.015058039212933, 50.794734790910837 ], [ 2.01462789531992, 50.795442034387847 ], [ 2.014548487748606, 50.795520366798044 ], [ 2.014924547519654, 50.795834696449219 ], [ 2.014241427822177, 50.796949992483945 ], [ 2.014095574662849, 50.797023312308227 ], [ 2.013370261114848, 50.796686475274356 ], [ 2.013009934794714, 50.796507754853231 ], [ 2.012720900523671, 50.796375359463966 ], [ 2.012586283833187, 50.796309688610997 ] ] ] ] } },
{ "type": "Feature", "properties": { "fid": 2711, "gml_id": "zdh_2008.3620", "lib_ocs": "BOISEMENTS ARTIFICIELS, PLANTATIONS", "lib_conf": "caractère hygrophile très probable" }, "geometry": { "type": "MultiPolygon", "coordinates": [ [ [ [ 1.92957950855059, 50.780850075236692 ], [ 1.928159311534806, 50.779821206011121 ], [ 1.928217046644531, 50.77976876144313 ], [ 1.92867413473505, 50.779440688546501 ], [ 1.930070816231095, 50.780377824689772 ], [ 1.930544427339871, 50.780667237670734 ], [ 1.930586448178339, 50.78088654241342 ], [ 1.930368918477129, 50.781065033805874 ], [ 1.929806291476999, 50.781033281040052 ], [ 1.929810901137665, 50.781016271744711 ], [ 1.929668711417227, 50.780914550987369 ], [ 1.929670279953777, 50.780907385979326 ], [ 1.92957950855059, 50.780850075236692 ] ] ] ] } },
{ "type": "Feature", "properties": { "fid": 2721, "gml_id": "zdh_2008.3245", "lib_ocs": "TERRES ARABLES", "lib_conf": "caractère hygrophile supposé" }, "geometry": { "type": "MultiPolygon", "coordinates": [ [ [ [ 2.036639746185597, 50.804259381992125 ], [ 2.037490524167823, 50.803166808340237 ], [ 2.039480653555581, 50.802981178306133 ], [ 2.039763420089474, 50.803003097583854 ], [ 2.039897509275444, 50.803172816597879 ], [ 2.038492737096046, 50.804875757565355 ], [ 2.037372767035326, 50.804503719050132 ], [ 2.036639746185597, 50.804259381992125 ] ] ] ] } },
{ "type": "Feature", "properties": { "fid": 2739, "gml_id": "zdh_2008.3481", "lib_ocs": "PLANS D'EAU (GRAVIERES, ETANGS NATURELS ET ARTIFICIELS, BASSINS)", "lib_conf": "eaux libres" }, "geometry": { "type": "MultiPolygon", "coordinates": [ [ [ [ 1.953688418202363, 50.787953417565681 ], [ 1.953645715925736, 50.787964723726802 ], [ 1.952926700561912, 50.788164162800363 ], [ 1.95270229667843, 50.788199962723567 ], [ 1.952494913501289, 50.78823411078681 ], [ 1.952477873697505, 50.788236659380246 ], [ 1.95220456587546, 50.788174241690811 ], [ 1.952209037113647, 50.788163511730446 ], [ 1.952314292480303, 50.787936483438145 ], [ 1.952363250162478, 50.787829219451645 ], [ 1.952560522728849, 50.787669364827515 ], [ 1.952578977608826, 50.787666828121658 ], [ 1.952618316416825, 50.78761332101648 ], [ 1.95285622471584, 50.78754084552908 ], [ 1.952961968144866, 50.787493280334679 ], [ 1.953085220008873, 50.787420737849089 ], [ 1.953125447941239, 50.787392362404269 ], [ 1.953186175777295, 50.787263661778418 ], [ 1.953441227248693, 50.786980463971169 ], [ 1.953755331143827, 50.786783902326249 ], [ 1.954436403885107, 50.786908962089825 ], [ 1.953905587284884, 50.787450960103662 ], [ 1.953871639610624, 50.787449777693759 ], [ 1.953800960071807, 50.787512892242788 ], [ 1.953661607244549, 50.787543127147359 ], [ 1.953542086801582, 50.787572631217479 ], [ 1.953453514612374, 50.787611368187171 ], [ 1.953385871225541, 50.787664637721186 ], [ 1.953323776228792, 50.787723337627554 ], [ 1.953234678248381, 50.787787194363872 ], [ 1.953191769612773, 50.787808368916032 ], [ 1.953210814211309, 50.787845318184793 ], [ 1.953316978878421, 50.787845313041842 ], [ 1.953331019099879, 50.787850814809779 ], [ 1.953609951770458, 50.787779579926315 ], [ 1.953684090057934, 50.78775418107827 ], [ 1.953734204830664, 50.78786227779235 ], [ 1.953765312256883, 50.787931631013905 ], [ 1.953688418202363, 50.787953417565681 ] ] ] ] } },
{ "type": "Feature", "properties": { "fid": 2742, "gml_id": "zdh_2008.3584", "lib_ocs": "BOISEMENTS ARTIFICIELS, PLANTATIONS", "lib_conf": "caractère hygrophile très probable" }, "geometry": { "type": "MultiPolygon", "coordinates": [ [ [ [ 1.920649536494515, 50.783176001029119 ], [ 1.920652386117127, 50.783175128415245 ], [ 1.920656670223278, 50.783173370923492 ], [ 1.920655255084499, 50.783173358659631 ], [ 1.920774227201568, 50.782841487793249 ], [ 1.920955008153796, 50.782334279356022 ], [ 1.920996027154452, 50.782335532046105 ], [ 1.920994882777546, 50.78232295978534 ], [ 1.921549975081872, 50.782310718763796 ], [ 1.921935653741571, 50.782475573663127 ], [ 1.921952557888644, 50.782479309225423 ], [ 1.922348217120512, 50.782575156313357 ], [ 1.922423625973174, 50.782819877026746 ], [ 1.922457376637915, 50.782830039440022 ], [ 1.922756907147818, 50.782920566878467 ], [ 1.922833160074857, 50.782599989566812 ], [ 1.92290085433182, 50.782611342740772 ], [ 1.923492401960111, 50.782681063491331 ], [ 1.923506372878723, 50.782623756432663 ], [ 1.923578787133709, 50.782349805508098 ], [ 1.923671178818067, 50.782002447628528 ], [ 1.924335862563672, 50.782093434661178 ], [ 1.924421385976181, 50.782065459355593 ], [ 1.924551124572135, 50.782021714216768 ], [ 1.924852634048764, 50.782283640040767 ], [ 1.924753887455392, 50.782597743266521 ], [ 1.924736237111713, 50.782826404766389 ], [ 1.92461199478449, 50.782811872421192 ], [ 1.92462323280416, 50.783079367550499 ], [ 1.92461938101973, 50.783126891660764 ], [ 1.9236762747572, 50.783081955289688 ], [ 1.923554688740739, 50.78307552063535 ], [ 1.923545541957688, 50.783105950086423 ], [ 1.922283104303141, 50.783101313602266 ], [ 1.922280317750832, 50.783164998439545 ], [ 1.921917477244711, 50.78312237659344 ], [ 1.921201576044401, 50.783174502748793 ], [ 1.921103912122145, 50.78317455407349 ], [ 1.920949623304727, 50.783175012055196 ], [ 1.920649536494515, 50.783176001029119 ] ] ] ] } },
{ "type": "Feature", "properties": { "fid": 2748, "gml_id": "zdh_2008.3590", "lib_ocs": "TERRES ARABLES", "lib_conf": "caractère hygrophile supposé" }, "geometry": { "type": "MultiPolygon", "coordinates": [ [ [ [ 1.965377217261479, 50.781547423026794 ], [ 1.965349631466705, 50.781649486594738 ], [ 1.963904536140529, 50.783086618735624 ], [ 1.962390515512359, 50.783065041486658 ], [ 1.961676752860785, 50.780832879877003 ], [ 1.965377217261479, 50.781547423026794 ] ] ] ] } },
{ "type": "Feature", "properties": { "fid": 2846, "gml_id": "zdh_2008.3275", "lib_ocs": "HABITATS LEGERS DE LOISIRS", "lib_conf": "zone non humide (zones urbaines, artificialisées)" }, "geometry": { "type": "MultiPolygon", "coordinates": [ [ [ [ 2.034025062553861, 50.801366991935311 ], [ 2.034055029825809, 50.801428238463153 ], [ 2.034140823561019, 50.801604767981608 ], [ 2.034335324807486, 50.802237951470978 ], [ 2.034358058627069, 50.802307217174025 ], [ 2.034102716349321, 50.802258580160988 ], [ 2.034053391828632, 50.802246533321551 ], [ 2.033807306611353, 50.802158487726956 ], [ 2.033820775507437, 50.802120906969378 ], [ 2.033575103542217, 50.801571668768872 ], [ 2.03334293036013, 50.801350037147877 ], [ 2.033011032002301, 50.801233508713935 ], [ 2.032413172770219, 50.801178620296696 ], [ 2.032180176559733, 50.801146303562234 ], [ 2.031913804409508, 50.801155898679589 ], [ 2.031825841727468, 50.801165085148511 ], [ 2.031847667011973, 50.801134747617255 ], [ 2.032040332320428, 50.800836556858023 ], [ 2.032189559826731, 50.800880784986745 ], [ 2.032651910302304, 50.800328068745358 ], [ 2.032677999011288, 50.800296866868301 ], [ 2.033024162284929, 50.800480802304904 ], [ 2.033614192524187, 50.800794040579753 ], [ 2.033642228574333, 50.800808614326421 ], [ 2.03367250690244, 50.800853712585273 ], [ 2.034025062553861, 50.801366991935311 ] ] ] ] } },
{ "type": "Feature", "properties": { "fid": 2850, "gml_id": "zdh_2008.3383", "lib_ocs": "PRAIRIES", "lib_conf": "caractère hygrophile très probable" }, "geometry": { "type": "MultiPolygon", "coordinates": [ [ [ [ 2.013337917198667, 50.794090391482136 ], [ 2.013279903254495, 50.794591511664734 ], [ 2.012911152400361, 50.794481814110021 ], [ 2.012914089533179, 50.794476453701414 ], [ 2.012714153315611, 50.794421032547696 ], [ 2.011548339361668, 50.79409773973947 ], [ 2.011574508856157, 50.794062953423548 ], [ 2.010850487091239, 50.793878647800234 ], [ 2.010951064767591, 50.793660509698199 ], [ 2.008167473021693, 50.792821851641044 ], [ 2.009370594900185, 50.792044507294236 ], [ 2.010039290459059, 50.792304651733993 ], [ 2.011549560341451, 50.792889111003696 ], [ 2.012773237074327, 50.793363606524643 ], [ 2.012772900465732, 50.793452434737837 ], [ 2.012771873291767, 50.793648033949225 ], [ 2.012808692859627, 50.793647428447059 ], [ 2.012873803861793, 50.793647944396895 ], [ 2.012905208508684, 50.793993646439901 ], [ 2.01321048959324, 50.794091176739478 ], [ 2.013211002601806, 50.794065159664456 ], [ 2.013312615634443, 50.794081218282606 ], [ 2.013326681884465, 50.794085816093805 ], [ 2.013337917198667, 50.794090391482136 ] ] ] ] } },
{ "type": "Feature", "properties": { "fid": 2861, "gml_id": "zdh_2008.3509", "lib_ocs": "PRAIRIES", "lib_conf": "caractère hygrophile supposé" }, "geometry": { "type": "MultiPolygon", "coordinates": [ [ [ [ 1.902175392742117, 50.786221515917354 ], [ 1.90193904910118, 50.786284038737364 ], [ 1.901924798471461, 50.786288399644526 ], [ 1.901128557377066, 50.786321756291251 ], [ 1.89661463727731, 50.786509767266914 ], [ 1.896605215853896, 50.785973990378302 ], [ 1.895147726102177, 50.785952994468175 ], [ 1.895041367421395, 50.785961921373698 ], [ 1.895040515805569, 50.78600049812848 ], [ 1.894593036997737, 50.786201114136496 ], [ 1.894537288703955, 50.786225744023504 ], [ 1.894532844905949, 50.786234677675871 ], [ 1.893671851374063, 50.786379575636701 ], [ 1.893623337190066, 50.786397090895356 ], [ 1.892245428814205, 50.785465998298967 ], [ 1.890866464776047, 50.785031990036529 ], [ 1.889430716833328, 50.78454272364381 ], [ 1.889683638459455, 50.784116063162358 ], [ 1.889831384624467, 50.783900230430106 ], [ 1.892076097874764, 50.784674858272481 ], [ 1.893895008914201, 50.784800496927531 ], [ 1.894030687614937, 50.784809777587327 ], [ 1.894085934897365, 50.784935891721311 ], [ 1.895082649788678, 50.784861287855747 ], [ 1.895235766464869, 50.784850083739798 ], [ 1.895504047121626, 50.784815673347929 ], [ 1.895660191855909, 50.784795522453386 ], [ 1.895919961074494, 50.784761933011183 ], [ 1.895983950412052, 50.784684434163765 ], [ 1.896123605991785, 50.784513388235816 ], [ 1.896330992375688, 50.784480230972108 ], [ 1.896345183634787, 50.784478562101192 ], [ 1.89653409342312, 50.784448830020118 ], [ 1.896769437652346, 50.784945333232876 ], [ 1.897445974231782, 50.784947734687641 ], [ 1.897478211824073, 50.785090692421221 ], [ 1.897660027559571, 50.785061793159755 ], [ 1.898956660110636, 50.784994298946778 ], [ 1.899055861183128, 50.784988894682286 ], [ 1.899122789228445, 50.784970642745925 ], [ 1.90024799935002, 50.784652167559017 ], [ 1.900349895887806, 50.784588460882659 ], [ 1.900671406943095, 50.784385814937373 ], [ 1.901373761037367, 50.784436877776059 ], [ 1.901478956136017, 50.784416270180223 ], [ 1.901693591577667, 50.784375092158022 ], [ 1.901798390126633, 50.785082199358058 ], [ 1.902133291400301, 50.785366009673375 ], [ 1.902175392742117, 50.786221515917354 ] ] ] ] } },
{ "type": "Feature", "properties": { "fid": 2869, "gml_id": "zdh_2008.3399", "lib_ocs": "BOISEMENTS ARTIFICIELS, PLANTATIONS", "lib_conf": "caractère hygrophile très probable" }, "geometry": { "type": "MultiPolygon", "coordinates": [ [ [ [ 2.000005927713987, 50.79226937787422 ], [ 1.999741728193406, 50.792313915569594 ], [ 1.99974452316377, 50.792315732581898 ], [ 1.999171662930309, 50.792716704194149 ], [ 1.999051044496101, 50.792801874389944 ], [ 1.998763974043172, 50.792998764564778 ], [ 1.998743870770386, 50.793012959534387 ], [ 1.997965147671145, 50.793371892763489 ], [ 1.997525157918447, 50.792792296378039 ], [ 1.997492158072496, 50.792743577441932 ], [ 1.997418825429984, 50.792729528001956 ], [ 1.997460573716939, 50.792694869884514 ], [ 1.997526869380053, 50.792636182602678 ], [ 1.997898494245256, 50.792387932822344 ], [ 1.998235930076611, 50.792150174361858 ], [ 1.998702579912168, 50.79182193046482 ], [ 1.998803824785645, 50.791855943801536 ], [ 1.99882630970632, 50.791864200086117 ], [ 1.998823443006264, 50.791865971617959 ], [ 1.998800527346003, 50.791879246728584 ], [ 1.999039333668099, 50.79197179167754 ], [ 1.999581573680254, 50.792181625872608 ], [ 1.999596050601301, 50.792165591000263 ], [ 1.999605224531212, 50.792131567834524 ], [ 2.000005927713987, 50.79226937787422 ] ] ] ] } },
{ "type": "Feature", "properties": { "fid": 2902, "gml_id": "zdh_2008.3285", "lib_ocs": "FORMATIONS FORESTIERES A FORTE NATURALITE", "lib_conf": "caractère hygrophile très probable" }, "geometry": { "type": "MultiPolygon", "coordinates": [ [ [ [ 2.023528626543388, 50.799502296358163 ], [ 2.024292938793559, 50.79965992309873 ], [ 2.024252057721474, 50.799795988185373 ], [ 2.024155158735407, 50.800118246850985 ], [ 2.023819968023227, 50.800680004229825 ], [ 2.023800741856191, 50.80072202528698 ], [ 2.024166174384351, 50.800715017938352 ], [ 2.024194713538098, 50.800776255810767 ], [ 2.024178684892722, 50.800872138148286 ], [ 2.02410387899618, 50.801005245434716 ], [ 2.024097796394291, 50.801026732262457 ], [ 2.024072102757399, 50.801109977077651 ], [ 2.023921512986205, 50.801281073172916 ], [ 2.023753988645038, 50.801376665761651 ], [ 2.023647458194119, 50.801539133988065 ], [ 2.023592281601681, 50.801536907070108 ], [ 2.023564545688934, 50.801507079838444 ], [ 2.023376657513192, 50.801630327645015 ], [ 2.023327876317359, 50.801663144223433 ], [ 2.023270043354101, 50.801651923653715 ], [ 2.022609307683311, 50.801554323633191 ], [ 2.022564251195399, 50.801541408416838 ], [ 2.023098536922361, 50.80079099496151 ], [ 2.023156001392953, 50.800385879330051 ], [ 2.023168689697207, 50.80038867062013 ], [ 2.023528626543388, 50.799502296358163 ] ] ] ] } },
{ "type": "Feature", "properties": { "fid": 2930, "gml_id": "zdh_2008.3531", "lib_ocs": "TERRES ARABLES", "lib_conf": "caractère hygrophile supposé" }, "geometry": { "type": "MultiPolygon", "coordinates": [ [ [ [ 1.982254764350223, 50.785884950093028 ], [ 1.982097533179129, 50.785681773533305 ], [ 1.9821363462854, 50.785652479932779 ], [ 1.982040603721019, 50.78562747047043 ], [ 1.981689781536049, 50.785408354203931 ], [ 1.981288653917827, 50.785157420004388 ], [ 1.981137737851509, 50.785131061246155 ], [ 1.98195533461419, 50.784461184052809 ], [ 1.982976266586003, 50.783326365819278 ], [ 1.983395687895549, 50.783442849742542 ], [ 1.983383619554112, 50.783479540515245 ], [ 1.984499591223613, 50.783378276734105 ], [ 1.9858977984777, 50.78408687027536 ], [ 1.985937423520838, 50.784087192901559 ], [ 1.985910125132727, 50.78438666819271 ], [ 1.984599540055908, 50.785149461004956 ], [ 1.984147887864181, 50.785155648415582 ], [ 1.982973765969061, 50.785400001812661 ], [ 1.982254764350223, 50.785884950093028 ] ] ] ] } },
{ "type": "Feature", "properties": { "fid": 2946, "gml_id": "zdh_2008.3416", "lib_ocs": "PRAIRIES", "lib_conf": "caractère hygrophile très probable" }, "geometry": { "type": "MultiPolygon", "coordinates": [ [ [ [ 1.992335944189181, 50.791356943488353 ], [ 1.992548419346744, 50.791209712340773 ], [ 1.99286059812991, 50.790821019229746 ], [ 1.993149822317297, 50.790306519204478 ], [ 1.993571507187191, 50.78968092726479 ], [ 1.993574391988342, 50.789678258704164 ], [ 1.995899604859136, 50.790412162654505 ], [ 1.995946064825061, 50.790565973401414 ], [ 1.995604808954122, 50.791205680182081 ], [ 1.995521384260805, 50.791271406747775 ], [ 1.995616010082229, 50.791352925564141 ], [ 1.995762638860954, 50.791523694920464 ], [ 1.995395933070204, 50.791808767100761 ], [ 1.994955362935329, 50.791683182372175 ], [ 1.994019632198542, 50.791753693236124 ], [ 1.993511648428036, 50.791742411638978 ], [ 1.992970128584113, 50.791709321983944 ], [ 1.992335944189181, 50.791356943488353 ] ] ] ] } },
{ "type": "Feature", "properties": { "fid": 2956, "gml_id": "zdh_2008.3532", "lib_ocs": "PRAIRIES", "lib_conf": "caractère hygrophile très probable" }, "geometry": { "type": "MultiPolygon", "coordinates": [ [ [ [ 1.920649536494515, 50.783176001029119 ], [ 1.920636800244889, 50.783175890653048 ], [ 1.920128629964442, 50.783177766803412 ], [ 1.918465435319549, 50.783182178594394 ], [ 1.917205651832335, 50.783185589497108 ], [ 1.917038626701201, 50.783185931905912 ], [ 1.916690425050295, 50.783186492963225 ], [ 1.915818486319395, 50.783188776169865 ], [ 1.915509908498107, 50.783189678847698 ], [ 1.91536269527305, 50.783190191520156 ], [ 1.915356424147483, 50.783348960784032 ], [ 1.914617384248906, 50.78342328040371 ], [ 1.91454928223102, 50.78343076269045 ], [ 1.914137441836521, 50.783363463731881 ], [ 1.91377191282243, 50.783314513510661 ], [ 1.913519303601855, 50.783280006966649 ], [ 1.913235133158627, 50.783264965342219 ], [ 1.91323580813939, 50.78329906902546 ], [ 1.913093560766612, 50.783266421865669 ], [ 1.912615976664315, 50.7832936589868 ], [ 1.912482524678282, 50.783312234611756 ], [ 1.911965939869866, 50.783310414757125 ], [ 1.911953788630952, 50.783283389287874 ], [ 1.911603117721203, 50.783332369329031 ], [ 1.910851833882354, 50.783448733250779 ], [ 1.910216670472534, 50.783302299430112 ], [ 1.910231182297795, 50.783350881188994 ], [ 1.909834903703292, 50.783349207793805 ], [ 1.909819278534033, 50.783351762957288 ], [ 1.909264238078623, 50.783425866706061 ], [ 1.909242795887697, 50.783435549340197 ], [ 1.909180001713095, 50.783459226776785 ], [ 1.9083204935145, 50.783799852521881 ], [ 1.907973082276035, 50.783893716457342 ], [ 1.907426151963664, 50.783984932035196 ], [ 1.906607846105582, 50.784123115217689 ], [ 1.906111193662609, 50.784309881276776 ], [ 1.905687129179303, 50.784607652229745 ], [ 1.905190758132364, 50.78465174479178 ], [ 1.904695075023825, 50.784729041890557 ], [ 1.904912736081154, 50.785325871872757 ], [ 1.904930171877343, 50.785369993303341 ], [ 1.904955292135804, 50.785386365717677 ], [ 1.903923753034986, 50.785564829849996 ], [ 1.903572802811664, 50.785625449876498 ], [ 1.903535415577379, 50.784941371190094 ], [ 1.902919337288636, 50.785086694135643 ], [ 1.902665408852215, 50.785112273805403 ], [ 1.902538672353791, 50.785017836957493 ], [ 1.90235023878395, 50.784896834265311 ], [ 1.902279198585894, 50.784263604415244 ], [ 1.90252368884923, 50.784216406913011 ], [ 1.902650287471108, 50.784187911129763 ], [ 1.904740037985397, 50.78370919535736 ], [ 1.90582257605376, 50.783462079405481 ], [ 1.906301087446427, 50.783068773349996 ], [ 1.906647361092692, 50.783350877536577 ], [ 1.90789801471853, 50.78318238806245 ], [ 1.907788511779853, 50.782881725764121 ], [ 1.908988523329787, 50.782568314018974 ], [ 1.909908596242182, 50.782500098943302 ], [ 1.91084025145255, 50.782224699294972 ], [ 1.910969885218901, 50.782186351163432 ], [ 1.911356406078758, 50.782310867490928 ], [ 1.911747154704381, 50.782436316831955 ], [ 1.911864549646843, 50.781854089676436 ], [ 1.912759014222006, 50.781986627839728 ], [ 1.913040788706372, 50.781133948321177 ], [ 1.913049337623038, 50.781131330993496 ], [ 1.913071228927222, 50.780709784653133 ], [ 1.912321236147408, 50.780443015667664 ], [ 1.912350812261106, 50.780319444575063 ], [ 1.910962056839858, 50.779943895659798 ], [ 1.910974157884721, 50.779908108866429 ], [ 1.911073405388938, 50.779639782053451 ], [ 1.911103540498125, 50.779555697866591 ], [ 1.909575619242747, 50.7790730325314 ], [ 1.909577073346486, 50.779071250630054 ], [ 1.91007233935509, 50.778555142320016 ], [ 1.909676246906258, 50.77848168431003 ], [ 1.909193672123123, 50.778480150268088 ], [ 1.909275922540846, 50.778342683765551 ], [ 1.908625067989398, 50.77820507582878 ], [ 1.908540846655709, 50.778303042683547 ], [ 1.908510349270747, 50.778338668104084 ], [ 1.907509895221301, 50.778202476299121 ], [ 1.907380656684873, 50.778417596118686 ], [ 1.905622914256607, 50.778027980014002 ], [ 1.907195006685513, 50.777002689834205 ], [ 1.907324232992461, 50.776917681072597 ], [ 1.907842490065376, 50.77658034843094 ], [ 1.907547180209837, 50.776364195821962 ], [ 1.907912922500214, 50.776141279004399 ], [ 1.908498654957017, 50.77660315056761 ], [ 1.908907689501357, 50.776926181006594 ], [ 1.908973293207556, 50.776968032495539 ], [ 1.909354398034497, 50.777209160487658 ], [ 1.90936279011443, 50.777213720582097 ], [ 1.910140940135121, 50.777484344959021 ], [ 1.910657844370236, 50.777663844796045 ], [ 1.910750549882649, 50.77769606184853 ], [ 1.910813755593279, 50.777718150318513 ], [ 1.911781512670266, 50.778121430685289 ], [ 1.91257293491764, 50.778173209810191 ], [ 1.912790571451691, 50.778187672473962 ], [ 1.913009623107861, 50.778202147107919 ], [ 1.913737094365358, 50.778331427180866 ], [ 1.91405711229671, 50.778388954511136 ], [ 1.914994068165666, 50.778517361748463 ], [ 1.915751827827959, 50.778620871617044 ], [ 1.917123413143969, 50.778808679598541 ], [ 1.916364269796816, 50.780664901613754 ], [ 1.916481196040187, 50.780690146410613 ], [ 1.916403007364051, 50.7809676332284 ], [ 1.917406056720345, 50.78131464333584 ], [ 1.917653598729258, 50.781386785242212 ], [ 1.919170867617107, 50.781648517404051 ], [ 1.921418585544658, 50.782036798547878 ], [ 1.921647818085064, 50.781513856557474 ], [ 1.921654854893009, 50.781515712108657 ], [ 1.921633291469368, 50.781399772211131 ], [ 1.922269821275552, 50.781548851914415 ], [ 1.922484429554993, 50.780586995821238 ], [ 1.922584667738296, 50.780138309280474 ], [ 1.922748157533706, 50.780170232214331 ], [ 1.922797491384985, 50.780179632071032 ], [ 1.923628429898071, 50.781028495572279 ], [ 1.923999521227166, 50.781476768739829 ], [ 1.924578223623769, 50.782012077803998 ], [ 1.924551124572135, 50.782021714216768 ], [ 1.924421385976181, 50.782065459355593 ], [ 1.924335862563672, 50.782093434661178 ], [ 1.923671178818067, 50.782002447628528 ], [ 1.923578787133709, 50.782349805508098 ], [ 1.923506372878723, 50.782623756432663 ], [ 1.923492401960111, 50.782681063491331 ], [ 1.92290085433182, 50.782611342740772 ], [ 1.922833160074857, 50.782599989566812 ], [ 1.922756907147818, 50.782920566878467 ], [ 1.922457376637915, 50.782830039440022 ], [ 1.922423625973174, 50.782819877026746 ], [ 1.922348217120512, 50.782575156313357 ], [ 1.921952557888644, 50.782479309225423 ], [ 1.921935653741571, 50.782475573663127 ], [ 1.921549975081872, 50.782310718763796 ], [ 1.920994882777546, 50.78232295978534 ], [ 1.920996027154452, 50.782335532046105 ], [ 1.920955008153796, 50.782334279356022 ], [ 1.920774227201568, 50.782841487793249 ], [ 1.920655255084499, 50.783173358659631 ], [ 1.920656670223278, 50.783173370923492 ], [ 1.920652386117127, 50.783175128415245 ], [ 1.920649536494515, 50.783176001029119 ] ] ] ] } },
{ "type": "Feature", "properties": { "fid": 2978, "gml_id": "zdh_2008.3425", "lib_ocs": "TERRES ARABLES", "lib_conf": "caractère hygrophile supposé" }, "geometry": { "type": "MultiPolygon", "coordinates": [ [ [ [ 1.99227854556373, 50.791325074108585 ], [ 1.992090015673949, 50.790986168657746 ], [ 1.991540229626312, 50.790942238334559 ], [ 1.99151979653537, 50.790691729497965 ], [ 1.991477012382858, 50.790496671503355 ], [ 1.991017245458522, 50.790341306464505 ], [ 1.990621745388689, 50.790368610135928 ], [ 1.990184313339389, 50.790088699724279 ], [ 1.989832126412657, 50.790074179399696 ], [ 1.989525246467626, 50.789989139735546 ], [ 1.988406682836821, 50.78972164142526 ], [ 1.98796870681915, 50.789539523064413 ], [ 1.987749039625521, 50.789552094820863 ], [ 1.987131898320248, 50.789619758741516 ], [ 1.986517842035084, 50.78960489397992 ], [ 1.985923637169487, 50.78958839321799 ], [ 1.98548453762524, 50.789601866274396 ], [ 1.985195533292502, 50.790032006178535 ], [ 1.985489104240239, 50.790144764159749 ], [ 1.984586792460728, 50.789964235115555 ], [ 1.982853192220131, 50.789592072295719 ], [ 1.982070908540259, 50.789287781231629 ], [ 1.981127927233814, 50.789089845763343 ], [ 1.981088700068088, 50.789069784469397 ], [ 1.981107592343697, 50.789045712116106 ], [ 1.981639839896972, 50.788628337199732 ], [ 1.98194783545017, 50.78844870441764 ], [ 1.982277366835281, 50.788602142446742 ], [ 1.98261451831182, 50.787893343270845 ], [ 1.982591322718341, 50.78778099210902 ], [ 1.982591585195217, 50.787698443228031 ], [ 1.984531582329149, 50.788150358606046 ], [ 1.984734245097582, 50.787789504207872 ], [ 1.98516153014683, 50.787869256128879 ], [ 1.985672009539709, 50.787964938046478 ], [ 1.987056813122432, 50.788223859934796 ], [ 1.992087610258469, 50.789207722130861 ], [ 1.993574391988342, 50.789678258704164 ], [ 1.993571507187191, 50.78968092726479 ], [ 1.993149822317297, 50.790306519204478 ], [ 1.99286059812991, 50.790821019229746 ], [ 1.992548419346744, 50.791209712340773 ], [ 1.992335944189181, 50.791356943488353 ], [ 1.99227854556373, 50.791325074108585 ] ] ] ] } },
{ "type": "Feature", "properties": { "fid": 2979, "gml_id": "zdh_2008.3426", "lib_ocs": "PRAIRIES", "lib_conf": "caractère hygrophile très probable" }, "geometry": { "type": "MultiPolygon", "coordinates": [ [ [ [ 1.985489104240239, 50.790144764159749 ], [ 1.985195533292502, 50.790032006178535 ], [ 1.98548453762524, 50.789601866274396 ], [ 1.985923637169487, 50.78958839321799 ], [ 1.986517842035084, 50.78960489397992 ], [ 1.987131898320248, 50.789619758741516 ], [ 1.987749039625521, 50.789552094820863 ], [ 1.98796870681915, 50.789539523064413 ], [ 1.988406682836821, 50.78972164142526 ], [ 1.989525246467626, 50.789989139735546 ], [ 1.989832126412657, 50.790074179399696 ], [ 1.990184313339389, 50.790088699724279 ], [ 1.990621745388689, 50.790368610135928 ], [ 1.991017245458522, 50.790341306464505 ], [ 1.991477012382858, 50.790496671503355 ], [ 1.99151979653537, 50.790691729497965 ], [ 1.991540229626312, 50.790942238334559 ], [ 1.992090015673949, 50.790986168657746 ], [ 1.99227854556373, 50.791325074108585 ], [ 1.991728353631085, 50.791020030653513 ], [ 1.991351093690404, 50.790914685660397 ], [ 1.990302192833965, 50.790911571856206 ], [ 1.989924450933399, 50.79090043387091 ], [ 1.9893034735363, 50.790596599935931 ], [ 1.989267255989625, 50.790637581360258 ], [ 1.988223730218394, 50.790438884596981 ], [ 1.98810808786927, 50.790417307602667 ], [ 1.98744227034372, 50.79037151917575 ], [ 1.986828749588942, 50.79032974170584 ], [ 1.986606393250593, 50.790335111273563 ], [ 1.986456274578588, 50.790338376362776 ], [ 1.986000895587299, 50.790246735916647 ], [ 1.985489104240239, 50.790144764159749 ] ] ] ] } },
{ "type": "Feature", "properties": { "fid": 3022, "gml_id": "zdh_2008.3550", "lib_ocs": "PRAIRIES", "lib_conf": "caractère hygrophile très probable" }, "geometry": { "type": "MultiPolygon", "coordinates": [ [ [ [ 1.936476422954437, 50.784514544624066 ], [ 1.935250392040322, 50.783927999387515 ], [ 1.935038821032924, 50.783826589532993 ], [ 1.934090233112121, 50.783373410826549 ], [ 1.934097366162734, 50.783370779951944 ], [ 1.933739174129615, 50.78291008718972 ], [ 1.933585631652793, 50.782875572204077 ], [ 1.933544803032518, 50.782865352220135 ], [ 1.933578727241892, 50.782801036537087 ], [ 1.933575456619078, 50.782755245829797 ], [ 1.933638638038928, 50.782579914431196 ], [ 1.933840226634865, 50.782019925154003 ], [ 1.933851967883974, 50.782000284868914 ], [ 1.933893176826132, 50.781926160985122 ], [ 1.934077771134951, 50.781898129801455 ], [ 1.934497393235691, 50.782065928009374 ], [ 1.934655900366981, 50.78193358496592 ], [ 1.934651712326205, 50.781930857214711 ], [ 1.93480333162695, 50.781723081080195 ], [ 1.935879041416665, 50.782120811490294 ], [ 1.936298674594962, 50.781755602343928 ], [ 1.937981224138549, 50.783037857183352 ], [ 1.938085684723917, 50.783117710882294 ], [ 1.938130188952408, 50.783154879902945 ], [ 1.938260985919256, 50.783260979863464 ], [ 1.93756195851588, 50.783852624772642 ], [ 1.937162292306087, 50.783877031336417 ], [ 1.937099453636156, 50.783903414260841 ], [ 1.936991229097661, 50.783867495695723 ], [ 1.936476422954437, 50.784514544624066 ] ] ] ] } },
{ "type": "Feature", "properties": { "fid": 3044, "gml_id": "zdh_2008.3322", "lib_ocs": "TAILLIS HYGROPHILES", "lib_conf": "caractère hygrophile très probable" }, "geometry": { "type": "MultiPolygon", "coordinates": [ [ [ [ 2.018404536850759, 50.798211232482892 ], [ 2.018266395137354, 50.798396777044374 ], [ 2.018044214410517, 50.798535898114501 ], [ 2.017951707689269, 50.798560292650343 ], [ 2.017662417174405, 50.798223328804426 ], [ 2.017348437730085, 50.797990253228733 ], [ 2.0173331129897, 50.797977570512181 ], [ 2.016948510936766, 50.797664079280771 ], [ 2.01690287221793, 50.797608985370687 ], [ 2.016879353924537, 50.797580984254331 ], [ 2.016792882238816, 50.797370339409738 ], [ 2.016440291525098, 50.797229375867069 ], [ 2.01641905814498, 50.797229208235038 ], [ 2.016406665935434, 50.797139382807494 ], [ 2.015474065211261, 50.797191236710105 ], [ 2.015501394934426, 50.797025456588791 ], [ 2.015403298722035, 50.796686408123875 ], [ 2.015937174399083, 50.796751641048573 ], [ 2.016337403342824, 50.79677364453098 ], [ 2.016607298781049, 50.796583758023722 ], [ 2.016972795266079, 50.796860311832333 ], [ 2.017472038668078, 50.797031143438346 ], [ 2.017781910813599, 50.797112547108576 ], [ 2.017589210110107, 50.797408923242571 ], [ 2.018508979100142, 50.797794822666347 ], [ 2.018159185518785, 50.798088167148698 ], [ 2.018404536850759, 50.798211232482892 ] ] ] ] } },
{ "type": "Feature", "properties": { "fid": 3048, "gml_id": "zdh_2008.2792", "lib_ocs": "PRAIRIES", "lib_conf": "caractère hygrophile supposé" }, "geometry": { "type": "MultiPolygon", "coordinates": [ [ [ [ 2.142691547826151, 50.865873728414797 ], [ 2.141809446373182, 50.867789387425944 ], [ 2.141097157411147, 50.867740525471419 ], [ 2.141847563380467, 50.865982763534774 ], [ 2.142529610794331, 50.865892353247254 ], [ 2.142691547826151, 50.865873728414797 ] ] ] ] } },
{ "type": "Feature", "properties": { "fid": 3066, "gml_id": "zdh_2008.3089", "lib_ocs": "PRAIRIES", "lib_conf": "caractère hygrophile très probable" }, "geometry": { "type": "MultiPolygon", "coordinates": [ [ [ [ 2.07716850309918, 50.818949906076348 ], [ 2.074924193878995, 50.819527240916621 ], [ 2.07409823800021, 50.819078770129636 ], [ 2.074022299725829, 50.819125759618473 ], [ 2.073440662249019, 50.819481229618283 ], [ 2.073155546793157, 50.819656762866202 ], [ 2.072798820551855, 50.819874830138886 ], [ 2.072676175637078, 50.819843411712448 ], [ 2.072175750634271, 50.819714074539554 ], [ 2.071145284821148, 50.819448892675545 ], [ 2.07064298152541, 50.819725983900064 ], [ 2.070343876154986, 50.819891536816314 ], [ 2.069084896020699, 50.819499917332131 ], [ 2.06868272126041, 50.819647649018975 ], [ 2.068675590125406, 50.8196502874506 ], [ 2.068062299219606, 50.819497659324142 ], [ 2.067780281451596, 50.819657950530221 ], [ 2.067769052138013, 50.819652483119057 ], [ 2.065781025073631, 50.81878611916877 ], [ 2.065554981097427, 50.818679447721152 ], [ 2.066341167510896, 50.818067140953993 ], [ 2.066589829367854, 50.817872507715343 ], [ 2.066582782081368, 50.817870660458638 ], [ 2.067881460659696, 50.817116827268954 ], [ 2.070590405594744, 50.815542657479597 ], [ 2.071414139419677, 50.816029719487148 ], [ 2.072037548196131, 50.816398642826329 ], [ 2.072898786263345, 50.81662128722899 ], [ 2.073292038809102, 50.816723805536888 ], [ 2.073695629175696, 50.816956499342012 ], [ 2.073830680607204, 50.817005953959139 ], [ 2.073926346351719, 50.817040759942799 ], [ 2.075002503905854, 50.817437256214184 ], [ 2.074964185085626, 50.817441458031865 ], [ 2.074866122755492, 50.817459572250804 ], [ 2.074639794138131, 50.8175206989388 ], [ 2.074542931903345, 50.817550485932074 ], [ 2.074461718738057, 50.817653065481565 ], [ 2.074654325958325, 50.817807026303832 ], [ 2.075026409405726, 50.817829527387339 ], [ 2.075528739499087, 50.81777852259755 ], [ 2.07595051365594, 50.817717946202634 ], [ 2.076127366881756, 50.817728229604228 ], [ 2.076208832204048, 50.817841885579938 ], [ 2.076432402038268, 50.818160267767446 ], [ 2.076833957700924, 50.818581355673317 ], [ 2.076871449393395, 50.818622009065002 ], [ 2.077088003041896, 50.818860483518378 ], [ 2.07716850309918, 50.818949906076348 ] ] ] ] } },
{ "type": "Feature", "properties": { "fid": 3073, "gml_id": "zdh_2008.3096", "lib_ocs": "BOISEMENTS ARTIFICIELS, PLANTATIONS", "lib_conf": "caractère hygrophile très probable" }, "geometry": { "type": "MultiPolygon", "coordinates": [ [ [ [ 2.07716850309918, 50.818949906076348 ], [ 2.077088003041896, 50.818860483518378 ], [ 2.076871449393395, 50.818622009065002 ], [ 2.076833957700924, 50.818581355673317 ], [ 2.076432402038268, 50.818160267767446 ], [ 2.076208832204048, 50.817841885579938 ], [ 2.076127366881756, 50.817728229604228 ], [ 2.07595051365594, 50.817717946202634 ], [ 2.075528739499087, 50.81777852259755 ], [ 2.075026409405726, 50.817829527387339 ], [ 2.074654325958325, 50.817807026303832 ], [ 2.074461718738057, 50.817653065481565 ], [ 2.074542931903345, 50.817550485932074 ], [ 2.074639794138131, 50.8175206989388 ], [ 2.074866122755492, 50.817459572250804 ], [ 2.074964185085626, 50.817441458031865 ], [ 2.075002503905854, 50.817437256214184 ], [ 2.075320429495798, 50.81755446194375 ], [ 2.075640803250919, 50.817462628125369 ], [ 2.075747610817874, 50.817431119549717 ], [ 2.076086591674063, 50.817328655676739 ], [ 2.076290259435552, 50.817267358425191 ], [ 2.076425554577106, 50.817227087983113 ], [ 2.077084542194414, 50.817512805365432 ], [ 2.077378233132072, 50.8176387987372 ], [ 2.077448163654066, 50.817686870046373 ], [ 2.078023173912527, 50.818072451325548 ], [ 2.078202585292276, 50.818251431540126 ], [ 2.07725798053144, 50.819013375139448 ], [ 2.077232373288037, 50.819019466229719 ], [ 2.07716850309918, 50.818949906076348 ] ] ] ] } },
{ "type": "Feature", "properties": { "fid": 3088, "gml_id": "zdh_2008.2895", "lib_ocs": "PRAIRIES", "lib_conf": "caractère hygrophile supposé" }, "geometry": { "type": "MultiPolygon", "coordinates": [ [ [ [ 2.108349022956162, 50.853806444231843 ], [ 2.10689537286356, 50.854647473319382 ], [ 2.106646483955081, 50.854536234604325 ], [ 2.105302255462146, 50.855200385756397 ], [ 2.104568941089474, 50.854754606572136 ], [ 2.105946907895488, 50.853868202726943 ], [ 2.10655160964319, 50.854293315241023 ], [ 2.107928831897457, 50.853366510512238 ], [ 2.108349022956162, 50.853806444231843 ] ] ] ] } },
{ "type": "Feature", "properties": { "fid": 3097, "gml_id": "zdh_2008.2963", "lib_ocs": "FORMATIONS FORESTIERES A FORTE NATURALITE", "lib_conf": "caractère hygrophile supposé" }, "geometry": { "type": "MultiPolygon", "coordinates": [ [ [ [ 2.091402098332649, 50.841538809835171 ], [ 2.092023110778789, 50.841362994841461 ], [ 2.092223533644398, 50.841562736159524 ], [ 2.092242880606133, 50.84158979312253 ], [ 2.092273627394918, 50.841613344243378 ], [ 2.092613228258114, 50.841874210496002 ], [ 2.092157818957137, 50.842138262745557 ], [ 2.091936105791556, 50.842252387777876 ], [ 2.091892378163369, 50.842319359621655 ], [ 2.091758393456888, 50.842518460212887 ], [ 2.091760673051291, 50.842548981720405 ], [ 2.091770718370666, 50.842776047217832 ], [ 2.092014482952286, 50.84293034671559 ], [ 2.092337137893886, 50.843110341557939 ], [ 2.092473174237623, 50.843266547547941 ], [ 2.092488157362149, 50.843299853053388 ], [ 2.091728412345549, 50.843622697962559 ], [ 2.091110133417934, 50.842789178612158 ], [ 2.090776794110174, 50.842339941568632 ], [ 2.091770988326883, 50.842059183780151 ], [ 2.091859305239607, 50.84203380804454 ], [ 2.091402098332649, 50.841538809835171 ] ] ] ] } },
{ "type": "Feature", "properties": { "fid": 3104, "gml_id": "zdh_2008.3102", "lib_ocs": "TERRES ARABLES", "lib_conf": "caractère hygrophile supposé" }, "geometry": { "type": "MultiPolygon", "coordinates": [ [ [ [ 2.062107800347236, 50.816474157002972 ], [ 2.061544160388226, 50.815037015481003 ], [ 2.061565653927532, 50.81502371864218 ], [ 2.061554459994257, 50.815016456395398 ], [ 2.061605741511409, 50.815000692102636 ], [ 2.061015423780856, 50.814081055275118 ], [ 2.06170486862137, 50.813566741834798 ], [ 2.065002158446106, 50.814535425146261 ], [ 2.064134272809684, 50.815428847803268 ], [ 2.065466983667756, 50.815656878076311 ], [ 2.065575687491711, 50.815675637978089 ], [ 2.0656004481249, 50.815639036619679 ], [ 2.067257936816706, 50.81591972763762 ], [ 2.067247015346676, 50.815821846394435 ], [ 2.067339685818332, 50.815940975988411 ], [ 2.06722401149836, 50.815992150436173 ], [ 2.067174308192552, 50.816075222046358 ], [ 2.067304327267206, 50.816242185006189 ], [ 2.067634738118575, 50.816372065570121 ], [ 2.065837874954363, 50.81748644409717 ], [ 2.065687386967364, 50.817581320921036 ], [ 2.063740361099319, 50.816952100104984 ], [ 2.063098860229552, 50.817022647993348 ], [ 2.0628543698822, 50.81691852432207 ], [ 2.062117797243705, 50.816469746013354 ], [ 2.062107800347236, 50.816474157002972 ] ] ] ] } },
{ "type": "Feature", "properties": { "fid": 3109, "gml_id": "zdh_2008.2659", "lib_ocs": "HABITATS LEGERS DE LOISIRS", "lib_conf": "caractère hygrophile supposé" }, "geometry": { "type": "MultiPolygon", "coordinates": [ [ [ [ 2.112164396477648, 50.876715053159849 ], [ 2.111687310642138, 50.876431746446585 ], [ 2.114089665430905, 50.874737949992344 ], [ 2.114376004910123, 50.875142805005048 ], [ 2.112164396477648, 50.876715053159849 ] ] ] ] } },
{ "type": "Feature", "properties": { "fid": 3131, "gml_id": "zdh_2008.3107", "lib_ocs": "PRAIRIES", "lib_conf": "caractère hygrophile très probable" }, "geometry": { "type": "MultiPolygon", "coordinates": [ [ [ [ 2.067247015346676, 50.815821846394435 ], [ 2.067257936816706, 50.81591972763762 ], [ 2.0656004481249, 50.815639036619679 ], [ 2.065575687491711, 50.815675637978089 ], [ 2.065466983667756, 50.815656878076311 ], [ 2.064134272809684, 50.815428847803268 ], [ 2.065002158446106, 50.814535425146261 ], [ 2.06170486862137, 50.813566741834798 ], [ 2.061015423780856, 50.814081055275118 ], [ 2.061605741511409, 50.815000692102636 ], [ 2.061554459994257, 50.815016456395398 ], [ 2.061565653927532, 50.81502371864218 ], [ 2.061544160388226, 50.815037015481003 ], [ 2.062107800347236, 50.816474157002972 ], [ 2.061603368316393, 50.816712615759954 ], [ 2.061601209281422, 50.816676709791416 ], [ 2.061058388537509, 50.816243739458365 ], [ 2.059930627436696, 50.816866897724431 ], [ 2.05917146411492, 50.816039294490487 ], [ 2.059117349916996, 50.815979667882011 ], [ 2.059356284559185, 50.815851370966087 ], [ 2.057906943969241, 50.814673108026632 ], [ 2.057742349732737, 50.814539071316005 ], [ 2.057505237171982, 50.814345267701171 ], [ 2.056878918652607, 50.813837174163197 ], [ 2.055283418382744, 50.812905410781426 ], [ 2.05327713164186, 50.811906800525392 ], [ 2.053154926043681, 50.811853831588756 ], [ 2.053448335299128, 50.811615597225803 ], [ 2.052548398500999, 50.811052462852672 ], [ 2.052647062056312, 50.810927597640358 ], [ 2.05155208311029, 50.810270555422193 ], [ 2.051370064850941, 50.810384915645749 ], [ 2.05134345122111, 50.810369459757375 ], [ 2.051021127876015, 50.810340088121343 ], [ 2.048506377815881, 50.809057579136244 ], [ 2.046474170824056, 50.808616746827965 ], [ 2.046610427045462, 50.80845179696253 ], [ 2.046943706412679, 50.808425634112311 ], [ 2.047153549736469, 50.808337513182025 ], [ 2.047304982597749, 50.808267787737535 ], [ 2.047400888406104, 50.80821378826694 ], [ 2.0479505364633, 50.80835167992231 ], [ 2.048136206193912, 50.80819428392023 ], [ 2.047565476661688, 50.807973684300684 ], [ 2.04754016180375, 50.807964518248156 ], [ 2.047603809225834, 50.807894121416417 ], [ 2.04773338883474, 50.807782057320736 ], [ 2.047871187416221, 50.807833356651052 ], [ 2.048321688686999, 50.80782333908553 ], [ 2.048392416813646, 50.807306161809386 ], [ 2.048754345860579, 50.807336740139519 ], [ 2.048772598420307, 50.807344954788029 ], [ 2.050097086383558, 50.8079912132456 ], [ 2.050820523890357, 50.808299100997395 ], [ 2.05377763795891, 50.809554417608851 ], [ 2.055203576694618, 50.810159218047509 ], [ 2.057211657743407, 50.810760331445934 ], [ 2.057753824818832, 50.810922348098607 ], [ 2.059397237538195, 50.811413894647778 ], [ 2.059581734527752, 50.811468224776014 ], [ 2.05968847097459, 50.81159105619485 ], [ 2.059746221609267, 50.81175838041873 ], [ 2.059770141504774, 50.811766636132866 ], [ 2.059872850489514, 50.811802403718758 ], [ 2.059957387785666, 50.811900841629217 ], [ 2.060172803126881, 50.812043334485537 ], [ 2.060806430417255, 50.812464434742033 ], [ 2.061453613887175, 50.81261645902805 ], [ 2.061860842531133, 50.812877035372601 ], [ 2.062234915026118, 50.813093395636166 ], [ 2.062574783780597, 50.813245792848676 ], [ 2.063090283015432, 50.81324608023548 ], [ 2.06335792799244, 50.813247194745031 ], [ 2.064210457344055, 50.81324911272457 ], [ 2.064688109807836, 50.813228472635345 ], [ 2.064820346057671, 50.813124487039794 ], [ 2.066117573709585, 50.813429408563323 ], [ 2.066134482305702, 50.813434021496334 ], [ 2.065878124895403, 50.813814327317715 ], [ 2.066034350468838, 50.813866641181342 ], [ 2.067004012187722, 50.814195117905072 ], [ 2.067033565182256, 50.814205208837031 ], [ 2.067179914282264, 50.81425565279077 ], [ 2.067578165287432, 50.814392322455021 ], [ 2.067736919827711, 50.815297035324903 ], [ 2.067223538968515, 50.815637735801403 ], [ 2.067143234071815, 50.815690969381293 ], [ 2.067247015346676, 50.815821846394435 ] ] ] ] } },
{ "type": "Feature", "properties": { "fid": 3147, "gml_id": "zdh_2008.2907", "lib_ocs": "PRAIRIES", "lib_conf": "caractère hygrophile supposé" }, "geometry": { "type": "MultiPolygon", "coordinates": [ [ [ [ 2.103250963152318, 50.852373875343261 ], [ 2.103784429759756, 50.85210586144612 ], [ 2.10511029211558, 50.852938998867288 ], [ 2.105088713550052, 50.852956787793495 ], [ 2.104416724442908, 50.853440931571903 ], [ 2.102855517771614, 50.8526904306094 ], [ 2.103271978821208, 50.852387484247558 ], [ 2.103250963152318, 50.852373875343261 ] ] ] ] } },
{ "type": "Feature", "properties": { "fid": 3162, "gml_id": "zdh_2008.2977", "lib_ocs": "TAILLIS HYGROPHILES", "lib_conf": "caractère hygrophile supposé" }, "geometry": { "type": "MultiPolygon", "coordinates": [ [ [ [ 2.090615926062417, 50.840043717930037 ], [ 2.090628497654708, 50.840053678881304 ], [ 2.090638251994315, 50.840062722080184 ], [ 2.091126154813009, 50.839803397478647 ], [ 2.091169245280544, 50.839771412082222 ], [ 2.091519697913985, 50.839590038272178 ], [ 2.091851550762453, 50.839418397271501 ], [ 2.091999204993443, 50.839324368513665 ], [ 2.092485596029101, 50.839615912755526 ], [ 2.092721805835385, 50.839483050498743 ], [ 2.093072560003584, 50.839284627552644 ], [ 2.093061372336736, 50.839276471318271 ], [ 2.093108564954509, 50.839252589940223 ], [ 2.093461155646503, 50.839030851809248 ], [ 2.093481169189745, 50.839021128017748 ], [ 2.093538229876225, 50.839000009831523 ], [ 2.093620582589739, 50.839068796230258 ], [ 2.092839593830875, 50.839551197968106 ], [ 2.093412988087279, 50.839968083037583 ], [ 2.093918964008808, 50.840665300645803 ], [ 2.094130563591913, 50.840874092338716 ], [ 2.094195189809338, 50.841061180408431 ], [ 2.094030112588349, 50.841256469070302 ], [ 2.093824264738552, 50.841199346743323 ], [ 2.092435536887643, 50.840812421542402 ], [ 2.092422850748137, 50.840808740393179 ], [ 2.090295366507814, 50.840217232336592 ], [ 2.090615926062417, 50.840043717930037 ] ] ] ] } },
{ "type": "Feature", "properties": { "fid": 3198, "gml_id": "zdh_2008.2984", "lib_ocs": "FORMATIONS FORESTIERES A FORTE NATURALITE", "lib_conf": "caractère hygrophile supposé" }, "geometry": { "type": "MultiPolygon", "coordinates": [ [ [ [ 2.093712295951975, 50.839012041528051 ], [ 2.093620582589739, 50.839068796230258 ], [ 2.093538229876225, 50.839000009831523 ], [ 2.093481169189745, 50.839021128017748 ], [ 2.093461155646503, 50.839030851809248 ], [ 2.093108564954509, 50.839252589940223 ], [ 2.093061372336736, 50.839276471318271 ], [ 2.093072560003584, 50.839284627552644 ], [ 2.092721805835385, 50.839483050498743 ], [ 2.092485596029101, 50.839615912755526 ], [ 2.091999204993443, 50.839324368513665 ], [ 2.091851550762453, 50.839418397271501 ], [ 2.091519697913985, 50.839590038272178 ], [ 2.091169245280544, 50.839771412082222 ], [ 2.091126154813009, 50.839803397478647 ], [ 2.090638251994315, 50.840062722080184 ], [ 2.090628497654708, 50.840053678881304 ], [ 2.090615926062417, 50.840043717930037 ], [ 2.090730394763117, 50.839982645375962 ], [ 2.090493458003685, 50.839765587836943 ], [ 2.091190524842408, 50.839302327735972 ], [ 2.091691087861823, 50.838969521906343 ], [ 2.091061100686211, 50.838471466798026 ], [ 2.09120482951362, 50.838359466060879 ], [ 2.090938503514288, 50.838200513189356 ], [ 2.090923117514087, 50.838111577303174 ], [ 2.090919258789116, 50.838090016147255 ], [ 2.091015531292322, 50.838094306809744 ], [ 2.091191291402282, 50.837934987417576 ], [ 2.0908807744167, 50.837712907529934 ], [ 2.090860940325844, 50.837712762923189 ], [ 2.090724015822337, 50.837450676407116 ], [ 2.090592136674653, 50.83730077774333 ], [ 2.090489682744008, 50.837169037743806 ], [ 2.090376124230748, 50.837024655670454 ], [ 2.090366419493821, 50.837012921133045 ], [ 2.090307051941473, 50.836927252989305 ], [ 2.090082509890702, 50.836652862420188 ], [ 2.090064076587046, 50.836653625116789 ], [ 2.090030761737155, 50.836615699115768 ], [ 2.089919165929912, 50.836674997840326 ], [ 2.089899740481702, 50.836652425773053 ], [ 2.089559626458585, 50.836266833453251 ], [ 2.089513790845641, 50.836216254895028 ], [ 2.089509671499167, 50.836209047118544 ], [ 2.089651992627522, 50.83617419777574 ], [ 2.089667249411095, 50.836192253405521 ], [ 2.090124790872509, 50.836120227123452 ], [ 2.090520805800979, 50.836626452052812 ], [ 2.090529093808875, 50.836638176252272 ], [ 2.09054426946296, 50.836660717223708 ], [ 2.090883482716175, 50.837018486445288 ], [ 2.090879053184515, 50.83702832346961 ], [ 2.091049556478038, 50.837235924924087 ], [ 2.09143493348866, 50.837236939097814 ], [ 2.091620829322227, 50.837377361070445 ], [ 2.091855091837774, 50.837351253901332 ], [ 2.092365889052958, 50.837624135984306 ], [ 2.092382726826975, 50.837633230640812 ], [ 2.092422036702423, 50.837653255374974 ], [ 2.092454311860309, 50.837670537267314 ], [ 2.092502968819724, 50.837643975096483 ], [ 2.092558839781662, 50.837688344975497 ], [ 2.092344182024677, 50.837805214339944 ], [ 2.093457541510779, 50.83829242315052 ], [ 2.0935826553566, 50.83834716518512 ], [ 2.094121073039244, 50.83858255753843 ], [ 2.094248258000814, 50.838679482698794 ], [ 2.093745255390672, 50.838991645289255 ], [ 2.093712295951975, 50.839012041528051 ] ] ] ] } },
{ "type": "Feature", "properties": { "fid": 3244, "gml_id": "zdh_2008.2943", "lib_ocs": "ZONES BATIES", "lib_conf": "zone non humide (zones urbaines, artificialisées)" }, "geometry": { "type": "MultiPolygon", "coordinates": [ [ [ [ 2.10308243508031, 50.845178970419497 ], [ 2.101863671934204, 50.846443322351099 ], [ 2.101418477441257, 50.846139554705559 ], [ 2.101769292150465, 50.845938418098143 ], [ 2.101323747932168, 50.845654385667913 ], [ 2.102443045960128, 50.844720388099525 ], [ 2.10308243508031, 50.845178970419497 ] ] ] ] } },
{ "type": "Feature", "properties": { "fid": 3257, "gml_id": "zdh_2008.2944", "lib_ocs": "MOSAIQUES D'ENTITES DE MOINS DE 1 Ha", "lib_conf": "caractère hygrophile très probable" }, "geometry": { "type": "MultiPolygon", "coordinates": [ [ [ [ 2.093361005069561, 50.845100602835466 ], [ 2.093369945932866, 50.845076443450097 ], [ 2.093250201421864, 50.844724767842749 ], [ 2.093075508325166, 50.844355645530484 ], [ 2.092942396993435, 50.84403796563543 ], [ 2.092712467039133, 50.843823656447753 ], [ 2.092595303925288, 50.843642466553604 ], [ 2.09257874090529, 50.843618121599263 ], [ 2.092732188158265, 50.843595910778383 ], [ 2.092760330555143, 50.843606881928096 ], [ 2.092887036605156, 50.843652663688921 ], [ 2.093242225392499, 50.843992594345643 ], [ 2.093664026126541, 50.844175997807895 ], [ 2.093952884321325, 50.844344976000166 ], [ 2.094019058849257, 50.84444684036967 ], [ 2.094215177898101, 50.844415965719918 ], [ 2.094602028722, 50.84519933842536 ], [ 2.095193522198061, 50.846029950804592 ], [ 2.095200412140142, 50.846040767163416 ], [ 2.095246035206349, 50.846103901982488 ], [ 2.095254325893642, 50.8461156256962 ], [ 2.095302945372181, 50.846169810247233 ], [ 2.094991684873432, 50.846141533258653 ], [ 2.094969045988214, 50.846139574583304 ], [ 2.094356412303544, 50.846084884344172 ], [ 2.094342258968544, 50.846083884370337 ], [ 2.094218289666932, 50.845808441482788 ], [ 2.09354656142477, 50.845261653090922 ], [ 2.093361005069561, 50.845100602835466 ] ] ] ] } },
{ "type": "Feature", "properties": { "fid": 3259, "gml_id": "zdh_2008.2997", "lib_ocs": "PRAIRIES", "lib_conf": "caractère hygrophile très probable" }, "geometry": { "type": "MultiPolygon", "coordinates": [ [ [ [ 2.092558839781662, 50.837688344975497 ], [ 2.092502968819724, 50.837643975096483 ], [ 2.092454311860309, 50.837670537267314 ], [ 2.092422036702423, 50.837653255374974 ], [ 2.092382726826975, 50.837633230640812 ], [ 2.092365889052958, 50.837624135984306 ], [ 2.091855091837774, 50.837351253901332 ], [ 2.091620829322227, 50.837377361070445 ], [ 2.09143493348866, 50.837236939097814 ], [ 2.091049556478038, 50.837235924924087 ], [ 2.090879053184515, 50.83702832346961 ], [ 2.090883482716175, 50.837018486445288 ], [ 2.09054426946296, 50.836660717223708 ], [ 2.090529093808875, 50.836638176252272 ], [ 2.090520805800979, 50.836626452052812 ], [ 2.090124790872509, 50.836120227123452 ], [ 2.089667249411095, 50.836192253405521 ], [ 2.089651992627522, 50.83617419777574 ], [ 2.089485471052384, 50.835981875689022 ], [ 2.089478567396183, 50.835971955939641 ], [ 2.089492962814565, 50.835959500082957 ], [ 2.089800898936577, 50.835699762205486 ], [ 2.089475719799593, 50.835661499550156 ], [ 2.089211326863994, 50.835630857769949 ], [ 2.089171823762252, 50.835621597084959 ], [ 2.08924066681335, 50.835420226991509 ], [ 2.088912139120014, 50.835099316098564 ], [ 2.088775760099713, 50.834963737428239 ], [ 2.088485851326834, 50.834778586736647 ], [ 2.088506526392173, 50.834421646501141 ], [ 2.088604808839325, 50.834237538672021 ], [ 2.088469332469816, 50.834052619222646 ], [ 2.087759594955457, 50.833659831396403 ], [ 2.087922429780215, 50.833587450949182 ], [ 2.08806100194019, 50.833524762206288 ], [ 2.088715249839598, 50.833230772681112 ], [ 2.089349877986008, 50.833858077252245 ], [ 2.090324140890291, 50.834819825464457 ], [ 2.090347815736166, 50.834842428534621 ], [ 2.091100085991791, 50.834768062389685 ], [ 2.091437404089417, 50.834995721442752 ], [ 2.092488897343503, 50.836077342517868 ], [ 2.093301574027478, 50.836657469929044 ], [ 2.093339352939927, 50.836683763751708 ], [ 2.093097041895676, 50.837310049046891 ], [ 2.093116909455999, 50.837386456401724 ], [ 2.092558839781662, 50.837688344975497 ] ] ] ] } },
{ "type": "Feature", "properties": { "fid": 3281, "gml_id": "zdh_2008.2704", "lib_ocs": "BOISEMENTS ARTIFICIELS, PLANTATIONS", "lib_conf": "caractère hygrophile supposé" }, "geometry": { "type": "MultiPolygon", "coordinates": [ [ [ [ 2.119713117480138, 50.874263673935985 ], [ 2.119457909525896, 50.874182026618982 ], [ 2.121833336486126, 50.871417577915061 ], [ 2.123871808945443, 50.872815324124794 ], [ 2.123518406639433, 50.873077503680257 ], [ 2.121831547976424, 50.871922665684451 ], [ 2.120834721306256, 50.873537707236117 ], [ 2.120387034217319, 50.873435865251302 ], [ 2.119713117480138, 50.874263673935985 ] ] ] ] } },
{ "type": "Feature", "properties": { "fid": 3285, "gml_id": "zdh_2008.2946", "lib_ocs": "PRAIRIES", "lib_conf": "caractère hygrophile supposé" }, "geometry": { "type": "MultiPolygon", "coordinates": [ [ [ [ 2.095246035206349, 50.846103901982488 ], [ 2.095200412140142, 50.846040767163416 ], [ 2.095193522198061, 50.846029950804592 ], [ 2.094602028722, 50.84519933842536 ], [ 2.094215177898101, 50.844415965719918 ], [ 2.094019058849257, 50.84444684036967 ], [ 2.093952884321325, 50.844344976000166 ], [ 2.093664026126541, 50.844175997807895 ], [ 2.093242225392499, 50.843992594345643 ], [ 2.092887036605156, 50.843652663688921 ], [ 2.092760330555143, 50.843606881928096 ], [ 2.092732188158265, 50.843595910778383 ], [ 2.09257874090529, 50.843618121599263 ], [ 2.092595303925288, 50.843642466553604 ], [ 2.092712467039133, 50.843823656447753 ], [ 2.092942396993435, 50.84403796563543 ], [ 2.093075508325166, 50.844355645530484 ], [ 2.093250201421864, 50.844724767842749 ], [ 2.093369945932866, 50.845076443450097 ], [ 2.093361005069561, 50.845100602835466 ], [ 2.093359506789938, 50.845105077940069 ], [ 2.092244071812547, 50.845426236198037 ], [ 2.092095928048823, 50.845468223384323 ], [ 2.092044706364564, 50.845479514078193 ], [ 2.0920323775316, 50.845456097147533 ], [ 2.091977101959711, 50.845300479264367 ], [ 2.091889580361698, 50.845047728972972 ], [ 2.091887267982285, 50.845019001747659 ], [ 2.091860471011168, 50.844075849113302 ], [ 2.091735301206176, 50.843633514553062 ], [ 2.091728412345549, 50.843622697962559 ], [ 2.092488157362149, 50.843299853053388 ], [ 2.092473174237623, 50.843266547547941 ], [ 2.092337137893886, 50.843110341557939 ], [ 2.092014482952286, 50.84293034671559 ], [ 2.091770718370666, 50.842776047217832 ], [ 2.091760673051291, 50.842548981720405 ], [ 2.091758393456888, 50.842518460212887 ], [ 2.091892378163369, 50.842319359621655 ], [ 2.091936105791556, 50.842252387777876 ], [ 2.092157818957137, 50.842138262745557 ], [ 2.092613228258114, 50.841874210496002 ], [ 2.092273627394918, 50.841613344243378 ], [ 2.092242880606133, 50.84158979312253 ], [ 2.092223533644398, 50.841562736159524 ], [ 2.092023110778789, 50.841362994841461 ], [ 2.091402098332649, 50.841538809835171 ], [ 2.090971298005008, 50.841072712566316 ], [ 2.090776761439662, 50.840861348279425 ], [ 2.092547449845674, 50.8413605310216 ], [ 2.094321023539034, 50.841858811731328 ], [ 2.094259498117996, 50.841891561424283 ], [ 2.092907416707635, 50.842607571453854 ], [ 2.094283002162824, 50.844192158226839 ], [ 2.095807903271222, 50.845909696038454 ], [ 2.095841244922898, 50.84594672287124 ], [ 2.095246035206349, 50.846103901982488 ] ] ] ] } },
{ "type": "Feature", "properties": { "fid": 3295, "gml_id": "zdh_2008.3006", "lib_ocs": "TAILLIS HYGROPHILES", "lib_conf": "caractère hygrophile très probable" }, "geometry": { "type": "MultiPolygon", "coordinates": [ [ [ [ 2.081019094095562, 50.827999114304184 ], [ 2.080874125292999, 50.827870639687511 ], [ 2.080619007000961, 50.827646246747634 ], [ 2.080751614492791, 50.827368187527149 ], [ 2.080770737089281, 50.827329747829282 ], [ 2.080775134770683, 50.827321705225039 ], [ 2.080812835723998, 50.827274430246803 ], [ 2.080911460708801, 50.827149545781452 ], [ 2.080981443649042, 50.827041497370132 ], [ 2.081681005470703, 50.826977566061814 ], [ 2.082090596351598, 50.826967124139493 ], [ 2.082140170861198, 50.826967489143897 ], [ 2.08217558122564, 50.826967749849253 ], [ 2.082220198553085, 50.827006659038098 ], [ 2.08226850485282, 50.82699893962215 ], [ 2.082319166571839, 50.827017257075191 ], [ 2.083160506744778, 50.827874016828595 ], [ 2.085028252507023, 50.829775495729272 ], [ 2.085057457242558, 50.829805318370958 ], [ 2.084777879256188, 50.830064357765266 ], [ 2.08621180200846, 50.831137184678937 ], [ 2.086380924297027, 50.831263137609369 ], [ 2.086399175378105, 50.831272243543189 ], [ 2.086653274670038, 50.831399715945608 ], [ 2.086710844930576, 50.831427951465315 ], [ 2.086707979077516, 50.831429724910663 ], [ 2.087112176155055, 50.831794264267316 ], [ 2.08756515671444, 50.832203122764064 ], [ 2.087828616101572, 50.832439224368365 ], [ 2.08791083561199, 50.83251429491829 ], [ 2.087426155647572, 50.832677630801449 ], [ 2.086959535556945, 50.832937996480815 ], [ 2.086760565879046, 50.833049588616703 ], [ 2.086326848381619, 50.833292248487844 ], [ 2.086177387692929, 50.833175412200312 ], [ 2.085742005085344, 50.832811539167778 ], [ 2.085741523444868, 50.832760394244886 ], [ 2.085642898410284, 50.832652902130278 ], [ 2.0856289295001, 50.832642033076681 ], [ 2.085574388467915, 50.832603052720913 ], [ 2.085550618405064, 50.832585831250626 ], [ 2.08531848649547, 50.832419040427666 ], [ 2.083827336164728, 50.831221071435138 ], [ 2.083328309828261, 50.830853132050464 ], [ 2.083117243789335, 50.830697258101317 ], [ 2.082725900429289, 50.830406371600631 ], [ 2.082686600133369, 50.830386343586191 ], [ 2.08236603824608, 50.830175829260007 ], [ 2.082295937362356, 50.830135835536893 ], [ 2.08158075373837, 50.82965952765025 ], [ 2.081606384022376, 50.829343894144216 ], [ 2.081562753184799, 50.829328319946114 ], [ 2.081600257199178, 50.829291810092712 ], [ 2.082062572056882, 50.828956961834521 ], [ 2.081389307984318, 50.82851326054773 ], [ 2.081396950560872, 50.828482811248165 ], [ 2.081432099701832, 50.828343103286791 ], [ 2.081449146576459, 50.8283405372148 ], [ 2.08141696363611, 50.828318766711995 ], [ 2.081060911523762, 50.828036208757666 ], [ 2.081019094095562, 50.827999114304184 ] ] ] ] } },
{ "type": "Feature", "properties": { "fid": 3299, "gml_id": "zdh_2008.3010", "lib_ocs": "PRAIRIES", "lib_conf": "caractère hygrophile très probable" }, "geometry": { "type": "MultiPolygon", "coordinates": [ [ [ [ 2.080250959280252, 50.828324525572633 ], [ 2.080297487734295, 50.828336532742391 ], [ 2.080958564805849, 50.828055193255246 ], [ 2.081019094095562, 50.827999114304184 ], [ 2.081060911523762, 50.828036208757666 ], [ 2.08141696363611, 50.828318766711995 ], [ 2.081449146576459, 50.8283405372148 ], [ 2.081432099701832, 50.828343103286791 ], [ 2.081396950560872, 50.828482811248165 ], [ 2.081389307984318, 50.82851326054773 ], [ 2.082062572056882, 50.828956961834521 ], [ 2.081600257199178, 50.829291810092712 ], [ 2.081562753184799, 50.829328319946114 ], [ 2.081606384022376, 50.829343894144216 ], [ 2.08158075373837, 50.82965952765025 ], [ 2.082295937362356, 50.830135835536893 ], [ 2.08236603824608, 50.830175829260007 ], [ 2.082686600133369, 50.830386343586191 ], [ 2.082725900429289, 50.830406371600631 ], [ 2.083117243789335, 50.830697258101317 ], [ 2.083328309828261, 50.830853132050464 ], [ 2.083827336164728, 50.831221071435138 ], [ 2.08531848649547, 50.832419040427666 ], [ 2.085550618405064, 50.832585831250626 ], [ 2.085574388467915, 50.832603052720913 ], [ 2.0856289295001, 50.832642033076681 ], [ 2.085642898410284, 50.832652902130278 ], [ 2.085741523444868, 50.832760394244886 ], [ 2.085742005085344, 50.832811539167778 ], [ 2.085423815849443, 50.832547218033511 ], [ 2.084874079789373, 50.832703786303881 ], [ 2.084829919601724, 50.832716920437463 ], [ 2.084772660895574, 50.832671639259885 ], [ 2.084191596585041, 50.832217866336663 ], [ 2.083139859912787, 50.831395461688011 ], [ 2.080780900003819, 50.829551349518148 ], [ 2.080086282174537, 50.828959442282468 ], [ 2.080250959280252, 50.828324525572633 ] ] ] ] } },
{ "type": "Feature", "properties": { "fid": 3318, "gml_id": "zdh_2008.2716", "lib_ocs": "ZONES BATIES", "lib_conf": "zone non humide (zones urbaines, artificialisées)" }, "geometry": { "type": "MultiPolygon", "coordinates": [ [ [ [ 2.118534209607843, 50.873574411022084 ], [ 2.118056776725996, 50.873230118191351 ], [ 2.118698058099797, 50.872725960535369 ], [ 2.118187676557175, 50.872401172481908 ], [ 2.12049640068018, 50.870284020710173 ], [ 2.121451962142679, 50.870851477284383 ], [ 2.118534209607843, 50.873574411022084 ] ] ] ] } },
{ "type": "Feature", "properties": { "fid": 3327, "gml_id": "zdh_2008.2803", "lib_ocs": "PRAIRIES", "lib_conf": "caractère hygrophile supposé" }, "geometry": { "type": "MultiPolygon", "coordinates": [ [ [ [ 2.141204341979538, 50.866041139432681 ], [ 2.137202709517144, 50.866666667849366 ], [ 2.138192509717165, 50.865009267613353 ], [ 2.13818361790184, 50.865031635343705 ], [ 2.140094740854677, 50.865437779828873 ], [ 2.140584125421875, 50.864679458083998 ], [ 2.140499430594905, 50.864658239847365 ], [ 2.141220596273727, 50.864682943370745 ], [ 2.140504776651369, 50.865913410900838 ], [ 2.141204341979538, 50.866041139432681 ] ] ] ] } },
{ "type": "Feature", "properties": { "fid": 3329, "gml_id": "zdh_2008.2805", "lib_ocs": "ZONES BATIES", "lib_conf": "zone non humide (zones urbaines, artificialisées)" }, "geometry": { "type": "MultiPolygon", "coordinates": [ [ [ [ 2.141847563380467, 50.865982763534774 ], [ 2.141291967015847, 50.866056994308828 ], [ 2.141204341979538, 50.866041139432681 ], [ 2.140504776651369, 50.865913410900838 ], [ 2.141220596273727, 50.864682943370745 ], [ 2.141222060020131, 50.864680261947598 ], [ 2.141746579587418, 50.864681179609406 ], [ 2.143237716229444, 50.862380324735959 ], [ 2.143500038942058, 50.862541821929561 ], [ 2.142345211246142, 50.864824356728981 ], [ 2.143956827543557, 50.865088425128377 ], [ 2.145005656698392, 50.865517284151416 ], [ 2.144926236008351, 50.866347513602641 ], [ 2.144476429352701, 50.86637044797893 ], [ 2.144516974753552, 50.865658377945536 ], [ 2.142691547826151, 50.865873728414797 ], [ 2.142529610794331, 50.865892353247254 ], [ 2.141847563380467, 50.865982763534774 ] ] ] ] } },
{ "type": "Feature", "properties": { "fid": 3337, "gml_id": "zdh_2008.3027", "lib_ocs": "PRAIRIES", "lib_conf": "caractère hygrophile très probable" }, "geometry": { "type": "MultiPolygon", "coordinates": [ [ [ [ 2.088178310895757, 50.828257146137382 ], [ 2.088261652604833, 50.828270316789045 ], [ 2.089201903379781, 50.827981105801442 ], [ 2.090116856220642, 50.828458828986385 ], [ 2.090346922939545, 50.828115974241101 ], [ 2.090619441414196, 50.827931339928831 ], [ 2.090953791950143, 50.827774072569973 ], [ 2.091308669666808, 50.827656431760047 ], [ 2.091600978240143, 50.827551792390764 ], [ 2.092096078898453, 50.8275132294673 ], [ 2.090893385841076, 50.827901935059643 ], [ 2.090103906802946, 50.828936954053049 ], [ 2.089947087410374, 50.829224714903361 ], [ 2.089641903978881, 50.829024200775244 ], [ 2.089345741683384, 50.829106376707919 ], [ 2.088675233416765, 50.828585574329104 ], [ 2.087482692115764, 50.829346668169208 ], [ 2.087472678512682, 50.829351978207619 ], [ 2.087317593749666, 50.829233306901351 ], [ 2.087309209482917, 50.829226964968065 ], [ 2.086832614933515, 50.829569802706828 ], [ 2.086062399580326, 50.829079658937651 ], [ 2.087216056892629, 50.828354182504533 ], [ 2.087446414368185, 50.82822936038216 ], [ 2.088020217603462, 50.828303542594135 ], [ 2.088178310895757, 50.828257146137382 ] ] ] ] } },
{ "type": "Feature", "properties": { "fid": 3362, "gml_id": "zdh_2008.2812", "lib_ocs": "ZONES BATIES", "lib_conf": "zone non humide (zones urbaines, artificialisées)" }, "geometry": { "type": "MultiPolygon", "coordinates": [ [ [ [ 2.140499430594905, 50.864658239847365 ], [ 2.140584125421875, 50.864679458083998 ], [ 2.140094740854677, 50.865437779828873 ], [ 2.13818361790184, 50.865031635343705 ], [ 2.138192509717165, 50.865009267613353 ], [ 2.138524815671889, 50.864153871304467 ], [ 2.140499430594905, 50.864658239847365 ] ] ] ] } },
{ "type": "Feature", "properties": { "fid": 3367, "gml_id": "zdh_2008.2817", "lib_ocs": "ZONES BATIES", "lib_conf": "zone non humide (zones urbaines, artificialisées)" }, "geometry": { "type": "MultiPolygon", "coordinates": [ [ [ [ 2.137476219920379, 50.863962707360677 ], [ 2.136911056147444, 50.864673841193884 ], [ 2.135112807839441, 50.864219982543169 ], [ 2.135491275194643, 50.863485133504454 ], [ 2.134928306247203, 50.86341304655592 ], [ 2.13462710183314, 50.863697154479731 ], [ 2.134328619254951, 50.863578451963463 ], [ 2.134139810314867, 50.863839114921028 ], [ 2.133165974534494, 50.863670862514525 ], [ 2.133542413193137, 50.86305443084828 ], [ 2.134442530685304, 50.863222169149815 ], [ 2.134555601543274, 50.862914327360748 ], [ 2.135155014276497, 50.863009995115803 ], [ 2.135343411219277, 50.862772653895 ], [ 2.135793138987605, 50.862916625449166 ], [ 2.135566224586412, 50.863413879338033 ], [ 2.137476219920379, 50.863962707360677 ] ] ] ] } },
{ "type": "Feature", "properties": { "fid": 3370, "gml_id": "zdh_2008.3038", "lib_ocs": "ZONES BATIES", "lib_conf": "zone non humide (zones urbaines, artificialisées)" }, "geometry": { "type": "MultiPolygon", "coordinates": [ [ [ [ 2.081019094095562, 50.827999114304184 ], [ 2.080958564805849, 50.828055193255246 ], [ 2.080297487734295, 50.828336532742391 ], [ 2.080250959280252, 50.828324525572633 ], [ 2.080269210647413, 50.828256471171606 ], [ 2.080383544517829, 50.8278167772907 ], [ 2.079847020957198, 50.827565184309663 ], [ 2.079141985620892, 50.827233388399307 ], [ 2.078988900902764, 50.827161376682014 ], [ 2.078959403929423, 50.827147700369892 ], [ 2.079391529986104, 50.826759701520274 ], [ 2.079762107198157, 50.82663682582114 ], [ 2.080807301945308, 50.827267211640006 ], [ 2.080812835723998, 50.827274430246803 ], [ 2.080775134770683, 50.827321705225039 ], [ 2.080770737089281, 50.827329747829282 ], [ 2.080751614492791, 50.827368187527149 ], [ 2.080619007000961, 50.827646246747634 ], [ 2.080874125292999, 50.827870639687511 ], [ 2.081019094095562, 50.827999114304184 ] ] ] ] } },
{ "type": "Feature", "properties": { "fid": 3396, "gml_id": "zdh_2008.2819", "lib_ocs": "PRAIRIES", "lib_conf": "caractère hygrophile supposé" }, "geometry": { "type": "MultiPolygon", "coordinates": [ [ [ [ 2.147719540925006, 50.863647930906033 ], [ 2.14691866842878, 50.863657994169294 ], [ 2.14680524039489, 50.863659012889499 ], [ 2.146738289505225, 50.863594856191014 ], [ 2.146108018728497, 50.862980470403784 ], [ 2.144790478006842, 50.862848534071802 ], [ 2.144739603549972, 50.862839213652876 ], [ 2.144739557490199, 50.862841904841638 ], [ 2.14471306085997, 50.862899141962615 ], [ 2.144707145415924, 50.862913456099704 ], [ 2.144491751557188, 50.863405421583394 ], [ 2.144735805262084, 50.86347527953027 ], [ 2.145394645678676, 50.863661919057449 ], [ 2.145277913480677, 50.864436271204589 ], [ 2.14526194329642, 50.864541130198539 ], [ 2.145270448250014, 50.864541188462518 ], [ 2.145521190992447, 50.864551877595559 ], [ 2.145524875901922, 50.864585097961182 ], [ 2.14552533894771, 50.864392210491651 ], [ 2.145526633176251, 50.863984905905639 ], [ 2.145527308112859, 50.863945435202027 ], [ 2.145583654345794, 50.86396645591109 ], [ 2.145634944221085, 50.863951555310088 ], [ 2.146296062776224, 50.863839449071499 ], [ 2.147732679805896, 50.863832307064563 ], [ 2.147719540925006, 50.863647930906033 ] ] ] ] } },
{ "type": "Feature", "properties": { "fid": 3407, "gml_id": "zdh_2008.3035", "lib_ocs": "TERRES ARABLES", "lib_conf": "caractère hygrophile très probable" }, "geometry": { "type": "MultiPolygon", "coordinates": [ [ [ [ 2.092096078898453, 50.8275132294673 ], [ 2.091600978240143, 50.827551792390764 ], [ 2.091308669666808, 50.827656431760047 ], [ 2.090953791950143, 50.827774072569973 ], [ 2.090619441414196, 50.827931339928831 ], [ 2.090346922939545, 50.828115974241101 ], [ 2.090116856220642, 50.828458828986385 ], [ 2.089201903379781, 50.827981105801442 ], [ 2.088261652604833, 50.828270316789045 ], [ 2.088178310895757, 50.828257146137382 ], [ 2.089220839992422, 50.827952532990821 ], [ 2.091587946166656, 50.827021437913523 ], [ 2.092194170983658, 50.827494204868671 ], [ 2.092155927331404, 50.827493926379894 ], [ 2.092096078898453, 50.8275132294673 ] ] ] ] } },
{ "type": "Feature", "properties": { "fid": 3435, "gml_id": "zdh_2008.2833", "lib_ocs": "BOISEMENTS ARTIFICIELS, PLANTATIONS", "lib_conf": "caractère hygrophile supposé" }, "geometry": { "type": "MultiPolygon", "coordinates": [ [ [ [ 2.112562058363117, 50.861194258475976 ], [ 2.114568648768184, 50.860593053908325 ], [ 2.114822298521583, 50.861078431030073 ], [ 2.113733911089523, 50.861460974805837 ], [ 2.114081009161638, 50.862512235502848 ], [ 2.113026681650983, 50.86257113517285 ], [ 2.111413639943092, 50.862799202200016 ], [ 2.111332638695634, 50.862810288507227 ], [ 2.11114570475334, 50.862082246791914 ], [ 2.110602068201524, 50.862121436813993 ], [ 2.11028463502032, 50.861717239636675 ], [ 2.112489373138879, 50.861216170788801 ], [ 2.112562058363117, 50.861194258475976 ] ] ] ] } },
{ "type": "Feature", "properties": { "fid": 3444, "gml_id": "zdh_2008.3049", "lib_ocs": "PRAIRIES", "lib_conf": "caractère hygrophile supposé" }, "geometry": { "type": "MultiPolygon", "coordinates": [ [ [ [ 2.082140170861198, 50.826967489143897 ], [ 2.082090596351598, 50.826967124139493 ], [ 2.081681005470703, 50.826977566061814 ], [ 2.080981443649042, 50.827041497370132 ], [ 2.080911460708801, 50.827149545781452 ], [ 2.080812835723998, 50.827274430246803 ], [ 2.080807301945308, 50.827267211640006 ], [ 2.079762107198157, 50.82663682582114 ], [ 2.079391529986104, 50.826759701520274 ], [ 2.078959403929423, 50.827147700369892 ], [ 2.075013035695358, 50.825292623206195 ], [ 2.075420710280185, 50.823699474933854 ], [ 2.075528483309957, 50.823693096386307 ], [ 2.075774461126943, 50.823566616256898 ], [ 2.076398676882072, 50.823131599210342 ], [ 2.076632996159193, 50.822945813610943 ], [ 2.076647506963665, 50.822927079220641 ], [ 2.076806869815977, 50.822965046078508 ], [ 2.076902764280541, 50.822988187035769 ], [ 2.076987916910785, 50.823056109981472 ], [ 2.077402783304279, 50.823372315038988 ], [ 2.077677991613927, 50.823580714788918 ], [ 2.079517772965256, 50.824980533816429 ], [ 2.080119906842426, 50.825437181672505 ], [ 2.080235832240279, 50.8255268626245 ], [ 2.080318276450377, 50.825588482385371 ], [ 2.080407477354815, 50.825513773262465 ], [ 2.080424754253762, 50.825498647828738 ], [ 2.081996272378684, 50.82670354235141 ], [ 2.082140170861198, 50.826967489143897 ] ] ] ] } },
{ "type": "Feature", "properties": { "fid": 3471, "gml_id": "zdh_2008.2843", "lib_ocs": "ZONES BATIES", "lib_conf": "zone non humide (zones urbaines, artificialisées)" }, "geometry": { "type": "MultiPolygon", "coordinates": [ [ [ [ 2.128601750350646, 50.861606079800886 ], [ 2.126656165727203, 50.860914212975239 ], [ 2.126958765783735, 50.860227301630125 ], [ 2.127895919606579, 50.860299349991472 ], [ 2.129318084545058, 50.860847587414248 ], [ 2.128601750350646, 50.861606079800886 ] ] ] ] } },
{ "type": "Feature", "properties": { "fid": 3475, "gml_id": "zdh_2008.3053", "lib_ocs": "TERRES ARABLES", "lib_conf": "caractère hygrophile supposé" }, "geometry": { "type": "MultiPolygon", "coordinates": [ [ [ [ 2.08226850485282, 50.82699893962215 ], [ 2.082220198553085, 50.827006659038098 ], [ 2.08217558122564, 50.826967749849253 ], [ 2.082140170861198, 50.826967489143897 ], [ 2.081996272378684, 50.82670354235141 ], [ 2.080424754253762, 50.825498647828738 ], [ 2.08062184830852, 50.825334114318501 ], [ 2.080638811741428, 50.825336033879125 ], [ 2.080674732160701, 50.825308484701957 ], [ 2.081143638928349, 50.824844485676174 ], [ 2.080745236394467, 50.824632494066101 ], [ 2.080751066680021, 50.824623564765865 ], [ 2.080825377906458, 50.824511061815102 ], [ 2.08093886683147, 50.824502029047878 ], [ 2.080889889814773, 50.824392205945813 ], [ 2.080924904146006, 50.824336835861779 ], [ 2.081802706952106, 50.82335814573365 ], [ 2.083266309849943, 50.82426614789248 ], [ 2.083533822091994, 50.824432307843175 ], [ 2.08358283519281, 50.82446317395916 ], [ 2.084515659760566, 50.825041562655237 ], [ 2.086218891443482, 50.826097534540168 ], [ 2.086251107826955, 50.826117509665082 ], [ 2.086239645565489, 50.826124603461906 ], [ 2.085089006054159, 50.82684202019432 ], [ 2.082282898851897, 50.826909322992094 ], [ 2.082248790278508, 50.826992513910554 ], [ 2.08226850485282, 50.82699893962215 ] ] ] ] } },
{ "type": "Feature", "properties": { "fid": 3481, "gml_id": "zdh_2008.3059", "lib_ocs": "PLANS D'EAU (GRAVIERES, ETANGS NATURELS ET ARTIFICIELS, BASSINS)", "lib_conf": "eaux libres" }, "geometry": { "type": "MultiPolygon", "coordinates": [ [ [ [ 2.080424754253762, 50.825498647828738 ], [ 2.080407477354815, 50.825513773262465 ], [ 2.080318276450377, 50.825588482385371 ], [ 2.080235832240279, 50.8255268626245 ], [ 2.080119906842426, 50.825437181672505 ], [ 2.079517772965256, 50.824980533816429 ], [ 2.079551158229356, 50.824936816103069 ], [ 2.079742818640306, 50.824759682505345 ], [ 2.0795897571388, 50.824686774144034 ], [ 2.079523588612207, 50.824587590337785 ], [ 2.079568654647394, 50.824447955270685 ], [ 2.079636286246673, 50.824236708366982 ], [ 2.079749239858756, 50.824025795946184 ], [ 2.079837979813438, 50.823899044298429 ], [ 2.079661592989951, 50.823631264667874 ], [ 2.079529746800633, 50.823560307172031 ], [ 2.079529506369211, 50.823419440120681 ], [ 2.079396604083104, 50.823405897455849 ], [ 2.079151941108029, 50.82346151314605 ], [ 2.079174061378196, 50.82310637291824 ], [ 2.078711843575663, 50.822976447997654 ], [ 2.078712438486959, 50.822944152046183 ], [ 2.078599729479201, 50.822911018648192 ], [ 2.078389296060663, 50.822877162679326 ], [ 2.078409554030606, 50.822853984416874 ], [ 2.078288248451439, 50.822826170566664 ], [ 2.077956179579443, 50.822782442090343 ], [ 2.077756604112549, 50.822697523108936 ], [ 2.077736149994603, 50.822500877856733 ], [ 2.077736278557362, 50.82234027414183 ], [ 2.077737409833891, 50.822202108633164 ], [ 2.07773696956588, 50.822149168622325 ], [ 2.077751397014368, 50.822134919634465 ], [ 2.07775179402875, 50.822113388975495 ], [ 2.077850085670666, 50.8220064481592 ], [ 2.077872057531414, 50.821967132432128 ], [ 2.078161440666672, 50.821713561279637 ], [ 2.0784066358601, 50.82147491566603 ], [ 2.078477597534604, 50.82146736518591 ], [ 2.078541444842672, 50.821461556542168 ], [ 2.078783384089515, 50.821630230286559 ], [ 2.078843490306407, 50.821673741693303 ], [ 2.078824864077566, 50.821685268084622 ], [ 2.079050024878436, 50.821842153211286 ], [ 2.079068250341405, 50.821929319495716 ], [ 2.079103417325817, 50.822096464670466 ], [ 2.079070165715209, 50.822133005567437 ], [ 2.079105217222919, 50.822306430464344 ], [ 2.079112922054928, 50.822349554554961 ], [ 2.07922442447421, 50.822448176590186 ], [ 2.07949031932665, 50.822547041482416 ], [ 2.079911495705043, 50.822674866228205 ], [ 2.080245127834087, 50.822787687892685 ], [ 2.080531231951282, 50.822943225193413 ], [ 2.080797509581665, 50.823098615589622 ], [ 2.081042035801093, 50.823127335410291 ], [ 2.081308315998621, 50.823282724671365 ], [ 2.081217784486997, 50.823507262411425 ], [ 2.081284465805084, 50.823578635097171 ], [ 2.081306219680851, 50.82370530493651 ], [ 2.080882836817467, 50.823773962433236 ], [ 2.081038763030108, 50.823845095973653 ], [ 2.080971515651416, 50.824112872043393 ], [ 2.080902493001247, 50.82416888865211 ], [ 2.080820492336041, 50.824237370743418 ], [ 2.080889889814773, 50.824392205945813 ], [ 2.08093886683147, 50.824502029047878 ], [ 2.080825377906458, 50.824511061815102 ], [ 2.080751066680021, 50.824623564765865 ], [ 2.080745236394467, 50.824632494066101 ], [ 2.081143638928349, 50.824844485676174 ], [ 2.080674732160701, 50.825308484701957 ], [ 2.080638811741428, 50.825336033879125 ], [ 2.08062184830852, 50.825334114318501 ], [ 2.080424754253762, 50.825498647828738 ] ] ] ] } },
{ "type": "Feature", "properties": { "fid": 3496, "gml_id": "zdh_2008.2756", "lib_ocs": "PRAIRIES", "lib_conf": "caractère hygrophile supposé" }, "geometry": { "type": "MultiPolygon", "coordinates": [ [ [ [ 2.10539058685468, 50.866973756910888 ], [ 2.106704105828813, 50.86955175222247 ], [ 2.105836437531472, 50.870579966573466 ], [ 2.106377107791229, 50.871187629565789 ], [ 2.10500247404156, 50.871386816455249 ], [ 2.104367202328699, 50.870678883618552 ], [ 2.10529648722038, 50.86993283055083 ], [ 2.10385838338121, 50.868138947454845 ], [ 2.103836200769474, 50.868110975994028 ], [ 2.104415275308001, 50.867364205344892 ], [ 2.105374138357571, 50.866942238118241 ], [ 2.10539058685468, 50.866973756910888 ] ] ] ] } },
{ "type": "Feature", "properties": { "fid": 3508, "gml_id": "zdh_2008.3063", "lib_ocs": "ESPACES DE LOISIRS", "lib_conf": "caractère hygrophile très probable" }, "geometry": { "type": "MultiPolygon", "coordinates": [ [ [ [ 2.081802706952106, 50.82335814573365 ], [ 2.080924904146006, 50.824336835861779 ], [ 2.080889889814773, 50.824392205945813 ], [ 2.080820492336041, 50.824237370743418 ], [ 2.080902493001247, 50.82416888865211 ], [ 2.080971515651416, 50.824112872043393 ], [ 2.081038763030108, 50.823845095973653 ], [ 2.080882836817467, 50.823773962433236 ], [ 2.081306219680851, 50.82370530493651 ], [ 2.081284465805084, 50.823578635097171 ], [ 2.081217784486997, 50.823507262411425 ], [ 2.081308315998621, 50.823282724671365 ], [ 2.081042035801093, 50.823127335410291 ], [ 2.080797509581665, 50.823098615589622 ], [ 2.080531231951282, 50.822943225193413 ], [ 2.080245127834087, 50.822787687892685 ], [ 2.079911495705043, 50.822674866228205 ], [ 2.07949031932665, 50.822547041482416 ], [ 2.07922442447421, 50.822448176590186 ], [ 2.079112922054928, 50.822349554554961 ], [ 2.079105217222919, 50.822306430464344 ], [ 2.079070165715209, 50.822133005567437 ], [ 2.079103417325817, 50.822096464670466 ], [ 2.079068250341405, 50.821929319495716 ], [ 2.079050024878436, 50.821842153211286 ], [ 2.078824864077566, 50.821685268084622 ], [ 2.078843490306407, 50.821673741693303 ], [ 2.078783384089515, 50.821630230286559 ], [ 2.078541444842672, 50.821461556542168 ], [ 2.078477597534604, 50.82146736518591 ], [ 2.0784066358601, 50.82147491566603 ], [ 2.078161440666672, 50.821713561279637 ], [ 2.077872057531414, 50.821967132432128 ], [ 2.077850085670666, 50.8220064481592 ], [ 2.07775179402875, 50.822113388975495 ], [ 2.077751397014368, 50.822134919634465 ], [ 2.07773696956588, 50.822149168622325 ], [ 2.077737409833891, 50.822202108633164 ], [ 2.077736278557362, 50.82234027414183 ], [ 2.077736149994603, 50.822500877856733 ], [ 2.077756604112549, 50.822697523108936 ], [ 2.077956179579443, 50.822782442090343 ], [ 2.078288248451439, 50.822826170566664 ], [ 2.078409554030606, 50.822853984416874 ], [ 2.078389296060663, 50.822877162679326 ], [ 2.078599729479201, 50.822911018648192 ], [ 2.078712438486959, 50.822944152046183 ], [ 2.078711843575663, 50.822976447997654 ], [ 2.079174061378196, 50.82310637291824 ], [ 2.079151941108029, 50.82346151314605 ], [ 2.079396604083104, 50.823405897455849 ], [ 2.079529506369211, 50.823419440120681 ], [ 2.079529746800633, 50.823560307172031 ], [ 2.079661592989951, 50.823631264667874 ], [ 2.079837979813438, 50.823899044298429 ], [ 2.079749239858756, 50.824025795946184 ], [ 2.079636286246673, 50.824236708366982 ], [ 2.079568654647394, 50.824447955270685 ], [ 2.079523588612207, 50.824587590337785 ], [ 2.0795897571388, 50.824686774144034 ], [ 2.079742818640306, 50.824759682505345 ], [ 2.079551158229356, 50.824936816103069 ], [ 2.079517772965256, 50.824980533816429 ], [ 2.077677991613927, 50.823580714788918 ], [ 2.077402783304279, 50.823372315038988 ], [ 2.076987916910785, 50.823056109981472 ], [ 2.076902764280541, 50.822988187035769 ], [ 2.076806869815977, 50.822965046078508 ], [ 2.077099300901152, 50.822470144696346 ], [ 2.077694440009268, 50.82145977852835 ], [ 2.078315873779128, 50.820404740786692 ], [ 2.078961550752149, 50.821108459411938 ], [ 2.079193439675093, 50.821361398197752 ], [ 2.079644336433097, 50.821720929981325 ], [ 2.079656901234844, 50.821730892319898 ], [ 2.079655718905507, 50.822026073334662 ], [ 2.080420378107416, 50.822500969332054 ], [ 2.081802706952106, 50.82335814573365 ] ] ] ] } },
{ "type": "Feature", "properties": { "fid": 3522, "gml_id": "zdh_2008.2627", "lib_ocs": "ZONES BATIES", "lib_conf": "zone non humide (zones urbaines, artificialisées)" }, "geometry": { "type": "MultiPolygon", "coordinates": [ [ [ [ 2.11843050221913, 50.875514224997765 ], [ 2.11682660920985, 50.877127628587296 ], [ 2.116856355714513, 50.877370070009171 ], [ 2.116052892972678, 50.878540546370814 ], [ 2.115039338904403, 50.876599105341064 ], [ 2.115712976877912, 50.875953444345917 ], [ 2.116572848636532, 50.87672301129048 ], [ 2.11679619683466, 50.876521835660299 ], [ 2.117083333915674, 50.876562444947773 ], [ 2.118110783947118, 50.875391747466885 ], [ 2.11843050221913, 50.875514224997765 ] ] ] ] } },
{ "type": "Feature", "properties": { "fid": 3528, "gml_id": "zdh_2008.2763", "lib_ocs": "TAILLIS HYGROPHILES", "lib_conf": "caractère hygrophile très probable" }, "geometry": { "type": "MultiPolygon", "coordinates": [ [ [ [ 2.129311996309804, 50.870146674424312 ], [ 2.129235349506795, 50.870151522547033 ], [ 2.12885199446491, 50.870345324812021 ], [ 2.128717530491419, 50.870413467300665 ], [ 2.127560073085835, 50.86971187528647 ], [ 2.127555820179406, 50.869711845551187 ], [ 2.125512688057765, 50.868500729818329 ], [ 2.125552490774057, 50.868494728623887 ], [ 2.125527225162894, 50.868480196956646 ], [ 2.128660715853306, 50.868061610959508 ], [ 2.130539561044538, 50.867799288110746 ], [ 2.13023331174485, 50.868288798912857 ], [ 2.129899106466759, 50.86883642920521 ], [ 2.129287587789833, 50.869838778188743 ], [ 2.129311996309804, 50.870146674424312 ] ] ] ] } },
{ "type": "Feature", "properties": { "fid": 3549, "gml_id": "zdh_2008.3074", "lib_ocs": "PRAIRIES", "lib_conf": "caractère hygrophile supposé" }, "geometry": { "type": "MultiPolygon", "coordinates": [ [ [ [ 2.074480092685938, 50.820793533575596 ], [ 2.074501585259753, 50.820780234623868 ], [ 2.073928257365528, 50.820456560519801 ], [ 2.074280971510694, 50.820302164189464 ], [ 2.074800775149638, 50.820073639323162 ], [ 2.07447454290923, 50.819792176834362 ], [ 2.074504416112607, 50.819785220750227 ], [ 2.075082018375832, 50.819647744655747 ], [ 2.075064088800032, 50.819621591738809 ], [ 2.07515085883656, 50.81960159913347 ], [ 2.075366174738822, 50.819830197461371 ], [ 2.075389951817099, 50.819846524097755 ], [ 2.075499073181842, 50.819920009656236 ], [ 2.075851616220553, 50.820157699862762 ], [ 2.075850150272979, 50.820160380702525 ], [ 2.075808400243708, 50.820196857838013 ], [ 2.075785342854044, 50.820218220544739 ], [ 2.075462587079102, 50.820514606579387 ], [ 2.075418037175795, 50.820549268330147 ], [ 2.075437847832404, 50.820550312509702 ], [ 2.075957651180865, 50.820858329773827 ], [ 2.075504188420907, 50.822555225911685 ], [ 2.073840718342433, 50.821971339960825 ], [ 2.073899815368874, 50.821916150528963 ], [ 2.074267340388255, 50.821574342580249 ], [ 2.074656668457875, 50.82120218927767 ], [ 2.074864408394438, 50.820998264452804 ], [ 2.074649797758508, 50.820884517053564 ], [ 2.074480092685938, 50.820793533575596 ] ] ] ] } },
{ "type": "Feature", "properties": { "fid": 3550, "gml_id": "zdh_2008.3075", "lib_ocs": "HABITATS LEGERS DE LOISIRS", "lib_conf": "zone non humide (zones urbaines, artificialisées)" }, "geometry": { "type": "MultiPolygon", "coordinates": [ [ [ [ 2.077694440009268, 50.82145977852835 ], [ 2.077099300901152, 50.822470144696346 ], [ 2.07590534977578, 50.822232504875956 ], [ 2.076224955223586, 50.82103347739951 ], [ 2.077694440009268, 50.82145977852835 ] ] ] ] } },
{ "type": "Feature", "properties": { "fid": 3554, "gml_id": "zdh_2008.3078", "lib_ocs": "BOISEMENTS ARTIFICIELS, PLANTATIONS", "lib_conf": "caractère hygrophile supposé" }, "geometry": { "type": "MultiPolygon", "coordinates": [ [ [ [ 2.074480092685938, 50.820793533575596 ], [ 2.074649797758508, 50.820884517053564 ], [ 2.074864408394438, 50.820998264452804 ], [ 2.074656668457875, 50.82120218927767 ], [ 2.074267340388255, 50.821574342580249 ], [ 2.073899815368874, 50.821916150528963 ], [ 2.073840718342433, 50.821971339960825 ], [ 2.072332110021506, 50.821440623218272 ], [ 2.072485229884445, 50.821356525345799 ], [ 2.072825823907433, 50.821168845380981 ], [ 2.073631479782335, 50.820726217728769 ], [ 2.074189158973257, 50.820977100778627 ], [ 2.074480092685938, 50.820793533575596 ] ] ] ] } },
{ "type": "Feature", "properties": { "fid": 3555, "gml_id": "zdh_2008.3079", "lib_ocs": "MOSAIQUES D'ENTITES DE MOINS DE 1 Ha", "lib_conf": "caractère hygrophile très probable" }, "geometry": { "type": "MultiPolygon", "coordinates": [ [ [ [ 2.077694440009268, 50.82145977852835 ], [ 2.076224955223586, 50.82103347739951 ], [ 2.076479109631921, 50.82007980484677 ], [ 2.077854898831973, 50.819901570972185 ], [ 2.078156198718108, 50.820230393529627 ], [ 2.078157598406712, 50.820231301116848 ], [ 2.078315873779128, 50.820404740786692 ], [ 2.077694440009268, 50.82145977852835 ] ] ] ] } },
{ "type": "Feature", "properties": { "fid": 3573, "gml_id": "zdh_2008.2775", "lib_ocs": "FORMATIONS FORESTIERES A FORTE NATURALITE", "lib_conf": "caractère hygrophile très probable" }, "geometry": { "type": "MultiPolygon", "coordinates": [ [ [ [ 2.117856392724567, 50.868116680698002 ], [ 2.119224751771277, 50.869150010447257 ], [ 2.116700028311577, 50.869610351464708 ], [ 2.116606898139893, 50.869023844965014 ], [ 2.117856392724567, 50.868116680698002 ] ] ] ] } },
{ "type": "Feature", "properties": { "fid": 3584, "gml_id": "zdh_2008.2873", "lib_ocs": "PRAIRIES", "lib_conf": "caractère hygrophile très probable" }, "geometry": { "type": "MultiPolygon", "coordinates": [ [ [ [ 2.108595177488644, 50.856693544918357 ], [ 2.10964948687131, 50.858061199417364 ], [ 2.108528559382235, 50.858441672785517 ], [ 2.108575730703299, 50.858419580392017 ], [ 2.107399218677444, 50.857387485844228 ], [ 2.108595177488644, 50.856693544918357 ] ] ] ] } },
{ "type": "Feature", "properties": { "fid": 4121, "gml_id": "zdh_2008.4062", "lib_ocs": "PRAIRIES", "lib_conf": "caractère hygrophile supposé" }, "geometry": { "type": "MultiPolygon", "coordinates": [ [ [ [ 1.995376242143213, 50.738556096128974 ], [ 1.995368499737694, 50.73866012724428 ], [ 1.994896321455477, 50.738723615908 ], [ 1.994499347006646, 50.738492479432907 ], [ 1.994297115670775, 50.738704416488744 ], [ 1.993733010403316, 50.73813451939948 ], [ 1.993664891688213, 50.738146531527327 ], [ 1.99363483143478, 50.738094241537482 ], [ 1.99319576342769, 50.73756573384906 ], [ 1.994028586881126, 50.737147120960074 ], [ 1.994076163506173, 50.736679082989028 ], [ 1.994088654145911, 50.736549963880613 ], [ 1.995141008287883, 50.736465141690786 ], [ 1.995164287826205, 50.736503018892265 ], [ 1.995411684096605, 50.736929468561222 ], [ 1.99546910518274, 50.737027744515387 ], [ 1.995456179098768, 50.73724928828274 ], [ 1.995376242143213, 50.738556096128974 ] ] ] ] } },
{ "type": "Feature", "properties": { "fid": 4124, "gml_id": "zdh_2008.3877", "lib_ocs": "TERRES ARABLES", "lib_conf": "caractère hygrophile supposé" }, "geometry": { "type": "MultiPolygon", "coordinates": [ [ [ [ 1.977998407403393, 50.759405325398859 ], [ 1.977914495283777, 50.759427069786859 ], [ 1.976770623083898, 50.759049765909786 ], [ 1.976316175548257, 50.759619425681201 ], [ 1.975381818590367, 50.759235755852039 ], [ 1.975947945992953, 50.75880879671405 ], [ 1.976401452667058, 50.758215799166308 ], [ 1.978023312137412, 50.756936961811867 ], [ 1.97836241265621, 50.756818604988631 ], [ 1.978384209134481, 50.756720974184333 ], [ 1.978402003062215, 50.756888922169111 ], [ 1.978399974549356, 50.757265786741428 ], [ 1.978729342614107, 50.757832913511905 ], [ 1.978801868099259, 50.758091940986318 ], [ 1.978612578483813, 50.758633275315667 ], [ 1.978242336811489, 50.759098645145585 ], [ 1.978098624440306, 50.759277829484802 ], [ 1.977998407403393, 50.759405325398859 ] ] ] ] } },
{ "type": "Feature", "properties": { "fid": 4128, "gml_id": "zdh_2008.4053", "lib_ocs": "TERRES ARABLES", "lib_conf": "caractère hygrophile supposé" }, "geometry": { "type": "MultiPolygon", "coordinates": [ [ [ [ 1.927860442940644, 50.74024774247404 ], [ 1.927859067411092, 50.740245935888638 ], [ 1.927401131970824, 50.740365825946796 ], [ 1.927085606902563, 50.740109150915771 ], [ 1.926699177813125, 50.739861734423243 ], [ 1.928433281814944, 50.738920983483382 ], [ 1.929265688780057, 50.739342733343776 ], [ 1.929217194238841, 50.739362058121316 ], [ 1.929543379658278, 50.739451011984826 ], [ 1.927860442940644, 50.74024774247404 ] ] ] ] } },
{ "type": "Feature", "properties": { "fid": 4129, "gml_id": "zdh_2008.4054", "lib_ocs": "TERRES ARABLES", "lib_conf": "caractère hygrophile supposé" }, "geometry": { "type": "MultiPolygon", "coordinates": [ [ [ [ 1.935889938307001, 50.739594288175574 ], [ 1.935432650943212, 50.739951117889447 ], [ 1.935114627929595, 50.74027593515828 ], [ 1.934541895476866, 50.739809786301841 ], [ 1.934198394659154, 50.740002470381057 ], [ 1.934245551960723, 50.740045947862534 ], [ 1.933935592241971, 50.739792030126672 ], [ 1.933930089298252, 50.739784804048611 ], [ 1.933928656291279, 50.739785689137619 ], [ 1.933684007844595, 50.739586172199473 ], [ 1.93338456083046, 50.739104411669949 ], [ 1.933865110678279, 50.738917390787499 ], [ 1.934063701745778, 50.738755771291999 ], [ 1.93483682679319, 50.739174283645688 ], [ 1.935016484726613, 50.739104929458108 ], [ 1.935889938307001, 50.739594288175574 ] ] ] ] } },
{ "type": "Feature", "properties": { "fid": 4137, "gml_id": "zdh_2008.3697", "lib_ocs": "TERRES ARABLES", "lib_conf": "caractère hygrophile supposé" }, "geometry": { "type": "MultiPolygon", "coordinates": [ [ [ [ 1.972934004171622, 50.77442970829307 ], [ 1.972865915642638, 50.775196349186174 ], [ 1.972794711617991, 50.775149101605507 ], [ 1.972723544545199, 50.775100059659458 ], [ 1.972058223493846, 50.774627069272022 ], [ 1.970395716734696, 50.773374143149042 ], [ 1.970993081274676, 50.772951958907711 ], [ 1.972172117602252, 50.774180249958476 ], [ 1.972497661351847, 50.77445302799952 ], [ 1.97256307560235, 50.774506509233156 ], [ 1.972639811919697, 50.774490990714085 ], [ 1.972934004171622, 50.77442970829307 ] ] ] ] } },
{ "type": "Feature", "properties": { "fid": 4154, "gml_id": "zdh_2008.4060", "lib_ocs": "BOISEMENTS ARTIFICIELS, PLANTATIONS", "lib_conf": "caractère hygrophile supposé" }, "geometry": { "type": "MultiPolygon", "coordinates": [ [ [ [ 1.931351742095641, 50.737876419340672 ], [ 1.930035170444932, 50.739135778947443 ], [ 1.928868524591353, 50.738075819986612 ], [ 1.930834083916586, 50.737284195002317 ], [ 1.931351742095641, 50.737876419340672 ] ] ] ] } },
{ "type": "Feature", "properties": { "fid": 4159, "gml_id": "zdh_2008.3701", "lib_ocs": "BOISEMENTS ARTIFICIELS, PLANTATIONS", "lib_conf": "caractère hygrophile très probable" }, "geometry": { "type": "MultiPolygon", "coordinates": [ [ [ [ 1.923897254590649, 50.773263641943579 ], [ 1.92363814930643, 50.773335880243295 ], [ 1.923512587259732, 50.773449652064492 ], [ 1.923695588507513, 50.773626211786542 ], [ 1.923862682511907, 50.774016196230363 ], [ 1.92333799370326, 50.774593124738765 ], [ 1.923226416131025, 50.774648691162064 ], [ 1.922295966906983, 50.774286200168248 ], [ 1.921707940217153, 50.77405767654659 ], [ 1.921719413846433, 50.774050597328042 ], [ 1.923180782962307, 50.773151564065792 ], [ 1.923027226960286, 50.772987820626497 ], [ 1.922964407824494, 50.772947795075673 ], [ 1.922932175068768, 50.772933159104717 ], [ 1.922451399829534, 50.772719025925028 ], [ 1.92242473019879, 50.772708924573578 ], [ 1.922481376509145, 50.772641218194288 ], [ 1.92254719288308, 50.772607689426167 ], [ 1.92254719288308, 50.772607689426167 ], [ 1.922972424380136, 50.772443568712035 ], [ 1.92351121524534, 50.772921117213919 ], [ 1.923897254590649, 50.773263641943579 ] ] ] ] } },
{ "type": "Feature", "properties": { "fid": 4187, "gml_id": "zdh_2008.4071", "lib_ocs": "FORMATIONS FORESTIERES A FORTE NATURALITE", "lib_conf": "caractère hygrophile supposé" }, "geometry": { "type": "MultiPolygon", "coordinates": [ [ [ [ 1.937738357264321, 50.734920430186186 ], [ 1.937888821262421, 50.735426935204472 ], [ 1.937913838669238, 50.735514193814815 ], [ 1.937914377663976, 50.735555477507845 ], [ 1.937913813645649, 50.735648799326476 ], [ 1.937464532755242, 50.736097238383437 ], [ 1.937151909150711, 50.736569277280381 ], [ 1.935992200179004, 50.735777755179321 ], [ 1.936880858450446, 50.735614850996676 ], [ 1.937221719645809, 50.735411367571515 ], [ 1.937607731729626, 50.734878933093313 ], [ 1.937738357264321, 50.734920430186186 ] ] ] ] } },
{ "type": "Feature", "properties": { "fid": 4195, "gml_id": "zdh_2008.3709", "lib_ocs": "FORMATIONS FORESTIERES A FORTE NATURALITE", "lib_conf": "caractère hygrophile supposé" }, "geometry": { "type": "MultiPolygon", "coordinates": [ [ [ [ 1.981911211353164, 50.772712391007424 ], [ 1.981836701870053, 50.772966619029887 ], [ 1.981698668367521, 50.773213148937316 ], [ 1.981562704328948, 50.773288308647373 ], [ 1.981600460550389, 50.773519227015257 ], [ 1.981610145726317, 50.773530073985185 ], [ 1.981492363858268, 50.773546159613204 ], [ 1.981304805649695, 50.773653200272328 ], [ 1.981286613237872, 50.773782264531498 ], [ 1.981369635795161, 50.77394446003364 ], [ 1.98136931661545, 50.774029702133376 ], [ 1.98134826683009, 50.77409054719876 ], [ 1.981297786924342, 50.774067701425643 ], [ 1.981259456948773, 50.774073669037051 ], [ 1.98114977068526, 50.773900487576569 ], [ 1.98091459934266, 50.773565659987739 ], [ 1.98066143819944, 50.773350027228879 ], [ 1.980289748743154, 50.773187262125319 ], [ 1.980117777129131, 50.773015364029703 ], [ 1.980110867280343, 50.773007231606051 ], [ 1.980052594353765, 50.772950223502924 ], [ 1.979918843842629, 50.772777740808245 ], [ 1.979914537054684, 50.772711304241881 ], [ 1.979903660459974, 50.772550595787024 ], [ 1.980023863810982, 50.772346095326043 ], [ 1.980095207690195, 50.771969807229446 ], [ 1.980086034862742, 50.771933839467216 ], [ 1.980028534048493, 50.771700066332606 ], [ 1.97999765202294, 50.771409980205924 ], [ 1.980044179783864, 50.771279353124875 ], [ 1.980066699614356, 50.771215828107621 ], [ 1.980304965315074, 50.771119972041902 ], [ 1.980371780093449, 50.771174358198259 ], [ 1.980608470930339, 50.771433826023866 ], [ 1.980855926323972, 50.771651207532145 ], [ 1.980843238055731, 50.771718402377893 ], [ 1.980817605741899, 50.771865352372423 ], [ 1.980785839085347, 50.772035582322012 ], [ 1.980840862072188, 50.772113201817106 ], [ 1.981025210405975, 50.772372239999527 ], [ 1.981325586936532, 50.772284068898784 ], [ 1.981517777337192, 50.772227315565239 ], [ 1.981737978343931, 50.772741483198367 ], [ 1.981911211353164, 50.772712391007424 ] ] ] ] } },
{ "type": "Feature", "properties": { "fid": 4196, "gml_id": "zdh_2008.3710", "lib_ocs": "TERRES ARABLES", "lib_conf": "caractère hygrophile supposé" }, "geometry": { "type": "MultiPolygon", "coordinates": [ [ [ [ 1.952697292161625, 50.77382685074538 ], [ 1.952467548596525, 50.773782744342618 ], [ 1.952167469032465, 50.773853799599998 ], [ 1.951864490132687, 50.773590130321899 ], [ 1.951714038396232, 50.773341204099246 ], [ 1.951541232187998, 50.773078629588966 ], [ 1.951369861436174, 50.772815169488467 ], [ 1.951024095609013, 50.772635485325296 ], [ 1.950828329274931, 50.772523465725534 ], [ 1.950873702418706, 50.772316567237255 ], [ 1.950809799425302, 50.772192198692878 ], [ 1.951181767227127, 50.77193152031365 ], [ 1.951247464083169, 50.771835163096952 ], [ 1.951162384252397, 50.771573326251371 ], [ 1.952167816514314, 50.771064934532973 ], [ 1.95224019538945, 50.770851981156262 ], [ 1.952290196261577, 50.770964567052424 ], [ 1.952314235946091, 50.771032965736062 ], [ 1.95252918124144, 50.771648541457701 ], [ 1.952545183101668, 50.771695336719574 ], [ 1.952544233023486, 50.771808391057782 ], [ 1.952541544546802, 50.772072180470673 ], [ 1.952613399375136, 50.772425431425475 ], [ 1.953017093566524, 50.773015672870883 ], [ 1.953051678722159, 50.77339193991552 ], [ 1.9526278170373, 50.773697950022061 ], [ 1.952697292161625, 50.77382685074538 ] ] ] ] } },
{ "type": "Feature", "properties": { "fid": 4200, "gml_id": "zdh_2008.3714", "lib_ocs": "PRAIRIES", "lib_conf": "caractère hygrophile supposé" }, "geometry": { "type": "MultiPolygon", "coordinates": [ [ [ [ 1.940454682119149, 50.772035421577726 ], [ 1.94252978823272, 50.772811297828895 ], [ 1.942372227421311, 50.773035186980749 ], [ 1.942287227919892, 50.7731735495625 ], [ 1.942137850791588, 50.773411864937877 ], [ 1.939840574371934, 50.772902390516336 ], [ 1.939478591447423, 50.772822138494178 ], [ 1.936765819794782, 50.77168991467267 ], [ 1.93667886320403, 50.771653279221525 ], [ 1.936341991778444, 50.772056889054689 ], [ 1.935293971362223, 50.771298667619703 ], [ 1.935548886742175, 50.770956274865917 ], [ 1.935029940080149, 50.770406264270321 ], [ 1.932686936645395, 50.769197245584984 ], [ 1.931662155815853, 50.768747869197803 ], [ 1.931617571639569, 50.768781585075793 ], [ 1.931606406906538, 50.768774310654074 ], [ 1.93155356398503, 50.76879718771287 ], [ 1.930125613348958, 50.76821153324763 ], [ 1.929341461545558, 50.768157234220133 ], [ 1.928257072399548, 50.768445817657877 ], [ 1.928225794834199, 50.768452727046878 ], [ 1.927841977670218, 50.768138946822518 ], [ 1.927937077677489, 50.768059006123963 ], [ 1.928055216094675, 50.767960419790377 ], [ 1.928657080545865, 50.767738575891606 ], [ 1.928674095390823, 50.767736927641302 ], [ 1.929187196950979, 50.767695577861105 ], [ 1.929787587358908, 50.767674717553945 ], [ 1.929803149092038, 50.767674851317359 ], [ 1.929894169420087, 50.767653200430672 ], [ 1.930001226692388, 50.767675656426697 ], [ 1.930210621924388, 50.767676558466199 ], [ 1.930312534481692, 50.767741144448692 ], [ 1.931726792827069, 50.768039534806505 ], [ 1.931747764710342, 50.768051380013212 ], [ 1.933308410280389, 50.768918118843573 ], [ 1.934186224813073, 50.769226240560982 ], [ 1.935399735396196, 50.769652084289831 ], [ 1.936556366129294, 50.77002538510672 ], [ 1.935759250072737, 50.770579402333603 ], [ 1.936052558601465, 50.771026981607193 ], [ 1.937184970248054, 50.771476340985622 ], [ 1.939077758566608, 50.771636951595852 ], [ 1.940454682119149, 50.772035421577726 ] ] ] ] } },
{ "type": "Feature", "properties": { "fid": 4208, "gml_id": "zdh_2008.3897", "lib_ocs": "PRAIRIES", "lib_conf": "caractère hygrophile supposé" }, "geometry": { "type": "MultiPolygon", "coordinates": [ [ [ [ 1.970990966014945, 50.757562797344434 ], [ 1.97081158150434, 50.757686941450821 ], [ 1.970446448476245, 50.757556500199939 ], [ 1.969979115640514, 50.75758045149 ], [ 1.969748194860363, 50.757596487218201 ], [ 1.969612206749926, 50.757605232339891 ], [ 1.969247420923046, 50.757526835946038 ], [ 1.96902489120368, 50.757410133928133 ], [ 1.968903839102949, 50.757243123869785 ], [ 1.968903857573541, 50.757242226685364 ], [ 1.96888502911916, 50.756919926508054 ], [ 1.968886665177088, 50.756909172006075 ], [ 1.968410226939307, 50.756482578174769 ], [ 1.968302081258624, 50.755963917331073 ], [ 1.968342301081569, 50.755728250421463 ], [ 1.968015034193172, 50.755408776593001 ], [ 1.967861127201366, 50.755257644670898 ], [ 1.966312300713745, 50.753741744916375 ], [ 1.96659363497816, 50.753543973615855 ], [ 1.966612298697347, 50.75353066842974 ], [ 1.966617844885639, 50.753536098533374 ], [ 1.967682495441111, 50.75445304325028 ], [ 1.968155127202594, 50.754857176317323 ], [ 1.968900234717999, 50.755494181067547 ], [ 1.969149277850054, 50.755628152751235 ], [ 1.969265378293705, 50.755691927970879 ], [ 1.96928776825646, 50.755703778787421 ], [ 1.969381497494495, 50.755754805889552 ], [ 1.970270034545052, 50.756228775860087 ], [ 1.969971013728309, 50.756392309456309 ], [ 1.969456988291029, 50.756692252540901 ], [ 1.970946847259825, 50.757506797750395 ], [ 1.970976236827194, 50.757522295432445 ], [ 1.971016794361969, 50.757545064119377 ], [ 1.970990966014945, 50.757562797344434 ] ] ] ] } },
{ "type": "Feature", "properties": { "fid": 4210, "gml_id": "zdh_2008.3952", "lib_ocs": "PRAIRIES", "lib_conf": "caractère hygrophile supposé" }, "geometry": { "type": "MultiPolygon", "coordinates": [ [ [ [ 1.934504732264479, 50.751930980846744 ], [ 1.934059135780356, 50.752397376601678 ], [ 1.932658795051454, 50.752528054444483 ], [ 1.931913899852853, 50.752169903331776 ], [ 1.934343005082842, 50.751753715642955 ], [ 1.935265382212451, 50.751681745523747 ], [ 1.935769523373441, 50.75165465001038 ], [ 1.935669239993723, 50.751914023943158 ], [ 1.935370945708162, 50.751906088660839 ], [ 1.934702230241556, 50.751889598624899 ], [ 1.934504732264479, 50.751930980846744 ] ] ] ] } },
{ "type": "Feature", "properties": { "fid": 4250, "gml_id": "zdh_2008.3965", "lib_ocs": "PRAIRIES", "lib_conf": "caractère hygrophile supposé" }, "geometry": { "type": "MultiPolygon", "coordinates": [ [ [ [ 1.93726134776689, 50.742876900241662 ], [ 1.937914326156749, 50.742829530782828 ], [ 1.938463247387408, 50.743020865797426 ], [ 1.939048853176369, 50.743149695799048 ], [ 1.939588357342137, 50.743452218123622 ], [ 1.939821156418673, 50.743745843796802 ], [ 1.940357956936325, 50.743909248624334 ], [ 1.941271259005812, 50.742920952186047 ], [ 1.941412242623074, 50.74294189353725 ], [ 1.941818282921394, 50.743001880740778 ], [ 1.941957852985166, 50.74302280944714 ], [ 1.942241995520579, 50.742626796742755 ], [ 1.942325289681649, 50.742432777311066 ], [ 1.942368473622588, 50.742329947766422 ], [ 1.942667519524476, 50.742165579802617 ], [ 1.943497431976173, 50.74170779520211 ], [ 1.943654822888281, 50.741621189890608 ], [ 1.944062603367331, 50.741464023020718 ], [ 1.944078043541441, 50.741469538218027 ], [ 1.944431546580417, 50.741606244442124 ], [ 1.944995485133294, 50.741823701784988 ], [ 1.944539818309487, 50.741971491849895 ], [ 1.944088428570896, 50.742117521806009 ], [ 1.944078455038941, 50.742121026621916 ], [ 1.943304378754044, 50.742412379779424 ], [ 1.944177718522797, 50.742712332612925 ], [ 1.943955427800427, 50.742858510882591 ], [ 1.943549531662846, 50.743126965866935 ], [ 1.942514221545169, 50.743599157229234 ], [ 1.941544210739302, 50.743992030239689 ], [ 1.940633879541389, 50.744504752399585 ], [ 1.940315614630719, 50.744841244284494 ], [ 1.940353149043616, 50.744872074087546 ], [ 1.940178707141452, 50.745429642733271 ], [ 1.940237596500803, 50.746189308494046 ], [ 1.940416523543481, 50.746355945674289 ], [ 1.941200590045028, 50.746733227017181 ], [ 1.943024749633107, 50.748225778989266 ], [ 1.94352794163467, 50.748778334304752 ], [ 1.943658816430967, 50.748809955197444 ], [ 1.943822747074072, 50.748816730606173 ], [ 1.943860097463705, 50.748856531086624 ], [ 1.944739367531328, 50.749014744759329 ], [ 1.944024098702235, 50.74953093678679 ], [ 1.942903760289557, 50.750339810394223 ], [ 1.94266244111576, 50.750514538583381 ], [ 1.94160275363067, 50.751195593879778 ], [ 1.941459524101217, 50.751480630313246 ], [ 1.941325454935157, 50.751466029751377 ], [ 1.940999427546361, 50.751431848900658 ], [ 1.940998373696085, 50.751414790292742 ], [ 1.940985896072517, 50.751068307109385 ], [ 1.940269532852195, 50.750964398478374 ], [ 1.941140568496829, 50.750509676459885 ], [ 1.941030471609412, 50.750164156958178 ], [ 1.940908464105561, 50.749779949685305 ], [ 1.941993368142537, 50.748841573155651 ], [ 1.941796421833632, 50.748656838714638 ], [ 1.941034988875813, 50.747943247347607 ], [ 1.939825624514261, 50.746809462276531 ], [ 1.939685533340926, 50.746679049496542 ], [ 1.939161315508083, 50.746187317393726 ], [ 1.938636475918193, 50.746192713290519 ], [ 1.938027193512352, 50.745644614217291 ], [ 1.937456833268355, 50.745129148837776 ], [ 1.936464297574447, 50.744381246302225 ], [ 1.936915435677173, 50.744382408997751 ], [ 1.937233961289059, 50.744634595612744 ], [ 1.937863817736189, 50.744544852993883 ], [ 1.938442414124076, 50.744204306616545 ], [ 1.938400670134791, 50.74410524093414 ], [ 1.93838918670864, 50.744113219208927 ], [ 1.93794834150509, 50.743826789161311 ], [ 1.937155983088464, 50.743310323290736 ], [ 1.937543443727539, 50.743112623080052 ], [ 1.93726134776689, 50.742876900241662 ] ], [ [ 1.939689278201699, 50.744096485279059 ], [ 1.939528866698095, 50.743991024654449 ], [ 1.939318493659693, 50.744241389797075 ], [ 1.938530071663688, 50.744606174018728 ], [ 1.938765983110309, 50.744886367326693 ], [ 1.938759946746473, 50.74490426302458 ], [ 1.93874632689983, 50.744946322735217 ], [ 1.938185256504734, 50.745193694468732 ], [ 1.9381831784395, 50.745425195170725 ], [ 1.938533325529207, 50.745520610133113 ], [ 1.939697543588021, 50.745176078520231 ], [ 1.939933798026874, 50.745106302581974 ], [ 1.940108203112864, 50.744951647750376 ], [ 1.940135411988572, 50.74493572703247 ], [ 1.940182626512825, 50.744910105742349 ], [ 1.940236949257515, 50.744882750250184 ], [ 1.939882562710059, 50.744519890911853 ], [ 1.939790213649438, 50.744406036912203 ], [ 1.939727416960695, 50.744366018082964 ], [ 1.939693717817679, 50.744287660691533 ], [ 1.93968501581358, 50.744231052900219 ], [ 1.939683592917689, 50.744164636169941 ], [ 1.939689278201699, 50.744096485279059 ] ] ] ] } },
{ "type": "Feature", "properties": { "fid": 4267, "gml_id": "zdh_2008.3728", "lib_ocs": "TERRES ARABLES", "lib_conf": "caractère hygrophile supposé" }, "geometry": { "type": "MultiPolygon", "coordinates": [ [ [ [ 1.981517777337192, 50.772227315565239 ], [ 1.981325586936532, 50.772284068898784 ], [ 1.981025210405975, 50.772372239999527 ], [ 1.980840862072188, 50.772113201817106 ], [ 1.980785839085347, 50.772035582322012 ], [ 1.980817605741899, 50.771865352372423 ], [ 1.980843238055731, 50.771718402377893 ], [ 1.980855926323972, 50.771651207532145 ], [ 1.980608470930339, 50.771433826023866 ], [ 1.980371780093449, 50.771174358198259 ], [ 1.980304965315074, 50.771119972041902 ], [ 1.980090523018702, 50.770810435967185 ], [ 1.979846511640231, 50.770424385084794 ], [ 1.979648180454588, 50.770574406674591 ], [ 1.979603882944304, 50.770595579285491 ], [ 1.979591241188341, 50.77059098909681 ], [ 1.979422356694033, 50.770684720613907 ], [ 1.979176157660401, 50.770822683928898 ], [ 1.979088128851275, 50.770837216593875 ], [ 1.978801473375415, 50.770599768724331 ], [ 1.977167537566585, 50.77002463597065 ], [ 1.975334523715897, 50.769360802772809 ], [ 1.974122137195082, 50.768380815669779 ], [ 1.972557569471971, 50.767947967925217 ], [ 1.97299709636264, 50.767697651940729 ], [ 1.973106196951379, 50.767621382080058 ], [ 1.973513842124414, 50.76733849760852 ], [ 1.973983456001262, 50.766862300547409 ], [ 1.973995012503874, 50.766850730576031 ], [ 1.974016692420956, 50.766828476143694 ], [ 1.974047025890526, 50.766798217102988 ], [ 1.974347951560418, 50.766544061878321 ], [ 1.975013360729696, 50.765902570929882 ], [ 1.97547334051376, 50.765550119001254 ], [ 1.976187798547458, 50.765068748649568 ], [ 1.977027579878571, 50.764685315002644 ], [ 1.977409819160831, 50.76460500387023 ], [ 1.978097212382191, 50.764269664059313 ], [ 1.978154511104919, 50.764235138635918 ], [ 1.978552624328914, 50.764000614083535 ], [ 1.978559367980956, 50.764016821294646 ], [ 1.978585142077599, 50.764001778203095 ], [ 1.978679874865915, 50.764559795077574 ], [ 1.978789572871315, 50.765216639911174 ], [ 1.979823918168532, 50.76715795493282 ], [ 1.980065762115941, 50.769872535925224 ], [ 1.981104443700321, 50.771260216838719 ], [ 1.981236834326311, 50.771569079588019 ], [ 1.981517777337192, 50.772227315565239 ] ] ] ] } },
{ "type": "Feature", "properties": { "fid": 4286, "gml_id": "zdh_2008.3978", "lib_ocs": "PRAIRIES", "lib_conf": "caractère hygrophile supposé" }, "geometry": { "type": "MultiPolygon", "coordinates": [ [ [ [ 1.92531205472484, 50.746907520743186 ], [ 1.926079393663986, 50.747400512583134 ], [ 1.926582347613025, 50.747691108578358 ], [ 1.927145385513939, 50.748016319876697 ], [ 1.927595247753232, 50.748276840968039 ], [ 1.927669564162145, 50.7483070940673 ], [ 1.92839163588171, 50.748604056755532 ], [ 1.928519230950475, 50.748656304591812 ], [ 1.928015184306058, 50.749341132517777 ], [ 1.927937985951771, 50.749445458009333 ], [ 1.92742096078407, 50.74915026044301 ], [ 1.927186203240964, 50.749016325881854 ], [ 1.927086661527095, 50.748975086811356 ], [ 1.926980106766806, 50.748931095127517 ], [ 1.926990236595977, 50.748920414203056 ], [ 1.926975026628359, 50.748904130675086 ], [ 1.926812037023742, 50.748721459543553 ], [ 1.926406118700831, 50.748390423772001 ], [ 1.926186583663808, 50.747942543720541 ], [ 1.925559349779451, 50.747445378550445 ], [ 1.924952809564293, 50.747039021659219 ], [ 1.924710180826735, 50.746877195758515 ], [ 1.925009292546597, 50.746713768554748 ], [ 1.92531205472484, 50.746907520743186 ] ] ] ] } },
{ "type": "Feature", "properties": { "fid": 4312, "gml_id": "zdh_2008.3981", "lib_ocs": "PRAIRIES", "lib_conf": "caractère hygrophile supposé" }, "geometry": { "type": "MultiPolygon", "coordinates": [ [ [ [ 1.977772668885971, 50.746899015704642 ], [ 1.977183581896913, 50.747210940151632 ], [ 1.977039160182071, 50.747287822553567 ], [ 1.977167604649344, 50.747577824820851 ], [ 1.977233838759496, 50.747728226481087 ], [ 1.977554314029964, 50.747965067840624 ], [ 1.977852490698558, 50.748116477024688 ], [ 1.976902524016042, 50.748922565970616 ], [ 1.976913544307896, 50.748937014123896 ], [ 1.97660384621166, 50.749141755127795 ], [ 1.976380647411957, 50.749266445539384 ], [ 1.976197684590251, 50.749290963656797 ], [ 1.975586368563416, 50.749373873386894 ], [ 1.975360555843209, 50.749349580821452 ], [ 1.975289221024367, 50.749310407578058 ], [ 1.975441395189404, 50.748854910505344 ], [ 1.975740388234376, 50.748620471691133 ], [ 1.97608953459704, 50.748354140187047 ], [ 1.976656433961358, 50.74795230396689 ], [ 1.97668657112912, 50.747931015398947 ], [ 1.976877582676683, 50.74771991411901 ], [ 1.976877710946615, 50.747713633729177 ], [ 1.976912395369923, 50.747538935749262 ], [ 1.976765684704551, 50.747381590769322 ], [ 1.976418099332927, 50.747364374859266 ], [ 1.976394260604868, 50.74735430794231 ], [ 1.976147389027163, 50.747253568709269 ], [ 1.976079233279476, 50.747197372278805 ], [ 1.975827566958436, 50.746985321494144 ], [ 1.975816565752107, 50.746969976002624 ], [ 1.97561375099223, 50.746651541977947 ], [ 1.975606937244137, 50.746638922979848 ], [ 1.975510110077805, 50.746324950396065 ], [ 1.975561159390019, 50.746041807571068 ], [ 1.975869885236728, 50.745745530423115 ], [ 1.97589008606999, 50.745725954918314 ], [ 1.976314335085307, 50.745797644204139 ], [ 1.976990594660198, 50.745995238431071 ], [ 1.976988665901791, 50.746366725998136 ], [ 1.977387911289292, 50.746485765550368 ], [ 1.977822832482154, 50.746173471054725 ], [ 1.977885204239786, 50.745958619031413 ], [ 1.97776354611829, 50.745821222334591 ], [ 1.977735773287359, 50.745449490516307 ], [ 1.977245901964261, 50.744920514248811 ], [ 1.97664805837747, 50.744831248230739 ], [ 1.976685459774824, 50.744661956024785 ], [ 1.976693553450657, 50.744542674570788 ], [ 1.976154586709522, 50.743718059751664 ], [ 1.976123035671392, 50.74367024035876 ], [ 1.975136839901802, 50.743069867724913 ], [ 1.975187009623359, 50.743037078739022 ], [ 1.975130705853566, 50.743024052060683 ], [ 1.974642263616133, 50.74291144828851 ], [ 1.973875666710414, 50.742845903809339 ], [ 1.972760399946133, 50.742748761411988 ], [ 1.973880967609058, 50.741965640456272 ], [ 1.973020109780427, 50.741255907410597 ], [ 1.974067355751729, 50.74025322241318 ], [ 1.974243673880725, 50.740551702009377 ], [ 1.974752018796536, 50.741418253126646 ], [ 1.974776001812469, 50.741559335923917 ], [ 1.97488484257264, 50.741769316956173 ], [ 1.974996402086328, 50.741984704357314 ], [ 1.97531618778459, 50.742252955737563 ], [ 1.975809605896985, 50.742536993062345 ], [ 1.975837390772565, 50.74256145036405 ], [ 1.975987370886615, 50.742696390727161 ], [ 1.976768792299975, 50.74328251034531 ], [ 1.977164404028072, 50.74357830041113 ], [ 1.977181482338112, 50.743573056655059 ], [ 1.97733783951883, 50.743673050715046 ], [ 1.977729654055693, 50.744224553436005 ], [ 1.978150900178717, 50.744304288221564 ], [ 1.978397364020604, 50.744493858656121 ], [ 1.978818150403806, 50.744526924982473 ], [ 1.979088480388969, 50.744794759497452 ], [ 1.979210182612509, 50.744999456908737 ], [ 1.979450773418404, 50.745338834630104 ], [ 1.979456283536825, 50.745346058633267 ], [ 1.979436102527784, 50.745364737526018 ], [ 1.979141797010235, 50.74564857886844 ], [ 1.977917929763493, 50.74567173528969 ], [ 1.977964993263847, 50.745860565665794 ], [ 1.978061967849665, 50.746237352226629 ], [ 1.977772668885971, 50.746899015704642 ] ] ] ] } },
{ "type": "Feature", "properties": { "fid": 4366, "gml_id": "zdh_2008.3751", "lib_ocs": "PRAIRIES", "lib_conf": "caractère hygrophile supposé" }, "geometry": { "type": "MultiPolygon", "coordinates": [ [ [ [ 1.987874872612501, 50.770869468413245 ], [ 1.987632142346243, 50.770976967680376 ], [ 1.987501309461867, 50.770799132606705 ], [ 1.987641066984247, 50.770675542017308 ], [ 1.987661472883342, 50.770576105803357 ], [ 1.987126100743635, 50.77039049392539 ], [ 1.987203880228416, 50.770182949080322 ], [ 1.98685417480244, 50.770122675757719 ], [ 1.986903772860692, 50.769629554670466 ], [ 1.986208646414874, 50.769088197711696 ], [ 1.985696158141819, 50.768682024893153 ], [ 1.985244613888742, 50.768410944346932 ], [ 1.985181714416583, 50.768372744259636 ], [ 1.98517101476031, 50.768342148174405 ], [ 1.98509356084289, 50.768114494868527 ], [ 1.985062822411169, 50.768025409595751 ], [ 1.985246568784949, 50.767755916506431 ], [ 1.985672731903886, 50.767603255296862 ], [ 1.986056807508097, 50.767642276532712 ], [ 1.986068107064384, 50.767643265873545 ], [ 1.986319088997127, 50.767756577283464 ], [ 1.986282994506186, 50.767792176231232 ], [ 1.986824592460105, 50.768018222787553 ], [ 1.987046628139503, 50.76830358248408 ], [ 1.987125522466545, 50.768670330637512 ], [ 1.987102686915438, 50.768680015379545 ], [ 1.987435711288596, 50.769214834150098 ], [ 1.987609236715786, 50.769380454441993 ], [ 1.987645567219146, 50.769333191976806 ], [ 1.987750368451068, 50.769188678479154 ], [ 1.988185121864367, 50.76973150028055 ], [ 1.988244798429427, 50.769929395045949 ], [ 1.98852802867051, 50.770058217903753 ], [ 1.988536789229149, 50.770044829313484 ], [ 1.98857484341029, 50.770052316973462 ], [ 1.988478622102273, 50.770192414088335 ], [ 1.988171184358008, 50.770911358554464 ], [ 1.988171365662101, 50.770902386868201 ], [ 1.988175282456442, 50.770778589082219 ], [ 1.987874872612501, 50.770869468413245 ] ] ] ] } },
{ "type": "Feature", "properties": { "fid": 4368, "gml_id": "zdh_2008.3753", "lib_ocs": "PRAIRIES", "lib_conf": "caractère hygrophile supposé" }, "geometry": { "type": "MultiPolygon", "coordinates": [ [ [ [ 1.949798764384399, 50.770469792304773 ], [ 1.948687204075466, 50.770775372011428 ], [ 1.94691347595022, 50.769260058593559 ], [ 1.94848518363983, 50.769007733988445 ], [ 1.949798764384399, 50.770469792304773 ] ] ] ] } },
{ "type": "Feature", "properties": { "fid": 4399, "gml_id": "zdh_2008.3825", "lib_ocs": "PRAIRIES", "lib_conf": "caractère hygrophile très probable" }, "geometry": { "type": "MultiPolygon", "coordinates": [ [ [ [ 1.938946897286406, 50.765592343041533 ], [ 1.936872388304819, 50.764738332758171 ], [ 1.936844324442029, 50.764727325123197 ], [ 1.936793359972909, 50.764728684561625 ], [ 1.936839789775553, 50.764674343805702 ], [ 1.936099401716052, 50.764560339086394 ], [ 1.935605690232451, 50.76435691120826 ], [ 1.934829467403032, 50.764265025764182 ], [ 1.934339103377988, 50.763838185303136 ], [ 1.933962934260483, 50.763763178074974 ], [ 1.933881212544452, 50.763747223597598 ], [ 1.933629473963855, 50.763875180963481 ], [ 1.933490691284633, 50.763947573495841 ], [ 1.932022269568544, 50.763540158332539 ], [ 1.931446996401694, 50.763380880447492 ], [ 1.930813866209002, 50.763148418812577 ], [ 1.930707163076927, 50.763109814289166 ], [ 1.930678756646228, 50.763114954309145 ], [ 1.930442902566885, 50.763161384339405 ], [ 1.930141709171548, 50.76321981512563 ], [ 1.929029093246917, 50.762650311181936 ], [ 1.928732428449305, 50.762298694847672 ], [ 1.928553433132277, 50.762266644982766 ], [ 1.928388072137994, 50.762390848797438 ], [ 1.928116746501412, 50.762574261591503 ], [ 1.928135417514922, 50.762429053848528 ], [ 1.927749797682022, 50.762069490355188 ], [ 1.926525704900893, 50.761290819905454 ], [ 1.926894551149193, 50.760979931494639 ], [ 1.927130305786798, 50.76106990270651 ], [ 1.927797600154902, 50.761753142015017 ], [ 1.928547529835228, 50.762013545182413 ], [ 1.931387122486536, 50.762871577537922 ], [ 1.931841176536604, 50.763009177154807 ], [ 1.932321116263553, 50.763127255701171 ], [ 1.932357342237525, 50.763020783513298 ], [ 1.932421916047082, 50.762978265193652 ], [ 1.932621371578146, 50.762847169845394 ], [ 1.932671588939357, 50.762814398986237 ], [ 1.932990286932701, 50.762863792352256 ], [ 1.93464423133494, 50.763129210857151 ], [ 1.9347611044344, 50.763088933559082 ], [ 1.934799164364734, 50.763095540559711 ], [ 1.935724564448663, 50.762757981281254 ], [ 1.936557395612527, 50.763247864247177 ], [ 1.936637707603403, 50.763330207657027 ], [ 1.93783256717742, 50.764095962431107 ], [ 1.93884956193543, 50.764510229237693 ], [ 1.938946897286406, 50.765592343041533 ] ] ] ] } },
{ "type": "Feature", "properties": { "fid": 4410, "gml_id": "zdh_2008.4002", "lib_ocs": "PRAIRIES", "lib_conf": "caractère hygrophile très probable" }, "geometry": { "type": "MultiPolygon", "coordinates": [ [ [ [ 1.985574379929969, 50.74284400941221 ], [ 1.985714440080877, 50.742841561679256 ], [ 1.985866442823329, 50.742947791001932 ], [ 1.985955323742432, 50.743028379844127 ], [ 1.986106347066201, 50.743183057971322 ], [ 1.986143595349863, 50.743369113700176 ], [ 1.986181114107961, 50.743611704833555 ], [ 1.986416982364178, 50.743767073622976 ], [ 1.986325848344876, 50.743797738661335 ], [ 1.986331341131539, 50.74380585958216 ], [ 1.986623898153571, 50.744025401728052 ], [ 1.986685295345912, 50.744276263063817 ], [ 1.986747836373392, 50.744470600399239 ], [ 1.986989711392479, 50.744608967075784 ], [ 1.987295077531972, 50.744545048421507 ], [ 1.98742058504366, 50.744493125949404 ], [ 1.987498430683522, 50.744560163387263 ], [ 1.987912426008089, 50.74478966367294 ], [ 1.988383005394872, 50.74494873170952 ], [ 1.988909818346587, 50.744844433561987 ], [ 1.989881394640525, 50.744426081682604 ], [ 1.990613076570571, 50.744050644081312 ], [ 1.990835958051703, 50.744430236865902 ], [ 1.990887812864724, 50.744523981926427 ], [ 1.990883552601362, 50.744524844731536 ], [ 1.990876287901085, 50.744604650098736 ], [ 1.990513890762624, 50.744972316914762 ], [ 1.989541931678783, 50.745479508014505 ], [ 1.989125792821911, 50.745565863472258 ], [ 1.988627633745958, 50.74558155766848 ], [ 1.988044593887559, 50.745808334352411 ], [ 1.988724649147194, 50.746730953526502 ], [ 1.988785240709534, 50.746812207262103 ], [ 1.987731226245866, 50.747037846455036 ], [ 1.987288586013837, 50.746825163026394 ], [ 1.986677928231745, 50.747227588619545 ], [ 1.986528174707473, 50.747219190400891 ], [ 1.986372800987517, 50.747208951529473 ], [ 1.986375291831783, 50.746946048657051 ], [ 1.986104938295285, 50.74583831163163 ], [ 1.986023731367508, 50.74544819980904 ], [ 1.985865000477064, 50.744695823208716 ], [ 1.985620435367646, 50.743922106751882 ], [ 1.984879527134359, 50.743006148360067 ], [ 1.985037174004574, 50.742973334798506 ], [ 1.985366661805089, 50.742905130746678 ], [ 1.985586815400953, 50.7428584684573 ], [ 1.985574379929969, 50.74284400941221 ] ] ] ] } },
{ "type": "Feature", "properties": { "fid": 4417, "gml_id": "zdh_2008.3635", "lib_ocs": "BOISEMENTS ARTIFICIELS, PLANTATIONS", "lib_conf": "caractère hygrophile très probable" }, "geometry": { "type": "MultiPolygon", "coordinates": [ [ [ [ 1.964966307526032, 50.778557771478432 ], [ 1.964966326075049, 50.778556874323677 ], [ 1.966121451159283, 50.779160487556219 ], [ 1.966088856561189, 50.779231104280235 ], [ 1.966153411008968, 50.779257662125083 ], [ 1.966410832977532, 50.779402470774379 ], [ 1.966419804841834, 50.779379215238897 ], [ 1.966798895914071, 50.779457734710469 ], [ 1.967044114066617, 50.779508223474579 ], [ 1.967054397767797, 50.77955855797817 ], [ 1.966802558259715, 50.779897445581355 ], [ 1.966675703120687, 50.77987216581419 ], [ 1.966592426525199, 50.780272570874331 ], [ 1.966212192450506, 50.780180581834792 ], [ 1.966135436402951, 50.77992241764229 ], [ 1.965783692277961, 50.779821690654245 ], [ 1.965683013211582, 50.77976252957 ], [ 1.965599370475569, 50.780111784576611 ], [ 1.96476212564049, 50.779945107104496 ], [ 1.964804729134801, 50.779732799438044 ], [ 1.964940892547764, 50.779034031113099 ], [ 1.964854557021591, 50.779034210829302 ], [ 1.964613140431804, 50.779758125970623 ], [ 1.964569357528113, 50.779890563432367 ], [ 1.964437028901031, 50.779856262795533 ], [ 1.963005240129361, 50.779490809693428 ], [ 1.963015572882729, 50.779470257648725 ], [ 1.963592744795374, 50.778389318827436 ], [ 1.964685276480609, 50.77880219537515 ], [ 1.964966307526032, 50.778557771478432 ] ] ] ] } },
{ "type": "Feature", "properties": { "fid": 4442, "gml_id": "zdh_2008.4011", "lib_ocs": "TAILLIS HYGROPHILES", "lib_conf": "caractère hygrophile supposé" }, "geometry": { "type": "MultiPolygon", "coordinates": [ [ [ [ 1.939689278201699, 50.744096485279059 ], [ 1.939683592917689, 50.744164636169941 ], [ 1.93968501581358, 50.744231052900219 ], [ 1.939693717817679, 50.744287660691533 ], [ 1.939727416960695, 50.744366018082964 ], [ 1.939790213649438, 50.744406036912203 ], [ 1.939882562710059, 50.744519890911853 ], [ 1.940236949257515, 50.744882750250184 ], [ 1.940182626512825, 50.744910105742349 ], [ 1.940135411988572, 50.74493572703247 ], [ 1.940108203112864, 50.744951647750376 ], [ 1.939933798026874, 50.745106302581974 ], [ 1.939697543588021, 50.745176078520231 ], [ 1.938533325529207, 50.745520610133113 ], [ 1.9381831784395, 50.745425195170725 ], [ 1.938185256504734, 50.745193694468732 ], [ 1.93874632689983, 50.744946322735217 ], [ 1.938759946746473, 50.74490426302458 ], [ 1.938765983110309, 50.744886367326693 ], [ 1.938530071663688, 50.744606174018728 ], [ 1.939318493659693, 50.744241389797075 ], [ 1.939528866698095, 50.743991024654449 ], [ 1.939689278201699, 50.744096485279059 ] ] ] ] } },
{ "type": "Feature", "properties": { "fid": 4450, "gml_id": "zdh_2008.3644", "lib_ocs": "VEGETATIONS HERBACEES VIVACES", "lib_conf": "caractère hygrophile très probable" }, "geometry": { "type": "MultiPolygon", "coordinates": [ [ [ [ 1.964966307526032, 50.778557771478432 ], [ 1.964685276480609, 50.77880219537515 ], [ 1.963592744795374, 50.778389318827436 ], [ 1.963015572882729, 50.779470257648725 ], [ 1.96261518974576, 50.779463333901276 ], [ 1.961306161424232, 50.779185025007571 ], [ 1.961931344598384, 50.777974383610832 ], [ 1.961488949359271, 50.777673685402881 ], [ 1.961486863814627, 50.777637775583962 ], [ 1.961914576452851, 50.777281520015727 ], [ 1.961913180073955, 50.777280611064448 ], [ 1.961918914415076, 50.777277069621007 ], [ 1.962676068718007, 50.777549880197839 ], [ 1.963271695592516, 50.777763913533633 ], [ 1.963364695211055, 50.777783531231108 ], [ 1.963919864452532, 50.777901212400344 ], [ 1.965072512601396, 50.778144097280205 ], [ 1.965264810948964, 50.778221069200647 ], [ 1.964980828690623, 50.778539945987269 ], [ 1.964966307526032, 50.778557771478432 ] ] ] ] } },
{ "type": "Feature", "properties": { "fid": 4475, "gml_id": "zdh_2008.4021", "lib_ocs": "TERRES ARABLES", "lib_conf": "caractère hygrophile supposé" }, "geometry": { "type": "MultiPolygon", "coordinates": [ [ [ [ 1.93726134776689, 50.742876900241662 ], [ 1.937543443727539, 50.743112623080052 ], [ 1.937155983088464, 50.743310323290736 ], [ 1.93794834150509, 50.743826789161311 ], [ 1.93838918670864, 50.744113219208927 ], [ 1.938400670134791, 50.74410524093414 ], [ 1.938442414124076, 50.744204306616545 ], [ 1.937863817736189, 50.744544852993883 ], [ 1.937233961289059, 50.744634595612744 ], [ 1.936915435677173, 50.744382408997751 ], [ 1.936936646382443, 50.744382590193545 ], [ 1.936860829772395, 50.744223109810562 ], [ 1.935858350329724, 50.743545110397669 ], [ 1.936188427505336, 50.742919779606602 ], [ 1.93626263727095, 50.742821704187207 ], [ 1.936473347340295, 50.742889012632219 ], [ 1.937067286504993, 50.742891395271876 ], [ 1.93726134776689, 50.742876900241662 ] ] ] ] } },
{ "type": "Feature", "properties": { "fid": 4477, "gml_id": "zdh_2008.4023", "lib_ocs": "FORMATIONS FORESTIERES A FORTE NATURALITE", "lib_conf": "caractère hygrophile très probable" }, "geometry": { "type": "MultiPolygon", "coordinates": [ [ [ [ 1.98742058504366, 50.744493125949404 ], [ 1.987295077531972, 50.744545048421507 ], [ 1.986989711392479, 50.744608967075784 ], [ 1.986747836373392, 50.744470600399239 ], [ 1.986685295345912, 50.744276263063817 ], [ 1.986623898153571, 50.744025401728052 ], [ 1.986331341131539, 50.74380585958216 ], [ 1.986325848344876, 50.743797738661335 ], [ 1.986416982364178, 50.743767073622976 ], [ 1.986181114107961, 50.743611704833555 ], [ 1.986143595349863, 50.743369113700176 ], [ 1.986106347066201, 50.743183057971322 ], [ 1.985955323742432, 50.743028379844127 ], [ 1.985866442823329, 50.742947791001932 ], [ 1.985714440080877, 50.742841561679256 ], [ 1.985574379929969, 50.74284400941221 ], [ 1.985501235771495, 50.742754575017045 ], [ 1.985462551857666, 50.742709391903141 ], [ 1.985444000717989, 50.742438239471348 ], [ 1.985437497124284, 50.742340374733445 ], [ 1.985163540547425, 50.742041116160784 ], [ 1.984998478377483, 50.741811841514782 ], [ 1.985005224915198, 50.741758055181364 ], [ 1.985027859930135, 50.741548258449463 ], [ 1.985030724820111, 50.741197415383503 ], [ 1.984809790270839, 50.741073572562911 ], [ 1.984515271796709, 50.741021814770072 ], [ 1.984589061202982, 50.740869866195013 ], [ 1.984591198142611, 50.740903983211489 ], [ 1.985114868663383, 50.7409531232231 ], [ 1.985075328034193, 50.741718245948306 ], [ 1.985071136915762, 50.74178551347137 ], [ 1.985643976783951, 50.741921198295969 ], [ 1.985594835286788, 50.74183375418999 ], [ 1.985746191845377, 50.741692308351844 ], [ 1.985976416788894, 50.741706747634872 ], [ 1.98585720374698, 50.74179730642922 ], [ 1.985856127031548, 50.741990229146957 ], [ 1.986045930504374, 50.742464682112569 ], [ 1.986293010267513, 50.742764616902946 ], [ 1.986183055792451, 50.742956652344638 ], [ 1.986652188044796, 50.743605670867872 ], [ 1.98674848501323, 50.743739263271074 ], [ 1.987085528446903, 50.744206835882906 ], [ 1.987219010396226, 50.744320091342793 ], [ 1.98742058504366, 50.744493125949404 ] ] ] ] } },
{ "type": "Feature", "properties": { "fid": 4490, "gml_id": "zdh_2008.3659", "lib_ocs": "FORMATIONS FORESTIERES A FORTE NATURALITE", "lib_conf": "caractère hygrophile très probable" }, "geometry": { "type": "MultiPolygon", "coordinates": [ [ [ [ 1.98710320116693, 50.777048364696121 ], [ 1.986992577453663, 50.777130017175082 ], [ 1.986583282383299, 50.777214623213915 ], [ 1.986533031391524, 50.777250106571699 ], [ 1.986304869390932, 50.77740527833258 ], [ 1.986138266530977, 50.7778750082716 ], [ 1.986020577813935, 50.77809568480788 ], [ 1.985787456470394, 50.778285810028926 ], [ 1.984472351506535, 50.777325741929161 ], [ 1.984392789180611, 50.777271254624843 ], [ 1.984566495656235, 50.777149739974071 ], [ 1.985079294689823, 50.776916133673545 ], [ 1.985678171548885, 50.776554911249967 ], [ 1.985637628303886, 50.776530353676819 ], [ 1.98474627332402, 50.775891384222092 ], [ 1.984895101503493, 50.775810045011745 ], [ 1.984909578394101, 50.775794011445839 ], [ 1.985819998060582, 50.776469924747573 ], [ 1.986173854753857, 50.776257451977024 ], [ 1.986500259609754, 50.776142561430895 ], [ 1.986544468304038, 50.776125872351834 ], [ 1.986823158778368, 50.776200822143494 ], [ 1.98714647457213, 50.776378427455093 ], [ 1.987237429446696, 50.77656939659888 ], [ 1.98723711957103, 50.776724628406299 ], [ 1.98723561183707, 50.7769390727562 ], [ 1.98710320116693, 50.777048364696121 ] ] ] ] } },
{ "type": "Feature", "properties": { "fid": 4491, "gml_id": "zdh_2008.3660", "lib_ocs": "FORMATIONS FORESTIERES A FORTE NATURALITE", "lib_conf": "caractère hygrophile supposé" }, "geometry": { "type": "MultiPolygon", "coordinates": [ [ [ [ 1.907195006685513, 50.777002689834205 ], [ 1.905622914256607, 50.778027980014002 ], [ 1.904849696259162, 50.77785607597248 ], [ 1.904744318278918, 50.777821051093774 ], [ 1.904020728106239, 50.777580484658138 ], [ 1.903407394657308, 50.777410875775288 ], [ 1.903604487423749, 50.777199946326427 ], [ 1.905207930573048, 50.777524525728154 ], [ 1.905526045053171, 50.777538987116841 ], [ 1.905717380556159, 50.777526311459461 ], [ 1.905865734078791, 50.777472878500852 ], [ 1.906165471309155, 50.777097740062004 ], [ 1.906266710254042, 50.776933522389363 ], [ 1.907195006685513, 50.777002689834205 ] ] ] ] } },
{ "type": "Feature", "properties": { "fid": 4493, "gml_id": "zdh_2008.3779", "lib_ocs": "PRAIRIES", "lib_conf": "caractère hygrophile supposé" }, "geometry": { "type": "MultiPolygon", "coordinates": [ [ [ [ 1.988371722164056, 50.766588808362947 ], [ 1.988470694772287, 50.766522313369585 ], [ 1.988879578049947, 50.766663822235728 ], [ 1.989297678353691, 50.766839502744631 ], [ 1.989236124265538, 50.766944886954029 ], [ 1.989228779132993, 50.766958287141669 ], [ 1.989182349740296, 50.767015338755883 ], [ 1.988926790302304, 50.767478973190187 ], [ 1.98888712566983, 50.767551334037798 ], [ 1.988740236744207, 50.767818439824843 ], [ 1.988632759317566, 50.768095736004533 ], [ 1.988677704473761, 50.768112252839202 ], [ 1.988617580370039, 50.768216750857789 ], [ 1.988545994312007, 50.768398325187285 ], [ 1.988482693611302, 50.768379864553935 ], [ 1.988142219399026, 50.769053676524194 ], [ 1.988030689416028, 50.769041104958347 ], [ 1.987806686279539, 50.76892263271727 ], [ 1.987733899041873, 50.76874347452366 ], [ 1.987922385644861, 50.768448891472737 ], [ 1.987919048130941, 50.768403998374367 ], [ 1.987941810863844, 50.768397902166598 ], [ 1.987384879903476, 50.76781011599202 ], [ 1.987413700455457, 50.767784328098379 ], [ 1.987445404842578, 50.767755871689225 ], [ 1.987410309013179, 50.767742126459517 ], [ 1.987447309401963, 50.767731659527897 ], [ 1.98746457664325, 50.767647451831067 ], [ 1.987680647676822, 50.767108124357122 ], [ 1.988266709870529, 50.766674097950123 ], [ 1.988352914355327, 50.766609293943532 ], [ 1.988371722164056, 50.766588808362947 ] ] ] ] } },
{ "type": "Feature", "properties": { "fid": 4515, "gml_id": "zdh_2008.4031", "lib_ocs": "PRAIRIES", "lib_conf": "caractère hygrophile supposé" }, "geometry": { "type": "MultiPolygon", "coordinates": [ [ [ [ 1.966499705374966, 50.743836565211055 ], [ 1.9664001303362, 50.743864453584379 ], [ 1.96563606736418, 50.743470447079751 ], [ 1.965384191897553, 50.743340031199182 ], [ 1.965407244148825, 50.742908594079125 ], [ 1.965208691112885, 50.742730163704472 ], [ 1.964630138970986, 50.742462425437914 ], [ 1.967594883856164, 50.74202671318298 ], [ 1.968127943786242, 50.742993101921485 ], [ 1.968707866683422, 50.743058032277091 ], [ 1.970070537065542, 50.742884462439321 ], [ 1.970084658747474, 50.742885476674097 ], [ 1.970463024161812, 50.742917323029758 ], [ 1.970849855714346, 50.742950135603671 ], [ 1.971750933046831, 50.74294053472611 ], [ 1.972009948397695, 50.743068304592441 ], [ 1.971446097708738, 50.743460276753716 ], [ 1.970706105038556, 50.743407495714621 ], [ 1.970025472030783, 50.743494291767163 ], [ 1.969364787952715, 50.743504974068514 ], [ 1.968844369575036, 50.743503354884879 ], [ 1.96822298328873, 50.743666009930919 ], [ 1.967461723895624, 50.743753020829274 ], [ 1.966801294905376, 50.743751128681687 ], [ 1.966499705374966, 50.743836565211055 ] ] ] ] } },
{ "type": "Feature", "properties": { "fid": 4520, "gml_id": "zdh_2008.3664", "lib_ocs": "PRAIRIES", "lib_conf": "caractère hygrophile supposé" }, "geometry": { "type": "MultiPolygon", "coordinates": [ [ [ [ 1.926590817734516, 50.777658628560985 ], [ 1.926296607558286, 50.777717109739143 ], [ 1.923853299973894, 50.777020340235623 ], [ 1.924578290120027, 50.77627734299562 ], [ 1.923810661506621, 50.775448767330133 ], [ 1.921145271632765, 50.7745570975069 ], [ 1.919502158880958, 50.773972154339326 ], [ 1.9193406484871, 50.773915118806194 ], [ 1.919426272833529, 50.773685250020336 ], [ 1.91942735310103, 50.773438495657082 ], [ 1.919179011932645, 50.773208420282096 ], [ 1.919371777158801, 50.772997427691649 ], [ 1.919390596218901, 50.772977849893188 ], [ 1.920188567722162, 50.772328828636766 ], [ 1.920916912534019, 50.771889172444901 ], [ 1.92254719288308, 50.772607689426167 ], [ 1.922481376509145, 50.772641218194288 ], [ 1.92242473019879, 50.772708924573578 ], [ 1.922451399829534, 50.772719025925028 ], [ 1.922932175068768, 50.772933159104717 ], [ 1.922964407824494, 50.772947795075673 ], [ 1.923027226960286, 50.772987820626497 ], [ 1.923180782962307, 50.773151564065792 ], [ 1.921719413846433, 50.774050597328042 ], [ 1.921707940217153, 50.77405767654659 ], [ 1.922295966906983, 50.774286200168248 ], [ 1.923226416131025, 50.774648691162064 ], [ 1.92333799370326, 50.774593124738765 ], [ 1.923862682511907, 50.774016196230363 ], [ 1.923695588507513, 50.773626211786542 ], [ 1.923512587259732, 50.773449652064492 ], [ 1.92363814930643, 50.773335880243295 ], [ 1.923897254590649, 50.773263641943579 ], [ 1.923902798331562, 50.773269073786828 ], [ 1.923915763459672, 50.773258417961529 ], [ 1.924137835268724, 50.773065617894375 ], [ 1.92421477310729, 50.773173064004531 ], [ 1.925073787354249, 50.774357768307262 ], [ 1.925101861108374, 50.774566189019367 ], [ 1.925204572531034, 50.775319029666434 ], [ 1.925196179325994, 50.775314470626405 ], [ 1.925056401956946, 50.775233402669926 ], [ 1.925017265915817, 50.775210631839947 ], [ 1.924860216508383, 50.775406686268667 ], [ 1.924816296178102, 50.775408999016399 ], [ 1.924991106604753, 50.775703931589433 ], [ 1.925017701293414, 50.775717620955469 ], [ 1.925027999754311, 50.775765267755283 ], [ 1.925538795755794, 50.776626614948434 ], [ 1.925567960826045, 50.776718392969826 ], [ 1.926148190745693, 50.776850816856069 ], [ 1.926413963890965, 50.776930277669429 ], [ 1.926590817734516, 50.777658628560985 ] ] ] ] } },
{ "type": "Feature", "properties": { "fid": 4531, "gml_id": "zdh_2008.3792", "lib_ocs": "BOISEMENTS ARTIFICIELS, PLANTATIONS", "lib_conf": "caractère hygrophile très probable" }, "geometry": { "type": "MultiPolygon", "coordinates": [ [ [ [ 1.988677704473761, 50.768112252839202 ], [ 1.988632759317566, 50.768095736004533 ], [ 1.988740236744207, 50.767818439824843 ], [ 1.98888712566983, 50.767551334037798 ], [ 1.988926790302304, 50.767478973190187 ], [ 1.989182349740296, 50.767015338755883 ], [ 1.989228779132993, 50.766958287141669 ], [ 1.989236124265538, 50.766944886954029 ], [ 1.989297678353691, 50.766839502744631 ], [ 1.988879578049947, 50.766663822235728 ], [ 1.988470694772287, 50.766522313369585 ], [ 1.988371722164056, 50.766588808362947 ], [ 1.989025578757597, 50.765879850968865 ], [ 1.98930650266449, 50.764860080519639 ], [ 1.989361741356986, 50.764716957080722 ], [ 1.989840394274013, 50.764695716644752 ], [ 1.989826389782521, 50.764618433128575 ], [ 1.99001902647601, 50.764467450887999 ], [ 1.990174653500199, 50.764467815984922 ], [ 1.990509978201236, 50.764537834750072 ], [ 1.990868426087253, 50.764583812274118 ], [ 1.991083201512528, 50.764668106794304 ], [ 1.991178655480926, 50.7647056705895 ], [ 1.990934502219681, 50.765236702201086 ], [ 1.990819060814683, 50.765488811622426 ], [ 1.990571962067058, 50.766025202011143 ], [ 1.99044607545048, 50.766374136889695 ], [ 1.990493119091363, 50.766637433579739 ], [ 1.990499523306931, 50.766670686399344 ], [ 1.990543581567222, 50.766731164156177 ], [ 1.990380208471792, 50.766833928710156 ], [ 1.9903171659746, 50.766872899604863 ], [ 1.990309748779332, 50.766889888555433 ], [ 1.989999473880567, 50.767611509721036 ], [ 1.989886616456967, 50.767875303569738 ], [ 1.989818317441277, 50.768034472360533 ], [ 1.989805602995323, 50.768033471882148 ], [ 1.989487778223158, 50.768006665154886 ], [ 1.989453698043161, 50.768012669789655 ], [ 1.989153977248778, 50.768070357200401 ], [ 1.989015989634636, 50.768176915188207 ], [ 1.988965676975429, 50.768215988705357 ], [ 1.988677704473761, 50.768112252839202 ] ] ] ] } },
{ "type": "Feature", "properties": { "fid": 4537, "gml_id": "zdh_2008.3859", "lib_ocs": "TERRES ARABLES", "lib_conf": "caractère hygrophile supposé" }, "geometry": { "type": "MultiPolygon", "coordinates": [ [ [ [ 1.934206727865517, 50.758424313172519 ], [ 1.934310079375593, 50.758487114545936 ], [ 1.9344176516483, 50.758418042839246 ], [ 1.935913775836228, 50.761177595405414 ], [ 1.935987910689166, 50.76128411482641 ], [ 1.935735232935856, 50.761390532667512 ], [ 1.935723264854168, 50.761354536878699 ], [ 1.935536760564893, 50.761409474494364 ], [ 1.934600265189949, 50.760141601030838 ], [ 1.933942896286905, 50.759453995428423 ], [ 1.933772906272114, 50.759132189187042 ], [ 1.933734829419501, 50.759060075825957 ], [ 1.933713383290471, 50.759070660208025 ], [ 1.933482288673237, 50.758828193250672 ], [ 1.93344039003301, 50.758802708732034 ], [ 1.933551386047348, 50.758772252775543 ], [ 1.934126297054524, 50.758481054328755 ], [ 1.934111139146468, 50.758462080376354 ], [ 1.934206727865517, 50.758424313172519 ] ] ] ] } },
{ "type": "Feature", "properties": { "fid": 4542, "gml_id": "zdh_2008.3676", "lib_ocs": "PRAIRIES", "lib_conf": "caractère hygrophile très probable" }, "geometry": { "type": "MultiPolygon", "coordinates": [ [ [ [ 1.952697292161625, 50.77382685074538 ], [ 1.953356606848042, 50.77505184705484 ], [ 1.953613685732249, 50.77548112955202 ], [ 1.953598177764659, 50.775478307294243 ], [ 1.954298785568845, 50.776625575898528 ], [ 1.952486110043229, 50.777359597576073 ], [ 1.952174048424214, 50.777055475171252 ], [ 1.950300821456999, 50.775950360238305 ], [ 1.949258584818128, 50.775239869803031 ], [ 1.947390170361205, 50.77465249958059 ], [ 1.946751483608406, 50.774539421034724 ], [ 1.945525519906142, 50.773955659500217 ], [ 1.945345149249185, 50.773986435414372 ], [ 1.94501738447591, 50.774027627533087 ], [ 1.942854064163609, 50.77333718870829 ], [ 1.943348918607803, 50.77248624305313 ], [ 1.943459782403969, 50.772530255164746 ], [ 1.943671701300623, 50.772613709267155 ], [ 1.945251080236433, 50.772741954538425 ], [ 1.945499174919557, 50.772586127496638 ], [ 1.946521293859152, 50.772835260915819 ], [ 1.94683820414598, 50.772569643116682 ], [ 1.946947675974324, 50.77247814502033 ], [ 1.946935112217245, 50.77246996288838 ], [ 1.945506262678099, 50.771644898157234 ], [ 1.946146299855165, 50.771154098014776 ], [ 1.946014291861509, 50.771039020780684 ], [ 1.945336133350831, 50.770450916142003 ], [ 1.944532949955457, 50.769753171192527 ], [ 1.944388424563275, 50.769628115250882 ], [ 1.944641737563017, 50.769358373321019 ], [ 1.944563192133318, 50.769325403852427 ], [ 1.943163198598191, 50.768748213715511 ], [ 1.943093906560907, 50.768612129357543 ], [ 1.942985254405462, 50.768396746092563 ], [ 1.942925506535427, 50.768277791785323 ], [ 1.942814102163595, 50.768058795576131 ], [ 1.942669863994583, 50.76798757928362 ], [ 1.941021650881498, 50.767174052602634 ], [ 1.941016049036877, 50.767171312971335 ], [ 1.941087095429597, 50.76709026038538 ], [ 1.941022350621658, 50.76700715551074 ], [ 1.939298419792411, 50.765763139188152 ], [ 1.939341736070107, 50.764987317090657 ], [ 1.939466073318604, 50.764861852591388 ], [ 1.939589981710138, 50.764823425457941 ], [ 1.939688749628744, 50.764769529452387 ], [ 1.939706238012876, 50.764745450442398 ], [ 1.940791013776269, 50.765301158906382 ], [ 1.940475732625484, 50.765757909334503 ], [ 1.940998302114993, 50.765936437417714 ], [ 1.94388954480843, 50.767317757215793 ], [ 1.94417986024567, 50.767305862243312 ], [ 1.944380936229479, 50.767298593968263 ], [ 1.944688829432389, 50.767325431919353 ], [ 1.944729403967381, 50.767682911997234 ], [ 1.945404187317919, 50.768563522389051 ], [ 1.945647926195495, 50.768882342464472 ], [ 1.945774625626641, 50.769047625762575 ], [ 1.945878789772391, 50.769006333416613 ], [ 1.946332529944519, 50.768827119779417 ], [ 1.946448105464729, 50.768781436895452 ], [ 1.946485190684723, 50.768767393492737 ], [ 1.946776061786607, 50.768662175317623 ], [ 1.947367778869927, 50.768448231939686 ], [ 1.947396827404402, 50.768277985680896 ], [ 1.94746497743627, 50.767863099933777 ], [ 1.947217516082943, 50.767182628769163 ], [ 1.947027628631211, 50.766657881033495 ], [ 1.946603616902136, 50.765492253557547 ], [ 1.94652341907736, 50.765269037211858 ], [ 1.94595956003615, 50.764631646806663 ], [ 1.946010508550186, 50.764496581182833 ], [ 1.946851515357035, 50.763527401625645 ], [ 1.947870972041698, 50.761268459588706 ], [ 1.946913304764677, 50.76052185473452 ], [ 1.946541652223074, 50.760232459854592 ], [ 1.946420422911073, 50.760077091958735 ], [ 1.946410823457307, 50.760062653322315 ], [ 1.946381949628968, 50.760022926115745 ], [ 1.946410447066534, 50.760013296602501 ], [ 1.94523836600711, 50.75897053512837 ], [ 1.944848123146451, 50.758624444446106 ], [ 1.944744342255813, 50.75858138977275 ], [ 1.941888672608199, 50.757413937059425 ], [ 1.941465300988051, 50.756829757426758 ], [ 1.941246802962678, 50.756525494777961 ], [ 1.941088013535044, 50.755605264618175 ], [ 1.941050211001538, 50.755385991088097 ], [ 1.939423625781883, 50.753905879899619 ], [ 1.939179380529371, 50.753683051224606 ], [ 1.938828250898189, 50.75336419195866 ], [ 1.939034475813613, 50.753244808123149 ], [ 1.938777080806829, 50.752641390769405 ], [ 1.938452052615236, 50.752359543697018 ], [ 1.938158561804287, 50.752258331823789 ], [ 1.938189980038291, 50.75224424227715 ], [ 1.938188584787923, 50.752243333025341 ], [ 1.937929576204991, 50.751983583954278 ], [ 1.937946008148948, 50.751942446104145 ], [ 1.938013416216704, 50.751765346102651 ], [ 1.938198156447724, 50.751658342976327 ], [ 1.93822821709579, 50.751641549779869 ], [ 1.938854252239769, 50.751803027628597 ], [ 1.93920878296996, 50.751893990006408 ], [ 1.940970752868358, 50.751985269339073 ], [ 1.941051289967972, 50.751989543979043 ], [ 1.941199654806084, 50.751997087636624 ], [ 1.940811274072878, 50.752770886695714 ], [ 1.940810316842216, 50.752883047006151 ], [ 1.940624981788077, 50.753218872301019 ], [ 1.940650962903764, 50.75339497344816 ], [ 1.940717658480659, 50.753853187837414 ], [ 1.941186639618857, 50.754687222901985 ], [ 1.942271301008365, 50.755506746816991 ], [ 1.942278278085782, 50.755511292824586 ], [ 1.943255208591499, 50.756208750102786 ], [ 1.943581329602375, 50.756441237995766 ], [ 1.943631878816985, 50.756325012485462 ], [ 1.945315420938987, 50.757125359911988 ], [ 1.94536537865915, 50.757104247002495 ], [ 1.945715119292728, 50.756954661693165 ], [ 1.945825582523844, 50.756008004175094 ], [ 1.945885024138169, 50.756006712887974 ], [ 1.94632221776262, 50.756003235772674 ], [ 1.946416690307103, 50.756488600209025 ], [ 1.946416614814661, 50.756492188937315 ], [ 1.946419462470057, 50.756491315698533 ], [ 1.947039890090906, 50.756452595805101 ], [ 1.946903255792932, 50.757097525690746 ], [ 1.946878097339139, 50.75721755651572 ], [ 1.946870289535259, 50.757252486747348 ], [ 1.946955342201939, 50.75737883398309 ], [ 1.947022498267453, 50.757481698895177 ], [ 1.947020329341378, 50.757517574161902 ], [ 1.947009163994218, 50.757712202534279 ], [ 1.947369976090713, 50.758247376599812 ], [ 1.947486583490113, 50.758420651716406 ], [ 1.947486168687161, 50.758440389667406 ], [ 1.94751649463492, 50.758478334313374 ], [ 1.948204592705524, 50.759327648229714 ], [ 1.948466579686395, 50.759652005694534 ], [ 1.948662426116087, 50.759892351525743 ], [ 1.949248089027773, 50.761040502400512 ], [ 1.948495726819238, 50.762239269954215 ], [ 1.947586110112064, 50.764590669995087 ], [ 1.947893392330353, 50.765184607738092 ], [ 1.948245556406605, 50.765865066853344 ], [ 1.948367769381317, 50.766109275267596 ], [ 1.948988359566625, 50.767349238297065 ], [ 1.949012807281277, 50.767397900307223 ], [ 1.949149621525341, 50.767486095796542 ], [ 1.950082076697705, 50.768093376112382 ], [ 1.950527165978865, 50.768663340658136 ], [ 1.950786344655783, 50.768652065124158 ], [ 1.950786325856378, 50.768652962290318 ], [ 1.950926394630601, 50.7687887412226 ], [ 1.951084442357478, 50.768944412557858 ], [ 1.952260322436076, 50.770093016215569 ], [ 1.951997806922813, 50.770398588453347 ], [ 1.952073122773863, 50.770518566166103 ], [ 1.952144288488582, 50.770634022274216 ], [ 1.95224019538945, 50.770851981156262 ], [ 1.952167816514314, 50.771064934532973 ], [ 1.951162384252397, 50.771573326251371 ], [ 1.951247464083169, 50.771835163096952 ], [ 1.951181767227127, 50.77193152031365 ], [ 1.950809799425302, 50.772192198692878 ], [ 1.950873702418706, 50.772316567237255 ], [ 1.950828329274931, 50.772523465725534 ], [ 1.951024095609013, 50.772635485325296 ], [ 1.951369861436174, 50.772815169488467 ], [ 1.951541232187998, 50.773078629588966 ], [ 1.951714038396232, 50.773341204099246 ], [ 1.951864490132687, 50.773590130321899 ], [ 1.952167469032465, 50.773853799599998 ], [ 1.952467548596525, 50.773782744342618 ], [ 1.952697292161625, 50.77382685074538 ] ], [ [ 1.949798764384399, 50.770469792304773 ], [ 1.94848518363983, 50.769007733988445 ], [ 1.94691347595022, 50.769260058593559 ], [ 1.948687204075466, 50.770775372011428 ], [ 1.949798764384399, 50.770469792304773 ] ] ] ] } },
{ "type": "Feature", "properties": { "fid": 4543, "gml_id": "zdh_2008.4035", "lib_ocs": "PRAIRIES", "lib_conf": "caractère hygrophile supposé" }, "geometry": { "type": "MultiPolygon", "coordinates": [ [ [ [ 1.922617398477045, 50.741461461969116 ], [ 1.923503765355089, 50.741346194032339 ], [ 1.924020103225637, 50.741273486383228 ], [ 1.92404117769153, 50.741279950172867 ], [ 1.924176975299431, 50.741278432214038 ], [ 1.924974632712749, 50.74107893180301 ], [ 1.92517132435897, 50.741205364793025 ], [ 1.925328473732421, 50.741395168899132 ], [ 1.925586708913774, 50.741421627726702 ], [ 1.926183610771126, 50.741284996402037 ], [ 1.926641941954288, 50.741147166993414 ], [ 1.927179432573836, 50.741010915762772 ], [ 1.927636803310309, 50.741049855457561 ], [ 1.927953905551804, 50.741101045559738 ], [ 1.928120099518098, 50.740934669897783 ], [ 1.928399626769278, 50.741089629602037 ], [ 1.929049194023456, 50.74073807032314 ], [ 1.928028086112917, 50.740277902555299 ], [ 1.927972270976815, 50.740308829531863 ], [ 1.927860442940644, 50.74024774247404 ], [ 1.929543379658278, 50.739451011984826 ], [ 1.929217194238841, 50.739362058121316 ], [ 1.929265688780057, 50.739342733343776 ], [ 1.928433281814944, 50.738920983483382 ], [ 1.926699177813125, 50.739861734423243 ], [ 1.926685230845196, 50.739852640445989 ], [ 1.92668232613096, 50.739856204860203 ], [ 1.92635569054039, 50.739722371264484 ], [ 1.926191666443938, 50.739655448034071 ], [ 1.926218607667074, 50.739652091057494 ], [ 1.925701549461723, 50.7392976544227 ], [ 1.926483623125988, 50.738899691051387 ], [ 1.927304961533487, 50.73838450577076 ], [ 1.927493854700119, 50.738148331184817 ], [ 1.927196089381113, 50.73792142174937 ], [ 1.926696092718678, 50.737959286139052 ], [ 1.92644510659016, 50.737859307521475 ], [ 1.926290976584973, 50.737858874947193 ], [ 1.925479324656544, 50.737856355131761 ], [ 1.924761006812326, 50.737853739245203 ], [ 1.924231757317992, 50.737673279889314 ], [ 1.923173835719266, 50.737154421785213 ], [ 1.924071886131678, 50.736228026362859 ], [ 1.922967077329045, 50.735786831121906 ], [ 1.922949957432436, 50.735793861911539 ], [ 1.922621484337312, 50.735944468888327 ], [ 1.92144076265924, 50.735286335163401 ], [ 1.921311119219008, 50.73526546900402 ], [ 1.920941924559893, 50.735205732995219 ], [ 1.919569155169167, 50.734996397129827 ], [ 1.918946201074151, 50.734901248369049 ], [ 1.918844486109175, 50.734831266626827 ], [ 1.917915178532739, 50.734189640210552 ], [ 1.917347067861229, 50.733912792701211 ], [ 1.917330257982399, 50.733905467405535 ], [ 1.91689337152644, 50.733903459561574 ], [ 1.916582175099375, 50.73384331788094 ], [ 1.916488601317831, 50.733724049196852 ], [ 1.916490488116535, 50.733506002902757 ], [ 1.916617655957133, 50.733248665534148 ], [ 1.916837835121425, 50.733071107042335 ], [ 1.916937416276304, 50.733043257876517 ], [ 1.917119497273329, 50.732992794900433 ], [ 1.917634149833416, 50.732994581220176 ], [ 1.917994997940442, 50.732916058603905 ], [ 1.919391018874749, 50.734011326186774 ], [ 1.920453317190401, 50.733797101521986 ], [ 1.921196082958893, 50.734631822274338 ], [ 1.921820481388648, 50.734594160784027 ], [ 1.922088798021294, 50.734741860472418 ], [ 1.922415473945444, 50.734477272453383 ], [ 1.921891554231452, 50.733722527300571 ], [ 1.921147368133924, 50.733085220293553 ], [ 1.920591085738965, 50.732390311505164 ], [ 1.919724247729964, 50.731475537224412 ], [ 1.918511407251264, 50.730936442768041 ], [ 1.91878100733474, 50.730564578278809 ], [ 1.918826204937411, 50.730501257014815 ], [ 1.918854226318466, 50.730513166494475 ], [ 1.92187592882468, 50.731819951008205 ], [ 1.921931207065273, 50.731945165711508 ], [ 1.921965005245701, 50.73201724889114 ], [ 1.922090496016468, 50.732296523588559 ], [ 1.92223442853173, 50.732375842469175 ], [ 1.922896733429462, 50.732744118901607 ], [ 1.92302248300954, 50.732814305598325 ], [ 1.922831145289435, 50.733229929567621 ], [ 1.922807219882017, 50.733356252565699 ], [ 1.922734241366958, 50.733725339843993 ], [ 1.922917014596287, 50.734300345509396 ], [ 1.923492017972417, 50.734784520370027 ], [ 1.92396983995698, 50.735185293270604 ], [ 1.92403409602569, 50.735156235623698 ], [ 1.924210094600237, 50.735257366058391 ], [ 1.925183745045095, 50.735814076179921 ], [ 1.924775951342854, 50.735971182523237 ], [ 1.925334459518554, 50.736369057036399 ], [ 1.926143944937063, 50.736669486828603 ], [ 1.926482581046227, 50.737364282329231 ], [ 1.927793968794383, 50.736943954513734 ], [ 1.927364568536496, 50.73639285673957 ], [ 1.928905376491916, 50.735558113607503 ], [ 1.929846597220435, 50.736245523610449 ], [ 1.930732471196495, 50.735750611568754 ], [ 1.931197772339301, 50.736078560828886 ], [ 1.932111662314175, 50.736391514303016 ], [ 1.932365967280746, 50.735738615359743 ], [ 1.932375581311975, 50.735420130670931 ], [ 1.932382136607225, 50.735245199247068 ], [ 1.93240839714193, 50.734410867351777 ], [ 1.93175577686887, 50.734247327784594 ], [ 1.931798151467343, 50.733453514925188 ], [ 1.929994480092989, 50.731704283767947 ], [ 1.93148646761161, 50.730696787710897 ], [ 1.932264799545879, 50.730864101105254 ], [ 1.934117471288522, 50.731176122886239 ], [ 1.934360021614432, 50.731538946599393 ], [ 1.93440522320118, 50.731607534459272 ], [ 1.934447673848077, 50.731672509223735 ], [ 1.933664783423641, 50.732117182078021 ], [ 1.933922884624788, 50.732413733553351 ], [ 1.933185522171982, 50.732711623484555 ], [ 1.933281427558041, 50.733055243404067 ], [ 1.933083429650044, 50.733189946692939 ], [ 1.932310534351217, 50.733562008648967 ], [ 1.932371955183932, 50.733599328109214 ], [ 1.932776666287267, 50.733850475820809 ], [ 1.932783658596718, 50.733854125298777 ], [ 1.932822326625508, 50.733831125242226 ], [ 1.932958638127148, 50.73446853269801 ], [ 1.93327362937203, 50.735945617155743 ], [ 1.933911759206329, 50.736259782329199 ], [ 1.934492521625508, 50.736545634259407 ], [ 1.934618468677836, 50.736607733967567 ], [ 1.934677238988866, 50.736636953041028 ], [ 1.934802881322008, 50.736713407868265 ], [ 1.935035997054954, 50.736856290522788 ], [ 1.935033346389563, 50.736981002283287 ], [ 1.935012663915875, 50.73768795247711 ], [ 1.934884751685235, 50.737784670802654 ], [ 1.933871485964705, 50.738551319330575 ], [ 1.933793876256109, 50.738609880617247 ], [ 1.934063701745778, 50.738755771291999 ], [ 1.933865110678279, 50.738917390787499 ], [ 1.93338456083046, 50.739104411669949 ], [ 1.933684007844595, 50.739586172199473 ], [ 1.933928656291279, 50.739785689137619 ], [ 1.933930089298252, 50.739784804048611 ], [ 1.933935592241971, 50.739792030126672 ], [ 1.934245551960723, 50.740045947862534 ], [ 1.934198394659154, 50.740002470381057 ], [ 1.934541895476866, 50.739809786301841 ], [ 1.935114627929595, 50.74027593515828 ], [ 1.935432650943212, 50.739951117889447 ], [ 1.935889938307001, 50.739594288175574 ], [ 1.936644634371476, 50.740016220386607 ], [ 1.937541745013782, 50.739124722729443 ], [ 1.939257811832018, 50.738023038990789 ], [ 1.939701004522079, 50.738330126740919 ], [ 1.938319151460908, 50.739409541916245 ], [ 1.936972850538383, 50.740676793477554 ], [ 1.936938706514265, 50.740686372793903 ], [ 1.93641961081809, 50.741423159877833 ], [ 1.936373240200872, 50.741475707990134 ], [ 1.936108118662456, 50.742039677855068 ], [ 1.936067907821839, 50.742534678265876 ], [ 1.936067831609152, 50.742538267063686 ], [ 1.935725351795249, 50.742415989215225 ], [ 1.934999540447734, 50.743028959440039 ], [ 1.935000916311155, 50.743030765938883 ], [ 1.934781771159674, 50.743227207165262 ], [ 1.934661925592763, 50.743276433466683 ], [ 1.934650250972807, 50.743293383388625 ], [ 1.934354069261874, 50.743188548151011 ], [ 1.933691264738288, 50.742102445887468 ], [ 1.933402904255582, 50.741630653369576 ], [ 1.932837165354809, 50.741234552007164 ], [ 1.931801898603011, 50.74050777692996 ], [ 1.931446587867168, 50.740258847958181 ], [ 1.930067297589249, 50.740942454297823 ], [ 1.929322616172319, 50.741311147687284 ], [ 1.929240242256246, 50.741327488823494 ], [ 1.927277718421153, 50.741704529121591 ], [ 1.926711501640869, 50.741993084917361 ], [ 1.925897927527682, 50.742406928917994 ], [ 1.924691228925341, 50.741895777793239 ], [ 1.924642182763448, 50.74187471455879 ], [ 1.924237621003315, 50.741615468643694 ], [ 1.924219432097239, 50.74160633774229 ], [ 1.924163593864421, 50.741638160147247 ], [ 1.924120230798669, 50.741681756137858 ], [ 1.923468110508041, 50.74214992494084 ], [ 1.922901333040198, 50.741673903579105 ], [ 1.922617398477045, 50.741461461969116 ] ], [ [ 1.931351742095641, 50.737876419340672 ], [ 1.930834083916586, 50.737284195002317 ], [ 1.928868524591353, 50.738075819986612 ], [ 1.930035170444932, 50.739135778947443 ], [ 1.931351742095641, 50.737876419340672 ] ] ] ] } },
{ "type": "Feature", "properties": { "fid": 4554, "gml_id": "zdh_2008.3795", "lib_ocs": "PRAIRIES", "lib_conf": "caractère hygrophile très probable" }, "geometry": { "type": "MultiPolygon", "coordinates": [ [ [ [ 1.989886616456967, 50.767875303569738 ], [ 1.989999473880567, 50.767611509721036 ], [ 1.990309748779332, 50.766889888555433 ], [ 1.9903171659746, 50.766872899604863 ], [ 1.990380208471792, 50.766833928710156 ], [ 1.990543581567222, 50.766731164156177 ], [ 1.990499523306931, 50.766670686399344 ], [ 1.990493119091363, 50.766637433579739 ], [ 1.99044607545048, 50.766374136889695 ], [ 1.990571962067058, 50.766025202011143 ], [ 1.990819060814683, 50.765488811622426 ], [ 1.990934502219681, 50.765236702201086 ], [ 1.991178655480926, 50.7647056705895 ], [ 1.991083201512528, 50.764668106794304 ], [ 1.990868426087253, 50.764583812274118 ], [ 1.990509978201236, 50.764537834750072 ], [ 1.990174653500199, 50.764467815984922 ], [ 1.99001902647601, 50.764467450887999 ], [ 1.989826389782521, 50.764618433128575 ], [ 1.989840394274013, 50.764695716644752 ], [ 1.989361741356986, 50.764716957080722 ], [ 1.989626052019292, 50.764029059732948 ], [ 1.990200018843785, 50.762859117027219 ], [ 1.990129246853275, 50.762720354636187 ], [ 1.990080185675659, 50.762627531976271 ], [ 1.990087403293658, 50.762620411911684 ], [ 1.990937739143206, 50.76170575181456 ], [ 1.990940374001654, 50.761223907803561 ], [ 1.990545941934949, 50.760999069802686 ], [ 1.990396269447621, 50.760914404427069 ], [ 1.989856780386411, 50.759815285261908 ], [ 1.989894021658089, 50.759652273222159 ], [ 1.990077087882675, 50.758852441451097 ], [ 1.990508664087077, 50.757233563730345 ], [ 1.990585683796016, 50.757342765754984 ], [ 1.991184546066973, 50.757319803225379 ], [ 1.991199051742223, 50.757301974102525 ], [ 1.99223305493578, 50.756955902622401 ], [ 1.992110078829283, 50.756810436094071 ], [ 1.992163898656756, 50.756807282523106 ], [ 1.992614844320195, 50.755909111001671 ], [ 1.991751430371585, 50.756074408779284 ], [ 1.991445362439803, 50.756591486416951 ], [ 1.991400498978486, 50.756571381537832 ], [ 1.991223161276992, 50.756666856668957 ], [ 1.990589651874184, 50.756022818155181 ], [ 1.990583976239387, 50.756023669465229 ], [ 1.990581617590881, 50.756000319604354 ], [ 1.990709794192946, 50.755887397306473 ], [ 1.990237766145305, 50.75579473273114 ], [ 1.990239705531875, 50.755417867129339 ], [ 1.990311563534392, 50.755361917821979 ], [ 1.990257470280937, 50.755308536146153 ], [ 1.989983372377315, 50.755291954930904 ], [ 1.990008217946436, 50.75497180715729 ], [ 1.990563209208165, 50.754667625122629 ], [ 1.990117354630755, 50.754119324256457 ], [ 1.989106330767091, 50.754380318787312 ], [ 1.988686327553879, 50.753533408354819 ], [ 1.988090742367979, 50.751855924525451 ], [ 1.987696360481677, 50.751912839424136 ], [ 1.987401619531789, 50.750679287548977 ], [ 1.988405633265138, 50.750411967551521 ], [ 1.98831948200354, 50.749565071497024 ], [ 1.987796878708008, 50.749528517880265 ], [ 1.987743211468404, 50.749524492016505 ], [ 1.9878322872269, 50.749106156160721 ], [ 1.988088845288952, 50.747888748532347 ], [ 1.988487040035925, 50.747921598021598 ], [ 1.989039143370503, 50.747967362071002 ], [ 1.989100644147337, 50.748073748584588 ], [ 1.989541927439919, 50.748845460670523 ], [ 1.989688142414777, 50.749099699169179 ], [ 1.990246978891215, 50.750075161393966 ], [ 1.990616320124745, 50.751540826420396 ], [ 1.991761374660401, 50.752347843834102 ], [ 1.991607438058826, 50.752616696272945 ], [ 1.991757213097074, 50.752905955816466 ], [ 1.991664588698106, 50.75329106155467 ], [ 1.991662239182527, 50.75361857134012 ], [ 1.991902016761436, 50.754004574551473 ], [ 1.992172672658219, 50.754332500103139 ], [ 1.99271566611943, 50.754834917831118 ], [ 1.992713907774563, 50.75520370908832 ], [ 1.992711893895249, 50.755374186742046 ], [ 1.992626434404039, 50.75575486303341 ], [ 1.992612369615939, 50.755821152063838 ], [ 1.992618117374497, 50.755816711901709 ], [ 1.992686007754115, 50.755817261326108 ], [ 1.992981649876961, 50.7558178588001 ], [ 1.993223135708778, 50.756049530148353 ], [ 1.993313644044544, 50.75626203329854 ], [ 1.993251397774027, 50.756473300939959 ], [ 1.993232758070255, 50.756485712871182 ], [ 1.993006414439976, 50.756626558226237 ], [ 1.993005790479226, 50.756727951994165 ], [ 1.993005617483915, 50.756806916033234 ], [ 1.993004452356266, 50.756935225425089 ], [ 1.993123391145951, 50.757281661166395 ], [ 1.993121553086259, 50.757724929053026 ], [ 1.993347852834557, 50.757797648637869 ], [ 1.993472944557398, 50.757838142830373 ], [ 1.993484187956751, 50.757841823074536 ], [ 1.99493190466927, 50.759367319218597 ], [ 1.99517806084247, 50.759367511749979 ], [ 1.99520493603386, 50.75936772868107 ], [ 1.995220819354418, 50.75935170493306 ], [ 1.996092042985399, 50.758446148215398 ], [ 1.996093457443338, 50.758446159622601 ], [ 1.996155351918588, 50.758463708071993 ], [ 1.9965759741786, 50.758581957794995 ], [ 1.996191365145429, 50.759207886093037 ], [ 1.996115312455705, 50.759332001760193 ], [ 1.996352196613768, 50.759512480614418 ], [ 1.996750737392589, 50.75981540142417 ], [ 1.996322354956229, 50.760295608910944 ], [ 1.994930722807153, 50.759849176091876 ], [ 1.994807021371486, 50.759809592094328 ], [ 1.994659602088819, 50.760176306882862 ], [ 1.994591076579314, 50.760348040728729 ], [ 1.993799374464029, 50.760250116446855 ], [ 1.993756876692024, 50.760182473208054 ], [ 1.993454757367765, 50.760221307926244 ], [ 1.993405177475537, 50.760224496352151 ], [ 1.993412340176573, 50.760220067620715 ], [ 1.993069855160787, 50.759944509512543 ], [ 1.993014671638534, 50.759944960465219 ], [ 1.993016738789785, 50.759771792435174 ], [ 1.993036722107521, 50.75976298077822 ], [ 1.992778920785284, 50.759216215315547 ], [ 1.991274691273597, 50.759657187425965 ], [ 1.991336822631942, 50.759943939348737 ], [ 1.991345965204062, 50.759981701305222 ], [ 1.991055070857636, 50.760025107819679 ], [ 1.991244706058779, 50.760303022341319 ], [ 1.991355021986372, 50.760585677765327 ], [ 1.991400973154777, 50.760551951547697 ], [ 1.991436896176481, 50.760524425374157 ], [ 1.991489992075455, 50.760487167687444 ], [ 1.991552881093604, 50.760455373287847 ], [ 1.991551237080505, 50.76053701696928 ], [ 1.991856483571142, 50.760553846620674 ], [ 1.991932108972752, 50.760592146880406 ], [ 1.992349729575768, 50.760719359422666 ], [ 1.992366559418696, 50.760726674282786 ], [ 1.992273280635721, 50.761003193903825 ], [ 1.992270609775654, 50.761346849150051 ], [ 1.992288904363112, 50.761703236519132 ], [ 1.993744925192638, 50.761833461313195 ], [ 1.99374264296282, 50.762158275349286 ], [ 1.993055864341791, 50.76275123921738 ], [ 1.993030499552044, 50.762816538877267 ], [ 1.992097217147436, 50.765252401808731 ], [ 1.991264745385216, 50.766964031383274 ], [ 1.990556067618519, 50.768147236891352 ], [ 1.990551678732342, 50.768154379863319 ], [ 1.990077791602293, 50.768007863094205 ], [ 1.989886616456967, 50.767875303569738 ] ] ] ] } },
{ "type": "Feature", "properties": { "fid": 4560, "gml_id": "zdh_2008.3866", "lib_ocs": "FORMATIONS FORESTIERES A FORTE NATURALITE", "lib_conf": "caractère hygrophile très probable" }, "geometry": { "type": "MultiPolygon", "coordinates": [ [ [ [ 1.992366559418696, 50.760726674282786 ], [ 1.992349729575768, 50.760719359422666 ], [ 1.991932108972752, 50.760592146880406 ], [ 1.991856483571142, 50.760553846620674 ], [ 1.991551237080505, 50.76053701696928 ], [ 1.991552881093604, 50.760455373287847 ], [ 1.991489992075455, 50.760487167687444 ], [ 1.991436896176481, 50.760524425374157 ], [ 1.991400973154777, 50.760551951547697 ], [ 1.991355021986372, 50.760585677765327 ], [ 1.991244706058779, 50.760303022341319 ], [ 1.991055070857636, 50.760025107819679 ], [ 1.991345965204062, 50.759981701305222 ], [ 1.991336822631942, 50.759943939348737 ], [ 1.991274691273597, 50.759657187425965 ], [ 1.992778920785284, 50.759216215315547 ], [ 1.993036722107521, 50.75976298077822 ], [ 1.993016738789785, 50.759771792435174 ], [ 1.993014671638534, 50.759944960465219 ], [ 1.993069855160787, 50.759944509512543 ], [ 1.993412340176573, 50.760220067620715 ], [ 1.993405177475537, 50.760224496352151 ], [ 1.993307890857527, 50.760278446768808 ], [ 1.992547527933799, 50.760732625602841 ], [ 1.992483098329883, 50.760770689324886 ], [ 1.992366559418696, 50.760726674282786 ] ] ] ] } },
{ "type": "Feature", "properties": { "fid": 4574, "gml_id": "zdh_2008.3680", "lib_ocs": "FORMATIONS FORESTIERES A FORTE NATURALITE", "lib_conf": "caractère hygrophile supposé" }, "geometry": { "type": "MultiPolygon", "coordinates": [ [ [ [ 1.907912922500214, 50.776141279004399 ], [ 1.907547180209837, 50.776364195821962 ], [ 1.907842490065376, 50.77658034843094 ], [ 1.907324232992461, 50.776917681072597 ], [ 1.907319462901427, 50.776487822801734 ], [ 1.906945041332947, 50.776330197690989 ], [ 1.906508675672057, 50.776740928827287 ], [ 1.906453911981338, 50.776850818330779 ], [ 1.906136546503668, 50.776802267668394 ], [ 1.905781487724435, 50.776730054656369 ], [ 1.906293635871345, 50.775960165809479 ], [ 1.906574709093169, 50.775855852868972 ], [ 1.906916045734961, 50.775648876292706 ], [ 1.906917441069554, 50.775649785862647 ], [ 1.907052020170271, 50.775708395706573 ], [ 1.907758506898811, 50.776018786363686 ], [ 1.907904589443959, 50.77613402735679 ], [ 1.907912922500214, 50.776141279004399 ] ] ] ] } },
{ "type": "Feature", "properties": { "fid": 4575, "gml_id": "zdh_2008.3681", "lib_ocs": "BOISEMENTS ARTIFICIELS, PLANTATIONS", "lib_conf": "caractère hygrophile très probable" }, "geometry": { "type": "MultiPolygon", "coordinates": [ [ [ [ 1.926413963890965, 50.776930277669429 ], [ 1.926148190745693, 50.776850816856069 ], [ 1.925567960826045, 50.776718392969826 ], [ 1.925538795755794, 50.776626614948434 ], [ 1.925027999754311, 50.775765267755283 ], [ 1.925017701293414, 50.775717620955469 ], [ 1.924991106604753, 50.775703931589433 ], [ 1.924816296178102, 50.775408999016399 ], [ 1.924860216508383, 50.775406686268667 ], [ 1.925017265915817, 50.775210631839947 ], [ 1.925056401956946, 50.775233402669926 ], [ 1.925196179325994, 50.775314470626405 ], [ 1.925204572531034, 50.775319029666434 ], [ 1.925220501181136, 50.775434024018487 ], [ 1.925729247110963, 50.775665435654766 ], [ 1.926979364316812, 50.776236140526038 ], [ 1.926969132813507, 50.776251306767271 ], [ 1.926608292551992, 50.776777614310689 ], [ 1.926466740791801, 50.776910991679713 ], [ 1.926487099532591, 50.776951546448707 ], [ 1.926413963890965, 50.776930277669429 ] ] ] ] } },
{ "type": "Feature", "properties": { "fid": 4581, "gml_id": "zdh_2008.3800", "lib_ocs": "PRAIRIES", "lib_conf": "caractère hygrophile supposé" }, "geometry": { "type": "MultiPolygon", "coordinates": [ [ [ [ 1.974016692420956, 50.766828476143694 ], [ 1.973995012503874, 50.766850730576031 ], [ 1.973983456001262, 50.766862300547409 ], [ 1.973513842124414, 50.76733849760852 ], [ 1.973106196951379, 50.767621382080058 ], [ 1.97299709636264, 50.767697651940729 ], [ 1.972557569471971, 50.767947967925217 ], [ 1.969621257731446, 50.767135852648018 ], [ 1.969499815330768, 50.767124079663517 ], [ 1.968412458103013, 50.767019958691741 ], [ 1.967629200124706, 50.766715554748373 ], [ 1.96731897859443, 50.76659543247537 ], [ 1.966323766628406, 50.766209399809576 ], [ 1.965909377009918, 50.765789599415911 ], [ 1.965885568679253, 50.765777736422905 ], [ 1.965755147987567, 50.765652822032109 ], [ 1.965651105952166, 50.765552354451053 ], [ 1.965533671675775, 50.765346788252828 ], [ 1.965738572455868, 50.765153770651395 ], [ 1.96583092524038, 50.765066599766698 ], [ 1.966245467165565, 50.764861862605997 ], [ 1.966584623167089, 50.76467623950591 ], [ 1.966719153163698, 50.764601980599871 ], [ 1.967015496912752, 50.764433947506348 ], [ 1.967429500916712, 50.764323421272657 ], [ 1.967753753288389, 50.76437994985934 ], [ 1.96779829052381, 50.764484409148082 ], [ 1.96784005417229, 50.76458615342537 ], [ 1.967378481342053, 50.765356719150518 ], [ 1.967303725554336, 50.765482622128545 ], [ 1.967298967312605, 50.765987777245705 ], [ 1.967410281780617, 50.766010236333933 ], [ 1.968137272491496, 50.766160733135564 ], [ 1.969356012925491, 50.766411311125943 ], [ 1.969612450272781, 50.766463683865766 ], [ 1.970989088603935, 50.766605181409432 ], [ 1.97168942629523, 50.76667647236544 ], [ 1.972042416051449, 50.766712588309993 ], [ 1.973602915973375, 50.767203736168646 ], [ 1.97395890990522, 50.766886325999828 ], [ 1.974016692420956, 50.766828476143694 ] ] ] ] } },
{ "type": "Feature", "properties": { "fid": 4590, "gml_id": "zdh_2008.3871", "lib_ocs": "PRAIRIES", "lib_conf": "caractère hygrophile supposé" }, "geometry": { "type": "MultiPolygon", "coordinates": [ [ [ [ 1.934206727865517, 50.758424313172519 ], [ 1.934111139146468, 50.758462080376354 ], [ 1.934126297054524, 50.758481054328755 ], [ 1.933551386047348, 50.758772252775543 ], [ 1.93344039003301, 50.758802708732034 ], [ 1.933482288673237, 50.758828193250672 ], [ 1.933713383290471, 50.759070660208025 ], [ 1.933001355191936, 50.759422597804232 ], [ 1.932758583104549, 50.759263482160407 ], [ 1.932218606611339, 50.758910683454268 ], [ 1.93253877397149, 50.758558082391275 ], [ 1.932566317718426, 50.758526911644566 ], [ 1.930684974365773, 50.758053120426197 ], [ 1.93086903981843, 50.757648205387639 ], [ 1.93067310588002, 50.757615115385128 ], [ 1.930100787532701, 50.757519565958326 ], [ 1.929722989389233, 50.757457093538818 ], [ 1.929189198932251, 50.757478525743423 ], [ 1.92791065744367, 50.757529437313735 ], [ 1.927804461004601, 50.757533906691918 ], [ 1.92720931475576, 50.757711836973073 ], [ 1.926038965512904, 50.758060682286811 ], [ 1.925668769435622, 50.758171450358276 ], [ 1.924895885042917, 50.758588323203 ], [ 1.924729863908779, 50.758677520780864 ], [ 1.924610634625142, 50.758761738319933 ], [ 1.92467361065475, 50.758793689322886 ], [ 1.924697367374775, 50.758807354671895 ], [ 1.924844266890761, 50.758884000262093 ], [ 1.925054085608646, 50.758995287997003 ], [ 1.925615046875795, 50.759290869443809 ], [ 1.925069731995989, 50.759650482204769 ], [ 1.924687479628149, 50.759992656960598 ], [ 1.923691388736583, 50.759405263718207 ], [ 1.922042762023425, 50.758901049690785 ], [ 1.921765616938281, 50.758763150720675 ], [ 1.92131491789632, 50.758538499717943 ], [ 1.920316248254266, 50.75813949741233 ], [ 1.919180839045556, 50.757587648307116 ], [ 1.916681446197269, 50.756590506800741 ], [ 1.916900272607416, 50.756480242785209 ], [ 1.916999902085221, 50.756386888281753 ], [ 1.917139434563612, 50.755887382701673 ], [ 1.915995745567144, 50.755656680410269 ], [ 1.915861976761784, 50.755758710349561 ], [ 1.915625404117878, 50.755512571041209 ], [ 1.914876640525444, 50.755336446941065 ], [ 1.914409814123595, 50.755010228235122 ], [ 1.912820702958055, 50.75405593600825 ], [ 1.912196225721422, 50.754281098913651 ], [ 1.911706134150122, 50.754571145561719 ], [ 1.911435304554314, 50.754535575342551 ], [ 1.911085194249968, 50.754242668830216 ], [ 1.910847697157396, 50.753520018131105 ], [ 1.910729296845153, 50.753305412351196 ], [ 1.910580915039803, 50.753038497546882 ], [ 1.910180311292083, 50.752401459622583 ], [ 1.910289640919084, 50.752252558916368 ], [ 1.91044708458825, 50.752037675136734 ], [ 1.910869391295311, 50.752132003985473 ], [ 1.91089767648375, 50.75213225149502 ], [ 1.911200367021969, 50.7521331050797 ], [ 1.911213095357747, 50.752133216425939 ], [ 1.912333057674719, 50.751627927837738 ], [ 1.912169886923094, 50.751390497722646 ], [ 1.911846300550097, 50.750919250060932 ], [ 1.911502156385928, 50.750938674604541 ], [ 1.91148658040466, 50.750939435734608 ], [ 1.911339266923875, 50.750948915518819 ], [ 1.910460946648238, 50.750750093075055 ], [ 1.910030225622814, 50.750652996778975 ], [ 1.910074049069743, 50.750524161376553 ], [ 1.910096745899992, 50.750456161113654 ], [ 1.909689802712753, 50.750111601539196 ], [ 1.9096423138125, 50.750148874462759 ], [ 1.908802540939893, 50.74967488908927 ], [ 1.908451808733189, 50.749347867547556 ], [ 1.907537481486306, 50.748856169128416 ], [ 1.907021668711882, 50.748640761020681 ], [ 1.905698500905912, 50.748088923454745 ], [ 1.905349476729275, 50.747944071189956 ], [ 1.905189166773189, 50.747901382486113 ], [ 1.905187397341642, 50.747852909485665 ], [ 1.904468342945255, 50.747618652335184 ], [ 1.904075351203029, 50.747544300768425 ], [ 1.903630275277707, 50.747781770558589 ], [ 1.902807724903764, 50.747365325017661 ], [ 1.902782545808084, 50.747352539974962 ], [ 1.903175849182279, 50.747218710676854 ], [ 1.903898502563433, 50.747158672869752 ], [ 1.904118556276269, 50.747250346911621 ], [ 1.905181067100225, 50.747689534269554 ], [ 1.905179258467405, 50.747642855628897 ], [ 1.905433729017633, 50.747777903286064 ], [ 1.906647439304448, 50.748224688801372 ], [ 1.907264830440021, 50.748451758880449 ], [ 1.90734481102032, 50.748481176586338 ], [ 1.907817911006115, 50.748774278752293 ], [ 1.908079615635519, 50.748837595492255 ], [ 1.90832373162598, 50.748994082616555 ], [ 1.908516345742102, 50.749112428524256 ], [ 1.909122086458122, 50.749485655962566 ], [ 1.909147932533958, 50.749467935362595 ], [ 1.909600171515148, 50.749745592232358 ], [ 1.909614157194937, 50.749752893617064 ], [ 1.909890613708996, 50.749918634269022 ], [ 1.910059321705191, 50.749965877023016 ], [ 1.911578147462119, 50.750435922982028 ], [ 1.911810909968614, 50.750594995500521 ], [ 1.912047858156292, 50.750756796186025 ], [ 1.912117828761875, 50.750791507292817 ], [ 1.912443914100526, 50.750952291548572 ], [ 1.912772810521014, 50.751113996803163 ], [ 1.91310230565246, 50.751313395227541 ], [ 1.913117886188888, 50.751638373351547 ], [ 1.912691306870803, 50.751806041975634 ], [ 1.912918602661452, 50.75208710426314 ], [ 1.913045408697219, 50.752566500687912 ], [ 1.913290291373851, 50.752754390908905 ], [ 1.913484780750593, 50.752983118860755 ], [ 1.914260853355426, 50.754181572870785 ], [ 1.914669149023537, 50.754401395030413 ], [ 1.915158477432435, 50.754537571201226 ], [ 1.915161923697739, 50.754574392557309 ], [ 1.915537580247002, 50.754799311293851 ], [ 1.916439692769158, 50.755341090041924 ], [ 1.917220326554948, 50.755810017193284 ], [ 1.917683913285649, 50.755501772138679 ], [ 1.919703223323343, 50.756849181377746 ], [ 1.923537719272973, 50.757932293495912 ], [ 1.923693795124487, 50.75797671558 ], [ 1.92416557121924, 50.757615575105376 ], [ 1.924849564491224, 50.758044133501564 ], [ 1.92553950933554, 50.75773422599368 ], [ 1.927120822378782, 50.757021914423802 ], [ 1.927254287343596, 50.757065239870485 ], [ 1.927480507615089, 50.757137182062749 ], [ 1.928001956916127, 50.756832987565787 ], [ 1.928347203351092, 50.756631365886903 ], [ 1.929587769996259, 50.755907114868215 ], [ 1.930749292317164, 50.756365770305877 ], [ 1.930862918977634, 50.756410716189123 ], [ 1.931433341909496, 50.756859799571004 ], [ 1.931151385781404, 50.757211829444195 ], [ 1.932751612740812, 50.75799727426763 ], [ 1.933178808737892, 50.757932738205717 ], [ 1.933359052625188, 50.757905567876023 ], [ 1.934206727865517, 50.758424313172519 ] ] ] ] } },
{ "type": "Feature", "properties": { "fid": 4594, "gml_id": "zdh_2008.4044", "lib_ocs": "PRAIRIES", "lib_conf": "caractère hygrophile supposé" }, "geometry": { "type": "MultiPolygon", "coordinates": [ [ [ [ 1.985976416788894, 50.741706747634872 ], [ 1.985746191845377, 50.741692308351844 ], [ 1.985594835286788, 50.74183375418999 ], [ 1.985643976783951, 50.741921198295969 ], [ 1.985071136915762, 50.74178551347137 ], [ 1.985075328034193, 50.741718245948306 ], [ 1.985114868663383, 50.7409531232231 ], [ 1.984591198142611, 50.740903983211489 ], [ 1.984589061202982, 50.740869866195013 ], [ 1.984515271796709, 50.741021814770072 ], [ 1.98450541042348, 50.741019939578798 ], [ 1.984257963153115, 50.740808835687758 ], [ 1.98426014219356, 50.740492086206849 ], [ 1.984262498274762, 50.740236358384259 ], [ 1.98426408556399, 50.740088307211551 ], [ 1.984249687879131, 50.739891668150015 ], [ 1.984238677176854, 50.73973723254786 ], [ 1.984235417634425, 50.739688748554755 ], [ 1.98421292843168, 50.739333210703329 ], [ 1.983855205772344, 50.739121205107821 ], [ 1.984743293310401, 50.738702208445247 ], [ 1.98507451235474, 50.73896604231178 ], [ 1.985160197235981, 50.738994559338757 ], [ 1.98573200649543, 50.739179590956347 ], [ 1.985066246013998, 50.740002424720259 ], [ 1.984842747532946, 50.740424154620854 ], [ 1.984813383845263, 50.740686840881089 ], [ 1.985310053242421, 50.740882029059343 ], [ 1.985779516083181, 50.741094043199851 ], [ 1.986765936786737, 50.741198096383542 ], [ 1.98660494969267, 50.741745967436778 ], [ 1.986477890759744, 50.741735061706372 ], [ 1.986408714454533, 50.741729114118442 ], [ 1.985996521251088, 50.741691656410552 ], [ 1.985976416788894, 50.741706747634872 ] ] ] ] } },
{ "type": "Feature", "properties": { "fid": 4596, "gml_id": "zdh_2008.4046", "lib_ocs": "BOISEMENTS ARTIFICIELS, PLANTATIONS", "lib_conf": "caractère hygrophile supposé" }, "geometry": { "type": "MultiPolygon", "coordinates": [ [ [ [ 1.921662869775947, 50.741326665185419 ], [ 1.92178574444469, 50.741268503771941 ], [ 1.921994324770721, 50.741170703267912 ], [ 1.92188802733114, 50.741181448103326 ], [ 1.921529203397168, 50.741032067949867 ], [ 1.921510084079923, 50.741000494407714 ], [ 1.922032458124998, 50.741107320605821 ], [ 1.922610444395846, 50.740995668700009 ], [ 1.923227369579077, 50.740782948642661 ], [ 1.923767248362692, 50.740469951408755 ], [ 1.92418311408369, 50.740597384226014 ], [ 1.924441410242073, 50.740686661698867 ], [ 1.925017972355367, 50.74057498631835 ], [ 1.925616164517804, 50.740311840029278 ], [ 1.925975426719331, 50.740111239168478 ], [ 1.926190252532925, 50.73965543583229 ], [ 1.926191666443938, 50.739655448034071 ], [ 1.92635569054039, 50.739722371264484 ], [ 1.92668232613096, 50.739856204860203 ], [ 1.926685230845196, 50.739852640445989 ], [ 1.926699177813125, 50.739861734423243 ], [ 1.927085606902563, 50.740109150915771 ], [ 1.927401131970824, 50.740365825946796 ], [ 1.927859067411092, 50.740245935888638 ], [ 1.927860442940644, 50.74024774247404 ], [ 1.927972270976815, 50.740308829531863 ], [ 1.928028086112917, 50.740277902555299 ], [ 1.929049194023456, 50.74073807032314 ], [ 1.928399626769278, 50.741089629602037 ], [ 1.928120099518098, 50.740934669897783 ], [ 1.927953905551804, 50.741101045559738 ], [ 1.927636803310309, 50.741049855457561 ], [ 1.927179432573836, 50.741010915762772 ], [ 1.926641941954288, 50.741147166993414 ], [ 1.926183610771126, 50.741284996402037 ], [ 1.925586708913774, 50.741421627726702 ], [ 1.925328473732421, 50.741395168899132 ], [ 1.92517132435897, 50.741205364793025 ], [ 1.924974632712749, 50.74107893180301 ], [ 1.924176975299431, 50.741278432214038 ], [ 1.92404117769153, 50.741279950172867 ], [ 1.924020103225637, 50.741273486383228 ], [ 1.923503765355089, 50.741346194032339 ], [ 1.922617398477045, 50.741461461969116 ], [ 1.92260765509965, 50.741454198681524 ], [ 1.922194739944182, 50.741452417594694 ], [ 1.92167546021657, 50.741333055855662 ], [ 1.921667111647158, 50.741326701944942 ], [ 1.921662869775947, 50.741326665185419 ] ] ] ] } },
{ "type": "Feature", "properties": { "fid": 4597, "gml_id": "zdh_2008.4047", "lib_ocs": "PRAIRIES", "lib_conf": "caractère hygrophile supposé" }, "geometry": { "type": "MultiPolygon", "coordinates": [ [ [ [ 1.926190252532925, 50.73965543583229 ], [ 1.925975426719331, 50.740111239168478 ], [ 1.925616164517804, 50.740311840029278 ], [ 1.925017972355367, 50.74057498631835 ], [ 1.924441410242073, 50.740686661698867 ], [ 1.92418311408369, 50.740597384226014 ], [ 1.923767248362692, 50.740469951408755 ], [ 1.923227369579077, 50.740782948642661 ], [ 1.922610444395846, 50.740995668700009 ], [ 1.922032458124998, 50.741107320605821 ], [ 1.921510084079923, 50.741000494407714 ], [ 1.921529203397168, 50.741032067949867 ], [ 1.92188802733114, 50.741181448103326 ], [ 1.921994324770721, 50.741170703267912 ], [ 1.92178574444469, 50.741268503771941 ], [ 1.921662869775947, 50.741326665185419 ], [ 1.921453951796451, 50.741308701956328 ], [ 1.921084389210819, 50.741001290938101 ], [ 1.920420417235395, 50.740574666937867 ], [ 1.920460441236972, 50.740292343381931 ], [ 1.920387218499558, 50.740080826627263 ], [ 1.919980795820282, 50.739843983920458 ], [ 1.920057602632575, 50.739561082056881 ], [ 1.920465871062559, 50.739515269514001 ], [ 1.920947958308771, 50.739587651120821 ], [ 1.921502640214014, 50.739966662662766 ], [ 1.922253515174637, 50.740560944308946 ], [ 1.923207929321474, 50.740042452462752 ], [ 1.923628559120764, 50.740211207388192 ], [ 1.923801026637124, 50.740280001715945 ], [ 1.924139244450659, 50.740269465960218 ], [ 1.925100167804835, 50.740237389049888 ], [ 1.925327121703152, 50.739744002539425 ], [ 1.926139236357748, 50.739660379768395 ], [ 1.926190252532925, 50.73965543583229 ] ] ] ] } },
{ "type": "Feature", "properties": { "fid": 4617, "gml_id": "zdh_2008.3812", "lib_ocs": "PRAIRIES", "lib_conf": "caractère hygrophile très probable" }, "geometry": { "type": "MultiPolygon", "coordinates": [ [ [ [ 1.978154511104919, 50.764235138635918 ], [ 1.978097212382191, 50.764269664059313 ], [ 1.977409819160831, 50.76460500387023 ], [ 1.977027579878571, 50.764685315002644 ], [ 1.976187798547458, 50.765068748649568 ], [ 1.97547334051376, 50.765550119001254 ], [ 1.975013360729696, 50.765902570929882 ], [ 1.974347951560418, 50.766544061878321 ], [ 1.974047025890526, 50.766798217102988 ], [ 1.97502809438621, 50.765804883826704 ], [ 1.976037241259887, 50.765097122203109 ], [ 1.976092122405313, 50.764627374760344 ], [ 1.97403571806658, 50.764173447048712 ], [ 1.973963885224155, 50.764157600496702 ], [ 1.974033698353591, 50.764064853802275 ], [ 1.975272489562295, 50.762435637675289 ], [ 1.975419343919465, 50.762242125884754 ], [ 1.975429480911224, 50.762023260843954 ], [ 1.975506478259407, 50.760334220092318 ], [ 1.975643665564671, 50.760267151786238 ], [ 1.975778990969373, 50.759945225562873 ], [ 1.974331908179333, 50.759728719104849 ], [ 1.972851166907794, 50.758946597431084 ], [ 1.973373334126971, 50.758594663058219 ], [ 1.974176269049012, 50.758486423588458 ], [ 1.974117927884057, 50.7584338973681 ], [ 1.973638620093151, 50.75800640403731 ], [ 1.973795128768855, 50.757893732745963 ], [ 1.973899945100271, 50.757818323256721 ], [ 1.974086762811114, 50.757607194444937 ], [ 1.974278578793882, 50.756806556197986 ], [ 1.975777865158695, 50.757440755917337 ], [ 1.976815939618112, 50.75655464841131 ], [ 1.977255081353724, 50.756178683639689 ], [ 1.977042719222959, 50.755771341843797 ], [ 1.976266671796975, 50.75428973579907 ], [ 1.974502190858472, 50.751550879128409 ], [ 1.974919003821722, 50.750467627919029 ], [ 1.975618153816064, 50.751692875910656 ], [ 1.975805266922403, 50.752019254215014 ], [ 1.976239492047088, 50.752781978737538 ], [ 1.977487526375715, 50.755048152282107 ], [ 1.978226141108155, 50.755662613231962 ], [ 1.978333418932047, 50.756228816609671 ], [ 1.978384209134481, 50.756720974184333 ], [ 1.97836241265621, 50.756818604988631 ], [ 1.978023312137412, 50.756936961811867 ], [ 1.976401452667058, 50.758215799166308 ], [ 1.975947945992953, 50.75880879671405 ], [ 1.975381818590367, 50.759235755852039 ], [ 1.976316175548257, 50.759619425681201 ], [ 1.976770623083898, 50.759049765909786 ], [ 1.977914495283777, 50.759427069786859 ], [ 1.977998407403393, 50.759405325398859 ], [ 1.977975208133935, 50.759432952259033 ], [ 1.977305033808604, 50.759690366829957 ], [ 1.976997983152545, 50.759762322520281 ], [ 1.976410882951602, 50.759900172320243 ], [ 1.976314167907483, 50.75999449429446 ], [ 1.976411134026365, 50.76023398206037 ], [ 1.976438030513034, 50.760302400460461 ], [ 1.976084092240271, 50.760314744418032 ], [ 1.97611546900363, 50.760925188083476 ], [ 1.975723591009524, 50.760924656350312 ], [ 1.975788512417811, 50.761693305719106 ], [ 1.976956403736113, 50.761520750751636 ], [ 1.977729512005086, 50.762944882005129 ], [ 1.977918786712188, 50.763168076139138 ], [ 1.977778486196856, 50.763179486799665 ], [ 1.976985965790008, 50.762359099743314 ], [ 1.976699588087823, 50.762526341311215 ], [ 1.976627573423343, 50.76251946804031 ], [ 1.976510358304508, 50.76278590845132 ], [ 1.97634535542199, 50.762967606850566 ], [ 1.976200875385951, 50.763252666511818 ], [ 1.976138839566632, 50.763380474248088 ], [ 1.976278946339532, 50.763586217173682 ], [ 1.976391605763545, 50.763750457136076 ], [ 1.976483374240671, 50.763829279110254 ], [ 1.976772528138519, 50.763942027244632 ], [ 1.977124065827837, 50.763909920268702 ], [ 1.977879814470769, 50.763899078105418 ], [ 1.978032167010598, 50.764129147183993 ], [ 1.978154511104919, 50.764235138635918 ] ] ] ] } },
{ "type": "Feature", "properties": { "fid": 18635, "gml_id": "zdh_2008.3504", "lib_ocs": "ZONES BATIES", "lib_conf": "zone non humide (zones urbaines, artificialisées)" }, "geometry": { "type": "MultiPolygon", "coordinates": [ [ [ [ 1.97885863222129, 50.786877379488246 ], [ 1.9783318217077, 50.786820119052706 ], [ 1.978605422219104, 50.785412710045314 ], [ 1.978934618505741, 50.785442328094334 ], [ 1.978933758111658, 50.785692666976892 ], [ 1.979438194940638, 50.785805374143074 ], [ 1.980053578029791, 50.785961160727716 ], [ 1.979963544895436, 50.786211666429686 ], [ 1.980160845192052, 50.786323649469892 ], [ 1.979760235571915, 50.786811189497904 ], [ 1.979299983491451, 50.786613602891521 ], [ 1.978992575340726, 50.7865563483561 ], [ 1.97885863222129, 50.786877379488246 ] ] ] ] } }
]
}
