{
"type": "FeatureCollection",
"name": "ZH_Enjeux",
"crs": { "type": "name", "properties": { "name": "urn:ogc:def:crs:OGC:1.3:CRS84" } },
"features": [
{ "type": "Feature", "properties": { "fid": 2, "id": 93, "surfacekm": 0.09178, "surfaceha": 9.17778, "Catégorie": "A préserver" }, "geometry": { "type": "MultiPolygon", "coordinates": [ [ [ [ 1.934195715749433, 50.731816460935811 ], [ 1.934294993023947, 50.731632623705302 ], [ 1.934286082296546, 50.731445724109697 ], [ 1.934012480465276, 50.731249017981177 ], [ 1.933983196918414, 50.731206309541413 ], [ 1.933743998706628, 50.73113558388772 ], [ 1.932575860804403, 50.730967061700717 ], [ 1.932109483382858, 50.730824824248913 ], [ 1.931851014095154, 50.730843796577098 ], [ 1.931568919694091, 50.730865798346223 ], [ 1.931114621266818, 50.73081745439498 ], [ 1.930315031540846, 50.730482267627139 ], [ 1.929844083157513, 50.73003881043374 ], [ 1.9296891004159, 50.729488639813077 ], [ 1.929517897236427, 50.729349834921337 ], [ 1.9291458066391, 50.729128441890261 ], [ 1.929033939653035, 50.728984235423702 ], [ 1.928557842424396, 50.729298788015463 ], [ 1.927984153643445, 50.728899188881343 ], [ 1.927593809851649, 50.729106730451555 ], [ 1.926926801621401, 50.729413283429885 ], [ 1.92806460536261, 50.730290730755691 ], [ 1.927418142105638, 50.730494986638867 ], [ 1.92870639572127, 50.731193759580492 ], [ 1.929744430594442, 50.73209176648389 ], [ 1.929969704097829, 50.731870060784516 ], [ 1.930032113843387, 50.731865680916322 ], [ 1.931165949433719, 50.732873583794344 ], [ 1.931284861641338, 50.732826681338253 ], [ 1.932606374821638, 50.732529876134713 ], [ 1.933461572359631, 50.732197276987975 ], [ 1.933571960149977, 50.73203773572223 ], [ 1.933704055801744, 50.73209558551703 ], [ 1.933753997103341, 50.732105889289542 ], [ 1.933828532367859, 50.732097864731827 ], [ 1.934195715749433, 50.731816460935811 ] ] ] ] } },
{ "type": "Feature", "properties": { "fid": 3, "id": 94, "surfacekm": 0.1947, "surfaceha": 19.47023, "Catégorie": "A préserver" }, "geometry": { "type": "MultiPolygon", "coordinates": [ [ [ [ 1.914768464077385, 50.731523437834674 ], [ 1.915017847333745, 50.731797514329173 ], [ 1.91544107491554, 50.732190541710033 ], [ 1.915532476207073, 50.732250615783265 ], [ 1.915073202981616, 50.732511618558185 ], [ 1.915248049504624, 50.732676491410608 ], [ 1.915587409889671, 50.732793898373011 ], [ 1.915895130873258, 50.732630953106479 ], [ 1.916365221619814, 50.732901356152233 ], [ 1.916777919979592, 50.733198749965432 ], [ 1.916814228284259, 50.733193202334633 ], [ 1.916970172948169, 50.733493465990669 ], [ 1.916215547760301, 50.733767316825279 ], [ 1.916176918415824, 50.733800095868155 ], [ 1.916395994679175, 50.733829780762868 ], [ 1.916653250496014, 50.733903883707065 ], [ 1.916823383596898, 50.733908975369538 ], [ 1.917121439222229, 50.733867879988338 ], [ 1.917555132308262, 50.734824676620839 ], [ 1.917225439489313, 50.734937696738655 ], [ 1.917200187445324, 50.734969208354897 ], [ 1.918078456076357, 50.73570392650381 ], [ 1.919335127064285, 50.735312474820837 ], [ 1.921129900505393, 50.735452561588346 ], [ 1.921188316221694, 50.735412614396822 ], [ 1.921460919688746, 50.735521486504503 ], [ 1.921824287075584, 50.735639034938025 ], [ 1.922285554968365, 50.735604913364583 ], [ 1.922491007192636, 50.735670211916251 ], [ 1.922806958484506, 50.735843791859324 ], [ 1.923324293598001, 50.735492934761396 ], [ 1.922830115450509, 50.735122448895389 ], [ 1.923450244884399, 50.734834048156408 ], [ 1.923423296394552, 50.734804526890677 ], [ 1.923440385685022, 50.734797479278789 ], [ 1.922899930096466, 50.734138019543231 ], [ 1.922485010333046, 50.733670871915344 ], [ 1.92237861908686, 50.733477019223763 ], [ 1.922028057399029, 50.733036266639388 ], [ 1.921820683694814, 50.731913346672791 ], [ 1.920685819120713, 50.731358496222093 ], [ 1.920600922985682, 50.73127212441068 ], [ 1.919655261630606, 50.730818004058982 ], [ 1.919031914190517, 50.73054918886757 ], [ 1.918790731665041, 50.73071227045584 ], [ 1.9185053, 50.7308741 ], [ 1.9186478, 50.7309855 ], [ 1.9187724, 50.7311121 ], [ 1.9194131, 50.7313921 ], [ 1.919953789099336, 50.731841818617674 ], [ 1.920038646192846, 50.732015109699219 ], [ 1.9198467, 50.7322315 ], [ 1.9192498, 50.7324808 ], [ 1.9186132, 50.732692299999989 ], [ 1.9178692, 50.7329387 ], [ 1.917437892727752, 50.732879936395761 ], [ 1.916862768340331, 50.732026651959565 ], [ 1.916916601934322, 50.731863018702761 ], [ 1.9172156, 50.7316012 ], [ 1.9168867, 50.7313395 ], [ 1.9162293, 50.73081530000001 ], [ 1.9163043, 50.730746 ], [ 1.9163471, 50.7307746 ], [ 1.9168256, 50.7304325 ], [ 1.9166013, 50.7303078 ], [ 1.9166809, 50.730253300000015 ], [ 1.9167512, 50.7302633 ], [ 1.9167734, 50.7302617 ], [ 1.9168894, 50.7301997 ], [ 1.9168311, 50.7301657 ], [ 1.9163498, 50.729904 ], [ 1.9158596, 50.7296031 ], [ 1.9150439, 50.7302568 ], [ 1.9151181, 50.7303057 ], [ 1.9150812, 50.7303367 ], [ 1.9152809, 50.7304972 ], [ 1.9154068, 50.7305867 ], [ 1.9151751, 50.7306306 ], [ 1.9142219, 50.7308018 ], [ 1.913982869609967, 50.730822376675569 ], [ 1.914045196049399, 50.730861261823328 ], [ 1.914341366573131, 50.731153810270243 ], [ 1.914768464077385, 50.731523437834674 ] ] ] ] } },
{ "type": "Feature", "properties": { "fid": 4, "id": 96, "surfacekm": 0.01221, "surfaceha": 1.22096, "Catégorie": "A préserver" }, "geometry": { "type": "MultiPolygon", "coordinates": [ [ [ [ 1.926973626475287, 50.748789135005794 ], [ 1.927653571315465, 50.74831962101338 ], [ 1.927564687431447, 50.748274827863959 ], [ 1.926022780600308, 50.747378618084817 ], [ 1.925965199646863, 50.747296537388827 ], [ 1.925835725695383, 50.747217896967904 ], [ 1.925872003076322, 50.747198161508635 ], [ 1.925243325522353, 50.74684852829111 ], [ 1.924885983966773, 50.747032666977361 ], [ 1.926015304433349, 50.747893332254591 ], [ 1.926167512216664, 50.748237552564788 ], [ 1.926319444544826, 50.748330734088725 ], [ 1.926296884219632, 50.74839522379294 ], [ 1.926973626475287, 50.748789135005794 ] ] ] ] } },
{ "type": "Feature", "properties": { "fid": 5, "id": 97, "surfacekm": 0.01139, "surfaceha": 1.13881, "Catégorie": "A préserver" }, "geometry": { "type": "MultiPolygon", "coordinates": [ [ [ [ 1.907408286539827, 50.748516829031203 ], [ 1.906870585730365, 50.748256828637047 ], [ 1.905086377715785, 50.747470451954229 ], [ 1.904940773590511, 50.747539400523245 ], [ 1.904664154155979, 50.747483616770197 ], [ 1.9036258126744, 50.747144610633583 ], [ 1.902728265445625, 50.747318172371372 ], [ 1.904025250180344, 50.747555284271236 ], [ 1.905136316587388, 50.747871623994321 ], [ 1.905372346098002, 50.748018007002031 ], [ 1.906520791160819, 50.748403791505304 ], [ 1.906770580456653, 50.748458234010059 ], [ 1.907495520436279, 50.748842767870592 ], [ 1.907774141834202, 50.748935023540298 ], [ 1.907876780560478, 50.74886707636891 ], [ 1.907870343207599, 50.748732179536916 ], [ 1.907408286539827, 50.748516829031203 ] ] ] ] } },
{ "type": "Feature", "properties": { "fid": 6, "id": 98, "surfacekm": 0.00481, "surfaceha": 0.48052, "Catégorie": "A restaurer" }, "geometry": { "type": "MultiPolygon", "coordinates": [ [ [ [ 1.911621209807591, 50.750558269115679 ], [ 1.911731517248784, 50.750433950788569 ], [ 1.911964022775283, 50.750253755456413 ], [ 1.911066028874093, 50.749723136676657 ], [ 1.910907481933636, 50.749377205711227 ], [ 1.910530092675787, 50.749871281536691 ], [ 1.911251096556168, 50.750361061190112 ], [ 1.911621209807591, 50.750558269115679 ] ] ] ] } },
{ "type": "Feature", "properties": { "fid": 7, "id": 99, "surfacekm": 0.00923, "surfaceha": 0.923, "Catégorie": "A restaurer" }, "geometry": { "type": "MultiPolygon", "coordinates": [ [ [ [ 1.924726727843453, 50.751045744642745 ], [ 1.92443114453873, 50.751289816260666 ], [ 1.924090021262243, 50.751685300429784 ], [ 1.92477480099832, 50.751840069986315 ], [ 1.92542829597119, 50.752416001628099 ], [ 1.925568655921663, 50.752333888872819 ], [ 1.925639319130054, 50.752332898133055 ], [ 1.925697409724394, 50.752400627135621 ], [ 1.926013867180888, 50.752265753612889 ], [ 1.925393344707075, 50.751678281178208 ], [ 1.925285026750956, 50.751594792690966 ], [ 1.925490669804689, 50.751366726845475 ], [ 1.924926240930763, 50.750934618500175 ], [ 1.924726727843453, 50.751045744642745 ] ] ] ] } },
{ "type": "Feature", "properties": { "fid": 8, "id": 100, "surfacekm": 0.02881, "surfaceha": 2.88068, "Catégorie": "A restaurer" }, "geometry": { "type": "MultiPolygon", "coordinates": [ [ [ [ 1.926879159020447, 50.753572505439955 ], [ 1.927158559969953, 50.753430652146299 ], [ 1.926473361553227, 50.752819047750187 ], [ 1.926202354966521, 50.753012227095972 ], [ 1.926311270175922, 50.753188346379275 ], [ 1.926006555054717, 50.753383515663771 ], [ 1.925665630336814, 50.753694360362779 ], [ 1.925855008715497, 50.753859966371948 ], [ 1.92579125765729, 50.753942511507695 ], [ 1.926029695919267, 50.754080123428245 ], [ 1.926487224039404, 50.753789056227355 ], [ 1.927649263726056, 50.755188948712203 ], [ 1.928200201262436, 50.755781222320877 ], [ 1.928885564246903, 50.756246565715998 ], [ 1.929534094818961, 50.755795828453039 ], [ 1.929924395486279, 50.755550465714769 ], [ 1.92848655585841, 50.7547884785631 ], [ 1.927969489178249, 50.754430135306109 ], [ 1.927608213410712, 50.754219204999252 ], [ 1.927281843475542, 50.753904777961353 ], [ 1.926879159020447, 50.753572505439955 ] ] ] ] } },
{ "type": "Feature", "properties": { "fid": 9, "id": 101, "surfacekm": 0.0543, "surfaceha": 5.42962, "Catégorie": "A préserver" }, "geometry": { "type": "MultiPolygon", "coordinates": [ [ [ [ 1.913150652200851, 50.752757783958018 ], [ 1.912192947932607, 50.753274698580015 ], [ 1.912546945010442, 50.754085010921898 ], [ 1.912822804311615, 50.754322419072011 ], [ 1.913034910316908, 50.75439640902767 ], [ 1.913372315749937, 50.754706881928108 ], [ 1.913568769593207, 50.754689491997595 ], [ 1.914522195962613, 50.75533646079041 ], [ 1.916160801967391, 50.756039666261103 ], [ 1.916491348238872, 50.756310804851047 ], [ 1.917033774967195, 50.756374985666433 ], [ 1.917255159591527, 50.756415876262196 ], [ 1.917374630809367, 50.756533180941872 ], [ 1.917519132343077, 50.756532790031983 ], [ 1.917554214394958, 50.756560690179271 ], [ 1.917479302921756, 50.756605482434047 ], [ 1.917550763737316, 50.756652851784288 ], [ 1.91770641233973, 50.756865979569803 ], [ 1.917935131807465, 50.75709668535189 ], [ 1.918159960290792, 50.757200317521836 ], [ 1.918645680840996, 50.7572850284919 ], [ 1.919415036620105, 50.757215474076581 ], [ 1.92183937974306, 50.757909517484094 ], [ 1.921985662434597, 50.757834671792558 ], [ 1.922462922411229, 50.758002814075269 ], [ 1.922685800343713, 50.758087632669302 ], [ 1.923334665000052, 50.758214343010678 ], [ 1.923522176171282, 50.758025089757389 ], [ 1.923102649349472, 50.757903225097152 ], [ 1.923079146101269, 50.757926685034228 ], [ 1.919541129159627, 50.756881163761278 ], [ 1.919409053441456, 50.756952785899458 ], [ 1.918538409347834, 50.756995900172839 ], [ 1.918152513208602, 50.756889015998034 ], [ 1.917786817324599, 50.756553123754685 ], [ 1.917097279185372, 50.756261591259367 ], [ 1.916437191502653, 50.755377531576713 ], [ 1.915439307120769, 50.75484043998609 ], [ 1.915191693715859, 50.754600632793618 ], [ 1.915061375064737, 50.754527509821976 ], [ 1.914525655167678, 50.754326559026701 ], [ 1.914064740392198, 50.754014305291186 ], [ 1.91360523015194, 50.753043889160956 ], [ 1.913317808048997, 50.752803694190732 ], [ 1.913150652200851, 50.752757783958018 ] ] ] ] } },
{ "type": "Feature", "properties": { "fid": 10, "id": 102, "surfacekm": 0.0282, "surfaceha": 2.81999, "Catégorie": "A préserver" }, "geometry": { "type": "MultiPolygon", "coordinates": [ [ [ [ 1.927740827985077, 50.757294526846728 ], [ 1.926530993528854, 50.757497856201319 ], [ 1.926177313163454, 50.757602813373708 ], [ 1.925846208481737, 50.757783631925861 ], [ 1.926020297978839, 50.757910289807299 ], [ 1.925427614093491, 50.758218030766947 ], [ 1.925022659172956, 50.758454314994232 ], [ 1.925310031533632, 50.758690385419321 ], [ 1.925510252934522, 50.758788129979415 ], [ 1.925872606234544, 50.758466656999197 ], [ 1.925540734914075, 50.75828110954447 ], [ 1.926509133343139, 50.757883460835103 ], [ 1.926809891983753, 50.757780297757989 ], [ 1.927648081073928, 50.75766470541469 ], [ 1.927917656009848, 50.757650041376202 ], [ 1.92809894554936, 50.757513712706462 ], [ 1.928310219532214, 50.757469528995351 ], [ 1.928704310588172, 50.757447650111175 ], [ 1.929145358169114, 50.75746559698522 ], [ 1.929427651728977, 50.757529686839156 ], [ 1.929594735272883, 50.757609959607223 ], [ 1.929620650554928, 50.757583518482662 ], [ 1.930015565992114, 50.757716075202474 ], [ 1.930337597163423, 50.75739546547458 ], [ 1.929946306237188, 50.757255369207769 ], [ 1.930252425577431, 50.756967935164496 ], [ 1.9308357, 50.7564204 ], [ 1.9304501, 50.7562682 ], [ 1.9303714, 50.756201500000017 ], [ 1.930039923866903, 50.755998044815797 ], [ 1.929796123404303, 50.755888267491301 ], [ 1.929633168539697, 50.755834820301907 ], [ 1.928634980808735, 50.756536157579951 ], [ 1.928836, 50.7567677 ], [ 1.928899716314975, 50.757220812280877 ], [ 1.927740827985077, 50.757294526846728 ] ] ] ] } },
{ "type": "Feature", "properties": { "fid": 11, "id": 103, "surfacekm": 0.0149, "surfaceha": 1.48974, "Catégorie": "A préserver" }, "geometry": { "type": "MultiPolygon", "coordinates": [ [ [ [ 1.926627667987349, 50.761358272445335 ], [ 1.927108535140762, 50.761076169685992 ], [ 1.927004780132468, 50.761020532683787 ], [ 1.926535636084248, 50.760838983282767 ], [ 1.926249498205824, 50.760752152063468 ], [ 1.926072832607444, 50.760938449258646 ], [ 1.925887533285061, 50.760896447969529 ], [ 1.925665952260829, 50.760804359996854 ], [ 1.925571330390367, 50.760736384621723 ], [ 1.92525500329415, 50.76039716393668 ], [ 1.924741524698205, 50.760063115619701 ], [ 1.92509503876883, 50.759762704958156 ], [ 1.925526720396434, 50.759480252976964 ], [ 1.925481367726376, 50.759398956474406 ], [ 1.925301879858166, 50.759240665938634 ], [ 1.9251017292732, 50.759123128963203 ], [ 1.92522931438467, 50.75899420620631 ], [ 1.92459500026656, 50.758821372983441 ], [ 1.924411613814777, 50.758746095414004 ], [ 1.923593942539308, 50.759403816201029 ], [ 1.923833012669814, 50.759512170570162 ], [ 1.924159294550516, 50.759688460546698 ], [ 1.924619993608333, 50.760098458275415 ], [ 1.925008432826348, 50.760383025008075 ], [ 1.925498681352877, 50.760846249367077 ], [ 1.926248445939549, 50.761122391426035 ], [ 1.926627667987349, 50.761358272445335 ] ] ] ] } },
{ "type": "Feature", "properties": { "fid": 12, "id": 105, "surfacekm": 0.0178, "surfaceha": 1.78039, "Catégorie": "A restaurer" }, "geometry": { "type": "MultiPolygon", "coordinates": [ [ [ [ 1.906126707083286, 50.776168933605767 ], [ 1.906447951959974, 50.776357381542667 ], [ 1.906882270591945, 50.776297129101849 ], [ 1.907259998297648, 50.776322381686349 ], [ 1.907452850852037, 50.776430966639737 ], [ 1.90768101880385, 50.776583474538889 ], [ 1.907774527489964, 50.776737856631058 ], [ 1.907715916573505, 50.77690379437631 ], [ 1.90753825708212, 50.777050766926024 ], [ 1.907593195832153, 50.777080966982226 ], [ 1.908195634754954, 50.777723636532194 ], [ 1.908509426785749, 50.777901452569211 ], [ 1.908675335251806, 50.777923625432543 ], [ 1.908775407407018, 50.777897189446513 ], [ 1.908886845506442, 50.77782381894702 ], [ 1.909042535869334, 50.777551330755081 ], [ 1.908686934976425, 50.777365952993442 ], [ 1.908313885907922, 50.777125759409088 ], [ 1.908298555302324, 50.776873807974738 ], [ 1.907635844897124, 50.776421756711578 ], [ 1.90799309294089, 50.776172441801648 ], [ 1.907429984298307, 50.77597940167653 ], [ 1.90723469826241, 50.775889735904364 ], [ 1.907104655055371, 50.775707558015334 ], [ 1.906995740086565, 50.775652929629771 ], [ 1.906678429353533, 50.775311701403865 ], [ 1.905625831088327, 50.775733305731414 ], [ 1.905449652494673, 50.775958461136845 ], [ 1.906126707083286, 50.776168933605767 ] ] ] ] } },
{ "type": "Feature", "properties": { "fid": 13, "id": 108, "surfacekm": 0.14695, "surfaceha": 14.69503, "Catégorie": "A préserver" }, "geometry": { "type": "MultiPolygon", "coordinates": [ [ [ [ 1.921308574120552, 50.782263148174231 ], [ 1.92122055522873, 50.782281176156047 ], [ 1.92082780603033, 50.782280103031084 ], [ 1.920518641519346, 50.782258909264343 ], [ 1.920434281943231, 50.782220811215218 ], [ 1.920367857252299, 50.782209223800649 ], [ 1.920167471337039, 50.782069813282973 ], [ 1.92010854248071, 50.782049713171247 ], [ 1.919973650810204, 50.782026315561531 ], [ 1.919669199740273, 50.78207970695783 ], [ 1.919584070654928, 50.782065050841133 ], [ 1.919307637924596, 50.781934683972004 ], [ 1.9192728, 50.781957300000016 ], [ 1.9192116, 50.7819559 ], [ 1.9191191, 50.7819332 ], [ 1.9190877, 50.78194160000001 ], [ 1.9190589, 50.7819589 ], [ 1.9188013, 50.7822713 ], [ 1.9187501, 50.782278600000012 ], [ 1.9187174, 50.7822826 ], [ 1.918519672241453, 50.782309862506622 ], [ 1.918321036321124, 50.782410051253024 ], [ 1.9179555, 50.782576 ], [ 1.9177585, 50.782604 ], [ 1.9173241, 50.7825581 ], [ 1.9165045, 50.7824795 ], [ 1.9157791, 50.7824064 ], [ 1.9157363, 50.7823613 ], [ 1.9160493, 50.7819153 ], [ 1.9160569, 50.7818344 ], [ 1.9160077, 50.7816911 ], [ 1.9160155, 50.781523600000014 ], [ 1.916033, 50.781440599999989 ], [ 1.9160394, 50.7813581 ], [ 1.916033, 50.7812024 ], [ 1.9160224, 50.7811793 ], [ 1.9160017, 50.781134600000016 ], [ 1.9161411, 50.7810711 ], [ 1.9162579, 50.781001500000016 ], [ 1.916324669560106, 50.780998521327213 ], [ 1.916257727138889, 50.780968250322978 ], [ 1.916309244304051, 50.780781279831608 ], [ 1.916060190089603, 50.78067674969774 ], [ 1.915999508245869, 50.780593541763977 ], [ 1.915926990569592, 50.78057673110137 ], [ 1.915839612114606, 50.780516025104333 ], [ 1.916118693670536, 50.77987046049558 ], [ 1.915881197749129, 50.779822258547476 ], [ 1.915154520230859, 50.779444757247994 ], [ 1.914718720034625, 50.779187753257226 ], [ 1.913515341553625, 50.778778894842077 ], [ 1.912330958573272, 50.778553527374619 ], [ 1.912050359771857, 50.778463097219976 ], [ 1.911453353961497, 50.77849727081513 ], [ 1.911142345980045, 50.77858522625111 ], [ 1.910906791009041, 50.77859779135764 ], [ 1.910558675423158, 50.778588896525108 ], [ 1.91042586589668, 50.778755920872662 ], [ 1.910959227094406, 50.778803694104781 ], [ 1.911338649585018, 50.778892602622349 ], [ 1.911622246570494, 50.779295045107752 ], [ 1.911913059386382, 50.779435133417088 ], [ 1.912439748998999, 50.779711435755473 ], [ 1.912726746832874, 50.779984325126669 ], [ 1.912762845704268, 50.779958375293532 ], [ 1.912794482595831, 50.780016450100682 ], [ 1.912886943055639, 50.780103489652589 ], [ 1.913224245505988, 50.780232377780436 ], [ 1.913384516023083, 50.780277375956594 ], [ 1.913601718975399, 50.780443576191374 ], [ 1.913689950484102, 50.780468132127162 ], [ 1.913729641033673, 50.780506257137397 ], [ 1.91383441782539, 50.780539573940246 ], [ 1.914156442891031, 50.780732941644381 ], [ 1.914390149636279, 50.781002107850298 ], [ 1.914531566360239, 50.781134427322847 ], [ 1.914742533580935, 50.781201407672754 ], [ 1.914729550156098, 50.781213049314204 ], [ 1.914834324933308, 50.781247826474157 ], [ 1.914788946956264, 50.781342225368441 ], [ 1.914196190119593, 50.781575549877466 ], [ 1.914118210375217, 50.781652476189308 ], [ 1.913947619555697, 50.782140596931235 ], [ 1.913382844253446, 50.782076742995052 ], [ 1.912675357819562, 50.782274332063885 ], [ 1.911890198337431, 50.782282547266533 ], [ 1.911866823658903, 50.782502522562147 ], [ 1.912091253023102, 50.783018692620296 ], [ 1.912154455505543, 50.783097205306234 ], [ 1.912295742666311, 50.783164478702922 ], [ 1.912373416870888, 50.783181190892392 ], [ 1.912931416116798, 50.783183982060066 ], [ 1.913230894675495, 50.783148849496861 ], [ 1.913406417267786, 50.783163368237275 ], [ 1.913867771852484, 50.783247266879023 ], [ 1.914648087635648, 50.783245733764353 ], [ 1.915240072654858, 50.783256774667286 ], [ 1.915533394027019, 50.783194894702206 ], [ 1.91599353110944, 50.783131194292551 ], [ 1.916847726471711, 50.78313279491941 ], [ 1.918154599231849, 50.783107598510995 ], [ 1.918282286816522, 50.782736006332783 ], [ 1.918533212841878, 50.78267712045934 ], [ 1.919788217501348, 50.782596783563626 ], [ 1.919905966199555, 50.782346348908064 ], [ 1.920974331941917, 50.782603389086709 ], [ 1.921393009058845, 50.782656302860367 ], [ 1.921655631266155, 50.782597877352259 ], [ 1.921889021897784, 50.782579423207494 ], [ 1.922063370481722, 50.782653797596247 ], [ 1.922116462139285, 50.782728609773542 ], [ 1.922170136354981, 50.782873047044568 ], [ 1.922302596889489, 50.782931408534871 ], [ 1.923049624878484, 50.783008407617096 ], [ 1.92322577441735, 50.782993683299225 ], [ 1.923372435185226, 50.783047667102117 ], [ 1.923458392860426, 50.78305810989508 ], [ 1.923502337425683, 50.782828335908171 ], [ 1.92422127584609, 50.782904406148099 ], [ 1.924754858289134, 50.782921279582808 ], [ 1.924783686112139, 50.782418653138052 ], [ 1.924593084730503, 50.782346891477985 ], [ 1.924171137453466, 50.782187272905091 ], [ 1.923821726029053, 50.782032927336822 ], [ 1.923544677961561, 50.781799744666735 ], [ 1.92342442078242, 50.781689230194395 ], [ 1.922886512129383, 50.7815838627305 ], [ 1.92281187134743, 50.781963147109202 ], [ 1.922354804255573, 50.781939770676047 ], [ 1.922404272754034, 50.781699886128614 ], [ 1.922306671064258, 50.781686525059918 ], [ 1.922155349298279, 50.781709669471496 ], [ 1.922184016883783, 50.781669523664782 ], [ 1.92161767222563, 50.781591311422837 ], [ 1.921400519346668, 50.782201818094833 ], [ 1.921330191044992, 50.78220781597944 ], [ 1.921308574120552, 50.782263148174231 ] ] ] ] } },
{ "type": "Feature", "properties": { "fid": 14, "id": 109, "surfacekm": 0.1116, "surfaceha": 11.16019, "Catégorie": "A préserver" }, "geometry": { "type": "MultiPolygon", "coordinates": [ [ [ [ 1.931523319328939, 50.781508709920466 ], [ 1.931789714957038, 50.781171386585726 ], [ 1.932390236271982, 50.781323987585417 ], [ 1.93274773969144, 50.781038473713572 ], [ 1.933099784108002, 50.781080411943272 ], [ 1.933168752948254, 50.780856957786561 ], [ 1.933273519045328, 50.780598892446704 ], [ 1.930669501877559, 50.780197059991252 ], [ 1.929493015936092, 50.779722492157461 ], [ 1.927930700957093, 50.778919948245182 ], [ 1.92773335444773, 50.779103069734099 ], [ 1.927645320024669, 50.77906217318862 ], [ 1.927217464326439, 50.779326262532372 ], [ 1.927905508616294, 50.779691188055466 ], [ 1.929705823658707, 50.780940369273559 ], [ 1.929698148131056, 50.780972710547559 ], [ 1.929733109127231, 50.780997059812741 ], [ 1.929693486003796, 50.7809921930846 ], [ 1.92950403354192, 50.781787971508784 ], [ 1.929425813712361, 50.781806977259897 ], [ 1.928587778344475, 50.781793767928242 ], [ 1.927320056168272, 50.781661777563556 ], [ 1.926702838359435, 50.782238031415517 ], [ 1.92647787955014, 50.782425100432093 ], [ 1.926714085417925, 50.782701219795882 ], [ 1.927310427049032, 50.782711189183409 ], [ 1.927306175690651, 50.782724699300474 ], [ 1.927331511600324, 50.782725721176057 ], [ 1.927243418605491, 50.783007000211093 ], [ 1.926674467504256, 50.782924411157822 ], [ 1.926572094526276, 50.783113218341448 ], [ 1.925548599837343, 50.783198313540439 ], [ 1.925408044514723, 50.783269462038163 ], [ 1.925681362573713, 50.783491017478177 ], [ 1.925853800408132, 50.783741398047425 ], [ 1.926262098302687, 50.78373188791641 ], [ 1.926598958236044, 50.783777788265411 ], [ 1.926799495970685, 50.783861021363926 ], [ 1.927049276260321, 50.783801531973403 ], [ 1.927214249085897, 50.783870073905248 ], [ 1.927835359487676, 50.783662302735678 ], [ 1.927969519022974, 50.783487950133114 ], [ 1.928068780368906, 50.783416977490219 ], [ 1.928430681644885, 50.783341476220322 ], [ 1.928604339387343, 50.783093575987998 ], [ 1.929897208836873, 50.783058117363929 ], [ 1.929946797512271, 50.783301990271354 ], [ 1.930570412993466, 50.783356202965678 ], [ 1.930673964711392, 50.783068979184456 ], [ 1.930282450324637, 50.78297815252256 ], [ 1.930221784661508, 50.782782346032441 ], [ 1.931044579708548, 50.782717918843787 ], [ 1.931316991622855, 50.782716126117187 ], [ 1.931521212356892, 50.782160297935484 ], [ 1.931877055790242, 50.78218800155404 ], [ 1.93218903278841, 50.78224650135779 ], [ 1.932485716264045, 50.781924672300619 ], [ 1.932006576462242, 50.781831445308079 ], [ 1.932085448992083, 50.781644367130802 ], [ 1.931523319328939, 50.781508709920466 ] ] ] ] } },
{ "type": "Feature", "properties": { "fid": 15, "id": 110, "surfacekm": 0.01774, "surfaceha": 1.77358, "Catégorie": "A préserver" }, "geometry": { "type": "MultiPolygon", "coordinates": [ [ [ [ 1.883526040568977, 50.782696121498809 ], [ 1.884496661917065, 50.783168259216836 ], [ 1.885344387413408, 50.783540806366936 ], [ 1.885646077703678, 50.783261066554843 ], [ 1.886448905564414, 50.783169885274354 ], [ 1.887068743013119, 50.783435640443201 ], [ 1.887183492991792, 50.783233506609712 ], [ 1.886092489419911, 50.782544531698022 ], [ 1.88571384145071, 50.782687094365549 ], [ 1.885416846828362, 50.782538483059255 ], [ 1.884022125126478, 50.782230865172338 ], [ 1.883526040568977, 50.782696121498809 ] ] ] ] } },
{ "type": "Feature", "properties": { "fid": 16, "id": 111, "surfacekm": 0.00625, "surfaceha": 0.6251, "Catégorie": "A préserver" }, "geometry": { "type": "MultiPolygon", "coordinates": [ [ [ [ 1.925530812966321, 50.783776979287609 ], [ 1.925641573043499, 50.783745342036994 ], [ 1.925551189407102, 50.783629159589431 ], [ 1.925071904380683, 50.783177471533371 ], [ 1.924699513548337, 50.783185309901157 ], [ 1.924350160449534, 50.783276833753511 ], [ 1.92422472779338, 50.783308833889606 ], [ 1.924089785929046, 50.783314211525699 ], [ 1.923927654110927, 50.78330419666662 ], [ 1.923799808238758, 50.783283217983666 ], [ 1.923525302553126, 50.783197839767404 ], [ 1.923502621804649, 50.783248955551265 ], [ 1.92352608897226, 50.783480652887881 ], [ 1.924756986708784, 50.783780151808166 ], [ 1.924835598174982, 50.7837758921439 ], [ 1.925009865392404, 50.783712055724102 ], [ 1.925212850096226, 50.783700954383342 ], [ 1.925530812966321, 50.783776979287609 ] ] ] ] } },
{ "type": "Feature", "properties": { "fid": 17, "id": 113, "surfacekm": 0.06573, "surfaceha": 6.5726, "Catégorie": "A préserver" }, "geometry": { "type": "MultiPolygon", "coordinates": [ [ [ [ 1.904828038221201, 50.784712066537331 ], [ 1.904848753650354, 50.784622228529052 ], [ 1.905220579617711, 50.784561661439895 ], [ 1.905692943393442, 50.784538185512574 ], [ 1.905734568129842, 50.784524279120973 ], [ 1.906195488636134, 50.784225169740473 ], [ 1.906593909444022, 50.784080896603911 ], [ 1.907322384963318, 50.783933698974209 ], [ 1.907643455198811, 50.783843477380465 ], [ 1.908434642924373, 50.783773285345035 ], [ 1.909180776931638, 50.783374175960681 ], [ 1.909360947672804, 50.783329284376556 ], [ 1.909730220815859, 50.783267588806282 ], [ 1.910342794131475, 50.783241590459227 ], [ 1.910492368734844, 50.783255185237167 ], [ 1.910877543546633, 50.783339796172264 ], [ 1.911007266540615, 50.78334008806312 ], [ 1.91109621502304, 50.783361475595576 ], [ 1.911143206801112, 50.783388889727782 ], [ 1.911878176696021, 50.783215981247608 ], [ 1.912041418980149, 50.783154518607702 ], [ 1.91173638763656, 50.782564374487379 ], [ 1.911613014571648, 50.782483964937647 ], [ 1.910977988824477, 50.782237002540924 ], [ 1.909782914535929, 50.782541557923984 ], [ 1.908959563205133, 50.782556002300481 ], [ 1.908670772699106, 50.782684423758461 ], [ 1.908332911845973, 50.78285935263515 ], [ 1.907892878688936, 50.783235135927278 ], [ 1.906625053508529, 50.783437238477674 ], [ 1.906327552936946, 50.782979995347524 ], [ 1.905797736326684, 50.783468973642137 ], [ 1.905362281283885, 50.783550656004635 ], [ 1.90268769955721, 50.784195087231389 ], [ 1.902804798026872, 50.784465435662149 ], [ 1.902894672564589, 50.784497889357212 ], [ 1.902970760429706, 50.784490499631318 ], [ 1.903453523996591, 50.784703046591993 ], [ 1.903439644365593, 50.784774198649998 ], [ 1.903505418054014, 50.784828039727927 ], [ 1.903516879512343, 50.784965751864725 ], [ 1.903725023603378, 50.785006204450362 ], [ 1.903914767555867, 50.785122927915481 ], [ 1.903972642712242, 50.785426354999871 ], [ 1.904160261478414, 50.785420577298517 ], [ 1.904906744808816, 50.785306286950032 ], [ 1.905075035643321, 50.785292193965482 ], [ 1.904828038221201, 50.784712066537331 ] ] ] ] } },
{ "type": "Feature", "properties": { "fid": 18, "id": 194, "surfacekm": 0.00934, "surfaceha": 0.9337, "Catégorie": "A restaurer" }, "geometry": { "type": "MultiPolygon", "coordinates": [ [ [ [ 1.937378912481285, 50.736122187277104 ], [ 1.937842552363966, 50.735512387473229 ], [ 1.937886093444711, 50.735407862268858 ], [ 1.937886994024468, 50.735364914448539 ], [ 1.937791563284726, 50.735259204832431 ], [ 1.937567254261973, 50.735207207700661 ], [ 1.935969018495342, 50.735822848146732 ], [ 1.936860581610136, 50.736367152256257 ], [ 1.937071042954972, 50.736517039049723 ], [ 1.937196202914225, 50.736413792313961 ], [ 1.937378912481285, 50.736122187277104 ] ] ] ] } },
{ "type": "Feature", "properties": { "fid": 19, "id": 196, "surfacekm": 0.01788, "surfaceha": 1.78834, "Catégorie": "A préserver" }, "geometry": { "type": "MultiPolygon", "coordinates": [ [ [ [ 1.965837221650271, 50.73853005649422 ], [ 1.967044923445603, 50.737927507776746 ], [ 1.967151648229529, 50.737863932877922 ], [ 1.967281371705601, 50.737809538867573 ], [ 1.967677588873819, 50.737611969789356 ], [ 1.967749697561789, 50.737536613789885 ], [ 1.967327358811797, 50.73723769084792 ], [ 1.967149100258392, 50.737138477679153 ], [ 1.967024104161972, 50.737095112893442 ], [ 1.966908488378499, 50.737100704133226 ], [ 1.966795663517498, 50.737067022729526 ], [ 1.966731579781696, 50.736851433059584 ], [ 1.966744727302523, 50.736623299568919 ], [ 1.966628268464775, 50.736529320152044 ], [ 1.966193103813277, 50.736499484207989 ], [ 1.966048873312255, 50.736567480674452 ], [ 1.965997492983943, 50.736766564797371 ], [ 1.9660099, 50.736821100000022 ], [ 1.9660235, 50.736986 ], [ 1.966012103443318, 50.737016672222715 ], [ 1.966012996877972, 50.73703196629431 ], [ 1.965930075123667, 50.737226135881379 ], [ 1.965786, 50.7375928 ], [ 1.9656787, 50.7378384 ], [ 1.9655556, 50.7381072 ], [ 1.9654976, 50.7382648 ], [ 1.965454193134517, 50.738340429920882 ], [ 1.965837221650271, 50.73853005649422 ] ] ] ] } },
{ "type": "Feature", "properties": { "fid": 20, "id": 197, "surfacekm": 0.00128, "surfaceha": 0.12782, "Catégorie": "A restaurer" }, "geometry": { "type": "MultiPolygon", "coordinates": [ [ [ [ 1.939270835020124, 50.739011672127241 ], [ 1.939256994213918, 50.738955455997555 ], [ 1.93916732652895, 50.738871789853903 ], [ 1.93898098388667, 50.73880409004741 ], [ 1.93860340799981, 50.739083218326464 ], [ 1.93894373572653, 50.739242518677521 ], [ 1.939202287636863, 50.739098709733923 ], [ 1.939270835020124, 50.739011672127241 ] ] ] ] } },
{ "type": "Feature", "properties": { "fid": 21, "id": 198, "surfacekm": 0.06762, "surfaceha": 6.76188, "Catégorie": "A préserver" }, "geometry": { "type": "MultiPolygon", "coordinates": [ [ [ [ 1.934147969293037, 50.741503937193613 ], [ 1.934555850205406, 50.741617392920503 ], [ 1.934887896299773, 50.741805713482201 ], [ 1.935534306377472, 50.742558384913067 ], [ 1.935550894139577, 50.742596746880515 ], [ 1.936000707813023, 50.742364162721813 ], [ 1.936028187714256, 50.742205925175689 ], [ 1.936189453567281, 50.742073958691179 ], [ 1.936438967251798, 50.741558776595404 ], [ 1.936366490558818, 50.741533925104349 ], [ 1.936368834296342, 50.741490040847722 ], [ 1.93659184896367, 50.741029644063161 ], [ 1.936637315991228, 50.740994413138658 ], [ 1.936694413497598, 50.74088872067037 ], [ 1.937105656077188, 50.740501762429425 ], [ 1.9374529902625, 50.740062978251686 ], [ 1.937446854392023, 50.740043431176318 ], [ 1.937487475555217, 50.740019400348665 ], [ 1.938007366600191, 50.739362376310631 ], [ 1.937841393069648, 50.739286222184958 ], [ 1.936679895339152, 50.738658120030742 ], [ 1.935674974892127, 50.739852651847158 ], [ 1.934773980635658, 50.740630192460706 ], [ 1.934284327340257, 50.74009441784753 ], [ 1.933566497751101, 50.739394531345653 ], [ 1.933498198369461, 50.73935040078576 ], [ 1.93296209328389, 50.739541603338992 ], [ 1.93340473948983, 50.740216795557451 ], [ 1.933411739767108, 50.740497954849182 ], [ 1.9332812535072, 50.740766682556526 ], [ 1.932976978397501, 50.741070299508692 ], [ 1.932999055033418, 50.741178812203252 ], [ 1.932962574860861, 50.741245249442336 ], [ 1.933241584100984, 50.741474881807186 ], [ 1.934147969293037, 50.741503937193613 ] ] ] ] } },
{ "type": "Feature", "properties": { "fid": 22, "id": 199, "surfacekm": 0.00117, "surfaceha": 0.11713, "Catégorie": "A restaurer" }, "geometry": { "type": "MultiPolygon", "coordinates": [ [ [ [ 1.961506667159602, 50.740597005633994 ], [ 1.961247023637108, 50.740470724480161 ], [ 1.961122469102953, 50.740664066054158 ], [ 1.961122588875884, 50.740802055490263 ], [ 1.961263040392821, 50.740859301280977 ], [ 1.961415883198923, 50.740894560492912 ], [ 1.96161265832696, 50.740841946341497 ], [ 1.961666194341876, 50.740719220697606 ], [ 1.961506667159602, 50.740597005633994 ] ] ] ] } },
{ "type": "Feature", "properties": { "fid": 23, "id": 200, "surfacekm": 0.00523, "surfaceha": 0.52346, "Catégorie": "A préserver" }, "geometry": { "type": "MultiPolygon", "coordinates": [ [ [ [ 1.973818368672188, 50.740359886445013 ], [ 1.974098054946493, 50.740748086893724 ], [ 1.974108621389042, 50.74079350690873 ], [ 1.973785778417398, 50.741349073287815 ], [ 1.973770991552071, 50.741468944686012 ], [ 1.973961904421692, 50.741669393455325 ], [ 1.974314261917685, 50.741579506435912 ], [ 1.9743188, 50.74157730000001 ], [ 1.974695082240593, 50.741843082039608 ], [ 1.974793080653745, 50.741760122342463 ], [ 1.974746074845045, 50.741660868659622 ], [ 1.97451135385589, 50.74138365290257 ], [ 1.974240487439138, 50.740464747073368 ], [ 1.973786704233917, 50.740210710311821 ], [ 1.9737500010589, 50.740246654321439 ], [ 1.973818368672188, 50.740359886445013 ] ] ] ] } },
{ "type": "Feature", "properties": { "fid": 24, "id": 201, "surfacekm": 0.00495, "surfaceha": 0.49496, "Catégorie": "A préserver" }, "geometry": { "type": "MultiPolygon", "coordinates": [ [ [ [ 1.975648601320949, 50.742698022867344 ], [ 1.975285672709438, 50.742997462135946 ], [ 1.9752689, 50.743020599999987 ], [ 1.9752399, 50.743072299999987 ], [ 1.975233502197691, 50.743112055840896 ], [ 1.975955312692306, 50.743712589365813 ], [ 1.976525959091605, 50.743366599058987 ], [ 1.975648601320949, 50.742698022867344 ] ] ] ] } },
{ "type": "Feature", "properties": { "fid": 25, "id": 202, "surfacekm": 0.10065, "surfaceha": 10.06469, "Catégorie": "A préserver" }, "geometry": { "type": "MultiPolygon", "coordinates": [ [ [ [ 1.938221318314435, 50.745152671296196 ], [ 1.938679671888711, 50.745026213998088 ], [ 1.938848544458006, 50.744950469868023 ], [ 1.939200658716514, 50.744832731410412 ], [ 1.939438164947392, 50.744752887584667 ], [ 1.939846147338957, 50.744703539275555 ], [ 1.940083389812224, 50.744801800913663 ], [ 1.940138442925302, 50.744900331962107 ], [ 1.940278650276189, 50.74483794505155 ], [ 1.940659460114774, 50.744554693957831 ], [ 1.940922541078572, 50.744297710949219 ], [ 1.941486067143052, 50.743941792632057 ], [ 1.942223242550279, 50.743721625072752 ], [ 1.943091520527854, 50.743295613200701 ], [ 1.943248378313804, 50.743202413797256 ], [ 1.943999677545154, 50.742850041433272 ], [ 1.944239593705669, 50.742694633299578 ], [ 1.943249106640217, 50.742469369076986 ], [ 1.944640549390231, 50.741851933231615 ], [ 1.94415698587414, 50.741621339305397 ], [ 1.943738729480225, 50.741858498107177 ], [ 1.943343840187942, 50.741700250771551 ], [ 1.942718413503205, 50.742143057394486 ], [ 1.942206671525899, 50.74253915849485 ], [ 1.942052101055401, 50.742742852245264 ], [ 1.941973346159359, 50.743092545499898 ], [ 1.941884322664198, 50.74322038553715 ], [ 1.940392212787548, 50.742552276199035 ], [ 1.940161314741916, 50.742631344918145 ], [ 1.939992318757989, 50.742632288078248 ], [ 1.938210301631374, 50.742168996652154 ], [ 1.938079308183069, 50.742357664068578 ], [ 1.938030337427195, 50.742487695430057 ], [ 1.937904031354436, 50.74261030956896 ], [ 1.93783046287743, 50.742716350931275 ], [ 1.937731437495784, 50.742721950476565 ], [ 1.93762101397872, 50.742785670805873 ], [ 1.937513037182023, 50.742810762979559 ], [ 1.937164123282381, 50.742845092228265 ], [ 1.936800320843155, 50.742907298346736 ], [ 1.936344866501053, 50.742881805624918 ], [ 1.936237465513102, 50.742887468259973 ], [ 1.935794142062431, 50.743261492354641 ], [ 1.936340704131976, 50.74346255710536 ], [ 1.936649498613674, 50.743600268913802 ], [ 1.936952312799775, 50.743820578176908 ], [ 1.937688643870157, 50.744652496724356 ], [ 1.938221318314435, 50.745152671296196 ] ] ] ] } },
{ "type": "Feature", "properties": { "fid": 26, "id": 203, "surfacekm": 0.02275, "surfaceha": 2.27493, "Catégorie": "A préserver" }, "geometry": { "type": "MultiPolygon", "coordinates": [ [ [ [ 1.94312810210864, 50.749461010282822 ], [ 1.943098164382169, 50.749473574537845 ], [ 1.943066173273625, 50.749542155476419 ], [ 1.942983722747512, 50.749590324208597 ], [ 1.942848045665455, 50.749605317158441 ], [ 1.942788497833367, 50.749664030352314 ], [ 1.942666478171996, 50.74970449125049 ], [ 1.942615805718593, 50.749687533933411 ], [ 1.941975890188215, 50.748889171701677 ], [ 1.940813357295002, 50.749852981415444 ], [ 1.940940328075211, 50.750072102073133 ], [ 1.940958766457513, 50.75014990219443 ], [ 1.941088894327157, 50.750415524902635 ], [ 1.942088354824294, 50.750877949077456 ], [ 1.942837852060321, 50.750395751561335 ], [ 1.942801103861578, 50.750369427365762 ], [ 1.942893696216152, 50.750328690783398 ], [ 1.943025680282113, 50.750122423781413 ], [ 1.943029800675419, 50.749927610271527 ], [ 1.943132763817145, 50.749792977239338 ], [ 1.94328848772987, 50.749688435916582 ], [ 1.943409308793627, 50.74965977887171 ], [ 1.943782232763018, 50.749229857739969 ], [ 1.944040547142028, 50.748827342763491 ], [ 1.943815103829963, 50.748811110305674 ], [ 1.943735985652464, 50.748836309372024 ], [ 1.943702381825476, 50.74880275070516 ], [ 1.943255481891043, 50.749444647426017 ], [ 1.943202085834571, 50.749461710128884 ], [ 1.94312810210864, 50.749461010282822 ] ] ] ] } },
{ "type": "Feature", "properties": { "fid": 27, "id": 204, "surfacekm": 0.00998, "surfaceha": 0.9975, "Catégorie": "A préserver" }, "geometry": { "type": "MultiPolygon", "coordinates": [ [ [ [ 1.97428078303721, 50.751586504983599 ], [ 1.9742812, 50.7515864 ], [ 1.974281993730554, 50.751586110966642 ], [ 1.974347521798241, 50.751554846412375 ], [ 1.974401133670521, 50.751482625338909 ], [ 1.9744971, 50.7512625 ], [ 1.9745331, 50.751151599999979 ], [ 1.9746178, 50.7509066 ], [ 1.974625139304206, 50.750886973557741 ], [ 1.974634724174792, 50.750858829048283 ], [ 1.974746851191064, 50.750529582686944 ], [ 1.974753930914912, 50.750508541615005 ], [ 1.974446654024953, 50.750451475404496 ], [ 1.974292150265347, 50.75079196171685 ], [ 1.974288249921078, 50.750800557001853 ], [ 1.974024490446959, 50.750739716153952 ], [ 1.9740116, 50.7507372 ], [ 1.974008798902693, 50.750736096595695 ], [ 1.973869526639495, 50.750703970643421 ], [ 1.973598068314779, 50.750580756598822 ], [ 1.97345179050799, 50.750534752794536 ], [ 1.973438943187499, 50.750547376666411 ], [ 1.973282488362984, 50.750700940052894 ], [ 1.972837021060575, 50.751134600784901 ], [ 1.97301583650294, 50.751239664841627 ], [ 1.9731407, 50.7512976 ], [ 1.973411756199264, 50.751432285299515 ], [ 1.9734984, 50.7514303 ], [ 1.973558967834043, 50.751436088603953 ], [ 1.9738386, 50.7515125 ], [ 1.9741355, 50.7515969 ], [ 1.974136041526787, 50.751596938905919 ], [ 1.97428078303721, 50.751586504983599 ] ] ] ] } },
{ "type": "Feature", "properties": { "fid": 28, "id": 205, "surfacekm": 0.00523, "surfaceha": 0.52328, "Catégorie": "A préserver" }, "geometry": { "type": "MultiPolygon", "coordinates": [ [ [ [ 1.934536828423528, 50.751719810088169 ], [ 1.93447092877772, 50.751724118354389 ], [ 1.933493716746893, 50.751935547334519 ], [ 1.932075630561398, 50.752217762053171 ], [ 1.93253753078794, 50.752435600166748 ], [ 1.932909692597521, 50.752497541152465 ], [ 1.933428665830996, 50.752351049143577 ], [ 1.93343752870761, 50.752200966869147 ], [ 1.934411197003386, 50.751933094414667 ], [ 1.934536828423528, 50.751719810088169 ] ] ] ] } },
{ "type": "Feature", "properties": { "fid": 29, "id": 206, "surfacekm": 0.01076, "surfaceha": 1.07626, "Catégorie": "A restaurer" }, "geometry": { "type": "MultiPolygon", "coordinates": [ [ [ [ 1.948006872647981, 50.753256382171806 ], [ 1.948079909112589, 50.753145751341066 ], [ 1.948225933585965, 50.753062637076852 ], [ 1.94831104654882, 50.752984376578006 ], [ 1.948394053445822, 50.752871114937314 ], [ 1.948466372580314, 50.752613911081504 ], [ 1.947270900252428, 50.752838561879599 ], [ 1.947128380194814, 50.752893414754418 ], [ 1.94708353801429, 50.753277780028846 ], [ 1.947143924905719, 50.753683393343032 ], [ 1.947205966808974, 50.753791760011083 ], [ 1.947234911115258, 50.754386610504504 ], [ 1.947814599713314, 50.754386384135259 ], [ 1.947771982927612, 50.754270155694101 ], [ 1.947786290612947, 50.753993027366754 ], [ 1.94790097638542, 50.753785817910305 ], [ 1.94792404133638, 50.753563455027468 ], [ 1.948006872647981, 50.753256382171806 ] ] ] ] } },
{ "type": "Feature", "properties": { "fid": 30, "id": 207, "surfacekm": 0.02559, "surfaceha": 2.55871, "Catégorie": "A préserver" }, "geometry": { "type": "MultiPolygon", "coordinates": [ [ [ [ 1.940577872514106, 50.753840322526052 ], [ 1.940430141193878, 50.753722835139953 ], [ 1.94018662591759, 50.753682914511181 ], [ 1.940101792057506, 50.753631007442173 ], [ 1.940144825667562, 50.753535989439541 ], [ 1.940465992990482, 50.753374582691663 ], [ 1.940704726012779, 50.753026839566182 ], [ 1.940613481736593, 50.752759711746613 ], [ 1.940065748408692, 50.752786421917378 ], [ 1.939121495724238, 50.752621875916503 ], [ 1.9390353, 50.7526801 ], [ 1.939043, 50.752700300000022 ], [ 1.938782142901095, 50.752750685201462 ], [ 1.9388248, 50.7528376 ], [ 1.93893165125772, 50.753258991765286 ], [ 1.938905873068679, 50.753305934667083 ], [ 1.938845118236294, 50.753320400779963 ], [ 1.938962484030844, 50.753672950504431 ], [ 1.939302388536898, 50.754061315845391 ], [ 1.939363974845818, 50.754063880719684 ], [ 1.939429855089468, 50.754136180053045 ], [ 1.939837874200077, 50.754474149805596 ], [ 1.940338610136793, 50.754962328370489 ], [ 1.940529378040798, 50.754828072628143 ], [ 1.940570115727241, 50.75481702044128 ], [ 1.940627704658096, 50.754921590400897 ], [ 1.940652870880938, 50.754913071695263 ], [ 1.940959917266872, 50.755425256351785 ], [ 1.941323737503089, 50.754934087895343 ], [ 1.941362578610743, 50.754878897448478 ], [ 1.941348676771089, 50.75483000111462 ], [ 1.941106389381234, 50.754687363803477 ], [ 1.940916756291692, 50.75446622677299 ], [ 1.940922598258768, 50.754307398449171 ], [ 1.940879319387341, 50.754284538320668 ], [ 1.940715870958004, 50.754118250088908 ], [ 1.940776215775802, 50.754051395506785 ], [ 1.940700113696852, 50.753885058699396 ], [ 1.940577872514106, 50.753840322526052 ] ] ] ] } },
{ "type": "Feature", "properties": { "fid": 31, "id": 208, "surfacekm": 0.00306, "surfaceha": 0.30584, "Catégorie": "A restaurer" }, "geometry": { "type": "MultiPolygon", "coordinates": [ [ [ [ 1.959561989443959, 50.7545102975552 ], [ 1.95955529633439, 50.754461370460064 ], [ 1.959513567867035, 50.754429238329806 ], [ 1.959396694070005, 50.754403842446024 ], [ 1.959170279350704, 50.75429925918074 ], [ 1.959128691913353, 50.754334554803386 ], [ 1.959080491602494, 50.754298778160077 ], [ 1.958883916736474, 50.754434993525926 ], [ 1.958619952042927, 50.754727098470539 ], [ 1.958751265191622, 50.754801485407668 ], [ 1.959116081434349, 50.754842385857209 ], [ 1.959249165125997, 50.754919168114853 ], [ 1.959421290765752, 50.755072013556365 ], [ 1.959638543075108, 50.754941829364597 ], [ 1.959322326255099, 50.754729152838678 ], [ 1.959311721106585, 50.754699908213446 ], [ 1.959558926258012, 50.754564035825673 ], [ 1.959561989443959, 50.7545102975552 ] ] ] ] } },
{ "type": "Feature", "properties": { "fid": 32, "id": 209, "surfacekm": 0.11606, "surfaceha": 11.60602, "Catégorie": "A préserver" }, "geometry": { "type": "MultiPolygon", "coordinates": [ [ [ [ 1.974322587155168, 50.75161393556575 ], [ 1.974160662638298, 50.751650271700989 ], [ 1.974068824823451, 50.751646823692262 ], [ 1.973944801471656, 50.751626064089727 ], [ 1.973590452623938, 50.751522637520758 ], [ 1.973463544454031, 50.751501846768036 ], [ 1.973313688421976, 50.751497918668264 ], [ 1.973137989840022, 50.751509935327981 ], [ 1.972823643567102, 50.751592608296555 ], [ 1.972943487134595, 50.751748042390943 ], [ 1.973130984381071, 50.752051900141339 ], [ 1.971982344756468, 50.752264965419762 ], [ 1.972085736073196, 50.75246419921033 ], [ 1.972104349603333, 50.752659962991423 ], [ 1.972141093615388, 50.75273118985146 ], [ 1.972189231456085, 50.75279799075598 ], [ 1.972264578676802, 50.752849784827212 ], [ 1.972416370595439, 50.752896799907369 ], [ 1.972449130117828, 50.752953561518311 ], [ 1.972452044611914, 50.753087274637586 ], [ 1.972495839297778, 50.753159454307081 ], [ 1.972579140225128, 50.753238248290302 ], [ 1.972723796853888, 50.753314099420443 ], [ 1.972797943660628, 50.753316485344904 ], [ 1.97293916444361, 50.753244282293956 ], [ 1.973751116982143, 50.753150889207902 ], [ 1.973850087794546, 50.753148489630476 ], [ 1.974540803004843, 50.75321868970638 ], [ 1.975323108305543, 50.75319338957182 ], [ 1.975487558657924, 50.75317598164699 ], [ 1.975515112024987, 50.753151444020752 ], [ 1.97564566584391, 50.753245039222193 ], [ 1.975677366004432, 50.753388428731213 ], [ 1.97573277421948, 50.753504741040302 ], [ 1.975825766371956, 50.753590036956155 ], [ 1.975864777720261, 50.753737045097914 ], [ 1.975962168703878, 50.753830838275711 ], [ 1.975987787713644, 50.753901854563331 ], [ 1.976051771168515, 50.753954840862043 ], [ 1.976314864588816, 50.754466626206465 ], [ 1.976511862435933, 50.754912620880006 ], [ 1.976815266761156, 50.755160437456098 ], [ 1.976838070246038, 50.755242735723563 ], [ 1.976903059181271, 50.755337719552379 ], [ 1.976929360300443, 50.755573514068615 ], [ 1.976968855281159, 50.755600233297834 ], [ 1.976960459007216, 50.75569240720413 ], [ 1.976981841743626, 50.755808045780505 ], [ 1.976168529251887, 50.75614632208984 ], [ 1.975875612901225, 50.756238029301137 ], [ 1.975584526686849, 50.756382322467452 ], [ 1.975258742682086, 50.756473917970268 ], [ 1.975119228783385, 50.756544122147979 ], [ 1.974865216303451, 50.756604627666214 ], [ 1.974775798315781, 50.756680536419687 ], [ 1.974639239034879, 50.756747216537057 ], [ 1.974244040167803, 50.756801102747424 ], [ 1.974191713977492, 50.756771744159742 ], [ 1.973828327841959, 50.756304861599034 ], [ 1.973625026729065, 50.756081059792599 ], [ 1.973453030041254, 50.755826364697079 ], [ 1.973298720936332, 50.755750852021059 ], [ 1.97320672494581, 50.755629957939931 ], [ 1.973033932357052, 50.755494861338072 ], [ 1.972990841177688, 50.755329992121531 ], [ 1.972983641835066, 50.755150908486392 ], [ 1.973083838929558, 50.754827916853017 ], [ 1.973064007557656, 50.754645341728008 ], [ 1.972995150186337, 50.754684417189189 ], [ 1.972037348477815, 50.754205444330935 ], [ 1.971520806835226, 50.754496460144061 ], [ 1.97141874575622, 50.755194838078374 ], [ 1.972275558374772, 50.754827809554392 ], [ 1.97268592064976, 50.755106141557285 ], [ 1.972625387900359, 50.755462545008974 ], [ 1.972657196106137, 50.755542346184761 ], [ 1.972744377877723, 50.75560030773768 ], [ 1.972865325017879, 50.755631023301682 ], [ 1.973150343772495, 50.755821472209995 ], [ 1.973803969972101, 50.756579325583687 ], [ 1.9741868932105, 50.756818849095161 ], [ 1.974328015738323, 50.756981571080715 ], [ 1.974316450871988, 50.757180051511163 ], [ 1.974197582606754, 50.75740973827908 ], [ 1.974163212914757, 50.757602411061519 ], [ 1.974106427648096, 50.757751761316499 ], [ 1.97404823464254, 50.75784182789991 ], [ 1.973762911935643, 50.758012358146267 ], [ 1.975348996040581, 50.759355480119403 ], [ 1.975800093479878, 50.759007554464276 ], [ 1.975942220431277, 50.758851146436612 ], [ 1.976135146013934, 50.758558461883567 ], [ 1.976247582921182, 50.75831925686127 ], [ 1.97520153615711, 50.757800898001953 ], [ 1.975561102764095, 50.75757355407692 ], [ 1.975634319668488, 50.75749266310531 ], [ 1.975714732933532, 50.757541343764188 ], [ 1.975823607492723, 50.75748591893629 ], [ 1.977230010922673, 50.756425993178006 ], [ 1.977176896729606, 50.756262307252697 ], [ 1.977843251096271, 50.756371695657393 ], [ 1.977977412108524, 50.756398598005994 ], [ 1.977972165414558, 50.756414781002022 ], [ 1.978028624612979, 50.756425770138307 ], [ 1.978261204598236, 50.756426826168841 ], [ 1.978288016182941, 50.756312841687688 ], [ 1.978367391085861, 50.756241887367011 ], [ 1.978402795487152, 50.756194438371999 ], [ 1.978399883134083, 50.756163463617014 ], [ 1.97777674722042, 50.755318657618069 ], [ 1.977572733507126, 50.755136375107149 ], [ 1.977477297906446, 50.755085040766787 ], [ 1.977398517846204, 50.754980674099215 ], [ 1.976885662959974, 50.753968274052944 ], [ 1.976644498769779, 50.753677336012061 ], [ 1.976559205301956, 50.75354463145198 ], [ 1.976530945016891, 50.753531104553829 ], [ 1.976430001619335, 50.75337705012906 ], [ 1.976516488370699, 50.753318002139821 ], [ 1.976485972370275, 50.753224303738214 ], [ 1.975508043542972, 50.751846745264977 ], [ 1.975314501597252, 50.751875145125631 ], [ 1.97492505927411, 50.751967053398346 ], [ 1.974831600229591, 50.751974355585148 ], [ 1.974762644096997, 50.751960340634021 ], [ 1.97472086866616, 50.751929507460304 ], [ 1.974349980436518, 50.751597113626786 ], [ 1.974322587155168, 50.75161393556575 ] ] ] ] } },
{ "type": "Feature", "properties": { "fid": 33, "id": 210, "surfacekm": 0.0519, "surfaceha": 5.19011, "Catégorie": "A préserver" }, "geometry": { "type": "MultiPolygon", "coordinates": [ [ [ [ 1.966785860320884, 50.754342045710075 ], [ 1.96671201761353, 50.75436411406961 ], [ 1.9650953169381, 50.755122674150471 ], [ 1.965601372328418, 50.755466656795988 ], [ 1.965893030659303, 50.755265280275019 ], [ 1.966093886670313, 50.755370595584793 ], [ 1.96704656139687, 50.754802622638969 ], [ 1.967144249167406, 50.754730047209151 ], [ 1.967607991074934, 50.755098202384836 ], [ 1.967764326855927, 50.75543616218858 ], [ 1.967663261789936, 50.755740502673333 ], [ 1.966504201481678, 50.756519336574371 ], [ 1.966370901851373, 50.756462501105659 ], [ 1.966105992189821, 50.756297071633625 ], [ 1.964655041456814, 50.755787213007977 ], [ 1.963990565584778, 50.756075046917232 ], [ 1.963924270572177, 50.756180233146161 ], [ 1.963935276437762, 50.756267493054942 ], [ 1.964048594185076, 50.756368387359871 ], [ 1.964580030736263, 50.756533157217369 ], [ 1.965067059684375, 50.75662782028072 ], [ 1.965426649679002, 50.756643010850077 ], [ 1.965739873993883, 50.756420272598007 ], [ 1.966358550208032, 50.756691340471711 ], [ 1.965684903664888, 50.75716846227467 ], [ 1.966760472950572, 50.757738407376607 ], [ 1.967156987091478, 50.757254627133918 ], [ 1.967987785584048, 50.756606666322853 ], [ 1.968820878669665, 50.756386089327009 ], [ 1.968917346687067, 50.755688242637717 ], [ 1.96809082066563, 50.754902673759403 ], [ 1.966754966750123, 50.753540195246295 ], [ 1.96667011130425, 50.753594928670886 ], [ 1.966394262111691, 50.753696195398042 ], [ 1.966533966476762, 50.753818535506433 ], [ 1.966566065628243, 50.753945829954176 ], [ 1.966785860320884, 50.754342045710075 ] ] ] ] } },
{ "type": "Feature", "properties": { "fid": 34, "id": 212, "surfacekm": 0.01162, "surfaceha": 1.16225, "Catégorie": "A préserver" }, "geometry": { "type": "MultiPolygon", "coordinates": [ [ [ [ 1.932739224379867, 50.758195143833753 ], [ 1.932801866665784, 50.758147135123806 ], [ 1.932833759571797, 50.758023871437068 ], [ 1.931136054625403, 50.757259368539081 ], [ 1.93079663378844, 50.757653842589768 ], [ 1.930781796812586, 50.75768880747183 ], [ 1.930922581444169, 50.757716027950579 ], [ 1.93070910451401, 50.758111563727191 ], [ 1.932521262064901, 50.758562139063756 ], [ 1.932739224379867, 50.758195143833753 ] ] ] ] } },
{ "type": "Feature", "properties": { "fid": 35, "id": 213, "surfacekm": 0.01827, "surfaceha": 1.82657, "Catégorie": "A préserver" }, "geometry": { "type": "MultiPolygon", "coordinates": [ [ [ [ 1.973348181427617, 50.759410848299879 ], [ 1.973113202046037, 50.759700015002046 ], [ 1.9742263373768, 50.760094375039451 ], [ 1.97439250015329, 50.76001178085756 ], [ 1.97465510350581, 50.759827862484741 ], [ 1.974801536975, 50.759699873158851 ], [ 1.976108433055654, 50.760089833767147 ], [ 1.976197514708022, 50.759970210888888 ], [ 1.976121105875424, 50.759856464080187 ], [ 1.975983919204167, 50.759752554251506 ], [ 1.975153454699395, 50.759364017755303 ], [ 1.974152627870112, 50.758536136462148 ], [ 1.973245347997272, 50.758753011038038 ], [ 1.973517630938012, 50.759046590990565 ], [ 1.973335516667789, 50.759347644817822 ], [ 1.973374811917002, 50.759378481891929 ], [ 1.973348181427617, 50.759410848299879 ] ] ] ] } },
{ "type": "Feature", "properties": { "fid": 36, "id": 214, "surfacekm": 0.00465, "surfaceha": 0.46464, "Catégorie": "A préserver" }, "geometry": { "type": "MultiPolygon", "coordinates": [ [ [ [ 1.934540329776527, 50.758946977058173 ], [ 1.934131431925146, 50.758505820547107 ], [ 1.933625066813133, 50.758767320622816 ], [ 1.934112725718359, 50.759223099051241 ], [ 1.933970760436738, 50.759361898517589 ], [ 1.934149855615123, 50.759497446037329 ], [ 1.93454720681965, 50.759551911913839 ], [ 1.934805363198812, 50.759566404395919 ], [ 1.934488877370526, 50.759002225767432 ], [ 1.934556339355898, 50.758984383698376 ], [ 1.934540329776527, 50.758946977058173 ] ] ] ] } },
{ "type": "Feature", "properties": { "fid": 37, "id": 215, "surfacekm": 0.16907, "surfaceha": 16.90692, "Catégorie": "A préserver" }, "geometry": { "type": "MultiPolygon", "coordinates": [ [ [ [ 1.945079953041538, 50.768925755120179 ], [ 1.945239264179909, 50.768834198189246 ], [ 1.945158791754356, 50.768791681740225 ], [ 1.945283643497382, 50.768719953445689 ], [ 1.945330725098271, 50.768619300893441 ], [ 1.945612395718896, 50.768452546526021 ], [ 1.945787204896302, 50.768320070096266 ], [ 1.945954716989439, 50.768192363399052 ], [ 1.946023985009104, 50.768165267983115 ], [ 1.94635781577054, 50.768386444551865 ], [ 1.946603932221097, 50.768582233874398 ], [ 1.946676316054148, 50.768651777284688 ], [ 1.946711693155779, 50.768732027147443 ], [ 1.946709220866078, 50.768860992851636 ], [ 1.946873508581959, 50.769101592853993 ], [ 1.948201853958675, 50.769006053778654 ], [ 1.949813811745892, 50.768670277752044 ], [ 1.949635410993038, 50.768352177249703 ], [ 1.948742191970831, 50.767622593506225 ], [ 1.948546786318378, 50.76732334486843 ], [ 1.948319500584296, 50.766859801564308 ], [ 1.9482668395689, 50.766805230483229 ], [ 1.948100613034365, 50.766488378184555 ], [ 1.947921170643358, 50.766061259521102 ], [ 1.947935564410974, 50.76601227633649 ], [ 1.947722946948669, 50.765486966810698 ], [ 1.947614506457209, 50.765313540642737 ], [ 1.947471553496487, 50.76526230818876 ], [ 1.947371026538681, 50.764821450116216 ], [ 1.947395490055947, 50.764746364378219 ], [ 1.94725690201681, 50.764660787558462 ], [ 1.947349350616113, 50.764562100679051 ], [ 1.947505145795484, 50.764320317747227 ], [ 1.947629570733093, 50.763970910539904 ], [ 1.947789652940761, 50.763657862382651 ], [ 1.947895447684228, 50.76333490707583 ], [ 1.947942646779448, 50.763078214398462 ], [ 1.948110052268148, 50.762486978710193 ], [ 1.948189400689798, 50.76239874635381 ], [ 1.948202759317186, 50.762357554179239 ], [ 1.948278683796671, 50.76230597593095 ], [ 1.948723425635474, 50.761844626375833 ], [ 1.948786465089317, 50.76174015485843 ], [ 1.948907611323253, 50.76162991679108 ], [ 1.949036657904013, 50.761445489901696 ], [ 1.949202138584122, 50.760989329603902 ], [ 1.948828510833125, 50.760966532011658 ], [ 1.948474747910331, 50.760359893636569 ], [ 1.948353684899, 50.760118962732008 ], [ 1.948354826225797, 50.760062008869966 ], [ 1.948073599680716, 50.759960938615265 ], [ 1.947931057549483, 50.759814155440594 ], [ 1.947925829172892, 50.759768748809151 ], [ 1.947442342101012, 50.759911818023774 ], [ 1.947139740232158, 50.759961585467416 ], [ 1.946384380040655, 50.760131178257211 ], [ 1.947009881996884, 50.760534062891075 ], [ 1.947534509306859, 50.76112418180557 ], [ 1.947539954092358, 50.761558849883514 ], [ 1.947396050625407, 50.76183249765225 ], [ 1.946575442513803, 50.763809906482628 ], [ 1.946597853965092, 50.76381732008123 ], [ 1.946222454737205, 50.764191491340242 ], [ 1.946055870368427, 50.764427662437711 ], [ 1.946031460706398, 50.764514784306151 ], [ 1.946230424033165, 50.76489485871052 ], [ 1.946381711927584, 50.765096766879822 ], [ 1.946302269445736, 50.765127034693847 ], [ 1.946534023640704, 50.76547826132186 ], [ 1.946301418819374, 50.76559882580878 ], [ 1.945372074196031, 50.766150358735338 ], [ 1.945212874464241, 50.766345858578852 ], [ 1.945130295124192, 50.766491022462958 ], [ 1.944813062102235, 50.766920014700702 ], [ 1.944696279779667, 50.767065651604625 ], [ 1.94461856263144, 50.767124288601252 ], [ 1.944506559524245, 50.767089484083904 ], [ 1.944306743397722, 50.767263620197127 ], [ 1.943452749304744, 50.766966644993701 ], [ 1.94312789740679, 50.766812841775732 ], [ 1.941824913002318, 50.766135917726743 ], [ 1.940610571664931, 50.765636994569405 ], [ 1.940271161249889, 50.765137799367942 ], [ 1.93957075288823, 50.764814302732198 ], [ 1.939246995854713, 50.764857062744206 ], [ 1.939251523340102, 50.764927655408961 ], [ 1.939199755613044, 50.765008681939072 ], [ 1.93919876508852, 50.765384611751337 ], [ 1.939431501824501, 50.76551339277141 ], [ 1.940133381078876, 50.765798915231429 ], [ 1.940417360275141, 50.765949570003336 ], [ 1.940870672256978, 50.766028539807408 ], [ 1.941385353850612, 50.766283936715901 ], [ 1.941769127883189, 50.766452373379778 ], [ 1.941964709887591, 50.766678513713714 ], [ 1.942414862345578, 50.766868712143179 ], [ 1.942780334084822, 50.766956528165402 ], [ 1.942983661819716, 50.767076109699239 ], [ 1.943800576168403, 50.76731033503124 ], [ 1.944067975825769, 50.767402806692573 ], [ 1.944170332169985, 50.767705233512849 ], [ 1.944306149627729, 50.767979726207031 ], [ 1.944474480645338, 50.768169518172208 ], [ 1.944756255371912, 50.768360389441412 ], [ 1.944757641397002, 50.76867589925758 ], [ 1.944911240017501, 50.769022949890356 ], [ 1.945079953041538, 50.768925755120179 ] ], [ [ 1.948351622366845, 50.762073069531944 ], [ 1.9484009523496, 50.762041118885016 ], [ 1.948511582456598, 50.761973707710382 ], [ 1.948351622366845, 50.762073069531944 ] ] ] ] } },
{ "type": "Feature", "properties": { "fid": 38, "id": 216, "surfacekm": 0.08029, "surfaceha": 8.02922, "Catégorie": "A préserver" }, "geometry": { "type": "MultiPolygon", "coordinates": [ [ [ [ 1.930499724165433, 50.762633318440372 ], [ 1.93005079980835, 50.763165158544645 ], [ 1.930592645186365, 50.763397065124472 ], [ 1.931816871767145, 50.763634775431157 ], [ 1.931890386499392, 50.763478633433792 ], [ 1.93221394446719, 50.76355650418251 ], [ 1.932898010140465, 50.763793294268474 ], [ 1.933458593095093, 50.763926189690473 ], [ 1.933971696857479, 50.763718635894989 ], [ 1.934882577457718, 50.764291298391079 ], [ 1.93562195502245, 50.764351727621843 ], [ 1.935707094978068, 50.764477560007464 ], [ 1.936024849783513, 50.764600873894665 ], [ 1.936295270191216, 50.764654916659133 ], [ 1.936645762877346, 50.76466974903952 ], [ 1.937085732949187, 50.764761994948465 ], [ 1.938318652999494, 50.765278972966087 ], [ 1.938693934280273, 50.765792052377321 ], [ 1.938870913374932, 50.765810297110164 ], [ 1.939029992448188, 50.765684229660593 ], [ 1.939057079833753, 50.765381738607218 ], [ 1.939042614338981, 50.765220999408264 ], [ 1.938927292446999, 50.765161437364561 ], [ 1.938948344604821, 50.76495081061708 ], [ 1.938866367394614, 50.76463025506478 ], [ 1.937462894559013, 50.763928055097466 ], [ 1.937107276011395, 50.763694333915325 ], [ 1.936137436529893, 50.762999148142697 ], [ 1.936137044927225, 50.762871298370165 ], [ 1.936217629649932, 50.762629902536816 ], [ 1.9357738531053, 50.762362701406097 ], [ 1.935811313447083, 50.762072312665161 ], [ 1.935832019727152, 50.761603468680335 ], [ 1.935769852610917, 50.7613465858187 ], [ 1.93548874076484, 50.760695807927725 ], [ 1.934816790853454, 50.759592704125211 ], [ 1.934501983499352, 50.759584240863937 ], [ 1.933922173721509, 50.759494486925597 ], [ 1.93394690172716, 50.759550498658598 ], [ 1.935019389326816, 50.760699815828175 ], [ 1.935413375925461, 50.761400123087036 ], [ 1.935504833332459, 50.761429537903325 ], [ 1.935635202503856, 50.761703495825302 ], [ 1.935564846543423, 50.761875681827973 ], [ 1.935500636313356, 50.762244575698908 ], [ 1.935502101954834, 50.762617596010266 ], [ 1.935608117014507, 50.762755527900659 ], [ 1.935389542553498, 50.762877539395042 ], [ 1.935193243825966, 50.762918768015659 ], [ 1.934612934787453, 50.763172381339594 ], [ 1.932528928785547, 50.762795459952898 ], [ 1.9323357, 50.7630915 ], [ 1.9322364, 50.7630801 ], [ 1.9317736, 50.7629789 ], [ 1.9312363, 50.7628566 ], [ 1.9311938, 50.762842699999979 ], [ 1.9308387, 50.7627804 ], [ 1.930740211364798, 50.762754753309999 ], [ 1.930499724165433, 50.762633318440372 ] ] ] ] } },
{ "type": "Feature", "properties": { "fid": 39, "id": 217, "surfacekm": 4.0000000000000003e-05, "surfaceha": 0.00395, "Catégorie": "A restaurer" }, "geometry": { "type": "MultiPolygon", "coordinates": [ [ [ [ 1.966968442997542, 50.762910203136371 ], [ 1.966831120566607, 50.763003401223486 ], [ 1.966811795866228, 50.76301993908222 ], [ 1.966782504389422, 50.763036394817036 ], [ 1.966653441989705, 50.763123969141532 ], [ 1.966706155876389, 50.763111467856909 ], [ 1.966976885826899, 50.762914844183136 ], [ 1.966968442997542, 50.762910203136371 ] ] ] ] } },
{ "type": "Feature", "properties": { "fid": 40, "id": 218, "surfacekm": 0.02971, "surfaceha": 2.97106, "Catégorie": "A préserver" }, "geometry": { "type": "MultiPolygon", "coordinates": [ [ [ [ 1.964644499190956, 50.762555549279242 ], [ 1.964287784951179, 50.763074312071517 ], [ 1.963785790769325, 50.763356209570254 ], [ 1.963103989998316, 50.763608000056678 ], [ 1.962715994600139, 50.763674243181811 ], [ 1.96249024901643, 50.763684622422026 ], [ 1.962059155962161, 50.764285761254264 ], [ 1.962597346992097, 50.764735816752143 ], [ 1.963117641804413, 50.764400615851173 ], [ 1.964205988204809, 50.764294488414528 ], [ 1.964683235758798, 50.764323675712873 ], [ 1.965386852539684, 50.764459666214321 ], [ 1.965460830659707, 50.764338634563813 ], [ 1.965835840486156, 50.763822711482518 ], [ 1.964644499190956, 50.762555549279242 ] ] ] ] } },
{ "type": "Feature", "properties": { "fid": 41, "id": 219, "surfacekm": 0.00235, "surfaceha": 0.23495, "Catégorie": "A restaurer" }, "geometry": { "type": "MultiPolygon", "coordinates": [ [ [ [ 1.966191431951312, 50.764534469569305 ], [ 1.966018538821823, 50.764698554356166 ], [ 1.965912101927588, 50.764753864382484 ], [ 1.965805262387123, 50.764703872135186 ], [ 1.965664608739752, 50.764769653867177 ], [ 1.96558481317146, 50.764828789894388 ], [ 1.965564954297019, 50.764865652177178 ], [ 1.965340753874967, 50.76501400990378 ], [ 1.965381501280447, 50.765065951127731 ], [ 1.965487826220499, 50.765114667657123 ], [ 1.965975719099364, 50.764974891455445 ], [ 1.966091862386854, 50.764807966972981 ], [ 1.966295024468246, 50.764732646626811 ], [ 1.966527631868262, 50.76455801253055 ], [ 1.966700240328296, 50.764352919649113 ], [ 1.96649207104204, 50.764312714839974 ], [ 1.966362675656728, 50.764435521989604 ], [ 1.966191431951312, 50.764534469569305 ] ] ] ] } },
{ "type": "Feature", "properties": { "fid": 42, "id": 220, "surfacekm": 0.00265, "surfaceha": 0.26469, "Catégorie": "A restaurer" }, "geometry": { "type": "MultiPolygon", "coordinates": [ [ [ [ 1.964999236409154, 50.76678118937869 ], [ 1.964401771866303, 50.766213354712491 ], [ 1.964282187230429, 50.766156625564093 ], [ 1.963858791551639, 50.766552135879891 ], [ 1.964614750506723, 50.766742833425994 ], [ 1.964902448942654, 50.766896778414967 ], [ 1.964999236409154, 50.76678118937869 ] ] ] ] } },
{ "type": "Feature", "properties": { "fid": 43, "id": 221, "surfacekm": 0.03298, "surfaceha": 3.29814, "Catégorie": "A préserver" }, "geometry": { "type": "MultiPolygon", "coordinates": [ [ [ [ 1.935751181034272, 50.770089308559278 ], [ 1.935648805632471, 50.770100735930477 ], [ 1.935483318722754, 50.770000733509647 ], [ 1.93548538245992, 50.769900527632636 ], [ 1.93506206118507, 50.769728232243047 ], [ 1.934798935391376, 50.76968771341317 ], [ 1.934522558529194, 50.769563403376743 ], [ 1.934398689693098, 50.769455043841937 ], [ 1.933875354604307, 50.76914846206315 ], [ 1.933406070378713, 50.769042707739786 ], [ 1.933259788722896, 50.768950526523547 ], [ 1.933045606285475, 50.768881928736477 ], [ 1.93284811539659, 50.768765119401003 ], [ 1.931858377878094, 50.768269926924425 ], [ 1.93156793101029, 50.768160709752209 ], [ 1.9312405008706, 50.768071584692137 ], [ 1.930623030213068, 50.767963010167129 ], [ 1.929627155056689, 50.76774946421218 ], [ 1.929483136284153, 50.767807016468737 ], [ 1.928940307771987, 50.767945305236857 ], [ 1.928260771290122, 50.767900411891318 ], [ 1.928108500306465, 50.767996875335619 ], [ 1.928056068635444, 50.767976511227999 ], [ 1.927999748013368, 50.768026089488124 ], [ 1.928019283947242, 50.76806091673334 ], [ 1.928354396118089, 50.768230349927613 ], [ 1.928710107866565, 50.76830586846129 ], [ 1.929011069677173, 50.768328498388364 ], [ 1.929386023826663, 50.768297813717759 ], [ 1.929688546190608, 50.768243390731918 ], [ 1.930080289739113, 50.768334602973766 ], [ 1.930791950995777, 50.768543916459947 ], [ 1.931302284837787, 50.768774976740595 ], [ 1.9317191, 50.7688027 ], [ 1.9317617, 50.7687826 ], [ 1.9320455, 50.7688979 ], [ 1.9328538, 50.7692697 ], [ 1.9328292, 50.7692876 ], [ 1.9331007, 50.7693908 ], [ 1.9329029, 50.7695004 ], [ 1.932917513054962, 50.769548847967805 ], [ 1.933230532005048, 50.769713170686188 ], [ 1.933425793433961, 50.769607319541066 ], [ 1.933557422761715, 50.769522015441403 ], [ 1.933632082660148, 50.769526707860102 ], [ 1.934436946884913, 50.76998084890942 ], [ 1.935000793736065, 50.770386077319621 ], [ 1.935146436449977, 50.770579633956523 ], [ 1.935162359186682, 50.770694777485815 ], [ 1.935296605443073, 50.770771468321826 ], [ 1.93537965307766, 50.770788458274552 ], [ 1.935553819860344, 50.770662062478792 ], [ 1.935943143845429, 50.77047865885455 ], [ 1.936154030922678, 50.770329437105246 ], [ 1.935858320706484, 50.770237254100643 ], [ 1.935861717379763, 50.770150384875535 ], [ 1.935751181034272, 50.770089308559278 ] ] ] ] } },
{ "type": "Feature", "properties": { "fid": 44, "id": 222, "surfacekm": 0.19318, "surfaceha": 19.31814, "Catégorie": "A préserver" }, "geometry": { "type": "MultiPolygon", "coordinates": [ [ [ [ 1.949318875256491, 50.771158361619328 ], [ 1.949181636248853, 50.771025979491114 ], [ 1.949242616835097, 50.770744998425073 ], [ 1.949384882880544, 50.770604436326586 ], [ 1.949531522563934, 50.770562538880945 ], [ 1.949719152028951, 50.770580550544068 ], [ 1.949742727833253, 50.770566904991583 ], [ 1.9497503, 50.7705466 ], [ 1.9495771, 50.770432399999983 ], [ 1.9495547, 50.7703045 ], [ 1.9493968, 50.7702179 ], [ 1.9493663, 50.7701952 ], [ 1.9493186, 50.7700554 ], [ 1.9492882, 50.7700212 ], [ 1.9491881, 50.7699617 ], [ 1.948984, 50.769854 ], [ 1.9489486, 50.7698116 ], [ 1.9489135, 50.7697158 ], [ 1.94877, 50.7696366 ], [ 1.9487423, 50.769578 ], [ 1.9486197, 50.769537 ], [ 1.9485968, 50.7695012 ], [ 1.9485869, 50.7694671 ], [ 1.9486182, 50.7693975 ], [ 1.9486211, 50.7693602 ], [ 1.9486039, 50.7692643 ], [ 1.9486017, 50.7692156 ], [ 1.9485612, 50.7691636 ], [ 1.9485183, 50.7691236 ], [ 1.948419440912997, 50.769141535543888 ], [ 1.945779307932291, 50.769429382341464 ], [ 1.945398112065563, 50.769458157686124 ], [ 1.945995792131165, 50.769853997105812 ], [ 1.946002725826597, 50.769879593571417 ], [ 1.945957420925468, 50.769925891138122 ], [ 1.945971087409988, 50.769972317511254 ], [ 1.94615680929511, 50.770174873493374 ], [ 1.946535791102822, 50.770781796564933 ], [ 1.946632877029652, 50.770818053194326 ], [ 1.946765248957144, 50.770983629085428 ], [ 1.946938469018302, 50.771149654257371 ], [ 1.94721951394545, 50.771263812904387 ], [ 1.947229359845256, 50.771284696659833 ], [ 1.9481277, 50.771562900000013 ], [ 1.9482621, 50.7716312 ], [ 1.948725, 50.7719183 ], [ 1.9494606, 50.77248380000001 ], [ 1.9490791, 50.7727823 ], [ 1.94954056626325, 50.773013619128058 ], [ 1.948831415614571, 50.773612356000548 ], [ 1.947816584514125, 50.773325340988421 ], [ 1.945818562880465, 50.773248845926162 ], [ 1.945205006127226, 50.7728125821885 ], [ 1.944922140292906, 50.772751205235899 ], [ 1.944725758831689, 50.772812374518686 ], [ 1.944332905935344, 50.772850091317409 ], [ 1.943872363410085, 50.772810804766607 ], [ 1.943607606640537, 50.772760279132676 ], [ 1.943266722291421, 50.772813007698574 ], [ 1.942831525429587, 50.773338735592304 ], [ 1.944971032686277, 50.774006175036071 ], [ 1.945169966206823, 50.774086486137804 ], [ 1.945236934057485, 50.774049521737084 ], [ 1.94521345238875, 50.77396373189621 ], [ 1.945237165946406, 50.773949385258035 ], [ 1.945265543936612, 50.773946700291667 ], [ 1.945302376468175, 50.773970380995507 ], [ 1.945443267867213, 50.773963900727324 ], [ 1.945828255137569, 50.774004284168093 ], [ 1.945989493004381, 50.773980089248546 ], [ 1.946082648354514, 50.773950192139935 ], [ 1.946186364606687, 50.773954188372862 ], [ 1.946292841962351, 50.773985218124906 ], [ 1.946556275966472, 50.773922142078945 ], [ 1.947124375174467, 50.773876600508899 ], [ 1.948530702003583, 50.774042611809229 ], [ 1.949359778407954, 50.774226344581031 ], [ 1.950432563753357, 50.774506562247929 ], [ 1.950855135093969, 50.7747465099146 ], [ 1.951015838209087, 50.77510691133277 ], [ 1.95122035701418, 50.77525980851243 ], [ 1.951526283577021, 50.775350731881851 ], [ 1.951554196509884, 50.775573509548543 ], [ 1.951822516322198, 50.776179871235684 ], [ 1.952370148637867, 50.776495831269315 ], [ 1.952537865156166, 50.776729992621789 ], [ 1.953162570178457, 50.77708668384669 ], [ 1.954334994408436, 50.776630439463133 ], [ 1.953776522652416, 50.775979411049498 ], [ 1.953559203659614, 50.775346916941281 ], [ 1.953345659947769, 50.77484170148832 ], [ 1.953135832883623, 50.774476968049122 ], [ 1.952402026271046, 50.773549859026666 ], [ 1.952249161405114, 50.773536378168416 ], [ 1.951652508226862, 50.772856297363631 ], [ 1.950989246948745, 50.77233796145952 ], [ 1.950949903429758, 50.772283197640775 ], [ 1.950949317128374, 50.772233922971019 ], [ 1.951327145629248, 50.771960037441346 ], [ 1.951368364228756, 50.771800701311854 ], [ 1.951244000268051, 50.771704075283516 ], [ 1.951295674614258, 50.771425919345774 ], [ 1.951451010292362, 50.771026657627786 ], [ 1.951386116142502, 50.770850054490381 ], [ 1.950922570866065, 50.770712326346782 ], [ 1.950845831209872, 50.771436611388324 ], [ 1.949880008675663, 50.771718181387854 ], [ 1.949318875256491, 50.771158361619328 ] ] ] ] } },
{ "type": "Feature", "properties": { "fid": 45, "id": 223, "surfacekm": 0.01259, "surfaceha": 1.25888, "Catégorie": "A préserver" }, "geometry": { "type": "MultiPolygon", "coordinates": [ [ [ [ 1.938133546238121, 50.772582569592132 ], [ 1.938284737108986, 50.772667992856285 ], [ 1.939060326582387, 50.772884019952272 ], [ 1.939345641137062, 50.772592941774839 ], [ 1.939578750158875, 50.772600062992588 ], [ 1.939755636780389, 50.772588211878876 ], [ 1.940113079936628, 50.772621052748562 ], [ 1.940328504578207, 50.772610260104479 ], [ 1.940338572891809, 50.772595023242694 ], [ 1.940376826484861, 50.772606762187294 ], [ 1.940490688607473, 50.772472086165976 ], [ 1.940364985910604, 50.772429846887746 ], [ 1.940277114242414, 50.772523603995879 ], [ 1.939677549564196, 50.772374666655736 ], [ 1.938721107309868, 50.772240132256712 ], [ 1.938406589631313, 50.772097736776956 ], [ 1.938373700169827, 50.771968021956575 ], [ 1.938330737394275, 50.771904856215642 ], [ 1.938145910237408, 50.771828383534675 ], [ 1.93836842993521, 50.771598425277332 ], [ 1.936929833737284, 50.771409642103549 ], [ 1.936763143271946, 50.771557698229536 ], [ 1.93779132417021, 50.772131106371489 ], [ 1.937794853276169, 50.772162544871144 ], [ 1.937880712242541, 50.77220991471286 ], [ 1.937834684438563, 50.772252168135545 ], [ 1.937966832320949, 50.772343779480302 ], [ 1.9380241964558, 50.772476237927769 ], [ 1.938133546238121, 50.772582569592132 ] ] ] ] } },
{ "type": "Feature", "properties": { "fid": 46, "id": 224, "surfacekm": 0.00835, "surfaceha": 0.83513, "Catégorie": "A préserver" }, "geometry": { "type": "MultiPolygon", "coordinates": [ [ [ [ 1.959931449810486, 50.777238633880941 ], [ 1.961248416554518, 50.777732254862876 ], [ 1.961371896706286, 50.777642157578065 ], [ 1.961687877472802, 50.777301849007856 ], [ 1.961407866256926, 50.777205029477003 ], [ 1.961197488066195, 50.777110229578767 ], [ 1.961018095735414, 50.776993220491839 ], [ 1.960903418132235, 50.776865340227459 ], [ 1.960703330546713, 50.776737564432779 ], [ 1.960604433556245, 50.776693317307796 ], [ 1.960335793586391, 50.776619204350155 ], [ 1.960052313519108, 50.776605303341405 ], [ 1.95990877002061, 50.777079985407731 ], [ 1.959931449810486, 50.777238633880941 ] ] ] ] } },
{ "type": "Feature", "properties": { "fid": 47, "id": 225, "surfacekm": 0.04951, "surfaceha": 4.95056, "Catégorie": "A préserver" }, "geometry": { "type": "MultiPolygon", "coordinates": [ [ [ [ 1.967984542564923, 50.782387717132309 ], [ 1.968143313755114, 50.782452794356956 ], [ 1.968557742068193, 50.782395282758735 ], [ 1.968940560013042, 50.78239784713621 ], [ 1.969368190383133, 50.782437027567639 ], [ 1.969635780055677, 50.782550704141137 ], [ 1.969927498762431, 50.782510250973239 ], [ 1.970086811981032, 50.782512073713718 ], [ 1.970271087589827, 50.782589985097736 ], [ 1.97031503004131, 50.782652496005412 ], [ 1.970751075224227, 50.782976709406697 ], [ 1.970776003673729, 50.783069594312146 ], [ 1.970759447928483, 50.783138134173022 ], [ 1.970810558043849, 50.783194213482581 ], [ 1.971044498538826, 50.783253042663787 ], [ 1.97120752701526, 50.78314986248828 ], [ 1.970984727482342, 50.783110709422985 ], [ 1.970976354358536, 50.783040084003126 ], [ 1.970965501770237, 50.782907526520724 ], [ 1.970855591587416, 50.782663021211668 ], [ 1.970936766573753, 50.782620495710987 ], [ 1.971036696374411, 50.782534965857316 ], [ 1.97117683434094, 50.782281125092027 ], [ 1.971480138937256, 50.781983534389241 ], [ 1.971878327049145, 50.781637560837311 ], [ 1.971063053313546, 50.781081675302133 ], [ 1.970666609660274, 50.780853254193758 ], [ 1.970532357323738, 50.780826906069755 ], [ 1.970193257565037, 50.780681924328853 ], [ 1.969848264192339, 50.78049177859549 ], [ 1.96923609159517, 50.780089031611602 ], [ 1.968823999738992, 50.77998091469432 ], [ 1.96853045925244, 50.779929414226281 ], [ 1.968276055486015, 50.779845042831262 ], [ 1.968262762076692, 50.780310621704096 ], [ 1.968203550330602, 50.780538921352246 ], [ 1.967997213084876, 50.780974608208631 ], [ 1.969135859542, 50.781175932002924 ], [ 1.968988034672467, 50.781601238921496 ], [ 1.968674844005484, 50.782116920987285 ], [ 1.968345128970807, 50.781998381961088 ], [ 1.968061120920851, 50.781921381224613 ], [ 1.967812480810376, 50.781874463385989 ], [ 1.967624318332493, 50.781880054199931 ], [ 1.967535986692807, 50.781895961771461 ], [ 1.967666032579113, 50.782035624348957 ], [ 1.967984542564923, 50.782387717132309 ] ] ] ] } },
{ "type": "Feature", "properties": { "fid": 48, "id": 226, "surfacekm": 0.00092, "surfaceha": 0.09241, "Catégorie": "A restaurer" }, "geometry": { "type": "MultiPolygon", "coordinates": [ [ [ [ 1.937302865646827, 50.782703445818868 ], [ 1.93746299395195, 50.782857154842695 ], [ 1.937594819616449, 50.782948973859682 ], [ 1.938026071645626, 50.783170786019284 ], [ 1.938106689078371, 50.78309000096057 ], [ 1.937812864747919, 50.782881088051091 ], [ 1.937187730443062, 50.782587970991955 ], [ 1.937302865646827, 50.782703445818868 ] ] ] ] } },
{ "type": "Feature", "properties": { "fid": 49, "id": 227, "surfacekm": 0.04673, "surfaceha": 4.67317, "Catégorie": "A préserver" }, "geometry": { "type": "MultiPolygon", "coordinates": [ [ [ [ 1.936988615660234, 50.783839288514471 ], [ 1.937384973480793, 50.783842073634375 ], [ 1.937318062933942, 50.783730342119135 ], [ 1.937300114020556, 50.783643195229509 ], [ 1.937327403983952, 50.78355702825003 ], [ 1.937397023215442, 50.783481027468582 ], [ 1.937523104847621, 50.783403877857026 ], [ 1.937931027250476, 50.783296836912747 ], [ 1.938000608097948, 50.78322735911982 ], [ 1.937563264563353, 50.783008673898109 ], [ 1.937410405827002, 50.782902241174774 ], [ 1.937274301924369, 50.782785081332442 ], [ 1.9369899, 50.7824828 ], [ 1.936012924771781, 50.782049227694088 ], [ 1.935849792732213, 50.782157787930529 ], [ 1.93519229742771, 50.781876224622089 ], [ 1.934824808623487, 50.781746315381831 ], [ 1.934519163937111, 50.782070832048511 ], [ 1.935053128803464, 50.782313094001644 ], [ 1.934744466326034, 50.782607604721029 ], [ 1.933699537562843, 50.782150047291644 ], [ 1.933518132865088, 50.782517819481555 ], [ 1.933775139977534, 50.782660899523535 ], [ 1.933978541148719, 50.782770777541202 ], [ 1.934006698986244, 50.782937641980801 ], [ 1.934235204044413, 50.783072619024203 ], [ 1.933945085492347, 50.783405140802699 ], [ 1.935139259648951, 50.784364837026189 ], [ 1.93597808597341, 50.783698642317042 ], [ 1.936225674200415, 50.783890656764761 ], [ 1.9363779209425, 50.783922584054586 ], [ 1.936510620597535, 50.783903373379758 ], [ 1.936628010145764, 50.78384976879326 ], [ 1.936747941534422, 50.783863187521362 ], [ 1.936988615660234, 50.783839288514471 ] ] ] ] } },
{ "type": "Feature", "properties": { "fid": 50, "id": 228, "surfacekm": 0.01685, "surfaceha": 1.68537, "Catégorie": "A préserver" }, "geometry": { "type": "MultiPolygon", "coordinates": [ [ [ [ 1.955221043549809, 50.785293075242159 ], [ 1.955257528505161, 50.785172638662878 ], [ 1.955874336569121, 50.784524923548844 ], [ 1.955852537805642, 50.78450317014736 ], [ 1.955822238237263, 50.784271825525337 ], [ 1.95594332629697, 50.784120040492084 ], [ 1.955959237921614, 50.784023826516602 ], [ 1.955991006519977, 50.783985564336696 ], [ 1.956072229161595, 50.783955193262841 ], [ 1.956053201472871, 50.783899237370093 ], [ 1.956140128502487, 50.783779837598836 ], [ 1.956170034238975, 50.783656436935303 ], [ 1.956244738490444, 50.783596218489897 ], [ 1.956400641339712, 50.783108535159151 ], [ 1.956440983651949, 50.783080774855136 ], [ 1.956514199256255, 50.783060797882605 ], [ 1.956696993952345, 50.783126562187995 ], [ 1.956759242675202, 50.783191682033078 ], [ 1.956878510548505, 50.783176990103527 ], [ 1.957043257335435, 50.783185982030069 ], [ 1.957157567297009, 50.782952914464069 ], [ 1.956742029481593, 50.782899142231607 ], [ 1.955972524970806, 50.782839668446528 ], [ 1.95543895210198, 50.783866877794061 ], [ 1.95510097474641, 50.784224316904606 ], [ 1.954716864289939, 50.784862760308044 ], [ 1.954691631677158, 50.78502895410621 ], [ 1.954746449073542, 50.785033845432245 ], [ 1.954685595200101, 50.785068635151617 ], [ 1.954597617512732, 50.785647274835775 ], [ 1.954508480684079, 50.785816643067967 ], [ 1.95463944896366, 50.785847540157256 ], [ 1.954716295326347, 50.785771372049908 ], [ 1.955033857806571, 50.785701081897585 ], [ 1.95516250726381, 50.785642958535739 ], [ 1.955221325712843, 50.785599641220593 ], [ 1.955325738789552, 50.785466317581843 ], [ 1.955321625272041, 50.785409958244159 ], [ 1.955221043549809, 50.785293075242159 ] ] ] ] } },
{ "type": "Feature", "properties": { "fid": 51, "id": 229, "surfacekm": 0.01127, "surfaceha": 1.12717, "Catégorie": "A restaurer" }, "geometry": { "type": "MultiPolygon", "coordinates": [ [ [ [ 1.953760741519384, 50.784461798863305 ], [ 1.953745530575131, 50.783734712396267 ], [ 1.953448183444318, 50.783756910893516 ], [ 1.953133140734279, 50.78381351852304 ], [ 1.95258943362986, 50.783986020754895 ], [ 1.951939264467548, 50.78424747415761 ], [ 1.952984873477082, 50.784981388132778 ], [ 1.953766493254818, 50.78475206749205 ], [ 1.953760741519384, 50.784461798863305 ] ] ] ] } },
{ "type": "Feature", "properties": { "fid": 52, "id": 230, "surfacekm": 0.17099, "surfaceha": 17.09858, "Catégorie": "A préserver" }, "geometry": { "type": "MultiPolygon", "coordinates": [ [ [ [ 1.95255913620069, 50.786759025577233 ], [ 1.952430552555848, 50.786729371128907 ], [ 1.951608252111207, 50.786624475122871 ], [ 1.951854443536684, 50.785711116746413 ], [ 1.950416252923672, 50.785812146360271 ], [ 1.94969185698729, 50.786695771088119 ], [ 1.948774360575886, 50.787120003945958 ], [ 1.948025868311871, 50.787216597480807 ], [ 1.948059076330616, 50.787952332200696 ], [ 1.948256083201346, 50.788565926041215 ], [ 1.947795476547729, 50.788653550677651 ], [ 1.947199068505512, 50.78873745112184 ], [ 1.946703775379771, 50.78877984934558 ], [ 1.945413120079533, 50.788590296244429 ], [ 1.945426742879747, 50.788452026005935 ], [ 1.943337090212188, 50.787930175423732 ], [ 1.943424531211994, 50.787769515222109 ], [ 1.942733568089225, 50.78754280458557 ], [ 1.942402566467924, 50.78680790593733 ], [ 1.941702867416952, 50.786406508988222 ], [ 1.941395084271011, 50.786247747175956 ], [ 1.94187143836217, 50.785473706152281 ], [ 1.941384532336383, 50.785210503265155 ], [ 1.941160867345291, 50.785051023986249 ], [ 1.940946882147977, 50.785177714171589 ], [ 1.940978771940922, 50.785250006535897 ], [ 1.941123762726158, 50.785344423663375 ], [ 1.941247165289479, 50.785510621736279 ], [ 1.94126352912307, 50.785684372686461 ], [ 1.940937898097241, 50.786236322439272 ], [ 1.940975648924283, 50.78657514764712 ], [ 1.941403762123048, 50.786870573188651 ], [ 1.941415086021088, 50.78692285319449 ], [ 1.94174748602079, 50.787209053194758 ], [ 1.94176966972468, 50.78718061380642 ], [ 1.941811513298294, 50.787191049852105 ], [ 1.941789063186595, 50.787236269053899 ], [ 1.940972226964962, 50.788044705930083 ], [ 1.940336401576603, 50.788009792241915 ], [ 1.939881887364971, 50.78849487935048 ], [ 1.938900954904214, 50.788175414761668 ], [ 1.938556788299185, 50.788331927065244 ], [ 1.938329792329104, 50.788512611466707 ], [ 1.938091378296605, 50.789042918222712 ], [ 1.939456467539579, 50.788954311525451 ], [ 1.939879356067769, 50.788524645605648 ], [ 1.942315916721157, 50.788808014335523 ], [ 1.942364335383221, 50.788701133816922 ], [ 1.942791130719874, 50.788800312036301 ], [ 1.942710665649134, 50.789061609598349 ], [ 1.942710601446414, 50.789078586826584 ], [ 1.942720495604647, 50.789094364547417 ], [ 1.942738930795846, 50.789106681202909 ], [ 1.942763266035415, 50.789113772718835 ], [ 1.943152150585555, 50.789173890589616 ], [ 1.94307834192421, 50.789377345500739 ], [ 1.943122968239658, 50.789387109130772 ], [ 1.943576092084208, 50.789446014833338 ], [ 1.943884952430142, 50.789376637569596 ], [ 1.944327866493163, 50.789420582778433 ], [ 1.944332706365298, 50.789404949633671 ], [ 1.944462432241689, 50.789451597468762 ], [ 1.944652916317468, 50.789598860274126 ], [ 1.945326285326716, 50.78985045800993 ], [ 1.945510539603071, 50.789901193408582 ], [ 1.945577879897531, 50.789904279495595 ], [ 1.945705245393262, 50.789811832252802 ], [ 1.945851147959098, 50.789735144137516 ], [ 1.946085978059276, 50.789619974818805 ], [ 1.946233075171965, 50.789573982647319 ], [ 1.946481120914439, 50.789514469946482 ], [ 1.946629272174693, 50.789512156329991 ], [ 1.947285117893506, 50.789413886337577 ], [ 1.947646527050305, 50.789387282619515 ], [ 1.947901835598252, 50.789287828346211 ], [ 1.948428156769074, 50.789154738910845 ], [ 1.948682498922679, 50.789052978085635 ], [ 1.949017267204818, 50.789017691117735 ], [ 1.949484018168157, 50.789063979709397 ], [ 1.949999221898544, 50.789030204274788 ], [ 1.950299886523261, 50.788989235060825 ], [ 1.950504954789605, 50.788767947530545 ], [ 1.950666467959889, 50.788669719469247 ], [ 1.951024614215336, 50.788699491248174 ], [ 1.951568616069882, 50.788746954287461 ], [ 1.951810873022095, 50.788668502809344 ], [ 1.951979701663334, 50.788585174858085 ], [ 1.952007558436448, 50.788088479699518 ], [ 1.952204431682824, 50.787596496087396 ], [ 1.952626859698803, 50.787569175945222 ], [ 1.95325277222644, 50.786881534625962 ], [ 1.95255913620069, 50.786759025577233 ] ] ] ] } },
{ "type": "Feature", "properties": { "fid": 54, "id": 274, "surfacekm": 0.02734, "surfaceha": 2.73371, "Catégorie": "A préserver" }, "geometry": { "type": "MultiPolygon", "coordinates": [ [ [ [ 1.9938217, 50.7366543 ], [ 1.9937663, 50.7365068 ], [ 1.9937366, 50.7363932 ], [ 1.9936351, 50.736030200000023 ], [ 1.9936275, 50.7359866 ], [ 1.9935854, 50.7358601 ], [ 1.9933788, 50.735389300000016 ], [ 1.99333653330877, 50.735239924543222 ], [ 1.993249, 50.7349916 ], [ 1.9932074, 50.7344942 ], [ 1.9932341, 50.734418 ], [ 1.992964, 50.7339434 ], [ 1.9927934, 50.7340031 ], [ 1.9927535, 50.7340733 ], [ 1.9924067, 50.7346687 ], [ 1.9924131, 50.7346888 ], [ 1.992621265862178, 50.73535986313334 ], [ 1.99326941724176, 50.73732257114191 ], [ 1.993451117505396, 50.737480369198977 ], [ 1.993642289535465, 50.737744589048496 ], [ 1.993814108424693, 50.738071267089225 ], [ 1.993634620594512, 50.738176000945806 ], [ 1.993947070433458, 50.738524155827008 ], [ 1.994055066624624, 50.738644278065486 ], [ 1.994414348010102, 50.738672103004781 ], [ 1.994485560618228, 50.73880333342057 ], [ 1.994660727752194, 50.738740648123638 ], [ 1.994711713400111, 50.738590379382721 ], [ 1.994726543599235, 50.738448950653982 ], [ 1.9947171, 50.7382695 ], [ 1.9947158, 50.7382044 ], [ 1.9946894, 50.738040899999987 ], [ 1.9945564, 50.737891600000012 ], [ 1.9944275, 50.7377442 ], [ 1.9941633, 50.737636 ], [ 1.9940977, 50.7375639 ], [ 1.9939628, 50.7374162 ], [ 1.9939378, 50.7371202 ], [ 1.9939086, 50.737092499999989 ], [ 1.9938701, 50.7369786 ], [ 1.9938539, 50.7368245 ], [ 1.9938217, 50.7366543 ] ] ] ] } },
{ "type": "Feature", "properties": { "fid": 55, "id": 275, "surfacekm": 0.00524, "surfaceha": 0.52407, "Catégorie": "A restaurer" }, "geometry": { "type": "MultiPolygon", "coordinates": [ [ [ [ 1.992639282136761, 50.74241606192092 ], [ 1.992565174055636, 50.742485417904966 ], [ 1.992590042816345, 50.742617436049905 ], [ 1.99241290016968, 50.742714461656504 ], [ 1.992242270943949, 50.742859207252991 ], [ 1.992273395677797, 50.742877537883381 ], [ 1.992112222155341, 50.743053455902242 ], [ 1.992277673202611, 50.743129824350184 ], [ 1.992853751388856, 50.742711002941782 ], [ 1.993250160432995, 50.742542657665304 ], [ 1.993758956247973, 50.742136980990253 ], [ 1.993717648177611, 50.741825215479935 ], [ 1.9933137149285, 50.741866390925168 ], [ 1.9932199390618, 50.741846734588471 ], [ 1.993103993845666, 50.741851096534681 ], [ 1.993058246910185, 50.741867533117947 ], [ 1.993098044153774, 50.742002933914712 ], [ 1.993099443017393, 50.742182405681547 ], [ 1.993065549763643, 50.742250398272425 ], [ 1.992915749168204, 50.74235716697067 ], [ 1.992774630989482, 50.74240604138236 ], [ 1.992639282136761, 50.74241606192092 ] ] ] ] } },
{ "type": "Feature", "properties": { "fid": 56, "id": 276, "surfacekm": 0.08872, "surfaceha": 8.87228, "Catégorie": "A préserver" }, "geometry": { "type": "MultiPolygon", "coordinates": [ [ [ [ 1.988404107486008, 50.744812270773892 ], [ 1.988225957013621, 50.744676926757869 ], [ 1.988036303645397, 50.744178580959208 ], [ 1.987413420811668, 50.743232454888492 ], [ 1.987243764885434, 50.742912435773675 ], [ 1.988162823543508, 50.742381358930579 ], [ 1.986905926164897, 50.741609054657516 ], [ 1.986803585635317, 50.74157553236514 ], [ 1.986427845300796, 50.741353077056168 ], [ 1.985207060850954, 50.741127260629973 ], [ 1.984944027247104, 50.741110451072174 ], [ 1.985012159521653, 50.740749408088419 ], [ 1.984803893504068, 50.740586117065519 ], [ 1.984398247953071, 50.740644565678778 ], [ 1.984416210271668, 50.740770693192879 ], [ 1.984393153381329, 50.741074227273614 ], [ 1.9842263497376, 50.741905348014157 ], [ 1.984350758677146, 50.742155122702421 ], [ 1.984947729818899, 50.743019796322308 ], [ 1.98559815534772, 50.742786000225841 ], [ 1.986398399864775, 50.743792535411004 ], [ 1.986961971062529, 50.745371166930816 ], [ 1.987213806252224, 50.745923847035201 ], [ 1.987974105217161, 50.745858544984351 ], [ 1.989582267944201, 50.745547455132275 ], [ 1.989675824397923, 50.745416672985485 ], [ 1.990079725314504, 50.745244931311511 ], [ 1.990357121680744, 50.744785185505471 ], [ 1.990209922239328, 50.744233880521826 ], [ 1.989088870325632, 50.744782963681608 ], [ 1.988854334042871, 50.744865657249427 ], [ 1.98855193547938, 50.744869157016417 ], [ 1.988404107486008, 50.744812270773892 ] ] ] ] } },
{ "type": "Feature", "properties": { "fid": 57, "id": 277, "surfacekm": 0.06975, "surfaceha": 6.97477, "Catégorie": "A préserver" }, "geometry": { "type": "MultiPolygon", "coordinates": [ [ [ [ 1.988087437680617, 50.749607330519424 ], [ 1.988116871028943, 50.749717692535754 ], [ 1.988221903703578, 50.749880427249899 ], [ 1.988359238383701, 50.749962583892568 ], [ 1.988347159703391, 50.750188798782091 ], [ 1.988162316966662, 50.750205745440041 ], [ 1.988173055575291, 50.750493244551492 ], [ 1.988070292357551, 50.750522646969138 ], [ 1.988069623806112, 50.750536928931673 ], [ 1.987556450115931, 50.75067435166364 ], [ 1.987691077394345, 50.751572272585847 ], [ 1.987776469005227, 50.751944503363305 ], [ 1.988315666899006, 50.751888504368843 ], [ 1.988355966628002, 50.752557687933276 ], [ 1.988435221204336, 50.75276363639491 ], [ 1.98760939173034, 50.752928843443605 ], [ 1.987632223118503, 50.75314384471411 ], [ 1.987825358442247, 50.753367494707163 ], [ 1.98826713386679, 50.753787661844093 ], [ 1.988849475853157, 50.753696808279372 ], [ 1.989178631884968, 50.753908542865631 ], [ 1.989824639114911, 50.753687172288188 ], [ 1.989841644125139, 50.752970397986864 ], [ 1.989707087263733, 50.752989192261523 ], [ 1.989611531666992, 50.752808076763962 ], [ 1.989615527138175, 50.75277015072038 ], [ 1.989655916117157, 50.752739284258361 ], [ 1.98948582937958, 50.75206755415384 ], [ 1.98982172486209, 50.751529405755882 ], [ 1.989530917281579, 50.751185056597073 ], [ 1.990025320408487, 50.751029695494786 ], [ 1.9902286, 50.7511599 ], [ 1.9902492, 50.751205900000024 ], [ 1.990317139173862, 50.751221907337765 ], [ 1.990321632366698, 50.751198241113315 ], [ 1.990471933730254, 50.751104699956429 ], [ 1.990024257477831, 50.750781650882715 ], [ 1.990089867130575, 50.75060103261972 ], [ 1.98985321286215, 50.750413200714178 ], [ 1.989837119776948, 50.750279604618029 ], [ 1.989491835890543, 50.749563426239447 ], [ 1.98921793361856, 50.748559956376248 ], [ 1.989072529746942, 50.748285916293732 ], [ 1.988884492054725, 50.748260756465413 ], [ 1.988698716736379, 50.748278308104112 ], [ 1.9886612, 50.7482815 ], [ 1.9885833, 50.7482874 ], [ 1.988337141291064, 50.748311097653705 ], [ 1.988227272124322, 50.748498028295245 ], [ 1.988230693336189, 50.748700650663331 ], [ 1.988314056449881, 50.748886678764819 ], [ 1.988324494252143, 50.7491163036036 ], [ 1.988109286600975, 50.74932023149276 ], [ 1.988060002543251, 50.749520713019521 ], [ 1.988087437680617, 50.749607330519424 ] ] ] ] } },
{ "type": "Feature", "properties": { "fid": 58, "id": 278, "surfacekm": 0.02382, "surfaceha": 2.38188, "Catégorie": "A préserver" }, "geometry": { "type": "MultiPolygon", "coordinates": [ [ [ [ 1.992144361252101, 50.755671813701589 ], [ 1.992284979369385, 50.755603862871794 ], [ 1.992326500876042, 50.754735916276879 ], [ 1.991543248427558, 50.754152690415431 ], [ 1.9914697, 50.7541605 ], [ 1.991459341642414, 50.754157283585528 ], [ 1.990398114992593, 50.7544974474878 ], [ 1.990233478004655, 50.754537570523041 ], [ 1.9902983, 50.7546039 ], [ 1.9903231, 50.754683 ], [ 1.9903586, 50.754700700000015 ], [ 1.9903684, 50.7547117 ], [ 1.990277986349798, 50.754749989178713 ], [ 1.990066430536094, 50.754841195123404 ], [ 1.990097723314372, 50.755130350830449 ], [ 1.990246518949066, 50.755252639373253 ], [ 1.990370585885874, 50.755480504331977 ], [ 1.990253371074332, 50.755787973709495 ], [ 1.990847900172943, 50.75590451327345 ], [ 1.991299346306797, 50.755973123782667 ], [ 1.992144361252101, 50.755671813701589 ] ] ] ] } },
{ "type": "Feature", "properties": { "fid": 59, "id": 279, "surfacekm": 0.00364, "surfaceha": 0.36389, "Catégorie": "A restaurer" }, "geometry": { "type": "MultiPolygon", "coordinates": [ [ [ [ 1.998294375364161, 50.755279496057661 ], [ 1.998007613992346, 50.755256046125133 ], [ 1.99781046163973, 50.755078558863701 ], [ 1.99737627280209, 50.755178323131354 ], [ 1.997638580392327, 50.755791969657544 ], [ 1.997730162518938, 50.75581426313493 ], [ 1.998274640094183, 50.755722595249068 ], [ 1.998278896569018, 50.755627028936978 ], [ 1.998289716230928, 50.755384104338013 ], [ 1.998294375364161, 50.755279496057661 ] ] ] ] } },
{ "type": "Feature", "properties": { "fid": 60, "id": 280, "surfacekm": 0.01207, "surfaceha": 1.20676, "Catégorie": "A préserver" }, "geometry": { "type": "MultiPolygon", "coordinates": [ [ [ [ 1.990027543655104, 50.759110245016601 ], [ 1.992635168197139, 50.75820027861004 ], [ 1.99276205998669, 50.758132150991457 ], [ 1.992695618258901, 50.757891429940962 ], [ 1.992656179409515, 50.757511588163339 ], [ 1.992439832286005, 50.757306025150356 ], [ 1.992065382779009, 50.757005354217874 ], [ 1.990602123342913, 50.757300343509392 ], [ 1.99057218822548, 50.757655779734556 ], [ 1.992205516055606, 50.75735272395081 ], [ 1.992393673557719, 50.757507342938041 ], [ 1.992449226579707, 50.757611680451689 ], [ 1.992556043109536, 50.758027940920769 ], [ 1.991741751306077, 50.758217315757676 ], [ 1.991774470708769, 50.758243162865973 ], [ 1.990246279564257, 50.758642408300474 ], [ 1.990186017696835, 50.75863820729991 ], [ 1.990045044614871, 50.759006487643788 ], [ 1.990027543655104, 50.759110245016601 ] ] ] ] } },
{ "type": "Feature", "properties": { "fid": 61, "id": 281, "surfacekm": 0.03331, "surfaceha": 3.3311, "Catégorie": "A préserver" }, "geometry": { "type": "MultiPolygon", "coordinates": [ [ [ [ 1.996684168916084, 50.75928251894689 ], [ 1.99710374223725, 50.759064249882236 ], [ 1.997464427177759, 50.758974183621184 ], [ 1.997617934388788, 50.758841007793279 ], [ 1.997829726828086, 50.758608367044879 ], [ 1.997184754610961, 50.758362554301158 ], [ 1.997217051736027, 50.758297985098771 ], [ 1.997116386448451, 50.758251503758913 ], [ 1.997539518122124, 50.757862147681422 ], [ 1.997985015649506, 50.757495686409101 ], [ 1.998052905829076, 50.757536365104194 ], [ 1.998123987960528, 50.757552334370807 ], [ 1.998286973177424, 50.75766799687667 ], [ 1.998442267043751, 50.757670852487493 ], [ 1.998531837386505, 50.757591466795979 ], [ 1.997543343024386, 50.757005473660563 ], [ 1.997328308835361, 50.757057031742448 ], [ 1.996841032785321, 50.757209451317571 ], [ 1.996461169724234, 50.757416148818606 ], [ 1.996198154010017, 50.757788281584624 ], [ 1.996177425424315, 50.757874993433063 ], [ 1.996235048253771, 50.758001179976169 ], [ 1.996106947795218, 50.758169553055581 ], [ 1.996073917801921, 50.758314204421893 ], [ 1.996116555921266, 50.758361320895112 ], [ 1.996109260766905, 50.758418478925904 ], [ 1.996046779301224, 50.758515752025254 ], [ 1.995656557383232, 50.758795966798644 ], [ 1.995208092544016, 50.759361335832082 ], [ 1.994412361614457, 50.759654715032077 ], [ 1.995328965586931, 50.759959213158218 ], [ 1.99556728483284, 50.759948485117171 ], [ 1.996134995930953, 50.759843047289536 ], [ 1.996340634629846, 50.759645564172466 ], [ 1.996358387399495, 50.759509857792459 ], [ 1.996684168916084, 50.75928251894689 ] ] ] ] } },
{ "type": "Feature", "properties": { "fid": 62, "id": 282, "surfacekm": 0.01877, "surfaceha": 1.8775, "Catégorie": "A préserver" }, "geometry": { "type": "MultiPolygon", "coordinates": [ [ [ [ 1.99179158050303, 50.760595859250749 ], [ 1.991791338868555, 50.760287422767874 ], [ 1.992042393496868, 50.760055409923922 ], [ 1.99269745594491, 50.75978007991764 ], [ 1.993629926366871, 50.759524159425922 ], [ 1.993144864567211, 50.75886442202362 ], [ 1.992341127780631, 50.759131036399133 ], [ 1.990457246619854, 50.759809443237764 ], [ 1.99058156102315, 50.759889225407399 ], [ 1.990780745268048, 50.759979008036318 ], [ 1.990883132114471, 50.760305137023167 ], [ 1.990965746011597, 50.760403881332131 ], [ 1.991293208857897, 50.760642828649857 ], [ 1.991489294770781, 50.760630207589017 ], [ 1.991740421820622, 50.76070469133569 ], [ 1.991981575390688, 50.76076471597942 ], [ 1.991964700013946, 50.760653087534727 ], [ 1.99179158050303, 50.760595859250749 ] ] ] ] } },
{ "type": "Feature", "properties": { "fid": 63, "id": 283, "surfacekm": 0.00335, "surfaceha": 0.33539, "Catégorie": "A restaurer" }, "geometry": { "type": "MultiPolygon", "coordinates": [ [ [ [ 1.991692636390781, 50.762324936972846 ], [ 1.991773143933934, 50.762233572995342 ], [ 1.991606793117346, 50.762129470431589 ], [ 1.991388450075114, 50.761882090043798 ], [ 1.991303479554409, 50.761756962083396 ], [ 1.991144895058387, 50.761869139889463 ], [ 1.991013777232586, 50.762532281763121 ], [ 1.991143230081497, 50.76269701555092 ], [ 1.99111118237206, 50.762796774851211 ], [ 1.99106547749846, 50.762804830505907 ], [ 1.99106528845961, 50.762819971938136 ], [ 1.991126188340865, 50.762807170081182 ], [ 1.991150893631529, 50.762781175297889 ], [ 1.991294971394082, 50.762752199881021 ], [ 1.991337012214686, 50.762773054638323 ], [ 1.991421829010817, 50.762620137783614 ], [ 1.991692636390781, 50.762324936972846 ] ] ] ] } },
{ "type": "Feature", "properties": { "fid": 64, "id": 284, "surfacekm": 0.0223, "surfaceha": 2.2301, "Catégorie": "A préserver" }, "geometry": { "type": "MultiPolygon", "coordinates": [ [ [ [ 1.97594828367719, 50.763448557490349 ], [ 1.976030970067421, 50.763211730056383 ], [ 1.976141638659805, 50.763027890381167 ], [ 1.976390759140626, 50.762720242850669 ], [ 1.976411480531508, 50.762396209467482 ], [ 1.976349375327004, 50.762109148722473 ], [ 1.976277399705149, 50.761936976090908 ], [ 1.976422916765127, 50.761889852574456 ], [ 1.976941479443211, 50.76184211587303 ], [ 1.976772119623348, 50.76147917639959 ], [ 1.976318467023829, 50.761550199958386 ], [ 1.975960573783784, 50.761676425464799 ], [ 1.975919740997643, 50.761767635540451 ], [ 1.975993410080566, 50.761894649314328 ], [ 1.975992302650616, 50.762162884511525 ], [ 1.976015118629129, 50.762490618710231 ], [ 1.976011351471443, 50.762674852820922 ], [ 1.97578871849905, 50.762906423788259 ], [ 1.975658697811602, 50.763108045520688 ], [ 1.975490526246618, 50.763254247223493 ], [ 1.975086837406254, 50.763483756776417 ], [ 1.974355279588186, 50.763614347604303 ], [ 1.973861780901787, 50.764174972937546 ], [ 1.973897630860141, 50.76419678635564 ], [ 1.975211135425411, 50.764467335758148 ], [ 1.976014873829574, 50.764613776796224 ], [ 1.976383977763318, 50.764575504836095 ], [ 1.976970716629194, 50.764677245388917 ], [ 1.977194762224058, 50.764626639886714 ], [ 1.977255343917873, 50.764594717328308 ], [ 1.976827037590578, 50.764473631344735 ], [ 1.976749789646431, 50.764434135926074 ], [ 1.977011723684695, 50.764173562040369 ], [ 1.976779693865, 50.764126408467831 ], [ 1.976392421989293, 50.76449031527676 ], [ 1.976161776578108, 50.764395761118493 ], [ 1.976082526345775, 50.764334569544467 ], [ 1.975917059958033, 50.764207570316927 ], [ 1.975702286563729, 50.76418873124787 ], [ 1.97560529809851, 50.764126719784244 ], [ 1.975721383505112, 50.763988937721678 ], [ 1.975870686653555, 50.763571434874045 ], [ 1.97594828367719, 50.763448557490349 ] ] ] ] } },
{ "type": "Feature", "properties": { "fid": 65, "id": 285, "surfacekm": 0.04398, "surfaceha": 4.39824, "Catégorie": "A préserver" }, "geometry": { "type": "MultiPolygon", "coordinates": [ [ [ [ 1.989105908093121, 50.765877927910509 ], [ 1.988980528109205, 50.76610551992745 ], [ 1.988638783006404, 50.766379643857015 ], [ 1.988257078107954, 50.766632605931541 ], [ 1.988692724164772, 50.766786740551531 ], [ 1.987822593543148, 50.768237023917564 ], [ 1.987926863028909, 50.768272276048705 ], [ 1.988442837800892, 50.768364383383066 ], [ 1.988680090909763, 50.767932456834835 ], [ 1.98977079662937, 50.768000551160753 ], [ 1.9899050700217, 50.767592480342643 ], [ 1.98991979954905, 50.767435266654381 ], [ 1.989972362677635, 50.767332809743529 ], [ 1.990141334273086, 50.767164046242591 ], [ 1.990181477927082, 50.767028013464312 ], [ 1.990250131747082, 50.766963202016669 ], [ 1.99027159453398, 50.766769877883178 ], [ 1.990170739622369, 50.766542091786498 ], [ 1.990227184682386, 50.766420559221736 ], [ 1.99024564571707, 50.766286314051271 ], [ 1.990661790164912, 50.765572419279678 ], [ 1.990676412075409, 50.765442007206296 ], [ 1.990971412005421, 50.764702545185841 ], [ 1.989849087189292, 50.764461374874998 ], [ 1.989477786378705, 50.764455246540692 ], [ 1.989247667593736, 50.764882398878669 ], [ 1.989369194241065, 50.765156953700362 ], [ 1.989358953788823, 50.765290762206824 ], [ 1.989105908093121, 50.765877927910509 ] ] ] ] } },
{ "type": "Feature", "properties": { "fid": 66, "id": 286, "surfacekm": 0.01888, "surfaceha": 1.88752, "Catégorie": "A préserver" }, "geometry": { "type": "MultiPolygon", "coordinates": [ [ [ [ 1.987146223956099, 50.769872426121381 ], [ 1.98717392763145, 50.769875898900366 ], [ 1.987412178695698, 50.770077995045469 ], [ 1.987874621390797, 50.770427683188288 ], [ 1.988061535160619, 50.770368067953797 ], [ 1.988102723208655, 50.77033415237868 ], [ 1.988197768149356, 50.770311350079595 ], [ 1.98834680817339, 50.770121976355199 ], [ 1.987677233302054, 50.769840244437773 ], [ 1.987671786103061, 50.769723415009381 ], [ 1.987540498226752, 50.769570987728045 ], [ 1.987471770948953, 50.769384153157958 ], [ 1.987647285284239, 50.769197923872717 ], [ 1.98751091638082, 50.768831949171144 ], [ 1.987374687446685, 50.768858521714108 ], [ 1.986872876800882, 50.768863464709952 ], [ 1.986907010244006, 50.768742245672584 ], [ 1.986846259499424, 50.768462428607812 ], [ 1.986839644109235, 50.76818262526271 ], [ 1.986831873964138, 50.76807553151793 ], [ 1.986543278310361, 50.767916688748471 ], [ 1.986324542117439, 50.767876285567866 ], [ 1.986170555625512, 50.76805630688331 ], [ 1.9859712658738, 50.768160640902771 ], [ 1.985736995688491, 50.768188969931714 ], [ 1.985427974116283, 50.768520182913811 ], [ 1.985692286618423, 50.76880713655315 ], [ 1.985838580714372, 50.768919679540616 ], [ 1.986413508828606, 50.769321798625214 ], [ 1.986799105579789, 50.769358843453048 ], [ 1.986970146061309, 50.769456623820247 ], [ 1.987002411781312, 50.769572274338778 ], [ 1.987003516990458, 50.769749208453291 ], [ 1.987146223956099, 50.769872426121381 ] ] ] ] } },
{ "type": "Feature", "properties": { "fid": 67, "id": 287, "surfacekm": 0.10287, "surfaceha": 10.28664, "Catégorie": "A préserver" }, "geometry": { "type": "MultiPolygon", "coordinates": [ [ [ [ 1.980024253443939, 50.770547373967915 ], [ 1.979711120271488, 50.770236098503425 ], [ 1.979246437555013, 50.76989705724273 ], [ 1.979097805788324, 50.769727048188827 ], [ 1.979110220123098, 50.769490794732107 ], [ 1.978611450502284, 50.76895851913433 ], [ 1.978019105894302, 50.768169910552885 ], [ 1.978793021395202, 50.767748124200587 ], [ 1.977536694915915, 50.766695926585918 ], [ 1.977284826923015, 50.766351242594098 ], [ 1.976854491253808, 50.766068828988679 ], [ 1.976720276845017, 50.766197249125831 ], [ 1.974666366967901, 50.767392723410197 ], [ 1.975208756749598, 50.767819873643163 ], [ 1.974701755104536, 50.768050115873628 ], [ 1.976487496732968, 50.769434492391092 ], [ 1.977026205230782, 50.769680447167993 ], [ 1.977658651861772, 50.77012261036522 ], [ 1.978796661512742, 50.770467199818185 ], [ 1.978933797134314, 50.770640090602079 ], [ 1.978977272816885, 50.770658750135723 ], [ 1.979045611395176, 50.770781968670576 ], [ 1.979231464812612, 50.771015739511071 ], [ 1.979778668019227, 50.771331594432915 ], [ 1.979694171464012, 50.771359932391697 ], [ 1.979718038398066, 50.771423915288196 ], [ 1.979658422135743, 50.771416236360196 ], [ 1.979553413552373, 50.771430310371052 ], [ 1.979285355479646, 50.771523234905906 ], [ 1.97965303502214, 50.772516393860933 ], [ 1.980328618153848, 50.772282860661861 ], [ 1.980414683263613, 50.772473886518696 ], [ 1.980633967076748, 50.772402302939007 ], [ 1.98053372353201, 50.772188265729014 ], [ 1.980798352615204, 50.772130968467721 ], [ 1.981037618508944, 50.772113105480784 ], [ 1.981375514651837, 50.772134686518811 ], [ 1.981207713284955, 50.771958951644677 ], [ 1.980920363723873, 50.771701594179412 ], [ 1.980853748651139, 50.771709740380423 ], [ 1.980301177668309, 50.771142936071563 ], [ 1.98026133087522, 50.770858016510644 ], [ 1.980024253443939, 50.770547373967915 ] ] ] ] } },
{ "type": "Feature", "properties": { "fid": 68, "id": 288, "surfacekm": 0.07789, "surfaceha": 7.78887, "Catégorie": "A préserver" }, "geometry": { "type": "MultiPolygon", "coordinates": [ [ [ [ 1.984365627312086, 50.777266067778598 ], [ 1.985680330465821, 50.776539878979037 ], [ 1.985376564413808, 50.776385608126631 ], [ 1.985851199267355, 50.776078185498235 ], [ 1.986136957827693, 50.776260814379086 ], [ 1.986413733014288, 50.776085089472687 ], [ 1.986863787338269, 50.77588853618122 ], [ 1.98685115271865, 50.775845200126284 ], [ 1.986913862637076, 50.775697320563118 ], [ 1.986953631259801, 50.775506329107778 ], [ 1.98700182097834, 50.775461912527334 ], [ 1.986852853401348, 50.775299915699037 ], [ 1.986763471913002, 50.775160397610605 ], [ 1.986937543011791, 50.774721274974375 ], [ 1.987073288086855, 50.774635814621938 ], [ 1.987333303273594, 50.774573397520093 ], [ 1.987475617740189, 50.774463744475469 ], [ 1.987496008483614, 50.774483421797491 ], [ 1.987667092648717, 50.774385392449027 ], [ 1.987906485858081, 50.774208866138871 ], [ 1.988268758075629, 50.773975429696563 ], [ 1.988363734574975, 50.773792871403209 ], [ 1.988259641963269, 50.773297636289357 ], [ 1.988387266825141, 50.772628204487624 ], [ 1.988139773990417, 50.771982665712372 ], [ 1.988233347466904, 50.771963732394468 ], [ 1.988028539559044, 50.771692061214381 ], [ 1.988022432232982, 50.771346364246305 ], [ 1.987853778489868, 50.771381533819195 ], [ 1.987733690457436, 50.771375793612059 ], [ 1.987455761550051, 50.771241656864213 ], [ 1.987380222613895, 50.771252190275881 ], [ 1.987266690587074, 50.771413357366505 ], [ 1.986956161631786, 50.771776277420727 ], [ 1.986766935808743, 50.771963827645486 ], [ 1.986614845077825, 50.77217391640265 ], [ 1.986606876863205, 50.772443196800047 ], [ 1.986558543987258, 50.772541363866985 ], [ 1.987401903436317, 50.772839793940726 ], [ 1.987335509298656, 50.772917074266537 ], [ 1.987236707152682, 50.773101224816337 ], [ 1.987444925319267, 50.773247482502072 ], [ 1.987049048976356, 50.773502581996517 ], [ 1.986375582792243, 50.773997639066415 ], [ 1.986197182975904, 50.774269559113314 ], [ 1.986624301243029, 50.774398568303347 ], [ 1.986295706465204, 50.774549027112393 ], [ 1.986264295315153, 50.774493240841167 ], [ 1.98617037496686, 50.774428919610592 ], [ 1.986088778819564, 50.7744258810351 ], [ 1.985833772114753, 50.774643100474044 ], [ 1.985834454696648, 50.774717678805509 ], [ 1.985772143476207, 50.774789544170311 ], [ 1.985767649937574, 50.775011357716544 ], [ 1.985573825098072, 50.775193037151531 ], [ 1.985378183707061, 50.775305846206514 ], [ 1.985182885739797, 50.77535807028304 ], [ 1.985018070139302, 50.775304607855887 ], [ 1.984922625810318, 50.77526419942842 ], [ 1.984773648586142, 50.775285777295046 ], [ 1.984663918306701, 50.77546222731786 ], [ 1.984562336845708, 50.77558273649057 ], [ 1.984458426486478, 50.775633380835586 ], [ 1.984424348930574, 50.775718235125751 ], [ 1.984485788812221, 50.775856242837477 ], [ 1.984104619328104, 50.775947882864465 ], [ 1.983698064167409, 50.775966821009014 ], [ 1.983427068493857, 50.77592916244641 ], [ 1.983333085529843, 50.775832013005719 ], [ 1.982837903103278, 50.775544699860461 ], [ 1.982564201338936, 50.7756482689189 ], [ 1.982909786929207, 50.775876375252942 ], [ 1.982771554136934, 50.776011154972579 ], [ 1.982846334343685, 50.776142025638407 ], [ 1.983198404462939, 50.776287895670535 ], [ 1.983121970204562, 50.776423187378718 ], [ 1.983052902743422, 50.776745423360744 ], [ 1.983164866070481, 50.776839779704041 ], [ 1.983482759377367, 50.776960582404037 ], [ 1.983396823212297, 50.77713759573605 ], [ 1.983354403583919, 50.777188424498426 ], [ 1.983538226747862, 50.777255699269723 ], [ 1.983732720253663, 50.777377460045962 ], [ 1.983814212930709, 50.777484137305827 ], [ 1.984365627312086, 50.777266067778598 ] ] ] ] } },
{ "type": "Feature", "properties": { "fid": 69, "id": 289, "surfacekm": 0.13638, "surfaceha": 13.63797, "Catégorie": "A préserver" }, "geometry": { "type": "MultiPolygon", "coordinates": [ [ [ [ 1.98358176727298, 50.783559264699598 ], [ 1.983926484391716, 50.783495342577694 ], [ 1.984264183962648, 50.783461248752268 ], [ 1.984423872600362, 50.783462550968778 ], [ 1.985169765609237, 50.783833173913266 ], [ 1.985465931456194, 50.783572457048749 ], [ 1.985663742591714, 50.783263681984643 ], [ 1.985948588535876, 50.782983581208164 ], [ 1.986309792495219, 50.782714587012784 ], [ 1.986707850927448, 50.782572757124285 ], [ 1.987180337479846, 50.782520747007474 ], [ 1.987538468154546, 50.782551556840708 ], [ 1.987905888180229, 50.78164004167742 ], [ 1.987478708063794, 50.781665084478171 ], [ 1.987508535297112, 50.781428587908408 ], [ 1.987385186619469, 50.781173166073827 ], [ 1.987325675821651, 50.781103551906426 ], [ 1.987066654762715, 50.781148645742931 ], [ 1.987081945423903, 50.781191828840491 ], [ 1.98724221954793, 50.781369820156506 ], [ 1.987230746590805, 50.781493239204266 ], [ 1.987218018444127, 50.781650721792637 ], [ 1.9867424491281, 50.781646145684292 ], [ 1.986306834344097, 50.781625965466823 ], [ 1.986324370822718, 50.78150435129816 ], [ 1.986358873644367, 50.781357905342759 ], [ 1.985941239275979, 50.781334384398043 ], [ 1.985531696677179, 50.781223154034414 ], [ 1.985185486130181, 50.781027902879423 ], [ 1.984988055175485, 50.780838902449084 ], [ 1.984835890331331, 50.780760361183653 ], [ 1.984255976414225, 50.780133021873418 ], [ 1.984192126165847, 50.779601031904853 ], [ 1.984544106828992, 50.77912191127664 ], [ 1.984867120797194, 50.778903268821978 ], [ 1.985285653994445, 50.778764232295039 ], [ 1.98555602616485, 50.778738819851711 ], [ 1.986203804049372, 50.779120615852158 ], [ 1.98650120026003, 50.779110777326103 ], [ 1.9868210337347, 50.779122226768138 ], [ 1.984578981822115, 50.777461083887516 ], [ 1.984451969696104, 50.777421914381584 ], [ 1.984316540618369, 50.777421997176809 ], [ 1.983631312920132, 50.777714326218181 ], [ 1.983584488430749, 50.777771846358782 ], [ 1.98359148542752, 50.777901474726391 ], [ 1.983630905659144, 50.778027916683023 ], [ 1.983772442350841, 50.778255732007274 ], [ 1.983289889344831, 50.77879671868066 ], [ 1.982610496662943, 50.778540389961499 ], [ 1.982400639344534, 50.778755689821963 ], [ 1.981788455516218, 50.778497709000739 ], [ 1.981724107748481, 50.778542763246591 ], [ 1.980826426334195, 50.778173708965092 ], [ 1.980496976959698, 50.778003729530468 ], [ 1.979649829491138, 50.777262700391702 ], [ 1.979099765763687, 50.777454562005474 ], [ 1.979370099112131, 50.777713807673599 ], [ 1.979335403457288, 50.778015388306521 ], [ 1.979656444685628, 50.778089405670961 ], [ 1.979755324960521, 50.778112202709131 ], [ 1.980113679162633, 50.778234296382088 ], [ 1.980660033875395, 50.778601029961472 ], [ 1.981208984369807, 50.778842279079868 ], [ 1.981665334042179, 50.779076399093583 ], [ 1.982039355884613, 50.779292366182467 ], [ 1.98237064234917, 50.779514329546913 ], [ 1.982603982687402, 50.779832773515274 ], [ 1.982951090259828, 50.779957266188198 ], [ 1.98312555940408, 50.780187369795804 ], [ 1.983319180488609, 50.780338248548816 ], [ 1.983385601829608, 50.780457981508832 ], [ 1.983505007563716, 50.780546853649668 ], [ 1.983901484491656, 50.780620274015163 ], [ 1.984009750416345, 50.780805017216942 ], [ 1.984087748637781, 50.781196209890773 ], [ 1.983987498661775, 50.781530287980104 ], [ 1.983577564202772, 50.781574136435964 ], [ 1.98278667704343, 50.7816161763335 ], [ 1.98233089507369, 50.781609836061911 ], [ 1.982207568089371, 50.78160008721688 ], [ 1.98175092145124, 50.78148412728202 ], [ 1.981490412344025, 50.782138431728463 ], [ 1.983111860647066, 50.782504644315189 ], [ 1.983582951270453, 50.782696223481452 ], [ 1.98354839198789, 50.782818095141813 ], [ 1.983451546747205, 50.782939698242117 ], [ 1.983250138933566, 50.783469091428529 ], [ 1.983364133323282, 50.783536825096938 ], [ 1.98358176727298, 50.783559264699598 ] ] ] ] } },
{ "type": "Feature", "properties": { "fid": 70, "id": 290, "surfacekm": 0.06636, "surfaceha": 6.63603, "Catégorie": "A préserver" }, "geometry": { "type": "MultiPolygon", "coordinates": [ [ [ [ 1.975251704569388, 50.785480282269432 ], [ 1.975184295897479, 50.785554803878384 ], [ 1.975166599808262, 50.785641399336782 ], [ 1.97521329988109, 50.785716803432024 ], [ 1.975133954210198, 50.785754911746473 ], [ 1.975126564648552, 50.785785242359076 ], [ 1.975052093141836, 50.785887708823836 ], [ 1.975002891477754, 50.785967208943156 ], [ 1.974987800746065, 50.786029698725848 ], [ 1.974934607860073, 50.78607386530976 ], [ 1.974837207441338, 50.786228255438168 ], [ 1.974862813549397, 50.786284361859266 ], [ 1.975446556633426, 50.786453421069176 ], [ 1.976112556852465, 50.786794947415238 ], [ 1.97636949770854, 50.78691622582992 ], [ 1.976570978875841, 50.786991764726437 ], [ 1.977281068165659, 50.787146596794344 ], [ 1.977250332139727, 50.7867806371695 ], [ 1.977086944761047, 50.786514966242201 ], [ 1.977067543563385, 50.786207031951363 ], [ 1.977178449142937, 50.785687520762927 ], [ 1.977341448474587, 50.785445253115753 ], [ 1.97778836404592, 50.784724212590362 ], [ 1.977166196547024, 50.784705138811297 ], [ 1.976689524497544, 50.784714766195762 ], [ 1.976700192248665, 50.784654230288673 ], [ 1.976868394834824, 50.783688702228268 ], [ 1.97682476480381, 50.78368457310679 ], [ 1.976834363020735, 50.783659755010305 ], [ 1.976371597313373, 50.783624897819081 ], [ 1.976077214040168, 50.783559988945434 ], [ 1.976040190752729, 50.783555396760931 ], [ 1.975714976099097, 50.783480417930171 ], [ 1.975588726110675, 50.783444880436228 ], [ 1.975491108816529, 50.783420983920777 ], [ 1.975229504737135, 50.783606889934951 ], [ 1.974802722853046, 50.783781836909021 ], [ 1.974533021930163, 50.783775055742659 ], [ 1.974144658636568, 50.783634170966501 ], [ 1.973809235912648, 50.783829929756926 ], [ 1.973628024833094, 50.784036044201287 ], [ 1.973428314220544, 50.783975494053138 ], [ 1.973129886088703, 50.784002658182096 ], [ 1.972513616153399, 50.783999050070179 ], [ 1.97263197176895, 50.784050976194663 ], [ 1.972913620313976, 50.784243888554151 ], [ 1.973115895472714, 50.784398027942963 ], [ 1.9732854845845, 50.784492014299367 ], [ 1.97401957001936, 50.784719714110373 ], [ 1.974197699315109, 50.784736736617454 ], [ 1.974339419139846, 50.784735590209273 ], [ 1.974459999776565, 50.784770899682158 ], [ 1.974814338502434, 50.78501677505588 ], [ 1.974858698527457, 50.78504752882175 ], [ 1.975173701290817, 50.785212098013218 ], [ 1.975251704569388, 50.785480282269432 ] ] ] ] } },
{ "type": "Feature", "properties": { "fid": 72, "id": 292, "surfacekm": 0.17642, "surfaceha": 17.64207, "Catégorie": "A préserver" }, "geometry": { "type": "MultiPolygon", "coordinates": [ [ [ [ 1.989239092619192, 50.790593854444936 ], [ 1.99004164575958, 50.790958439125845 ], [ 1.990212672646428, 50.790971886639255 ], [ 1.990392893640789, 50.790898622017963 ], [ 1.990582962427059, 50.791090583470485 ], [ 1.990807688395184, 50.791179507810526 ], [ 1.99105409983315, 50.791189731167613 ], [ 1.991456622429893, 50.791106412780309 ], [ 1.991926705587317, 50.791089786501402 ], [ 1.991987125407729, 50.791100726588432 ], [ 1.991968837709411, 50.791225666312073 ], [ 1.992033430598599, 50.791344696148059 ], [ 1.992692469216759, 50.791639952136507 ], [ 1.993181246614928, 50.791835007485297 ], [ 1.993428552123435, 50.791988160189128 ], [ 1.993869772792546, 50.79211387396478 ], [ 1.993796083746336, 50.792230081408128 ], [ 1.994863807332437, 50.792521308334287 ], [ 1.994979753388954, 50.792274976229429 ], [ 1.995059600044644, 50.792029804216227 ], [ 1.995217066925006, 50.79172399534562 ], [ 1.995354596815661, 50.791648836450413 ], [ 1.99563571104295, 50.791559058669016 ], [ 1.995349484532068, 50.791350228137581 ], [ 1.995063390733402, 50.790956829462608 ], [ 1.995579784640433, 50.790536650732264 ], [ 1.995550590025743, 50.790255411407877 ], [ 1.99381171797725, 50.789650515810479 ], [ 1.993546309041641, 50.789877226970631 ], [ 1.992924873576799, 50.790897457281076 ], [ 1.992828641982892, 50.790979389304972 ], [ 1.992563829798782, 50.791306342943876 ], [ 1.992393636293978, 50.791301905255139 ], [ 1.992313819435436, 50.79128218438543 ], [ 1.992245842844138, 50.791147571611006 ], [ 1.992275930839098, 50.791056634043507 ], [ 1.992204153670004, 50.790947467082702 ], [ 1.991939815975063, 50.790926819201573 ], [ 1.991771897434776, 50.790932511666689 ], [ 1.991617105023947, 50.790955837105571 ], [ 1.991421104441763, 50.790917716694103 ], [ 1.991387942547868, 50.790829189855828 ], [ 1.99160234335489, 50.790745335578109 ], [ 1.991677666841567, 50.790652614713622 ], [ 1.99160069870816, 50.790511322966097 ], [ 1.991469836316506, 50.790436227365745 ], [ 1.991099818619141, 50.790346855496836 ], [ 1.990792315996945, 50.790343130632358 ], [ 1.990574957686595, 50.790429881503229 ], [ 1.990455212880952, 50.790405092801358 ], [ 1.990364805798887, 50.790355147155715 ], [ 1.990369002552563, 50.790330920578583 ], [ 1.990432340531956, 50.790190290363512 ], [ 1.990282514861686, 50.790090361023005 ], [ 1.990074701773744, 50.790066465471561 ], [ 1.989876658056721, 50.790040797886647 ], [ 1.98975947494862, 50.790008141502369 ], [ 1.989544799429408, 50.789941859229998 ], [ 1.989193978307278, 50.789866210609198 ], [ 1.98868270773504, 50.789734965157187 ], [ 1.988227883903459, 50.789604176058077 ], [ 1.988100233174378, 50.789532822404993 ], [ 1.988024366045824, 50.789496115367143 ], [ 1.987825955524449, 50.789521026115636 ], [ 1.987661788240313, 50.78952282988719 ], [ 1.987475613360985, 50.789485815959019 ], [ 1.987381740495689, 50.789427207862346 ], [ 1.987360745805911, 50.789354389896474 ], [ 1.987279574918916, 50.789333824659295 ], [ 1.987185043222284, 50.789356111874696 ], [ 1.98706723627967, 50.789408762742937 ], [ 1.986901125459767, 50.789575434219067 ], [ 1.986480041651476, 50.789570231703053 ], [ 1.985703539066092, 50.789612559781787 ], [ 1.985538476645172, 50.789595329264927 ], [ 1.983909666300545, 50.789324656867926 ], [ 1.982307654775728, 50.788974760364113 ], [ 1.982577181679796, 50.787798186789274 ], [ 1.984370161597434, 50.788121035282039 ], [ 1.986162530698564, 50.788491491401416 ], [ 1.986185943907816, 50.788266660352214 ], [ 1.986097167290905, 50.788128605429087 ], [ 1.985430992200147, 50.787853064683958 ], [ 1.985264606233145, 50.787691470621894 ], [ 1.98464921405291, 50.787271667658857 ], [ 1.984407482335269, 50.786623404512071 ], [ 1.984399953356825, 50.786414744765658 ], [ 1.984663910945231, 50.785983953300068 ], [ 1.983639300662295, 50.785490142248406 ], [ 1.98400919074885, 50.785288274066531 ], [ 1.984067727034434, 50.785247054868549 ], [ 1.984126851406134, 50.785145401830817 ], [ 1.984240372278222, 50.785067181761676 ], [ 1.984350091471222, 50.7848934096303 ], [ 1.98446786045672, 50.784817953142671 ], [ 1.984543064960178, 50.784718496707193 ], [ 1.984671407535823, 50.784687702678546 ], [ 1.984757148899567, 50.784634727905107 ], [ 1.984918747631679, 50.784479100247289 ], [ 1.984905307622822, 50.784397714063907 ], [ 1.984786223098088, 50.784443890373225 ], [ 1.984574748710676, 50.784582506209183 ], [ 1.984400566632333, 50.784643062110696 ], [ 1.984282370129501, 50.784785115831518 ], [ 1.984138259931396, 50.78500807692722 ], [ 1.984040649653969, 50.78508455038817 ], [ 1.98396733754076, 50.785117214122955 ], [ 1.983812050163505, 50.785211638776985 ], [ 1.983619369581829, 50.785279148700589 ], [ 1.983502000829516, 50.785286852801669 ], [ 1.9834876, 50.78528510000001 ], [ 1.9834474, 50.7852854 ], [ 1.9834045, 50.7852902 ], [ 1.9833559, 50.7853025 ], [ 1.9833115, 50.785330100000017 ], [ 1.9831904, 50.7854159 ], [ 1.9831612, 50.7854254 ], [ 1.9831185, 50.7854241 ], [ 1.9830906, 50.7854129 ], [ 1.9830653, 50.7853728 ], [ 1.9830408, 50.7853534 ], [ 1.9829648, 50.78534830000001 ], [ 1.9828941, 50.7852783 ], [ 1.982815122740837, 50.785172798007835 ], [ 1.982760026920246, 50.785143180041779 ], [ 1.982649800238059, 50.785125393016088 ], [ 1.982569421038691, 50.78514827554158 ], [ 1.9824825, 50.7852595 ], [ 1.9823181, 50.785437300000012 ], [ 1.9822404, 50.785521 ], [ 1.982202, 50.7855631 ], [ 1.9821917, 50.7856028 ], [ 1.9821976, 50.7856261 ], [ 1.982213, 50.7856429 ], [ 1.9822242, 50.7856836 ], [ 1.9821371, 50.7856937 ], [ 1.982114408149807, 50.785704396406636 ], [ 1.98204378624969, 50.785746964362737 ], [ 1.98200972486101, 50.785722661226004 ], [ 1.981954161477038, 50.785762307590801 ], [ 1.981683746722481, 50.785810151671051 ], [ 1.98158558779549, 50.785888853749874 ], [ 1.981540828233037, 50.786056115488911 ], [ 1.981574461936816, 50.786127930982694 ], [ 1.982039227943202, 50.786321622770338 ], [ 1.98206039896226, 50.786512350573595 ], [ 1.981966252882496, 50.786529814122773 ], [ 1.981897226284121, 50.786472863655781 ], [ 1.98168554758271, 50.786463185979912 ], [ 1.981650790363574, 50.786566903607266 ], [ 1.981389604632182, 50.786585591539463 ], [ 1.98132705675216, 50.786789062583189 ], [ 1.981103907977465, 50.787039404040954 ], [ 1.980856166355852, 50.78723549993898 ], [ 1.980546523548292, 50.787416905868916 ], [ 1.980384075662006, 50.787222573248833 ], [ 1.980392145554667, 50.787048859628143 ], [ 1.980262927835435, 50.786991251287553 ], [ 1.980211343724058, 50.786877704520549 ], [ 1.980102773722626, 50.786858035154943 ], [ 1.979987840977426, 50.786953056960165 ], [ 1.980035255898031, 50.787064929927602 ], [ 1.98014381100771, 50.787137515853807 ], [ 1.980147480269393, 50.787207065046267 ], [ 1.980052960210637, 50.787267224658038 ], [ 1.979877516607933, 50.787272684446862 ], [ 1.979787246946958, 50.787275493533663 ], [ 1.979624842643937, 50.787068140256054 ], [ 1.979209520659656, 50.787018213807329 ], [ 1.978950323498135, 50.786921943590741 ], [ 1.978816103995743, 50.786929697124712 ], [ 1.978785851210187, 50.786925391183274 ], [ 1.978767971323445, 50.786996387452675 ], [ 1.978389597874791, 50.78694755907523 ], [ 1.978332500558506, 50.787138124916858 ], [ 1.979042202908488, 50.787409230695211 ], [ 1.979308245222286, 50.78779484313543 ], [ 1.979451158613555, 50.787878040462083 ], [ 1.979632256195784, 50.787954298569211 ], [ 1.979893317877974, 50.788026378819865 ], [ 1.980321898547686, 50.788092593124581 ], [ 1.980785614703554, 50.788113269834987 ], [ 1.980952172268041, 50.788153212635343 ], [ 1.98120163186121, 50.788232418097778 ], [ 1.98131057842699, 50.788300837443643 ], [ 1.98156716972889, 50.788404219999506 ], [ 1.981814991953074, 50.788562973699278 ], [ 1.981876307516696, 50.788847369750741 ], [ 1.981853098662666, 50.789002912836715 ], [ 1.981925278715937, 50.789151268704437 ], [ 1.982030241115098, 50.789290371333678 ], [ 1.982191318778467, 50.789383878116958 ], [ 1.982439858988965, 50.789489192780223 ], [ 1.982604376770018, 50.789536621385174 ], [ 1.983229852453211, 50.789594160707466 ], [ 1.983510234216763, 50.789612338549489 ], [ 1.983760948201714, 50.789609618273161 ], [ 1.984650108207355, 50.789764626107264 ], [ 1.985031594328246, 50.789986985737933 ], [ 1.985353015543275, 50.790084955442914 ], [ 1.985552696999145, 50.790127895730215 ], [ 1.985732028288325, 50.790101032756247 ], [ 1.985976306308401, 50.789986953331841 ], [ 1.986128044544324, 50.790077086769188 ], [ 1.986616189252598, 50.790116723378773 ], [ 1.986939942555007, 50.790011759076712 ], [ 1.987023831600467, 50.789839718612363 ], [ 1.987253703889299, 50.789844201881046 ], [ 1.987876128798566, 50.790011757512069 ], [ 1.988416114630748, 50.790161521616874 ], [ 1.988917604432888, 50.790424862853179 ], [ 1.988973812870663, 50.790443250976729 ], [ 1.989228201105312, 50.790605941451403 ], [ 1.989239092619192, 50.790593854444936 ] ] ] ] } },
{ "type": "Feature", "properties": { "fid": 75, "id": 295, "surfacekm": 0.27689, "surfaceha": 27.6885, "Catégorie": "A préserver" }, "geometry": { "type": "MultiPolygon", "coordinates": [ [ [ [ 2.006365062922298, 50.792298888621751 ], [ 2.00778340685117, 50.792357688548165 ], [ 2.007951954735493, 50.792622417623114 ], [ 2.008078124891166, 50.792912820842616 ], [ 2.008208666716453, 50.792928187847735 ], [ 2.009821544440628, 50.793313782501905 ], [ 2.010842168069924, 50.793619333295858 ], [ 2.010831417251187, 50.793630745621009 ], [ 2.010875006348746, 50.793646554741407 ], [ 2.010825203724971, 50.793892056006975 ], [ 2.01162865812981, 50.794144883897303 ], [ 2.012640517815403, 50.794406322189069 ], [ 2.012712905169167, 50.794413899852721 ], [ 2.012760399759472, 50.794335003375792 ], [ 2.012879489283161, 50.794451919989726 ], [ 2.012954922002927, 50.794479713776852 ], [ 2.012893396048931, 50.79450503644329 ], [ 2.012738889682839, 50.794808364317262 ], [ 2.012616303974637, 50.795117475948409 ], [ 2.012509180526526, 50.795236525982325 ], [ 2.011579121804522, 50.795032438875936 ], [ 2.011295623666302, 50.795668623977683 ], [ 2.010842118439372, 50.795594930308596 ], [ 2.009976066989662, 50.795525415170651 ], [ 2.009597764476596, 50.795477996078155 ], [ 2.00923066378911, 50.795376159830013 ], [ 2.009010497750157, 50.795297369942283 ], [ 2.008699697918187, 50.795259831317622 ], [ 2.008684902980635, 50.79513562429247 ], [ 2.008630742465439, 50.795106964996563 ], [ 2.008630503316363, 50.794987274339903 ], [ 2.008657162340755, 50.79490324938304 ], [ 2.00730982137593, 50.794913893267541 ], [ 2.00726706650496, 50.7946596203575 ], [ 2.006812047153037, 50.794689213623528 ], [ 2.006445545947405, 50.795536624075346 ], [ 2.006469802606062, 50.795537045311526 ], [ 2.006364361961231, 50.795745243138505 ], [ 2.006307069663146, 50.79591815417708 ], [ 2.00624618090801, 50.795914361464526 ], [ 2.006193141920309, 50.796013192828852 ], [ 2.006086140297254, 50.795923035780817 ], [ 2.00599970081802, 50.795891633020823 ], [ 2.005876311865789, 50.79589499558876 ], [ 2.005836769067833, 50.795901913247839 ], [ 2.005838490191556, 50.795877336973348 ], [ 2.00525531312772, 50.795786076154641 ], [ 2.004907176434627, 50.795772173746357 ], [ 2.00485573430769, 50.79571462792341 ], [ 2.004866916809057, 50.795530435109526 ], [ 2.00481299753487, 50.795415949365186 ], [ 2.004781200600033, 50.795413894762412 ], [ 2.004614621962308, 50.795180009672698 ], [ 2.004348721236309, 50.7949848236997 ], [ 2.004297455759707, 50.794971572619062 ], [ 2.004149815389762, 50.794973821173258 ], [ 2.003969261239983, 50.794911952819476 ], [ 2.004345675303873, 50.793941781988124 ], [ 2.003226817052516, 50.794290640339788 ], [ 2.002886754714243, 50.794521993378268 ], [ 2.002906585613101, 50.794560142041654 ], [ 2.002881873334827, 50.794594691802139 ], [ 2.002750008023193, 50.794685908397945 ], [ 2.002745148158392, 50.794751162967351 ], [ 2.002880119973865, 50.794853549355025 ], [ 2.003041624142489, 50.79488810070584 ], [ 2.003222790961547, 50.794868362576032 ], [ 2.003313566316081, 50.794917804167923 ], [ 2.003517097888967, 50.794967063788334 ], [ 2.003610052286772, 50.794955133952634 ], [ 2.003745522458108, 50.795035455639294 ], [ 2.00410218872346, 50.795099291313583 ], [ 2.003997739423733, 50.795344816071591 ], [ 2.003966245782618, 50.795736662449592 ], [ 2.004054417714994, 50.79588728907661 ], [ 2.004373725327061, 50.795980306786866 ], [ 2.004492306845538, 50.79604695733935 ], [ 2.004528574675873, 50.796138069801053 ], [ 2.004915720324768, 50.79629114467722 ], [ 2.00506823681343, 50.796491022685778 ], [ 2.005725732457598, 50.796615416209512 ], [ 2.006798808393613, 50.796774928582927 ], [ 2.006913892618555, 50.796681986287133 ], [ 2.00707519640243, 50.796603075062173 ], [ 2.007158011748449, 50.796534858216837 ], [ 2.007287685005598, 50.796516608113777 ], [ 2.007523637171488, 50.796513665294377 ], [ 2.007705944377441, 50.796529585289072 ], [ 2.007895381412205, 50.796569674715847 ], [ 2.008166432199509, 50.796666627074423 ], [ 2.008296083828126, 50.796832922659426 ], [ 2.010647878570618, 50.797156824270132 ], [ 2.010799903629712, 50.796946616659966 ], [ 2.011323362766222, 50.79705576093734 ], [ 2.011838594474636, 50.797141468177614 ], [ 2.012338816588294, 50.797397045193676 ], [ 2.013224639986152, 50.797903329917887 ], [ 2.013728237290764, 50.797520351498655 ], [ 2.013927882556819, 50.79742668238346 ], [ 2.014567738076377, 50.797275067451025 ], [ 2.015263987820465, 50.79725255741495 ], [ 2.015523409715227, 50.797217438366417 ], [ 2.015750745363261, 50.797143305427909 ], [ 2.016019692063192, 50.797120527467314 ], [ 2.016586586493661, 50.797182071541528 ], [ 2.016776806480717, 50.797249131997262 ], [ 2.016852061674125, 50.797419466807995 ], [ 2.01685129665713, 50.797607763419357 ], [ 2.01702264408397, 50.797782642925476 ], [ 2.017311412415305, 50.797910444391405 ], [ 2.017533667391207, 50.797866061669914 ], [ 2.018013215512565, 50.797917826680703 ], [ 2.018090599324341, 50.797868419656503 ], [ 2.017589466392514, 50.797640944371835 ], [ 2.017585088640726, 50.797332931335511 ], [ 2.017429551054066, 50.797254000149081 ], [ 2.017520380445424, 50.797097553480192 ], [ 2.017626874796906, 50.796986177129014 ], [ 2.017830139188561, 50.796895475809407 ], [ 2.018091336880392, 50.796896088227612 ], [ 2.018293541888053, 50.796973172859865 ], [ 2.018421508506046, 50.796798226301583 ], [ 2.017583256855464, 50.796563052067235 ], [ 2.017400872697662, 50.796435558263312 ], [ 2.017294095192361, 50.796246255147587 ], [ 2.016949700511954, 50.796135068577222 ], [ 2.017022965074132, 50.796033650716154 ], [ 2.015789806764932, 50.79513517771516 ], [ 2.01564584329415, 50.795050520039162 ], [ 2.01570951009358, 50.794964055060525 ], [ 2.015229615567554, 50.794849263001055 ], [ 2.015107914372631, 50.794739899044707 ], [ 2.014971161498984, 50.794704156880641 ], [ 2.014859054666458, 50.794773383648874 ], [ 2.014736211547103, 50.794732768686004 ], [ 2.014664854815777, 50.794658835538073 ], [ 2.014550011071591, 50.794650529632399 ], [ 2.014520499876856, 50.794557090200627 ], [ 2.014425073977414, 50.794520331694329 ], [ 2.014364519654618, 50.794526768454396 ], [ 2.014244204279015, 50.794464459846139 ], [ 2.01416222816798, 50.794449966629692 ], [ 2.014093621444761, 50.79443637721505 ], [ 2.013953554607003, 50.794512820765803 ], [ 2.01385934839258, 50.794453189106157 ], [ 2.013798904434582, 50.794378000033738 ], [ 2.01350751558666, 50.794140299692899 ], [ 2.013208135578259, 50.794200616044606 ], [ 2.013025306234984, 50.794198975235446 ], [ 2.012711829683531, 50.794148198894732 ], [ 2.012358286647682, 50.79399336832477 ], [ 2.012065553805138, 50.793925140840365 ], [ 2.011818883772519, 50.79382414936137 ], [ 2.011706115004697, 50.793672096216184 ], [ 2.011703425193652, 50.793475031414573 ], [ 2.011415604598461, 50.7931833921944 ], [ 2.011510017148423, 50.793095093221496 ], [ 2.00939018633873, 50.79203595885388 ], [ 2.009004781504733, 50.791882266379382 ], [ 2.009220986217418, 50.791591597081386 ], [ 2.009297552244455, 50.791178915572409 ], [ 2.008980218828781, 50.790868151247508 ], [ 2.008612479200969, 50.790551481392491 ], [ 2.007783348805564, 50.79047405040707 ], [ 2.00744047609141, 50.790578104933289 ], [ 2.00694999405892, 50.791110637065032 ], [ 2.00655378961826, 50.791279951003688 ], [ 2.00576318466641, 50.791546166872969 ], [ 2.00497433039547, 50.79146190953351 ], [ 2.004074334354946, 50.791204284258235 ], [ 2.003638300144778, 50.790959127200736 ], [ 2.003571609019092, 50.790560889356698 ], [ 2.003072255323236, 50.790509617911219 ], [ 2.002841178561688, 50.791798847971805 ], [ 2.004538608187611, 50.792229632077614 ], [ 2.005977990848982, 50.792295689376026 ], [ 2.006365062922298, 50.792298888621751 ] ], [ [ 2.0143217, 50.7966976 ], [ 2.012941514770726, 50.796012485695513 ], [ 2.013110234724629, 50.795853270530209 ], [ 2.013153590762329, 50.79569363522743 ], [ 2.01316721427778, 50.795569157898193 ], [ 2.013174946974838, 50.795403577368262 ], [ 2.013219977581614, 50.795272270046127 ], [ 2.013325728342438, 50.795120207465501 ], [ 2.013476202085059, 50.794965667441218 ], [ 2.013535553772293, 50.794901013252534 ], [ 2.013611098349308, 50.794921431819773 ], [ 2.01403285087676, 50.795169693891062 ], [ 2.01498312672091, 50.795674961755303 ], [ 2.0148289, 50.7959601 ], [ 2.01471, 50.7961329 ], [ 2.0143217, 50.7966976 ] ] ] ] } },
{ "type": "Feature", "properties": { "fid": 76, "id": 296, "surfacekm": 0.0798, "surfaceha": 7.98003, "Catégorie": "A préserver" }, "geometry": { "type": "MultiPolygon", "coordinates": [ [ [ [ 1.998884114031257, 50.793711631390671 ], [ 1.999141828064875, 50.793886077168992 ], [ 1.99921537984671, 50.794122606689825 ], [ 1.999832518914343, 50.794480478274423 ], [ 2.000784974245378, 50.794739161634894 ], [ 2.001376647168854, 50.79486466613794 ], [ 2.001804332029429, 50.794832887933573 ], [ 2.001941377650136, 50.794800155204946 ], [ 2.001698195450828, 50.794653420462531 ], [ 2.001602481397164, 50.79454027521367 ], [ 2.001589325284422, 50.794415924947735 ], [ 2.001635937178082, 50.794335910888037 ], [ 2.001881016298144, 50.794175848778856 ], [ 2.002035984546354, 50.794258671010397 ], [ 2.00221704338201, 50.794144101611771 ], [ 2.002670542418097, 50.794469076000162 ], [ 2.002916262101965, 50.794384771465865 ], [ 2.003323239493993, 50.794179496998368 ], [ 2.00251897655096, 50.793652622048754 ], [ 2.001796649771435, 50.793285594480949 ], [ 2.001450460411298, 50.79386171762421 ], [ 2.001289335203778, 50.793870746017141 ], [ 2.001036053487061, 50.793814304065734 ], [ 1.99991950774335, 50.793495556268354 ], [ 2.000157129564247, 50.793204799858302 ], [ 2.000952393343867, 50.792102820064031 ], [ 1.999508636319016, 50.79178060432227 ], [ 1.999291730056626, 50.792032256413307 ], [ 1.99872898877321, 50.791845046098814 ], [ 1.998341664798654, 50.792096924471188 ], [ 1.997688790703271, 50.79188522011399 ], [ 1.997572068733602, 50.791829244908925 ], [ 1.99712155964081, 50.791838799628543 ], [ 1.996690027608775, 50.791731865474283 ], [ 1.996243392938881, 50.791545016680431 ], [ 1.996165316775983, 50.791594121252729 ], [ 1.99619766586932, 50.791735108797745 ], [ 1.996149504873331, 50.791849229147545 ], [ 1.995653329868738, 50.791899511497988 ], [ 1.995506930442323, 50.791862928938095 ], [ 1.995256418019903, 50.792158342821878 ], [ 1.995172460150049, 50.792291306453095 ], [ 1.995692403583414, 50.79238064732462 ], [ 1.996204509583055, 50.792696392510116 ], [ 1.99658657345881, 50.792926679804694 ], [ 1.997043797118933, 50.792970881632115 ], [ 1.997546216681996, 50.793128250958581 ], [ 1.997796681661271, 50.793300039172237 ], [ 1.99841397945206, 50.793583871800394 ], [ 1.998884114031257, 50.793711631390671 ] ] ] ] } },
{ "type": "Feature", "properties": { "fid": 77, "id": 297, "surfacekm": 0.18038, "surfaceha": 18.03834, "Catégorie": "A préserver" }, "geometry": { "type": "MultiPolygon", "coordinates": [ [ [ [ 2.017320655585124, 50.798010347117817 ], [ 2.017326562152445, 50.798099247337234 ], [ 2.018758874577375, 50.799540639827832 ], [ 2.017718668926014, 50.800454827593668 ], [ 2.018028767372631, 50.800622416542616 ], [ 2.018413946564262, 50.800724363709548 ], [ 2.018574335016063, 50.801015575403724 ], [ 2.018645941767956, 50.80107249958867 ], [ 2.01904038874709, 50.801292381459938 ], [ 2.019728497240222, 50.801366662729585 ], [ 2.019775067948438, 50.801383707009286 ], [ 2.019936926490548, 50.801515375791766 ], [ 2.020274521443509, 50.801916075424913 ], [ 2.020948444316832, 50.801862958504593 ], [ 2.021180458551609, 50.801887005651032 ], [ 2.021342549057003, 50.801811907427101 ], [ 2.021856214493317, 50.801637728263884 ], [ 2.022233155152103, 50.801428480289502 ], [ 2.022344233441449, 50.80138915675181 ], [ 2.022567345312487, 50.801495133022357 ], [ 2.023007310823609, 50.801639227067092 ], [ 2.023482371675626, 50.801628253480956 ], [ 2.023727607062213, 50.801568571263857 ], [ 2.02402646613588, 50.801303634553335 ], [ 2.024252221710725, 50.801042509813037 ], [ 2.024311264107029, 50.801179869409047 ], [ 2.023892026321268, 50.801956700651786 ], [ 2.023724766383304, 50.802210770710488 ], [ 2.023736596185664, 50.802240019083875 ], [ 2.02487930282485, 50.802437661251702 ], [ 2.025032613028482, 50.802442090847968 ], [ 2.027010522779148, 50.801898191254836 ], [ 2.027140455619231, 50.801868665186689 ], [ 2.027376083773138, 50.801842204449095 ], [ 2.027738435561605, 50.801844673781183 ], [ 2.027900777690134, 50.801861996989125 ], [ 2.028167169482301, 50.801940809843821 ], [ 2.028678405336807, 50.801458999421385 ], [ 2.029472810879229, 50.801062012680148 ], [ 2.02971698723102, 50.800190677666507 ], [ 2.026520017411932, 50.799715141089521 ], [ 2.026320854933697, 50.799572986187542 ], [ 2.025811222795268, 50.79948640351126 ], [ 2.02534823461635, 50.799578094110252 ], [ 2.025153906098541, 50.79978420356511 ], [ 2.024336094001091, 50.799666289332976 ], [ 2.024114361806359, 50.800059804751804 ], [ 2.023938346247935, 50.800063889205298 ], [ 2.023781183474231, 50.800112209645171 ], [ 2.023712686502905, 50.800091460027794 ], [ 2.023606778644585, 50.800083363415844 ], [ 2.023563389167331, 50.800157588821989 ], [ 2.023133935095569, 50.800327826781405 ], [ 2.022913295761704, 50.800326096685275 ], [ 2.022735661836949, 50.800371186155921 ], [ 2.022378237110441, 50.800337864683385 ], [ 2.022119723136732, 50.800154595284575 ], [ 2.021920205885456, 50.800084435259656 ], [ 2.02088660086961, 50.799627624856804 ], [ 2.020271216397153, 50.799478643366442 ], [ 2.019617034726207, 50.799295890394092 ], [ 2.01856150963673, 50.798514487668236 ], [ 2.01808950730205, 50.798438624001584 ], [ 2.017920559605185, 50.79820086285654 ], [ 2.017817276943539, 50.797962730733055 ], [ 2.017625286223152, 50.797945506996705 ], [ 2.017314674216279, 50.797967975191661 ], [ 2.017320655585124, 50.798010347117817 ] ] ] ] } },
{ "type": "Feature", "properties": { "fid": 78, "id": 367, "surfacekm": 0.01757, "surfaceha": 1.75748, "Catégorie": "A préserver" }, "geometry": { "type": "MultiPolygon", "coordinates": [ [ [ [ 2.038681489604234, 50.802627557865392 ], [ 2.038516970557877, 50.802687769395568 ], [ 2.038129057267549, 50.802498716380349 ], [ 2.036581517800951, 50.802169459282538 ], [ 2.034214171821497, 50.801476671996539 ], [ 2.034399068533637, 50.802024611109587 ], [ 2.03465745261058, 50.802060918169651 ], [ 2.035949012976868, 50.802535119211655 ], [ 2.03638976330843, 50.802675712124206 ], [ 2.037217216817801, 50.802884159330496 ], [ 2.037973122582202, 50.803014982736514 ], [ 2.038427604571153, 50.802950031432388 ], [ 2.038932352608681, 50.802709897096541 ], [ 2.038681489604234, 50.802627557865392 ] ] ] ] } },
{ "type": "Feature", "properties": { "fid": 79, "id": 368, "surfacekm": 0.08446, "surfaceha": 8.4458, "Catégorie": "A préserver" }, "geometry": { "type": "MultiPolygon", "coordinates": [ [ [ [ 2.035131318672367, 50.802399869943514 ], [ 2.03448079416988, 50.802185609595298 ], [ 2.034349327886984, 50.802177922449722 ], [ 2.034050569798535, 50.802204373982242 ], [ 2.033905315329069, 50.802185363616566 ], [ 2.033836091881671, 50.802157500940169 ], [ 2.033733516679241, 50.802102838122842 ], [ 2.033683808384901, 50.802017404321454 ], [ 2.033697625460259, 50.801816272986969 ], [ 2.033622099533928, 50.801726731070822 ], [ 2.033547190373819, 50.801677415250396 ], [ 2.033364207555203, 50.80161677809437 ], [ 2.032561964868571, 50.801448031382691 ], [ 2.032248724327376, 50.801318216306903 ], [ 2.031646822961506, 50.801333563263661 ], [ 2.031543675148327, 50.801303390090062 ], [ 2.031371201615695, 50.801201767112786 ], [ 2.03140097008629, 50.800747171336617 ], [ 2.031348236453505, 50.80069486858752 ], [ 2.031290965349318, 50.800683691862915 ], [ 2.031214225698556, 50.800692826175727 ], [ 2.030785237801464, 50.80083537127804 ], [ 2.030561358902506, 50.800816071299529 ], [ 2.029766603335765, 50.800641770583418 ], [ 2.029644677518902, 50.801061977952166 ], [ 2.030299036590307, 50.80121383172154 ], [ 2.031154119900715, 50.801487141510556 ], [ 2.031441072224127, 50.801700889265192 ], [ 2.031581305806437, 50.801879791397162 ], [ 2.032013206701215, 50.801890499406177 ], [ 2.032845998937455, 50.801854755530321 ], [ 2.033346582999248, 50.801914257071203 ], [ 2.033541159586017, 50.802193150683777 ], [ 2.033893266084463, 50.802349318357059 ], [ 2.034532993239691, 50.802328433040493 ], [ 2.034807667585382, 50.802402307929391 ], [ 2.03492447882179, 50.802671043135554 ], [ 2.034774356648735, 50.803653220250872 ], [ 2.034927351460248, 50.803663935579252 ], [ 2.036358620174691, 50.804106006070306 ], [ 2.03853542147653, 50.804830902246898 ], [ 2.039840872900688, 50.803382227267591 ], [ 2.040013519149136, 50.804124281840977 ], [ 2.040406234773581, 50.804378638335315 ], [ 2.040686442828453, 50.804395261395932 ], [ 2.041504370836889, 50.805392403454974 ], [ 2.041866539923531, 50.805588625641036 ], [ 2.042329427184443, 50.805727429301953 ], [ 2.042708088391724, 50.805778211830734 ], [ 2.043217142399866, 50.805791733465206 ], [ 2.043500143117114, 50.806316746525283 ], [ 2.043926020558049, 50.806571433480208 ], [ 2.044107667216579, 50.806590019190715 ], [ 2.044299127095885, 50.806735771039669 ], [ 2.045112879725542, 50.806909096021911 ], [ 2.045752316639014, 50.807069363306475 ], [ 2.046136903585177, 50.807171647507083 ], [ 2.046218253826545, 50.807069378495896 ], [ 2.045388474836125, 50.80687307505373 ], [ 2.044520986653782, 50.806695523210664 ], [ 2.044447963732295, 50.806628157308808 ], [ 2.044058524811396, 50.806390736717717 ], [ 2.043971778901704, 50.806307118704829 ], [ 2.043501887177731, 50.80567347990516 ], [ 2.043402598821753, 50.805582789897905 ], [ 2.04330890413123, 50.805539043926245 ], [ 2.043119655783319, 50.805519951004712 ], [ 2.042415362813309, 50.805514927440363 ], [ 2.042237141719075, 50.805484168313811 ], [ 2.041911995719219, 50.805332973474322 ], [ 2.041517455851002, 50.804948218303693 ], [ 2.041569876164282, 50.804719880862955 ], [ 2.041245125772845, 50.804615757873137 ], [ 2.0411662241676, 50.804546496232923 ], [ 2.041104217389401, 50.804369252509389 ], [ 2.041102301902777, 50.80408702158249 ], [ 2.041064450744173, 50.803948674684982 ], [ 2.041034791338644, 50.803925868023491 ], [ 2.040980952165758, 50.803916221234523 ], [ 2.04064486988041, 50.803955083447427 ], [ 2.040568364596878, 50.803944015730131 ], [ 2.040486982348884, 50.803903873188183 ], [ 2.040397704271497, 50.803807809906047 ], [ 2.040337502033082, 50.80339209120514 ], [ 2.040265526209908, 50.803314031304204 ], [ 2.039967378082746, 50.803130889848525 ], [ 2.039629506777553, 50.803014337483589 ], [ 2.039477042601197, 50.802990117521084 ], [ 2.038233702689606, 50.803176694154857 ], [ 2.038202770401411, 50.803159253917883 ], [ 2.03794683427489, 50.803169242459063 ], [ 2.037720412989526, 50.803139212919376 ], [ 2.035896305296972, 50.802743237427485 ], [ 2.035233278817389, 50.802427884545693 ], [ 2.035131318672367, 50.802399869943514 ] ] ] ] } },
{ "type": "Feature", "properties": { "fid": 80, "id": 369, "surfacekm": 0.03087, "surfaceha": 3.08719, "Catégorie": "A préserver" }, "geometry": { "type": "MultiPolygon", "coordinates": [ [ [ [ 2.041298557201082, 50.804199038911989 ], [ 2.041341325174933, 50.804471731151075 ], [ 2.041407263831331, 50.804520713961239 ], [ 2.041681643212293, 50.804573518644702 ], [ 2.041797972665351, 50.804695773906026 ], [ 2.041807253419209, 50.804723506298615 ], [ 2.041756365654313, 50.804918263902699 ], [ 2.041860978355087, 50.805052075365261 ], [ 2.041898887225095, 50.80513937836777 ], [ 2.042065779451982, 50.805252137060549 ], [ 2.042393283327275, 50.805413867908776 ], [ 2.042817158115568, 50.805426217764335 ], [ 2.043186444303201, 50.80541474437404 ], [ 2.043376504902206, 50.805438389952371 ], [ 2.043502935132651, 50.805503956099649 ], [ 2.043702348169472, 50.805686263878492 ], [ 2.043847123938971, 50.805973893170538 ], [ 2.044020664136085, 50.806193872040907 ], [ 2.044558335914283, 50.806553133941016 ], [ 2.04554692670063, 50.806786549663315 ], [ 2.045850226213048, 50.806625806007652 ], [ 2.045732299153955, 50.806548730541401 ], [ 2.045072623282906, 50.806397848693493 ], [ 2.04443911210911, 50.805986651736028 ], [ 2.044080708006605, 50.805547779071702 ], [ 2.043798701052345, 50.805680859398841 ], [ 2.043509571971167, 50.805448125707123 ], [ 2.043539065491683, 50.805037395894651 ], [ 2.043203063519245, 50.804922168074462 ], [ 2.042897591360656, 50.804740255810692 ], [ 2.042965317013219, 50.804554596279473 ], [ 2.043163242533246, 50.804340492540348 ], [ 2.042244329603548, 50.803745655662972 ], [ 2.041671647742858, 50.803457126841899 ], [ 2.040948475103548, 50.803156284088587 ], [ 2.040137500475028, 50.803057600041619 ], [ 2.040382929076443, 50.803237203132831 ], [ 2.040524003917989, 50.80330036024155 ], [ 2.040602531733933, 50.803825742832437 ], [ 2.040676457386255, 50.803843317253346 ], [ 2.040810678336477, 50.803828684462715 ], [ 2.041075632118296, 50.803770535423837 ], [ 2.041206787698116, 50.803792561335214 ], [ 2.041324092772376, 50.803903062802661 ], [ 2.041279377217047, 50.804131585021231 ], [ 2.041298557201082, 50.804199038911989 ] ] ] ] } },
{ "type": "Feature", "properties": { "fid": 81, "id": 370, "surfacekm": 0.11043, "surfaceha": 11.04349, "Catégorie": "A préserver" }, "geometry": { "type": "MultiPolygon", "coordinates": [ [ [ [ 2.0559759, 50.8110411 ], [ 2.0566366, 50.8112616 ], [ 2.057755216211809, 50.811629815593278 ], [ 2.058548329790411, 50.812000032896584 ], [ 2.058437085113001, 50.812515595633677 ], [ 2.05825678920669, 50.812529209125273 ], [ 2.057967454443232, 50.812661455158093 ], [ 2.05765031817908, 50.812834883048055 ], [ 2.057604537556401, 50.813020725646389 ], [ 2.057707309266595, 50.813198281109692 ], [ 2.057963242731802, 50.813404654720671 ], [ 2.058121312299734, 50.81366971662883 ], [ 2.058236888209402, 50.81400171010295 ], [ 2.058549574483706, 50.814194518138706 ], [ 2.058578290907119, 50.814313294700717 ], [ 2.05868923536762, 50.814449529757233 ], [ 2.05888550711364, 50.814539706965363 ], [ 2.059123826750968, 50.814617444494019 ], [ 2.059249483909265, 50.814497849285679 ], [ 2.058970972160377, 50.814417905510915 ], [ 2.058871905231019, 50.814307667966467 ], [ 2.058884411695221, 50.814164611377826 ], [ 2.058733435185665, 50.814042706305628 ], [ 2.058540628564979, 50.813849592094471 ], [ 2.058603920342823, 50.813617282042756 ], [ 2.058356445055797, 50.813299869445231 ], [ 2.058075182660937, 50.813060152363853 ], [ 2.058005919047679, 50.812927606703205 ], [ 2.058401969551909, 50.812758851395138 ], [ 2.058824606509578, 50.812485709937768 ], [ 2.059052368842398, 50.812284534000682 ], [ 2.059296955239028, 50.812150585260497 ], [ 2.059402146729219, 50.812174855836325 ], [ 2.059382540863428, 50.812251394160619 ], [ 2.059434826743873, 50.812292188805586 ], [ 2.059525649040819, 50.812322280278671 ], [ 2.059717663259939, 50.812345787613275 ], [ 2.05972414030627, 50.812275921637472 ], [ 2.060053230660409, 50.812335676754294 ], [ 2.060368850588123, 50.812473706320453 ], [ 2.060421538809072, 50.812596032419009 ], [ 2.060347933013336, 50.812749801266811 ], [ 2.060347171751931, 50.812894855501611 ], [ 2.060533191153655, 50.8131241191115 ], [ 2.060577310746624, 50.813093390884752 ], [ 2.060499340281989, 50.812925990386823 ], [ 2.06051333294061, 50.812741243369068 ], [ 2.060634090106485, 50.812563654646738 ], [ 2.060609163158114, 50.812494271517402 ], [ 2.06057612423169, 50.812449787234513 ], [ 2.060269136171793, 50.812272792402077 ], [ 2.060013113769724, 50.812177129313234 ], [ 2.059898528534118, 50.812167057959392 ], [ 2.059780537233148, 50.812192813885666 ], [ 2.059746762193191, 50.812186384944063 ], [ 2.059773489612442, 50.812092070176277 ], [ 2.059898082089168, 50.812040497272271 ], [ 2.060039174604551, 50.812059928132854 ], [ 2.060280658012641, 50.812246594945421 ], [ 2.06037087322324, 50.812286770903668 ], [ 2.060670684474419, 50.812363475937047 ], [ 2.060745564560261, 50.812522940613157 ], [ 2.06074865546135, 50.812583190725789 ], [ 2.06065794854915, 50.812739382975977 ], [ 2.060622833828187, 50.812948462373924 ], [ 2.060631959325109, 50.812988865283792 ], [ 2.060714369717583, 50.813084289781351 ], [ 2.060792106307432, 50.813225448300464 ], [ 2.06171196042236, 50.813585417028456 ], [ 2.063648541359631, 50.814156574852213 ], [ 2.0641823390286, 50.813901986581065 ], [ 2.064351863601623, 50.813628386818465 ], [ 2.064072862650817, 50.81318647311415 ], [ 2.062716549020227, 50.813240609115645 ], [ 2.062320949677597, 50.813187107181037 ], [ 2.061936908523995, 50.813037461121432 ], [ 2.061712027752767, 50.812831946661319 ], [ 2.061427871493639, 50.812622233970345 ], [ 2.060775061766191, 50.81240378201278 ], [ 2.060387633129311, 50.812220945330303 ], [ 2.060102081698363, 50.811992153174529 ], [ 2.059682197774736, 50.811848390657474 ], [ 2.05947437905542, 50.812084609825035 ], [ 2.059402275534664, 50.811973727390146 ], [ 2.059353043696123, 50.812026320163113 ], [ 2.059233555088119, 50.81207638405246 ], [ 2.059379147690744, 50.811856081122322 ], [ 2.059029384757659, 50.811722630075423 ], [ 2.058981294163221, 50.811669707434596 ], [ 2.059021544565837, 50.811331967823605 ], [ 2.058945974489015, 50.811257613169545 ], [ 2.058844987141916, 50.811217570996206 ], [ 2.058505771654186, 50.811123131735663 ], [ 2.058348890563451, 50.811136036262795 ], [ 2.058218099132873, 50.811143614259962 ], [ 2.058009865800766, 50.811105591694108 ], [ 2.057808966137161, 50.8109291335942 ], [ 2.057648124616159, 50.810868141766264 ], [ 2.057130721257563, 50.810758728939796 ], [ 2.057211501454554, 50.810577677313738 ], [ 2.056936470358052, 50.810486349466828 ], [ 2.055527563149381, 50.810102450946957 ], [ 2.055312035793686, 50.81010040901586 ], [ 2.055137459559321, 50.810182498101859 ], [ 2.054995485689554, 50.810308429420175 ], [ 2.053794389956904, 50.809995393652521 ], [ 2.053463720805336, 50.809845353441588 ], [ 2.052915865244879, 50.809663794224768 ], [ 2.052584597102125, 50.809451317050055 ], [ 2.052360830102358, 50.809388816568529 ], [ 2.052095114331994, 50.809391934231044 ], [ 2.051922946869405, 50.809338698092326 ], [ 2.051814373393551, 50.809242213365273 ], [ 2.051872226300648, 50.809067724803661 ], [ 2.051680539594696, 50.808988961565774 ], [ 2.051312818246596, 50.808928074508003 ], [ 2.05086871679443, 50.808652867548588 ], [ 2.050712092581842, 50.80850140683831 ], [ 2.050764330657938, 50.808446557551655 ], [ 2.050065475242366, 50.808257535053492 ], [ 2.049729563100492, 50.808116048792066 ], [ 2.049228386759718, 50.807903037593654 ], [ 2.04903110894649, 50.807789767348389 ], [ 2.048919213227863, 50.807895818830609 ], [ 2.049532586688597, 50.808269559997377 ], [ 2.049599459655768, 50.808646515981117 ], [ 2.049870814334276, 50.808905229207021 ], [ 2.049360513744126, 50.809296388100229 ], [ 2.049475370596663, 50.809453404937258 ], [ 2.049484941272553, 50.80960854717091 ], [ 2.049490040558423, 50.809673888144424 ], [ 2.051171129614724, 50.810427689524218 ], [ 2.051763684212389, 50.809913747077935 ], [ 2.052522683220088, 50.810228111771849 ], [ 2.052404370231709, 50.810350708581595 ], [ 2.052837272355245, 50.810571004391349 ], [ 2.0540931, 50.8110795 ], [ 2.0559759, 50.8110411 ] ] ] ] } },
{ "type": "Feature", "properties": { "fid": 82, "id": 373, "surfacekm": 0.00614, "surfaceha": 0.61351, "Catégorie": "A préserver" }, "geometry": { "type": "MultiPolygon", "coordinates": [ [ [ [ 2.0672567847877, 50.815840741056284 ], [ 2.067052102024862, 50.814824369543594 ], [ 2.067051943327056, 50.814824291925305 ], [ 2.066297246109654, 50.815703572956025 ], [ 2.066732448055953, 50.815760875666967 ], [ 2.066901613508813, 50.81582883088236 ], [ 2.067175662949817, 50.81599759258215 ], [ 2.066962717492662, 50.81613767151309 ], [ 2.067023239010139, 50.816268292453877 ], [ 2.067131212159607, 50.816344713899497 ], [ 2.067467991555755, 50.816409162603158 ], [ 2.067810948139087, 50.81650198088753 ], [ 2.067999185702085, 50.81640231585596 ], [ 2.067679314266777, 50.816278356937708 ], [ 2.0672567847877, 50.815840741056284 ] ] ] ] } },
{ "type": "Feature", "properties": { "fid": 84, "id": 377, "surfacekm": 0.20679, "surfaceha": 20.67897, "Catégorie": "A préserver" }, "geometry": { "type": "MultiPolygon", "coordinates": [ [ [ [ 2.076737562335765, 50.818658448665715 ], [ 2.076547458164848, 50.818396216011287 ], [ 2.076340835491478, 50.818181586279898 ], [ 2.076137247424592, 50.817870710231929 ], [ 2.075718439352825, 50.817684211776069 ], [ 2.07567685061715, 50.817500789199833 ], [ 2.075705866796681, 50.817417922803394 ], [ 2.076114267966864, 50.817047314614079 ], [ 2.075211176505066, 50.816609412100618 ], [ 2.07481277712824, 50.817194253727614 ], [ 2.07448859782105, 50.817114987697252 ], [ 2.074105589404652, 50.817064146917239 ], [ 2.073777481736663, 50.816970729988952 ], [ 2.073512723776172, 50.816781054332154 ], [ 2.073287472732104, 50.816652851635325 ], [ 2.073106061078565, 50.816606894124433 ], [ 2.072938529730105, 50.81661719132488 ], [ 2.07261920174032, 50.816596976047208 ], [ 2.072285032508058, 50.816528903526994 ], [ 2.071981692023861, 50.816364044919098 ], [ 2.071715685120888, 50.816247931648036 ], [ 2.071576444678672, 50.816119077115175 ], [ 2.070362965912405, 50.815387422020287 ], [ 2.068897370061475, 50.816244434103893 ], [ 2.067570046811384, 50.817063609737154 ], [ 2.067765358908551, 50.817246160151065 ], [ 2.066563442477291, 50.817977414759341 ], [ 2.066596053017014, 50.817986504288349 ], [ 2.066029291890964, 50.818380748426591 ], [ 2.068624480946151, 50.819213886696367 ], [ 2.070130438087246, 50.819946094155483 ], [ 2.07083562984076, 50.819367894776086 ], [ 2.071149077085148, 50.819154842166725 ], [ 2.072108351434613, 50.81938859920605 ], [ 2.072425549734676, 50.819571963746171 ], [ 2.07319887385567, 50.819258976574439 ], [ 2.074026398970019, 50.818950412662851 ], [ 2.074902040871383, 50.819534656208091 ], [ 2.075534010747883, 50.81937865257558 ], [ 2.077033885558855, 50.818970457430055 ], [ 2.07687950732971, 50.818788194452857 ], [ 2.076737562335765, 50.818658448665715 ] ] ] ] } },
{ "type": "Feature", "properties": { "fid": 85, "id": 378, "surfacekm": 0.00432, "surfaceha": 0.43175, "Catégorie": "A préserver" }, "geometry": { "type": "MultiPolygon", "coordinates": [ [ [ [ 2.076322295695565, 50.817872464690119 ], [ 2.076462668717227, 50.818121246904226 ], [ 2.076698334284494, 50.818371459571097 ], [ 2.077640156118801, 50.817775652290607 ], [ 2.077460068567723, 50.817669365318743 ], [ 2.077222611401995, 50.817586717467535 ], [ 2.077067494230644, 50.817595857984116 ], [ 2.076859274663709, 50.817644794820303 ], [ 2.07673902058216, 50.817645605538658 ], [ 2.076322295695565, 50.817872464690119 ] ] ] ] } },
{ "type": "Feature", "properties": { "fid": 86, "id": 379, "surfacekm": 0.01256, "surfaceha": 1.25565, "Catégorie": "A préserver" }, "geometry": { "type": "MultiPolygon", "coordinates": [ [ [ [ 2.079922957876723, 50.821528573773477 ], [ 2.080998439872013, 50.82182245299073 ], [ 2.081081601166703, 50.82168437655703 ], [ 2.080986176002257, 50.82162293944846 ], [ 2.081171930335095, 50.82138779079974 ], [ 2.080480096100441, 50.821163827255077 ], [ 2.080200784724637, 50.821205988761569 ], [ 2.080071542653199, 50.821196634051631 ], [ 2.079733541968382, 50.821112474978939 ], [ 2.079627802223845, 50.821216602277836 ], [ 2.079556479217052, 50.821188640888543 ], [ 2.079654890648732, 50.821083025804484 ], [ 2.079595569412672, 50.82095572084971 ], [ 2.079580451100817, 50.82079050406103 ], [ 2.079773927382219, 50.820522128005109 ], [ 2.078991263005525, 50.820038770494691 ], [ 2.078474536206503, 50.820370859561059 ], [ 2.078435994317634, 50.820413443230429 ], [ 2.078826045000584, 50.820889126664632 ], [ 2.079090181921153, 50.821157354316462 ], [ 2.079279181805166, 50.82130763074688 ], [ 2.079393945182586, 50.821363577898126 ], [ 2.079922957876723, 50.821528573773477 ] ] ] ] } },
{ "type": "Feature", "properties": { "fid": 87, "id": 380, "surfacekm": 0.001, "surfaceha": 0.09973, "Catégorie": "A restaurer" }, "geometry": { "type": "MultiPolygon", "coordinates": [ [ [ [ 2.077933740031503, 50.821645044121574 ], [ 2.078083065350776, 50.821490543951498 ], [ 2.078213623408094, 50.821442783844581 ], [ 2.078294617394378, 50.821374484688448 ], [ 2.078355717988217, 50.821263974754238 ], [ 2.078236275248453, 50.821197176175204 ], [ 2.07817866521738, 50.821196750148324 ], [ 2.078123461061487, 50.821229450201663 ], [ 2.0780746113977, 50.82134159750769 ], [ 2.077838985073516, 50.821397354581869 ], [ 2.077710353263736, 50.821625649942696 ], [ 2.077840614144731, 50.821676652286492 ], [ 2.077933740031503, 50.821645044121574 ] ] ] ] } },
{ "type": "Feature", "properties": { "fid": 91, "id": 384, "surfacekm": 0.09231, "surfaceha": 9.23061, "Catégorie": "A préserver" }, "geometry": { "type": "MultiPolygon", "coordinates": [ [ [ [ 2.084142542355325, 50.826367916113881 ], [ 2.083937537968513, 50.826440485203605 ], [ 2.083823081657767, 50.826521278140525 ], [ 2.083785417834284, 50.826579455335938 ], [ 2.083770531517862, 50.826644300442382 ], [ 2.083707068023337, 50.826773894078364 ], [ 2.083516186551375, 50.826857148433874 ], [ 2.08322028116325, 50.826912794108097 ], [ 2.082778593918732, 50.826946298631107 ], [ 2.082208225334412, 50.826961527844155 ], [ 2.081248685965474, 50.827085101569779 ], [ 2.081098882873621, 50.827175164985832 ], [ 2.081126810967395, 50.827381689119122 ], [ 2.08075073224598, 50.827645195541407 ], [ 2.080689697292454, 50.827973005601137 ], [ 2.080255281270994, 50.828456960432547 ], [ 2.080284901498972, 50.828626795599156 ], [ 2.080668443116538, 50.829064157559401 ], [ 2.08129252317683, 50.829417098576997 ], [ 2.083305700078677, 50.830733611984833 ], [ 2.084950226185487, 50.829647572954215 ], [ 2.083722174467757, 50.828368511267314 ], [ 2.084293276666867, 50.828019694178707 ], [ 2.083340839882121, 50.827056059852815 ], [ 2.085112374481607, 50.827017117806975 ], [ 2.086323547893398, 50.8261416864908 ], [ 2.086021390070677, 50.82601377627406 ], [ 2.085304050526562, 50.82645908566618 ], [ 2.085065614265395, 50.82661959617819 ], [ 2.084895105288083, 50.826720135219276 ], [ 2.084777015197206, 50.826651743904222 ], [ 2.084541963737742, 50.826437635406194 ], [ 2.084325636246926, 50.826362206298469 ], [ 2.084142542355325, 50.826367916113881 ] ] ] ] } },
{ "type": "Feature", "properties": { "fid": 92, "id": 386, "surfacekm": 0.0041, "surfaceha": 0.41019, "Catégorie": "A restaurer" }, "geometry": { "type": "MultiPolygon", "coordinates": [ [ [ [ 2.088637624078626, 50.82724924201716 ], [ 2.08888974239762, 50.827089842178864 ], [ 2.087725726685472, 50.826489090015812 ], [ 2.08738790795307, 50.826748057686437 ], [ 2.088467823390874, 50.827352499492676 ], [ 2.088533353466585, 50.827327737176219 ], [ 2.088637624078626, 50.82724924201716 ] ] ] ] } },
{ "type": "Feature", "properties": { "fid": 93, "id": 387, "surfacekm": 0.00276, "surfaceha": 0.27632, "Catégorie": "A préserver" }, "geometry": { "type": "MultiPolygon", "coordinates": [ [ [ [ 2.080565167731042, 50.82758460143409 ], [ 2.080726144884542, 50.82742524960269 ], [ 2.080798516119406, 50.827430462310666 ], [ 2.080881671056045, 50.827325689668555 ], [ 2.080811732287317, 50.827095921026149 ], [ 2.080630188037239, 50.827266290359475 ], [ 2.08037674722513, 50.827432405811891 ], [ 2.08003964752663, 50.827500845788457 ], [ 2.079839660923862, 50.827638287342658 ], [ 2.080414329075872, 50.827946426596078 ], [ 2.080457892166375, 50.827912641653143 ], [ 2.080560922682096, 50.827971500595439 ], [ 2.080649506114487, 50.827804716350819 ], [ 2.080638926549169, 50.827700499235966 ], [ 2.080565167731042, 50.82758460143409 ] ] ] ] } },
{ "type": "Feature", "properties": { "fid": 94, "id": 388, "surfacekm": 0.01891, "surfaceha": 1.89065, "Catégorie": "A préserver" }, "geometry": { "type": "MultiPolygon", "coordinates": [ [ [ [ 2.089885633849561, 50.828798282929995 ], [ 2.090215787893226, 50.828845127067353 ], [ 2.090344453966669, 50.828881838036764 ], [ 2.090608380677464, 50.828769675203695 ], [ 2.090648358162424, 50.828768229858305 ], [ 2.09050990076187, 50.8283072645117 ], [ 2.090579128027916, 50.828176519070134 ], [ 2.09068116851614, 50.828079875222777 ], [ 2.090918466997207, 50.827899511847868 ], [ 2.091137179843829, 50.827794287605379 ], [ 2.091502370575188, 50.827050696257409 ], [ 2.091447961958274, 50.827043203796109 ], [ 2.091283875345707, 50.827144765230592 ], [ 2.090333002681675, 50.827569697607039 ], [ 2.088353180039036, 50.82823049030911 ], [ 2.089178333854166, 50.828928843926235 ], [ 2.089457647098567, 50.828803626549217 ], [ 2.089885633849561, 50.828798282929995 ] ] ] ] } },
{ "type": "Feature", "properties": { "fid": 95, "id": 391, "surfacekm": 0.01455, "surfaceha": 1.45533, "Catégorie": "A préserver" }, "geometry": { "type": "MultiPolygon", "coordinates": [ [ [ [ 2.085991244946239, 50.829131612358715 ], [ 2.086272919848516, 50.829345485678473 ], [ 2.086443049735419, 50.829412387182551 ], [ 2.086519447418056, 50.829516117870327 ], [ 2.086750044599774, 50.829638406097956 ], [ 2.087329461166696, 50.829185827145515 ], [ 2.087528089210415, 50.829317185176492 ], [ 2.08862636226981, 50.828605634710094 ], [ 2.088272106179597, 50.828310960386915 ], [ 2.088259885341513, 50.828281355489082 ], [ 2.087453329506091, 50.828192379106653 ], [ 2.085991244946239, 50.829131612358715 ] ] ] ] } },
{ "type": "Feature", "properties": { "fid": 96, "id": 392, "surfacekm": 0.00849, "surfaceha": 0.8489, "Catégorie": "A restaurer" }, "geometry": { "type": "MultiPolygon", "coordinates": [ [ [ [ 2.080823282098244, 50.829625589730028 ], [ 2.080900301852976, 50.829732453151209 ], [ 2.081058295784338, 50.829885481160964 ], [ 2.081521451539846, 50.830008588498806 ], [ 2.081980805909015, 50.830337076827313 ], [ 2.082639798867277, 50.830931556800515 ], [ 2.083184031631049, 50.830774575677559 ], [ 2.08148248276066, 50.829687055820813 ], [ 2.080506640468452, 50.829141273659566 ], [ 2.080191214458193, 50.828694157028522 ], [ 2.080085590403626, 50.828456239319706 ], [ 2.079984217370367, 50.828436676860726 ], [ 2.079824910581389, 50.828625897683146 ], [ 2.080479433639583, 50.829304184678925 ], [ 2.080823282098244, 50.829625589730028 ] ] ] ] } },
{ "type": "Feature", "properties": { "fid": 98, "id": 395, "surfacekm": 0.03919, "surfaceha": 3.91895, "Catégorie": "A préserver" }, "geometry": { "type": "MultiPolygon", "coordinates": [ [ [ [ 2.085201410788498, 50.832150183607745 ], [ 2.085352243860558, 50.832348252456747 ], [ 2.08572794894333, 50.832397921653424 ], [ 2.086150593729655, 50.832651518027042 ], [ 2.086159320099078, 50.833100398375585 ], [ 2.086231281130444, 50.833140705400204 ], [ 2.087529215223108, 50.832484003742259 ], [ 2.087371902466022, 50.832350702016839 ], [ 2.086949212453315, 50.832025943122133 ], [ 2.086820151178742, 50.831626671536519 ], [ 2.084906086193039, 50.830183442455727 ], [ 2.084612469330925, 50.830022950578844 ], [ 2.083444658968834, 50.830784009142604 ], [ 2.085201410788498, 50.832150183607745 ] ] ] ] } },
{ "type": "Feature", "properties": { "fid": 99, "id": 398, "surfacekm": 0.01647, "surfaceha": 1.64711, "Catégorie": "A restaurer" }, "geometry": { "type": "MultiPolygon", "coordinates": [ [ [ [ 2.09425928534302, 50.83552505139189 ], [ 2.094445306658174, 50.835610590569281 ], [ 2.094596738673954, 50.835296718833057 ], [ 2.094525179661987, 50.835211036076068 ], [ 2.096203186339374, 50.8346014660492 ], [ 2.096271428803269, 50.834512635999552 ], [ 2.096230859762495, 50.834399281734193 ], [ 2.096121264245964, 50.834231312671548 ], [ 2.0957468647534, 50.833792818629256 ], [ 2.09526147390506, 50.834208456005207 ], [ 2.094891624231133, 50.834322386325766 ], [ 2.094520912525157, 50.834334354061639 ], [ 2.093398061979365, 50.834840348168285 ], [ 2.093813756039695, 50.835263037582465 ], [ 2.09425928534302, 50.83552505139189 ] ] ] ] } },
{ "type": "Feature", "properties": { "fid": 100, "id": 399, "surfacekm": 0.00209, "surfaceha": 0.20885, "Catégorie": "A restaurer" }, "geometry": { "type": "MultiPolygon", "coordinates": [ [ [ [ 2.089461054906792, 50.835750865194576 ], [ 2.089436700922973, 50.835723042259062 ], [ 2.089371321144845, 50.835653753598514 ], [ 2.088786067219223, 50.835206998535206 ], [ 2.088281122565448, 50.834789598801656 ], [ 2.087825174967288, 50.834245597193743 ], [ 2.087582148769409, 50.834069637553078 ], [ 2.087529763856618, 50.834102229348531 ], [ 2.088251707657247, 50.834921846547594 ], [ 2.089144248371663, 50.835622041707772 ], [ 2.089461054906792, 50.835750865194576 ] ] ] ] } },
{ "type": "Feature", "properties": { "fid": 101, "id": 400, "surfacekm": 0.01266, "surfaceha": 1.2656, "Catégorie": "A restaurer" }, "geometry": { "type": "MultiPolygon", "coordinates": [ [ [ [ 2.094128128734807, 50.836724099208006 ], [ 2.09427612339316, 50.836842464156916 ], [ 2.094283149380498, 50.836782834959955 ], [ 2.094376319300258, 50.836630302732473 ], [ 2.094431943921685, 50.836484282089266 ], [ 2.094420385850062, 50.83634192080293 ], [ 2.094363234152157, 50.836187641906761 ], [ 2.09434008572652, 50.836036404691114 ], [ 2.094396641894181, 50.835717228716703 ], [ 2.09435148667187, 50.835633533792212 ], [ 2.094195484655124, 50.835561874183533 ], [ 2.093751349764155, 50.835298255683753 ], [ 2.093380942768722, 50.834925190968441 ], [ 2.093323155308838, 50.834919306183302 ], [ 2.092990921536217, 50.835267538137316 ], [ 2.092934293121778, 50.835842237765625 ], [ 2.093329105474159, 50.836212381410114 ], [ 2.093921596740178, 50.836573828034616 ], [ 2.094128128734807, 50.836724099208006 ] ] ] ] } },
{ "type": "Feature", "properties": { "fid": 102, "id": 401, "surfacekm": 0.02931, "surfaceha": 2.93081, "Catégorie": "A préserver" }, "geometry": { "type": "MultiPolygon", "coordinates": [ [ [ [ 2.089894281192154, 50.836023166549843 ], [ 2.090015101172016, 50.836161373175436 ], [ 2.090734425371285, 50.836829527901394 ], [ 2.091069638681015, 50.837095022199776 ], [ 2.091275855860846, 50.837074349440833 ], [ 2.091676838859082, 50.837088021359087 ], [ 2.091966396967667, 50.837214100296258 ], [ 2.092124715924776, 50.837310696910265 ], [ 2.092300506956121, 50.837398060682133 ], [ 2.092499709136325, 50.837256572340678 ], [ 2.09222096076814, 50.837046376909143 ], [ 2.092379514498105, 50.83699828926941 ], [ 2.092462158160559, 50.836824002599329 ], [ 2.092547819455803, 50.836755038850761 ], [ 2.093054563953848, 50.836486383297164 ], [ 2.092550698608597, 50.836072067429853 ], [ 2.092479675296835, 50.836033928390577 ], [ 2.092177032191189, 50.835771141483363 ], [ 2.092036436643719, 50.835581550474096 ], [ 2.091748843659563, 50.835307251315697 ], [ 2.091188932559431, 50.835521415545763 ], [ 2.090732734966753, 50.835623351600489 ], [ 2.089748939950801, 50.835561121998495 ], [ 2.089356459725893, 50.835502185360625 ], [ 2.089526697237035, 50.835642240209182 ], [ 2.089815811109324, 50.835911099131252 ], [ 2.089894281192154, 50.836023166549843 ] ] ] ] } },
{ "type": "Feature", "properties": { "fid": 103, "id": 403, "surfacekm": 0.0978, "surfaceha": 9.7797, "Catégorie": "A préserver" }, "geometry": { "type": "MultiPolygon", "coordinates": [ [ [ [ 2.094344974519762, 50.836926220150588 ], [ 2.094126786381937, 50.83705481810334 ], [ 2.093895909752665, 50.837232682058477 ], [ 2.093663215381958, 50.837311839437582 ], [ 2.093889296780469, 50.83758673394221 ], [ 2.094205722961919, 50.837622017256514 ], [ 2.094454783109082, 50.837711853282308 ], [ 2.094597292492744, 50.837809263378261 ], [ 2.094646038961236, 50.837887590994718 ], [ 2.094654183235769, 50.837971623064377 ], [ 2.094590111106724, 50.838084956580097 ], [ 2.095582283005554, 50.838777984550283 ], [ 2.095990986962533, 50.838745098048093 ], [ 2.096242350495852, 50.838911939403218 ], [ 2.096338850526468, 50.839124395119086 ], [ 2.096947436885797, 50.839575647487635 ], [ 2.097173295315996, 50.839609521994184 ], [ 2.097630767231347, 50.839835308513273 ], [ 2.098194857001081, 50.839686271492646 ], [ 2.099375194269612, 50.839320025195654 ], [ 2.10103863593672, 50.839470717638527 ], [ 2.10399685356251, 50.839526826002967 ], [ 2.103974325242771, 50.839041860164926 ], [ 2.103410107008086, 50.838921047364387 ], [ 2.103052397223097, 50.838229520391415 ], [ 2.102929011657415, 50.837810651541112 ], [ 2.10090155113185, 50.837799814745225 ], [ 2.100659915516452, 50.838667816421776 ], [ 2.099615061348423, 50.838912508396135 ], [ 2.097809599040396, 50.838797166058718 ], [ 2.096348747758356, 50.838219141607468 ], [ 2.096141555683178, 50.837840729896598 ], [ 2.095572928074336, 50.837480891072047 ], [ 2.095238244936716, 50.836758560701938 ], [ 2.095139534019733, 50.836300490648249 ], [ 2.09518624227558, 50.835936648592188 ], [ 2.095338549720936, 50.835649802163694 ], [ 2.095705897343382, 50.835305220266861 ], [ 2.096071565302149, 50.835053782205087 ], [ 2.096411419719949, 50.834751323131073 ], [ 2.096350488318195, 50.834574009839187 ], [ 2.096289464388382, 50.834631648657918 ], [ 2.095830516538712, 50.834783534321723 ], [ 2.094899112759287, 50.835126691922042 ], [ 2.09465859053092, 50.835261361075219 ], [ 2.09464148550123, 50.835344696885706 ], [ 2.09445645987095, 50.835704024710203 ], [ 2.094404074991759, 50.835857991227286 ], [ 2.094398498797174, 50.836087636960748 ], [ 2.094489828905228, 50.836364652443017 ], [ 2.094491118555259, 50.836449878052107 ], [ 2.094440242841048, 50.836599328261592 ], [ 2.094293539253609, 50.836876392411973 ], [ 2.094344974519762, 50.836926220150588 ] ] ] ] } },
{ "type": "Feature", "properties": { "fid": 104, "id": 406, "surfacekm": 0.03431, "surfaceha": 3.4314, "Catégorie": "A préserver" }, "geometry": { "type": "MultiPolygon", "coordinates": [ [ [ [ 2.096253963895526, 50.841967194888646 ], [ 2.0956311, 50.841809 ], [ 2.095634160452061, 50.841776249749763 ], [ 2.093986660012801, 50.841287059257567 ], [ 2.094123790376205, 50.841091111629922 ], [ 2.094040936115578, 50.840825790324168 ], [ 2.093849048043888, 50.840699306295939 ], [ 2.093615968137757, 50.840452297825571 ], [ 2.093027669570074, 50.839899661423942 ], [ 2.092675074281453, 50.839589132830007 ], [ 2.092445728488866, 50.839351053724855 ], [ 2.092389961023638, 50.839185052071201 ], [ 2.092303162978896, 50.839146587308598 ], [ 2.092197013011535, 50.839178742095143 ], [ 2.092071615111446, 50.839123253480018 ], [ 2.091916632514124, 50.839185539910865 ], [ 2.091963062855232, 50.839262158602054 ], [ 2.092080422348538, 50.839324499579256 ], [ 2.092001856677174, 50.839362417525393 ], [ 2.09190632066325, 50.839462812610329 ], [ 2.090116877319826, 50.840341174137727 ], [ 2.093914704941159, 50.841463692626846 ], [ 2.096326740871275, 50.842083603163609 ], [ 2.096253963895526, 50.841967194888646 ] ] ] ] } },
{ "type": "Feature", "properties": { "fid": 105, "id": 407, "surfacekm": 0.036, "surfaceha": 3.59985, "Catégorie": "A préserver" }, "geometry": { "type": "MultiPolygon", "coordinates": [ [ [ [ 2.091927279010426, 50.841986505823073 ], [ 2.090772370118961, 50.842350197210131 ], [ 2.091750997378047, 50.843653013096421 ], [ 2.0925416, 50.8432852 ], [ 2.0926897, 50.843594699999983 ], [ 2.0930538, 50.843922 ], [ 2.093128, 50.84403 ], [ 2.0931923, 50.8441564 ], [ 2.0932303, 50.8443358 ], [ 2.0934099, 50.8446929 ], [ 2.0934852, 50.844868900000016 ], [ 2.093554276829967, 50.845090439251386 ], [ 2.093787804445487, 50.845030998377453 ], [ 2.093497554446119, 50.844115369238125 ], [ 2.09397275526594, 50.843979447163001 ], [ 2.093005077979609, 50.842939432065542 ], [ 2.092355011880187, 50.842194401349992 ], [ 2.093555933942737, 50.841632216758676 ], [ 2.090832060328444, 50.840827321842035 ], [ 2.090806853785616, 50.840902568587993 ], [ 2.091927279010426, 50.841986505823073 ] ] ] ] } },
{ "type": "Feature", "properties": { "fid": 106, "id": 409, "surfacekm": 0.01278, "surfaceha": 1.27842, "Catégorie": "A préserver" }, "geometry": { "type": "MultiPolygon", "coordinates": [ [ [ [ 2.09725661980453, 50.849925255305756 ], [ 2.0972874, 50.8494584 ], [ 2.0973294, 50.848933700000011 ], [ 2.097367432324239, 50.848712138247677 ], [ 2.09712213866632, 50.848295179386014 ], [ 2.097118845079271, 50.848238511999739 ], [ 2.096677048784457, 50.848468222434725 ], [ 2.096429395521566, 50.848689058312338 ], [ 2.096219883720348, 50.84894456802332 ], [ 2.096027712282249, 50.84933687930608 ], [ 2.096023858967502, 50.849505019780331 ], [ 2.096068156307861, 50.849683800003078 ], [ 2.096047174381085, 50.849755059879506 ], [ 2.095958368652678, 50.84983801837658 ], [ 2.09725661980453, 50.849925255305756 ] ] ] ] } },
{ "type": "Feature", "properties": { "fid": 108, "id": 471, "surfacekm": 0.03741, "surfaceha": 3.74063, "Catégorie": "A préserver" }, "geometry": { "type": "MultiPolygon", "coordinates": [ [ [ [ 2.111608586017556, 50.831898609673921 ], [ 2.111223745386216, 50.831766168769043 ], [ 2.110138398828215, 50.831504328963128 ], [ 2.109007563308837, 50.831170166624027 ], [ 2.107967397785248, 50.830785394026506 ], [ 2.107359673786326, 50.830582428809855 ], [ 2.105461547448929, 50.830219441116313 ], [ 2.105113509942161, 50.830114724712793 ], [ 2.104071227071046, 50.829915224760512 ], [ 2.103003944811735, 50.829837212549116 ], [ 2.10210741962875, 50.829526891097018 ], [ 2.101777731829611, 50.829885073421245 ], [ 2.102715222733188, 50.830411622210271 ], [ 2.103812825899955, 50.83036022940842 ], [ 2.105215807843171, 50.830429594232669 ], [ 2.1062548751534, 50.830657258705145 ], [ 2.108091013029404, 50.831187065861599 ], [ 2.109579662377762, 50.831705895732973 ], [ 2.111098240113801, 50.832170571167943 ], [ 2.11162514788518, 50.832499695549522 ], [ 2.111849616016339, 50.832662214568451 ], [ 2.112144153982127, 50.83294434370486 ], [ 2.112522165860788, 50.833200609309436 ], [ 2.113260967652062, 50.833407039590242 ], [ 2.113450970876874, 50.833146413617051 ], [ 2.113123386724897, 50.833019572143144 ], [ 2.112898713061972, 50.832909535258992 ], [ 2.112655714525911, 50.832763554985675 ], [ 2.112201258699016, 50.832433799469371 ], [ 2.11184305633015, 50.832053403224847 ], [ 2.111608586017556, 50.831898609673921 ] ] ] ] } },
{ "type": "Feature", "properties": { "fid": 129, "id": 372, "surfacekm": 0.01969, "surfaceha": 1.96924, "Catégorie": "A préserver" }, "geometry": { "type": "MultiPolygon", "coordinates": [ [ [ [ 2.0610682, 50.814305 ], [ 2.0612271, 50.8143832 ], [ 2.0613177, 50.8146218 ], [ 2.061427507055025, 50.814776817622239 ], [ 2.061095351950995, 50.814781501987589 ], [ 2.060679211036056, 50.814657635036369 ], [ 2.060461466526704, 50.814639808540825 ], [ 2.060151195301344, 50.814419635923485 ], [ 2.059487595715606, 50.814481355164872 ], [ 2.059533411179733, 50.814610064374904 ], [ 2.0595822, 50.814606800000014 ], [ 2.0596931, 50.8146084 ], [ 2.0600018, 50.8145557 ], [ 2.0600671, 50.814570400000015 ], [ 2.0602671, 50.8146933 ], [ 2.0602807, 50.8147742 ], [ 2.0603366, 50.8148133 ], [ 2.0605722, 50.8147889 ], [ 2.0607153, 50.8148584 ], [ 2.060938, 50.814909500000013 ], [ 2.0611647, 50.814932 ], [ 2.061265, 50.814989900000015 ], [ 2.0614925, 50.8150283 ], [ 2.061817132026899, 50.816091727524345 ], [ 2.062074608903925, 50.816588283972614 ], [ 2.062157360678722, 50.816656435334139 ], [ 2.062578768905421, 50.816842682101012 ], [ 2.062866607616628, 50.817137130695649 ], [ 2.062941719997705, 50.817147900050323 ], [ 2.063258289659753, 50.817124266100848 ], [ 2.063549852499277, 50.817076677600873 ], [ 2.065350777843945, 50.8176641131666 ], [ 2.065575910079829, 50.817855399560564 ], [ 2.065907245565677, 50.817640331267121 ], [ 2.06590562120493, 50.817639848638933 ], [ 2.066874048499535, 50.816993150531687 ], [ 2.065809488095294, 50.817431206873799 ], [ 2.065594695027532, 50.817368462699022 ], [ 2.065599695035083, 50.817363395098752 ], [ 2.064986808525422, 50.817186162245214 ], [ 2.064087271071843, 50.816841801550588 ], [ 2.063577013848917, 50.816776154277782 ], [ 2.063168633161419, 50.816889846452163 ], [ 2.062840965820811, 50.816721518561849 ], [ 2.062195655725821, 50.816219913073716 ], [ 2.062013771705884, 50.815770024939518 ], [ 2.061902425111147, 50.815212129457855 ], [ 2.061771594277026, 50.814896829304956 ], [ 2.061666544547712, 50.814669345693787 ], [ 2.0613876, 50.8143837 ], [ 2.0611481, 50.8142314 ], [ 2.061030213104416, 50.814054072797163 ], [ 2.061022911383671, 50.814002141849734 ], [ 2.0608875, 50.8139792 ], [ 2.0608804, 50.8141121 ], [ 2.0610682, 50.814305 ] ] ] ] } },
{ "type": "Feature", "properties": { "fid": 130, "id": null, "surfacekm": 0.00516, "surfaceha": 0.51557, "Catégorie": "A restaurer" }, "geometry": { "type": "MultiPolygon", "coordinates": [ [ [ [ 1.9600377, 50.7558366 ], [ 1.9599819, 50.755838 ], [ 1.9599402, 50.7558216 ], [ 1.9597787, 50.7558268 ], [ 1.9594707, 50.7560016 ], [ 1.9594741, 50.7560213 ], [ 1.9595306, 50.7561509 ], [ 1.9596354, 50.7562964 ], [ 1.9595395, 50.756372 ], [ 1.959620803491342, 50.75640903240663 ], [ 1.960430247528074, 50.756465143177735 ], [ 1.961063566665239, 50.756665723060848 ], [ 1.9612724, 50.756531500000015 ], [ 1.9613333, 50.7564567 ], [ 1.9606096, 50.7562944 ], [ 1.9600377, 50.7558366 ] ] ] ] } },
{ "type": "Feature", "properties": { "fid": 132, "id": 380, "surfacekm": 0.0354, "surfaceha": 3.54031, "Catégorie": "A restaurer" }, "geometry": { "type": "MultiPolygon", "coordinates": [ [ [ [ 2.078506020520316, 50.821316733385608 ], [ 2.078264601554935, 50.82158719081027 ], [ 2.078236888658661, 50.821667635201379 ], [ 2.078130825504783, 50.821849903920906 ], [ 2.077903429209357, 50.822028461880279 ], [ 2.077827093331703, 50.822111534139665 ], [ 2.077853874049942, 50.822348174253889 ], [ 2.079030243786944, 50.822742195014762 ], [ 2.079223670142184, 50.822737649918167 ], [ 2.079244826060116, 50.822869234446131 ], [ 2.079064389465253, 50.822936602661251 ], [ 2.079241197162579, 50.823066349980508 ], [ 2.079085860689535, 50.823307149843352 ], [ 2.079577811929639, 50.823481042397916 ], [ 2.07961651047749, 50.823684444274384 ], [ 2.079801763405834, 50.823868018988229 ], [ 2.079619718489989, 50.824278881021577 ], [ 2.079672541591795, 50.824355439481394 ], [ 2.079909698061543, 50.824305067992391 ], [ 2.080073826861356, 50.824331518440559 ], [ 2.080125277408981, 50.824482741516839 ], [ 2.080079091306249, 50.824686263264411 ], [ 2.08020841714601, 50.824737903150037 ], [ 2.079849134231195, 50.824881707867952 ], [ 2.079861297015705, 50.825038160944082 ], [ 2.080111201666778, 50.825227327429317 ], [ 2.080313984903789, 50.825248058076888 ], [ 2.080493522122144, 50.82522996701573 ], [ 2.080790035372853, 50.825111931955661 ], [ 2.080885072692963, 50.825019421024962 ], [ 2.080857154594781, 50.824817456349109 ], [ 2.080678126734539, 50.824686630384981 ], [ 2.08046098539945, 50.82465911753345 ], [ 2.080651023018036, 50.824518636818311 ], [ 2.080705785878173, 50.824297349427695 ], [ 2.081028465697609, 50.823995801463866 ], [ 2.081093932820776, 50.823897619728214 ], [ 2.081337725534705, 50.823590262023188 ], [ 2.081242450099692, 50.823450010866232 ], [ 2.081334304471662, 50.823237994841975 ], [ 2.080933772021778, 50.82298988384256 ], [ 2.080601360423354, 50.822987432577008 ], [ 2.080412157815779, 50.822890452813269 ], [ 2.080107194822885, 50.822677618816314 ], [ 2.079720291558806, 50.822561350145143 ], [ 2.079280365069995, 50.822379627849024 ], [ 2.079196938443455, 50.822300602652881 ], [ 2.079186635583108, 50.822219877319121 ], [ 2.079212512932711, 50.821966919445323 ], [ 2.07915313275393, 50.821798461478423 ], [ 2.07896359744652, 50.821655924906494 ], [ 2.078664211686218, 50.821461050157758 ], [ 2.078506020520316, 50.821316733385608 ] ] ] ] } },
{ "type": "Feature", "properties": { "fid": 133, "id": 114, "surfacekm": 0.07315, "surfaceha": 7.31474, "Catégorie": "A préserver" }, "geometry": { "type": "MultiPolygon", "coordinates": [ [ [ [ 1.896253966312886, 50.784518346375066 ], [ 1.896167256873006, 50.784549855751358 ], [ 1.896078168953971, 50.784597894262063 ], [ 1.895952099808458, 50.784744129181135 ], [ 1.895829307606178, 50.784776344214059 ], [ 1.895364987065179, 50.784847999610982 ], [ 1.89409929425832, 50.784945012559824 ], [ 1.894056259895986, 50.784920574948373 ], [ 1.894099290915072, 50.784794608085129 ], [ 1.893998824080178, 50.784777421408236 ], [ 1.893089164184071, 50.784754182569195 ], [ 1.892220208961851, 50.784690748271522 ], [ 1.891431864577981, 50.784432560372267 ], [ 1.891065204219918, 50.784410344898724 ], [ 1.890956791911121, 50.784372586480906 ], [ 1.890813316895957, 50.784299333084483 ], [ 1.890678834416168, 50.784509864884676 ], [ 1.890612571270107, 50.78459941687187 ], [ 1.8903994107328, 50.784865868279567 ], [ 1.8909939, 50.7850372 ], [ 1.8922998, 50.7854157 ], [ 1.89229751675639, 50.785419767710721 ], [ 1.892551808459632, 50.78549342162097 ], [ 1.892782991458226, 50.785492075560732 ], [ 1.893289374495465, 50.785448947955715 ], [ 1.893551598042672, 50.785481584671352 ], [ 1.894024385627707, 50.78556696437056 ], [ 1.894344036646186, 50.785784134998678 ], [ 1.894614333202443, 50.785840668854149 ], [ 1.89483256414005, 50.785852346530682 ], [ 1.894852675392132, 50.786023431752305 ], [ 1.894647663367031, 50.786107114763645 ], [ 1.89456692664642, 50.786195107716956 ], [ 1.894578846157672, 50.786252491288465 ], [ 1.8947035, 50.786231100000016 ], [ 1.8948503, 50.786209599999978 ], [ 1.894909185452009, 50.78620811990492 ], [ 1.895035052339944, 50.786069813765145 ], [ 1.895291364182396, 50.785946281278427 ], [ 1.895525731661935, 50.785904791835229 ], [ 1.895757941783625, 50.785888059496642 ], [ 1.8958862, 50.7858885 ], [ 1.8959896, 50.7858904 ], [ 1.896219473378845, 50.785909559353257 ], [ 1.896391337971938, 50.785904081744761 ], [ 1.896501806520273, 50.785937354581144 ], [ 1.8965011, 50.7859319 ], [ 1.896666480692245, 50.785986953741762 ], [ 1.896789138810607, 50.785978594018516 ], [ 1.897124885782025, 50.785955710662741 ], [ 1.8971298, 50.785954500000017 ], [ 1.8974599, 50.7859286 ], [ 1.897729107529441, 50.785914526657542 ], [ 1.897753440867713, 50.785912868024255 ], [ 1.8976822, 50.7857273 ], [ 1.897693808715123, 50.785528242051413 ], [ 1.897917942652877, 50.785507602324458 ], [ 1.898713757752591, 50.785556030904388 ], [ 1.899367100226295, 50.785625636495922 ], [ 1.899721224520923, 50.785630964793214 ], [ 1.900291835837567, 50.785526233138874 ], [ 1.900378251316919, 50.785484569657605 ], [ 1.900675210037247, 50.785396416843298 ], [ 1.901032753139161, 50.785317196046961 ], [ 1.901406872725322, 50.785337572000422 ], [ 1.90155250511907, 50.785356940306336 ], [ 1.901578194593234, 50.78519959666874 ], [ 1.901672457823344, 50.785009444678934 ], [ 1.901618122001396, 50.784851299458204 ], [ 1.901565459030381, 50.784756981254347 ], [ 1.901434960511093, 50.784686151835537 ], [ 1.901280497297072, 50.784549517558787 ], [ 1.901231084757395, 50.784376948755487 ], [ 1.901077734209876, 50.784362239972083 ], [ 1.900593637528541, 50.784365520131303 ], [ 1.900575795291444, 50.784488508511821 ], [ 1.900536777583338, 50.784556311687837 ], [ 1.900400438965332, 50.784624370580801 ], [ 1.899598698599641, 50.78481780706722 ], [ 1.898752054057433, 50.785001126402278 ], [ 1.898072330832183, 50.785005944833429 ], [ 1.897844800750199, 50.785034264588887 ], [ 1.89749803181664, 50.785113409066952 ], [ 1.8974792, 50.78510940000001 ], [ 1.897370295471245, 50.78491037106447 ], [ 1.897367404184394, 50.784910584756034 ], [ 1.896860252461326, 50.784955419520919 ], [ 1.896821, 50.7849545 ], [ 1.8967215, 50.7848466 ], [ 1.8966789, 50.78473 ], [ 1.8965771, 50.7845998 ], [ 1.8965649, 50.7844769 ], [ 1.896561634919955, 50.784470923958175 ], [ 1.896550519374169, 50.78447259984209 ], [ 1.896253966312886, 50.784518346375066 ] ] ] ] } },
{ "type": "Feature", "properties": { "fid": 134, "id": 224, "surfacekm": 0.05023, "surfaceha": 5.02263, "Catégorie": "A préserver" }, "geometry": { "type": "MultiPolygon", "coordinates": [ [ [ [ 1.962417663630669, 50.783052705412814 ], [ 1.96214365885501, 50.782644126001735 ], [ 1.961810512046119, 50.78276521213521 ], [ 1.961398443903345, 50.782825297492472 ], [ 1.961002112528454, 50.782850576859687 ], [ 1.960415994741627, 50.782845687856877 ], [ 1.960106357762858, 50.782880490884146 ], [ 1.959659019893356, 50.782892178294162 ], [ 1.959377921107984, 50.782890085458867 ], [ 1.95909846180122, 50.782869979700486 ], [ 1.959069876628385, 50.782929348905313 ], [ 1.959007072034217, 50.782963561675331 ], [ 1.958949180888704, 50.783041249792639 ], [ 1.958644678283387, 50.783241054218479 ], [ 1.958647357659223, 50.783346968830081 ], [ 1.9585979057937, 50.783385631197596 ], [ 1.958543285217681, 50.783406400996164 ], [ 1.958331784832497, 50.783357224158003 ], [ 1.958196446329806, 50.783264915221075 ], [ 1.957864899016402, 50.783298508676651 ], [ 1.957606764426299, 50.78326867425028 ], [ 1.957145558639682, 50.78424460439382 ], [ 1.95765153608356, 50.784413380051753 ], [ 1.95798087559205, 50.784496088378077 ], [ 1.958254799777054, 50.784526489722268 ], [ 1.958655921247591, 50.784526889644098 ], [ 1.95879406375489, 50.78465592163986 ], [ 1.959971023699425, 50.784274167042042 ], [ 1.960034790433637, 50.784221578944361 ], [ 1.960435293142304, 50.78406925374393 ], [ 1.961874522456329, 50.783656073985043 ], [ 1.962317424834853, 50.783569207155111 ], [ 1.962666777880367, 50.783535259501448 ], [ 1.963135854980094, 50.78353266933037 ], [ 1.963167629064543, 50.783100865139637 ], [ 1.963163259518862, 50.783067887667897 ], [ 1.962417663630669, 50.783052705412814 ] ] ] ] } },
{ "type": "Feature", "properties": { "fid": 136, "id": 224, "surfacekm": 0.29716, "surfaceha": 29.71634, "Catégorie": "A préserver" }, "geometry": { "type": "MultiPolygon", "coordinates": [ [ [ [ 1.9602698, 50.7780913 ], [ 1.9601572, 50.7780684 ], [ 1.9599943, 50.7780207 ], [ 1.9598372, 50.777959600000017 ], [ 1.959869, 50.777773 ], [ 1.958954385611267, 50.777628212416936 ], [ 1.958870018719452, 50.777137799971221 ], [ 1.958337843698324, 50.776924445470591 ], [ 1.957745159880429, 50.776947669927345 ], [ 1.957742209781856, 50.777122008676422 ], [ 1.957030479175669, 50.777046683889822 ], [ 1.957087522306021, 50.77730045033352 ], [ 1.956667427665512, 50.777259786021155 ], [ 1.956407070227674, 50.777211547793705 ], [ 1.955873566284186, 50.777177087072452 ], [ 1.955875755089619, 50.777530543253867 ], [ 1.954202289834269, 50.777267903610614 ], [ 1.95411663516651, 50.777320860003996 ], [ 1.954487585238957, 50.777523675080708 ], [ 1.954644198527818, 50.777646434108021 ], [ 1.954708711247255, 50.777813407450537 ], [ 1.954678137206428, 50.77787444820747 ], [ 1.953714823307744, 50.778418878419004 ], [ 1.953872155000649, 50.778490094654344 ], [ 1.954994389919316, 50.778764615716135 ], [ 1.955138509705443, 50.77883763695614 ], [ 1.955214401376793, 50.778841871677251 ], [ 1.955313134269019, 50.778912178248902 ], [ 1.955426316658576, 50.778958564440359 ], [ 1.955628931047573, 50.779001278746335 ], [ 1.955822445185673, 50.778984305371353 ], [ 1.956211380207677, 50.779256725335742 ], [ 1.956326030159249, 50.779318786878449 ], [ 1.956480335998307, 50.779488083277329 ], [ 1.956720490357451, 50.77968475349504 ], [ 1.957181524990449, 50.779689154197563 ], [ 1.957131160316906, 50.779824577259241 ], [ 1.957146328017966, 50.779862934079695 ], [ 1.957458683189886, 50.780073161481511 ], [ 1.958381504657169, 50.780630799792235 ], [ 1.958591008375425, 50.780715556944621 ], [ 1.958803516066833, 50.780741992931219 ], [ 1.958861788551008, 50.780768619894886 ], [ 1.9588877616068, 50.780885228120049 ], [ 1.958967019681189, 50.78091397966827 ], [ 1.959116783821981, 50.780910206494852 ], [ 1.959189999266892, 50.78094090116663 ], [ 1.959298197430482, 50.780941738928341 ], [ 1.959698555986134, 50.780722712322799 ], [ 1.960170937074973, 50.780656839500857 ], [ 1.960691481107059, 50.780661111250033 ], [ 1.961468840278063, 50.780874013998805 ], [ 1.961657063694107, 50.780989288171881 ], [ 1.961683325215853, 50.780988264141364 ], [ 1.961688716284455, 50.781004507770163 ], [ 1.963856542683152, 50.781337669019642 ], [ 1.963839208525075, 50.782991930237074 ], [ 1.963828693507693, 50.78316381543025 ], [ 1.964239514835177, 50.783182720151309 ], [ 1.964362348417542, 50.782902094074345 ], [ 1.964462684890902, 50.782791953985175 ], [ 1.964605885638992, 50.782568127181698 ], [ 1.965102154780809, 50.782161737632023 ], [ 1.96516452013138, 50.782046107467593 ], [ 1.965133224714216, 50.781835213386771 ], [ 1.965185867869097, 50.78156141211619 ], [ 1.965754275364361, 50.781656533827388 ], [ 1.966450581943512, 50.781683302895601 ], [ 1.966594349295461, 50.781434194435846 ], [ 1.967200054752805, 50.781536010252012 ], [ 1.967520360082024, 50.781520340152206 ], [ 1.967957705433531, 50.780605787216494 ], [ 1.968019860698336, 50.780605178678918 ], [ 1.968043755255704, 50.7805613760531 ], [ 1.96815083674012, 50.779452328755966 ], [ 1.968124728577465, 50.779386935402869 ], [ 1.967924050251695, 50.77935741069372 ], [ 1.967697355148294, 50.779293926257452 ], [ 1.967033352317619, 50.779056911145815 ], [ 1.966800585526659, 50.778952446875117 ], [ 1.966503577685698, 50.778774994263976 ], [ 1.965926984849068, 50.778572260768598 ], [ 1.965706571991942, 50.778478842711927 ], [ 1.96534388841918, 50.778283430288262 ], [ 1.96518759566054, 50.778250051398096 ], [ 1.965200898365297, 50.778234844871804 ], [ 1.965113273268195, 50.778196573326497 ], [ 1.965052937933343, 50.778180618170119 ], [ 1.964802340077603, 50.778162284324864 ], [ 1.964102541482064, 50.777985635827172 ], [ 1.963969564948673, 50.77797237614395 ], [ 1.963852173746761, 50.778169576550937 ], [ 1.963524314310975, 50.778463004350122 ], [ 1.96264300154719, 50.77812598750522 ], [ 1.962048663191101, 50.779369652563474 ], [ 1.961405905093817, 50.779215910433926 ], [ 1.961790619065221, 50.778398189480384 ], [ 1.9606312, 50.7781826 ], [ 1.9602698, 50.7780913 ] ] ] ] } },
{ "type": "Feature", "properties": { "fid": 140, "id": 106, "surfacekm": 0.00207, "surfaceha": 0.20672, "Catégorie": "A préserver" }, "geometry": { "type": "MultiPolygon", "coordinates": [ [ [ [ 1.90680787963415, 50.777432834000422 ], [ 1.907463356568178, 50.777520485948138 ], [ 1.907682804961085, 50.777611623050575 ], [ 1.907847187173896, 50.777770348475876 ], [ 1.908022611372529, 50.777762336892764 ], [ 1.907505807974448, 50.777241293579877 ], [ 1.907243956243001, 50.777151454083821 ], [ 1.90712768994001, 50.777258679388304 ], [ 1.906853365252001, 50.777243780978374 ], [ 1.906851952285562, 50.777351224279251 ], [ 1.90680787963415, 50.777432834000422 ] ] ] ] } },
{ "type": "Feature", "properties": { "fid": 141, "id": 211, "surfacekm": 0.0491, "surfaceha": 4.91046, "Catégorie": "A préserver" }, "geometry": { "type": "MultiPolygon", "coordinates": [ [ [ [ 1.944771726819579, 50.757071491412539 ], [ 1.942476739698191, 50.7572726281863 ], [ 1.942322035285859, 50.757358269551787 ], [ 1.942796463612892, 50.757742349551087 ], [ 1.943090362362873, 50.75798933341985 ], [ 1.944698537654177, 50.758532334811299 ], [ 1.94473710333298, 50.758543842275245 ], [ 1.9447778, 50.7584907 ], [ 1.9448722, 50.7583893 ], [ 1.945014567798858, 50.758379086881376 ], [ 1.945075823546805, 50.758358967207556 ], [ 1.945141001331391, 50.758354135510338 ], [ 1.945237126802169, 50.75835764206775 ], [ 1.94570074530879, 50.758309523906135 ], [ 1.945902294795831, 50.758278029228052 ], [ 1.946088247423159, 50.758248196853373 ], [ 1.946178273607343, 50.758244191099294 ], [ 1.94638493881566, 50.758329403764364 ], [ 1.946412889623047, 50.758340931010302 ], [ 1.946431200514346, 50.758354294018403 ], [ 1.946466052039372, 50.75837881714714 ], [ 1.9465377, 50.758448799999989 ], [ 1.945129954165087, 50.759029762228444 ], [ 1.94560310773039, 50.759378737283981 ], [ 1.945804198052967, 50.759375688901152 ], [ 1.946345936996282, 50.76006073407958 ], [ 1.946581949472315, 50.759998985299198 ], [ 1.947023554178665, 50.759918701384457 ], [ 1.947880813999338, 50.759705323879714 ], [ 1.947973241277476, 50.759512477216923 ], [ 1.94690589051448, 50.758556290497538 ], [ 1.946532821010679, 50.758249538930762 ], [ 1.946106574181316, 50.757720707402832 ], [ 1.946143588604315, 50.7576517173976 ], [ 1.94553315358365, 50.757273020307778 ], [ 1.945464898145798, 50.757288632899076 ], [ 1.945073956667422, 50.757184772305486 ], [ 1.944771726819579, 50.757071491412539 ] ] ] ] } },
{ "type": "Feature", "properties": { "fid": 142, "id": 95, "surfacekm": 0.01002, "surfaceha": 1.00217, "Catégorie": "A préserver" }, "geometry": { "type": "MultiPolygon", "coordinates": [ [ [ [ 1.9301764, 50.7366262 ], [ 1.930977081437485, 50.736215783267667 ], [ 1.930825300272851, 50.736118545946368 ], [ 1.930662115946383, 50.736092857354421 ], [ 1.930404749748343, 50.735933727706708 ], [ 1.929835867210368, 50.736255801872773 ], [ 1.928890917844906, 50.735564834610919 ], [ 1.928449523373468, 50.735828083849192 ], [ 1.929316063685793, 50.736402806160854 ], [ 1.929107199396503, 50.736513064260556 ], [ 1.929485906456714, 50.736890461049121 ], [ 1.929801656737824, 50.73681148861403 ], [ 1.930221051824409, 50.736668421308096 ], [ 1.9301764, 50.7366262 ] ] ] ] } },
{ "type": "Feature", "properties": { "fid": 143, "id": 95, "surfacekm": 0.05471, "surfaceha": 5.47122, "Catégorie": "A préserver" }, "geometry": { "type": "MultiPolygon", "coordinates": [ [ [ [ 1.933188048972827, 50.738459961489554 ], [ 1.933264395573132, 50.738504837190774 ], [ 1.934433015699478, 50.737696231975406 ], [ 1.934966367679945, 50.737328924065501 ], [ 1.934968025515689, 50.737250994157868 ], [ 1.934921897243309, 50.736950436590881 ], [ 1.934826274407925, 50.736424369189081 ], [ 1.934502333145149, 50.735964144572272 ], [ 1.934174072130122, 50.735707187173318 ], [ 1.933982331420863, 50.735307382946175 ], [ 1.932638972933753, 50.734698957444927 ], [ 1.932513424167829, 50.734831664766602 ], [ 1.932320533656363, 50.734923608781017 ], [ 1.932347940385347, 50.735793482677664 ], [ 1.932033836781443, 50.735601386036961 ], [ 1.931270046574469, 50.736086638399094 ], [ 1.931754507157852, 50.736424402615903 ], [ 1.9321458, 50.7367786 ], [ 1.9322076, 50.7368117 ], [ 1.932364114469816, 50.736883719788686 ], [ 1.932543851875228, 50.736943594699689 ], [ 1.932653, 50.7369875 ], [ 1.9326947, 50.7370164 ], [ 1.9327177, 50.7370484 ], [ 1.932777663598475, 50.73719920414073 ], [ 1.932936968729849, 50.737604537276077 ], [ 1.9329903, 50.7377369 ], [ 1.9330683, 50.737879499999984 ], [ 1.9331075, 50.7379688 ], [ 1.9331542, 50.738054500000011 ], [ 1.9331706, 50.7381094 ], [ 1.9331917, 50.7382182 ], [ 1.933188048972827, 50.738459961489554 ] ] ] ] } },
{ "type": "Feature", "properties": { "fid": 144, "id": 284, "surfacekm": 0.00088, "surfaceha": 0.08846, "Catégorie": "A préserver" }, "geometry": { "type": "MultiPolygon", "coordinates": [ [ [ [ 1.976457189173864, 50.763390965796333 ], [ 1.976293589832798, 50.763435731399056 ], [ 1.976375528599244, 50.763770129173764 ], [ 1.976520963254155, 50.763840936003511 ], [ 1.976717089235745, 50.763721752428324 ], [ 1.97663706140108, 50.76353068767213 ], [ 1.976511686514545, 50.763505088368483 ], [ 1.976457189173864, 50.763390965796333 ] ] ] ] } },
{ "type": "Feature", "properties": { "fid": 145, "id": 95, "surfacekm": 0.17974, "surfaceha": 17.97401, "Catégorie": "A préserver" }, "geometry": { "type": "MultiPolygon", "coordinates": [ [ [ [ 1.93377976992787, 50.739015260952328 ], [ 1.933481096556886, 50.738885866802875 ], [ 1.933384756786458, 50.738828260175623 ], [ 1.9331915, 50.7386219 ], [ 1.9331278, 50.738628299999988 ], [ 1.932350478968027, 50.739148473208886 ], [ 1.932350445868889, 50.739147554696885 ], [ 1.931156665111024, 50.738172228238646 ], [ 1.9313014, 50.7380133 ], [ 1.9312655, 50.7379488 ], [ 1.9312694, 50.7379376 ], [ 1.9313061, 50.7379189 ], [ 1.931389267690088, 50.737889143716821 ], [ 1.9314724, 50.7378594 ], [ 1.9315187, 50.7378385 ], [ 1.931633, 50.737811 ], [ 1.931684, 50.7377685 ], [ 1.9316332, 50.7376407 ], [ 1.9316501, 50.7376139 ], [ 1.9316318, 50.7375939 ], [ 1.9314211, 50.737524099999987 ], [ 1.9311377, 50.737634300000011 ], [ 1.930810112864173, 50.73729146715926 ], [ 1.930223982002417, 50.737518186213599 ], [ 1.928791740040776, 50.738021563415778 ], [ 1.928710560228834, 50.737923779530711 ], [ 1.928478796129623, 50.73772490983999 ], [ 1.9273969, 50.7380846 ], [ 1.9270849, 50.7379254 ], [ 1.927038497711952, 50.737913795502585 ], [ 1.926964052806346, 50.737915067993676 ], [ 1.926692656939702, 50.738045943843723 ], [ 1.926063197964309, 50.73776300048155 ], [ 1.9265183, 50.7374316 ], [ 1.9268028, 50.7372626 ], [ 1.9270635, 50.7373113 ], [ 1.927200285224097, 50.737250635000592 ], [ 1.926396985212643, 50.736800682926251 ], [ 1.926353678106151, 50.736718078362109 ], [ 1.926218092476456, 50.736645374392594 ], [ 1.925979412817303, 50.736562263973376 ], [ 1.925700121714034, 50.736626580443549 ], [ 1.925237128725092, 50.736414053806364 ], [ 1.924623606685699, 50.736035718504738 ], [ 1.924376368198933, 50.736176561217505 ], [ 1.923324681205691, 50.735738459096162 ], [ 1.922809352234254, 50.736033261595352 ], [ 1.923968628851005, 50.736638136360867 ], [ 1.925002982855862, 50.73695200409135 ], [ 1.924576583804717, 50.737232124425063 ], [ 1.926389671169939, 50.738261349207491 ], [ 1.9267134, 50.7381027 ], [ 1.927017321006992, 50.737957652549447 ], [ 1.92708615297623, 50.73798950914 ], [ 1.927323712295285, 50.738119827196691 ], [ 1.927424971922846, 50.73818132514689 ], [ 1.927970696636231, 50.738432357186632 ], [ 1.928076184322915, 50.738484318625538 ], [ 1.928133027435807, 50.738553729352489 ], [ 1.928134920003846, 50.738653298261852 ], [ 1.928169506455116, 50.738728898799351 ], [ 1.928204011118805, 50.73880832755836 ], [ 1.928294698256168, 50.738910056656508 ], [ 1.927630020633803, 50.739314103428335 ], [ 1.9269279, 50.7397409 ], [ 1.926837, 50.7397543 ], [ 1.9267938, 50.7397623 ], [ 1.9267483, 50.7397619 ], [ 1.9267152, 50.7397556 ], [ 1.9265462, 50.73970760000001 ], [ 1.9264805, 50.739688 ], [ 1.9262747, 50.7396269 ], [ 1.926197679357157, 50.73958832966099 ], [ 1.925889108979308, 50.739809034790056 ], [ 1.925287449058555, 50.739750244124828 ], [ 1.925225222346798, 50.740022680907558 ], [ 1.925214600659975, 50.740299004081656 ], [ 1.92492240949126, 50.74033154773651 ], [ 1.924423094683261, 50.740596693267563 ], [ 1.923797268482613, 50.740765281516246 ], [ 1.923370886649288, 50.740805727404918 ], [ 1.923015005159061, 50.740910971334898 ], [ 1.92271054980613, 50.740892861067337 ], [ 1.922406094673292, 50.740874750054395 ], [ 1.922212694656975, 50.740795701032212 ], [ 1.922073452181535, 50.740697832733616 ], [ 1.921298820044748, 50.740042875902503 ], [ 1.9211882, 50.7399347 ], [ 1.9207606, 50.7395846 ], [ 1.92045812599199, 50.739297963239366 ], [ 1.9201647, 50.7390027 ], [ 1.920136, 50.7390194 ], [ 1.9197266, 50.7386536 ], [ 1.9192314, 50.7383635 ], [ 1.9189646, 50.7384584 ], [ 1.9191064, 50.738631300000016 ], [ 1.9193852, 50.738891 ], [ 1.9195677, 50.7389653 ], [ 1.9197365, 50.739058 ], [ 1.9198799, 50.7391594 ], [ 1.920182, 50.7394311 ], [ 1.919917694284931, 50.739628126675186 ], [ 1.920606435466341, 50.740260972192644 ], [ 1.920212606418442, 50.740541842667284 ], [ 1.921274265433248, 50.741130267715619 ], [ 1.92190129489139, 50.74140564142396 ], [ 1.922181551258013, 50.741303222911334 ], [ 1.922558350040665, 50.741434524601566 ], [ 1.922593462991182, 50.741414671123962 ], [ 1.922651300769132, 50.741466917897093 ], [ 1.92284604562041, 50.741534782682976 ], [ 1.923506000314296, 50.74207263061485 ], [ 1.923916289270176, 50.74181647078224 ], [ 1.924184488589339, 50.741613586963695 ], [ 1.924212438985619, 50.741632704986472 ], [ 1.924227518510163, 50.741623652119479 ], [ 1.92477330470506, 50.741918527947817 ], [ 1.925464430222338, 50.741501272322608 ], [ 1.926795146576626, 50.741252682248728 ], [ 1.927544249729954, 50.740857911450895 ], [ 1.92759985585725, 50.7409078889306 ], [ 1.92784087285801, 50.740805063405823 ], [ 1.928121046782681, 50.740637637757573 ], [ 1.928577627253568, 50.740792761845945 ], [ 1.929738203815918, 50.740183973302095 ], [ 1.929946179842101, 50.739763374729563 ], [ 1.930541149261148, 50.739370334794053 ], [ 1.93077131504504, 50.739297196139098 ], [ 1.931188543541728, 50.73921841945446 ], [ 1.932067941725344, 50.739300371100889 ], [ 1.932752270993706, 50.739527403197492 ], [ 1.9330625214966, 50.739384258750945 ], [ 1.933157188316958, 50.739366336111232 ], [ 1.933400872576312, 50.739280584578836 ], [ 1.93377976992787, 50.739015260952328 ] ] ] ] } },
{ "type": "Feature", "properties": { "fid": 146, "id": 104, "surfacekm": 0.09857, "surfaceha": 9.85694, "Catégorie": "A préserver" }, "geometry": { "type": "MultiPolygon", "coordinates": [ [ [ [ 1.924639527185915, 50.777470458124526 ], [ 1.925157855387914, 50.777886823671423 ], [ 1.926221277094342, 50.777860998058472 ], [ 1.926584521587391, 50.777868703096821 ], [ 1.926510682990139, 50.777616251224927 ], [ 1.926527022240824, 50.777604253434845 ], [ 1.926457972892331, 50.777194461439763 ], [ 1.926454068227529, 50.777051028443857 ], [ 1.926546536426273, 50.777002106894997 ], [ 1.9265296225702, 50.776829860859358 ], [ 1.926928664692237, 50.776506942494876 ], [ 1.927050190343895, 50.776369118166606 ], [ 1.926937092673657, 50.776278816187265 ], [ 1.926905731873168, 50.776274668499937 ], [ 1.92658827160801, 50.776079249326862 ], [ 1.926165099926741, 50.775926869843872 ], [ 1.926070820655743, 50.775705226143636 ], [ 1.925801485424168, 50.775495347238504 ], [ 1.925433044672751, 50.77542906742476 ], [ 1.925158881029122, 50.775347480676814 ], [ 1.92511511040415, 50.775366651239011 ], [ 1.924884100959796, 50.775221523638514 ], [ 1.923754754016694, 50.773927288911871 ], [ 1.923356776861953, 50.773419124876078 ], [ 1.923589490045307, 50.773284458752201 ], [ 1.923568471131859, 50.773164769400516 ], [ 1.923164500974613, 50.77261194570864 ], [ 1.922963785777469, 50.772397730778252 ], [ 1.922810941974739, 50.772355880141987 ], [ 1.922629232397131, 50.772443105904948 ], [ 1.922435062176342, 50.772602985833316 ], [ 1.922148678622617, 50.772519328634367 ], [ 1.921763898931107, 50.77228413548135 ], [ 1.921618393421217, 50.772220727417718 ], [ 1.920767238963183, 50.771741172393632 ], [ 1.919770848183364, 50.771429957151817 ], [ 1.919457026636477, 50.771888427819192 ], [ 1.919366469227468, 50.771972060588659 ], [ 1.919171240178405, 50.772080769081271 ], [ 1.918899564518924, 50.772171369540942 ], [ 1.919435595052202, 50.772347734511939 ], [ 1.919800922517691, 50.772496733710071 ], [ 1.920077760026688, 50.772708983239433 ], [ 1.920458753980547, 50.773084641678729 ], [ 1.9209875, 50.77372290000001 ], [ 1.9211625, 50.77379650000001 ], [ 1.9216821, 50.7740023 ], [ 1.921973961076926, 50.774116809054128 ], [ 1.923145182597204, 50.774642235771189 ], [ 1.923791184688668, 50.774895960237032 ], [ 1.924028933963221, 50.775196795990993 ], [ 1.92394146700957, 50.77528037598961 ], [ 1.924027289812268, 50.77538449979653 ], [ 1.92418408175764, 50.775462411757154 ], [ 1.924439972548091, 50.775488537933462 ], [ 1.924692941385956, 50.775648518335863 ], [ 1.924837393925886, 50.775946269547681 ], [ 1.924871906043685, 50.776094777731231 ], [ 1.924612025910066, 50.776251657462332 ], [ 1.924321645854773, 50.776532900676287 ], [ 1.923971672770231, 50.776927762140851 ], [ 1.924912100834638, 50.777325699688411 ], [ 1.924791352391804, 50.777391756941157 ], [ 1.924639527185915, 50.777470458124526 ] ], [ [ 1.926939825232107, 50.776289678498905 ], [ 1.926933918626167, 50.776296260699212 ], [ 1.926910471579613, 50.776281539773926 ], [ 1.926939825232107, 50.776289678498905 ] ] ] ] } }
]
}
